solid ASCII
  facet normal 0.000000e+00 -1.000000e+00 0.000000e+00
    outer loop
      vertex   -1.706920e+02 9.484950e+01 5.684717e+02
      vertex   -1.705962e+02 9.484950e+01 5.680518e+02
      vertex   -1.707421e+02 9.484950e+01 5.688994e+02
    endloop
  endfacet
  facet normal 0.000000e+00 -1.000000e+00 0.000000e+00
    outer loop
      vertex   -1.707421e+02 9.484950e+01 5.688994e+02
      vertex   -1.705962e+02 9.484950e+01 5.680518e+02
      vertex   -1.707500e+02 9.484950e+01 6.029005e+02
    endloop
  endfacet
  facet normal 0.000000e+00 -1.000000e+00 0.000000e+00
    outer loop
      vertex   -1.707500e+02 9.484950e+01 6.029005e+02
      vertex   -1.705962e+02 9.484950e+01 5.680518e+02
      vertex   -1.704558e+02 9.484950e+01 5.676446e+02
    endloop
  endfacet
  facet normal 0.000000e+00 -1.000000e+00 0.000000e+00
    outer loop
      vertex   -1.707500e+02 9.484950e+01 6.029005e+02
      vertex   -1.704558e+02 9.484950e+01 5.676446e+02
      vertex   -1.702725e+02 9.484950e+01 5.672549e+02
    endloop
  endfacet
  facet normal 0.000000e+00 -1.000000e+00 0.000000e+00
    outer loop
      vertex   -1.702725e+02 9.484950e+01 5.672549e+02
      vertex   -1.700483e+02 9.484950e+01 5.668872e+02
      vertex   -1.707500e+02 9.484950e+01 6.029005e+02
    endloop
  endfacet
  facet normal 0.000000e+00 -1.000000e+00 0.000000e+00
    outer loop
      vertex   -1.707500e+02 9.484950e+01 6.029005e+02
      vertex   -1.700483e+02 9.484950e+01 5.668872e+02
      vertex   -1.697859e+02 9.484950e+01 5.665457e+02
    endloop
  endfacet
  facet normal 0.000000e+00 -1.000000e+00 0.000000e+00
    outer loop
      vertex   -1.707500e+02 9.484950e+01 6.029005e+02
      vertex   -1.697859e+02 9.484950e+01 5.665457e+02
      vertex   -1.694883e+02 9.484950e+01 5.662344e+02
    endloop
  endfacet
  facet normal 0.000000e+00 -1.000000e+00 0.000000e+00
    outer loop
      vertex   -1.694883e+02 9.484950e+01 5.662344e+02
      vertex   -1.691590e+02 9.484950e+01 5.659569e+02
      vertex   -1.707500e+02 9.484950e+01 6.029005e+02
    endloop
  endfacet
  facet normal 0.000000e+00 -1.000000e+00 0.000000e+00
    outer loop
      vertex   -1.707500e+02 9.484950e+01 6.029005e+02
      vertex   -1.691590e+02 9.484950e+01 5.659569e+02
      vertex   -1.707270e+02 9.484950e+01 6.105066e+02
    endloop
  endfacet
  facet normal 0.000000e+00 -1.000000e+00 0.000000e+00
    outer loop
      vertex   -1.707270e+02 9.484950e+01 6.105066e+02
      vertex   -1.691590e+02 9.484950e+01 5.659569e+02
      vertex   -1.688017e+02 9.484950e+01 5.657164e+02
    endloop
  endfacet
  facet normal 0.000000e+00 -1.000000e+00 0.000000e+00
    outer loop
      vertex   -1.707270e+02 9.484950e+01 6.105066e+02
      vertex   -1.688017e+02 9.484950e+01 5.657164e+02
      vertex   -1.687796e+02 9.484950e+01 6.480968e+02
    endloop
  endfacet
  facet normal 0.000000e+00 -1.000000e+00 -0.000000e+00
    outer loop
      vertex   -1.687796e+02 9.484950e+01 6.480968e+02
      vertex   -1.688017e+02 9.484950e+01 5.657164e+02
      vertex   -1.687780e+02 9.484950e+01 6.480977e+02
    endloop
  endfacet
  facet normal 0.000000e+00 -1.000000e+00 -0.000000e+00
    outer loop
      vertex   -1.687780e+02 9.484950e+01 6.480977e+02
      vertex   -1.688017e+02 9.484950e+01 5.657164e+02
      vertex   -1.684207e+02 9.484950e+01 5.655157e+02
    endloop
  endfacet
  facet normal 0.000000e+00 -1.000000e+00 0.000000e+00
    outer loop
      vertex   -1.687780e+02 9.484950e+01 6.480977e+02
      vertex   -1.684207e+02 9.484950e+01 5.655157e+02
      vertex   -1.680723e+02 9.484950e+01 6.484251e+02
    endloop
  endfacet
  facet normal 0.000000e+00 -1.000000e+00 -0.000000e+00
    outer loop
      vertex   -1.680723e+02 9.484950e+01 6.484251e+02
      vertex   -1.684207e+02 9.484950e+01 5.655157e+02
      vertex   -1.680202e+02 9.484950e+01 5.653571e+02
    endloop
  endfacet
  facet normal 0.000000e+00 -1.000000e+00 0.000000e+00
    outer loop
      vertex   -1.680723e+02 9.484950e+01 6.484251e+02
      vertex   -1.680202e+02 9.484950e+01 5.653571e+02
      vertex   -1.680711e+02 9.484950e+01 6.484255e+02
    endloop
  endfacet
  facet normal 0.000000e+00 -1.000000e+00 0.000000e+00
    outer loop
      vertex   -1.680711e+02 9.484950e+01 6.484255e+02
      vertex   -1.680202e+02 9.484950e+01 5.653571e+02
      vertex   -1.676051e+02 9.484950e+01 5.652425e+02
    endloop
  endfacet
  facet normal 0.000000e+00 -1.000000e+00 0.000000e+00
    outer loop
      vertex   -1.680711e+02 9.484950e+01 6.484255e+02
      vertex   -1.676051e+02 9.484950e+01 5.652425e+02
      vertex   -1.675433e+02 9.484950e+01 6.485706e+02
    endloop
  endfacet
  facet normal 0.000000e+00 -1.000000e+00 -0.000000e+00
    outer loop
      vertex   -1.675433e+02 9.484950e+01 6.485706e+02
      vertex   -1.676051e+02 9.484950e+01 5.652425e+02
      vertex   -1.671800e+02 9.484950e+01 5.651732e+02
    endloop
  endfacet
  facet normal 0.000000e+00 -1.000000e+00 0.000000e+00
    outer loop
      vertex   -1.675433e+02 9.484950e+01 6.485706e+02
      vertex   -1.671800e+02 9.484950e+01 5.651732e+02
      vertex   -1.670006e+02 9.484950e+01 6.486421e+02
    endloop
  endfacet
  facet normal 0.000000e+00 -1.000000e+00 -0.000000e+00
    outer loop
      vertex   -1.670006e+02 9.484950e+01 6.486421e+02
      vertex   -1.671800e+02 9.484950e+01 5.651732e+02
      vertex   -1.667500e+02 9.484950e+01 5.651500e+02
    endloop
  endfacet
  facet normal 1.569569e-05 -1.000000e+00 4.711265e-08
    outer loop
      vertex   -1.670006e+02 9.484950e+01 6.486421e+02
      vertex   -1.667500e+02 9.484950e+01 5.651500e+02
      vertex   -1.667500e+02 9.484950e+01 6.486500e+02
    endloop
  endfacet
  facet normal 0.000000e+00 -1.000000e+00 0.000000e+00
    outer loop
      vertex   -1.687796e+02 9.484950e+01 6.480968e+02
      vertex   -1.694088e+02 9.484950e+01 6.476383e+02
      vertex   -1.707270e+02 9.484950e+01 6.105066e+02
    endloop
  endfacet
  facet normal 0.000000e+00 -1.000000e+00 0.000000e+00
    outer loop
      vertex   -1.707270e+02 9.484950e+01 6.105066e+02
      vertex   -1.694088e+02 9.484950e+01 6.476383e+02
      vertex   -1.694103e+02 9.484950e+01 6.476370e+02
    endloop
  endfacet
  facet normal 0.000000e+00 -1.000000e+00 0.000000e+00
    outer loop
      vertex   -1.707270e+02 9.484950e+01 6.105066e+02
      vertex   -1.694103e+02 9.484950e+01 6.476370e+02
      vertex   -1.699387e+02 9.484950e+01 6.470648e+02
    endloop
  endfacet
  facet normal 0.000000e+00 -1.000000e+00 0.000000e+00
    outer loop
      vertex   -1.699387e+02 9.484950e+01 6.470648e+02
      vertex   -1.699399e+02 9.484950e+01 6.470634e+02
      vertex   -1.707270e+02 9.484950e+01 6.105066e+02
    endloop
  endfacet
  facet normal 0.000000e+00 -1.000000e+00 0.000000e+00
    outer loop
      vertex   -1.707270e+02 9.484950e+01 6.105066e+02
      vertex   -1.699399e+02 9.484950e+01 6.470634e+02
      vertex   -1.703469e+02 9.484950e+01 6.463997e+02
    endloop
  endfacet
  facet normal -1.450072e-04 -1.000000e+00 1.535609e-06
    outer loop
      vertex   -1.707270e+02 9.484950e+01 6.105066e+02
      vertex   -1.703469e+02 9.484950e+01 6.463997e+02
      vertex   -1.707500e+02 9.484950e+01 6.108995e+02
    endloop
  endfacet
  facet normal 2.118148e-07 -1.000000e+00 -1.132187e-07
    outer loop
      vertex   -1.707500e+02 9.484950e+01 6.108995e+02
      vertex   -1.703469e+02 9.484950e+01 6.463997e+02
      vertex   -1.703477e+02 9.484950e+01 6.463983e+02
    endloop
  endfacet
  facet normal 3.085089e-07 -1.000000e+00 -1.143146e-07
    outer loop
      vertex   -1.707500e+02 9.484950e+01 6.108995e+02
      vertex   -1.703477e+02 9.484950e+01 6.463983e+02
      vertex   -1.706183e+02 9.484950e+01 6.456679e+02
    endloop
  endfacet
  facet normal 1.208388e-04 -1.000000e+00 -1.949859e-05
    outer loop
      vertex   -1.707422e+02 9.484950e+01 6.449004e+02
      vertex   -1.707500e+02 9.484950e+01 6.446500e+02
      vertex   -1.706183e+02 9.484950e+01 6.456679e+02
    endloop
  endfacet
  facet normal -2.987219e-05 -1.000000e+00 0.000000e+00
    outer loop
      vertex   -1.706183e+02 9.484950e+01 6.456679e+02
      vertex   -1.707500e+02 9.484950e+01 6.446500e+02
      vertex   -1.707500e+02 9.484950e+01 6.108995e+02
    endloop
  endfacet
  facet normal -9.982960e-01 -0.000000e+00 -5.835293e-02
    outer loop
      vertex   -1.707500e+02 1.770500e+02 6.108995e+02
      vertex   -1.707270e+02 1.770500e+02 6.105066e+02
      vertex   -1.707500e+02 1.398495e+02 6.108995e+02
    endloop
  endfacet
  facet normal -9.982960e-01 0.000000e+00 -5.835293e-02
    outer loop
      vertex   -1.707500e+02 1.398495e+02 6.108995e+02
      vertex   -1.707270e+02 1.770500e+02 6.105066e+02
      vertex   -1.707270e+02 9.484950e+01 6.105066e+02
    endloop
  endfacet
  facet normal -9.982960e-01 -0.000000e+00 -5.835293e-02
    outer loop
      vertex   -1.707500e+02 1.398495e+02 6.108995e+02
      vertex   -1.707270e+02 9.484950e+01 6.105066e+02
      vertex   -1.707500e+02 1.298495e+02 6.108995e+02
    endloop
  endfacet
  facet normal -9.982960e-01 -0.000000e+00 -5.835293e-02
    outer loop
      vertex   -1.707500e+02 1.298495e+02 6.108995e+02
      vertex   -1.707270e+02 9.484950e+01 6.105066e+02
      vertex   -1.707500e+02 9.484950e+01 6.108995e+02
    endloop
  endfacet
  facet normal -9.999954e-01 0.000000e+00 3.019671e-03
    outer loop
      vertex   -1.707270e+02 1.770500e+02 6.105066e+02
      vertex   -1.707500e+02 1.770500e+02 6.029005e+02
      vertex   -1.707270e+02 9.484950e+01 6.105066e+02
    endloop
  endfacet
  facet normal -9.999954e-01 0.000000e+00 3.019671e-03
    outer loop
      vertex   -1.707270e+02 9.484950e+01 6.105066e+02
      vertex   -1.707500e+02 1.770500e+02 6.029005e+02
      vertex   -1.707500e+02 9.484950e+01 6.029005e+02
    endloop
  endfacet
  facet normal -1.000000e+00 -0.000000e+00 -2.315062e-04
    outer loop
      vertex   -1.707500e+02 1.770500e+02 6.029005e+02
      vertex   -1.707422e+02 1.770500e+02 5.690544e+02
      vertex   -1.707500e+02 9.484950e+01 6.029005e+02
    endloop
  endfacet
  facet normal -1.000000e+00 -1.003603e-16 -2.315062e-04
    outer loop
      vertex   -1.707500e+02 9.484950e+01 6.029005e+02
      vertex   -1.707422e+02 1.770500e+02 5.690544e+02
      vertex   -1.707421e+02 9.484950e+01 5.688994e+02
    endloop
  endfacet
  facet normal -1.000000e+00 0.000000e+00 -2.315062e-04
    outer loop
      vertex   -1.707421e+02 9.484950e+01 5.688994e+02
      vertex   -1.707422e+02 1.770500e+02 5.690544e+02
      vertex   -1.707421e+02 1.770505e+02 5.688994e+02
    endloop
  endfacet
  facet normal -1.000000e+00 1.716089e-11 -2.315062e-04
    outer loop
      vertex   -1.707421e+02 1.770505e+02 5.688994e+02
      vertex   -1.707422e+02 1.770500e+02 5.690544e+02
      vertex   -1.707422e+02 1.770505e+02 5.690544e+02
    endloop
  endfacet
  facet normal -9.819595e-01 -2.078624e-06 -1.890913e-01
    outer loop
      vertex   -1.706730e+02 1.770505e+02 5.683689e+02
      vertex   -1.706730e+02 1.770500e+02 5.683689e+02
      vertex   -1.706826e+02 1.770505e+02 5.684188e+02
    endloop
  endfacet
  facet normal -9.819597e-01 -7.679451e-05 -1.890905e-01
    outer loop
      vertex   -1.706826e+02 1.770505e+02 5.684188e+02
      vertex   -1.706730e+02 1.770500e+02 5.683689e+02
      vertex   -1.706920e+02 1.679171e+02 5.684717e+02
    endloop
  endfacet
  facet normal -9.882253e-01 1.386326e-04 -1.530058e-01
    outer loop
      vertex   -1.706826e+02 1.770505e+02 5.684188e+02
      vertex   -1.706920e+02 1.679171e+02 5.684717e+02
      vertex   -1.707196e+02 1.770505e+02 5.686582e+02
    endloop
  endfacet
  facet normal -9.956745e-01 -1.111334e-03 -9.290337e-02
    outer loop
      vertex   -1.707196e+02 1.770505e+02 5.686582e+02
      vertex   -1.706920e+02 1.679171e+02 5.684717e+02
      vertex   -1.707421e+02 1.770505e+02 5.688994e+02
    endloop
  endfacet
  facet normal -9.932090e-01 0.000000e+00 -1.163442e-01
    outer loop
      vertex   -1.707421e+02 1.770505e+02 5.688994e+02
      vertex   -1.706920e+02 1.679171e+02 5.684717e+02
      vertex   -1.706920e+02 1.587836e+02 5.684717e+02
    endloop
  endfacet
  facet normal -9.932090e-01 0.000000e+00 -1.163442e-01
    outer loop
      vertex   -1.707421e+02 1.770505e+02 5.688994e+02
      vertex   -1.706920e+02 1.587836e+02 5.684717e+02
      vertex   -1.706920e+02 1.496502e+02 5.684717e+02
    endloop
  endfacet
  facet normal -9.749453e-01 0.000000e+00 -2.224447e-01
    outer loop
      vertex   -1.706920e+02 1.496502e+02 5.684717e+02
      vertex   -1.706920e+02 1.587836e+02 5.684717e+02
      vertex   -1.705962e+02 1.496502e+02 5.680518e+02
    endloop
  endfacet
  facet normal -9.749453e-01 0.000000e+00 -2.224447e-01
    outer loop
      vertex   -1.706920e+02 1.496502e+02 5.684717e+02
      vertex   -1.705962e+02 1.496502e+02 5.680518e+02
      vertex   -1.705962e+02 1.405167e+02 5.680518e+02
    endloop
  endfacet
  facet normal -9.453812e-01 0.000000e+00 -3.259669e-01
    outer loop
      vertex   -1.705962e+02 1.405167e+02 5.680518e+02
      vertex   -1.705962e+02 1.496502e+02 5.680518e+02
      vertex   -1.704558e+02 1.405167e+02 5.676446e+02
    endloop
  endfacet
  facet normal -9.453812e-01 0.000000e+00 -3.259669e-01
    outer loop
      vertex   -1.705962e+02 1.405167e+02 5.680518e+02
      vertex   -1.704558e+02 1.405167e+02 5.676446e+02
      vertex   -1.704558e+02 1.313833e+02 5.676446e+02
    endloop
  endfacet
  facet normal -9.048592e-01 0.000000e+00 -4.257109e-01
    outer loop
      vertex   -1.704558e+02 1.313833e+02 5.676446e+02
      vertex   -1.704558e+02 1.405167e+02 5.676446e+02
      vertex   -1.702725e+02 1.313833e+02 5.672549e+02
    endloop
  endfacet
  facet normal -9.048592e-01 0.000000e+00 -4.257109e-01
    outer loop
      vertex   -1.704558e+02 1.313833e+02 5.676446e+02
      vertex   -1.702725e+02 1.313833e+02 5.672549e+02
      vertex   -1.702725e+02 1.222498e+02 5.672549e+02
    endloop
  endfacet
  facet normal -8.537914e-01 0.000000e+00 -5.206153e-01
    outer loop
      vertex   -1.702725e+02 1.222498e+02 5.672549e+02
      vertex   -1.702725e+02 1.313833e+02 5.672549e+02
      vertex   -1.700478e+02 1.222498e+02 5.668865e+02
    endloop
  endfacet
  facet normal -8.537914e-01 1.747604e-06 -5.206153e-01
    outer loop
      vertex   -1.702725e+02 1.222498e+02 5.672549e+02
      vertex   -1.700478e+02 1.222498e+02 5.668865e+02
      vertex   -1.700480e+02 1.131164e+02 5.668867e+02
    endloop
  endfacet
  facet normal -7.928971e-01 -1.741613e-06 -6.093555e-01
    outer loop
      vertex   -1.700480e+02 1.131164e+02 5.668867e+02
      vertex   -1.700478e+02 1.222498e+02 5.668865e+02
      vertex   -1.697859e+02 1.131164e+02 5.665457e+02
    endloop
  endfacet
  facet normal -7.928971e-01 0.000000e+00 -6.093555e-01
    outer loop
      vertex   -1.700480e+02 1.131164e+02 5.668867e+02
      vertex   -1.697859e+02 1.131164e+02 5.665457e+02
      vertex   -1.697859e+02 1.039829e+02 5.665457e+02
    endloop
  endfacet
  facet normal -7.228444e-01 0.000000e+00 -6.910108e-01
    outer loop
      vertex   -1.697859e+02 1.039829e+02 5.665457e+02
      vertex   -1.697859e+02 1.131164e+02 5.665457e+02
      vertex   -1.694883e+02 1.039829e+02 5.662344e+02
    endloop
  endfacet
  facet normal -7.228444e-01 0.000000e+00 -6.910108e-01
    outer loop
      vertex   -1.697859e+02 1.039829e+02 5.665457e+02
      vertex   -1.694883e+02 1.039829e+02 5.662344e+02
      vertex   -1.694883e+02 9.484950e+01 5.662344e+02
    endloop
  endfacet
  facet normal -6.443682e-01 0.000000e+00 -7.647154e-01
    outer loop
      vertex   -1.694883e+02 9.484950e+01 5.662344e+02
      vertex   -1.694883e+02 1.039829e+02 5.662344e+02
      vertex   -1.691590e+02 9.484950e+01 5.659569e+02
    endloop
  endfacet
  facet normal -6.443682e-01 0.000000e+00 -7.647154e-01
    outer loop
      vertex   -1.691590e+02 9.484950e+01 5.659569e+02
      vertex   -1.694883e+02 1.039829e+02 5.662344e+02
      vertex   -1.691590e+02 1.039829e+02 5.659569e+02
    endloop
  endfacet
  facet normal -5.584232e-01 0.000000e+00 -8.295562e-01
    outer loop
      vertex   -1.691590e+02 9.484950e+01 5.659569e+02
      vertex   -1.691590e+02 1.039829e+02 5.659569e+02
      vertex   -1.688017e+02 9.484950e+01 5.657164e+02
    endloop
  endfacet
  facet normal -5.584232e-01 0.000000e+00 -8.295562e-01
    outer loop
      vertex   -1.688017e+02 9.484950e+01 5.657164e+02
      vertex   -1.691590e+02 1.039829e+02 5.659569e+02
      vertex   -1.688017e+02 1.039829e+02 5.657164e+02
    endloop
  endfacet
  facet normal -4.660055e-01 0.000000e+00 -8.847818e-01
    outer loop
      vertex   -1.688017e+02 9.484950e+01 5.657164e+02
      vertex   -1.688017e+02 1.039829e+02 5.657164e+02
      vertex   -1.684207e+02 9.484950e+01 5.655157e+02
    endloop
  endfacet
  facet normal -4.660055e-01 0.000000e+00 -8.847818e-01
    outer loop
      vertex   -1.684207e+02 9.484950e+01 5.655157e+02
      vertex   -1.688017e+02 1.039829e+02 5.657164e+02
      vertex   -1.684207e+02 1.039829e+02 5.655157e+02
    endloop
  endfacet
  facet normal -3.681865e-01 0.000000e+00 -9.297520e-01
    outer loop
      vertex   -1.684207e+02 9.484950e+01 5.655157e+02
      vertex   -1.684207e+02 1.039829e+02 5.655157e+02
      vertex   -1.680202e+02 9.484950e+01 5.653571e+02
    endloop
  endfacet
  facet normal -3.681865e-01 0.000000e+00 -9.297520e-01
    outer loop
      vertex   -1.680202e+02 9.484950e+01 5.653571e+02
      vertex   -1.684207e+02 1.039829e+02 5.655157e+02
      vertex   -1.680202e+02 1.039829e+02 5.653571e+02
    endloop
  endfacet
  facet normal -2.660998e-01 0.000000e+00 -9.639455e-01
    outer loop
      vertex   -1.680202e+02 9.484950e+01 5.653571e+02
      vertex   -1.680202e+02 1.039829e+02 5.653571e+02
      vertex   -1.676051e+02 9.484950e+01 5.652425e+02
    endloop
  endfacet
  facet normal -2.660998e-01 0.000000e+00 -9.639455e-01
    outer loop
      vertex   -1.676051e+02 9.484950e+01 5.652425e+02
      vertex   -1.680202e+02 1.039829e+02 5.653571e+02
      vertex   -1.676051e+02 1.039829e+02 5.652425e+02
    endloop
  endfacet
  facet normal -1.609288e-01 0.000000e+00 -9.869660e-01
    outer loop
      vertex   -1.676051e+02 9.484950e+01 5.652425e+02
      vertex   -1.676051e+02 1.039829e+02 5.652425e+02
      vertex   -1.671800e+02 9.484950e+01 5.651732e+02
    endloop
  endfacet
  facet normal -1.609288e-01 0.000000e+00 -9.869660e-01
    outer loop
      vertex   -1.671800e+02 9.484950e+01 5.651732e+02
      vertex   -1.676051e+02 1.039829e+02 5.652425e+02
      vertex   -1.671800e+02 1.039829e+02 5.651732e+02
    endloop
  endfacet
  facet normal -5.389250e-02 0.000000e+00 -9.985467e-01
    outer loop
      vertex   -1.671800e+02 9.484950e+01 5.651732e+02
      vertex   -1.671800e+02 1.039829e+02 5.651732e+02
      vertex   -1.667500e+02 9.484950e+01 5.651500e+02
    endloop
  endfacet
  facet normal -5.389250e-02 0.000000e+00 -9.985467e-01
    outer loop
      vertex   -1.667500e+02 9.484950e+01 5.651500e+02
      vertex   -1.671800e+02 1.039829e+02 5.651732e+02
      vertex   -1.671800e+02 1.131164e+02 5.651732e+02
    endloop
  endfacet
  facet normal -5.389250e-02 0.000000e+00 -9.985467e-01
    outer loop
      vertex   -1.667500e+02 9.484950e+01 5.651500e+02
      vertex   -1.671800e+02 1.131164e+02 5.651732e+02
      vertex   -1.667500e+02 1.398495e+02 5.651500e+02
    endloop
  endfacet
  facet normal -5.389250e-02 0.000000e+00 -9.985467e-01
    outer loop
      vertex   -1.667500e+02 1.398495e+02 5.651500e+02
      vertex   -1.671800e+02 1.131164e+02 5.651732e+02
      vertex   -1.671800e+02 1.222498e+02 5.651732e+02
    endloop
  endfacet
  facet normal -5.389250e-02 0.000000e+00 -9.985467e-01
    outer loop
      vertex   -1.667500e+02 1.398495e+02 5.651500e+02
      vertex   -1.671800e+02 1.222498e+02 5.651732e+02
      vertex   -1.671800e+02 1.313833e+02 5.651732e+02
    endloop
  endfacet
  facet normal -1.609288e-01 -0.000000e+00 -9.869660e-01
    outer loop
      vertex   -1.671800e+02 1.313833e+02 5.651732e+02
      vertex   -1.671800e+02 1.222498e+02 5.651732e+02
      vertex   -1.676051e+02 1.313833e+02 5.652425e+02
    endloop
  endfacet
  facet normal -1.609288e-01 0.000000e+00 -9.869660e-01
    outer loop
      vertex   -1.671800e+02 1.313833e+02 5.651732e+02
      vertex   -1.676051e+02 1.313833e+02 5.652425e+02
      vertex   -1.676051e+02 1.405167e+02 5.652425e+02
    endloop
  endfacet
  facet normal -2.660998e-01 -0.000000e+00 -9.639455e-01
    outer loop
      vertex   -1.676051e+02 1.405167e+02 5.652425e+02
      vertex   -1.676051e+02 1.313833e+02 5.652425e+02
      vertex   -1.680202e+02 1.405167e+02 5.653571e+02
    endloop
  endfacet
  facet normal -2.660998e-01 0.000000e+00 -9.639455e-01
    outer loop
      vertex   -1.676051e+02 1.405167e+02 5.652425e+02
      vertex   -1.680202e+02 1.405167e+02 5.653571e+02
      vertex   -1.680202e+02 1.496502e+02 5.653571e+02
    endloop
  endfacet
  facet normal -3.681865e-01 -0.000000e+00 -9.297520e-01
    outer loop
      vertex   -1.680202e+02 1.496502e+02 5.653571e+02
      vertex   -1.680202e+02 1.405167e+02 5.653571e+02
      vertex   -1.684207e+02 1.496502e+02 5.655157e+02
    endloop
  endfacet
  facet normal -3.681865e-01 0.000000e+00 -9.297520e-01
    outer loop
      vertex   -1.680202e+02 1.496502e+02 5.653571e+02
      vertex   -1.684207e+02 1.496502e+02 5.655157e+02
      vertex   -1.684207e+02 1.587836e+02 5.655157e+02
    endloop
  endfacet
  facet normal -4.660055e-01 -0.000000e+00 -8.847818e-01
    outer loop
      vertex   -1.684207e+02 1.587836e+02 5.655157e+02
      vertex   -1.684207e+02 1.496502e+02 5.655157e+02
      vertex   -1.688017e+02 1.587836e+02 5.657164e+02
    endloop
  endfacet
  facet normal -4.660055e-01 0.000000e+00 -8.847818e-01
    outer loop
      vertex   -1.684207e+02 1.587836e+02 5.655157e+02
      vertex   -1.688017e+02 1.587836e+02 5.657164e+02
      vertex   -1.688017e+02 1.679171e+02 5.657164e+02
    endloop
  endfacet
  facet normal -5.584232e-01 -0.000000e+00 -8.295562e-01
    outer loop
      vertex   -1.688017e+02 1.679171e+02 5.657164e+02
      vertex   -1.688017e+02 1.587836e+02 5.657164e+02
      vertex   -1.691590e+02 1.679171e+02 5.659569e+02
    endloop
  endfacet
  facet normal -5.584231e-01 -6.340849e-04 -8.295561e-01
    outer loop
      vertex   -1.688017e+02 1.679171e+02 5.657164e+02
      vertex   -1.691590e+02 1.679171e+02 5.659569e+02
      vertex   -1.689905e+02 1.770505e+02 5.658365e+02
    endloop
  endfacet
  facet normal -5.964434e-01 4.219719e-04 -8.026550e-01
    outer loop
      vertex   -1.689905e+02 1.770505e+02 5.658365e+02
      vertex   -1.691590e+02 1.679171e+02 5.659569e+02
      vertex   -1.692761e+02 1.770505e+02 5.660487e+02
    endloop
  endfacet
  facet normal -6.443681e-01 -5.744364e-04 -7.647153e-01
    outer loop
      vertex   -1.692761e+02 1.770505e+02 5.660487e+02
      vertex   -1.691590e+02 1.679171e+02 5.659569e+02
      vertex   -1.694883e+02 1.679171e+02 5.662344e+02
    endloop
  endfacet
  facet normal -6.654238e-01 2.856335e-04 -7.464657e-01
    outer loop
      vertex   -1.692761e+02 1.770505e+02 5.660487e+02
      vertex   -1.694883e+02 1.679171e+02 5.662344e+02
      vertex   -1.695418e+02 1.770505e+02 5.662856e+02
    endloop
  endfacet
  facet normal -7.044781e-01 -1.489793e-04 -7.097257e-01
    outer loop
      vertex   -1.695418e+02 1.770505e+02 5.662856e+02
      vertex   -1.694883e+02 1.679171e+02 5.662344e+02
      vertex   -1.695936e+02 1.770505e+02 5.663370e+02
    endloop
  endfacet
  facet normal -7.228443e-01 -5.710317e-04 -6.910107e-01
    outer loop
      vertex   -1.695936e+02 1.770505e+02 5.663370e+02
      vertex   -1.694883e+02 1.679171e+02 5.662344e+02
      vertex   -1.697859e+02 1.679171e+02 5.665457e+02
    endloop
  endfacet
  facet normal -7.415072e-01 2.803535e-04 -6.709449e-01
    outer loop
      vertex   -1.695936e+02 1.770505e+02 5.663370e+02
      vertex   -1.697859e+02 1.679171e+02 5.665457e+02
      vertex   -1.698324e+02 1.770505e+02 5.666009e+02
    endloop
  endfacet
  facet normal -7.927618e-01 -3.519141e-04 -6.095315e-01
    outer loop
      vertex   -1.698324e+02 1.770505e+02 5.666009e+02
      vertex   -1.697859e+02 1.679171e+02 5.665457e+02
      vertex   -1.700470e+02 1.679171e+02 5.668852e+02
    endloop
  endfacet
  facet normal -7.982074e-01 -1.443423e-06 -6.023828e-01
    outer loop
      vertex   -1.698324e+02 1.770505e+02 5.666009e+02
      vertex   -1.700470e+02 1.679171e+02 5.668852e+02
      vertex   -1.700468e+02 1.770505e+02 5.668850e+02
    endloop
  endfacet
  facet normal -8.293469e-01 2.946190e-07 -5.587340e-01
    outer loop
      vertex   -1.700468e+02 1.770505e+02 5.668850e+02
      vertex   -1.700470e+02 1.679171e+02 5.668852e+02
      vertex   -1.700876e+02 1.770505e+02 5.669455e+02
    endloop
  endfacet
  facet normal -8.536950e-01 -3.586071e-04 -5.207733e-01
    outer loop
      vertex   -1.700876e+02 1.770505e+02 5.669455e+02
      vertex   -1.700470e+02 1.679171e+02 5.668852e+02
      vertex   -1.702725e+02 1.679171e+02 5.672549e+02
    endloop
  endfacet
  facet normal -8.581018e-01 -2.233522e-05 -5.134796e-01
    outer loop
      vertex   -1.700876e+02 1.770505e+02 5.669455e+02
      vertex   -1.702725e+02 1.679171e+02 5.672549e+02
      vertex   -1.702704e+02 1.770505e+02 5.672509e+02
    endloop
  endfacet
  facet normal -9.003440e-01 2.177455e-05 -4.351788e-01
    outer loop
      vertex   -1.702704e+02 1.770505e+02 5.672509e+02
      vertex   -1.702725e+02 1.679171e+02 5.672549e+02
      vertex   -1.704252e+02 1.770505e+02 5.675714e+02
    endloop
  endfacet
  facet normal -9.048592e-01 -3.817617e-04 -4.257109e-01
    outer loop
      vertex   -1.704252e+02 1.770505e+02 5.675714e+02
      vertex   -1.702725e+02 1.679171e+02 5.672549e+02
      vertex   -1.704558e+02 1.679171e+02 5.676446e+02
    endloop
  endfacet
  facet normal -9.223716e-01 -7.010947e-06 -3.863038e-01
    outer loop
      vertex   -1.704252e+02 1.770505e+02 5.675714e+02
      vertex   -1.704558e+02 1.679171e+02 5.676446e+02
      vertex   -1.704534e+02 1.770505e+02 5.676386e+02
    endloop
  endfacet
  facet normal -9.417474e-01 3.085757e-05 -3.363211e-01
    outer loop
      vertex   -1.704534e+02 1.770505e+02 5.676386e+02
      vertex   -1.704558e+02 1.679171e+02 5.676446e+02
      vertex   -1.705731e+02 1.770505e+02 5.679738e+02
    endloop
  endfacet
  facet normal -9.453811e-01 -3.889559e-04 -3.259669e-01
    outer loop
      vertex   -1.705731e+02 1.770505e+02 5.679738e+02
      vertex   -1.704558e+02 1.679171e+02 5.676446e+02
      vertex   -1.705962e+02 1.679171e+02 5.680518e+02
    endloop
  endfacet
  facet normal -9.679112e-01 3.056624e-04 -2.512921e-01
    outer loop
      vertex   -1.705731e+02 1.770505e+02 5.679738e+02
      vertex   -1.705962e+02 1.679171e+02 5.680518e+02
      vertex   -1.706625e+02 1.770505e+02 5.683182e+02
    endloop
  endfacet
  facet normal -9.749451e-01 -5.870483e-04 -2.224447e-01
    outer loop
      vertex   -1.706625e+02 1.770505e+02 5.683182e+02
      vertex   -1.705962e+02 1.679171e+02 5.680518e+02
      vertex   -1.706920e+02 1.679171e+02 5.684717e+02
    endloop
  endfacet
  facet normal -9.794306e-01 -2.254955e-04 -2.017811e-01
    outer loop
      vertex   -1.706625e+02 1.770505e+02 5.683182e+02
      vertex   -1.706920e+02 1.679171e+02 5.684717e+02
      vertex   -1.706728e+02 1.770500e+02 5.683680e+02
    endloop
  endfacet
  facet normal -9.807039e-01 -1.514906e-04 -1.954992e-01
    outer loop
      vertex   -1.706728e+02 1.770500e+02 5.683680e+02
      vertex   -1.706920e+02 1.679171e+02 5.684717e+02
      vertex   -1.706729e+02 1.770500e+02 5.683685e+02
    endloop
  endfacet
  facet normal -9.807284e-01 -1.500490e-04 -1.953762e-01
    outer loop
      vertex   -1.706729e+02 1.770500e+02 5.683685e+02
      vertex   -1.706920e+02 1.679171e+02 5.684717e+02
      vertex   -1.706730e+02 1.770500e+02 5.683689e+02
    endloop
  endfacet
  facet normal -9.794311e-01 2.004285e-06 -2.017790e-01
    outer loop
      vertex   -1.706728e+02 1.770500e+02 5.683680e+02
      vertex   -1.706728e+02 1.770505e+02 5.683680e+02
      vertex   -1.706625e+02 1.770505e+02 5.683182e+02
    endloop
  endfacet
  facet normal -5.525655e-01 -4.615693e-04 -8.334693e-01
    outer loop
      vertex   -1.689905e+02 1.770505e+02 5.658365e+02
      vertex   -1.689296e+02 1.770505e+02 5.657961e+02
      vertex   -1.688017e+02 1.679171e+02 5.657164e+02
    endloop
  endfacet
  facet normal -5.071005e-01 4.233832e-04 -8.618868e-01
    outer loop
      vertex   -1.688017e+02 1.679171e+02 5.657164e+02
      vertex   -1.689296e+02 1.770505e+02 5.657961e+02
      vertex   -1.686229e+02 1.770505e+02 5.656157e+02
    endloop
  endfacet
  facet normal -4.660054e-01 -6.336093e-04 -8.847816e-01
    outer loop
      vertex   -1.688017e+02 1.679171e+02 5.657164e+02
      vertex   -1.686229e+02 1.770505e+02 5.656157e+02
      vertex   -1.684207e+02 1.679171e+02 5.655157e+02
    endloop
  endfacet
  facet normal -4.284909e-01 4.024873e-04 -9.035460e-01
    outer loop
      vertex   -1.684207e+02 1.679171e+02 5.655157e+02
      vertex   -1.686229e+02 1.770505e+02 5.656157e+02
      vertex   -1.683013e+02 1.770505e+02 5.654632e+02
    endloop
  endfacet
  facet normal -3.794547e-01 -3.626740e-04 -9.252102e-01
    outer loop
      vertex   -1.684207e+02 1.679171e+02 5.655157e+02
      vertex   -1.683013e+02 1.770505e+02 5.654632e+02
      vertex   -1.682339e+02 1.770505e+02 5.654355e+02
    endloop
  endfacet
  facet normal -3.681864e-01 -6.330192e-04 -9.297518e-01
    outer loop
      vertex   -1.684207e+02 1.679171e+02 5.655157e+02
      vertex   -1.682339e+02 1.770505e+02 5.654355e+02
      vertex   -1.680202e+02 1.679171e+02 5.653571e+02
    endloop
  endfacet
  facet normal -3.293315e-01 3.998276e-04 -9.442143e-01
    outer loop
      vertex   -1.680202e+02 1.679171e+02 5.653571e+02
      vertex   -1.682339e+02 1.770505e+02 5.654355e+02
      vertex   -1.678979e+02 1.770505e+02 5.653183e+02
    endloop
  endfacet
  facet normal -2.660998e-01 -5.313764e-04 -9.639453e-01
    outer loop
      vertex   -1.680202e+02 1.679171e+02 5.653571e+02
      vertex   -1.678979e+02 1.770505e+02 5.653183e+02
      vertex   -1.676051e+02 1.679171e+02 5.652425e+02
    endloop
  endfacet
  facet normal -2.441153e-01 2.214148e-04 -9.697462e-01
    outer loop
      vertex   -1.676051e+02 1.679171e+02 5.652425e+02
      vertex   -1.678979e+02 1.770505e+02 5.653183e+02
      vertex   -1.675528e+02 1.770505e+02 5.652314e+02
    endloop
  endfacet
  facet normal -1.918084e-01 -9.252953e-05 -9.814324e-01
    outer loop
      vertex   -1.676051e+02 1.679171e+02 5.652425e+02
      vertex   -1.675528e+02 1.770505e+02 5.652314e+02
      vertex   -1.674812e+02 1.770505e+02 5.652174e+02
    endloop
  endfacet
  facet normal -1.609288e-01 -5.264877e-04 -9.869659e-01
    outer loop
      vertex   -1.676051e+02 1.679171e+02 5.652425e+02
      vertex   -1.674812e+02 1.770505e+02 5.652174e+02
      vertex   -1.671800e+02 1.679171e+02 5.651732e+02
    endloop
  endfacet
  facet normal -1.389542e-01 2.143197e-04 -9.902988e-01
    outer loop
      vertex   -1.671800e+02 1.679171e+02 5.651732e+02
      vertex   -1.674812e+02 1.770505e+02 5.652174e+02
      vertex   -1.671289e+02 1.770505e+02 5.651680e+02
    endloop
  endfacet
  facet normal -6.660217e-02 -1.953700e-04 -9.977796e-01
    outer loop
      vertex   -1.671800e+02 1.679171e+02 5.651732e+02
      vertex   -1.671289e+02 1.770505e+02 5.651680e+02
      vertex   -1.667500e+02 1.398495e+02 5.651500e+02
    endloop
  endfacet
  facet normal -5.040341e-02 -2.993704e-05 -9.987289e-01
    outer loop
      vertex   -1.667500e+02 1.398495e+02 5.651500e+02
      vertex   -1.671289e+02 1.770505e+02 5.651680e+02
      vertex   -1.667735e+02 1.770505e+02 5.651501e+02
    endloop
  endfacet
  facet normal -2.835922e-03 1.025438e-07 -9.999960e-01
    outer loop
      vertex   -1.667500e+02 1.398495e+02 5.651500e+02
      vertex   -1.667735e+02 1.770505e+02 5.651501e+02
      vertex   -1.667500e+02 1.770500e+02 5.651500e+02
    endloop
  endfacet
  facet normal -2.998222e-03 -7.695360e-03 -9.999659e-01
    outer loop
      vertex   -1.667500e+02 1.770500e+02 5.651500e+02
      vertex   -1.667735e+02 1.770505e+02 5.651501e+02
      vertex   -1.667500e+02 1.770505e+02 5.651500e+02
    endloop
  endfacet
  facet normal -7.228444e-01 0.000000e+00 -6.910108e-01
    outer loop
      vertex   -1.694883e+02 9.484950e+01 5.662344e+02
      vertex   -1.697859e+02 9.484950e+01 5.665457e+02
      vertex   -1.697859e+02 1.039829e+02 5.665457e+02
    endloop
  endfacet
  facet normal -7.929197e-01 -0.000000e+00 -6.093261e-01
    outer loop
      vertex   -1.697859e+02 1.039829e+02 5.665457e+02
      vertex   -1.697859e+02 9.484950e+01 5.665457e+02
      vertex   -1.700482e+02 1.039829e+02 5.668869e+02
    endloop
  endfacet
  facet normal -7.929197e-01 -1.742811e-06 -6.093261e-01
    outer loop
      vertex   -1.697859e+02 1.039829e+02 5.665457e+02
      vertex   -1.700482e+02 1.039829e+02 5.668869e+02
      vertex   -1.700480e+02 1.131164e+02 5.668867e+02
    endloop
  endfacet
  facet normal -8.538106e-01 1.746406e-06 -5.205837e-01
    outer loop
      vertex   -1.700480e+02 1.131164e+02 5.668867e+02
      vertex   -1.700482e+02 1.039829e+02 5.668869e+02
      vertex   -1.702725e+02 1.131164e+02 5.672549e+02
    endloop
  endfacet
  facet normal -8.538106e-01 0.000000e+00 -5.205837e-01
    outer loop
      vertex   -1.700480e+02 1.131164e+02 5.668867e+02
      vertex   -1.702725e+02 1.131164e+02 5.672549e+02
      vertex   -1.702725e+02 1.222498e+02 5.672549e+02
    endloop
  endfacet
  facet normal -9.048592e-01 -0.000000e+00 -4.257109e-01
    outer loop
      vertex   -1.702725e+02 1.222498e+02 5.672549e+02
      vertex   -1.702725e+02 1.131164e+02 5.672549e+02
      vertex   -1.704558e+02 1.222498e+02 5.676446e+02
    endloop
  endfacet
  facet normal -9.048592e-01 0.000000e+00 -4.257109e-01
    outer loop
      vertex   -1.702725e+02 1.222498e+02 5.672549e+02
      vertex   -1.704558e+02 1.222498e+02 5.676446e+02
      vertex   -1.704558e+02 1.313833e+02 5.676446e+02
    endloop
  endfacet
  facet normal -9.453812e-01 -0.000000e+00 -3.259669e-01
    outer loop
      vertex   -1.704558e+02 1.313833e+02 5.676446e+02
      vertex   -1.704558e+02 1.222498e+02 5.676446e+02
      vertex   -1.705962e+02 1.313833e+02 5.680518e+02
    endloop
  endfacet
  facet normal -9.453812e-01 0.000000e+00 -3.259669e-01
    outer loop
      vertex   -1.704558e+02 1.313833e+02 5.676446e+02
      vertex   -1.705962e+02 1.313833e+02 5.680518e+02
      vertex   -1.705962e+02 1.405167e+02 5.680518e+02
    endloop
  endfacet
  facet normal -9.749453e-01 -0.000000e+00 -2.224447e-01
    outer loop
      vertex   -1.705962e+02 1.405167e+02 5.680518e+02
      vertex   -1.705962e+02 1.313833e+02 5.680518e+02
      vertex   -1.706920e+02 1.405167e+02 5.684717e+02
    endloop
  endfacet
  facet normal -9.749453e-01 0.000000e+00 -2.224447e-01
    outer loop
      vertex   -1.705962e+02 1.405167e+02 5.680518e+02
      vertex   -1.706920e+02 1.405167e+02 5.684717e+02
      vertex   -1.706920e+02 1.496502e+02 5.684717e+02
    endloop
  endfacet
  facet normal -9.932090e-01 -0.000000e+00 -1.163442e-01
    outer loop
      vertex   -1.706920e+02 1.496502e+02 5.684717e+02
      vertex   -1.706920e+02 1.405167e+02 5.684717e+02
      vertex   -1.707421e+02 1.770505e+02 5.688994e+02
    endloop
  endfacet
  facet normal -7.929423e-01 -1.744009e-06 -6.092968e-01
    outer loop
      vertex   -1.697859e+02 9.484950e+01 5.665457e+02
      vertex   -1.700483e+02 9.484950e+01 5.668872e+02
      vertex   -1.700482e+02 1.039829e+02 5.668869e+02
    endloop
  endfacet
  facet normal -8.538299e-01 1.745208e-06 -5.205521e-01
    outer loop
      vertex   -1.700482e+02 1.039829e+02 5.668869e+02
      vertex   -1.700483e+02 9.484950e+01 5.668872e+02
      vertex   -1.702725e+02 1.039829e+02 5.672549e+02
    endloop
  endfacet
  facet normal -8.538299e-01 0.000000e+00 -5.205521e-01
    outer loop
      vertex   -1.700482e+02 1.039829e+02 5.668869e+02
      vertex   -1.702725e+02 1.039829e+02 5.672549e+02
      vertex   -1.702725e+02 1.131164e+02 5.672549e+02
    endloop
  endfacet
  facet normal -9.048592e-01 -0.000000e+00 -4.257109e-01
    outer loop
      vertex   -1.702725e+02 1.131164e+02 5.672549e+02
      vertex   -1.702725e+02 1.039829e+02 5.672549e+02
      vertex   -1.704558e+02 1.131164e+02 5.676446e+02
    endloop
  endfacet
  facet normal -9.048592e-01 0.000000e+00 -4.257109e-01
    outer loop
      vertex   -1.702725e+02 1.131164e+02 5.672549e+02
      vertex   -1.704558e+02 1.131164e+02 5.676446e+02
      vertex   -1.704558e+02 1.222498e+02 5.676446e+02
    endloop
  endfacet
  facet normal -9.453812e-01 -0.000000e+00 -3.259669e-01
    outer loop
      vertex   -1.704558e+02 1.222498e+02 5.676446e+02
      vertex   -1.704558e+02 1.131164e+02 5.676446e+02
      vertex   -1.705962e+02 1.222498e+02 5.680518e+02
    endloop
  endfacet
  facet normal -9.453812e-01 0.000000e+00 -3.259669e-01
    outer loop
      vertex   -1.704558e+02 1.222498e+02 5.676446e+02
      vertex   -1.705962e+02 1.222498e+02 5.680518e+02
      vertex   -1.705962e+02 1.313833e+02 5.680518e+02
    endloop
  endfacet
  facet normal -9.749453e-01 -0.000000e+00 -2.224447e-01
    outer loop
      vertex   -1.705962e+02 1.313833e+02 5.680518e+02
      vertex   -1.705962e+02 1.222498e+02 5.680518e+02
      vertex   -1.706920e+02 1.313833e+02 5.684717e+02
    endloop
  endfacet
  facet normal -9.749453e-01 0.000000e+00 -2.224447e-01
    outer loop
      vertex   -1.705962e+02 1.313833e+02 5.680518e+02
      vertex   -1.706920e+02 1.313833e+02 5.684717e+02
      vertex   -1.706920e+02 1.405167e+02 5.684717e+02
    endloop
  endfacet
  facet normal -9.932090e-01 -0.000000e+00 -1.163442e-01
    outer loop
      vertex   -1.706920e+02 1.405167e+02 5.684717e+02
      vertex   -1.706920e+02 1.313833e+02 5.684717e+02
      vertex   -1.707421e+02 1.770505e+02 5.688994e+02
    endloop
  endfacet
  facet normal -8.538492e-01 0.000000e+00 -5.205205e-01
    outer loop
      vertex   -1.700483e+02 9.484950e+01 5.668872e+02
      vertex   -1.702725e+02 9.484950e+01 5.672549e+02
      vertex   -1.702725e+02 1.039829e+02 5.672549e+02
    endloop
  endfacet
  facet normal -9.048592e-01 -0.000000e+00 -4.257109e-01
    outer loop
      vertex   -1.702725e+02 1.039829e+02 5.672549e+02
      vertex   -1.702725e+02 9.484950e+01 5.672549e+02
      vertex   -1.704558e+02 1.039829e+02 5.676446e+02
    endloop
  endfacet
  facet normal -9.048592e-01 0.000000e+00 -4.257109e-01
    outer loop
      vertex   -1.702725e+02 1.039829e+02 5.672549e+02
      vertex   -1.704558e+02 1.039829e+02 5.676446e+02
      vertex   -1.704558e+02 1.131164e+02 5.676446e+02
    endloop
  endfacet
  facet normal -9.453812e-01 -0.000000e+00 -3.259669e-01
    outer loop
      vertex   -1.704558e+02 1.131164e+02 5.676446e+02
      vertex   -1.704558e+02 1.039829e+02 5.676446e+02
      vertex   -1.705962e+02 1.131164e+02 5.680518e+02
    endloop
  endfacet
  facet normal -9.453812e-01 0.000000e+00 -3.259669e-01
    outer loop
      vertex   -1.704558e+02 1.131164e+02 5.676446e+02
      vertex   -1.705962e+02 1.131164e+02 5.680518e+02
      vertex   -1.705962e+02 1.222498e+02 5.680518e+02
    endloop
  endfacet
  facet normal -9.749453e-01 -0.000000e+00 -2.224447e-01
    outer loop
      vertex   -1.705962e+02 1.222498e+02 5.680518e+02
      vertex   -1.705962e+02 1.131164e+02 5.680518e+02
      vertex   -1.706920e+02 1.222498e+02 5.684717e+02
    endloop
  endfacet
  facet normal -9.749453e-01 0.000000e+00 -2.224447e-01
    outer loop
      vertex   -1.705962e+02 1.222498e+02 5.680518e+02
      vertex   -1.706920e+02 1.222498e+02 5.684717e+02
      vertex   -1.706920e+02 1.313833e+02 5.684717e+02
    endloop
  endfacet
  facet normal -9.932090e-01 -0.000000e+00 -1.163442e-01
    outer loop
      vertex   -1.706920e+02 1.313833e+02 5.684717e+02
      vertex   -1.706920e+02 1.222498e+02 5.684717e+02
      vertex   -1.707421e+02 9.484950e+01 5.688994e+02
    endloop
  endfacet
  facet normal -9.932090e-01 0.000000e+00 -1.163442e-01
    outer loop
      vertex   -1.706920e+02 1.313833e+02 5.684717e+02
      vertex   -1.707421e+02 9.484950e+01 5.688994e+02
      vertex   -1.707421e+02 1.770505e+02 5.688994e+02
    endloop
  endfacet
  facet normal -9.048592e-01 0.000000e+00 -4.257109e-01
    outer loop
      vertex   -1.702725e+02 9.484950e+01 5.672549e+02
      vertex   -1.704558e+02 9.484950e+01 5.676446e+02
      vertex   -1.704558e+02 1.039829e+02 5.676446e+02
    endloop
  endfacet
  facet normal -9.453812e-01 -0.000000e+00 -3.259669e-01
    outer loop
      vertex   -1.704558e+02 1.039829e+02 5.676446e+02
      vertex   -1.704558e+02 9.484950e+01 5.676446e+02
      vertex   -1.705962e+02 1.039829e+02 5.680518e+02
    endloop
  endfacet
  facet normal -9.453812e-01 0.000000e+00 -3.259669e-01
    outer loop
      vertex   -1.704558e+02 1.039829e+02 5.676446e+02
      vertex   -1.705962e+02 1.039829e+02 5.680518e+02
      vertex   -1.705962e+02 1.131164e+02 5.680518e+02
    endloop
  endfacet
  facet normal -9.749453e-01 -0.000000e+00 -2.224447e-01
    outer loop
      vertex   -1.705962e+02 1.131164e+02 5.680518e+02
      vertex   -1.705962e+02 1.039829e+02 5.680518e+02
      vertex   -1.706920e+02 1.131164e+02 5.684717e+02
    endloop
  endfacet
  facet normal -9.749453e-01 0.000000e+00 -2.224447e-01
    outer loop
      vertex   -1.705962e+02 1.131164e+02 5.680518e+02
      vertex   -1.706920e+02 1.131164e+02 5.684717e+02
      vertex   -1.706920e+02 1.222498e+02 5.684717e+02
    endloop
  endfacet
  facet normal -9.932090e-01 -0.000000e+00 -1.163442e-01
    outer loop
      vertex   -1.706920e+02 1.222498e+02 5.684717e+02
      vertex   -1.706920e+02 1.131164e+02 5.684717e+02
      vertex   -1.707421e+02 9.484950e+01 5.688994e+02
    endloop
  endfacet
  facet normal -9.453812e-01 0.000000e+00 -3.259669e-01
    outer loop
      vertex   -1.704558e+02 9.484950e+01 5.676446e+02
      vertex   -1.705962e+02 9.484950e+01 5.680518e+02
      vertex   -1.705962e+02 1.039829e+02 5.680518e+02
    endloop
  endfacet
  facet normal -9.749453e-01 -0.000000e+00 -2.224447e-01
    outer loop
      vertex   -1.705962e+02 1.039829e+02 5.680518e+02
      vertex   -1.705962e+02 9.484950e+01 5.680518e+02
      vertex   -1.706920e+02 1.039829e+02 5.684717e+02
    endloop
  endfacet
  facet normal -9.749453e-01 0.000000e+00 -2.224447e-01
    outer loop
      vertex   -1.705962e+02 1.039829e+02 5.680518e+02
      vertex   -1.706920e+02 1.039829e+02 5.684717e+02
      vertex   -1.706920e+02 1.131164e+02 5.684717e+02
    endloop
  endfacet
  facet normal -9.932090e-01 -0.000000e+00 -1.163442e-01
    outer loop
      vertex   -1.706920e+02 1.131164e+02 5.684717e+02
      vertex   -1.706920e+02 1.039829e+02 5.684717e+02
      vertex   -1.707421e+02 9.484950e+01 5.688994e+02
    endloop
  endfacet
  facet normal -9.749453e-01 0.000000e+00 -2.224447e-01
    outer loop
      vertex   -1.705962e+02 9.484950e+01 5.680518e+02
      vertex   -1.706920e+02 9.484950e+01 5.684717e+02
      vertex   -1.706920e+02 1.039829e+02 5.684717e+02
    endloop
  endfacet
  facet normal -9.932090e-01 -0.000000e+00 -1.163442e-01
    outer loop
      vertex   -1.706920e+02 1.039829e+02 5.684717e+02
      vertex   -1.706920e+02 9.484950e+01 5.684717e+02
      vertex   -1.707421e+02 9.484950e+01 5.688994e+02
    endloop
  endfacet
  facet normal -9.749453e-01 0.000000e+00 -2.224447e-01
    outer loop
      vertex   -1.706920e+02 1.587836e+02 5.684717e+02
      vertex   -1.706920e+02 1.679171e+02 5.684717e+02
      vertex   -1.705962e+02 1.587836e+02 5.680518e+02
    endloop
  endfacet
  facet normal -9.749453e-01 0.000000e+00 -2.224447e-01
    outer loop
      vertex   -1.705962e+02 1.587836e+02 5.680518e+02
      vertex   -1.706920e+02 1.679171e+02 5.684717e+02
      vertex   -1.705962e+02 1.679171e+02 5.680518e+02
    endloop
  endfacet
  facet normal -9.453812e-01 0.000000e+00 -3.259669e-01
    outer loop
      vertex   -1.705962e+02 1.587836e+02 5.680518e+02
      vertex   -1.705962e+02 1.679171e+02 5.680518e+02
      vertex   -1.704558e+02 1.587836e+02 5.676446e+02
    endloop
  endfacet
  facet normal -9.453812e-01 -4.057413e-15 -3.259669e-01
    outer loop
      vertex   -1.704558e+02 1.587836e+02 5.676446e+02
      vertex   -1.705962e+02 1.679171e+02 5.680518e+02
      vertex   -1.704558e+02 1.679171e+02 5.676446e+02
    endloop
  endfacet
  facet normal -9.048592e-01 -5.298957e-15 -4.257109e-01
    outer loop
      vertex   -1.704558e+02 1.587836e+02 5.676446e+02
      vertex   -1.704558e+02 1.679171e+02 5.676446e+02
      vertex   -1.702725e+02 1.587836e+02 5.672549e+02
    endloop
  endfacet
  facet normal -9.048592e-01 0.000000e+00 -4.257109e-01
    outer loop
      vertex   -1.702725e+02 1.587836e+02 5.672549e+02
      vertex   -1.704558e+02 1.679171e+02 5.676446e+02
      vertex   -1.702725e+02 1.679171e+02 5.672549e+02
    endloop
  endfacet
  facet normal -8.537143e-01 0.000000e+00 -5.207417e-01
    outer loop
      vertex   -1.702725e+02 1.587836e+02 5.672549e+02
      vertex   -1.702725e+02 1.679171e+02 5.672549e+02
      vertex   -1.700472e+02 1.587836e+02 5.668855e+02
    endloop
  endfacet
  facet normal -8.536950e-01 1.753595e-06 -5.207733e-01
    outer loop
      vertex   -1.700472e+02 1.587836e+02 5.668855e+02
      vertex   -1.702725e+02 1.679171e+02 5.672549e+02
      vertex   -1.700470e+02 1.679171e+02 5.668852e+02
    endloop
  endfacet
  facet normal -7.927844e-01 -1.735622e-06 -6.095022e-01
    outer loop
      vertex   -1.700472e+02 1.587836e+02 5.668855e+02
      vertex   -1.700470e+02 1.679171e+02 5.668852e+02
      vertex   -1.697859e+02 1.587836e+02 5.665457e+02
    endloop
  endfacet
  facet normal -7.927618e-01 0.000000e+00 -6.095315e-01
    outer loop
      vertex   -1.697859e+02 1.587836e+02 5.665457e+02
      vertex   -1.700470e+02 1.679171e+02 5.668852e+02
      vertex   -1.697859e+02 1.679171e+02 5.665457e+02
    endloop
  endfacet
  facet normal -7.228444e-01 0.000000e+00 -6.910108e-01
    outer loop
      vertex   -1.697859e+02 1.587836e+02 5.665457e+02
      vertex   -1.697859e+02 1.679171e+02 5.665457e+02
      vertex   -1.694883e+02 1.587836e+02 5.662344e+02
    endloop
  endfacet
  facet normal -7.228444e-01 -2.249368e-15 -6.910108e-01
    outer loop
      vertex   -1.694883e+02 1.587836e+02 5.662344e+02
      vertex   -1.697859e+02 1.679171e+02 5.665457e+02
      vertex   -1.694883e+02 1.679171e+02 5.662344e+02
    endloop
  endfacet
  facet normal -6.443682e-01 -2.005163e-15 -7.647154e-01
    outer loop
      vertex   -1.694883e+02 1.587836e+02 5.662344e+02
      vertex   -1.694883e+02 1.679171e+02 5.662344e+02
      vertex   -1.691590e+02 1.587836e+02 5.659569e+02
    endloop
  endfacet
  facet normal -6.443682e-01 0.000000e+00 -7.647154e-01
    outer loop
      vertex   -1.691590e+02 1.587836e+02 5.659569e+02
      vertex   -1.694883e+02 1.679171e+02 5.662344e+02
      vertex   -1.691590e+02 1.679171e+02 5.659569e+02
    endloop
  endfacet
  facet normal -5.584232e-01 0.000000e+00 -8.295562e-01
    outer loop
      vertex   -1.691590e+02 1.587836e+02 5.659569e+02
      vertex   -1.691590e+02 1.679171e+02 5.659569e+02
      vertex   -1.688017e+02 1.587836e+02 5.657164e+02
    endloop
  endfacet
  facet normal -9.749453e-01 0.000000e+00 -2.224447e-01
    outer loop
      vertex   -1.706920e+02 1.587836e+02 5.684717e+02
      vertex   -1.705962e+02 1.587836e+02 5.680518e+02
      vertex   -1.705962e+02 1.496502e+02 5.680518e+02
    endloop
  endfacet
  facet normal -9.453812e-01 0.000000e+00 -3.259669e-01
    outer loop
      vertex   -1.705962e+02 1.496502e+02 5.680518e+02
      vertex   -1.705962e+02 1.587836e+02 5.680518e+02
      vertex   -1.704558e+02 1.496502e+02 5.676446e+02
    endloop
  endfacet
  facet normal -9.453812e-01 0.000000e+00 -3.259669e-01
    outer loop
      vertex   -1.705962e+02 1.496502e+02 5.680518e+02
      vertex   -1.704558e+02 1.496502e+02 5.676446e+02
      vertex   -1.704558e+02 1.405167e+02 5.676446e+02
    endloop
  endfacet
  facet normal -9.048592e-01 0.000000e+00 -4.257109e-01
    outer loop
      vertex   -1.704558e+02 1.405167e+02 5.676446e+02
      vertex   -1.704558e+02 1.496502e+02 5.676446e+02
      vertex   -1.702725e+02 1.405167e+02 5.672549e+02
    endloop
  endfacet
  facet normal -9.048592e-01 -2.818937e-15 -4.257109e-01
    outer loop
      vertex   -1.704558e+02 1.405167e+02 5.676446e+02
      vertex   -1.702725e+02 1.405167e+02 5.672549e+02
      vertex   -1.702725e+02 1.313833e+02 5.672549e+02
    endloop
  endfacet
  facet normal -8.537721e-01 -2.656792e-15 -5.206469e-01
    outer loop
      vertex   -1.702725e+02 1.313833e+02 5.672549e+02
      vertex   -1.702725e+02 1.405167e+02 5.672549e+02
      vertex   -1.700477e+02 1.313833e+02 5.668862e+02
    endloop
  endfacet
  facet normal -8.537721e-01 1.748802e-06 -5.206469e-01
    outer loop
      vertex   -1.702725e+02 1.313833e+02 5.672549e+02
      vertex   -1.700477e+02 1.313833e+02 5.668862e+02
      vertex   -1.700478e+02 1.222498e+02 5.668865e+02
    endloop
  endfacet
  facet normal -7.928746e-01 -1.740415e-06 -6.093848e-01
    outer loop
      vertex   -1.700478e+02 1.222498e+02 5.668865e+02
      vertex   -1.700477e+02 1.313833e+02 5.668862e+02
      vertex   -1.697859e+02 1.222498e+02 5.665457e+02
    endloop
  endfacet
  facet normal -7.928746e-01 0.000000e+00 -6.093848e-01
    outer loop
      vertex   -1.700478e+02 1.222498e+02 5.668865e+02
      vertex   -1.697859e+02 1.222498e+02 5.665457e+02
      vertex   -1.697859e+02 1.131164e+02 5.665457e+02
    endloop
  endfacet
  facet normal -7.228444e-01 0.000000e+00 -6.910108e-01
    outer loop
      vertex   -1.697859e+02 1.131164e+02 5.665457e+02
      vertex   -1.697859e+02 1.222498e+02 5.665457e+02
      vertex   -1.694883e+02 1.131164e+02 5.662344e+02
    endloop
  endfacet
  facet normal -7.228444e-01 0.000000e+00 -6.910108e-01
    outer loop
      vertex   -1.697859e+02 1.131164e+02 5.665457e+02
      vertex   -1.694883e+02 1.131164e+02 5.662344e+02
      vertex   -1.694883e+02 1.039829e+02 5.662344e+02
    endloop
  endfacet
  facet normal -6.443682e-01 0.000000e+00 -7.647154e-01
    outer loop
      vertex   -1.694883e+02 1.039829e+02 5.662344e+02
      vertex   -1.694883e+02 1.131164e+02 5.662344e+02
      vertex   -1.691590e+02 1.039829e+02 5.659569e+02
    endloop
  endfacet
  facet normal -9.453812e-01 0.000000e+00 -3.259669e-01
    outer loop
      vertex   -1.704558e+02 1.496502e+02 5.676446e+02
      vertex   -1.705962e+02 1.587836e+02 5.680518e+02
      vertex   -1.704558e+02 1.587836e+02 5.676446e+02
    endloop
  endfacet
  facet normal -9.048592e-01 0.000000e+00 -4.257109e-01
    outer loop
      vertex   -1.704558e+02 1.496502e+02 5.676446e+02
      vertex   -1.704558e+02 1.587836e+02 5.676446e+02
      vertex   -1.702725e+02 1.496502e+02 5.672549e+02
    endloop
  endfacet
  facet normal -9.048592e-01 0.000000e+00 -4.257109e-01
    outer loop
      vertex   -1.702725e+02 1.496502e+02 5.672549e+02
      vertex   -1.704558e+02 1.587836e+02 5.676446e+02
      vertex   -1.702725e+02 1.587836e+02 5.672549e+02
    endloop
  endfacet
  facet normal -8.537336e-01 0.000000e+00 -5.207101e-01
    outer loop
      vertex   -1.702725e+02 1.496502e+02 5.672549e+02
      vertex   -1.702725e+02 1.587836e+02 5.672549e+02
      vertex   -1.700473e+02 1.496502e+02 5.668857e+02
    endloop
  endfacet
  facet normal -8.537143e-01 1.752397e-06 -5.207417e-01
    outer loop
      vertex   -1.700473e+02 1.496502e+02 5.668857e+02
      vertex   -1.702725e+02 1.587836e+02 5.672549e+02
      vertex   -1.700472e+02 1.587836e+02 5.668855e+02
    endloop
  endfacet
  facet normal -7.928069e-01 -1.736820e-06 -6.094729e-01
    outer loop
      vertex   -1.700473e+02 1.496502e+02 5.668857e+02
      vertex   -1.700472e+02 1.587836e+02 5.668855e+02
      vertex   -1.697859e+02 1.496502e+02 5.665457e+02
    endloop
  endfacet
  facet normal -7.927844e-01 0.000000e+00 -6.095022e-01
    outer loop
      vertex   -1.697859e+02 1.496502e+02 5.665457e+02
      vertex   -1.700472e+02 1.587836e+02 5.668855e+02
      vertex   -1.697859e+02 1.587836e+02 5.665457e+02
    endloop
  endfacet
  facet normal -7.228444e-01 0.000000e+00 -6.910108e-01
    outer loop
      vertex   -1.697859e+02 1.496502e+02 5.665457e+02
      vertex   -1.697859e+02 1.587836e+02 5.665457e+02
      vertex   -1.694883e+02 1.496502e+02 5.662344e+02
    endloop
  endfacet
  facet normal -7.228444e-01 0.000000e+00 -6.910108e-01
    outer loop
      vertex   -1.694883e+02 1.496502e+02 5.662344e+02
      vertex   -1.697859e+02 1.587836e+02 5.665457e+02
      vertex   -1.694883e+02 1.587836e+02 5.662344e+02
    endloop
  endfacet
  facet normal -6.443682e-01 0.000000e+00 -7.647154e-01
    outer loop
      vertex   -1.694883e+02 1.496502e+02 5.662344e+02
      vertex   -1.694883e+02 1.587836e+02 5.662344e+02
      vertex   -1.691590e+02 1.496502e+02 5.659569e+02
    endloop
  endfacet
  facet normal -6.443682e-01 0.000000e+00 -7.647154e-01
    outer loop
      vertex   -1.691590e+02 1.496502e+02 5.659569e+02
      vertex   -1.694883e+02 1.587836e+02 5.662344e+02
      vertex   -1.691590e+02 1.587836e+02 5.659569e+02
    endloop
  endfacet
  facet normal -5.584232e-01 0.000000e+00 -8.295562e-01
    outer loop
      vertex   -1.691590e+02 1.496502e+02 5.659569e+02
      vertex   -1.691590e+02 1.587836e+02 5.659569e+02
      vertex   -1.688017e+02 1.496502e+02 5.657164e+02
    endloop
  endfacet
  facet normal -5.584232e-01 0.000000e+00 -8.295562e-01
    outer loop
      vertex   -1.688017e+02 1.496502e+02 5.657164e+02
      vertex   -1.691590e+02 1.587836e+02 5.659569e+02
      vertex   -1.688017e+02 1.587836e+02 5.657164e+02
    endloop
  endfacet
  facet normal -4.660055e-01 0.000000e+00 -8.847818e-01
    outer loop
      vertex   -1.688017e+02 1.496502e+02 5.657164e+02
      vertex   -1.688017e+02 1.587836e+02 5.657164e+02
      vertex   -1.684207e+02 1.496502e+02 5.655157e+02
    endloop
  endfacet
  facet normal -9.048592e-01 0.000000e+00 -4.257109e-01
    outer loop
      vertex   -1.704558e+02 1.496502e+02 5.676446e+02
      vertex   -1.702725e+02 1.496502e+02 5.672549e+02
      vertex   -1.702725e+02 1.405167e+02 5.672549e+02
    endloop
  endfacet
  facet normal -8.537528e-01 0.000000e+00 -5.206785e-01
    outer loop
      vertex   -1.702725e+02 1.405167e+02 5.672549e+02
      vertex   -1.702725e+02 1.496502e+02 5.672549e+02
      vertex   -1.700475e+02 1.405167e+02 5.668860e+02
    endloop
  endfacet
  facet normal -8.537528e-01 1.750000e-06 -5.206785e-01
    outer loop
      vertex   -1.702725e+02 1.405167e+02 5.672549e+02
      vertex   -1.700475e+02 1.405167e+02 5.668860e+02
      vertex   -1.700477e+02 1.313833e+02 5.668862e+02
    endloop
  endfacet
  facet normal -7.928520e-01 -1.739217e-06 -6.094142e-01
    outer loop
      vertex   -1.700477e+02 1.313833e+02 5.668862e+02
      vertex   -1.700475e+02 1.405167e+02 5.668860e+02
      vertex   -1.697859e+02 1.313833e+02 5.665457e+02
    endloop
  endfacet
  facet normal -7.928520e-01 0.000000e+00 -6.094142e-01
    outer loop
      vertex   -1.700477e+02 1.313833e+02 5.668862e+02
      vertex   -1.697859e+02 1.313833e+02 5.665457e+02
      vertex   -1.697859e+02 1.222498e+02 5.665457e+02
    endloop
  endfacet
  facet normal -7.228444e-01 0.000000e+00 -6.910108e-01
    outer loop
      vertex   -1.697859e+02 1.222498e+02 5.665457e+02
      vertex   -1.697859e+02 1.313833e+02 5.665457e+02
      vertex   -1.694883e+02 1.222498e+02 5.662344e+02
    endloop
  endfacet
  facet normal -7.228444e-01 0.000000e+00 -6.910108e-01
    outer loop
      vertex   -1.697859e+02 1.222498e+02 5.665457e+02
      vertex   -1.694883e+02 1.222498e+02 5.662344e+02
      vertex   -1.694883e+02 1.131164e+02 5.662344e+02
    endloop
  endfacet
  facet normal -6.443682e-01 0.000000e+00 -7.647154e-01
    outer loop
      vertex   -1.694883e+02 1.131164e+02 5.662344e+02
      vertex   -1.694883e+02 1.222498e+02 5.662344e+02
      vertex   -1.691590e+02 1.131164e+02 5.659569e+02
    endloop
  endfacet
  facet normal -6.443682e-01 0.000000e+00 -7.647154e-01
    outer loop
      vertex   -1.694883e+02 1.131164e+02 5.662344e+02
      vertex   -1.691590e+02 1.131164e+02 5.659569e+02
      vertex   -1.691590e+02 1.039829e+02 5.659569e+02
    endloop
  endfacet
  facet normal -5.584232e-01 0.000000e+00 -8.295562e-01
    outer loop
      vertex   -1.691590e+02 1.039829e+02 5.659569e+02
      vertex   -1.691590e+02 1.131164e+02 5.659569e+02
      vertex   -1.688017e+02 1.039829e+02 5.657164e+02
    endloop
  endfacet
  facet normal -8.537336e-01 1.751198e-06 -5.207101e-01
    outer loop
      vertex   -1.700475e+02 1.405167e+02 5.668860e+02
      vertex   -1.702725e+02 1.496502e+02 5.672549e+02
      vertex   -1.700473e+02 1.496502e+02 5.668857e+02
    endloop
  endfacet
  facet normal -7.928295e-01 -1.738018e-06 -6.094435e-01
    outer loop
      vertex   -1.700475e+02 1.405167e+02 5.668860e+02
      vertex   -1.700473e+02 1.496502e+02 5.668857e+02
      vertex   -1.697859e+02 1.405167e+02 5.665457e+02
    endloop
  endfacet
  facet normal -7.928069e-01 0.000000e+00 -6.094729e-01
    outer loop
      vertex   -1.697859e+02 1.405167e+02 5.665457e+02
      vertex   -1.700473e+02 1.496502e+02 5.668857e+02
      vertex   -1.697859e+02 1.496502e+02 5.665457e+02
    endloop
  endfacet
  facet normal -7.228444e-01 0.000000e+00 -6.910108e-01
    outer loop
      vertex   -1.697859e+02 1.405167e+02 5.665457e+02
      vertex   -1.697859e+02 1.496502e+02 5.665457e+02
      vertex   -1.694883e+02 1.405167e+02 5.662344e+02
    endloop
  endfacet
  facet normal -7.228444e-01 0.000000e+00 -6.910108e-01
    outer loop
      vertex   -1.694883e+02 1.405167e+02 5.662344e+02
      vertex   -1.697859e+02 1.496502e+02 5.665457e+02
      vertex   -1.694883e+02 1.496502e+02 5.662344e+02
    endloop
  endfacet
  facet normal -6.443682e-01 0.000000e+00 -7.647154e-01
    outer loop
      vertex   -1.694883e+02 1.405167e+02 5.662344e+02
      vertex   -1.694883e+02 1.496502e+02 5.662344e+02
      vertex   -1.691590e+02 1.405167e+02 5.659569e+02
    endloop
  endfacet
  facet normal -6.443682e-01 0.000000e+00 -7.647154e-01
    outer loop
      vertex   -1.691590e+02 1.405167e+02 5.659569e+02
      vertex   -1.694883e+02 1.496502e+02 5.662344e+02
      vertex   -1.691590e+02 1.496502e+02 5.659569e+02
    endloop
  endfacet
  facet normal -5.584232e-01 0.000000e+00 -8.295562e-01
    outer loop
      vertex   -1.691590e+02 1.405167e+02 5.659569e+02
      vertex   -1.691590e+02 1.496502e+02 5.659569e+02
      vertex   -1.688017e+02 1.405167e+02 5.657164e+02
    endloop
  endfacet
  facet normal -5.584232e-01 0.000000e+00 -8.295562e-01
    outer loop
      vertex   -1.688017e+02 1.405167e+02 5.657164e+02
      vertex   -1.691590e+02 1.496502e+02 5.659569e+02
      vertex   -1.688017e+02 1.496502e+02 5.657164e+02
    endloop
  endfacet
  facet normal -4.660055e-01 0.000000e+00 -8.847818e-01
    outer loop
      vertex   -1.688017e+02 1.405167e+02 5.657164e+02
      vertex   -1.688017e+02 1.496502e+02 5.657164e+02
      vertex   -1.684207e+02 1.405167e+02 5.655157e+02
    endloop
  endfacet
  facet normal -4.660055e-01 0.000000e+00 -8.847818e-01
    outer loop
      vertex   -1.684207e+02 1.405167e+02 5.655157e+02
      vertex   -1.688017e+02 1.496502e+02 5.657164e+02
      vertex   -1.684207e+02 1.496502e+02 5.655157e+02
    endloop
  endfacet
  facet normal -3.681865e-01 0.000000e+00 -9.297520e-01
    outer loop
      vertex   -1.684207e+02 1.405167e+02 5.655157e+02
      vertex   -1.684207e+02 1.496502e+02 5.655157e+02
      vertex   -1.680202e+02 1.405167e+02 5.653571e+02
    endloop
  endfacet
  facet normal -7.928295e-01 0.000000e+00 -6.094435e-01
    outer loop
      vertex   -1.700475e+02 1.405167e+02 5.668860e+02
      vertex   -1.697859e+02 1.405167e+02 5.665457e+02
      vertex   -1.697859e+02 1.313833e+02 5.665457e+02
    endloop
  endfacet
  facet normal -7.228444e-01 0.000000e+00 -6.910108e-01
    outer loop
      vertex   -1.697859e+02 1.313833e+02 5.665457e+02
      vertex   -1.697859e+02 1.405167e+02 5.665457e+02
      vertex   -1.694883e+02 1.313833e+02 5.662344e+02
    endloop
  endfacet
  facet normal -7.228444e-01 0.000000e+00 -6.910108e-01
    outer loop
      vertex   -1.697859e+02 1.313833e+02 5.665457e+02
      vertex   -1.694883e+02 1.313833e+02 5.662344e+02
      vertex   -1.694883e+02 1.222498e+02 5.662344e+02
    endloop
  endfacet
  facet normal -6.443682e-01 0.000000e+00 -7.647154e-01
    outer loop
      vertex   -1.694883e+02 1.222498e+02 5.662344e+02
      vertex   -1.694883e+02 1.313833e+02 5.662344e+02
      vertex   -1.691590e+02 1.222498e+02 5.659569e+02
    endloop
  endfacet
  facet normal -6.443682e-01 0.000000e+00 -7.647154e-01
    outer loop
      vertex   -1.694883e+02 1.222498e+02 5.662344e+02
      vertex   -1.691590e+02 1.222498e+02 5.659569e+02
      vertex   -1.691590e+02 1.131164e+02 5.659569e+02
    endloop
  endfacet
  facet normal -5.584232e-01 0.000000e+00 -8.295562e-01
    outer loop
      vertex   -1.691590e+02 1.131164e+02 5.659569e+02
      vertex   -1.691590e+02 1.222498e+02 5.659569e+02
      vertex   -1.688017e+02 1.131164e+02 5.657164e+02
    endloop
  endfacet
  facet normal -5.584232e-01 0.000000e+00 -8.295562e-01
    outer loop
      vertex   -1.691590e+02 1.131164e+02 5.659569e+02
      vertex   -1.688017e+02 1.131164e+02 5.657164e+02
      vertex   -1.688017e+02 1.039829e+02 5.657164e+02
    endloop
  endfacet
  facet normal -4.660055e-01 0.000000e+00 -8.847818e-01
    outer loop
      vertex   -1.688017e+02 1.039829e+02 5.657164e+02
      vertex   -1.688017e+02 1.131164e+02 5.657164e+02
      vertex   -1.684207e+02 1.039829e+02 5.655157e+02
    endloop
  endfacet
  facet normal -7.228444e-01 0.000000e+00 -6.910108e-01
    outer loop
      vertex   -1.694883e+02 1.313833e+02 5.662344e+02
      vertex   -1.697859e+02 1.405167e+02 5.665457e+02
      vertex   -1.694883e+02 1.405167e+02 5.662344e+02
    endloop
  endfacet
  facet normal -6.443682e-01 0.000000e+00 -7.647154e-01
    outer loop
      vertex   -1.694883e+02 1.313833e+02 5.662344e+02
      vertex   -1.694883e+02 1.405167e+02 5.662344e+02
      vertex   -1.691590e+02 1.313833e+02 5.659569e+02
    endloop
  endfacet
  facet normal -6.443682e-01 0.000000e+00 -7.647154e-01
    outer loop
      vertex   -1.691590e+02 1.313833e+02 5.659569e+02
      vertex   -1.694883e+02 1.405167e+02 5.662344e+02
      vertex   -1.691590e+02 1.405167e+02 5.659569e+02
    endloop
  endfacet
  facet normal -5.584232e-01 0.000000e+00 -8.295562e-01
    outer loop
      vertex   -1.691590e+02 1.313833e+02 5.659569e+02
      vertex   -1.691590e+02 1.405167e+02 5.659569e+02
      vertex   -1.688017e+02 1.313833e+02 5.657164e+02
    endloop
  endfacet
  facet normal -5.584232e-01 0.000000e+00 -8.295562e-01
    outer loop
      vertex   -1.688017e+02 1.313833e+02 5.657164e+02
      vertex   -1.691590e+02 1.405167e+02 5.659569e+02
      vertex   -1.688017e+02 1.405167e+02 5.657164e+02
    endloop
  endfacet
  facet normal -4.660055e-01 0.000000e+00 -8.847818e-01
    outer loop
      vertex   -1.688017e+02 1.313833e+02 5.657164e+02
      vertex   -1.688017e+02 1.405167e+02 5.657164e+02
      vertex   -1.684207e+02 1.313833e+02 5.655157e+02
    endloop
  endfacet
  facet normal -4.660055e-01 0.000000e+00 -8.847818e-01
    outer loop
      vertex   -1.684207e+02 1.313833e+02 5.655157e+02
      vertex   -1.688017e+02 1.405167e+02 5.657164e+02
      vertex   -1.684207e+02 1.405167e+02 5.655157e+02
    endloop
  endfacet
  facet normal -3.681865e-01 0.000000e+00 -9.297520e-01
    outer loop
      vertex   -1.684207e+02 1.313833e+02 5.655157e+02
      vertex   -1.684207e+02 1.405167e+02 5.655157e+02
      vertex   -1.680202e+02 1.313833e+02 5.653571e+02
    endloop
  endfacet
  facet normal -3.681865e-01 0.000000e+00 -9.297520e-01
    outer loop
      vertex   -1.680202e+02 1.313833e+02 5.653571e+02
      vertex   -1.684207e+02 1.405167e+02 5.655157e+02
      vertex   -1.680202e+02 1.405167e+02 5.653571e+02
    endloop
  endfacet
  facet normal -2.660998e-01 0.000000e+00 -9.639455e-01
    outer loop
      vertex   -1.680202e+02 1.313833e+02 5.653571e+02
      vertex   -1.680202e+02 1.405167e+02 5.653571e+02
      vertex   -1.676051e+02 1.313833e+02 5.652425e+02
    endloop
  endfacet
  facet normal -6.443682e-01 0.000000e+00 -7.647154e-01
    outer loop
      vertex   -1.694883e+02 1.313833e+02 5.662344e+02
      vertex   -1.691590e+02 1.313833e+02 5.659569e+02
      vertex   -1.691590e+02 1.222498e+02 5.659569e+02
    endloop
  endfacet
  facet normal -5.584232e-01 0.000000e+00 -8.295562e-01
    outer loop
      vertex   -1.691590e+02 1.222498e+02 5.659569e+02
      vertex   -1.691590e+02 1.313833e+02 5.659569e+02
      vertex   -1.688017e+02 1.222498e+02 5.657164e+02
    endloop
  endfacet
  facet normal -5.584232e-01 0.000000e+00 -8.295562e-01
    outer loop
      vertex   -1.691590e+02 1.222498e+02 5.659569e+02
      vertex   -1.688017e+02 1.222498e+02 5.657164e+02
      vertex   -1.688017e+02 1.131164e+02 5.657164e+02
    endloop
  endfacet
  facet normal -4.660055e-01 0.000000e+00 -8.847818e-01
    outer loop
      vertex   -1.688017e+02 1.131164e+02 5.657164e+02
      vertex   -1.688017e+02 1.222498e+02 5.657164e+02
      vertex   -1.684207e+02 1.131164e+02 5.655157e+02
    endloop
  endfacet
  facet normal -4.660055e-01 0.000000e+00 -8.847818e-01
    outer loop
      vertex   -1.688017e+02 1.131164e+02 5.657164e+02
      vertex   -1.684207e+02 1.131164e+02 5.655157e+02
      vertex   -1.684207e+02 1.039829e+02 5.655157e+02
    endloop
  endfacet
  facet normal -3.681865e-01 0.000000e+00 -9.297520e-01
    outer loop
      vertex   -1.684207e+02 1.039829e+02 5.655157e+02
      vertex   -1.684207e+02 1.131164e+02 5.655157e+02
      vertex   -1.680202e+02 1.039829e+02 5.653571e+02
    endloop
  endfacet
  facet normal -5.584232e-01 0.000000e+00 -8.295562e-01
    outer loop
      vertex   -1.688017e+02 1.222498e+02 5.657164e+02
      vertex   -1.691590e+02 1.313833e+02 5.659569e+02
      vertex   -1.688017e+02 1.313833e+02 5.657164e+02
    endloop
  endfacet
  facet normal -4.660055e-01 0.000000e+00 -8.847818e-01
    outer loop
      vertex   -1.688017e+02 1.222498e+02 5.657164e+02
      vertex   -1.688017e+02 1.313833e+02 5.657164e+02
      vertex   -1.684207e+02 1.222498e+02 5.655157e+02
    endloop
  endfacet
  facet normal -4.660055e-01 0.000000e+00 -8.847818e-01
    outer loop
      vertex   -1.684207e+02 1.222498e+02 5.655157e+02
      vertex   -1.688017e+02 1.313833e+02 5.657164e+02
      vertex   -1.684207e+02 1.313833e+02 5.655157e+02
    endloop
  endfacet
  facet normal -3.681865e-01 0.000000e+00 -9.297520e-01
    outer loop
      vertex   -1.684207e+02 1.222498e+02 5.655157e+02
      vertex   -1.684207e+02 1.313833e+02 5.655157e+02
      vertex   -1.680202e+02 1.222498e+02 5.653571e+02
    endloop
  endfacet
  facet normal -3.681865e-01 0.000000e+00 -9.297520e-01
    outer loop
      vertex   -1.680202e+02 1.222498e+02 5.653571e+02
      vertex   -1.684207e+02 1.313833e+02 5.655157e+02
      vertex   -1.680202e+02 1.313833e+02 5.653571e+02
    endloop
  endfacet
  facet normal -2.660998e-01 0.000000e+00 -9.639455e-01
    outer loop
      vertex   -1.680202e+02 1.222498e+02 5.653571e+02
      vertex   -1.680202e+02 1.313833e+02 5.653571e+02
      vertex   -1.676051e+02 1.222498e+02 5.652425e+02
    endloop
  endfacet
  facet normal -2.660998e-01 0.000000e+00 -9.639455e-01
    outer loop
      vertex   -1.676051e+02 1.222498e+02 5.652425e+02
      vertex   -1.680202e+02 1.313833e+02 5.653571e+02
      vertex   -1.676051e+02 1.313833e+02 5.652425e+02
    endloop
  endfacet
  facet normal -1.609288e-01 0.000000e+00 -9.869660e-01
    outer loop
      vertex   -1.676051e+02 1.222498e+02 5.652425e+02
      vertex   -1.676051e+02 1.313833e+02 5.652425e+02
      vertex   -1.671800e+02 1.222498e+02 5.651732e+02
    endloop
  endfacet
  facet normal -4.660055e-01 0.000000e+00 -8.847818e-01
    outer loop
      vertex   -1.688017e+02 1.679171e+02 5.657164e+02
      vertex   -1.684207e+02 1.679171e+02 5.655157e+02
      vertex   -1.684207e+02 1.587836e+02 5.655157e+02
    endloop
  endfacet
  facet normal -3.681865e-01 0.000000e+00 -9.297520e-01
    outer loop
      vertex   -1.684207e+02 1.587836e+02 5.655157e+02
      vertex   -1.684207e+02 1.679171e+02 5.655157e+02
      vertex   -1.680202e+02 1.587836e+02 5.653571e+02
    endloop
  endfacet
  facet normal -3.681865e-01 0.000000e+00 -9.297520e-01
    outer loop
      vertex   -1.684207e+02 1.587836e+02 5.655157e+02
      vertex   -1.680202e+02 1.587836e+02 5.653571e+02
      vertex   -1.680202e+02 1.496502e+02 5.653571e+02
    endloop
  endfacet
  facet normal -2.660998e-01 0.000000e+00 -9.639455e-01
    outer loop
      vertex   -1.680202e+02 1.496502e+02 5.653571e+02
      vertex   -1.680202e+02 1.587836e+02 5.653571e+02
      vertex   -1.676051e+02 1.496502e+02 5.652425e+02
    endloop
  endfacet
  facet normal -2.660998e-01 -8.273350e-16 -9.639455e-01
    outer loop
      vertex   -1.680202e+02 1.496502e+02 5.653571e+02
      vertex   -1.676051e+02 1.496502e+02 5.652425e+02
      vertex   -1.676051e+02 1.405167e+02 5.652425e+02
    endloop
  endfacet
  facet normal -1.609288e-01 -5.007828e-16 -9.869660e-01
    outer loop
      vertex   -1.676051e+02 1.405167e+02 5.652425e+02
      vertex   -1.676051e+02 1.496502e+02 5.652425e+02
      vertex   -1.671800e+02 1.405167e+02 5.651732e+02
    endloop
  endfacet
  facet normal -1.609288e-01 0.000000e+00 -9.869660e-01
    outer loop
      vertex   -1.676051e+02 1.405167e+02 5.652425e+02
      vertex   -1.671800e+02 1.405167e+02 5.651732e+02
      vertex   -1.671800e+02 1.313833e+02 5.651732e+02
    endloop
  endfacet
  facet normal -5.389250e-02 0.000000e+00 -9.985467e-01
    outer loop
      vertex   -1.671800e+02 1.313833e+02 5.651732e+02
      vertex   -1.671800e+02 1.405167e+02 5.651732e+02
      vertex   -1.667500e+02 1.398495e+02 5.651500e+02
    endloop
  endfacet
  facet normal -4.660055e-01 0.000000e+00 -8.847818e-01
    outer loop
      vertex   -1.688017e+02 1.222498e+02 5.657164e+02
      vertex   -1.684207e+02 1.222498e+02 5.655157e+02
      vertex   -1.684207e+02 1.131164e+02 5.655157e+02
    endloop
  endfacet
  facet normal -3.681865e-01 0.000000e+00 -9.297520e-01
    outer loop
      vertex   -1.684207e+02 1.131164e+02 5.655157e+02
      vertex   -1.684207e+02 1.222498e+02 5.655157e+02
      vertex   -1.680202e+02 1.131164e+02 5.653571e+02
    endloop
  endfacet
  facet normal -3.681865e-01 0.000000e+00 -9.297520e-01
    outer loop
      vertex   -1.684207e+02 1.131164e+02 5.655157e+02
      vertex   -1.680202e+02 1.131164e+02 5.653571e+02
      vertex   -1.680202e+02 1.039829e+02 5.653571e+02
    endloop
  endfacet
  facet normal -2.660998e-01 0.000000e+00 -9.639455e-01
    outer loop
      vertex   -1.680202e+02 1.039829e+02 5.653571e+02
      vertex   -1.680202e+02 1.131164e+02 5.653571e+02
      vertex   -1.676051e+02 1.039829e+02 5.652425e+02
    endloop
  endfacet
  facet normal -3.681865e-01 0.000000e+00 -9.297520e-01
    outer loop
      vertex   -1.680202e+02 1.131164e+02 5.653571e+02
      vertex   -1.684207e+02 1.222498e+02 5.655157e+02
      vertex   -1.680202e+02 1.222498e+02 5.653571e+02
    endloop
  endfacet
  facet normal -3.681865e-01 0.000000e+00 -9.297520e-01
    outer loop
      vertex   -1.684207e+02 1.679171e+02 5.655157e+02
      vertex   -1.680202e+02 1.679171e+02 5.653571e+02
      vertex   -1.680202e+02 1.587836e+02 5.653571e+02
    endloop
  endfacet
  facet normal -2.660998e-01 0.000000e+00 -9.639455e-01
    outer loop
      vertex   -1.680202e+02 1.587836e+02 5.653571e+02
      vertex   -1.680202e+02 1.679171e+02 5.653571e+02
      vertex   -1.676051e+02 1.587836e+02 5.652425e+02
    endloop
  endfacet
  facet normal -2.660998e-01 0.000000e+00 -9.639455e-01
    outer loop
      vertex   -1.680202e+02 1.587836e+02 5.653571e+02
      vertex   -1.676051e+02 1.587836e+02 5.652425e+02
      vertex   -1.676051e+02 1.496502e+02 5.652425e+02
    endloop
  endfacet
  facet normal -1.609288e-01 0.000000e+00 -9.869660e-01
    outer loop
      vertex   -1.676051e+02 1.496502e+02 5.652425e+02
      vertex   -1.676051e+02 1.587836e+02 5.652425e+02
      vertex   -1.671800e+02 1.496502e+02 5.651732e+02
    endloop
  endfacet
  facet normal -1.609288e-01 0.000000e+00 -9.869660e-01
    outer loop
      vertex   -1.676051e+02 1.496502e+02 5.652425e+02
      vertex   -1.671800e+02 1.496502e+02 5.651732e+02
      vertex   -1.671800e+02 1.405167e+02 5.651732e+02
    endloop
  endfacet
  facet normal -5.389250e-02 0.000000e+00 -9.985467e-01
    outer loop
      vertex   -1.671800e+02 1.405167e+02 5.651732e+02
      vertex   -1.671800e+02 1.496502e+02 5.651732e+02
      vertex   -1.667500e+02 1.398495e+02 5.651500e+02
    endloop
  endfacet
  facet normal -2.660998e-01 0.000000e+00 -9.639455e-01
    outer loop
      vertex   -1.680202e+02 1.131164e+02 5.653571e+02
      vertex   -1.680202e+02 1.222498e+02 5.653571e+02
      vertex   -1.676051e+02 1.131164e+02 5.652425e+02
    endloop
  endfacet
  facet normal -2.660998e-01 0.000000e+00 -9.639455e-01
    outer loop
      vertex   -1.676051e+02 1.131164e+02 5.652425e+02
      vertex   -1.680202e+02 1.222498e+02 5.653571e+02
      vertex   -1.676051e+02 1.222498e+02 5.652425e+02
    endloop
  endfacet
  facet normal -1.609288e-01 0.000000e+00 -9.869660e-01
    outer loop
      vertex   -1.676051e+02 1.131164e+02 5.652425e+02
      vertex   -1.676051e+02 1.222498e+02 5.652425e+02
      vertex   -1.671800e+02 1.131164e+02 5.651732e+02
    endloop
  endfacet
  facet normal -1.609288e-01 0.000000e+00 -9.869660e-01
    outer loop
      vertex   -1.671800e+02 1.131164e+02 5.651732e+02
      vertex   -1.676051e+02 1.222498e+02 5.652425e+02
      vertex   -1.671800e+02 1.222498e+02 5.651732e+02
    endloop
  endfacet
  facet normal -2.660998e-01 0.000000e+00 -9.639455e-01
    outer loop
      vertex   -1.680202e+02 1.679171e+02 5.653571e+02
      vertex   -1.676051e+02 1.679171e+02 5.652425e+02
      vertex   -1.676051e+02 1.587836e+02 5.652425e+02
    endloop
  endfacet
  facet normal -1.609288e-01 0.000000e+00 -9.869660e-01
    outer loop
      vertex   -1.676051e+02 1.587836e+02 5.652425e+02
      vertex   -1.676051e+02 1.679171e+02 5.652425e+02
      vertex   -1.671800e+02 1.587836e+02 5.651732e+02
    endloop
  endfacet
  facet normal -1.609288e-01 0.000000e+00 -9.869660e-01
    outer loop
      vertex   -1.676051e+02 1.587836e+02 5.652425e+02
      vertex   -1.671800e+02 1.587836e+02 5.651732e+02
      vertex   -1.671800e+02 1.496502e+02 5.651732e+02
    endloop
  endfacet
  facet normal -5.389250e-02 0.000000e+00 -9.985467e-01
    outer loop
      vertex   -1.671800e+02 1.496502e+02 5.651732e+02
      vertex   -1.671800e+02 1.587836e+02 5.651732e+02
      vertex   -1.667500e+02 1.398495e+02 5.651500e+02
    endloop
  endfacet
  facet normal -1.609288e-01 0.000000e+00 -9.869660e-01
    outer loop
      vertex   -1.671800e+02 1.039829e+02 5.651732e+02
      vertex   -1.676051e+02 1.039829e+02 5.652425e+02
      vertex   -1.676051e+02 1.131164e+02 5.652425e+02
    endloop
  endfacet
  facet normal -2.660998e-01 -0.000000e+00 -9.639455e-01
    outer loop
      vertex   -1.676051e+02 1.131164e+02 5.652425e+02
      vertex   -1.676051e+02 1.039829e+02 5.652425e+02
      vertex   -1.680202e+02 1.131164e+02 5.653571e+02
    endloop
  endfacet
  facet normal -1.609288e-01 0.000000e+00 -9.869660e-01
    outer loop
      vertex   -1.671800e+02 1.039829e+02 5.651732e+02
      vertex   -1.676051e+02 1.131164e+02 5.652425e+02
      vertex   -1.671800e+02 1.131164e+02 5.651732e+02
    endloop
  endfacet
  facet normal -5.389250e-02 0.000000e+00 -9.985467e-01
    outer loop
      vertex   -1.667500e+02 1.398495e+02 5.651500e+02
      vertex   -1.671800e+02 1.587836e+02 5.651732e+02
      vertex   -1.671800e+02 1.679171e+02 5.651732e+02
    endloop
  endfacet
  facet normal -1.609288e-01 -0.000000e+00 -9.869660e-01
    outer loop
      vertex   -1.671800e+02 1.679171e+02 5.651732e+02
      vertex   -1.671800e+02 1.587836e+02 5.651732e+02
      vertex   -1.676051e+02 1.679171e+02 5.652425e+02
    endloop
  endfacet
  facet normal 0.000000e+00 1.000000e+00 0.000000e+00
    outer loop
      vertex   -1.667735e+02 1.770505e+02 6.486493e+02
      vertex   -1.674571e+02 1.770505e+02 6.485819e+02
      vertex   -1.670006e+02 1.770505e+02 6.486421e+02
    endloop
  endfacet
  facet normal 0.000000e+00 1.000000e+00 0.000000e+00
    outer loop
      vertex   -1.667500e+02 1.770505e+02 6.460024e+02
      vertex   -1.667500e+02 1.770505e+02 5.677976e+02
      vertex   -1.667506e+02 1.770505e+02 6.460024e+02
    endloop
  endfacet
  facet normal 0.000000e+00 1.000000e+00 0.000000e+00
    outer loop
      vertex   -1.667506e+02 1.770505e+02 6.460024e+02
      vertex   -1.667500e+02 1.770505e+02 5.677976e+02
      vertex   -1.670132e+02 1.770505e+02 5.678235e+02
    endloop
  endfacet
  facet normal 0.000000e+00 1.000000e+00 0.000000e+00
    outer loop
      vertex   -1.667506e+02 1.770505e+02 6.460024e+02
      vertex   -1.670132e+02 1.770505e+02 5.678235e+02
      vertex   -1.670139e+02 1.770505e+02 6.459765e+02
    endloop
  endfacet
  facet normal 0.000000e+00 1.000000e+00 0.000000e+00
    outer loop
      vertex   -1.670139e+02 1.770505e+02 6.459765e+02
      vertex   -1.670132e+02 1.770505e+02 5.678235e+02
      vertex   -1.670145e+02 1.770505e+02 6.459763e+02
    endloop
  endfacet
  facet normal 0.000000e+00 1.000000e+00 0.000000e+00
    outer loop
      vertex   -1.670145e+02 1.770505e+02 6.459763e+02
      vertex   -1.670132e+02 1.770505e+02 5.678235e+02
      vertex   -1.670139e+02 1.770505e+02 5.678235e+02
    endloop
  endfacet
  facet normal 0.000000e+00 1.000000e+00 0.000000e+00
    outer loop
      vertex   -1.670145e+02 1.770505e+02 6.459763e+02
      vertex   -1.670139e+02 1.770505e+02 5.678235e+02
      vertex   -1.672669e+02 1.770505e+02 5.679003e+02
    endloop
  endfacet
  facet normal -0.000000e+00 1.000000e+00 -0.000000e+00
    outer loop
      vertex   -1.672676e+02 1.770505e+02 5.679005e+02
      vertex   -1.672681e+02 1.770505e+02 6.458992e+02
      vertex   -1.672669e+02 1.770505e+02 5.679003e+02
    endloop
  endfacet
  facet normal 0.000000e+00 1.000000e+00 0.000000e+00
    outer loop
      vertex   -1.672669e+02 1.770505e+02 5.679003e+02
      vertex   -1.672681e+02 1.770505e+02 6.458992e+02
      vertex   -1.672676e+02 1.770505e+02 6.458995e+02
    endloop
  endfacet
  facet normal 0.000000e+00 1.000000e+00 -0.000000e+00
    outer loop
      vertex   -1.672669e+02 1.770505e+02 5.679003e+02
      vertex   -1.672676e+02 1.770505e+02 6.458995e+02
      vertex   -1.670145e+02 1.770505e+02 6.459763e+02
    endloop
  endfacet
  facet normal 0.000000e+00 1.000000e+00 0.000000e+00
    outer loop
      vertex   -1.672676e+02 1.770505e+02 5.679005e+02
      vertex   -1.675008e+02 1.770505e+02 5.680252e+02
      vertex   -1.672681e+02 1.770505e+02 6.458992e+02
    endloop
  endfacet
  facet normal 0.000000e+00 1.000000e+00 0.000000e+00
    outer loop
      vertex   -1.672681e+02 1.770505e+02 6.458992e+02
      vertex   -1.675008e+02 1.770505e+02 5.680252e+02
      vertex   -1.675014e+02 1.770505e+02 6.457745e+02
    endloop
  endfacet
  facet normal 0.000000e+00 1.000000e+00 0.000000e+00
    outer loop
      vertex   -1.675014e+02 1.770505e+02 6.457745e+02
      vertex   -1.675008e+02 1.770505e+02 5.680252e+02
      vertex   -1.675019e+02 1.770505e+02 6.457741e+02
    endloop
  endfacet
  facet normal 0.000000e+00 1.000000e+00 0.000000e+00
    outer loop
      vertex   -1.675019e+02 1.770505e+02 6.457741e+02
      vertex   -1.675008e+02 1.770505e+02 5.680252e+02
      vertex   -1.675014e+02 1.770505e+02 5.680255e+02
    endloop
  endfacet
  facet normal 0.000000e+00 1.000000e+00 0.000000e+00
    outer loop
      vertex   -1.675019e+02 1.770505e+02 6.457741e+02
      vertex   -1.675014e+02 1.770505e+02 5.680255e+02
      vertex   -1.677058e+02 1.770505e+02 5.681933e+02
    endloop
  endfacet
  facet normal -0.000000e+00 1.000000e+00 -0.000000e+00
    outer loop
      vertex   -1.677063e+02 1.770505e+02 5.681937e+02
      vertex   -1.677067e+02 1.770505e+02 6.456058e+02
      vertex   -1.677058e+02 1.770505e+02 5.681933e+02
    endloop
  endfacet
  facet normal 0.000000e+00 1.000000e+00 0.000000e+00
    outer loop
      vertex   -1.677058e+02 1.770505e+02 5.681933e+02
      vertex   -1.677067e+02 1.770505e+02 6.456058e+02
      vertex   -1.677063e+02 1.770505e+02 6.456063e+02
    endloop
  endfacet
  facet normal 0.000000e+00 1.000000e+00 -0.000000e+00
    outer loop
      vertex   -1.677058e+02 1.770505e+02 5.681933e+02
      vertex   -1.677063e+02 1.770505e+02 6.456063e+02
      vertex   -1.675019e+02 1.770505e+02 6.457741e+02
    endloop
  endfacet
  facet normal 0.000000e+00 1.000000e+00 0.000000e+00
    outer loop
      vertex   -1.677063e+02 1.770505e+02 5.681937e+02
      vertex   -1.678741e+02 1.770505e+02 5.683981e+02
      vertex   -1.677067e+02 1.770505e+02 6.456058e+02
    endloop
  endfacet
  facet normal 0.000000e+00 1.000000e+00 0.000000e+00
    outer loop
      vertex   -1.677067e+02 1.770505e+02 6.456058e+02
      vertex   -1.678741e+02 1.770505e+02 5.683981e+02
      vertex   -1.678745e+02 1.770505e+02 6.454014e+02
    endloop
  endfacet
  facet normal 0.000000e+00 1.000000e+00 0.000000e+00
    outer loop
      vertex   -1.678745e+02 1.770505e+02 6.454014e+02
      vertex   -1.678741e+02 1.770505e+02 5.683981e+02
      vertex   -1.678748e+02 1.770505e+02 6.454008e+02
    endloop
  endfacet
  facet normal 0.000000e+00 1.000000e+00 0.000000e+00
    outer loop
      vertex   -1.678748e+02 1.770505e+02 6.454008e+02
      vertex   -1.678741e+02 1.770505e+02 5.683981e+02
      vertex   -1.678745e+02 1.770505e+02 5.683986e+02
    endloop
  endfacet
  facet normal 0.000000e+00 1.000000e+00 0.000000e+00
    outer loop
      vertex   -1.678748e+02 1.770505e+02 6.454008e+02
      vertex   -1.678745e+02 1.770505e+02 5.683986e+02
      vertex   -1.679992e+02 1.770505e+02 5.686319e+02
    endloop
  endfacet
  facet normal -0.000000e+00 1.000000e+00 -0.000000e+00
    outer loop
      vertex   -1.679995e+02 1.770505e+02 5.686324e+02
      vertex   -1.681024e+02 1.770505e+02 5.693371e+02
      vertex   -1.679992e+02 1.770505e+02 5.686319e+02
    endloop
  endfacet
  facet normal 0.000000e+00 1.000000e+00 0.000000e+00
    outer loop
      vertex   -1.679992e+02 1.770505e+02 5.686319e+02
      vertex   -1.681024e+02 1.770505e+02 5.693371e+02
      vertex   -1.679997e+02 1.770505e+02 6.451669e+02
    endloop
  endfacet
  facet normal 0.000000e+00 1.000000e+00 0.000000e+00
    outer loop
      vertex   -1.679992e+02 1.770505e+02 5.686319e+02
      vertex   -1.679997e+02 1.770505e+02 6.451669e+02
      vertex   -1.679995e+02 1.770505e+02 6.451676e+02
    endloop
  endfacet
  facet normal 0.000000e+00 1.000000e+00 0.000000e+00
    outer loop
      vertex   -1.679995e+02 1.770505e+02 5.686324e+02
      vertex   -1.680763e+02 1.770505e+02 5.688855e+02
      vertex   -1.681024e+02 1.770505e+02 5.693371e+02
    endloop
  endfacet
  facet normal 0.000000e+00 1.000000e+00 0.000000e+00
    outer loop
      vertex   -1.681024e+02 1.770505e+02 5.693371e+02
      vertex   -1.680763e+02 1.770505e+02 5.688855e+02
      vertex   -1.680765e+02 1.770505e+02 5.688862e+02
    endloop
  endfacet
  facet normal 0.000000e+00 1.000000e+00 0.000000e+00
    outer loop
      vertex   -1.681024e+02 1.770505e+02 5.693371e+02
      vertex   -1.680765e+02 1.770505e+02 5.688862e+02
      vertex   -1.681024e+02 1.770505e+02 5.691493e+02
    endloop
  endfacet
  facet normal 0.000000e+00 1.000000e+00 0.000000e+00
    outer loop
      vertex   -1.681024e+02 1.770505e+02 5.691493e+02
      vertex   -1.681024e+02 1.770505e+02 5.691500e+02
      vertex   -1.681024e+02 1.770505e+02 5.693371e+02
    endloop
  endfacet
  facet normal 0.000000e+00 1.000000e+00 0.000000e+00
    outer loop
      vertex   -1.681024e+02 1.770505e+02 5.693371e+02
      vertex   -1.681024e+02 1.770505e+02 6.446500e+02
      vertex   -1.679997e+02 1.770505e+02 6.451669e+02
    endloop
  endfacet
  facet normal 0.000000e+00 1.000000e+00 0.000000e+00
    outer loop
      vertex   -1.679997e+02 1.770505e+02 6.451669e+02
      vertex   -1.681024e+02 1.770505e+02 6.446500e+02
      vertex   -1.680765e+02 1.770505e+02 6.449132e+02
    endloop
  endfacet
  facet normal 0.000000e+00 1.000000e+00 0.000000e+00
    outer loop
      vertex   -1.679997e+02 1.770505e+02 6.451669e+02
      vertex   -1.680765e+02 1.770505e+02 6.449132e+02
      vertex   -1.680765e+02 1.770505e+02 6.449138e+02
    endloop
  endfacet
  facet normal -0.000000e+00 1.000000e+00 0.000000e+00
    outer loop
      vertex   -1.679995e+02 1.770505e+02 6.451676e+02
      vertex   -1.678748e+02 1.770505e+02 6.454008e+02
      vertex   -1.679992e+02 1.770505e+02 5.686319e+02
    endloop
  endfacet
  facet normal 0.000000e+00 1.000000e+00 0.000000e+00
    outer loop
      vertex   -1.685474e+02 1.770505e+02 6.482047e+02
      vertex   -1.688633e+02 1.770505e+02 6.480358e+02
      vertex   -1.687780e+02 1.770505e+02 6.480977e+02
    endloop
  endfacet
  facet normal 0.000000e+00 1.000000e+00 0.000000e+00
    outer loop
      vertex   -1.687780e+02 1.770505e+02 6.480977e+02
      vertex   -1.688633e+02 1.770505e+02 6.480358e+02
      vertex   -1.687796e+02 1.770505e+02 6.480968e+02
    endloop
  endfacet
  facet normal 0.000000e+00 1.000000e+00 0.000000e+00
    outer loop
      vertex   -1.681646e+02 1.770505e+02 6.483823e+02
      vertex   -1.680711e+02 1.770505e+02 6.484255e+02
      vertex   -1.675811e+02 1.770505e+02 6.485593e+02
    endloop
  endfacet
  facet normal 0.000000e+00 1.000000e+00 -0.000000e+00
    outer loop
      vertex   -1.675811e+02 1.770505e+02 6.485593e+02
      vertex   -1.680711e+02 1.770505e+02 6.484255e+02
      vertex   -1.675433e+02 1.770505e+02 6.485706e+02
    endloop
  endfacet
  facet normal 0.000000e+00 1.000000e+00 0.000000e+00
    outer loop
      vertex   -1.675811e+02 1.770505e+02 6.485593e+02
      vertex   -1.675433e+02 1.770505e+02 6.485706e+02
      vertex   -1.675371e+02 1.770505e+02 6.485714e+02
    endloop
  endfacet
  facet normal 0.000000e+00 1.000000e+00 0.000000e+00
    outer loop
      vertex   -1.681646e+02 1.770505e+02 6.483823e+02
      vertex   -1.680723e+02 1.770505e+02 6.484251e+02
      vertex   -1.680711e+02 1.770505e+02 6.484255e+02
    endloop
  endfacet
  facet normal 0.000000e+00 1.000000e+00 0.000000e+00
    outer loop
      vertex   -1.692052e+02 1.770505e+02 6.477867e+02
      vertex   -1.694817e+02 1.770505e+02 6.475597e+02
      vertex   -1.694088e+02 1.770505e+02 6.476383e+02
    endloop
  endfacet
  facet normal 0.000000e+00 1.000000e+00 0.000000e+00
    outer loop
      vertex   -1.694088e+02 1.770505e+02 6.476383e+02
      vertex   -1.694817e+02 1.770505e+02 6.475597e+02
      vertex   -1.694103e+02 1.770505e+02 6.476370e+02
    endloop
  endfacet
  facet normal 0.000000e+00 1.000000e+00 0.000000e+00
    outer loop
      vertex   -1.697689e+02 1.770505e+02 6.472488e+02
      vertex   -1.699958e+02 1.770505e+02 6.469723e+02
      vertex   -1.699387e+02 1.770505e+02 6.470648e+02
    endloop
  endfacet
  facet normal 0.000000e+00 1.000000e+00 0.000000e+00
    outer loop
      vertex   -1.699387e+02 1.770505e+02 6.470648e+02
      vertex   -1.699958e+02 1.770505e+02 6.469723e+02
      vertex   -1.699399e+02 1.770505e+02 6.470634e+02
    endloop
  endfacet
  facet normal 0.000000e+00 1.000000e+00 0.000000e+00
    outer loop
      vertex   -1.706728e+02 1.770505e+02 5.683680e+02
      vertex   -1.706593e+02 1.770505e+02 5.683189e+02
      vertex   -1.706625e+02 1.770505e+02 5.683182e+02
    endloop
  endfacet
  facet normal -0.000000e+00 1.000000e+00 0.000000e+00
    outer loop
      vertex   -1.706625e+02 1.770505e+02 5.683182e+02
      vertex   -1.706593e+02 1.770505e+02 5.683189e+02
      vertex   -1.705731e+02 1.770505e+02 5.679738e+02
    endloop
  endfacet
  facet normal -0.000000e+00 1.000000e+00 -0.000000e+00
    outer loop
      vertex   -1.705731e+02 1.770505e+02 5.679738e+02
      vertex   -1.706593e+02 1.770505e+02 5.683189e+02
      vertex   -1.704530e+02 1.770505e+02 5.676388e+02
    endloop
  endfacet
  facet normal 0.000000e+00 1.000000e+00 0.000000e+00
    outer loop
      vertex   -1.705731e+02 1.770505e+02 5.679738e+02
      vertex   -1.704530e+02 1.770505e+02 5.676388e+02
      vertex   -1.704534e+02 1.770505e+02 5.676386e+02
    endloop
  endfacet
  facet normal -0.000000e+00 1.000000e+00 0.000000e+00
    outer loop
      vertex   -1.704534e+02 1.770505e+02 5.676386e+02
      vertex   -1.704530e+02 1.770505e+02 5.676388e+02
      vertex   -1.704223e+02 1.770505e+02 5.675726e+02
    endloop
  endfacet
  facet normal 0.000000e+00 1.000000e+00 0.000000e+00
    outer loop
      vertex   -1.704534e+02 1.770505e+02 5.676386e+02
      vertex   -1.704223e+02 1.770505e+02 5.675726e+02
      vertex   -1.704252e+02 1.770505e+02 5.675714e+02
    endloop
  endfacet
  facet normal -0.000000e+00 1.000000e+00 0.000000e+00
    outer loop
      vertex   -1.704252e+02 1.770505e+02 5.675714e+02
      vertex   -1.704223e+02 1.770505e+02 5.675726e+02
      vertex   -1.702704e+02 1.770505e+02 5.672509e+02
    endloop
  endfacet
  facet normal -0.000000e+00 1.000000e+00 -0.000000e+00
    outer loop
      vertex   -1.702704e+02 1.770505e+02 5.672509e+02
      vertex   -1.704223e+02 1.770505e+02 5.675726e+02
      vertex   -1.700872e+02 1.770505e+02 5.669458e+02
    endloop
  endfacet
  facet normal 0.000000e+00 1.000000e+00 0.000000e+00
    outer loop
      vertex   -1.702704e+02 1.770505e+02 5.672509e+02
      vertex   -1.700872e+02 1.770505e+02 5.669458e+02
      vertex   -1.700876e+02 1.770505e+02 5.669455e+02
    endloop
  endfacet
  facet normal -0.000000e+00 1.000000e+00 0.000000e+00
    outer loop
      vertex   -1.700876e+02 1.770505e+02 5.669455e+02
      vertex   -1.700872e+02 1.770505e+02 5.669458e+02
      vertex   -1.700442e+02 1.770505e+02 5.668868e+02
    endloop
  endfacet
  facet normal 0.000000e+00 1.000000e+00 0.000000e+00
    outer loop
      vertex   -1.700876e+02 1.770505e+02 5.669455e+02
      vertex   -1.700442e+02 1.770505e+02 5.668868e+02
      vertex   -1.700468e+02 1.770505e+02 5.668850e+02
    endloop
  endfacet
  facet normal -0.000000e+00 1.000000e+00 0.000000e+00
    outer loop
      vertex   -1.700468e+02 1.770505e+02 5.668850e+02
      vertex   -1.700442e+02 1.770505e+02 5.668868e+02
      vertex   -1.698324e+02 1.770505e+02 5.666009e+02
    endloop
  endfacet
  facet normal -0.000000e+00 1.000000e+00 -0.000000e+00
    outer loop
      vertex   -1.698324e+02 1.770505e+02 5.666009e+02
      vertex   -1.700442e+02 1.770505e+02 5.668868e+02
      vertex   -1.695933e+02 1.770505e+02 5.663373e+02
    endloop
  endfacet
  facet normal 0.000000e+00 1.000000e+00 0.000000e+00
    outer loop
      vertex   -1.698324e+02 1.770505e+02 5.666009e+02
      vertex   -1.695933e+02 1.770505e+02 5.663373e+02
      vertex   -1.695936e+02 1.770505e+02 5.663370e+02
    endloop
  endfacet
  facet normal -0.000000e+00 1.000000e+00 0.000000e+00
    outer loop
      vertex   -1.695936e+02 1.770505e+02 5.663370e+02
      vertex   -1.695933e+02 1.770505e+02 5.663373e+02
      vertex   -1.695397e+02 1.770505e+02 5.662878e+02
    endloop
  endfacet
  facet normal 0.000000e+00 1.000000e+00 0.000000e+00
    outer loop
      vertex   -1.695936e+02 1.770505e+02 5.663370e+02
      vertex   -1.695397e+02 1.770505e+02 5.662878e+02
      vertex   -1.695418e+02 1.770505e+02 5.662856e+02
    endloop
  endfacet
  facet normal -0.000000e+00 1.000000e+00 0.000000e+00
    outer loop
      vertex   -1.695418e+02 1.770505e+02 5.662856e+02
      vertex   -1.695397e+02 1.770505e+02 5.662878e+02
      vertex   -1.692761e+02 1.770505e+02 5.660487e+02
    endloop
  endfacet
  facet normal -0.000000e+00 1.000000e+00 -0.000000e+00
    outer loop
      vertex   -1.692761e+02 1.770505e+02 5.660487e+02
      vertex   -1.695397e+02 1.770505e+02 5.662878e+02
      vertex   -1.689902e+02 1.770505e+02 5.658369e+02
    endloop
  endfacet
  facet normal 0.000000e+00 1.000000e+00 0.000000e+00
    outer loop
      vertex   -1.692761e+02 1.770505e+02 5.660487e+02
      vertex   -1.689902e+02 1.770505e+02 5.658369e+02
      vertex   -1.689905e+02 1.770505e+02 5.658365e+02
    endloop
  endfacet
  facet normal -0.000000e+00 1.000000e+00 0.000000e+00
    outer loop
      vertex   -1.689905e+02 1.770505e+02 5.658365e+02
      vertex   -1.689902e+02 1.770505e+02 5.658369e+02
      vertex   -1.689280e+02 1.770505e+02 5.657987e+02
    endloop
  endfacet
  facet normal 0.000000e+00 1.000000e+00 0.000000e+00
    outer loop
      vertex   -1.689905e+02 1.770505e+02 5.658365e+02
      vertex   -1.689280e+02 1.770505e+02 5.657987e+02
      vertex   -1.689296e+02 1.770505e+02 5.657961e+02
    endloop
  endfacet
  facet normal -0.000000e+00 1.000000e+00 0.000000e+00
    outer loop
      vertex   -1.689296e+02 1.770505e+02 5.657961e+02
      vertex   -1.689280e+02 1.770505e+02 5.657987e+02
      vertex   -1.686229e+02 1.770505e+02 5.656157e+02
    endloop
  endfacet
  facet normal -0.000000e+00 1.000000e+00 -0.000000e+00
    outer loop
      vertex   -1.686229e+02 1.770505e+02 5.656157e+02
      vertex   -1.689280e+02 1.770505e+02 5.657987e+02
      vertex   -1.683011e+02 1.770505e+02 5.654637e+02
    endloop
  endfacet
  facet normal 0.000000e+00 1.000000e+00 0.000000e+00
    outer loop
      vertex   -1.686229e+02 1.770505e+02 5.656157e+02
      vertex   -1.683011e+02 1.770505e+02 5.654637e+02
      vertex   -1.683013e+02 1.770505e+02 5.654632e+02
    endloop
  endfacet
  facet normal -0.000000e+00 1.000000e+00 0.000000e+00
    outer loop
      vertex   -1.683013e+02 1.770505e+02 5.654632e+02
      vertex   -1.683011e+02 1.770505e+02 5.654637e+02
      vertex   -1.682327e+02 1.770505e+02 5.654383e+02
    endloop
  endfacet
  facet normal 0.000000e+00 1.000000e+00 0.000000e+00
    outer loop
      vertex   -1.683013e+02 1.770505e+02 5.654632e+02
      vertex   -1.682327e+02 1.770505e+02 5.654383e+02
      vertex   -1.682339e+02 1.770505e+02 5.654355e+02
    endloop
  endfacet
  facet normal -0.000000e+00 1.000000e+00 0.000000e+00
    outer loop
      vertex   -1.682339e+02 1.770505e+02 5.654355e+02
      vertex   -1.682327e+02 1.770505e+02 5.654383e+02
      vertex   -1.678979e+02 1.770505e+02 5.653183e+02
    endloop
  endfacet
  facet normal -0.000000e+00 1.000000e+00 -0.000000e+00
    outer loop
      vertex   -1.678979e+02 1.770505e+02 5.653183e+02
      vertex   -1.682327e+02 1.770505e+02 5.654383e+02
      vertex   -1.675526e+02 1.770505e+02 5.652320e+02
    endloop
  endfacet
  facet normal 0.000000e+00 1.000000e+00 0.000000e+00
    outer loop
      vertex   -1.678979e+02 1.770505e+02 5.653183e+02
      vertex   -1.675526e+02 1.770505e+02 5.652320e+02
      vertex   -1.675528e+02 1.770505e+02 5.652314e+02
    endloop
  endfacet
  facet normal -0.000000e+00 1.000000e+00 0.000000e+00
    outer loop
      vertex   -1.675528e+02 1.770505e+02 5.652314e+02
      vertex   -1.675526e+02 1.770505e+02 5.652320e+02
      vertex   -1.674807e+02 1.770505e+02 5.652204e+02
    endloop
  endfacet
  facet normal 0.000000e+00 1.000000e+00 0.000000e+00
    outer loop
      vertex   -1.675528e+02 1.770505e+02 5.652314e+02
      vertex   -1.674807e+02 1.770505e+02 5.652204e+02
      vertex   -1.674812e+02 1.770505e+02 5.652174e+02
    endloop
  endfacet
  facet normal -0.000000e+00 1.000000e+00 0.000000e+00
    outer loop
      vertex   -1.674812e+02 1.770505e+02 5.652174e+02
      vertex   -1.674807e+02 1.770505e+02 5.652204e+02
      vertex   -1.671289e+02 1.770505e+02 5.651680e+02
    endloop
  endfacet
  facet normal -0.000000e+00 1.000000e+00 -0.000000e+00
    outer loop
      vertex   -1.671289e+02 1.770505e+02 5.651680e+02
      vertex   -1.674807e+02 1.770505e+02 5.652204e+02
      vertex   -1.667735e+02 1.770505e+02 5.651507e+02
    endloop
  endfacet
  facet normal 0.000000e+00 1.000000e+00 0.000000e+00
    outer loop
      vertex   -1.671289e+02 1.770505e+02 5.651680e+02
      vertex   -1.667735e+02 1.770505e+02 5.651507e+02
      vertex   -1.667735e+02 1.770505e+02 5.651501e+02
    endloop
  endfacet
  facet normal -0.000000e+00 1.000000e+00 0.000000e+00
    outer loop
      vertex   -1.667735e+02 1.770505e+02 5.651501e+02
      vertex   -1.667735e+02 1.770505e+02 5.651507e+02
      vertex   -1.667500e+02 1.770505e+02 5.651500e+02
    endloop
  endfacet
  facet normal 0.000000e+00 1.000000e+00 0.000000e+00
    outer loop
      vertex   -1.705320e+02 1.770505e+02 6.459009e+02
      vertex   -1.706361e+02 1.770505e+02 6.455579e+02
      vertex   -1.706183e+02 1.770505e+02 6.456679e+02
    endloop
  endfacet
  facet normal 0.000000e+00 1.000000e+00 0.000000e+00
    outer loop
      vertex   -1.702168e+02 1.770505e+02 6.466119e+02
      vertex   -1.703855e+02 1.770505e+02 6.462963e+02
      vertex   -1.703469e+02 1.770505e+02 6.463997e+02
    endloop
  endfacet
  facet normal 0.000000e+00 1.000000e+00 0.000000e+00
    outer loop
      vertex   -1.703469e+02 1.770505e+02 6.463997e+02
      vertex   -1.703855e+02 1.770505e+02 6.462963e+02
      vertex   -1.703477e+02 1.770505e+02 6.463983e+02
    endloop
  endfacet
  facet normal -0.000000e+00 1.000000e+00 -0.000000e+00
    outer loop
      vertex   -1.707421e+02 1.770505e+02 5.688994e+02
      vertex   -1.707422e+02 1.770505e+02 5.690544e+02
      vertex   -1.707196e+02 1.770505e+02 5.686582e+02
    endloop
  endfacet
  facet normal -0.000000e+00 1.000000e+00 -0.000000e+00
    outer loop
      vertex   -1.707196e+02 1.770505e+02 5.686582e+02
      vertex   -1.707422e+02 1.770505e+02 5.690544e+02
      vertex   -1.706796e+02 1.770505e+02 5.684193e+02
    endloop
  endfacet
  facet normal 0.000000e+00 1.000000e+00 0.000000e+00
    outer loop
      vertex   -1.707196e+02 1.770505e+02 5.686582e+02
      vertex   -1.706796e+02 1.770505e+02 5.684193e+02
      vertex   -1.706826e+02 1.770505e+02 5.684188e+02
    endloop
  endfacet
  facet normal -0.000000e+00 1.000000e+00 0.000000e+00
    outer loop
      vertex   -1.706826e+02 1.770505e+02 5.684188e+02
      vertex   -1.706796e+02 1.770505e+02 5.684193e+02
      vertex   -1.706730e+02 1.770505e+02 5.683689e+02
    endloop
  endfacet
  facet normal -1.307453e-01 9.744831e-11 9.914160e-01
    outer loop
      vertex   -1.675371e+02 1.770505e+02 6.485714e+02
      vertex   -1.675433e+02 1.770505e+02 6.485706e+02
      vertex   -1.675371e+02 1.770500e+02 6.485714e+02
    endloop
  endfacet
  facet normal -1.307453e-01 0.000000e+00 9.914160e-01
    outer loop
      vertex   -1.675371e+02 1.770500e+02 6.485714e+02
      vertex   -1.675433e+02 1.770505e+02 6.485706e+02
      vertex   -1.675433e+02 9.484950e+01 6.485706e+02
    endloop
  endfacet
  facet normal -1.307453e-01 -8.442205e-16 9.914160e-01
    outer loop
      vertex   -1.675371e+02 1.770500e+02 6.485714e+02
      vertex   -1.675433e+02 9.484950e+01 6.485706e+02
      vertex   -1.674571e+02 1.770500e+02 6.485819e+02
    endloop
  endfacet
  facet normal -1.307453e-01 -2.453097e-16 9.914160e-01
    outer loop
      vertex   -1.674571e+02 1.770500e+02 6.485819e+02
      vertex   -1.675433e+02 9.484950e+01 6.485706e+02
      vertex   -1.670006e+02 1.298495e+02 6.486421e+02
    endloop
  endfacet
  facet normal -1.307453e-01 0.000000e+00 9.914160e-01
    outer loop
      vertex   -1.674571e+02 1.770500e+02 6.485819e+02
      vertex   -1.670006e+02 1.298495e+02 6.486421e+02
      vertex   -1.670006e+02 1.398495e+02 6.486421e+02
    endloop
  endfacet
  facet normal -1.307453e-01 0.000000e+00 9.914160e-01
    outer loop
      vertex   -1.675433e+02 9.484950e+01 6.485706e+02
      vertex   -1.670006e+02 9.484950e+01 6.486421e+02
      vertex   -1.670006e+02 1.298495e+02 6.486421e+02
    endloop
  endfacet
  facet normal -1.307453e-01 0.000000e+00 9.914160e-01
    outer loop
      vertex   -1.670006e+02 1.398495e+02 6.486421e+02
      vertex   -1.670006e+02 1.770505e+02 6.486421e+02
      vertex   -1.674571e+02 1.770500e+02 6.485819e+02
    endloop
  endfacet
  facet normal -1.307453e-01 -5.480244e-11 9.914160e-01
    outer loop
      vertex   -1.674571e+02 1.770500e+02 6.485819e+02
      vertex   -1.670006e+02 1.770505e+02 6.486421e+02
      vertex   -1.674571e+02 1.770505e+02 6.485819e+02
    endloop
  endfacet
  facet normal -2.650314e-01 0.000000e+00 9.642398e-01
    outer loop
      vertex   -1.675433e+02 1.770505e+02 6.485706e+02
      vertex   -1.680711e+02 1.770505e+02 6.484255e+02
      vertex   -1.675433e+02 9.484950e+01 6.485706e+02
    endloop
  endfacet
  facet normal -2.650314e-01 0.000000e+00 9.642398e-01
    outer loop
      vertex   -1.675433e+02 9.484950e+01 6.485706e+02
      vertex   -1.680711e+02 1.770505e+02 6.484255e+02
      vertex   -1.680711e+02 9.484950e+01 6.484255e+02
    endloop
  endfacet
  facet normal -2.902633e-01 0.000000e+00 9.569468e-01
    outer loop
      vertex   -1.680711e+02 1.770505e+02 6.484255e+02
      vertex   -1.680723e+02 1.770505e+02 6.484251e+02
      vertex   -1.680711e+02 9.484950e+01 6.484255e+02
    endloop
  endfacet
  facet normal -2.902633e-01 0.000000e+00 9.569468e-01
    outer loop
      vertex   -1.680711e+02 9.484950e+01 6.484255e+02
      vertex   -1.680723e+02 1.770505e+02 6.484251e+02
      vertex   -1.680723e+02 9.484950e+01 6.484251e+02
    endloop
  endfacet
  facet normal -4.208922e-01 4.884371e-11 9.071107e-01
    outer loop
      vertex   -1.685474e+02 1.770505e+02 6.482047e+02
      vertex   -1.687780e+02 1.770505e+02 6.480977e+02
      vertex   -1.685474e+02 1.770500e+02 6.482047e+02
    endloop
  endfacet
  facet normal -4.208922e-01 0.000000e+00 9.071107e-01
    outer loop
      vertex   -1.685474e+02 1.770500e+02 6.482047e+02
      vertex   -1.687780e+02 1.770505e+02 6.480977e+02
      vertex   -1.687780e+02 9.484950e+01 6.480977e+02
    endloop
  endfacet
  facet normal -4.208922e-01 9.113927e-16 9.071107e-01
    outer loop
      vertex   -1.685474e+02 1.770500e+02 6.482047e+02
      vertex   -1.687780e+02 9.484950e+01 6.480977e+02
      vertex   -1.680723e+02 9.484950e+01 6.484251e+02
    endloop
  endfacet
  facet normal -4.208922e-01 -3.968246e-16 9.071107e-01
    outer loop
      vertex   -1.685474e+02 1.770500e+02 6.482047e+02
      vertex   -1.680723e+02 9.484950e+01 6.484251e+02
      vertex   -1.681646e+02 1.770500e+02 6.483823e+02
    endloop
  endfacet
  facet normal -4.208922e-01 0.000000e+00 9.071107e-01
    outer loop
      vertex   -1.681646e+02 1.770500e+02 6.483823e+02
      vertex   -1.680723e+02 9.484950e+01 6.484251e+02
      vertex   -1.680723e+02 1.770505e+02 6.484251e+02
    endloop
  endfacet
  facet normal -4.208922e-01 2.126278e-10 9.071107e-01
    outer loop
      vertex   -1.681646e+02 1.770500e+02 6.483823e+02
      vertex   -1.680723e+02 1.770505e+02 6.484251e+02
      vertex   -1.681646e+02 1.770505e+02 6.483823e+02
    endloop
  endfacet
  facet normal -4.714011e-01 0.000000e+00 8.819189e-01
    outer loop
      vertex   -1.687780e+02 1.770505e+02 6.480977e+02
      vertex   -1.687796e+02 1.770505e+02 6.480968e+02
      vertex   -1.687780e+02 9.484950e+01 6.480977e+02
    endloop
  endfacet
  facet normal -4.714011e-01 0.000000e+00 8.819189e-01
    outer loop
      vertex   -1.687780e+02 9.484950e+01 6.480977e+02
      vertex   -1.687796e+02 1.770505e+02 6.480968e+02
      vertex   -1.687796e+02 9.484950e+01 6.480968e+02
    endloop
  endfacet
  facet normal -5.889282e-01 -1.237899e-10 8.081854e-01
    outer loop
      vertex   -1.692052e+02 1.770505e+02 6.477867e+02
      vertex   -1.694088e+02 1.770505e+02 6.476383e+02
      vertex   -1.692052e+02 1.770500e+02 6.477867e+02
    endloop
  endfacet
  facet normal -5.889282e-01 0.000000e+00 8.081854e-01
    outer loop
      vertex   -1.692052e+02 1.770500e+02 6.477867e+02
      vertex   -1.694088e+02 1.770505e+02 6.476383e+02
      vertex   -1.694088e+02 9.484950e+01 6.476383e+02
    endloop
  endfacet
  facet normal -5.889282e-01 6.019178e-16 8.081854e-01
    outer loop
      vertex   -1.692052e+02 1.770500e+02 6.477867e+02
      vertex   -1.694088e+02 9.484950e+01 6.476383e+02
      vertex   -1.687796e+02 9.484950e+01 6.480968e+02
    endloop
  endfacet
  facet normal -5.889282e-01 -1.800793e-15 8.081854e-01
    outer loop
      vertex   -1.692052e+02 1.770500e+02 6.477867e+02
      vertex   -1.687796e+02 9.484950e+01 6.480968e+02
      vertex   -1.688633e+02 1.770500e+02 6.480358e+02
    endloop
  endfacet
  facet normal -5.889282e-01 0.000000e+00 8.081854e-01
    outer loop
      vertex   -1.688633e+02 1.770500e+02 6.480358e+02
      vertex   -1.687796e+02 9.484950e+01 6.480968e+02
      vertex   -1.687796e+02 1.770505e+02 6.480968e+02
    endloop
  endfacet
  facet normal -5.889282e-01 2.465609e-10 8.081854e-01
    outer loop
      vertex   -1.688633e+02 1.770500e+02 6.480358e+02
      vertex   -1.687796e+02 1.770505e+02 6.480968e+02
      vertex   -1.688633e+02 1.770505e+02 6.480358e+02
    endloop
  endfacet
  facet normal -6.343908e-01 0.000000e+00 7.730125e-01
    outer loop
      vertex   -1.694088e+02 1.770505e+02 6.476383e+02
      vertex   -1.694103e+02 1.770505e+02 6.476370e+02
      vertex   -1.694088e+02 9.484950e+01 6.476383e+02
    endloop
  endfacet
  facet normal -6.343908e-01 0.000000e+00 7.730125e-01
    outer loop
      vertex   -1.694088e+02 9.484950e+01 6.476383e+02
      vertex   -1.694103e+02 1.770505e+02 6.476370e+02
      vertex   -1.694103e+02 9.484950e+01 6.476370e+02
    endloop
  endfacet
  facet normal -7.347024e-01 4.951054e-11 6.783896e-01
    outer loop
      vertex   -1.697689e+02 1.770505e+02 6.472488e+02
      vertex   -1.699387e+02 1.770505e+02 6.470648e+02
      vertex   -1.697689e+02 1.770500e+02 6.472488e+02
    endloop
  endfacet
  facet normal -7.347024e-01 0.000000e+00 6.783896e-01
    outer loop
      vertex   -1.697689e+02 1.770500e+02 6.472488e+02
      vertex   -1.699387e+02 1.770505e+02 6.470648e+02
      vertex   -1.699387e+02 9.484950e+01 6.470648e+02
    endloop
  endfacet
  facet normal -7.347024e-01 -4.916379e-16 6.783896e-01
    outer loop
      vertex   -1.697689e+02 1.770500e+02 6.472488e+02
      vertex   -1.699387e+02 9.484950e+01 6.470648e+02
      vertex   -1.694103e+02 9.484950e+01 6.476370e+02
    endloop
  endfacet
  facet normal -7.347024e-01 1.206306e-15 6.783896e-01
    outer loop
      vertex   -1.697689e+02 1.770500e+02 6.472488e+02
      vertex   -1.694103e+02 9.484950e+01 6.476370e+02
      vertex   -1.694817e+02 1.770500e+02 6.475597e+02
    endloop
  endfacet
  facet normal -7.347024e-01 0.000000e+00 6.783896e-01
    outer loop
      vertex   -1.694817e+02 1.770500e+02 6.475597e+02
      vertex   -1.694103e+02 9.484950e+01 6.476370e+02
      vertex   -1.694103e+02 1.770505e+02 6.476370e+02
    endloop
  endfacet
  facet normal -7.347024e-01 4.482208e-11 6.783896e-01
    outer loop
      vertex   -1.694817e+02 1.770500e+02 6.475597e+02
      vertex   -1.694103e+02 1.770505e+02 6.476370e+02
      vertex   -1.694817e+02 1.770505e+02 6.475597e+02
    endloop
  endfacet
  facet normal -7.730244e-01 0.000000e+00 6.343762e-01
    outer loop
      vertex   -1.699387e+02 1.770505e+02 6.470648e+02
      vertex   -1.699399e+02 1.770505e+02 6.470634e+02
      vertex   -1.699387e+02 9.484950e+01 6.470648e+02
    endloop
  endfacet
  facet normal -7.730244e-01 0.000000e+00 6.343762e-01
    outer loop
      vertex   -1.699387e+02 9.484950e+01 6.470648e+02
      vertex   -1.699399e+02 1.770505e+02 6.470634e+02
      vertex   -1.699399e+02 9.484950e+01 6.470634e+02
    endloop
  endfacet
  facet normal -8.524593e-01 1.006937e-10 5.227936e-01
    outer loop
      vertex   -1.702168e+02 1.770505e+02 6.466119e+02
      vertex   -1.703469e+02 1.770505e+02 6.463997e+02
      vertex   -1.702168e+02 1.770500e+02 6.466119e+02
    endloop
  endfacet
  facet normal -8.524593e-01 0.000000e+00 5.227936e-01
    outer loop
      vertex   -1.702168e+02 1.770500e+02 6.466119e+02
      vertex   -1.703469e+02 1.770505e+02 6.463997e+02
      vertex   -1.703469e+02 9.484950e+01 6.463997e+02
    endloop
  endfacet
  facet normal -8.524593e-01 -1.007464e-15 5.227936e-01
    outer loop
      vertex   -1.702168e+02 1.770500e+02 6.466119e+02
      vertex   -1.703469e+02 9.484950e+01 6.463997e+02
      vertex   -1.699399e+02 9.484950e+01 6.470634e+02
    endloop
  endfacet
  facet normal -8.524593e-01 -5.140046e-16 5.227936e-01
    outer loop
      vertex   -1.702168e+02 1.770500e+02 6.466119e+02
      vertex   -1.699399e+02 9.484950e+01 6.470634e+02
      vertex   -1.699958e+02 1.770500e+02 6.469723e+02
    endloop
  endfacet
  facet normal -8.524593e-01 0.000000e+00 5.227936e-01
    outer loop
      vertex   -1.699958e+02 1.770500e+02 6.469723e+02
      vertex   -1.699399e+02 9.484950e+01 6.470634e+02
      vertex   -1.699399e+02 1.770505e+02 6.470634e+02
    endloop
  endfacet
  facet normal -8.524593e-01 -6.262521e-11 5.227936e-01
    outer loop
      vertex   -1.699958e+02 1.770500e+02 6.469723e+02
      vertex   -1.699399e+02 1.770505e+02 6.470634e+02
      vertex   -1.699958e+02 1.770505e+02 6.469723e+02
    endloop
  endfacet
  facet normal -8.819189e-01 0.000000e+00 4.714011e-01
    outer loop
      vertex   -1.703469e+02 1.770505e+02 6.463997e+02
      vertex   -1.703477e+02 1.770505e+02 6.463983e+02
      vertex   -1.703469e+02 9.484950e+01 6.463997e+02
    endloop
  endfacet
  facet normal -8.819189e-01 0.000000e+00 4.714011e-01
    outer loop
      vertex   -1.703469e+02 9.484950e+01 6.463997e+02
      vertex   -1.703477e+02 1.770505e+02 6.463983e+02
      vertex   -1.703477e+02 9.484950e+01 6.463983e+02
    endloop
  endfacet
  facet normal -9.377534e-01 1.578744e-06 3.473019e-01
    outer loop
      vertex   -1.705320e+02 1.770505e+02 6.459009e+02
      vertex   -1.706183e+02 1.770505e+02 6.456679e+02
      vertex   -1.705320e+02 1.770500e+02 6.459009e+02
    endloop
  endfacet
  facet normal -9.377534e-01 0.000000e+00 3.473019e-01
    outer loop
      vertex   -1.705320e+02 1.770500e+02 6.459009e+02
      vertex   -1.706183e+02 1.770505e+02 6.456679e+02
      vertex   -1.706183e+02 1.398495e+02 6.456679e+02
    endloop
  endfacet
  facet normal -9.377534e-01 0.000000e+00 3.473019e-01
    outer loop
      vertex   -1.705320e+02 1.770500e+02 6.459009e+02
      vertex   -1.706183e+02 1.398495e+02 6.456679e+02
      vertex   -1.706183e+02 1.298495e+02 6.456679e+02
    endloop
  endfacet
  facet normal -9.376972e-01 0.000000e+00 3.474534e-01
    outer loop
      vertex   -1.706183e+02 9.484950e+01 6.456679e+02
      vertex   -1.703477e+02 9.484950e+01 6.463983e+02
      vertex   -1.706183e+02 1.298495e+02 6.456679e+02
    endloop
  endfacet
  facet normal -9.377080e-01 -6.879985e-07 3.474244e-01
    outer loop
      vertex   -1.706183e+02 1.298495e+02 6.456679e+02
      vertex   -1.703477e+02 9.484950e+01 6.463983e+02
      vertex   -1.705320e+02 1.770500e+02 6.459009e+02
    endloop
  endfacet
  facet normal -9.376709e-01 -1.148677e-15 3.475244e-01
    outer loop
      vertex   -1.705320e+02 1.770500e+02 6.459009e+02
      vertex   -1.703477e+02 9.484950e+01 6.463983e+02
      vertex   -1.703855e+02 1.770500e+02 6.462963e+02
    endloop
  endfacet
  facet normal -9.376709e-01 0.000000e+00 3.475244e-01
    outer loop
      vertex   -1.703855e+02 1.770500e+02 6.462963e+02
      vertex   -1.703477e+02 9.484950e+01 6.463983e+02
      vertex   -1.703477e+02 1.770505e+02 6.463983e+02
    endloop
  endfacet
  facet normal -9.376709e-01 1.859641e-10 3.475244e-01
    outer loop
      vertex   -1.703855e+02 1.770500e+02 6.462963e+02
      vertex   -1.703477e+02 1.770505e+02 6.463983e+02
      vertex   -1.703855e+02 1.770505e+02 6.462963e+02
    endloop
  endfacet
  facet normal -9.872343e-01 2.487704e-07 1.592744e-01
    outer loop
      vertex   -1.707030e+02 1.770505e+02 6.451429e+02
      vertex   -1.707422e+02 1.770505e+02 6.449004e+02
      vertex   -1.707030e+02 1.770500e+02 6.451429e+02
    endloop
  endfacet
  facet normal -9.872343e-01 0.000000e+00 1.592744e-01
    outer loop
      vertex   -1.707030e+02 1.770500e+02 6.451429e+02
      vertex   -1.707422e+02 1.770505e+02 6.449004e+02
      vertex   -1.707422e+02 1.398495e+02 6.449004e+02
    endloop
  endfacet
  facet normal -9.872302e-01 -1.702306e-07 1.592999e-01
    outer loop
      vertex   -1.707030e+02 1.770500e+02 6.451429e+02
      vertex   -1.707422e+02 1.398495e+02 6.449004e+02
      vertex   -1.706183e+02 1.398495e+02 6.456679e+02
    endloop
  endfacet
  facet normal -9.872302e-01 0.000000e+00 1.592999e-01
    outer loop
      vertex   -1.706183e+02 1.398495e+02 6.456679e+02
      vertex   -1.707422e+02 1.398495e+02 6.449004e+02
      vertex   -1.706183e+02 1.298495e+02 6.456679e+02
    endloop
  endfacet
  facet normal -9.872302e-01 0.000000e+00 1.592999e-01
    outer loop
      vertex   -1.706183e+02 1.298495e+02 6.456679e+02
      vertex   -1.707422e+02 1.398495e+02 6.449004e+02
      vertex   -1.707422e+02 1.298495e+02 6.449004e+02
    endloop
  endfacet
  facet normal -9.872302e-01 0.000000e+00 1.592999e-01
    outer loop
      vertex   -1.706183e+02 1.298495e+02 6.456679e+02
      vertex   -1.707422e+02 1.298495e+02 6.449004e+02
      vertex   -1.706183e+02 9.484950e+01 6.456679e+02
    endloop
  endfacet
  facet normal -9.872302e-01 0.000000e+00 1.592999e-01
    outer loop
      vertex   -1.706183e+02 9.484950e+01 6.456679e+02
      vertex   -1.707422e+02 1.298495e+02 6.449004e+02
      vertex   -1.707422e+02 9.484950e+01 6.449004e+02
    endloop
  endfacet
  facet normal -9.872283e-01 -4.495055e-16 1.593116e-01
    outer loop
      vertex   -1.707030e+02 1.770500e+02 6.451429e+02
      vertex   -1.706183e+02 1.398495e+02 6.456679e+02
      vertex   -1.706361e+02 1.770500e+02 6.455579e+02
    endloop
  endfacet
  facet normal -9.872283e-01 0.000000e+00 1.593116e-01
    outer loop
      vertex   -1.706361e+02 1.770500e+02 6.455579e+02
      vertex   -1.706183e+02 1.398495e+02 6.456679e+02
      vertex   -1.706183e+02 1.770505e+02 6.456679e+02
    endloop
  endfacet
  facet normal -9.872283e-01 2.691392e-11 1.593116e-01
    outer loop
      vertex   -1.706361e+02 1.770500e+02 6.455579e+02
      vertex   -1.706183e+02 1.770505e+02 6.456679e+02
      vertex   -1.706361e+02 1.770505e+02 6.455579e+02
    endloop
  endfacet
  facet normal 0.000000e+00 1.000000e+00 0.000000e+00
    outer loop
      vertex   -1.707030e+02 1.770505e+02 6.451429e+02
      vertex   -1.707493e+02 1.770505e+02 6.446735e+02
      vertex   -1.707422e+02 1.770505e+02 6.449004e+02
    endloop
  endfacet
  facet normal -1.000000e+00 0.000000e+00 0.000000e+00
    outer loop
      vertex   -1.707500e+02 1.809000e+02 6.446500e+02
      vertex   -1.707500e+02 1.770500e+02 6.413337e+02
      vertex   -1.707500e+02 1.770500e+02 6.414847e+02
    endloop
  endfacet
  facet normal -1.000000e+00 0.000000e+00 -0.000000e+00
    outer loop
      vertex   -1.707500e+02 1.770500e+02 6.414847e+02
      vertex   -1.707500e+02 1.770500e+02 6.413337e+02
      vertex   -1.707500e+02 1.398495e+02 6.108995e+02
    endloop
  endfacet
  facet normal -1.000000e+00 -0.000000e+00 0.000000e+00
    outer loop
      vertex   -1.707500e+02 1.770500e+02 6.414847e+02
      vertex   -1.707500e+02 1.398495e+02 6.108995e+02
      vertex   -1.707500e+02 9.484950e+01 6.446500e+02
    endloop
  endfacet
  facet normal -1.000000e+00 0.000000e+00 0.000000e+00
    outer loop
      vertex   -1.707500e+02 9.484950e+01 6.446500e+02
      vertex   -1.707500e+02 1.398495e+02 6.108995e+02
      vertex   -1.707500e+02 1.298495e+02 6.108995e+02
    endloop
  endfacet
  facet normal -1.000000e+00 0.000000e+00 0.000000e+00
    outer loop
      vertex   -1.707500e+02 9.484950e+01 6.446500e+02
      vertex   -1.707500e+02 1.298495e+02 6.108995e+02
      vertex   -1.707500e+02 9.484950e+01 6.108995e+02
    endloop
  endfacet
  facet normal -1.000000e+00 0.000000e+00 0.000000e+00
    outer loop
      vertex   -1.707500e+02 1.809000e+02 6.446500e+02
      vertex   -1.707500e+02 1.770500e+02 6.408419e+02
      vertex   -1.707500e+02 1.770500e+02 6.413337e+02
    endloop
  endfacet
  facet normal -1.000000e+00 0.000000e+00 -0.000000e+00
    outer loop
      vertex   -1.707500e+02 1.770500e+02 6.413337e+02
      vertex   -1.707500e+02 1.770500e+02 6.408419e+02
      vertex   -1.707500e+02 1.398495e+02 6.108995e+02
    endloop
  endfacet
  facet normal -1.000000e+00 0.000000e+00 0.000000e+00
    outer loop
      vertex   -1.707500e+02 1.398495e+02 6.108995e+02
      vertex   -1.707500e+02 1.770500e+02 6.408419e+02
      vertex   -1.707500e+02 1.770500e+02 6.108995e+02
    endloop
  endfacet
  facet normal -1.000000e+00 0.000000e+00 0.000000e+00
    outer loop
      vertex   -1.707500e+02 1.770500e+02 6.108995e+02
      vertex   -1.707500e+02 1.770500e+02 6.408419e+02
      vertex   -1.707500e+02 1.809000e+02 6.446500e+02
    endloop
  endfacet
  facet normal -1.000000e+00 0.000000e+00 0.000000e+00
    outer loop
      vertex   -1.707500e+02 1.770500e+02 6.108995e+02
      vertex   -1.707500e+02 1.809000e+02 6.446500e+02
      vertex   -1.707500e+02 1.809000e+02 5.691500e+02
    endloop
  endfacet
  facet normal -1.000000e+00 0.000000e+00 0.000000e+00
    outer loop
      vertex   -1.707500e+02 1.770500e+02 5.724663e+02
      vertex   -1.707500e+02 1.770500e+02 6.029005e+02
      vertex   -1.707500e+02 1.809000e+02 5.691500e+02
    endloop
  endfacet
  facet normal -1.000000e+00 0.000000e+00 0.000000e+00
    outer loop
      vertex   -1.707500e+02 1.809000e+02 5.691500e+02
      vertex   -1.707500e+02 1.770500e+02 6.029005e+02
      vertex   -1.707500e+02 1.770500e+02 6.108995e+02
    endloop
  endfacet
  facet normal -1.000000e+00 0.000000e+00 0.000000e+00
    outer loop
      vertex   -1.707500e+02 9.484950e+01 6.446500e+02
      vertex   -1.707500e+02 1.809000e+02 6.446500e+02
      vertex   -1.707500e+02 1.770500e+02 6.414847e+02
    endloop
  endfacet
  facet normal -9.995083e-01 0.000000e+00 3.135593e-02
    outer loop
      vertex   -1.707500e+02 1.809000e+02 6.446500e+02
      vertex   -1.707500e+02 9.484950e+01 6.446500e+02
      vertex   -1.707493e+02 1.770505e+02 6.446735e+02
    endloop
  endfacet
  facet normal -9.995083e-01 -6.254127e-17 3.135593e-02
    outer loop
      vertex   -1.707493e+02 1.770505e+02 6.446735e+02
      vertex   -1.707500e+02 9.484950e+01 6.446500e+02
      vertex   -1.707422e+02 1.298495e+02 6.449004e+02
    endloop
  endfacet
  facet normal -9.995083e-01 0.000000e+00 3.135593e-02
    outer loop
      vertex   -1.707493e+02 1.770505e+02 6.446735e+02
      vertex   -1.707422e+02 1.298495e+02 6.449004e+02
      vertex   -1.707422e+02 1.398495e+02 6.449004e+02
    endloop
  endfacet
  facet normal -9.995083e-01 0.000000e+00 3.135593e-02
    outer loop
      vertex   -1.707500e+02 9.484950e+01 6.446500e+02
      vertex   -1.707422e+02 9.484950e+01 6.449004e+02
      vertex   -1.707422e+02 1.298495e+02 6.449004e+02
    endloop
  endfacet
  facet normal -9.995083e-01 0.000000e+00 3.135593e-02
    outer loop
      vertex   -1.707422e+02 1.398495e+02 6.449004e+02
      vertex   -1.707422e+02 1.770505e+02 6.449004e+02
      vertex   -1.707493e+02 1.770505e+02 6.446735e+02
    endloop
  endfacet
  facet normal -9.951836e-01 4.075817e-04 9.802728e-02
    outer loop
      vertex   -1.707493e+02 1.770505e+02 6.446735e+02
      vertex   -1.707030e+02 1.770505e+02 6.451429e+02
      vertex   -1.707500e+02 1.809000e+02 6.446500e+02
    endloop
  endfacet
  facet normal -9.951836e-01 4.075817e-04 9.802728e-02
    outer loop
      vertex   -1.707500e+02 1.809000e+02 6.446500e+02
      vertex   -1.707030e+02 1.770505e+02 6.451429e+02
      vertex   -1.706731e+02 1.809000e+02 6.454304e+02
    endloop
  endfacet
  facet normal -9.951836e-01 4.075817e-04 9.802728e-02
    outer loop
      vertex   -1.706731e+02 1.809000e+02 6.454304e+02
      vertex   -1.707030e+02 1.770505e+02 6.451429e+02
      vertex   -1.706796e+02 1.770500e+02 6.453807e+02
    endloop
  endfacet
  facet normal -9.951836e-01 4.075817e-04 9.802728e-02
    outer loop
      vertex   -1.706796e+02 1.770500e+02 6.453807e+02
      vertex   -1.707030e+02 1.770505e+02 6.451429e+02
      vertex   -1.707030e+02 1.770500e+02 6.451429e+02
    endloop
  endfacet
  facet normal -9.569400e-01 4.016388e-04 2.902855e-01
    outer loop
      vertex   -1.706361e+02 1.770500e+02 6.455579e+02
      vertex   -1.706361e+02 1.770505e+02 6.455579e+02
      vertex   -1.706680e+02 1.770500e+02 6.454526e+02
    endloop
  endfacet
  facet normal -9.569400e-01 4.016388e-04 2.902855e-01
    outer loop
      vertex   -1.706680e+02 1.770500e+02 6.454526e+02
      vertex   -1.706361e+02 1.770505e+02 6.455579e+02
      vertex   -1.706731e+02 1.809000e+02 6.454304e+02
    endloop
  endfacet
  facet normal -9.569400e-01 4.016388e-04 2.902855e-01
    outer loop
      vertex   -1.706731e+02 1.809000e+02 6.454304e+02
      vertex   -1.706361e+02 1.770505e+02 6.455579e+02
      vertex   -1.705320e+02 1.770505e+02 6.459009e+02
    endloop
  endfacet
  facet normal -9.569400e-01 4.016388e-04 2.902855e-01
    outer loop
      vertex   -1.706731e+02 1.809000e+02 6.454304e+02
      vertex   -1.705320e+02 1.770505e+02 6.459009e+02
      vertex   -1.704455e+02 1.809000e+02 6.461807e+02
    endloop
  endfacet
  facet normal -9.569400e-01 4.016388e-04 2.902855e-01
    outer loop
      vertex   -1.704455e+02 1.809000e+02 6.461807e+02
      vertex   -1.705320e+02 1.770505e+02 6.459009e+02
      vertex   -1.704617e+02 1.770500e+02 6.461327e+02
    endloop
  endfacet
  facet normal -9.569400e-01 4.016387e-04 2.902855e-01
    outer loop
      vertex   -1.704617e+02 1.770500e+02 6.461327e+02
      vertex   -1.705320e+02 1.770505e+02 6.459009e+02
      vertex   -1.705320e+02 1.770500e+02 6.459009e+02
    endloop
  endfacet
  facet normal -8.819189e-01 3.962714e-04 4.714010e-01
    outer loop
      vertex   -1.703855e+02 1.770500e+02 6.462963e+02
      vertex   -1.703855e+02 1.770505e+02 6.462963e+02
      vertex   -1.704363e+02 1.770500e+02 6.462011e+02
    endloop
  endfacet
  facet normal -8.819189e-01 3.962711e-04 4.714010e-01
    outer loop
      vertex   -1.704363e+02 1.770500e+02 6.462011e+02
      vertex   -1.703855e+02 1.770505e+02 6.462963e+02
      vertex   -1.704455e+02 1.809000e+02 6.461807e+02
    endloop
  endfacet
  facet normal -8.819189e-01 3.962711e-04 4.714010e-01
    outer loop
      vertex   -1.704455e+02 1.809000e+02 6.461807e+02
      vertex   -1.703855e+02 1.770505e+02 6.462963e+02
      vertex   -1.702168e+02 1.770505e+02 6.466119e+02
    endloop
  endfacet
  facet normal -8.819189e-01 3.962711e-04 4.714010e-01
    outer loop
      vertex   -1.704455e+02 1.809000e+02 6.461807e+02
      vertex   -1.702168e+02 1.770505e+02 6.466119e+02
      vertex   -1.700759e+02 1.809000e+02 6.468723e+02
    endloop
  endfacet
  facet normal -8.819189e-01 3.962711e-04 4.714010e-01
    outer loop
      vertex   -1.700759e+02 1.809000e+02 6.468723e+02
      vertex   -1.702168e+02 1.770505e+02 6.466119e+02
      vertex   -1.701013e+02 1.770500e+02 6.468280e+02
    endloop
  endfacet
  facet normal -8.819189e-01 3.962712e-04 4.714010e-01
    outer loop
      vertex   -1.701013e+02 1.770500e+02 6.468280e+02
      vertex   -1.702168e+02 1.770505e+02 6.466119e+02
      vertex   -1.702168e+02 1.770500e+02 6.466119e+02
    endloop
  endfacet
  facet normal -7.730244e-01 3.925919e-04 6.343762e-01
    outer loop
      vertex   -1.699958e+02 1.770500e+02 6.469723e+02
      vertex   -1.699958e+02 1.770505e+02 6.469723e+02
      vertex   -1.700631e+02 1.770500e+02 6.468902e+02
    endloop
  endfacet
  facet normal -7.730244e-01 3.925921e-04 6.343762e-01
    outer loop
      vertex   -1.700631e+02 1.770500e+02 6.468902e+02
      vertex   -1.699958e+02 1.770505e+02 6.469723e+02
      vertex   -1.700759e+02 1.809000e+02 6.468723e+02
    endloop
  endfacet
  facet normal -7.730244e-01 3.925921e-04 6.343762e-01
    outer loop
      vertex   -1.700759e+02 1.809000e+02 6.468723e+02
      vertex   -1.699958e+02 1.770505e+02 6.469723e+02
      vertex   -1.697689e+02 1.770505e+02 6.472488e+02
    endloop
  endfacet
  facet normal -7.730244e-01 3.925921e-04 6.343762e-01
    outer loop
      vertex   -1.700759e+02 1.809000e+02 6.468723e+02
      vertex   -1.697689e+02 1.770505e+02 6.472488e+02
      vertex   -1.695784e+02 1.809000e+02 6.474784e+02
    endloop
  endfacet
  facet normal -7.730244e-01 3.925921e-04 6.343762e-01
    outer loop
      vertex   -1.695784e+02 1.809000e+02 6.474784e+02
      vertex   -1.697689e+02 1.770505e+02 6.472488e+02
      vertex   -1.696122e+02 1.770500e+02 6.474396e+02
    endloop
  endfacet
  facet normal -7.730244e-01 3.925921e-04 6.343762e-01
    outer loop
      vertex   -1.696122e+02 1.770500e+02 6.474396e+02
      vertex   -1.697689e+02 1.770505e+02 6.472488e+02
      vertex   -1.697689e+02 1.770500e+02 6.472488e+02
    endloop
  endfacet
  facet normal -6.343907e-01 3.892052e-04 7.730124e-01
    outer loop
      vertex   -1.694817e+02 1.770500e+02 6.475597e+02
      vertex   -1.694817e+02 1.770505e+02 6.475597e+02
      vertex   -1.695627e+02 1.770500e+02 6.474933e+02
    endloop
  endfacet
  facet normal -6.343907e-01 3.892053e-04 7.730124e-01
    outer loop
      vertex   -1.695627e+02 1.770500e+02 6.474933e+02
      vertex   -1.694817e+02 1.770505e+02 6.475597e+02
      vertex   -1.695784e+02 1.809000e+02 6.474784e+02
    endloop
  endfacet
  facet normal -6.343907e-01 3.892053e-04 7.730124e-01
    outer loop
      vertex   -1.695784e+02 1.809000e+02 6.474784e+02
      vertex   -1.694817e+02 1.770505e+02 6.475597e+02
      vertex   -1.692052e+02 1.770505e+02 6.477867e+02
    endloop
  endfacet
  facet normal -6.343907e-01 3.892053e-04 7.730124e-01
    outer loop
      vertex   -1.695784e+02 1.809000e+02 6.474784e+02
      vertex   -1.692052e+02 1.770505e+02 6.477867e+02
      vertex   -1.689723e+02 1.809000e+02 6.479759e+02
    endloop
  endfacet
  facet normal -6.343907e-01 3.892053e-04 7.730124e-01
    outer loop
      vertex   -1.689723e+02 1.809000e+02 6.479759e+02
      vertex   -1.692052e+02 1.770505e+02 6.477867e+02
      vertex   -1.690132e+02 1.770500e+02 6.479442e+02
    endloop
  endfacet
  facet normal -6.343907e-01 3.892051e-04 7.730124e-01
    outer loop
      vertex   -1.690132e+02 1.770500e+02 6.479442e+02
      vertex   -1.692052e+02 1.770505e+02 6.477867e+02
      vertex   -1.692052e+02 1.770500e+02 6.477867e+02
    endloop
  endfacet
  facet normal -4.714010e-01 3.855315e-04 8.819189e-01
    outer loop
      vertex   -1.688633e+02 1.770500e+02 6.480358e+02
      vertex   -1.688633e+02 1.770505e+02 6.480358e+02
      vertex   -1.689542e+02 1.770500e+02 6.479872e+02
    endloop
  endfacet
  facet normal -4.714010e-01 3.855311e-04 8.819189e-01
    outer loop
      vertex   -1.689542e+02 1.770500e+02 6.479872e+02
      vertex   -1.688633e+02 1.770505e+02 6.480358e+02
      vertex   -1.689723e+02 1.809000e+02 6.479759e+02
    endloop
  endfacet
  facet normal -4.714010e-01 3.855311e-04 8.819189e-01
    outer loop
      vertex   -1.689723e+02 1.809000e+02 6.479759e+02
      vertex   -1.688633e+02 1.770505e+02 6.480358e+02
      vertex   -1.685474e+02 1.770505e+02 6.482047e+02
    endloop
  endfacet
  facet normal -4.714010e-01 3.855311e-04 8.819189e-01
    outer loop
      vertex   -1.689723e+02 1.809000e+02 6.479759e+02
      vertex   -1.685474e+02 1.770505e+02 6.482047e+02
      vertex   -1.682807e+02 1.809000e+02 6.483455e+02
    endloop
  endfacet
  facet normal -4.714010e-01 3.855311e-04 8.819189e-01
    outer loop
      vertex   -1.682807e+02 1.809000e+02 6.483455e+02
      vertex   -1.685474e+02 1.770505e+02 6.482047e+02
      vertex   -1.683274e+02 1.770500e+02 6.483223e+02
    endloop
  endfacet
  facet normal -4.714010e-01 3.855312e-04 8.819189e-01
    outer loop
      vertex   -1.683274e+02 1.770500e+02 6.483223e+02
      vertex   -1.685474e+02 1.770505e+02 6.482047e+02
      vertex   -1.685474e+02 1.770500e+02 6.482047e+02
    endloop
  endfacet
  facet normal -2.902632e-01 3.815654e-04 9.569468e-01
    outer loop
      vertex   -1.681646e+02 1.770500e+02 6.483823e+02
      vertex   -1.681646e+02 1.770505e+02 6.483823e+02
      vertex   -1.682612e+02 1.770500e+02 6.483530e+02
    endloop
  endfacet
  facet normal -2.902632e-01 3.815652e-04 9.569468e-01
    outer loop
      vertex   -1.682612e+02 1.770500e+02 6.483530e+02
      vertex   -1.681646e+02 1.770505e+02 6.483823e+02
      vertex   -1.682807e+02 1.809000e+02 6.483455e+02
    endloop
  endfacet
  facet normal -2.902632e-01 3.815652e-04 9.569468e-01
    outer loop
      vertex   -1.682807e+02 1.809000e+02 6.483455e+02
      vertex   -1.681646e+02 1.770505e+02 6.483823e+02
      vertex   -1.675304e+02 1.809000e+02 6.485731e+02
    endloop
  endfacet
  facet normal -2.902632e-01 3.815652e-04 9.569468e-01
    outer loop
      vertex   -1.675304e+02 1.809000e+02 6.485731e+02
      vertex   -1.681646e+02 1.770505e+02 6.483823e+02
      vertex   -1.675811e+02 1.770505e+02 6.485593e+02
    endloop
  endfacet
  facet normal -2.650314e-01 2.298607e-05 9.642398e-01
    outer loop
      vertex   -1.675811e+02 1.770505e+02 6.485593e+02
      vertex   -1.675371e+02 1.770505e+02 6.485714e+02
      vertex   -1.675304e+02 1.809000e+02 6.485731e+02
    endloop
  endfacet
  facet normal -2.650314e-01 2.298607e-05 9.642398e-01
    outer loop
      vertex   -1.675304e+02 1.809000e+02 6.485731e+02
      vertex   -1.675371e+02 1.770505e+02 6.485714e+02
      vertex   -1.675316e+02 1.770500e+02 6.485729e+02
    endloop
  endfacet
  facet normal -2.650314e-01 2.298616e-05 9.642398e-01
    outer loop
      vertex   -1.675316e+02 1.770500e+02 6.485729e+02
      vertex   -1.675371e+02 1.770505e+02 6.485714e+02
      vertex   -1.675371e+02 1.770500e+02 6.485714e+02
    endloop
  endfacet
  facet normal 0.000000e+00 -1.000000e+00 0.000000e+00
    outer loop
      vertex   -1.674571e+02 1.770500e+02 6.485819e+02
      vertex   -1.674807e+02 1.770500e+02 6.485796e+02
      vertex   -1.675371e+02 1.770500e+02 6.485714e+02
    endloop
  endfacet
  facet normal 0.000000e+00 -1.000000e+00 0.000000e+00
    outer loop
      vertex   -1.675371e+02 1.770500e+02 6.485714e+02
      vertex   -1.674807e+02 1.770500e+02 6.485796e+02
      vertex   -1.675316e+02 1.770500e+02 6.485729e+02
    endloop
  endfacet
  facet normal 0.000000e+00 -1.000000e+00 0.000000e+00
    outer loop
      vertex   -1.685474e+02 1.770500e+02 6.482047e+02
      vertex   -1.681646e+02 1.770500e+02 6.483823e+02
      vertex   -1.683274e+02 1.770500e+02 6.483223e+02
    endloop
  endfacet
  facet normal 0.000000e+00 -1.000000e+00 0.000000e+00
    outer loop
      vertex   -1.683274e+02 1.770500e+02 6.483223e+02
      vertex   -1.681646e+02 1.770500e+02 6.483823e+02
      vertex   -1.682612e+02 1.770500e+02 6.483530e+02
    endloop
  endfacet
  facet normal 0.000000e+00 -1.000000e+00 0.000000e+00
    outer loop
      vertex   -1.692052e+02 1.770500e+02 6.477867e+02
      vertex   -1.688633e+02 1.770500e+02 6.480358e+02
      vertex   -1.690132e+02 1.770500e+02 6.479442e+02
    endloop
  endfacet
  facet normal 0.000000e+00 -1.000000e+00 0.000000e+00
    outer loop
      vertex   -1.690132e+02 1.770500e+02 6.479442e+02
      vertex   -1.688633e+02 1.770500e+02 6.480358e+02
      vertex   -1.689542e+02 1.770500e+02 6.479872e+02
    endloop
  endfacet
  facet normal 0.000000e+00 -1.000000e+00 0.000000e+00
    outer loop
      vertex   -1.697689e+02 1.770500e+02 6.472488e+02
      vertex   -1.694817e+02 1.770500e+02 6.475597e+02
      vertex   -1.696122e+02 1.770500e+02 6.474396e+02
    endloop
  endfacet
  facet normal 0.000000e+00 -1.000000e+00 0.000000e+00
    outer loop
      vertex   -1.696122e+02 1.770500e+02 6.474396e+02
      vertex   -1.694817e+02 1.770500e+02 6.475597e+02
      vertex   -1.695627e+02 1.770500e+02 6.474933e+02
    endloop
  endfacet
  facet normal 0.000000e+00 -1.000000e+00 0.000000e+00
    outer loop
      vertex   -1.702168e+02 1.770500e+02 6.466119e+02
      vertex   -1.699958e+02 1.770500e+02 6.469723e+02
      vertex   -1.701013e+02 1.770500e+02 6.468280e+02
    endloop
  endfacet
  facet normal 0.000000e+00 -1.000000e+00 0.000000e+00
    outer loop
      vertex   -1.701013e+02 1.770500e+02 6.468280e+02
      vertex   -1.699958e+02 1.770500e+02 6.469723e+02
      vertex   -1.700631e+02 1.770500e+02 6.468902e+02
    endloop
  endfacet
  facet normal 0.000000e+00 -1.000000e+00 0.000000e+00
    outer loop
      vertex   -1.705320e+02 1.770500e+02 6.459009e+02
      vertex   -1.703855e+02 1.770500e+02 6.462963e+02
      vertex   -1.704617e+02 1.770500e+02 6.461327e+02
    endloop
  endfacet
  facet normal 0.000000e+00 -1.000000e+00 0.000000e+00
    outer loop
      vertex   -1.704617e+02 1.770500e+02 6.461327e+02
      vertex   -1.703855e+02 1.770500e+02 6.462963e+02
      vertex   -1.704363e+02 1.770500e+02 6.462011e+02
    endloop
  endfacet
  facet normal 0.000000e+00 -1.000000e+00 0.000000e+00
    outer loop
      vertex   -1.706728e+02 1.770500e+02 5.683680e+02
      vertex   -1.706729e+02 1.770500e+02 5.683685e+02
      vertex   -1.706729e+02 1.770500e+02 5.683684e+02
    endloop
  endfacet
  facet normal 0.000000e+00 -1.000000e+00 0.000000e+00
    outer loop
      vertex   -1.706729e+02 1.770500e+02 5.683684e+02
      vertex   -1.706729e+02 1.770500e+02 5.683685e+02
      vertex   -1.706730e+02 1.770500e+02 5.683689e+02
    endloop
  endfacet
  facet normal 0.000000e+00 -1.000000e+00 0.000000e+00
    outer loop
      vertex   -1.707030e+02 1.770500e+02 6.451429e+02
      vertex   -1.706361e+02 1.770500e+02 6.455579e+02
      vertex   -1.706796e+02 1.770500e+02 6.453807e+02
    endloop
  endfacet
  facet normal 0.000000e+00 -1.000000e+00 0.000000e+00
    outer loop
      vertex   -1.706796e+02 1.770500e+02 6.453807e+02
      vertex   -1.706361e+02 1.770500e+02 6.455579e+02
      vertex   -1.706680e+02 1.770500e+02 6.454526e+02
    endloop
  endfacet
  facet normal 0.000000e+00 -1.000000e+00 0.000000e+00
    outer loop
      vertex   -1.707500e+02 1.770500e+02 6.029005e+02
      vertex   -1.707500e+02 1.770500e+02 5.724663e+02
      vertex   -1.707422e+02 1.770500e+02 5.690544e+02
    endloop
  endfacet
  facet normal 0.000000e+00 -1.000000e+00 0.000000e+00
    outer loop
      vertex   -1.707422e+02 1.770500e+02 5.690544e+02
      vertex   -1.707500e+02 1.770500e+02 5.724663e+02
      vertex   -1.707493e+02 1.770500e+02 5.691265e+02
    endloop
  endfacet
  facet normal 0.000000e+00 -1.000000e+00 0.000000e+00
    outer loop
      vertex   -1.707493e+02 1.770500e+02 5.691265e+02
      vertex   -1.707500e+02 1.770500e+02 5.724663e+02
      vertex   -1.707500e+02 1.770500e+02 5.723154e+02
    endloop
  endfacet
  facet normal 0.000000e+00 -1.000000e+00 0.000000e+00
    outer loop
      vertex   -1.707493e+02 1.770500e+02 5.691265e+02
      vertex   -1.707500e+02 1.770500e+02 5.723154e+02
      vertex   -1.707500e+02 1.770500e+02 5.691500e+02
    endloop
  endfacet
  facet normal -9.802491e-02 4.076127e-04 9.951839e-01
    outer loop
      vertex   -1.674571e+02 1.770500e+02 6.485819e+02
      vertex   -1.674571e+02 1.770505e+02 6.485819e+02
      vertex   -1.674807e+02 1.770500e+02 6.485796e+02
    endloop
  endfacet
  facet normal -9.802491e-02 4.076127e-04 9.951839e-01
    outer loop
      vertex   -1.674807e+02 1.770500e+02 6.485796e+02
      vertex   -1.674571e+02 1.770505e+02 6.485819e+02
      vertex   -1.675304e+02 1.809000e+02 6.485731e+02
    endloop
  endfacet
  facet normal -9.802491e-02 4.076127e-04 9.951839e-01
    outer loop
      vertex   -1.675304e+02 1.809000e+02 6.485731e+02
      vertex   -1.674571e+02 1.770505e+02 6.485819e+02
      vertex   -1.667500e+02 1.809000e+02 6.486500e+02
    endloop
  endfacet
  facet normal -9.802491e-02 4.076127e-04 9.951839e-01
    outer loop
      vertex   -1.667500e+02 1.809000e+02 6.486500e+02
      vertex   -1.674571e+02 1.770505e+02 6.485819e+02
      vertex   -1.667735e+02 1.770505e+02 6.486493e+02
    endloop
  endfacet
  facet normal -3.135354e-02 0.000000e+00 9.995084e-01
    outer loop
      vertex   -1.667500e+02 1.809000e+02 6.486500e+02
      vertex   -1.667735e+02 1.770505e+02 6.486493e+02
      vertex   -1.667500e+02 1.770505e+02 6.486500e+02
    endloop
  endfacet
  facet normal -3.135354e-02 0.000000e+00 9.995084e-01
    outer loop
      vertex   -1.667500e+02 1.770505e+02 6.486500e+02
      vertex   -1.667735e+02 1.770505e+02 6.486493e+02
      vertex   -1.667500e+02 1.770500e+02 6.486500e+02
    endloop
  endfacet
  facet normal -3.135354e-02 0.000000e+00 9.995084e-01
    outer loop
      vertex   -1.667500e+02 1.770500e+02 6.486500e+02
      vertex   -1.667735e+02 1.770505e+02 6.486493e+02
      vertex   -1.667500e+02 1.398495e+02 6.486500e+02
    endloop
  endfacet
  facet normal -3.139344e-02 -2.521304e-08 9.995071e-01
    outer loop
      vertex   -1.667500e+02 1.398495e+02 6.486500e+02
      vertex   -1.667735e+02 1.770505e+02 6.486493e+02
      vertex   -1.670006e+02 1.398495e+02 6.486421e+02
    endloop
  endfacet
  facet normal -3.139344e-02 0.000000e+00 9.995071e-01
    outer loop
      vertex   -1.667500e+02 1.398495e+02 6.486500e+02
      vertex   -1.670006e+02 1.398495e+02 6.486421e+02
      vertex   -1.667500e+02 1.298495e+02 6.486500e+02
    endloop
  endfacet
  facet normal -3.139344e-02 0.000000e+00 9.995071e-01
    outer loop
      vertex   -1.667500e+02 1.298495e+02 6.486500e+02
      vertex   -1.670006e+02 1.398495e+02 6.486421e+02
      vertex   -1.670006e+02 1.298495e+02 6.486421e+02
    endloop
  endfacet
  facet normal -3.139344e-02 0.000000e+00 9.995071e-01
    outer loop
      vertex   -1.667500e+02 1.298495e+02 6.486500e+02
      vertex   -1.670006e+02 1.298495e+02 6.486421e+02
      vertex   -1.667500e+02 9.484950e+01 6.486500e+02
    endloop
  endfacet
  facet normal -3.139344e-02 0.000000e+00 9.995071e-01
    outer loop
      vertex   -1.667500e+02 9.484950e+01 6.486500e+02
      vertex   -1.670006e+02 1.298495e+02 6.486421e+02
      vertex   -1.670006e+02 9.484950e+01 6.486421e+02
    endloop
  endfacet
  facet normal -3.139756e-02 0.000000e+00 9.995070e-01
    outer loop
      vertex   -1.667735e+02 1.770505e+02 6.486493e+02
      vertex   -1.670006e+02 1.770505e+02 6.486421e+02
      vertex   -1.670006e+02 1.398495e+02 6.486421e+02
    endloop
  endfacet
  facet normal 9.805062e-02 0.000000e+00 -9.951814e-01
    outer loop
      vertex   -1.667500e+02 1.770505e+02 6.460024e+02
      vertex   -1.667506e+02 1.770505e+02 6.460024e+02
      vertex   -1.667500e+02 1.772500e+02 6.460024e+02
    endloop
  endfacet
  facet normal 9.805062e-02 6.210484e-14 -9.951814e-01
    outer loop
      vertex   -1.667500e+02 1.772500e+02 6.460024e+02
      vertex   -1.667506e+02 1.770505e+02 6.460024e+02
      vertex   -1.670139e+02 1.772500e+02 6.459765e+02
    endloop
  endfacet
  facet normal 9.805062e-02 0.000000e+00 -9.951814e-01
    outer loop
      vertex   -1.667506e+02 1.770505e+02 6.460024e+02
      vertex   -1.670139e+02 1.770505e+02 6.459765e+02
      vertex   -1.670139e+02 1.772500e+02 6.459765e+02
    endloop
  endfacet
  facet normal 2.902969e-01 0.000000e+00 -9.569366e-01
    outer loop
      vertex   -1.670139e+02 1.770505e+02 6.459765e+02
      vertex   -1.670145e+02 1.770505e+02 6.459763e+02
      vertex   -1.670139e+02 1.772500e+02 6.459765e+02
    endloop
  endfacet
  facet normal 2.902969e-01 -7.438994e-14 -9.569366e-01
    outer loop
      vertex   -1.670139e+02 1.772500e+02 6.459765e+02
      vertex   -1.670145e+02 1.770505e+02 6.459763e+02
      vertex   -1.672676e+02 1.772500e+02 6.458995e+02
    endloop
  endfacet
  facet normal 2.902969e-01 0.000000e+00 -9.569366e-01
    outer loop
      vertex   -1.670145e+02 1.770505e+02 6.459763e+02
      vertex   -1.672676e+02 1.770505e+02 6.458995e+02
      vertex   -1.672676e+02 1.772500e+02 6.458995e+02
    endloop
  endfacet
  facet normal 4.713647e-01 0.000000e+00 -8.819384e-01
    outer loop
      vertex   -1.672676e+02 1.770505e+02 6.458995e+02
      vertex   -1.672681e+02 1.770505e+02 6.458992e+02
      vertex   -1.672676e+02 1.772500e+02 6.458995e+02
    endloop
  endfacet
  facet normal 4.713647e-01 3.730636e-14 -8.819384e-01
    outer loop
      vertex   -1.672676e+02 1.772500e+02 6.458995e+02
      vertex   -1.672681e+02 1.770505e+02 6.458992e+02
      vertex   -1.675014e+02 1.772500e+02 6.457745e+02
    endloop
  endfacet
  facet normal 4.713647e-01 0.000000e+00 -8.819384e-01
    outer loop
      vertex   -1.672681e+02 1.770505e+02 6.458992e+02
      vertex   -1.675014e+02 1.770505e+02 6.457745e+02
      vertex   -1.675014e+02 1.772500e+02 6.457745e+02
    endloop
  endfacet
  facet normal 6.343850e-01 0.000000e+00 -7.730173e-01
    outer loop
      vertex   -1.675014e+02 1.770505e+02 6.457745e+02
      vertex   -1.675019e+02 1.770505e+02 6.457741e+02
      vertex   -1.675014e+02 1.772500e+02 6.457745e+02
    endloop
  endfacet
  facet normal 6.343850e-01 2.463653e-13 -7.730173e-01
    outer loop
      vertex   -1.675014e+02 1.772500e+02 6.457745e+02
      vertex   -1.675019e+02 1.770505e+02 6.457741e+02
      vertex   -1.677063e+02 1.772500e+02 6.456063e+02
    endloop
  endfacet
  facet normal 6.343850e-01 0.000000e+00 -7.730173e-01
    outer loop
      vertex   -1.675019e+02 1.770505e+02 6.457741e+02
      vertex   -1.677063e+02 1.770505e+02 6.456063e+02
      vertex   -1.677063e+02 1.772500e+02 6.456063e+02
    endloop
  endfacet
  facet normal 7.730173e-01 0.000000e+00 -6.343850e-01
    outer loop
      vertex   -1.677063e+02 1.770505e+02 6.456063e+02
      vertex   -1.677067e+02 1.770505e+02 6.456058e+02
      vertex   -1.677063e+02 1.772500e+02 6.456063e+02
    endloop
  endfacet
  facet normal 7.730173e-01 -6.364624e-15 -6.343850e-01
    outer loop
      vertex   -1.677063e+02 1.772500e+02 6.456063e+02
      vertex   -1.677067e+02 1.770505e+02 6.456058e+02
      vertex   -1.678745e+02 1.772500e+02 6.454014e+02
    endloop
  endfacet
  facet normal 7.730173e-01 0.000000e+00 -6.343850e-01
    outer loop
      vertex   -1.677067e+02 1.770505e+02 6.456058e+02
      vertex   -1.678745e+02 1.770505e+02 6.454014e+02
      vertex   -1.678745e+02 1.772500e+02 6.454014e+02
    endloop
  endfacet
  facet normal 8.819085e-01 0.000000e+00 -4.714207e-01
    outer loop
      vertex   -1.678745e+02 1.770505e+02 6.454014e+02
      vertex   -1.678748e+02 1.770505e+02 6.454008e+02
      vertex   -1.678745e+02 1.772500e+02 6.454014e+02
    endloop
  endfacet
  facet normal 8.819085e-01 3.972788e-13 -4.714207e-01
    outer loop
      vertex   -1.678745e+02 1.772500e+02 6.454014e+02
      vertex   -1.678748e+02 1.770505e+02 6.454008e+02
      vertex   -1.679995e+02 1.772500e+02 6.451676e+02
    endloop
  endfacet
  facet normal 8.819085e-01 0.000000e+00 -4.714207e-01
    outer loop
      vertex   -1.678748e+02 1.770505e+02 6.454008e+02
      vertex   -1.679995e+02 1.770505e+02 6.451676e+02
      vertex   -1.679995e+02 1.772500e+02 6.451676e+02
    endloop
  endfacet
  facet normal 9.569427e-01 0.000000e+00 -2.902769e-01
    outer loop
      vertex   -1.679995e+02 1.770505e+02 6.451676e+02
      vertex   -1.679997e+02 1.770505e+02 6.451669e+02
      vertex   -1.679995e+02 1.772500e+02 6.451676e+02
    endloop
  endfacet
  facet normal 9.569427e-01 1.245828e-13 -2.902769e-01
    outer loop
      vertex   -1.679995e+02 1.772500e+02 6.451676e+02
      vertex   -1.679997e+02 1.770505e+02 6.451669e+02
      vertex   -1.680765e+02 1.772500e+02 6.449138e+02
    endloop
  endfacet
  facet normal 1.000000e+00 0.000000e+00 -0.000000e+00
    outer loop
      vertex   -1.667500e+02 1.770505e+02 5.651500e+02
      vertex   -1.667500e+02 1.779430e+02 5.671046e+02
      vertex   -1.667500e+02 1.770500e+02 5.651500e+02
    endloop
  endfacet
  facet normal 1.000000e+00 0.000000e+00 0.000000e+00
    outer loop
      vertex   -1.667500e+02 1.770500e+02 5.651500e+02
      vertex   -1.667500e+02 1.779430e+02 5.671046e+02
      vertex   -1.667500e+02 1.770505e+02 5.677976e+02
    endloop
  endfacet
  facet normal 1.000000e+00 0.000000e+00 -0.000000e+00
    outer loop
      vertex   -1.667500e+02 1.770500e+02 5.651500e+02
      vertex   -1.667500e+02 1.770505e+02 5.677976e+02
      vertex   -1.667500e+02 1.398495e+02 5.651500e+02
    endloop
  endfacet
  facet normal 1.000000e+00 0.000000e+00 0.000000e+00
    outer loop
      vertex   -1.667500e+02 1.398495e+02 5.651500e+02
      vertex   -1.667500e+02 1.770505e+02 5.677976e+02
      vertex   -1.667500e+02 1.398495e+02 6.486500e+02
    endloop
  endfacet
  facet normal 1.000000e+00 0.000000e+00 -0.000000e+00
    outer loop
      vertex   -1.667500e+02 1.398495e+02 5.651500e+02
      vertex   -1.667500e+02 1.398495e+02 6.486500e+02
      vertex   -1.667500e+02 1.298495e+02 6.486500e+02
    endloop
  endfacet
  facet normal 1.000000e+00 -0.000000e+00 0.000000e+00
    outer loop
      vertex   -1.667500e+02 1.779430e+02 5.671046e+02
      vertex   -1.667500e+02 1.770505e+02 5.651500e+02
      vertex   -1.667500e+02 1.797430e+02 5.671046e+02
    endloop
  endfacet
  facet normal 1.000000e+00 0.000000e+00 0.000000e+00
    outer loop
      vertex   -1.667500e+02 1.797430e+02 5.671046e+02
      vertex   -1.667500e+02 1.770505e+02 5.651500e+02
      vertex   -1.667500e+02 1.809000e+02 5.651500e+02
    endloop
  endfacet
  facet normal 1.000000e+00 0.000000e+00 0.000000e+00
    outer loop
      vertex   -1.667500e+02 1.797430e+02 5.671046e+02
      vertex   -1.667500e+02 1.809000e+02 5.651500e+02
      vertex   -1.667500e+02 1.809000e+02 5.659476e+02
    endloop
  endfacet
  facet normal 1.000000e+00 0.000000e+00 0.000000e+00
    outer loop
      vertex   -1.667500e+02 1.779430e+02 5.671046e+02
      vertex   -1.667500e+02 1.772500e+02 5.677976e+02
      vertex   -1.667500e+02 1.770505e+02 5.677976e+02
    endloop
  endfacet
  facet normal 1.000000e+00 0.000000e+00 -0.000000e+00
    outer loop
      vertex   -1.667500e+02 1.770505e+02 5.677976e+02
      vertex   -1.667500e+02 1.770505e+02 6.460024e+02
      vertex   -1.667500e+02 1.398495e+02 6.486500e+02
    endloop
  endfacet
  facet normal 1.000000e+00 -0.000000e+00 0.000000e+00
    outer loop
      vertex   -1.667500e+02 1.398495e+02 6.486500e+02
      vertex   -1.667500e+02 1.770505e+02 6.460024e+02
      vertex   -1.667500e+02 1.770500e+02 6.486500e+02
    endloop
  endfacet
  facet normal 1.000000e+00 0.000000e+00 0.000000e+00
    outer loop
      vertex   -1.667500e+02 1.770500e+02 6.486500e+02
      vertex   -1.667500e+02 1.770505e+02 6.460024e+02
      vertex   -1.667500e+02 1.779430e+02 6.466954e+02
    endloop
  endfacet
  facet normal 1.000000e+00 -0.000000e+00 0.000000e+00
    outer loop
      vertex   -1.667500e+02 1.770500e+02 6.486500e+02
      vertex   -1.667500e+02 1.779430e+02 6.466954e+02
      vertex   -1.667500e+02 1.770505e+02 6.486500e+02
    endloop
  endfacet
  facet normal 1.000000e+00 0.000000e+00 0.000000e+00
    outer loop
      vertex   -1.667500e+02 1.770505e+02 6.486500e+02
      vertex   -1.667500e+02 1.779430e+02 6.466954e+02
      vertex   -1.667500e+02 1.797430e+02 6.466954e+02
    endloop
  endfacet
  facet normal 1.000000e+00 -0.000000e+00 0.000000e+00
    outer loop
      vertex   -1.667500e+02 1.770505e+02 6.486500e+02
      vertex   -1.667500e+02 1.797430e+02 6.466954e+02
      vertex   -1.667500e+02 1.809000e+02 6.486500e+02
    endloop
  endfacet
  facet normal 1.000000e+00 0.000000e+00 0.000000e+00
    outer loop
      vertex   -1.667500e+02 1.809000e+02 6.486500e+02
      vertex   -1.667500e+02 1.797430e+02 6.466954e+02
      vertex   -1.667500e+02 1.809000e+02 6.478524e+02
    endloop
  endfacet
  facet normal 1.000000e+00 0.000000e+00 0.000000e+00
    outer loop
      vertex   -1.667500e+02 1.770505e+02 6.460024e+02
      vertex   -1.667500e+02 1.772500e+02 6.460024e+02
      vertex   -1.667500e+02 1.779430e+02 6.466954e+02
    endloop
  endfacet
  facet normal 1.000000e+00 -0.000000e+00 0.000000e+00
    outer loop
      vertex   -1.667500e+02 9.484950e+01 6.486500e+02
      vertex   -1.667500e+02 9.484950e+01 5.651500e+02
      vertex   -1.667500e+02 1.298495e+02 6.486500e+02
    endloop
  endfacet
  facet normal 1.000000e+00 0.000000e+00 0.000000e+00
    outer loop
      vertex   -1.667500e+02 1.298495e+02 6.486500e+02
      vertex   -1.667500e+02 9.484950e+01 5.651500e+02
      vertex   -1.667500e+02 1.398495e+02 5.651500e+02
    endloop
  endfacet
  facet normal -9.802491e-02 4.076127e-04 -9.951839e-01
    outer loop
      vertex   -1.667735e+02 1.770505e+02 5.651507e+02
      vertex   -1.674807e+02 1.770505e+02 5.652204e+02
      vertex   -1.667500e+02 1.809000e+02 5.651500e+02
    endloop
  endfacet
  facet normal -9.802491e-02 4.076127e-04 -9.951839e-01
    outer loop
      vertex   -1.667500e+02 1.809000e+02 5.651500e+02
      vertex   -1.674807e+02 1.770505e+02 5.652204e+02
      vertex   -1.675304e+02 1.809000e+02 5.652269e+02
    endloop
  endfacet
  facet normal -1.593155e-01 -3.967195e-04 -9.872276e-01
    outer loop
      vertex   -1.674807e+02 1.770505e+02 5.652204e+02
      vertex   -1.675526e+02 1.770505e+02 5.652320e+02
      vertex   -1.675304e+02 1.809000e+02 5.652269e+02
    endloop
  endfacet
  facet normal -1.307453e-01 -2.097936e-05 9.914160e-01
    outer loop
      vertex   -1.675316e+02 1.770500e+02 6.485729e+02
      vertex   -1.674807e+02 1.770500e+02 6.485796e+02
      vertex   -1.675304e+02 1.809000e+02 6.485731e+02
    endloop
  endfacet
  facet normal -2.902855e-01 4.015041e-04 -9.569400e-01
    outer loop
      vertex   -1.675526e+02 1.770505e+02 5.652320e+02
      vertex   -1.682327e+02 1.770505e+02 5.654383e+02
      vertex   -1.675304e+02 1.809000e+02 5.652269e+02
    endloop
  endfacet
  facet normal -2.902855e-01 4.015041e-04 -9.569400e-01
    outer loop
      vertex   -1.675304e+02 1.809000e+02 5.652269e+02
      vertex   -1.682327e+02 1.770505e+02 5.654383e+02
      vertex   -1.682807e+02 1.809000e+02 5.654545e+02
    endloop
  endfacet
  facet normal -3.475056e-01 -3.930130e-04 -9.376778e-01
    outer loop
      vertex   -1.682327e+02 1.770505e+02 5.654383e+02
      vertex   -1.683011e+02 1.770505e+02 5.654637e+02
      vertex   -1.682807e+02 1.809000e+02 5.654545e+02
    endloop
  endfacet
  facet normal -4.714010e-01 3.964756e-04 -8.819189e-01
    outer loop
      vertex   -1.683011e+02 1.770505e+02 5.654637e+02
      vertex   -1.689280e+02 1.770505e+02 5.657987e+02
      vertex   -1.682807e+02 1.809000e+02 5.654545e+02
    endloop
  endfacet
  facet normal -4.714010e-01 3.964756e-04 -8.819189e-01
    outer loop
      vertex   -1.682807e+02 1.809000e+02 5.654545e+02
      vertex   -1.689280e+02 1.770505e+02 5.657987e+02
      vertex   -1.689723e+02 1.809000e+02 5.658241e+02
    endloop
  endfacet
  facet normal -4.208921e-01 -3.784376e-04 9.071106e-01
    outer loop
      vertex   -1.683274e+02 1.770500e+02 6.483223e+02
      vertex   -1.682612e+02 1.770500e+02 6.483530e+02
      vertex   -1.682807e+02 1.809000e+02 6.483455e+02
    endloop
  endfacet
  facet normal -5.228024e-01 -3.898677e-04 -8.524538e-01
    outer loop
      vertex   -1.689280e+02 1.770505e+02 5.657987e+02
      vertex   -1.689902e+02 1.770505e+02 5.658369e+02
      vertex   -1.689723e+02 1.809000e+02 5.658241e+02
    endloop
  endfacet
  facet normal -6.343762e-01 3.925921e-04 -7.730244e-01
    outer loop
      vertex   -1.689902e+02 1.770505e+02 5.658369e+02
      vertex   -1.695397e+02 1.770505e+02 5.662878e+02
      vertex   -1.689723e+02 1.809000e+02 5.658241e+02
    endloop
  endfacet
  facet normal -6.343762e-01 3.925921e-04 -7.730244e-01
    outer loop
      vertex   -1.689723e+02 1.809000e+02 5.658241e+02
      vertex   -1.695397e+02 1.770505e+02 5.662878e+02
      vertex   -1.695784e+02 1.809000e+02 5.663216e+02
    endloop
  endfacet
  facet normal -5.889281e-01 -3.835150e-04 8.081853e-01
    outer loop
      vertex   -1.690132e+02 1.770500e+02 6.479442e+02
      vertex   -1.689542e+02 1.770500e+02 6.479872e+02
      vertex   -1.689723e+02 1.809000e+02 6.479759e+02
    endloop
  endfacet
  facet normal -6.783951e-01 -3.872669e-04 -7.346972e-01
    outer loop
      vertex   -1.695397e+02 1.770505e+02 5.662878e+02
      vertex   -1.695933e+02 1.770505e+02 5.663373e+02
      vertex   -1.695784e+02 1.809000e+02 5.663216e+02
    endloop
  endfacet
  facet normal -7.730244e-01 3.890996e-04 -6.343762e-01
    outer loop
      vertex   -1.695933e+02 1.770505e+02 5.663373e+02
      vertex   -1.700442e+02 1.770505e+02 5.668868e+02
      vertex   -1.695784e+02 1.809000e+02 5.663216e+02
    endloop
  endfacet
  facet normal -7.730244e-01 3.890996e-04 -6.343762e-01
    outer loop
      vertex   -1.695784e+02 1.809000e+02 5.663216e+02
      vertex   -1.700442e+02 1.770505e+02 5.668868e+02
      vertex   -1.700759e+02 1.809000e+02 5.669277e+02
    endloop
  endfacet
  facet normal -7.347023e-01 -3.871654e-04 6.783895e-01
    outer loop
      vertex   -1.696122e+02 1.770500e+02 6.474396e+02
      vertex   -1.695627e+02 1.770500e+02 6.474933e+02
      vertex   -1.695784e+02 1.809000e+02 6.474784e+02
    endloop
  endfacet
  facet normal -8.081779e-01 -3.832097e-04 -5.889383e-01
    outer loop
      vertex   -1.700442e+02 1.770505e+02 5.668868e+02
      vertex   -1.700872e+02 1.770505e+02 5.669458e+02
      vertex   -1.700759e+02 1.809000e+02 5.669277e+02
    endloop
  endfacet
  facet normal -8.819189e-01 3.859400e-04 -4.714010e-01
    outer loop
      vertex   -1.700872e+02 1.770505e+02 5.669458e+02
      vertex   -1.704223e+02 1.770505e+02 5.675726e+02
      vertex   -1.700759e+02 1.809000e+02 5.669277e+02
    endloop
  endfacet
  facet normal -8.819189e-01 3.859400e-04 -4.714010e-01
    outer loop
      vertex   -1.700759e+02 1.809000e+02 5.669277e+02
      vertex   -1.704223e+02 1.770505e+02 5.675726e+02
      vertex   -1.704455e+02 1.809000e+02 5.676193e+02
    endloop
  endfacet
  facet normal -8.524592e-01 -3.899271e-04 5.227935e-01
    outer loop
      vertex   -1.701013e+02 1.770500e+02 6.468280e+02
      vertex   -1.700631e+02 1.770500e+02 6.468902e+02
      vertex   -1.700759e+02 1.809000e+02 6.468723e+02
    endloop
  endfacet
  facet normal -9.071200e-01 -3.783173e-04 -4.208720e-01
    outer loop
      vertex   -1.704223e+02 1.770505e+02 5.675726e+02
      vertex   -1.704530e+02 1.770505e+02 5.676388e+02
      vertex   -1.704455e+02 1.809000e+02 5.676193e+02
    endloop
  endfacet
  facet normal -9.569400e-01 3.814390e-04 -2.902855e-01
    outer loop
      vertex   -1.704530e+02 1.770505e+02 5.676388e+02
      vertex   -1.706593e+02 1.770505e+02 5.683189e+02
      vertex   -1.704455e+02 1.809000e+02 5.676193e+02
    endloop
  endfacet
  facet normal -9.569400e-01 3.814390e-04 -2.902855e-01
    outer loop
      vertex   -1.704455e+02 1.809000e+02 5.676193e+02
      vertex   -1.706593e+02 1.770505e+02 5.683189e+02
      vertex   -1.706731e+02 1.809000e+02 5.683696e+02
    endloop
  endfacet
  facet normal -9.376709e-01 -3.931145e-04 3.475244e-01
    outer loop
      vertex   -1.704617e+02 1.770500e+02 6.461327e+02
      vertex   -1.704363e+02 1.770500e+02 6.462011e+02
      vertex   -1.704455e+02 1.809000e+02 6.461807e+02
    endloop
  endfacet
  facet normal -9.642398e-01 2.253843e-05 -2.650314e-01
    outer loop
      vertex   -1.706728e+02 1.770500e+02 5.683680e+02
      vertex   -1.706729e+02 1.770500e+02 5.683684e+02
      vertex   -1.706728e+02 1.770505e+02 5.683680e+02
    endloop
  endfacet
  facet normal -9.642398e-01 2.253847e-05 -2.650314e-01
    outer loop
      vertex   -1.706728e+02 1.770505e+02 5.683680e+02
      vertex   -1.706729e+02 1.770500e+02 5.683684e+02
      vertex   -1.706731e+02 1.809000e+02 5.683696e+02
    endloop
  endfacet
  facet normal -9.642398e-01 2.253847e-05 -2.650314e-01
    outer loop
      vertex   -1.706728e+02 1.770505e+02 5.683680e+02
      vertex   -1.706731e+02 1.809000e+02 5.683696e+02
      vertex   -1.706593e+02 1.770505e+02 5.683189e+02
    endloop
  endfacet
  facet normal -9.914115e-01 -2.142851e-05 -1.307795e-01
    outer loop
      vertex   -1.706796e+02 1.770505e+02 5.684193e+02
      vertex   -1.706731e+02 1.809000e+02 5.683696e+02
      vertex   -1.706730e+02 1.770505e+02 5.683689e+02
    endloop
  endfacet
  facet normal -9.914115e-01 -2.142851e-05 -1.307795e-01
    outer loop
      vertex   -1.706730e+02 1.770505e+02 5.683689e+02
      vertex   -1.706731e+02 1.809000e+02 5.683696e+02
      vertex   -1.706729e+02 1.770500e+02 5.683684e+02
    endloop
  endfacet
  facet normal -9.914115e-01 -2.142855e-05 -1.307795e-01
    outer loop
      vertex   -1.706730e+02 1.770505e+02 5.683689e+02
      vertex   -1.706729e+02 1.770500e+02 5.683684e+02
      vertex   -1.706730e+02 1.770500e+02 5.683689e+02
    endloop
  endfacet
  facet normal -9.872283e-01 -3.966687e-04 1.593116e-01
    outer loop
      vertex   -1.706796e+02 1.770500e+02 6.453807e+02
      vertex   -1.706680e+02 1.770500e+02 6.454526e+02
      vertex   -1.706731e+02 1.809000e+02 6.454304e+02
    endloop
  endfacet
  facet normal -9.951838e-01 4.075972e-04 -9.802609e-02
    outer loop
      vertex   -1.707422e+02 1.770500e+02 5.690544e+02
      vertex   -1.707493e+02 1.770500e+02 5.691265e+02
      vertex   -1.707422e+02 1.770505e+02 5.690544e+02
    endloop
  endfacet
  facet normal -9.951838e-01 4.075972e-04 -9.802609e-02
    outer loop
      vertex   -1.707422e+02 1.770505e+02 5.690544e+02
      vertex   -1.707493e+02 1.770500e+02 5.691265e+02
      vertex   -1.707500e+02 1.809000e+02 5.691500e+02
    endloop
  endfacet
  facet normal -9.951838e-01 4.075972e-04 -9.802609e-02
    outer loop
      vertex   -1.707422e+02 1.770505e+02 5.690544e+02
      vertex   -1.707500e+02 1.809000e+02 5.691500e+02
      vertex   -1.706731e+02 1.809000e+02 5.683696e+02
    endloop
  endfacet
  facet normal -9.951838e-01 4.075972e-04 -9.802609e-02
    outer loop
      vertex   -1.706731e+02 1.809000e+02 5.683696e+02
      vertex   -1.706796e+02 1.770505e+02 5.684193e+02
      vertex   -1.707422e+02 1.770505e+02 5.690544e+02
    endloop
  endfacet
  facet normal -9.995083e-01 0.000000e+00 -3.135474e-02
    outer loop
      vertex   -1.707493e+02 1.770500e+02 5.691265e+02
      vertex   -1.707500e+02 1.770500e+02 5.691500e+02
      vertex   -1.707500e+02 1.809000e+02 5.691500e+02
    endloop
  endfacet
  facet normal -1.000000e+00 0.000000e+00 0.000000e+00
    outer loop
      vertex   -1.707500e+02 1.770500e+02 5.691500e+02
      vertex   -1.707500e+02 1.770500e+02 5.723154e+02
      vertex   -1.707500e+02 1.809000e+02 5.691500e+02
    endloop
  endfacet
  facet normal -1.000000e+00 0.000000e+00 0.000000e+00
    outer loop
      vertex   -1.707500e+02 1.770500e+02 5.723154e+02
      vertex   -1.707500e+02 1.770500e+02 5.724663e+02
      vertex   -1.707500e+02 1.809000e+02 5.691500e+02
    endloop
  endfacet
  facet normal -0.000000e+00 -1.000000e+00 0.000000e+00
    outer loop
      vertex   -1.707270e+02 1.770500e+02 6.105066e+02
      vertex   -1.707500e+02 1.770500e+02 6.108995e+02
      vertex   -1.707500e+02 1.770500e+02 6.029005e+02
    endloop
  endfacet
  facet normal -3.151572e-02 9.904664e-07 -9.995033e-01
    outer loop
      vertex   -1.667500e+02 1.770505e+02 5.651500e+02
      vertex   -1.667735e+02 1.770505e+02 5.651507e+02
      vertex   -1.667500e+02 1.809000e+02 5.651500e+02
    endloop
  endfacet
  facet normal 9.951881e-01 0.000000e+00 9.798288e-02
    outer loop
      vertex   -1.681024e+02 1.770505e+02 5.691493e+02
      vertex   -1.680765e+02 1.770505e+02 5.688862e+02
      vertex   -1.680765e+02 1.772500e+02 5.688862e+02
    endloop
  endfacet
  facet normal 9.951881e-01 -0.000000e+00 9.798288e-02
    outer loop
      vertex   -1.681024e+02 1.770505e+02 5.691500e+02
      vertex   -1.681024e+02 1.770505e+02 5.691493e+02
      vertex   -1.681024e+02 1.772500e+02 5.691500e+02
    endloop
  endfacet
  facet normal 9.951881e-01 -1.614180e-15 9.798288e-02
    outer loop
      vertex   -1.681024e+02 1.772500e+02 5.691500e+02
      vertex   -1.681024e+02 1.770505e+02 5.691493e+02
      vertex   -1.680765e+02 1.772500e+02 5.688862e+02
    endloop
  endfacet
  facet normal 9.569397e-01 0.000000e+00 2.902869e-01
    outer loop
      vertex   -1.680763e+02 1.770505e+02 5.688855e+02
      vertex   -1.679995e+02 1.770505e+02 5.686324e+02
      vertex   -1.679995e+02 1.772500e+02 5.686324e+02
    endloop
  endfacet
  facet normal 9.569397e-01 -0.000000e+00 2.902869e-01
    outer loop
      vertex   -1.680765e+02 1.770505e+02 5.688862e+02
      vertex   -1.680763e+02 1.770505e+02 5.688855e+02
      vertex   -1.680765e+02 1.772500e+02 5.688862e+02
    endloop
  endfacet
  facet normal 9.569397e-01 -5.813243e-14 2.902869e-01
    outer loop
      vertex   -1.680765e+02 1.772500e+02 5.688862e+02
      vertex   -1.680763e+02 1.770505e+02 5.688855e+02
      vertex   -1.679995e+02 1.772500e+02 5.686324e+02
    endloop
  endfacet
  facet normal 8.819085e-01 0.000000e+00 4.714207e-01
    outer loop
      vertex   -1.679992e+02 1.770505e+02 5.686319e+02
      vertex   -1.678745e+02 1.770505e+02 5.683986e+02
      vertex   -1.678745e+02 1.772500e+02 5.683986e+02
    endloop
  endfacet
  facet normal 8.819085e-01 -0.000000e+00 4.714207e-01
    outer loop
      vertex   -1.679995e+02 1.770505e+02 5.686324e+02
      vertex   -1.679992e+02 1.770505e+02 5.686319e+02
      vertex   -1.679995e+02 1.772500e+02 5.686324e+02
    endloop
  endfacet
  facet normal 8.819085e-01 -1.286411e-13 4.714207e-01
    outer loop
      vertex   -1.679995e+02 1.772500e+02 5.686324e+02
      vertex   -1.679992e+02 1.770505e+02 5.686319e+02
      vertex   -1.678745e+02 1.772500e+02 5.683986e+02
    endloop
  endfacet
  facet normal 7.730028e-01 0.000000e+00 6.344026e-01
    outer loop
      vertex   -1.678741e+02 1.770505e+02 5.683981e+02
      vertex   -1.677063e+02 1.770505e+02 5.681937e+02
      vertex   -1.677063e+02 1.772500e+02 5.681937e+02
    endloop
  endfacet
  facet normal 7.730028e-01 -0.000000e+00 6.344026e-01
    outer loop
      vertex   -1.678745e+02 1.770505e+02 5.683986e+02
      vertex   -1.678741e+02 1.770505e+02 5.683981e+02
      vertex   -1.678745e+02 1.772500e+02 5.683986e+02
    endloop
  endfacet
  facet normal 7.730028e-01 1.515919e-13 6.344026e-01
    outer loop
      vertex   -1.678745e+02 1.772500e+02 5.683986e+02
      vertex   -1.678741e+02 1.770505e+02 5.683981e+02
      vertex   -1.677063e+02 1.772500e+02 5.681937e+02
    endloop
  endfacet
  facet normal 6.343850e-01 0.000000e+00 7.730173e-01
    outer loop
      vertex   -1.677058e+02 1.770505e+02 5.681933e+02
      vertex   -1.675014e+02 1.770505e+02 5.680255e+02
      vertex   -1.675014e+02 1.772500e+02 5.680255e+02
    endloop
  endfacet
  facet normal 6.343850e-01 -0.000000e+00 7.730173e-01
    outer loop
      vertex   -1.677063e+02 1.770505e+02 5.681937e+02
      vertex   -1.677058e+02 1.770505e+02 5.681933e+02
      vertex   -1.677063e+02 1.772500e+02 5.681937e+02
    endloop
  endfacet
  facet normal 6.343850e-01 1.941364e-13 7.730173e-01
    outer loop
      vertex   -1.677063e+02 1.772500e+02 5.681937e+02
      vertex   -1.677058e+02 1.770505e+02 5.681933e+02
      vertex   -1.675014e+02 1.772500e+02 5.680255e+02
    endloop
  endfacet
  facet normal 4.714207e-01 0.000000e+00 8.819085e-01
    outer loop
      vertex   -1.675008e+02 1.770505e+02 5.680252e+02
      vertex   -1.672676e+02 1.770505e+02 5.679005e+02
      vertex   -1.672676e+02 1.772500e+02 5.679005e+02
    endloop
  endfacet
  facet normal 4.714207e-01 -0.000000e+00 8.819085e-01
    outer loop
      vertex   -1.675014e+02 1.770505e+02 5.680255e+02
      vertex   -1.675008e+02 1.770505e+02 5.680252e+02
      vertex   -1.675014e+02 1.772500e+02 5.680255e+02
    endloop
  endfacet
  facet normal 4.714207e-01 6.148167e-14 8.819085e-01
    outer loop
      vertex   -1.675014e+02 1.772500e+02 5.680255e+02
      vertex   -1.675008e+02 1.770505e+02 5.680252e+02
      vertex   -1.672676e+02 1.772500e+02 5.679005e+02
    endloop
  endfacet
  facet normal 2.902969e-01 0.000000e+00 9.569366e-01
    outer loop
      vertex   -1.672669e+02 1.770505e+02 5.679003e+02
      vertex   -1.670139e+02 1.770505e+02 5.678235e+02
      vertex   -1.670139e+02 1.772500e+02 5.678235e+02
    endloop
  endfacet
  facet normal 2.902969e-01 -0.000000e+00 9.569366e-01
    outer loop
      vertex   -1.672676e+02 1.770505e+02 5.679005e+02
      vertex   -1.672669e+02 1.770505e+02 5.679003e+02
      vertex   -1.672676e+02 1.772500e+02 5.679005e+02
    endloop
  endfacet
  facet normal 2.902969e-01 7.438994e-14 9.569366e-01
    outer loop
      vertex   -1.672676e+02 1.772500e+02 5.679005e+02
      vertex   -1.672669e+02 1.770505e+02 5.679003e+02
      vertex   -1.670139e+02 1.772500e+02 5.678235e+02
    endloop
  endfacet
  facet normal 9.797937e-02 -0.000000e+00 9.951884e-01
    outer loop
      vertex   -1.670139e+02 1.770505e+02 5.678235e+02
      vertex   -1.670132e+02 1.770505e+02 5.678235e+02
      vertex   -1.670139e+02 1.772500e+02 5.678235e+02
    endloop
  endfacet
  facet normal 9.797937e-02 -1.735668e-13 9.951884e-01
    outer loop
      vertex   -1.670139e+02 1.772500e+02 5.678235e+02
      vertex   -1.670132e+02 1.770505e+02 5.678235e+02
      vertex   -1.667500e+02 1.772500e+02 5.677976e+02
    endloop
  endfacet
  facet normal 9.797937e-02 0.000000e+00 9.951884e-01
    outer loop
      vertex   -1.670132e+02 1.770505e+02 5.678235e+02
      vertex   -1.667500e+02 1.770505e+02 5.677976e+02
      vertex   -1.667500e+02 1.772500e+02 5.677976e+02
    endloop
  endfacet
  facet normal 9.569427e-01 0.000000e+00 -2.902769e-01
    outer loop
      vertex   -1.679997e+02 1.770505e+02 6.451669e+02
      vertex   -1.680765e+02 1.770505e+02 6.449138e+02
      vertex   -1.680765e+02 1.772500e+02 6.449138e+02
    endloop
  endfacet
  facet normal 9.951878e-01 0.000000e+00 -9.798639e-02
    outer loop
      vertex   -1.680765e+02 1.770505e+02 6.449138e+02
      vertex   -1.680765e+02 1.770505e+02 6.449132e+02
      vertex   -1.680765e+02 1.772500e+02 6.449138e+02
    endloop
  endfacet
  facet normal 9.951878e-01 -2.081598e-14 -9.798639e-02
    outer loop
      vertex   -1.680765e+02 1.772500e+02 6.449138e+02
      vertex   -1.680765e+02 1.770505e+02 6.449132e+02
      vertex   -1.681024e+02 1.772500e+02 6.446500e+02
    endloop
  endfacet
  facet normal 9.951878e-01 0.000000e+00 -9.798639e-02
    outer loop
      vertex   -1.680765e+02 1.770505e+02 6.449132e+02
      vertex   -1.681024e+02 1.770505e+02 6.446500e+02
      vertex   -1.681024e+02 1.772500e+02 6.446500e+02
    endloop
  endfacet
  facet normal 1.000000e+00 0.000000e+00 0.000000e+00
    outer loop
      vertex   -1.681024e+02 1.770505e+02 5.691500e+02
      vertex   -1.681024e+02 1.772500e+02 5.691500e+02
      vertex   -1.681024e+02 1.770505e+02 5.693371e+02
    endloop
  endfacet
  facet normal 1.000000e+00 -0.000000e+00 0.000000e+00
    outer loop
      vertex   -1.681024e+02 1.770505e+02 5.693371e+02
      vertex   -1.681024e+02 1.772500e+02 5.691500e+02
      vertex   -1.681024e+02 1.772500e+02 6.446500e+02
    endloop
  endfacet
  facet normal 1.000000e+00 -0.000000e+00 0.000000e+00
    outer loop
      vertex   -1.681024e+02 1.770505e+02 6.446500e+02
      vertex   -1.681024e+02 1.770505e+02 5.693371e+02
      vertex   -1.681024e+02 1.772500e+02 6.446500e+02
    endloop
  endfacet
  facet normal 6.944891e-02 7.053979e-01 7.054011e-01
    outer loop
      vertex   -1.667500e+02 1.772500e+02 5.677976e+02
      vertex   -1.671490e+02 1.779430e+02 5.671439e+02
      vertex   -1.670139e+02 1.772500e+02 5.678235e+02
    endloop
  endfacet
  facet normal 6.948688e-02 7.054073e-01 7.053879e-01
    outer loop
      vertex   -1.667500e+02 1.772500e+02 5.677976e+02
      vertex   -1.667500e+02 1.779430e+02 5.671046e+02
      vertex   -1.671490e+02 1.779430e+02 5.671439e+02
    endloop
  endfacet
  facet normal 2.057644e-01 7.054028e-01 6.782830e-01
    outer loop
      vertex   -1.670139e+02 1.772500e+02 5.678235e+02
      vertex   -1.675327e+02 1.779430e+02 5.672603e+02
      vertex   -1.672676e+02 1.772500e+02 5.679005e+02
    endloop
  endfacet
  facet normal 2.057528e-01 7.053997e-01 6.782898e-01
    outer loop
      vertex   -1.670139e+02 1.772500e+02 5.678235e+02
      vertex   -1.671490e+02 1.779430e+02 5.671439e+02
      vertex   -1.675327e+02 1.779430e+02 5.672603e+02
    endloop
  endfacet
  facet normal 3.341430e-01 7.054094e-01 6.250968e-01
    outer loop
      vertex   -1.672676e+02 1.772500e+02 5.679005e+02
      vertex   -1.678864e+02 1.779430e+02 5.674493e+02
      vertex   -1.675014e+02 1.772500e+02 5.680255e+02
    endloop
  endfacet
  facet normal 3.341198e-01 7.054021e-01 6.251175e-01
    outer loop
      vertex   -1.672676e+02 1.772500e+02 5.679005e+02
      vertex   -1.675327e+02 1.779430e+02 5.672603e+02
      vertex   -1.678864e+02 1.779430e+02 5.674493e+02
    endloop
  endfacet
  facet normal 4.496586e-01 7.053992e-01 5.479226e-01
    outer loop
      vertex   -1.675014e+02 1.772500e+02 5.680255e+02
      vertex   -1.681963e+02 1.779430e+02 5.677037e+02
      vertex   -1.677063e+02 1.772500e+02 5.681937e+02
    endloop
  endfacet
  facet normal 4.496790e-01 7.054072e-01 5.478956e-01
    outer loop
      vertex   -1.675014e+02 1.772500e+02 5.680255e+02
      vertex   -1.678864e+02 1.779430e+02 5.674493e+02
      vertex   -1.681963e+02 1.779430e+02 5.677037e+02
    endloop
  endfacet
  facet normal 5.479079e-01 7.054049e-01 4.496675e-01
    outer loop
      vertex   -1.677063e+02 1.772500e+02 5.681937e+02
      vertex   -1.684507e+02 1.779430e+02 5.680136e+02
      vertex   -1.678745e+02 1.772500e+02 5.683986e+02
    endloop
  endfacet
  facet normal 5.479004e-01 7.054008e-01 4.496830e-01
    outer loop
      vertex   -1.677063e+02 1.772500e+02 5.681937e+02
      vertex   -1.681963e+02 1.779430e+02 5.677037e+02
      vertex   -1.684507e+02 1.779430e+02 5.680136e+02
    endloop
  endfacet
  facet normal 6.251025e-01 7.054029e-01 3.341461e-01
    outer loop
      vertex   -1.678745e+02 1.772500e+02 5.683986e+02
      vertex   -1.686397e+02 1.779430e+02 5.683673e+02
      vertex   -1.679995e+02 1.772500e+02 5.686324e+02
    endloop
  endfacet
  facet normal 6.251063e-01 7.054063e-01 3.341318e-01
    outer loop
      vertex   -1.678745e+02 1.772500e+02 5.683986e+02
      vertex   -1.684507e+02 1.779430e+02 5.680136e+02
      vertex   -1.686397e+02 1.779430e+02 5.683673e+02
    endloop
  endfacet
  facet normal 6.782884e-01 7.053994e-01 2.057583e-01
    outer loop
      vertex   -1.679995e+02 1.772500e+02 5.686324e+02
      vertex   -1.687561e+02 1.779430e+02 5.687510e+02
      vertex   -1.680765e+02 1.772500e+02 5.688862e+02
    endloop
  endfacet
  facet normal 6.782894e-01 7.054031e-01 2.057425e-01
    outer loop
      vertex   -1.679995e+02 1.772500e+02 5.686324e+02
      vertex   -1.686397e+02 1.779430e+02 5.683673e+02
      vertex   -1.687561e+02 1.779430e+02 5.687510e+02
    endloop
  endfacet
  facet normal 7.053951e-01 7.053999e-01 6.948925e-02
    outer loop
      vertex   -1.680765e+02 1.772500e+02 5.688862e+02
      vertex   -1.687561e+02 1.779430e+02 5.687510e+02
      vertex   -1.687954e+02 1.779430e+02 5.691500e+02
    endloop
  endfacet
  facet normal 7.053897e-01 7.054091e-01 6.945030e-02
    outer loop
      vertex   -1.680765e+02 1.772500e+02 5.688862e+02
      vertex   -1.687954e+02 1.779430e+02 5.691500e+02
      vertex   -1.681024e+02 1.772500e+02 5.691500e+02
    endloop
  endfacet
  facet normal 7.054003e-01 7.053981e-01 -6.945386e-02
    outer loop
      vertex   -1.681024e+02 1.772500e+02 6.446500e+02
      vertex   -1.687561e+02 1.779430e+02 6.450490e+02
      vertex   -1.680765e+02 1.772500e+02 6.449138e+02
    endloop
  endfacet
  facet normal 7.053877e-01 7.054072e-01 -6.949018e-02
    outer loop
      vertex   -1.681024e+02 1.772500e+02 6.446500e+02
      vertex   -1.687954e+02 1.779430e+02 6.446500e+02
      vertex   -1.687561e+02 1.779430e+02 6.450490e+02
    endloop
  endfacet
  facet normal 6.782880e-01 7.054021e-01 -2.057504e-01
    outer loop
      vertex   -1.680765e+02 1.772500e+02 6.449138e+02
      vertex   -1.686397e+02 1.779430e+02 6.454327e+02
      vertex   -1.679995e+02 1.772500e+02 6.451676e+02
    endloop
  endfacet
  facet normal 6.782922e-01 7.054002e-01 -2.057433e-01
    outer loop
      vertex   -1.680765e+02 1.772500e+02 6.449138e+02
      vertex   -1.687561e+02 1.779430e+02 6.450490e+02
      vertex   -1.686397e+02 1.779430e+02 6.454327e+02
    endloop
  endfacet
  facet normal 6.251009e-01 7.054047e-01 -3.341452e-01
    outer loop
      vertex   -1.679995e+02 1.772500e+02 6.451676e+02
      vertex   -1.684507e+02 1.779430e+02 6.457864e+02
      vertex   -1.678745e+02 1.772500e+02 6.454014e+02
    endloop
  endfacet
  facet normal 6.251107e-01 7.054013e-01 -3.341342e-01
    outer loop
      vertex   -1.679995e+02 1.772500e+02 6.451676e+02
      vertex   -1.686397e+02 1.779430e+02 6.454327e+02
      vertex   -1.684507e+02 1.779430e+02 6.457864e+02
    endloop
  endfacet
  facet normal 5.479226e-01 7.053992e-01 -4.496586e-01
    outer loop
      vertex   -1.678745e+02 1.772500e+02 6.454014e+02
      vertex   -1.681963e+02 1.779430e+02 6.460963e+02
      vertex   -1.677063e+02 1.772500e+02 6.456063e+02
    endloop
  endfacet
  facet normal 5.479131e-01 7.054020e-01 -4.496657e-01
    outer loop
      vertex   -1.678745e+02 1.772500e+02 6.454014e+02
      vertex   -1.684507e+02 1.779430e+02 6.457864e+02
      vertex   -1.681963e+02 1.779430e+02 6.460963e+02
    endloop
  endfacet
  facet normal 4.496573e-01 7.054012e-01 -5.479210e-01
    outer loop
      vertex   -1.677063e+02 1.772500e+02 6.456063e+02
      vertex   -1.678864e+02 1.779430e+02 6.463507e+02
      vertex   -1.675014e+02 1.772500e+02 6.457745e+02
    endloop
  endfacet
  facet normal 4.496636e-01 7.053996e-01 -5.479180e-01
    outer loop
      vertex   -1.677063e+02 1.772500e+02 6.456063e+02
      vertex   -1.681963e+02 1.779430e+02 6.460963e+02
      vertex   -1.678864e+02 1.779430e+02 6.463507e+02
    endloop
  endfacet
  facet normal 3.341065e-01 7.054028e-01 -6.251238e-01
    outer loop
      vertex   -1.675014e+02 1.772500e+02 6.457745e+02
      vertex   -1.675327e+02 1.779430e+02 6.465397e+02
      vertex   -1.672676e+02 1.772500e+02 6.458995e+02
    endloop
  endfacet
  facet normal 3.341211e-01 7.053992e-01 -6.251200e-01
    outer loop
      vertex   -1.675014e+02 1.772500e+02 6.457745e+02
      vertex   -1.678864e+02 1.779430e+02 6.463507e+02
      vertex   -1.675327e+02 1.779430e+02 6.465397e+02
    endloop
  endfacet
  facet normal 2.057655e-01 7.053991e-01 -6.782866e-01
    outer loop
      vertex   -1.672676e+02 1.772500e+02 6.458995e+02
      vertex   -1.671490e+02 1.779430e+02 6.466561e+02
      vertex   -1.670139e+02 1.772500e+02 6.459765e+02
    endloop
  endfacet
  facet normal 2.057521e-01 7.054022e-01 -6.782874e-01
    outer loop
      vertex   -1.672676e+02 1.772500e+02 6.458995e+02
      vertex   -1.675327e+02 1.779430e+02 6.465397e+02
      vertex   -1.671490e+02 1.779430e+02 6.466561e+02
    endloop
  endfacet
  facet normal 6.948761e-02 7.053998e-01 -7.053953e-01
    outer loop
      vertex   -1.670139e+02 1.772500e+02 6.459765e+02
      vertex   -1.671490e+02 1.779430e+02 6.466561e+02
      vertex   -1.667500e+02 1.779430e+02 6.466954e+02
    endloop
  endfacet
  facet normal 6.949950e-02 7.053970e-01 -7.053970e-01
    outer loop
      vertex   -1.670139e+02 1.772500e+02 6.459765e+02
      vertex   -1.667500e+02 1.779430e+02 6.466954e+02
      vertex   -1.667500e+02 1.772500e+02 6.460024e+02
    endloop
  endfacet
  facet normal 7.070970e-01 7.071165e-01 -0.000000e+00
    outer loop
      vertex   -1.687954e+02 1.779430e+02 5.691500e+02
      vertex   -1.687954e+02 1.779430e+02 6.446500e+02
      vertex   -1.681024e+02 1.772500e+02 6.446500e+02
    endloop
  endfacet
  facet normal 7.070970e-01 7.071165e-01 0.000000e+00
    outer loop
      vertex   -1.687954e+02 1.779430e+02 5.691500e+02
      vertex   -1.681024e+02 1.772500e+02 6.446500e+02
      vertex   -1.681024e+02 1.772500e+02 5.691500e+02
    endloop
  endfacet
  facet normal 9.803423e-02 0.000000e+00 9.951830e-01
    outer loop
      vertex   -1.667500e+02 1.779430e+02 5.671046e+02
      vertex   -1.671490e+02 1.797430e+02 5.671439e+02
      vertex   -1.671490e+02 1.779430e+02 5.671439e+02
    endloop
  endfacet
  facet normal 9.803423e-02 -0.000000e+00 9.951830e-01
    outer loop
      vertex   -1.667500e+02 1.779430e+02 5.671046e+02
      vertex   -1.667500e+02 1.797430e+02 5.671046e+02
      vertex   -1.671490e+02 1.797430e+02 5.671439e+02
    endloop
  endfacet
  facet normal 2.902794e-01 0.000000e+00 9.569419e-01
    outer loop
      vertex   -1.671490e+02 1.779430e+02 5.671439e+02
      vertex   -1.675327e+02 1.797430e+02 5.672603e+02
      vertex   -1.675327e+02 1.779430e+02 5.672603e+02
    endloop
  endfacet
  facet normal 2.902794e-01 -0.000000e+00 9.569419e-01
    outer loop
      vertex   -1.671490e+02 1.779430e+02 5.671439e+02
      vertex   -1.671490e+02 1.797430e+02 5.671439e+02
      vertex   -1.675327e+02 1.797430e+02 5.672603e+02
    endloop
  endfacet
  facet normal 4.713830e-01 0.000000e+00 8.819286e-01
    outer loop
      vertex   -1.675327e+02 1.779430e+02 5.672603e+02
      vertex   -1.678864e+02 1.797430e+02 5.674493e+02
      vertex   -1.678864e+02 1.779430e+02 5.674493e+02
    endloop
  endfacet
  facet normal 4.713830e-01 -0.000000e+00 8.819286e-01
    outer loop
      vertex   -1.675327e+02 1.779430e+02 5.672603e+02
      vertex   -1.675327e+02 1.797430e+02 5.672603e+02
      vertex   -1.678864e+02 1.797430e+02 5.674493e+02
    endloop
  endfacet
  facet normal 6.344208e-01 0.000000e+00 7.729878e-01
    outer loop
      vertex   -1.678864e+02 1.779430e+02 5.674493e+02
      vertex   -1.681963e+02 1.797430e+02 5.677037e+02
      vertex   -1.681963e+02 1.779430e+02 5.677037e+02
    endloop
  endfacet
  facet normal 6.344208e-01 -0.000000e+00 7.729878e-01
    outer loop
      vertex   -1.678864e+02 1.779430e+02 5.674493e+02
      vertex   -1.678864e+02 1.797430e+02 5.674493e+02
      vertex   -1.681963e+02 1.797430e+02 5.677037e+02
    endloop
  endfacet
  facet normal 7.729878e-01 0.000000e+00 6.344208e-01
    outer loop
      vertex   -1.681963e+02 1.779430e+02 5.677037e+02
      vertex   -1.684507e+02 1.797430e+02 5.680136e+02
      vertex   -1.684507e+02 1.779430e+02 5.680136e+02
    endloop
  endfacet
  facet normal 7.729878e-01 -0.000000e+00 6.344208e-01
    outer loop
      vertex   -1.681963e+02 1.779430e+02 5.677037e+02
      vertex   -1.681963e+02 1.797430e+02 5.677037e+02
      vertex   -1.684507e+02 1.797430e+02 5.680136e+02
    endloop
  endfacet
  facet normal 8.819180e-01 0.000000e+00 4.714028e-01
    outer loop
      vertex   -1.684507e+02 1.779430e+02 5.680136e+02
      vertex   -1.686397e+02 1.797430e+02 5.683673e+02
      vertex   -1.686397e+02 1.779430e+02 5.683673e+02
    endloop
  endfacet
  facet normal 8.819180e-01 -0.000000e+00 4.714028e-01
    outer loop
      vertex   -1.684507e+02 1.779430e+02 5.680136e+02
      vertex   -1.684507e+02 1.797430e+02 5.680136e+02
      vertex   -1.686397e+02 1.797430e+02 5.683673e+02
    endloop
  endfacet
  facet normal 9.569460e-01 0.000000e+00 2.902662e-01
    outer loop
      vertex   -1.686397e+02 1.779430e+02 5.683673e+02
      vertex   -1.687561e+02 1.797430e+02 5.687510e+02
      vertex   -1.687561e+02 1.779430e+02 5.687510e+02
    endloop
  endfacet
  facet normal 9.569460e-01 -0.000000e+00 2.902662e-01
    outer loop
      vertex   -1.686397e+02 1.779430e+02 5.683673e+02
      vertex   -1.686397e+02 1.797430e+02 5.683673e+02
      vertex   -1.687561e+02 1.797430e+02 5.687510e+02
    endloop
  endfacet
  facet normal 9.951828e-01 -0.000000e+00 9.803655e-02
    outer loop
      vertex   -1.687561e+02 1.779430e+02 5.687510e+02
      vertex   -1.687561e+02 1.797430e+02 5.687510e+02
      vertex   -1.687954e+02 1.797430e+02 5.691500e+02
    endloop
  endfacet
  facet normal 9.951828e-01 0.000000e+00 9.803655e-02
    outer loop
      vertex   -1.687561e+02 1.779430e+02 5.687510e+02
      vertex   -1.687954e+02 1.797430e+02 5.691500e+02
      vertex   -1.687954e+02 1.779430e+02 5.691500e+02
    endloop
  endfacet
  facet normal 9.951826e-01 0.000000e+00 -9.803888e-02
    outer loop
      vertex   -1.687954e+02 1.779430e+02 6.446500e+02
      vertex   -1.687954e+02 1.797430e+02 6.446500e+02
      vertex   -1.687561e+02 1.779430e+02 6.450490e+02
    endloop
  endfacet
  facet normal 9.569460e-01 0.000000e+00 -2.902662e-01
    outer loop
      vertex   -1.687561e+02 1.779430e+02 6.450490e+02
      vertex   -1.686397e+02 1.797430e+02 6.454327e+02
      vertex   -1.686397e+02 1.779430e+02 6.454327e+02
    endloop
  endfacet
  facet normal 9.951826e-01 0.000000e+00 -9.803888e-02
    outer loop
      vertex   -1.687561e+02 1.779430e+02 6.450490e+02
      vertex   -1.687954e+02 1.797430e+02 6.446500e+02
      vertex   -1.687561e+02 1.797430e+02 6.450490e+02
    endloop
  endfacet
  facet normal 9.569460e-01 0.000000e+00 -2.902662e-01
    outer loop
      vertex   -1.687561e+02 1.779430e+02 6.450490e+02
      vertex   -1.687561e+02 1.797430e+02 6.450490e+02
      vertex   -1.686397e+02 1.797430e+02 6.454327e+02
    endloop
  endfacet
  facet normal 8.819180e-01 0.000000e+00 -4.714028e-01
    outer loop
      vertex   -1.686397e+02 1.779430e+02 6.454327e+02
      vertex   -1.684507e+02 1.797430e+02 6.457864e+02
      vertex   -1.684507e+02 1.779430e+02 6.457864e+02
    endloop
  endfacet
  facet normal 8.819180e-01 0.000000e+00 -4.714028e-01
    outer loop
      vertex   -1.686397e+02 1.779430e+02 6.454327e+02
      vertex   -1.686397e+02 1.797430e+02 6.454327e+02
      vertex   -1.684507e+02 1.797430e+02 6.457864e+02
    endloop
  endfacet
  facet normal 7.730070e-01 0.000000e+00 -6.343975e-01
    outer loop
      vertex   -1.684507e+02 1.779430e+02 6.457864e+02
      vertex   -1.681963e+02 1.797430e+02 6.460963e+02
      vertex   -1.681963e+02 1.779430e+02 6.460963e+02
    endloop
  endfacet
  facet normal 7.730070e-01 0.000000e+00 -6.343975e-01
    outer loop
      vertex   -1.684507e+02 1.779430e+02 6.457864e+02
      vertex   -1.684507e+02 1.797430e+02 6.457864e+02
      vertex   -1.681963e+02 1.797430e+02 6.460963e+02
    endloop
  endfacet
  facet normal 6.343924e-01 0.000000e+00 -7.730112e-01
    outer loop
      vertex   -1.681963e+02 1.779430e+02 6.460963e+02
      vertex   -1.678864e+02 1.797430e+02 6.463507e+02
      vertex   -1.678864e+02 1.779430e+02 6.463507e+02
    endloop
  endfacet
  facet normal 6.343924e-01 0.000000e+00 -7.730112e-01
    outer loop
      vertex   -1.681963e+02 1.779430e+02 6.460963e+02
      vertex   -1.681963e+02 1.797430e+02 6.460963e+02
      vertex   -1.678864e+02 1.797430e+02 6.463507e+02
    endloop
  endfacet
  facet normal 4.713830e-01 0.000000e+00 -8.819286e-01
    outer loop
      vertex   -1.678864e+02 1.779430e+02 6.463507e+02
      vertex   -1.675327e+02 1.797430e+02 6.465397e+02
      vertex   -1.675327e+02 1.779430e+02 6.465397e+02
    endloop
  endfacet
  facet normal 4.713830e-01 0.000000e+00 -8.819286e-01
    outer loop
      vertex   -1.678864e+02 1.779430e+02 6.463507e+02
      vertex   -1.678864e+02 1.797430e+02 6.463507e+02
      vertex   -1.675327e+02 1.797430e+02 6.465397e+02
    endloop
  endfacet
  facet normal 2.902794e-01 0.000000e+00 -9.569419e-01
    outer loop
      vertex   -1.675327e+02 1.779430e+02 6.465397e+02
      vertex   -1.671490e+02 1.797430e+02 6.466561e+02
      vertex   -1.671490e+02 1.779430e+02 6.466561e+02
    endloop
  endfacet
  facet normal 2.902794e-01 0.000000e+00 -9.569419e-01
    outer loop
      vertex   -1.675327e+02 1.779430e+02 6.465397e+02
      vertex   -1.675327e+02 1.797430e+02 6.465397e+02
      vertex   -1.671490e+02 1.797430e+02 6.466561e+02
    endloop
  endfacet
  facet normal 9.803423e-02 0.000000e+00 -9.951830e-01
    outer loop
      vertex   -1.671490e+02 1.779430e+02 6.466561e+02
      vertex   -1.671490e+02 1.797430e+02 6.466561e+02
      vertex   -1.667500e+02 1.797430e+02 6.466954e+02
    endloop
  endfacet
  facet normal 9.803423e-02 0.000000e+00 -9.951830e-01
    outer loop
      vertex   -1.671490e+02 1.779430e+02 6.466561e+02
      vertex   -1.667500e+02 1.797430e+02 6.466954e+02
      vertex   -1.667500e+02 1.779430e+02 6.466954e+02
    endloop
  endfacet
  facet normal 1.000000e+00 0.000000e+00 0.000000e+00
    outer loop
      vertex   -1.687954e+02 1.779430e+02 5.691500e+02
      vertex   -1.687954e+02 1.797430e+02 5.691500e+02
      vertex   -1.687954e+02 1.797430e+02 6.446500e+02
    endloop
  endfacet
  facet normal 1.000000e+00 0.000000e+00 0.000000e+00
    outer loop
      vertex   -1.687954e+02 1.779430e+02 5.691500e+02
      vertex   -1.687954e+02 1.797430e+02 6.446500e+02
      vertex   -1.687954e+02 1.779430e+02 6.446500e+02
    endloop
  endfacet
  facet normal 6.948740e-02 7.054020e-01 7.053932e-01
    outer loop
      vertex   -1.667500e+02 1.797430e+02 5.671046e+02
      vertex   -1.673748e+02 1.809000e+02 5.660091e+02
      vertex   -1.671490e+02 1.797430e+02 5.671439e+02
    endloop
  endfacet
  facet normal 6.946127e-02 7.053960e-01 7.054018e-01
    outer loop
      vertex   -1.667500e+02 1.797430e+02 5.671046e+02
      vertex   -1.667500e+02 1.809000e+02 5.659476e+02
      vertex   -1.673748e+02 1.809000e+02 5.660091e+02
    endloop
  endfacet
  facet normal 2.057536e-01 7.053970e-01 6.782924e-01
    outer loop
      vertex   -1.671490e+02 1.797430e+02 5.671439e+02
      vertex   -1.679755e+02 1.809000e+02 5.661913e+02
      vertex   -1.675327e+02 1.797430e+02 5.672603e+02
    endloop
  endfacet
  facet normal 2.057662e-01 7.054001e-01 6.782853e-01
    outer loop
      vertex   -1.671490e+02 1.797430e+02 5.671439e+02
      vertex   -1.673748e+02 1.809000e+02 5.660091e+02
      vertex   -1.679755e+02 1.809000e+02 5.661913e+02
    endloop
  endfacet
  facet normal 3.341233e-01 7.053945e-01 6.251242e-01
    outer loop
      vertex   -1.675327e+02 1.797430e+02 5.672603e+02
      vertex   -1.685292e+02 1.809000e+02 5.664873e+02
      vertex   -1.678864e+02 1.797430e+02 5.674493e+02
    endloop
  endfacet
  facet normal 3.341350e-01 7.053978e-01 6.251142e-01
    outer loop
      vertex   -1.675327e+02 1.797430e+02 5.672603e+02
      vertex   -1.679755e+02 1.809000e+02 5.661913e+02
      vertex   -1.685292e+02 1.809000e+02 5.664873e+02
    endloop
  endfacet
  facet normal 4.496872e-01 7.053941e-01 5.479056e-01
    outer loop
      vertex   -1.678864e+02 1.797430e+02 5.674493e+02
      vertex   -1.685292e+02 1.809000e+02 5.664873e+02
      vertex   -1.681963e+02 1.797430e+02 5.677037e+02
    endloop
  endfacet
  facet normal 5.479056e-01 7.053941e-01 4.496872e-01
    outer loop
      vertex   -1.681963e+02 1.797430e+02 5.677037e+02
      vertex   -1.694127e+02 1.809000e+02 5.673708e+02
      vertex   -1.684507e+02 1.797430e+02 5.680136e+02
    endloop
  endfacet
  facet normal 4.496560e-01 7.054018e-01 5.479214e-01
    outer loop
      vertex   -1.681963e+02 1.797430e+02 5.677037e+02
      vertex   -1.685292e+02 1.809000e+02 5.664873e+02
      vertex   -1.690145e+02 1.809000e+02 5.668855e+02
    endloop
  endfacet
  facet normal 5.479214e-01 7.054018e-01 4.496560e-01
    outer loop
      vertex   -1.681963e+02 1.797430e+02 5.677037e+02
      vertex   -1.690145e+02 1.809000e+02 5.668855e+02
      vertex   -1.694127e+02 1.809000e+02 5.673708e+02
    endloop
  endfacet
  facet normal 6.251162e-01 7.053950e-01 3.341371e-01
    outer loop
      vertex   -1.684507e+02 1.797430e+02 5.680136e+02
      vertex   -1.697087e+02 1.809000e+02 5.679245e+02
      vertex   -1.686397e+02 1.797430e+02 5.683673e+02
    endloop
  endfacet
  facet normal 6.251165e-01 7.053952e-01 3.341362e-01
    outer loop
      vertex   -1.684507e+02 1.797430e+02 5.680136e+02
      vertex   -1.694127e+02 1.809000e+02 5.673708e+02
      vertex   -1.697087e+02 1.809000e+02 5.679245e+02
    endloop
  endfacet
  facet normal 6.782957e-01 7.053965e-01 2.057444e-01
    outer loop
      vertex   -1.686397e+02 1.797430e+02 5.683673e+02
      vertex   -1.698909e+02 1.809000e+02 5.685252e+02
      vertex   -1.687561e+02 1.797430e+02 5.687510e+02
    endloop
  endfacet
  facet normal 6.782952e-01 7.053951e-01 2.057509e-01
    outer loop
      vertex   -1.686397e+02 1.797430e+02 5.683673e+02
      vertex   -1.697087e+02 1.809000e+02 5.679245e+02
      vertex   -1.698909e+02 1.809000e+02 5.685252e+02
    endloop
  endfacet
  facet normal 7.054011e-01 7.053956e-01 6.947197e-02
    outer loop
      vertex   -1.687561e+02 1.797430e+02 5.687510e+02
      vertex   -1.698909e+02 1.809000e+02 5.685252e+02
      vertex   -1.699524e+02 1.809000e+02 5.691500e+02
    endloop
  endfacet
  facet normal 7.054033e-01 7.053916e-01 6.949005e-02
    outer loop
      vertex   -1.687561e+02 1.797430e+02 5.687510e+02
      vertex   -1.699524e+02 1.809000e+02 5.691500e+02
      vertex   -1.687954e+02 1.797430e+02 5.691500e+02
    endloop
  endfacet
  facet normal 7.053979e-01 7.053969e-01 -6.949119e-02
    outer loop
      vertex   -1.687954e+02 1.797430e+02 6.446500e+02
      vertex   -1.698909e+02 1.809000e+02 6.452748e+02
      vertex   -1.687561e+02 1.797430e+02 6.450490e+02
    endloop
  endfacet
  facet normal 7.054041e-01 7.053925e-01 -6.947227e-02
    outer loop
      vertex   -1.687954e+02 1.797430e+02 6.446500e+02
      vertex   -1.699524e+02 1.809000e+02 6.446500e+02
      vertex   -1.698909e+02 1.809000e+02 6.452748e+02
    endloop
  endfacet
  facet normal 6.782973e-01 7.053948e-01 -2.057449e-01
    outer loop
      vertex   -1.687561e+02 1.797430e+02 6.450490e+02
      vertex   -1.697087e+02 1.809000e+02 6.458755e+02
      vertex   -1.686397e+02 1.797430e+02 6.454327e+02
    endloop
  endfacet
  facet normal 6.782926e-01 7.053969e-01 -2.057533e-01
    outer loop
      vertex   -1.687561e+02 1.797430e+02 6.450490e+02
      vertex   -1.698909e+02 1.809000e+02 6.452748e+02
      vertex   -1.697087e+02 1.809000e+02 6.458755e+02
    endloop
  endfacet
  facet normal 6.251162e-01 7.053950e-01 -3.341371e-01
    outer loop
      vertex   -1.686397e+02 1.797430e+02 6.454327e+02
      vertex   -1.697087e+02 1.809000e+02 6.458755e+02
      vertex   -1.684507e+02 1.797430e+02 6.457864e+02
    endloop
  endfacet
  facet normal 5.479157e-01 7.053987e-01 -4.496678e-01
    outer loop
      vertex   -1.684507e+02 1.797430e+02 6.457864e+02
      vertex   -1.690145e+02 1.809000e+02 6.469145e+02
      vertex   -1.681963e+02 1.797430e+02 6.460963e+02
    endloop
  endfacet
  facet normal 6.251165e-01 7.053952e-01 -3.341362e-01
    outer loop
      vertex   -1.684507e+02 1.797430e+02 6.457864e+02
      vertex   -1.697087e+02 1.809000e+02 6.458755e+02
      vertex   -1.694127e+02 1.809000e+02 6.464292e+02
    endloop
  endfacet
  facet normal 5.479259e-01 7.053958e-01 -4.496598e-01
    outer loop
      vertex   -1.684507e+02 1.797430e+02 6.457864e+02
      vertex   -1.694127e+02 1.809000e+02 6.464292e+02
      vertex   -1.690145e+02 1.809000e+02 6.469145e+02
    endloop
  endfacet
  facet normal 4.496634e-01 7.054000e-01 -5.479176e-01
    outer loop
      vertex   -1.681963e+02 1.797430e+02 6.460963e+02
      vertex   -1.685292e+02 1.809000e+02 6.473127e+02
      vertex   -1.678864e+02 1.797430e+02 6.463507e+02
    endloop
  endfacet
  facet normal 4.496712e-01 7.053980e-01 -5.479137e-01
    outer loop
      vertex   -1.681963e+02 1.797430e+02 6.460963e+02
      vertex   -1.690145e+02 1.809000e+02 6.469145e+02
      vertex   -1.685292e+02 1.809000e+02 6.473127e+02
    endloop
  endfacet
  facet normal 3.341214e-01 7.053986e-01 -6.251206e-01
    outer loop
      vertex   -1.678864e+02 1.797430e+02 6.463507e+02
      vertex   -1.679755e+02 1.809000e+02 6.476087e+02
      vertex   -1.675327e+02 1.797430e+02 6.465397e+02
    endloop
  endfacet
  facet normal 3.341175e-01 7.053994e-01 -6.251217e-01
    outer loop
      vertex   -1.678864e+02 1.797430e+02 6.463507e+02
      vertex   -1.685292e+02 1.809000e+02 6.473127e+02
      vertex   -1.679755e+02 1.809000e+02 6.476087e+02
    endloop
  endfacet
  facet normal 2.057525e-01 7.054008e-01 -6.782888e-01
    outer loop
      vertex   -1.675327e+02 1.797430e+02 6.465397e+02
      vertex   -1.673748e+02 1.809000e+02 6.477909e+02
      vertex   -1.671490e+02 1.797430e+02 6.466561e+02
    endloop
  endfacet
  facet normal 2.057669e-01 7.053976e-01 -6.782877e-01
    outer loop
      vertex   -1.675327e+02 1.797430e+02 6.465397e+02
      vertex   -1.679755e+02 1.809000e+02 6.476087e+02
      vertex   -1.673748e+02 1.809000e+02 6.477909e+02
    endloop
  endfacet
  facet normal 6.947143e-02 7.054012e-01 -7.053956e-01
    outer loop
      vertex   -1.671490e+02 1.797430e+02 6.466561e+02
      vertex   -1.673748e+02 1.809000e+02 6.477909e+02
      vertex   -1.667500e+02 1.809000e+02 6.478524e+02
    endloop
  endfacet
  facet normal 6.948783e-02 7.053976e-01 -7.053976e-01
    outer loop
      vertex   -1.671490e+02 1.797430e+02 6.466561e+02
      vertex   -1.667500e+02 1.809000e+02 6.478524e+02
      vertex   -1.667500e+02 1.797430e+02 6.466954e+02
    endloop
  endfacet
  facet normal 7.071126e-01 7.071010e-01 -0.000000e+00
    outer loop
      vertex   -1.699524e+02 1.809000e+02 5.691500e+02
      vertex   -1.699524e+02 1.809000e+02 6.446500e+02
      vertex   -1.687954e+02 1.797430e+02 6.446500e+02
    endloop
  endfacet
  facet normal 7.071126e-01 7.071010e-01 0.000000e+00
    outer loop
      vertex   -1.699524e+02 1.809000e+02 5.691500e+02
      vertex   -1.687954e+02 1.797430e+02 6.446500e+02
      vertex   -1.687954e+02 1.797430e+02 5.691500e+02
    endloop
  endfacet
  facet normal 0.000000e+00 1.000000e+00 0.000000e+00
    outer loop
      vertex   -1.667500e+02 1.809000e+02 5.651500e+02
      vertex   -1.675304e+02 1.809000e+02 5.652269e+02
      vertex   -1.673748e+02 1.809000e+02 5.660091e+02
    endloop
  endfacet
  facet normal 0.000000e+00 1.000000e+00 -0.000000e+00
    outer loop
      vertex   -1.667500e+02 1.809000e+02 5.651500e+02
      vertex   -1.673748e+02 1.809000e+02 5.660091e+02
      vertex   -1.667500e+02 1.809000e+02 5.659476e+02
    endloop
  endfacet
  facet normal 0.000000e+00 1.000000e+00 -0.000000e+00
    outer loop
      vertex   -1.675304e+02 1.809000e+02 5.652269e+02
      vertex   -1.682807e+02 1.809000e+02 5.654545e+02
      vertex   -1.673748e+02 1.809000e+02 5.660091e+02
    endloop
  endfacet
  facet normal 0.000000e+00 1.000000e+00 0.000000e+00
    outer loop
      vertex   -1.673748e+02 1.809000e+02 5.660091e+02
      vertex   -1.682807e+02 1.809000e+02 5.654545e+02
      vertex   -1.679755e+02 1.809000e+02 5.661913e+02
    endloop
  endfacet
  facet normal 0.000000e+00 1.000000e+00 -0.000000e+00
    outer loop
      vertex   -1.682807e+02 1.809000e+02 5.654545e+02
      vertex   -1.689723e+02 1.809000e+02 5.658241e+02
      vertex   -1.679755e+02 1.809000e+02 5.661913e+02
    endloop
  endfacet
  facet normal 0.000000e+00 1.000000e+00 0.000000e+00
    outer loop
      vertex   -1.679755e+02 1.809000e+02 5.661913e+02
      vertex   -1.689723e+02 1.809000e+02 5.658241e+02
      vertex   -1.685292e+02 1.809000e+02 5.664873e+02
    endloop
  endfacet
  facet normal 0.000000e+00 1.000000e+00 0.000000e+00
    outer loop
      vertex   -1.689723e+02 1.809000e+02 5.658241e+02
      vertex   -1.695784e+02 1.809000e+02 5.663216e+02
      vertex   -1.690145e+02 1.809000e+02 5.668855e+02
    endloop
  endfacet
  facet normal 0.000000e+00 1.000000e+00 -0.000000e+00
    outer loop
      vertex   -1.689723e+02 1.809000e+02 5.658241e+02
      vertex   -1.690145e+02 1.809000e+02 5.668855e+02
      vertex   -1.685292e+02 1.809000e+02 5.664873e+02
    endloop
  endfacet
  facet normal 0.000000e+00 1.000000e+00 0.000000e+00
    outer loop
      vertex   -1.690145e+02 1.809000e+02 5.668855e+02
      vertex   -1.695784e+02 1.809000e+02 5.663216e+02
      vertex   -1.694127e+02 1.809000e+02 5.673708e+02
    endloop
  endfacet
  facet normal 0.000000e+00 1.000000e+00 -0.000000e+00
    outer loop
      vertex   -1.695784e+02 1.809000e+02 5.663216e+02
      vertex   -1.700759e+02 1.809000e+02 5.669277e+02
      vertex   -1.694127e+02 1.809000e+02 5.673708e+02
    endloop
  endfacet
  facet normal 0.000000e+00 1.000000e+00 0.000000e+00
    outer loop
      vertex   -1.694127e+02 1.809000e+02 5.673708e+02
      vertex   -1.704455e+02 1.809000e+02 5.676193e+02
      vertex   -1.697087e+02 1.809000e+02 5.679245e+02
    endloop
  endfacet
  facet normal 0.000000e+00 1.000000e+00 0.000000e+00
    outer loop
      vertex   -1.694127e+02 1.809000e+02 5.673708e+02
      vertex   -1.700759e+02 1.809000e+02 5.669277e+02
      vertex   -1.704455e+02 1.809000e+02 5.676193e+02
    endloop
  endfacet
  facet normal 0.000000e+00 1.000000e+00 0.000000e+00
    outer loop
      vertex   -1.697087e+02 1.809000e+02 5.679245e+02
      vertex   -1.706731e+02 1.809000e+02 5.683696e+02
      vertex   -1.698909e+02 1.809000e+02 5.685252e+02
    endloop
  endfacet
  facet normal 0.000000e+00 1.000000e+00 0.000000e+00
    outer loop
      vertex   -1.697087e+02 1.809000e+02 5.679245e+02
      vertex   -1.704455e+02 1.809000e+02 5.676193e+02
      vertex   -1.706731e+02 1.809000e+02 5.683696e+02
    endloop
  endfacet
  facet normal 0.000000e+00 1.000000e+00 0.000000e+00
    outer loop
      vertex   -1.698909e+02 1.809000e+02 5.685252e+02
      vertex   -1.707500e+02 1.809000e+02 5.691500e+02
      vertex   -1.699524e+02 1.809000e+02 5.691500e+02
    endloop
  endfacet
  facet normal 0.000000e+00 1.000000e+00 0.000000e+00
    outer loop
      vertex   -1.698909e+02 1.809000e+02 5.685252e+02
      vertex   -1.706731e+02 1.809000e+02 5.683696e+02
      vertex   -1.707500e+02 1.809000e+02 5.691500e+02
    endloop
  endfacet
  facet normal 0.000000e+00 1.000000e+00 -0.000000e+00
    outer loop
      vertex   -1.699524e+02 1.809000e+02 5.691500e+02
      vertex   -1.707500e+02 1.809000e+02 6.446500e+02
      vertex   -1.699524e+02 1.809000e+02 6.446500e+02
    endloop
  endfacet
  facet normal 0.000000e+00 1.000000e+00 0.000000e+00
    outer loop
      vertex   -1.699524e+02 1.809000e+02 5.691500e+02
      vertex   -1.707500e+02 1.809000e+02 5.691500e+02
      vertex   -1.707500e+02 1.809000e+02 6.446500e+02
    endloop
  endfacet
  facet normal 0.000000e+00 1.000000e+00 -0.000000e+00
    outer loop
      vertex   -1.699524e+02 1.809000e+02 6.446500e+02
      vertex   -1.707500e+02 1.809000e+02 6.446500e+02
      vertex   -1.698909e+02 1.809000e+02 6.452748e+02
    endloop
  endfacet
  facet normal 0.000000e+00 1.000000e+00 -0.000000e+00
    outer loop
      vertex   -1.667500e+02 1.809000e+02 6.478524e+02
      vertex   -1.675304e+02 1.809000e+02 6.485731e+02
      vertex   -1.667500e+02 1.809000e+02 6.486500e+02
    endloop
  endfacet
  facet normal 0.000000e+00 1.000000e+00 0.000000e+00
    outer loop
      vertex   -1.667500e+02 1.809000e+02 6.478524e+02
      vertex   -1.673748e+02 1.809000e+02 6.477909e+02
      vertex   -1.675304e+02 1.809000e+02 6.485731e+02
    endloop
  endfacet
  facet normal 0.000000e+00 1.000000e+00 -0.000000e+00
    outer loop
      vertex   -1.698909e+02 1.809000e+02 6.452748e+02
      vertex   -1.706731e+02 1.809000e+02 6.454304e+02
      vertex   -1.697087e+02 1.809000e+02 6.458755e+02
    endloop
  endfacet
  facet normal 0.000000e+00 1.000000e+00 0.000000e+00
    outer loop
      vertex   -1.698909e+02 1.809000e+02 6.452748e+02
      vertex   -1.707500e+02 1.809000e+02 6.446500e+02
      vertex   -1.706731e+02 1.809000e+02 6.454304e+02
    endloop
  endfacet
  facet normal 0.000000e+00 1.000000e+00 0.000000e+00
    outer loop
      vertex   -1.673748e+02 1.809000e+02 6.477909e+02
      vertex   -1.679755e+02 1.809000e+02 6.476087e+02
      vertex   -1.682807e+02 1.809000e+02 6.483455e+02
    endloop
  endfacet
  facet normal 0.000000e+00 1.000000e+00 0.000000e+00
    outer loop
      vertex   -1.673748e+02 1.809000e+02 6.477909e+02
      vertex   -1.682807e+02 1.809000e+02 6.483455e+02
      vertex   -1.675304e+02 1.809000e+02 6.485731e+02
    endloop
  endfacet
  facet normal 0.000000e+00 1.000000e+00 0.000000e+00
    outer loop
      vertex   -1.679755e+02 1.809000e+02 6.476087e+02
      vertex   -1.685292e+02 1.809000e+02 6.473127e+02
      vertex   -1.689723e+02 1.809000e+02 6.479759e+02
    endloop
  endfacet
  facet normal 0.000000e+00 1.000000e+00 0.000000e+00
    outer loop
      vertex   -1.679755e+02 1.809000e+02 6.476087e+02
      vertex   -1.689723e+02 1.809000e+02 6.479759e+02
      vertex   -1.682807e+02 1.809000e+02 6.483455e+02
    endloop
  endfacet
  facet normal 0.000000e+00 1.000000e+00 -0.000000e+00
    outer loop
      vertex   -1.697087e+02 1.809000e+02 6.458755e+02
      vertex   -1.704455e+02 1.809000e+02 6.461807e+02
      vertex   -1.694127e+02 1.809000e+02 6.464292e+02
    endloop
  endfacet
  facet normal 0.000000e+00 1.000000e+00 0.000000e+00
    outer loop
      vertex   -1.697087e+02 1.809000e+02 6.458755e+02
      vertex   -1.706731e+02 1.809000e+02 6.454304e+02
      vertex   -1.704455e+02 1.809000e+02 6.461807e+02
    endloop
  endfacet
  facet normal 0.000000e+00 1.000000e+00 0.000000e+00
    outer loop
      vertex   -1.685292e+02 1.809000e+02 6.473127e+02
      vertex   -1.690145e+02 1.809000e+02 6.469145e+02
      vertex   -1.689723e+02 1.809000e+02 6.479759e+02
    endloop
  endfacet
  facet normal 0.000000e+00 1.000000e+00 -0.000000e+00
    outer loop
      vertex   -1.694127e+02 1.809000e+02 6.464292e+02
      vertex   -1.700759e+02 1.809000e+02 6.468723e+02
      vertex   -1.690145e+02 1.809000e+02 6.469145e+02
    endloop
  endfacet
  facet normal 0.000000e+00 1.000000e+00 0.000000e+00
    outer loop
      vertex   -1.694127e+02 1.809000e+02 6.464292e+02
      vertex   -1.704455e+02 1.809000e+02 6.461807e+02
      vertex   -1.700759e+02 1.809000e+02 6.468723e+02
    endloop
  endfacet
  facet normal 0.000000e+00 1.000000e+00 -0.000000e+00
    outer loop
      vertex   -1.690145e+02 1.809000e+02 6.469145e+02
      vertex   -1.695784e+02 1.809000e+02 6.474784e+02
      vertex   -1.689723e+02 1.809000e+02 6.479759e+02
    endloop
  endfacet
  facet normal 0.000000e+00 1.000000e+00 0.000000e+00
    outer loop
      vertex   -1.690145e+02 1.809000e+02 6.469145e+02
      vertex   -1.700759e+02 1.809000e+02 6.468723e+02
      vertex   -1.695784e+02 1.809000e+02 6.474784e+02
    endloop
  endfacet
endsolid
