solid ASCII
  facet normal 4.117960e-01 0.000000e+00 9.112761e-01
    outer loop
      vertex   -1.969073e+01 3.000000e+00 9.772098e+02
      vertex   -1.976589e+01 3.000000e+00 9.772438e+02
      vertex   -1.969073e+01 0.000000e+00 9.772098e+02
    endloop
  endfacet
  facet normal 4.117960e-01 0.000000e+00 9.112761e-01
    outer loop
      vertex   -1.969073e+01 0.000000e+00 9.772098e+02
      vertex   -1.976589e+01 3.000000e+00 9.772438e+02
      vertex   -1.976589e+01 0.000000e+00 9.772438e+02
    endloop
  endfacet
  facet normal 4.918412e-01 0.000000e+00 8.706849e-01
    outer loop
      vertex   -1.976589e+01 3.000000e+00 9.772438e+02
      vertex   -1.992847e+01 3.000000e+00 9.773356e+02
      vertex   -1.976589e+01 0.000000e+00 9.772438e+02
    endloop
  endfacet
  facet normal 4.918412e-01 0.000000e+00 8.706849e-01
    outer loop
      vertex   -1.976589e+01 0.000000e+00 9.772438e+02
      vertex   -1.992847e+01 3.000000e+00 9.773356e+02
      vertex   -1.992847e+01 0.000000e+00 9.773356e+02
    endloop
  endfacet
  facet normal 5.962060e-01 -0.000000e+00 8.028315e-01
    outer loop
      vertex   -1.992847e+01 0.000000e+00 9.773356e+02
      vertex   -1.992847e+01 3.000000e+00 9.773356e+02
      vertex   -2.007838e+01 3.000000e+00 9.774470e+02
    endloop
  endfacet
  facet normal 5.962060e-01 0.000000e+00 8.028315e-01
    outer loop
      vertex   -1.992847e+01 0.000000e+00 9.773356e+02
      vertex   -2.007838e+01 3.000000e+00 9.774470e+02
      vertex   -2.007838e+01 0.000000e+00 9.774470e+02
    endloop
  endfacet
  facet normal 6.913319e-01 -0.000000e+00 7.225373e-01
    outer loop
      vertex   -2.007838e+01 0.000000e+00 9.774470e+02
      vertex   -2.007838e+01 3.000000e+00 9.774470e+02
      vertex   -2.021330e+01 3.000000e+00 9.775761e+02
    endloop
  endfacet
  facet normal 6.913319e-01 0.000000e+00 7.225373e-01
    outer loop
      vertex   -2.007838e+01 0.000000e+00 9.774470e+02
      vertex   -2.021330e+01 3.000000e+00 9.775761e+02
      vertex   -2.021330e+01 0.000000e+00 9.775761e+02
    endloop
  endfacet
  facet normal 7.757449e-01 -0.000000e+00 6.310467e-01
    outer loop
      vertex   -2.021330e+01 0.000000e+00 9.775761e+02
      vertex   -2.021330e+01 3.000000e+00 9.775761e+02
      vertex   -2.033113e+01 3.000000e+00 9.777209e+02
    endloop
  endfacet
  facet normal 7.757449e-01 0.000000e+00 6.310467e-01
    outer loop
      vertex   -2.021330e+01 0.000000e+00 9.775761e+02
      vertex   -2.033113e+01 3.000000e+00 9.777209e+02
      vertex   -2.033113e+01 0.000000e+00 9.777209e+02
    endloop
  endfacet
  facet normal 8.481368e-01 -0.000000e+00 5.297772e-01
    outer loop
      vertex   -2.033113e+01 0.000000e+00 9.777209e+02
      vertex   -2.033113e+01 3.000000e+00 9.777209e+02
      vertex   -2.043005e+01 3.000000e+00 9.778793e+02
    endloop
  endfacet
  facet normal 8.481368e-01 0.000000e+00 5.297772e-01
    outer loop
      vertex   -2.033113e+01 0.000000e+00 9.777209e+02
      vertex   -2.043005e+01 3.000000e+00 9.778793e+02
      vertex   -2.043005e+01 0.000000e+00 9.778793e+02
    endloop
  endfacet
  facet normal 9.073860e-01 -0.000000e+00 4.202983e-01
    outer loop
      vertex   -2.043005e+01 0.000000e+00 9.778793e+02
      vertex   -2.043005e+01 3.000000e+00 9.778793e+02
      vertex   -2.050853e+01 3.000000e+00 9.780487e+02
    endloop
  endfacet
  facet normal 9.073860e-01 0.000000e+00 4.202983e-01
    outer loop
      vertex   -2.043005e+01 0.000000e+00 9.778793e+02
      vertex   -2.050853e+01 3.000000e+00 9.780487e+02
      vertex   -2.050853e+01 0.000000e+00 9.780487e+02
    endloop
  endfacet
  facet normal 9.525742e-01 -0.000000e+00 3.043065e-01
    outer loop
      vertex   -2.050853e+01 0.000000e+00 9.780487e+02
      vertex   -2.050853e+01 3.000000e+00 9.780487e+02
      vertex   -2.056535e+01 3.000000e+00 9.782266e+02
    endloop
  endfacet
  facet normal 9.525742e-01 0.000000e+00 3.043065e-01
    outer loop
      vertex   -2.050853e+01 0.000000e+00 9.780487e+02
      vertex   -2.056535e+01 3.000000e+00 9.782266e+02
      vertex   -2.056535e+01 0.000000e+00 9.782266e+02
    endloop
  endfacet
  facet normal 9.830012e-01 -0.000000e+00 1.835990e-01
    outer loop
      vertex   -2.056535e+01 0.000000e+00 9.782266e+02
      vertex   -2.056535e+01 3.000000e+00 9.782266e+02
      vertex   -2.059963e+01 3.000000e+00 9.784101e+02
    endloop
  endfacet
  facet normal 9.830012e-01 0.000000e+00 1.835990e-01
    outer loop
      vertex   -2.056535e+01 0.000000e+00 9.782266e+02
      vertex   -2.059963e+01 3.000000e+00 9.784101e+02
      vertex   -2.059963e+01 0.000000e+00 9.784101e+02
    endloop
  endfacet
  facet normal 9.981956e-01 -0.000000e+00 6.004650e-02
    outer loop
      vertex   -2.059963e+01 0.000000e+00 9.784101e+02
      vertex   -2.059963e+01 3.000000e+00 9.784101e+02
      vertex   -2.061085e+01 3.000000e+00 9.785965e+02
    endloop
  endfacet
  facet normal 9.981956e-01 0.000000e+00 6.004650e-02
    outer loop
      vertex   -2.059963e+01 0.000000e+00 9.784101e+02
      vertex   -2.061085e+01 3.000000e+00 9.785965e+02
      vertex   -2.061085e+01 0.000000e+00 9.785965e+02
    endloop
  endfacet
  facet normal 9.979218e-01 0.000000e+00 -6.443650e-02
    outer loop
      vertex   -2.061085e+01 0.000000e+00 9.785965e+02
      vertex   -2.061085e+01 3.000000e+00 9.785965e+02
      vertex   -2.059881e+01 0.000000e+00 9.787828e+02
    endloop
  endfacet
  facet normal 9.979218e-01 0.000000e+00 -6.443650e-02
    outer loop
      vertex   -2.059881e+01 0.000000e+00 9.787828e+02
      vertex   -2.061085e+01 3.000000e+00 9.785965e+02
      vertex   -2.059881e+01 3.000000e+00 9.787828e+02
    endloop
  endfacet
  facet normal 9.821841e-01 0.000000e+00 -1.879210e-01
    outer loop
      vertex   -2.059881e+01 0.000000e+00 9.787828e+02
      vertex   -2.059881e+01 3.000000e+00 9.787828e+02
      vertex   -2.056373e+01 0.000000e+00 9.789662e+02
    endloop
  endfacet
  facet normal 9.821841e-01 0.000000e+00 -1.879210e-01
    outer loop
      vertex   -2.056373e+01 0.000000e+00 9.789662e+02
      vertex   -2.059881e+01 3.000000e+00 9.787828e+02
      vertex   -2.056373e+01 3.000000e+00 9.789662e+02
    endloop
  endfacet
  facet normal 9.512265e-01 0.000000e+00 -3.084934e-01
    outer loop
      vertex   -2.056373e+01 0.000000e+00 9.789662e+02
      vertex   -2.056373e+01 3.000000e+00 9.789662e+02
      vertex   -2.050612e+01 0.000000e+00 9.791439e+02
    endloop
  endfacet
  facet normal 9.512265e-01 0.000000e+00 -3.084934e-01
    outer loop
      vertex   -2.050612e+01 0.000000e+00 9.791439e+02
      vertex   -2.056373e+01 3.000000e+00 9.789662e+02
      vertex   -2.050612e+01 3.000000e+00 9.791439e+02
    endloop
  endfacet
  facet normal 9.055285e-01 0.000000e+00 -4.242854e-01
    outer loop
      vertex   -2.050612e+01 0.000000e+00 9.791439e+02
      vertex   -2.050612e+01 3.000000e+00 9.791439e+02
      vertex   -2.042690e+01 0.000000e+00 9.793129e+02
    endloop
  endfacet
  facet normal 9.055285e-01 0.000000e+00 -4.242854e-01
    outer loop
      vertex   -2.042690e+01 0.000000e+00 9.793129e+02
      vertex   -2.050612e+01 3.000000e+00 9.791439e+02
      vertex   -2.042690e+01 3.000000e+00 9.793129e+02
    endloop
  endfacet
  facet normal 8.457984e-01 0.000000e+00 -5.335027e-01
    outer loop
      vertex   -2.042690e+01 0.000000e+00 9.793129e+02
      vertex   -2.042690e+01 3.000000e+00 9.793129e+02
      vertex   -2.032728e+01 3.000000e+00 9.794709e+02
    endloop
  endfacet
  facet normal 8.457984e-01 0.000000e+00 -5.335027e-01
    outer loop
      vertex   -2.042690e+01 0.000000e+00 9.793129e+02
      vertex   -2.032728e+01 3.000000e+00 9.794709e+02
      vertex   -2.032728e+01 0.000000e+00 9.794709e+02
    endloop
  endfacet
  facet normal 7.729617e-01 0.000000e+00 -6.344527e-01
    outer loop
      vertex   -2.032728e+01 0.000000e+00 9.794709e+02
      vertex   -2.032728e+01 3.000000e+00 9.794709e+02
      vertex   -2.020881e+01 3.000000e+00 9.796152e+02
    endloop
  endfacet
  facet normal 7.729617e-01 0.000000e+00 -6.344527e-01
    outer loop
      vertex   -2.032728e+01 0.000000e+00 9.794709e+02
      vertex   -2.020881e+01 3.000000e+00 9.796152e+02
      vertex   -2.020881e+01 0.000000e+00 9.796152e+02
    endloop
  endfacet
  facet normal 6.881471e-01 0.000000e+00 -7.255712e-01
    outer loop
      vertex   -2.020881e+01 0.000000e+00 9.796152e+02
      vertex   -2.020881e+01 3.000000e+00 9.796152e+02
      vertex   -2.007333e+01 3.000000e+00 9.797437e+02
    endloop
  endfacet
  facet normal 6.881471e-01 0.000000e+00 -7.255712e-01
    outer loop
      vertex   -2.020881e+01 0.000000e+00 9.796152e+02
      vertex   -2.007333e+01 3.000000e+00 9.797437e+02
      vertex   -2.007333e+01 0.000000e+00 9.797437e+02
    endloop
  endfacet
  facet normal 5.926689e-01 0.000000e+00 -8.054462e-01
    outer loop
      vertex   -2.007333e+01 0.000000e+00 9.797437e+02
      vertex   -2.007333e+01 3.000000e+00 9.797437e+02
      vertex   -1.992293e+01 3.000000e+00 9.798544e+02
    endloop
  endfacet
  facet normal 5.926689e-01 0.000000e+00 -8.054462e-01
    outer loop
      vertex   -2.007333e+01 0.000000e+00 9.797437e+02
      vertex   -1.992293e+01 3.000000e+00 9.798544e+02
      vertex   -1.992293e+01 0.000000e+00 9.798544e+02
    endloop
  endfacet
  facet normal 4.880067e-01 0.000000e+00 -8.728399e-01
    outer loop
      vertex   -1.992293e+01 0.000000e+00 9.798544e+02
      vertex   -1.992293e+01 3.000000e+00 9.798544e+02
      vertex   -1.975995e+01 3.000000e+00 9.799455e+02
    endloop
  endfacet
  facet normal 4.880067e-01 0.000000e+00 -8.728399e-01
    outer loop
      vertex   -1.992293e+01 0.000000e+00 9.798544e+02
      vertex   -1.975995e+01 3.000000e+00 9.799455e+02
      vertex   -1.975995e+01 0.000000e+00 9.799455e+02
    endloop
  endfacet
  facet normal 3.757823e-01 0.000000e+00 -9.267080e-01
    outer loop
      vertex   -1.975995e+01 0.000000e+00 9.799455e+02
      vertex   -1.975995e+01 3.000000e+00 9.799455e+02
      vertex   -1.958691e+01 3.000000e+00 9.800157e+02
    endloop
  endfacet
  facet normal 3.757823e-01 0.000000e+00 -9.267080e-01
    outer loop
      vertex   -1.975995e+01 0.000000e+00 9.799455e+02
      vertex   -1.958691e+01 3.000000e+00 9.800157e+02
      vertex   -1.958691e+01 0.000000e+00 9.800157e+02
    endloop
  endfacet
  facet normal 2.577347e-01 0.000000e+00 -9.662157e-01
    outer loop
      vertex   -1.958691e+01 0.000000e+00 9.800157e+02
      vertex   -1.958691e+01 3.000000e+00 9.800157e+02
      vertex   -1.940649e+01 3.000000e+00 9.800638e+02
    endloop
  endfacet
  facet normal 2.577347e-01 0.000000e+00 -9.662157e-01
    outer loop
      vertex   -1.958691e+01 0.000000e+00 9.800157e+02
      vertex   -1.940649e+01 3.000000e+00 9.800638e+02
      vertex   -1.940649e+01 0.000000e+00 9.800638e+02
    endloop
  endfacet
  facet normal 1.356933e-01 0.000000e+00 -9.907509e-01
    outer loop
      vertex   -1.940649e+01 0.000000e+00 9.800638e+02
      vertex   -1.940649e+01 3.000000e+00 9.800638e+02
      vertex   -1.922150e+01 3.000000e+00 9.800891e+02
    endloop
  endfacet
  facet normal 1.356933e-01 -1.594828e-16 -9.907509e-01
    outer loop
      vertex   -1.940649e+01 0.000000e+00 9.800638e+02
      vertex   -1.922150e+01 3.000000e+00 9.800891e+02
      vertex   -1.922150e+01 0.000000e+00 9.800891e+02
    endloop
  endfacet
  facet normal 1.154908e-02 -1.367686e-17 -9.999333e-01
    outer loop
      vertex   -1.922150e+01 0.000000e+00 9.800891e+02
      vertex   -1.922150e+01 3.000000e+00 9.800891e+02
      vertex   -1.903478e+01 3.000000e+00 9.800913e+02
    endloop
  endfacet
  facet normal 1.154908e-02 0.000000e+00 -9.999333e-01
    outer loop
      vertex   -1.922150e+01 0.000000e+00 9.800891e+02
      vertex   -1.903478e+01 3.000000e+00 9.800913e+02
      vertex   -1.903478e+01 0.000000e+00 9.800913e+02
    endloop
  endfacet
  facet normal -1.127741e-01 0.000000e+00 -9.936207e-01
    outer loop
      vertex   -1.903478e+01 0.000000e+00 9.800913e+02
      vertex   -1.903478e+01 3.000000e+00 9.800913e+02
      vertex   -1.884925e+01 3.000000e+00 9.800702e+02
    endloop
  endfacet
  facet normal -1.127741e-01 0.000000e+00 -9.936207e-01
    outer loop
      vertex   -1.903478e+01 0.000000e+00 9.800913e+02
      vertex   -1.884925e+01 3.000000e+00 9.800702e+02
      vertex   -1.884925e+01 0.000000e+00 9.800702e+02
    endloop
  endfacet
  facet normal -2.353496e-01 0.000000e+00 -9.719108e-01
    outer loop
      vertex   -1.884925e+01 0.000000e+00 9.800702e+02
      vertex   -1.884925e+01 3.000000e+00 9.800702e+02
      vertex   -1.866777e+01 3.000000e+00 9.800263e+02
    endloop
  endfacet
  facet normal -2.353496e-01 0.000000e+00 -9.719108e-01
    outer loop
      vertex   -1.884925e+01 0.000000e+00 9.800702e+02
      vertex   -1.866777e+01 3.000000e+00 9.800263e+02
      vertex   -1.866777e+01 0.000000e+00 9.800263e+02
    endloop
  endfacet
  facet normal -3.542782e-01 0.000000e+00 -9.351401e-01
    outer loop
      vertex   -1.866777e+01 0.000000e+00 9.800263e+02
      vertex   -1.866777e+01 3.000000e+00 9.800263e+02
      vertex   -1.849316e+01 3.000000e+00 9.799601e+02
    endloop
  endfacet
  facet normal -3.542782e-01 4.180617e-16 -9.351401e-01
    outer loop
      vertex   -1.866777e+01 0.000000e+00 9.800263e+02
      vertex   -1.849316e+01 3.000000e+00 9.799601e+02
      vertex   -1.849316e+01 0.000000e+00 9.799601e+02
    endloop
  endfacet
  facet normal -4.677169e-01 5.538880e-16 -8.838783e-01
    outer loop
      vertex   -1.849316e+01 0.000000e+00 9.799601e+02
      vertex   -1.849316e+01 3.000000e+00 9.799601e+02
      vertex   -1.832811e+01 3.000000e+00 9.798728e+02
    endloop
  endfacet
  facet normal -4.677169e-01 0.000000e+00 -8.838783e-01
    outer loop
      vertex   -1.849316e+01 0.000000e+00 9.799601e+02
      vertex   -1.832811e+01 3.000000e+00 9.798728e+02
      vertex   -1.832811e+01 0.000000e+00 9.798728e+02
    endloop
  endfacet
  facet normal -5.739077e-01 0.000000e+00 -8.189200e-01
    outer loop
      vertex   -1.832811e+01 0.000000e+00 9.798728e+02
      vertex   -1.832811e+01 3.000000e+00 9.798728e+02
      vertex   -1.817520e+01 3.000000e+00 9.797656e+02
    endloop
  endfacet
  facet normal -5.739077e-01 0.000000e+00 -8.189200e-01
    outer loop
      vertex   -1.832811e+01 0.000000e+00 9.798728e+02
      vertex   -1.817520e+01 3.000000e+00 9.797656e+02
      vertex   -1.817520e+01 0.000000e+00 9.797656e+02
    endloop
  endfacet
  facet normal -6.712053e-01 0.000000e+00 -7.412715e-01
    outer loop
      vertex   -1.817520e+01 0.000000e+00 9.797656e+02
      vertex   -1.817520e+01 3.000000e+00 9.797656e+02
      vertex   -1.803679e+01 3.000000e+00 9.796403e+02
    endloop
  endfacet
  facet normal -6.712053e-01 0.000000e+00 -7.412715e-01
    outer loop
      vertex   -1.817520e+01 0.000000e+00 9.797656e+02
      vertex   -1.803679e+01 3.000000e+00 9.796403e+02
      vertex   -1.803679e+01 0.000000e+00 9.796403e+02
    endloop
  endfacet
  facet normal -7.581018e-01 0.000000e+00 -6.521363e-01
    outer loop
      vertex   -1.803679e+01 0.000000e+00 9.796403e+02
      vertex   -1.803679e+01 3.000000e+00 9.796403e+02
      vertex   -1.791502e+01 3.000000e+00 9.794987e+02
    endloop
  endfacet
  facet normal -7.581018e-01 0.000000e+00 -6.521363e-01
    outer loop
      vertex   -1.803679e+01 0.000000e+00 9.796403e+02
      vertex   -1.791502e+01 3.000000e+00 9.794987e+02
      vertex   -1.791502e+01 0.000000e+00 9.794987e+02
    endloop
  endfacet
  facet normal -8.332506e-01 0.000000e+00 -5.528954e-01
    outer loop
      vertex   -1.791502e+01 0.000000e+00 9.794987e+02
      vertex   -1.791502e+01 3.000000e+00 9.794987e+02
      vertex   -1.781178e+01 3.000000e+00 9.793432e+02
    endloop
  endfacet
  facet normal -8.332506e-01 0.000000e+00 -5.528954e-01
    outer loop
      vertex   -1.791502e+01 0.000000e+00 9.794987e+02
      vertex   -1.781178e+01 3.000000e+00 9.793432e+02
      vertex   -1.781178e+01 0.000000e+00 9.793432e+02
    endloop
  endfacet
  facet normal -8.954874e-01 0.000000e+00 -4.450869e-01
    outer loop
      vertex   -1.781178e+01 0.000000e+00 9.793432e+02
      vertex   -1.781178e+01 3.000000e+00 9.793432e+02
      vertex   -1.772867e+01 3.000000e+00 9.791759e+02
    endloop
  endfacet
  facet normal -8.954874e-01 0.000000e+00 -4.450869e-01
    outer loop
      vertex   -1.781178e+01 0.000000e+00 9.793432e+02
      vertex   -1.772867e+01 3.000000e+00 9.791759e+02
      vertex   -1.772867e+01 0.000000e+00 9.791759e+02
    endloop
  endfacet
  facet normal -9.438476e-01 0.000000e+00 -3.303813e-01
    outer loop
      vertex   -1.772867e+01 0.000000e+00 9.791759e+02
      vertex   -1.772867e+01 3.000000e+00 9.791759e+02
      vertex   -1.766698e+01 3.000000e+00 9.789997e+02
    endloop
  endfacet
  facet normal -9.438476e-01 0.000000e+00 -3.303813e-01
    outer loop
      vertex   -1.772867e+01 0.000000e+00 9.791759e+02
      vertex   -1.766698e+01 3.000000e+00 9.789997e+02
      vertex   -1.766698e+01 0.000000e+00 9.789997e+02
    endloop
  endfacet
  facet normal -9.775818e-01 0.000000e+00 -2.105560e-01
    outer loop
      vertex   -1.766698e+01 0.000000e+00 9.789997e+02
      vertex   -1.766698e+01 3.000000e+00 9.789997e+02
      vertex   -1.762766e+01 3.000000e+00 9.788172e+02
    endloop
  endfacet
  facet normal -9.775818e-01 0.000000e+00 -2.105560e-01
    outer loop
      vertex   -1.766698e+01 0.000000e+00 9.789997e+02
      vertex   -1.762766e+01 3.000000e+00 9.788172e+02
      vertex   -1.762766e+01 0.000000e+00 9.788172e+02
    endloop
  endfacet
  facet normal -9.961673e-01 0.000000e+00 -8.746794e-02
    outer loop
      vertex   -1.762766e+01 0.000000e+00 9.788172e+02
      vertex   -1.762766e+01 3.000000e+00 9.788172e+02
      vertex   -1.761133e+01 3.000000e+00 9.786312e+02
    endloop
  endfacet
  facet normal -9.961673e-01 0.000000e+00 -8.746794e-02
    outer loop
      vertex   -1.762766e+01 0.000000e+00 9.788172e+02
      vertex   -1.761133e+01 3.000000e+00 9.786312e+02
      vertex   -1.761133e+01 0.000000e+00 9.786312e+02
    endloop
  endfacet
  facet normal -9.993162e-01 0.000000e+00 3.697553e-02
    outer loop
      vertex   -1.761133e+01 0.000000e+00 9.786312e+02
      vertex   -1.761133e+01 3.000000e+00 9.786312e+02
      vertex   -1.761823e+01 3.000000e+00 9.784446e+02
    endloop
  endfacet
  facet normal -9.993162e-01 0.000000e+00 3.697553e-02
    outer loop
      vertex   -1.761133e+01 0.000000e+00 9.786312e+02
      vertex   -1.761823e+01 3.000000e+00 9.784446e+02
      vertex   -1.761823e+01 0.000000e+00 9.784446e+02
    endloop
  endfacet
  facet normal -9.869795e-01 0.000000e+00 1.608460e-01
    outer loop
      vertex   -1.761823e+01 0.000000e+00 9.784446e+02
      vertex   -1.761823e+01 3.000000e+00 9.784446e+02
      vertex   -1.764827e+01 3.000000e+00 9.782603e+02
    endloop
  endfacet
  facet normal -9.869795e-01 0.000000e+00 1.608460e-01
    outer loop
      vertex   -1.761823e+01 0.000000e+00 9.784446e+02
      vertex   -1.764827e+01 3.000000e+00 9.782603e+02
      vertex   -1.764827e+01 0.000000e+00 9.782603e+02
    endloop
  endfacet
  facet normal -9.593485e-01 0.000000e+00 2.822240e-01
    outer loop
      vertex   -1.764827e+01 0.000000e+00 9.782603e+02
      vertex   -1.764827e+01 3.000000e+00 9.782603e+02
      vertex   -1.770097e+01 3.000000e+00 9.780811e+02
    endloop
  endfacet
  facet normal -9.593485e-01 0.000000e+00 2.822240e-01
    outer loop
      vertex   -1.764827e+01 0.000000e+00 9.782603e+02
      vertex   -1.770097e+01 3.000000e+00 9.780811e+02
      vertex   -1.770097e+01 0.000000e+00 9.780811e+02
    endloop
  endfacet
  facet normal -9.168514e-01 0.000000e+00 3.992287e-01
    outer loop
      vertex   -1.770097e+01 0.000000e+00 9.780811e+02
      vertex   -1.770097e+01 3.000000e+00 9.780811e+02
      vertex   -1.777551e+01 3.000000e+00 9.779099e+02
    endloop
  endfacet
  facet normal -9.168514e-01 0.000000e+00 3.992287e-01
    outer loop
      vertex   -1.770097e+01 0.000000e+00 9.780811e+02
      vertex   -1.777551e+01 3.000000e+00 9.779099e+02
      vertex   -1.777551e+01 0.000000e+00 9.779099e+02
    endloop
  endfacet
  facet normal -8.601466e-01 0.000000e+00 5.100468e-01
    outer loop
      vertex   -1.777551e+01 0.000000e+00 9.779099e+02
      vertex   -1.777551e+01 3.000000e+00 9.779099e+02
      vertex   -1.787075e+01 3.000000e+00 9.777493e+02
    endloop
  endfacet
  facet normal -8.601466e-01 0.000000e+00 5.100468e-01
    outer loop
      vertex   -1.777551e+01 0.000000e+00 9.779099e+02
      vertex   -1.787075e+01 3.000000e+00 9.777493e+02
      vertex   -1.787075e+01 0.000000e+00 9.777493e+02
    endloop
  endfacet
  facet normal -7.901130e-01 0.000000e+00 6.129612e-01
    outer loop
      vertex   -1.787075e+01 0.000000e+00 9.777493e+02
      vertex   -1.787075e+01 3.000000e+00 9.777493e+02
      vertex   -1.798521e+01 3.000000e+00 9.776018e+02
    endloop
  endfacet
  facet normal -7.901130e-01 0.000000e+00 6.129612e-01
    outer loop
      vertex   -1.787075e+01 0.000000e+00 9.777493e+02
      vertex   -1.798521e+01 3.000000e+00 9.776018e+02
      vertex   -1.798521e+01 0.000000e+00 9.776018e+02
    endloop
  endfacet
  facet normal -7.078356e-01 0.000000e+00 7.063772e-01
    outer loop
      vertex   -1.798521e+01 0.000000e+00 9.776018e+02
      vertex   -1.798521e+01 3.000000e+00 9.776018e+02
      vertex   -1.811710e+01 3.000000e+00 9.774696e+02
    endloop
  endfacet
  facet normal -7.078356e-01 0.000000e+00 7.063772e-01
    outer loop
      vertex   -1.798521e+01 0.000000e+00 9.776018e+02
      vertex   -1.811710e+01 3.000000e+00 9.774696e+02
      vertex   -1.811710e+01 0.000000e+00 9.774696e+02
    endloop
  endfacet
  facet normal -6.145896e-01 0.000000e+00 7.888470e-01
    outer loop
      vertex   -1.811710e+01 0.000000e+00 9.774696e+02
      vertex   -1.811710e+01 3.000000e+00 9.774696e+02
      vertex   -1.826440e+01 3.000000e+00 9.773549e+02
    endloop
  endfacet
  facet normal -6.145896e-01 -7.308338e-16 7.888470e-01
    outer loop
      vertex   -1.811710e+01 0.000000e+00 9.774696e+02
      vertex   -1.826440e+01 3.000000e+00 9.773549e+02
      vertex   -1.826440e+01 0.000000e+00 9.773549e+02
    endloop
  endfacet
  facet normal -5.118199e-01 -6.061165e-16 8.590928e-01
    outer loop
      vertex   -1.826440e+01 0.000000e+00 9.773549e+02
      vertex   -1.826440e+01 3.000000e+00 9.773549e+02
      vertex   -1.842482e+01 3.000000e+00 9.772593e+02
    endloop
  endfacet
  facet normal -5.118199e-01 0.000000e+00 8.590928e-01
    outer loop
      vertex   -1.826440e+01 0.000000e+00 9.773549e+02
      vertex   -1.842482e+01 3.000000e+00 9.772593e+02
      vertex   -1.842482e+01 0.000000e+00 9.772593e+02
    endloop
  endfacet
  facet normal -4.011189e-01 0.000000e+00 9.160260e-01
    outer loop
      vertex   -1.842482e+01 0.000000e+00 9.772593e+02
      vertex   -1.842482e+01 3.000000e+00 9.772593e+02
      vertex   -1.859586e+01 3.000000e+00 9.771844e+02
    endloop
  endfacet
  facet normal -4.011189e-01 4.738033e-16 9.160260e-01
    outer loop
      vertex   -1.842482e+01 0.000000e+00 9.772593e+02
      vertex   -1.859586e+01 3.000000e+00 9.771844e+02
      vertex   -1.859586e+01 0.000000e+00 9.771844e+02
    endloop
  endfacet
  facet normal -2.842022e-01 3.365630e-16 9.587644e-01
    outer loop
      vertex   -1.859586e+01 0.000000e+00 9.771844e+02
      vertex   -1.859586e+01 3.000000e+00 9.771844e+02
      vertex   -1.877489e+01 3.000000e+00 9.771313e+02
    endloop
  endfacet
  facet normal -2.842022e-01 0.000000e+00 9.587644e-01
    outer loop
      vertex   -1.859586e+01 0.000000e+00 9.771844e+02
      vertex   -1.877489e+01 3.000000e+00 9.771313e+02
      vertex   -1.877489e+01 0.000000e+00 9.771313e+02
    endloop
  endfacet
  facet normal -1.628814e-01 0.000000e+00 9.866457e-01
    outer loop
      vertex   -1.877489e+01 0.000000e+00 9.771313e+02
      vertex   -1.877489e+01 3.000000e+00 9.771313e+02
      vertex   -1.895912e+01 3.000000e+00 9.771009e+02
    endloop
  endfacet
  facet normal -1.628814e-01 0.000000e+00 9.866457e-01
    outer loop
      vertex   -1.877489e+01 0.000000e+00 9.771313e+02
      vertex   -1.895912e+01 3.000000e+00 9.771009e+02
      vertex   -1.895912e+01 0.000000e+00 9.771009e+02
    endloop
  endfacet
  facet normal -3.903664e-02 0.000000e+00 9.992378e-01
    outer loop
      vertex   -1.895912e+01 0.000000e+00 9.771009e+02
      vertex   -1.895912e+01 3.000000e+00 9.771009e+02
      vertex   -1.914570e+01 3.000000e+00 9.770936e+02
    endloop
  endfacet
  facet normal -3.903664e-02 0.000000e+00 9.992378e-01
    outer loop
      vertex   -1.895912e+01 0.000000e+00 9.771009e+02
      vertex   -1.914570e+01 3.000000e+00 9.770936e+02
      vertex   -1.914570e+01 0.000000e+00 9.770936e+02
    endloop
  endfacet
  facet normal 8.541306e-02 -0.000000e+00 9.963456e-01
    outer loop
      vertex   -1.914570e+01 0.000000e+00 9.770936e+02
      vertex   -1.914570e+01 3.000000e+00 9.770936e+02
      vertex   -1.933174e+01 3.000000e+00 9.771096e+02
    endloop
  endfacet
  facet normal 8.541306e-02 0.000000e+00 9.963456e-01
    outer loop
      vertex   -1.914570e+01 0.000000e+00 9.770936e+02
      vertex   -1.933174e+01 3.000000e+00 9.771096e+02
      vertex   -1.933174e+01 0.000000e+00 9.771096e+02
    endloop
  endfacet
  facet normal 2.085392e-01 -0.000000e+00 9.780140e-01
    outer loop
      vertex   -1.933174e+01 0.000000e+00 9.771096e+02
      vertex   -1.933174e+01 3.000000e+00 9.771096e+02
      vertex   -1.951436e+01 3.000000e+00 9.771485e+02
    endloop
  endfacet
  facet normal 2.085392e-01 0.000000e+00 9.780140e-01
    outer loop
      vertex   -1.933174e+01 0.000000e+00 9.771096e+02
      vertex   -1.951436e+01 3.000000e+00 9.771485e+02
      vertex   -1.951436e+01 0.000000e+00 9.771485e+02
    endloop
  endfacet
  facet normal 3.284338e-01 -0.000000e+00 9.445270e-01
    outer loop
      vertex   -1.951436e+01 0.000000e+00 9.771485e+02
      vertex   -1.951436e+01 3.000000e+00 9.771485e+02
      vertex   -1.969073e+01 3.000000e+00 9.772098e+02
    endloop
  endfacet
  facet normal 3.284338e-01 0.000000e+00 9.445270e-01
    outer loop
      vertex   -1.951436e+01 0.000000e+00 9.771485e+02
      vertex   -1.969073e+01 3.000000e+00 9.772098e+02
      vertex   -1.969073e+01 0.000000e+00 9.772098e+02
    endloop
  endfacet
  facet normal 8.423139e-01 0.000000e+00 -5.389873e-01
    outer loop
      vertex   -1.800000e+01 3.000000e+00 9.700000e+02
      vertex   -1.160111e+01 3.000000e+00 9.800000e+02
      vertex   -1.800000e+01 0.000000e+00 9.700000e+02
    endloop
  endfacet
  facet normal 8.423139e-01 0.000000e+00 -5.389873e-01
    outer loop
      vertex   -1.800000e+01 0.000000e+00 9.700000e+02
      vertex   -1.160111e+01 3.000000e+00 9.800000e+02
      vertex   -1.160111e+01 0.000000e+00 9.800000e+02
    endloop
  endfacet
  facet normal -9.678228e-01 0.000000e+00 2.516328e-01
    outer loop
      vertex   -1.911897e+01 3.000000e+00 1.000427e+03
      vertex   -2.625000e+01 3.000000e+00 9.730000e+02
      vertex   -1.911897e+01 0.000000e+00 1.000427e+03
    endloop
  endfacet
  facet normal -9.678228e-01 0.000000e+00 2.516328e-01
    outer loop
      vertex   -1.911897e+01 0.000000e+00 1.000427e+03
      vertex   -2.625000e+01 3.000000e+00 9.730000e+02
      vertex   -2.625000e+01 0.000000e+00 9.730000e+02
    endloop
  endfacet
  facet normal 0.000000e+00 1.000000e+00 -0.000000e+00
    outer loop
      vertex   -1.767774e+01 1.500000e+01 9.989887e+02
      vertex   -1.785552e+01 1.500000e+01 9.989994e+02
      vertex   -1.750000e+01 1.500000e+01 9.990000e+02
    endloop
  endfacet
  facet normal 0.000000e+00 1.000000e+00 0.000000e+00
    outer loop
      vertex   -1.750000e+01 1.500000e+01 9.990000e+02
      vertex   -1.785552e+01 1.500000e+01 9.989994e+02
      vertex   -1.803062e+01 1.500000e+01 9.990319e+02
    endloop
  endfacet
  facet normal 0.000000e+00 1.000000e+00 0.000000e+00
    outer loop
      vertex   -1.750000e+01 1.500000e+01 9.990000e+02
      vertex   -1.803062e+01 1.500000e+01 9.990319e+02
      vertex   -1.900000e+01 1.500000e+01 1.001000e+03
    endloop
  endfacet
  facet normal 0.000000e+00 1.000000e+00 0.000000e+00
    outer loop
      vertex   -1.900000e+01 1.500000e+01 1.001000e+03
      vertex   -1.803062e+01 1.500000e+01 9.990319e+02
      vertex   -1.820035e+01 1.500000e+01 9.990859e+02
    endloop
  endfacet
  facet normal 0.000000e+00 1.000000e+00 0.000000e+00
    outer loop
      vertex   -1.900000e+01 1.500000e+01 1.001000e+03
      vertex   -1.820035e+01 1.500000e+01 9.990859e+02
      vertex   -1.836212e+01 1.500000e+01 9.991604e+02
    endloop
  endfacet
  facet normal 0.000000e+00 1.000000e+00 0.000000e+00
    outer loop
      vertex   -1.836212e+01 1.500000e+01 9.991604e+02
      vertex   -1.851343e+01 1.500000e+01 9.992544e+02
      vertex   -1.900000e+01 1.500000e+01 1.001000e+03
    endloop
  endfacet
  facet normal 0.000000e+00 1.000000e+00 0.000000e+00
    outer loop
      vertex   -1.900000e+01 1.500000e+01 1.001000e+03
      vertex   -1.851343e+01 1.500000e+01 9.992544e+02
      vertex   -1.865197e+01 1.500000e+01 9.993663e+02
    endloop
  endfacet
  facet normal 0.000000e+00 1.000000e+00 0.000000e+00
    outer loop
      vertex   -1.900000e+01 1.500000e+01 1.001000e+03
      vertex   -1.865197e+01 1.500000e+01 9.993663e+02
      vertex   -1.877562e+01 1.500000e+01 9.994945e+02
    endloop
  endfacet
  facet normal 0.000000e+00 1.000000e+00 0.000000e+00
    outer loop
      vertex   -1.877562e+01 1.500000e+01 9.994945e+02
      vertex   -1.888248e+01 1.500000e+01 9.996370e+02
      vertex   -1.900000e+01 1.500000e+01 1.001000e+03
    endloop
  endfacet
  facet normal 0.000000e+00 1.000000e+00 0.000000e+00
    outer loop
      vertex   -1.900000e+01 1.500000e+01 1.001000e+03
      vertex   -1.888248e+01 1.500000e+01 9.996370e+02
      vertex   -1.897092e+01 1.500000e+01 9.997916e+02
    endloop
  endfacet
  facet normal 0.000000e+00 1.000000e+00 0.000000e+00
    outer loop
      vertex   -1.900000e+01 1.500000e+01 1.001000e+03
      vertex   -1.897092e+01 1.500000e+01 9.997916e+02
      vertex   -1.903957e+01 1.500000e+01 9.999559e+02
    endloop
  endfacet
  facet normal 0.000000e+00 1.000000e+00 0.000000e+00
    outer loop
      vertex   -1.900000e+01 1.500000e+01 1.001000e+03
      vertex   -1.903957e+01 1.500000e+01 9.999559e+02
      vertex   -1.906067e+01 1.500000e+01 1.000833e+03
    endloop
  endfacet
  facet normal 0.000000e+00 1.000000e+00 0.000000e+00
    outer loop
      vertex   -1.906067e+01 1.500000e+01 1.000833e+03
      vertex   -1.903957e+01 1.500000e+01 9.999559e+02
      vertex   -1.908740e+01 1.500000e+01 1.000127e+03
    endloop
  endfacet
  facet normal 0.000000e+00 1.000000e+00 0.000000e+00
    outer loop
      vertex   -1.906067e+01 1.500000e+01 1.000833e+03
      vertex   -1.908740e+01 1.500000e+01 1.000127e+03
      vertex   -1.910018e+01 1.500000e+01 1.000659e+03
    endloop
  endfacet
  facet normal 0.000000e+00 1.000000e+00 0.000000e+00
    outer loop
      vertex   -1.910018e+01 1.500000e+01 1.000659e+03
      vertex   -1.908740e+01 1.500000e+01 1.000127e+03
      vertex   -1.911365e+01 1.500000e+01 1.000304e+03
    endloop
  endfacet
  facet normal 0.000000e+00 1.000000e+00 0.000000e+00
    outer loop
      vertex   -1.910018e+01 1.500000e+01 1.000659e+03
      vertex   -1.911365e+01 1.500000e+01 1.000304e+03
      vertex   -1.911793e+01 1.500000e+01 1.000482e+03
    endloop
  endfacet
  facet normal 0.000000e+00 1.000000e+00 -0.000000e+00
    outer loop
      vertex   -1.750000e+01 1.500000e+01 9.990000e+02
      vertex   -1.900000e+01 1.500000e+01 1.001000e+03
      vertex   -1.610315e+01 1.500000e+01 1.001780e+03
    endloop
  endfacet
  facet normal 0.000000e+00 1.000000e+00 0.000000e+00
    outer loop
      vertex   -1.610315e+01 1.500000e+01 1.001780e+03
      vertex   -1.900000e+01 1.500000e+01 1.001000e+03
      vertex   -2.250000e+01 1.500000e+01 1.014000e+03
    endloop
  endfacet
  facet normal 0.000000e+00 1.000000e+00 0.000000e+00
    outer loop
      vertex   -1.610315e+01 1.500000e+01 1.001780e+03
      vertex   -2.250000e+01 1.500000e+01 1.014000e+03
      vertex   -1.960315e+01 1.500000e+01 1.014780e+03
    endloop
  endfacet
  facet normal 0.000000e+00 1.000000e+00 0.000000e+00
    outer loop
      vertex   -1.610315e+01 1.500000e+01 1.001780e+03
      vertex   -1.610315e+01 1.500000e+01 9.990000e+02
      vertex   -1.750000e+01 1.500000e+01 9.990000e+02
    endloop
  endfacet
  facet normal -0.000000e+00 1.000000e+00 0.000000e+00
    outer loop
      vertex   -3.150000e+01 1.500000e+01 9.710000e+02
      vertex   -3.150000e+01 1.500000e+01 9.730000e+02
      vertex   -2.867106e+01 1.500000e+01 9.700000e+02
    endloop
  endfacet
  facet normal 0.000000e+00 1.000000e+00 -0.000000e+00
    outer loop
      vertex   -2.867106e+01 1.500000e+01 9.700000e+02
      vertex   -3.150000e+01 1.500000e+01 9.730000e+02
      vertex   -2.625000e+01 1.500000e+01 9.730000e+02
    endloop
  endfacet
  facet normal 0.000000e+00 1.000000e+00 0.000000e+00
    outer loop
      vertex   -2.867106e+01 1.500000e+01 9.700000e+02
      vertex   -2.625000e+01 1.500000e+01 9.730000e+02
      vertex   -2.625000e+01 1.500000e+01 9.700000e+02
    endloop
  endfacet
  facet normal 0.000000e+00 1.000000e+00 0.000000e+00
    outer loop
      vertex   -2.867106e+01 1.500000e+01 9.700000e+02
      vertex   -3.165395e+01 1.500000e+01 9.610513e+02
      vertex   -3.150000e+01 1.500000e+01 9.710000e+02
    endloop
  endfacet
  facet normal 0.000000e+00 1.000000e+00 0.000000e+00
    outer loop
      vertex   -3.150000e+01 1.500000e+01 9.710000e+02
      vertex   -3.165395e+01 1.500000e+01 9.610513e+02
      vertex   -3.450000e+01 1.500000e+01 9.620000e+02
    endloop
  endfacet
  facet normal 0.000000e+00 0.000000e+00 -1.000000e+00
    outer loop
      vertex   -1.610315e+01 3.000000e+00 9.990000e+02
      vertex   -1.750000e+01 3.000000e+00 9.990000e+02
      vertex   -1.610315e+01 1.500000e+01 9.990000e+02
    endloop
  endfacet
  facet normal -0.000000e+00 0.000000e+00 -1.000000e+00
    outer loop
      vertex   -1.610315e+01 1.500000e+01 9.990000e+02
      vertex   -1.750000e+01 3.000000e+00 9.990000e+02
      vertex   -1.750000e+01 1.500000e+01 9.990000e+02
    endloop
  endfacet
  facet normal 1.000000e+00 -0.000000e+00 0.000000e+00
    outer loop
      vertex   -1.610315e+01 3.000000e+00 1.001780e+03
      vertex   -1.610315e+01 3.000000e+00 9.990000e+02
      vertex   -1.610315e+01 1.500000e+01 1.001780e+03
    endloop
  endfacet
  facet normal 1.000000e+00 0.000000e+00 0.000000e+00
    outer loop
      vertex   -1.610315e+01 1.500000e+01 1.001780e+03
      vertex   -1.610315e+01 3.000000e+00 9.990000e+02
      vertex   -1.610315e+01 1.500000e+01 9.990000e+02
    endloop
  endfacet
  facet normal 0.000000e+00 1.000000e+00 0.000000e+00
    outer loop
      vertex   -1.992847e+01 3.000000e+00 9.773356e+02
      vertex   -1.976589e+01 3.000000e+00 9.772438e+02
      vertex   -1.800000e+01 3.000000e+00 9.700000e+02
    endloop
  endfacet
  facet normal 0.000000e+00 1.000000e+00 0.000000e+00
    outer loop
      vertex   -1.800000e+01 3.000000e+00 9.700000e+02
      vertex   -1.976589e+01 3.000000e+00 9.772438e+02
      vertex   -1.969073e+01 3.000000e+00 9.772098e+02
    endloop
  endfacet
  facet normal 0.000000e+00 1.000000e+00 0.000000e+00
    outer loop
      vertex   -1.800000e+01 3.000000e+00 9.700000e+02
      vertex   -1.969073e+01 3.000000e+00 9.772098e+02
      vertex   -1.951436e+01 3.000000e+00 9.771485e+02
    endloop
  endfacet
  facet normal 0.000000e+00 1.000000e+00 0.000000e+00
    outer loop
      vertex   -1.951436e+01 3.000000e+00 9.771485e+02
      vertex   -1.933174e+01 3.000000e+00 9.771096e+02
      vertex   -1.800000e+01 3.000000e+00 9.700000e+02
    endloop
  endfacet
  facet normal 0.000000e+00 1.000000e+00 0.000000e+00
    outer loop
      vertex   -1.800000e+01 3.000000e+00 9.700000e+02
      vertex   -1.933174e+01 3.000000e+00 9.771096e+02
      vertex   -1.914570e+01 3.000000e+00 9.770936e+02
    endloop
  endfacet
  facet normal 0.000000e+00 1.000000e+00 0.000000e+00
    outer loop
      vertex   -1.800000e+01 3.000000e+00 9.700000e+02
      vertex   -1.914570e+01 3.000000e+00 9.770936e+02
      vertex   -1.895912e+01 3.000000e+00 9.771009e+02
    endloop
  endfacet
  facet normal -0.000000e+00 1.000000e+00 0.000000e+00
    outer loop
      vertex   -1.895912e+01 3.000000e+00 9.771009e+02
      vertex   -1.877489e+01 3.000000e+00 9.771313e+02
      vertex   -1.800000e+01 3.000000e+00 9.700000e+02
    endloop
  endfacet
  facet normal 0.000000e+00 1.000000e+00 0.000000e+00
    outer loop
      vertex   -1.800000e+01 3.000000e+00 9.700000e+02
      vertex   -1.877489e+01 3.000000e+00 9.771313e+02
      vertex   -1.859586e+01 3.000000e+00 9.771844e+02
    endloop
  endfacet
  facet normal 0.000000e+00 1.000000e+00 0.000000e+00
    outer loop
      vertex   -1.800000e+01 3.000000e+00 9.700000e+02
      vertex   -1.859586e+01 3.000000e+00 9.771844e+02
      vertex   -1.842482e+01 3.000000e+00 9.772593e+02
    endloop
  endfacet
  facet normal -0.000000e+00 1.000000e+00 0.000000e+00
    outer loop
      vertex   -1.842482e+01 3.000000e+00 9.772593e+02
      vertex   -1.826440e+01 3.000000e+00 9.773549e+02
      vertex   -1.800000e+01 3.000000e+00 9.700000e+02
    endloop
  endfacet
  facet normal 0.000000e+00 1.000000e+00 0.000000e+00
    outer loop
      vertex   -1.800000e+01 3.000000e+00 9.700000e+02
      vertex   -1.826440e+01 3.000000e+00 9.773549e+02
      vertex   -1.811710e+01 3.000000e+00 9.774696e+02
    endloop
  endfacet
  facet normal 0.000000e+00 1.000000e+00 -0.000000e+00
    outer loop
      vertex   -1.800000e+01 3.000000e+00 9.700000e+02
      vertex   -1.811710e+01 3.000000e+00 9.774696e+02
      vertex   -1.798521e+01 3.000000e+00 9.776018e+02
    endloop
  endfacet
  facet normal -0.000000e+00 1.000000e+00 0.000000e+00
    outer loop
      vertex   -1.798521e+01 3.000000e+00 9.776018e+02
      vertex   -1.787075e+01 3.000000e+00 9.777493e+02
      vertex   -1.800000e+01 3.000000e+00 9.700000e+02
    endloop
  endfacet
  facet normal 0.000000e+00 1.000000e+00 0.000000e+00
    outer loop
      vertex   -1.800000e+01 3.000000e+00 9.700000e+02
      vertex   -1.787075e+01 3.000000e+00 9.777493e+02
      vertex   -1.777551e+01 3.000000e+00 9.779099e+02
    endloop
  endfacet
  facet normal 0.000000e+00 1.000000e+00 0.000000e+00
    outer loop
      vertex   -1.800000e+01 3.000000e+00 9.700000e+02
      vertex   -1.777551e+01 3.000000e+00 9.779099e+02
      vertex   -1.770097e+01 3.000000e+00 9.780811e+02
    endloop
  endfacet
  facet normal 0.000000e+00 1.000000e+00 0.000000e+00
    outer loop
      vertex   -1.800000e+01 3.000000e+00 9.700000e+02
      vertex   -1.770097e+01 3.000000e+00 9.780811e+02
      vertex   -1.160111e+01 3.000000e+00 9.800000e+02
    endloop
  endfacet
  facet normal 0.000000e+00 1.000000e+00 0.000000e+00
    outer loop
      vertex   -1.160111e+01 3.000000e+00 9.800000e+02
      vertex   -1.770097e+01 3.000000e+00 9.780811e+02
      vertex   -1.764827e+01 3.000000e+00 9.782603e+02
    endloop
  endfacet
  facet normal 0.000000e+00 1.000000e+00 0.000000e+00
    outer loop
      vertex   -1.160111e+01 3.000000e+00 9.800000e+02
      vertex   -1.764827e+01 3.000000e+00 9.782603e+02
      vertex   -1.761823e+01 3.000000e+00 9.784446e+02
    endloop
  endfacet
  facet normal 0.000000e+00 1.000000e+00 0.000000e+00
    outer loop
      vertex   -1.761823e+01 3.000000e+00 9.784446e+02
      vertex   -1.761133e+01 3.000000e+00 9.786312e+02
      vertex   -1.160111e+01 3.000000e+00 9.800000e+02
    endloop
  endfacet
  facet normal 0.000000e+00 1.000000e+00 0.000000e+00
    outer loop
      vertex   -1.160111e+01 3.000000e+00 9.800000e+02
      vertex   -1.761133e+01 3.000000e+00 9.786312e+02
      vertex   -1.762766e+01 3.000000e+00 9.788172e+02
    endloop
  endfacet
  facet normal 0.000000e+00 1.000000e+00 0.000000e+00
    outer loop
      vertex   -1.160111e+01 3.000000e+00 9.800000e+02
      vertex   -1.762766e+01 3.000000e+00 9.788172e+02
      vertex   -1.766698e+01 3.000000e+00 9.789997e+02
    endloop
  endfacet
  facet normal -0.000000e+00 1.000000e+00 0.000000e+00
    outer loop
      vertex   -1.772867e+01 3.000000e+00 9.791759e+02
      vertex   -1.526585e+01 3.000000e+00 9.902166e+02
      vertex   -1.766698e+01 3.000000e+00 9.789997e+02
    endloop
  endfacet
  facet normal 0.000000e+00 1.000000e+00 0.000000e+00
    outer loop
      vertex   -1.766698e+01 3.000000e+00 9.789997e+02
      vertex   -1.526585e+01 3.000000e+00 9.902166e+02
      vertex   -1.507897e+01 3.000000e+00 9.902402e+02
    endloop
  endfacet
  facet normal 0.000000e+00 1.000000e+00 0.000000e+00
    outer loop
      vertex   -1.766698e+01 3.000000e+00 9.789997e+02
      vertex   -1.507897e+01 3.000000e+00 9.902402e+02
      vertex   -1.160111e+01 3.000000e+00 9.800000e+02
    endloop
  endfacet
  facet normal 0.000000e+00 1.000000e+00 0.000000e+00
    outer loop
      vertex   -1.160111e+01 3.000000e+00 9.800000e+02
      vertex   -1.507897e+01 3.000000e+00 9.902402e+02
      vertex   -1.489651e+01 3.000000e+00 9.902870e+02
    endloop
  endfacet
  facet normal 0.000000e+00 1.000000e+00 0.000000e+00
    outer loop
      vertex   -1.160111e+01 3.000000e+00 9.800000e+02
      vertex   -1.489651e+01 3.000000e+00 9.902870e+02
      vertex   -1.472137e+01 3.000000e+00 9.903564e+02
    endloop
  endfacet
  facet normal -0.000000e+00 1.000000e+00 0.000000e+00
    outer loop
      vertex   -1.781178e+01 3.000000e+00 9.793432e+02
      vertex   -1.564111e+01 3.000000e+00 9.902402e+02
      vertex   -1.772867e+01 3.000000e+00 9.791759e+02
    endloop
  endfacet
  facet normal 0.000000e+00 1.000000e+00 0.000000e+00
    outer loop
      vertex   -1.772867e+01 3.000000e+00 9.791759e+02
      vertex   -1.564111e+01 3.000000e+00 9.902402e+02
      vertex   -1.545422e+01 3.000000e+00 9.902166e+02
    endloop
  endfacet
  facet normal 0.000000e+00 1.000000e+00 0.000000e+00
    outer loop
      vertex   -1.772867e+01 3.000000e+00 9.791759e+02
      vertex   -1.545422e+01 3.000000e+00 9.902166e+02
      vertex   -1.526585e+01 3.000000e+00 9.902166e+02
    endloop
  endfacet
  facet normal 0.000000e+00 1.000000e+00 0.000000e+00
    outer loop
      vertex   -1.564111e+01 3.000000e+00 9.902402e+02
      vertex   -1.781178e+01 3.000000e+00 9.793432e+02
      vertex   -1.582356e+01 3.000000e+00 9.902870e+02
    endloop
  endfacet
  facet normal 0.000000e+00 1.000000e+00 0.000000e+00
    outer loop
      vertex   -1.582356e+01 3.000000e+00 9.902870e+02
      vertex   -1.781178e+01 3.000000e+00 9.793432e+02
      vertex   -1.791502e+01 3.000000e+00 9.794987e+02
    endloop
  endfacet
  facet normal 0.000000e+00 1.000000e+00 0.000000e+00
    outer loop
      vertex   -1.582356e+01 3.000000e+00 9.902870e+02
      vertex   -1.791502e+01 3.000000e+00 9.794987e+02
      vertex   -1.599871e+01 3.000000e+00 9.903564e+02
    endloop
  endfacet
  facet normal 0.000000e+00 1.000000e+00 0.000000e+00
    outer loop
      vertex   -1.599871e+01 3.000000e+00 9.903564e+02
      vertex   -1.791502e+01 3.000000e+00 9.794987e+02
      vertex   -1.803679e+01 3.000000e+00 9.796403e+02
    endloop
  endfacet
  facet normal 0.000000e+00 1.000000e+00 0.000000e+00
    outer loop
      vertex   -1.599871e+01 3.000000e+00 9.903564e+02
      vertex   -1.803679e+01 3.000000e+00 9.796403e+02
      vertex   -1.616378e+01 3.000000e+00 9.904471e+02
    endloop
  endfacet
  facet normal 0.000000e+00 1.000000e+00 0.000000e+00
    outer loop
      vertex   -1.616378e+01 3.000000e+00 9.904471e+02
      vertex   -1.803679e+01 3.000000e+00 9.796403e+02
      vertex   -1.817520e+01 3.000000e+00 9.797656e+02
    endloop
  endfacet
  facet normal 0.000000e+00 1.000000e+00 0.000000e+00
    outer loop
      vertex   -1.616378e+01 3.000000e+00 9.904471e+02
      vertex   -1.817520e+01 3.000000e+00 9.797656e+02
      vertex   -1.631617e+01 3.000000e+00 9.905578e+02
    endloop
  endfacet
  facet normal 0.000000e+00 1.000000e+00 0.000000e+00
    outer loop
      vertex   -1.631617e+01 3.000000e+00 9.905578e+02
      vertex   -1.817520e+01 3.000000e+00 9.797656e+02
      vertex   -1.832811e+01 3.000000e+00 9.798728e+02
    endloop
  endfacet
  facet normal 0.000000e+00 1.000000e+00 0.000000e+00
    outer loop
      vertex   -1.631617e+01 3.000000e+00 9.905578e+02
      vertex   -1.832811e+01 3.000000e+00 9.798728e+02
      vertex   -1.645349e+01 3.000000e+00 9.906868e+02
    endloop
  endfacet
  facet normal 0.000000e+00 1.000000e+00 0.000000e+00
    outer loop
      vertex   -1.645349e+01 3.000000e+00 9.906868e+02
      vertex   -1.832811e+01 3.000000e+00 9.798728e+02
      vertex   -1.849316e+01 3.000000e+00 9.799601e+02
    endloop
  endfacet
  facet normal 0.000000e+00 1.000000e+00 0.000000e+00
    outer loop
      vertex   -1.645349e+01 3.000000e+00 9.906868e+02
      vertex   -1.849316e+01 3.000000e+00 9.799601e+02
      vertex   -1.657356e+01 3.000000e+00 9.908319e+02
    endloop
  endfacet
  facet normal 0.000000e+00 1.000000e+00 0.000000e+00
    outer loop
      vertex   -1.657356e+01 3.000000e+00 9.908319e+02
      vertex   -1.849316e+01 3.000000e+00 9.799601e+02
      vertex   -1.866777e+01 3.000000e+00 9.800263e+02
    endloop
  endfacet
  facet normal 0.000000e+00 1.000000e+00 0.000000e+00
    outer loop
      vertex   -1.657356e+01 3.000000e+00 9.908319e+02
      vertex   -1.866777e+01 3.000000e+00 9.800263e+02
      vertex   -1.667450e+01 3.000000e+00 9.909910e+02
    endloop
  endfacet
  facet normal 0.000000e+00 1.000000e+00 0.000000e+00
    outer loop
      vertex   -1.667450e+01 3.000000e+00 9.909910e+02
      vertex   -1.866777e+01 3.000000e+00 9.800263e+02
      vertex   -1.884925e+01 3.000000e+00 9.800702e+02
    endloop
  endfacet
  facet normal 0.000000e+00 1.000000e+00 0.000000e+00
    outer loop
      vertex   -1.667450e+01 3.000000e+00 9.909910e+02
      vertex   -1.884925e+01 3.000000e+00 9.800702e+02
      vertex   -1.675470e+01 3.000000e+00 9.911614e+02
    endloop
  endfacet
  facet normal 0.000000e+00 1.000000e+00 0.000000e+00
    outer loop
      vertex   -1.675470e+01 3.000000e+00 9.911614e+02
      vertex   -1.884925e+01 3.000000e+00 9.800702e+02
      vertex   -1.903478e+01 3.000000e+00 9.800913e+02
    endloop
  endfacet
  facet normal 0.000000e+00 1.000000e+00 0.000000e+00
    outer loop
      vertex   -1.675470e+01 3.000000e+00 9.911614e+02
      vertex   -1.903478e+01 3.000000e+00 9.800913e+02
      vertex   -1.922150e+01 3.000000e+00 9.800891e+02
    endloop
  endfacet
  facet normal 0.000000e+00 1.000000e+00 0.000000e+00
    outer loop
      vertex   -1.675470e+01 3.000000e+00 9.911614e+02
      vertex   -1.922150e+01 3.000000e+00 9.800891e+02
      vertex   -1.681291e+01 3.000000e+00 9.913406e+02
    endloop
  endfacet
  facet normal 0.000000e+00 1.000000e+00 0.000000e+00
    outer loop
      vertex   -1.681291e+01 3.000000e+00 9.913406e+02
      vertex   -1.922150e+01 3.000000e+00 9.800891e+02
      vertex   -1.940649e+01 3.000000e+00 9.800638e+02
    endloop
  endfacet
  facet normal 0.000000e+00 1.000000e+00 0.000000e+00
    outer loop
      vertex   -1.681291e+01 3.000000e+00 9.913406e+02
      vertex   -1.940649e+01 3.000000e+00 9.800638e+02
      vertex   -1.958691e+01 3.000000e+00 9.800157e+02
    endloop
  endfacet
  facet normal 0.000000e+00 1.000000e+00 -0.000000e+00
    outer loop
      vertex   -1.958691e+01 3.000000e+00 9.800157e+02
      vertex   -1.975995e+01 3.000000e+00 9.799455e+02
      vertex   -1.681291e+01 3.000000e+00 9.913406e+02
    endloop
  endfacet
  facet normal 0.000000e+00 1.000000e+00 0.000000e+00
    outer loop
      vertex   -1.681291e+01 3.000000e+00 9.913406e+02
      vertex   -1.975995e+01 3.000000e+00 9.799455e+02
      vertex   -1.684821e+01 3.000000e+00 9.915256e+02
    endloop
  endfacet
  facet normal 0.000000e+00 1.000000e+00 0.000000e+00
    outer loop
      vertex   -1.684821e+01 3.000000e+00 9.915256e+02
      vertex   -1.975995e+01 3.000000e+00 9.799455e+02
      vertex   -1.992293e+01 3.000000e+00 9.798544e+02
    endloop
  endfacet
  facet normal 0.000000e+00 1.000000e+00 0.000000e+00
    outer loop
      vertex   -1.684821e+01 3.000000e+00 9.915256e+02
      vertex   -1.992293e+01 3.000000e+00 9.798544e+02
      vertex   -2.007333e+01 3.000000e+00 9.797437e+02
    endloop
  endfacet
  facet normal 0.000000e+00 1.000000e+00 0.000000e+00
    outer loop
      vertex   -2.020881e+01 3.000000e+00 9.796152e+02
      vertex   -1.895325e+01 3.000000e+00 9.997569e+02
      vertex   -2.007333e+01 3.000000e+00 9.797437e+02
    endloop
  endfacet
  facet normal 0.000000e+00 1.000000e+00 0.000000e+00
    outer loop
      vertex   -2.007333e+01 3.000000e+00 9.797437e+02
      vertex   -1.895325e+01 3.000000e+00 9.997569e+02
      vertex   -1.686004e+01 3.000000e+00 9.917136e+02
    endloop
  endfacet
  facet normal 0.000000e+00 1.000000e+00 0.000000e+00
    outer loop
      vertex   -2.007333e+01 3.000000e+00 9.797437e+02
      vertex   -1.686004e+01 3.000000e+00 9.917136e+02
      vertex   -1.684821e+01 3.000000e+00 9.915256e+02
    endloop
  endfacet
  facet normal 0.000000e+00 1.000000e+00 -0.000000e+00
    outer loop
      vertex   -2.020881e+01 3.000000e+00 9.796152e+02
      vertex   -2.032728e+01 3.000000e+00 9.794709e+02
      vertex   -1.895325e+01 3.000000e+00 9.997569e+02
    endloop
  endfacet
  facet normal 0.000000e+00 1.000000e+00 0.000000e+00
    outer loop
      vertex   -1.895325e+01 3.000000e+00 9.997569e+02
      vertex   -2.032728e+01 3.000000e+00 9.794709e+02
      vertex   -1.902495e+01 3.000000e+00 9.999157e+02
    endloop
  endfacet
  facet normal 0.000000e+00 1.000000e+00 0.000000e+00
    outer loop
      vertex   -1.902495e+01 3.000000e+00 9.999157e+02
      vertex   -2.032728e+01 3.000000e+00 9.794709e+02
      vertex   -2.042690e+01 3.000000e+00 9.793129e+02
    endloop
  endfacet
  facet normal 0.000000e+00 1.000000e+00 0.000000e+00
    outer loop
      vertex   -1.902495e+01 3.000000e+00 9.999157e+02
      vertex   -2.042690e+01 3.000000e+00 9.793129e+02
      vertex   -1.907692e+01 3.000000e+00 1.000082e+03
    endloop
  endfacet
  facet normal 0.000000e+00 1.000000e+00 0.000000e+00
    outer loop
      vertex   -1.907692e+01 3.000000e+00 1.000082e+03
      vertex   -2.042690e+01 3.000000e+00 9.793129e+02
      vertex   -2.050612e+01 3.000000e+00 9.791439e+02
    endloop
  endfacet
  facet normal 0.000000e+00 1.000000e+00 0.000000e+00
    outer loop
      vertex   -1.907692e+01 3.000000e+00 1.000082e+03
      vertex   -2.050612e+01 3.000000e+00 9.791439e+02
      vertex   -2.625000e+01 3.000000e+00 9.730000e+02
    endloop
  endfacet
  facet normal 0.000000e+00 1.000000e+00 0.000000e+00
    outer loop
      vertex   -2.625000e+01 3.000000e+00 9.730000e+02
      vertex   -2.050612e+01 3.000000e+00 9.791439e+02
      vertex   -2.056373e+01 3.000000e+00 9.789662e+02
    endloop
  endfacet
  facet normal 0.000000e+00 1.000000e+00 0.000000e+00
    outer loop
      vertex   -2.625000e+01 3.000000e+00 9.730000e+02
      vertex   -2.056373e+01 3.000000e+00 9.789662e+02
      vertex   -2.059881e+01 3.000000e+00 9.787828e+02
    endloop
  endfacet
  facet normal 0.000000e+00 1.000000e+00 0.000000e+00
    outer loop
      vertex   -2.059881e+01 3.000000e+00 9.787828e+02
      vertex   -2.061085e+01 3.000000e+00 9.785965e+02
      vertex   -2.625000e+01 3.000000e+00 9.730000e+02
    endloop
  endfacet
  facet normal 0.000000e+00 1.000000e+00 0.000000e+00
    outer loop
      vertex   -2.625000e+01 3.000000e+00 9.730000e+02
      vertex   -2.061085e+01 3.000000e+00 9.785965e+02
      vertex   -2.059963e+01 3.000000e+00 9.784101e+02
    endloop
  endfacet
  facet normal 0.000000e+00 1.000000e+00 0.000000e+00
    outer loop
      vertex   -2.625000e+01 3.000000e+00 9.730000e+02
      vertex   -2.059963e+01 3.000000e+00 9.784101e+02
      vertex   -2.056535e+01 3.000000e+00 9.782266e+02
    endloop
  endfacet
  facet normal 0.000000e+00 1.000000e+00 0.000000e+00
    outer loop
      vertex   -2.056535e+01 3.000000e+00 9.782266e+02
      vertex   -2.050853e+01 3.000000e+00 9.780487e+02
      vertex   -2.625000e+01 3.000000e+00 9.730000e+02
    endloop
  endfacet
  facet normal 0.000000e+00 1.000000e+00 0.000000e+00
    outer loop
      vertex   -2.625000e+01 3.000000e+00 9.730000e+02
      vertex   -2.050853e+01 3.000000e+00 9.780487e+02
      vertex   -2.043005e+01 3.000000e+00 9.778793e+02
    endloop
  endfacet
  facet normal -0.000000e+00 1.000000e+00 0.000000e+00
    outer loop
      vertex   -2.625000e+01 3.000000e+00 9.730000e+02
      vertex   -2.043005e+01 3.000000e+00 9.778793e+02
      vertex   -2.625000e+01 3.000000e+00 9.700000e+02
    endloop
  endfacet
  facet normal 0.000000e+00 1.000000e+00 0.000000e+00
    outer loop
      vertex   -2.625000e+01 3.000000e+00 9.700000e+02
      vertex   -2.043005e+01 3.000000e+00 9.778793e+02
      vertex   -2.033113e+01 3.000000e+00 9.777209e+02
    endloop
  endfacet
  facet normal 0.000000e+00 1.000000e+00 0.000000e+00
    outer loop
      vertex   -2.625000e+01 3.000000e+00 9.700000e+02
      vertex   -2.033113e+01 3.000000e+00 9.777209e+02
      vertex   -2.021330e+01 3.000000e+00 9.775761e+02
    endloop
  endfacet
  facet normal 0.000000e+00 1.000000e+00 0.000000e+00
    outer loop
      vertex   -2.625000e+01 3.000000e+00 9.700000e+02
      vertex   -2.021330e+01 3.000000e+00 9.775761e+02
      vertex   -1.800000e+01 3.000000e+00 9.700000e+02
    endloop
  endfacet
  facet normal 0.000000e+00 1.000000e+00 0.000000e+00
    outer loop
      vertex   -1.800000e+01 3.000000e+00 9.700000e+02
      vertex   -2.021330e+01 3.000000e+00 9.775761e+02
      vertex   -2.007838e+01 3.000000e+00 9.774470e+02
    endloop
  endfacet
  facet normal 0.000000e+00 1.000000e+00 0.000000e+00
    outer loop
      vertex   -1.800000e+01 3.000000e+00 9.700000e+02
      vertex   -2.007838e+01 3.000000e+00 9.774470e+02
      vertex   -1.992847e+01 3.000000e+00 9.773356e+02
    endloop
  endfacet
  facet normal -0.000000e+00 1.000000e+00 0.000000e+00
    outer loop
      vertex   -1.472137e+01 3.000000e+00 9.903564e+02
      vertex   -1.455630e+01 3.000000e+00 9.904471e+02
      vertex   -1.160111e+01 3.000000e+00 9.800000e+02
    endloop
  endfacet
  facet normal 0.000000e+00 1.000000e+00 0.000000e+00
    outer loop
      vertex   -1.160111e+01 3.000000e+00 9.800000e+02
      vertex   -1.455630e+01 3.000000e+00 9.904471e+02
      vertex   -1.440390e+01 3.000000e+00 9.905578e+02
    endloop
  endfacet
  facet normal 0.000000e+00 1.000000e+00 0.000000e+00
    outer loop
      vertex   -1.160111e+01 3.000000e+00 9.800000e+02
      vertex   -1.440390e+01 3.000000e+00 9.905578e+02
      vertex   -1.426659e+01 3.000000e+00 9.906868e+02
    endloop
  endfacet
  facet normal -0.000000e+00 1.000000e+00 0.000000e+00
    outer loop
      vertex   -1.426659e+01 3.000000e+00 9.906868e+02
      vertex   -1.414651e+01 3.000000e+00 9.908319e+02
      vertex   -1.160111e+01 3.000000e+00 9.800000e+02
    endloop
  endfacet
  facet normal 0.000000e+00 1.000000e+00 0.000000e+00
    outer loop
      vertex   -1.160111e+01 3.000000e+00 9.800000e+02
      vertex   -1.414651e+01 3.000000e+00 9.908319e+02
      vertex   -1.404558e+01 3.000000e+00 9.909910e+02
    endloop
  endfacet
  facet normal 0.000000e+00 1.000000e+00 0.000000e+00
    outer loop
      vertex   -1.160111e+01 3.000000e+00 9.800000e+02
      vertex   -1.404558e+01 3.000000e+00 9.909910e+02
      vertex   -1.396537e+01 3.000000e+00 9.911614e+02
    endloop
  endfacet
  facet normal -0.000000e+00 1.000000e+00 0.000000e+00
    outer loop
      vertex   -1.396537e+01 3.000000e+00 9.911614e+02
      vertex   -1.390716e+01 3.000000e+00 9.913406e+02
      vertex   -1.160111e+01 3.000000e+00 9.800000e+02
    endloop
  endfacet
  facet normal 0.000000e+00 1.000000e+00 0.000000e+00
    outer loop
      vertex   -1.160111e+01 3.000000e+00 9.800000e+02
      vertex   -1.390716e+01 3.000000e+00 9.913406e+02
      vertex   -1.387187e+01 3.000000e+00 9.915256e+02
    endloop
  endfacet
  facet normal 0.000000e+00 1.000000e+00 0.000000e+00
    outer loop
      vertex   -1.160111e+01 3.000000e+00 9.800000e+02
      vertex   -1.387187e+01 3.000000e+00 9.915256e+02
      vertex   -1.386004e+01 3.000000e+00 9.917136e+02
    endloop
  endfacet
  facet normal 0.000000e+00 1.000000e+00 -0.000000e+00
    outer loop
      vertex   -1.160111e+01 3.000000e+00 9.800000e+02
      vertex   -1.386004e+01 3.000000e+00 9.917136e+02
      vertex   -1.160111e+01 3.000000e+00 1.001780e+03
    endloop
  endfacet
  facet normal 0.000000e+00 1.000000e+00 0.000000e+00
    outer loop
      vertex   -1.160111e+01 3.000000e+00 1.001780e+03
      vertex   -1.386004e+01 3.000000e+00 9.917136e+02
      vertex   -1.387187e+01 3.000000e+00 9.919016e+02
    endloop
  endfacet
  facet normal 0.000000e+00 1.000000e+00 0.000000e+00
    outer loop
      vertex   -1.160111e+01 3.000000e+00 1.001780e+03
      vertex   -1.387187e+01 3.000000e+00 9.919016e+02
      vertex   -1.390716e+01 3.000000e+00 9.920866e+02
    endloop
  endfacet
  facet normal 0.000000e+00 1.000000e+00 -0.000000e+00
    outer loop
      vertex   -1.390716e+01 3.000000e+00 9.920866e+02
      vertex   -1.396537e+01 3.000000e+00 9.922658e+02
      vertex   -1.160111e+01 3.000000e+00 1.001780e+03
    endloop
  endfacet
  facet normal 0.000000e+00 1.000000e+00 0.000000e+00
    outer loop
      vertex   -1.160111e+01 3.000000e+00 1.001780e+03
      vertex   -1.396537e+01 3.000000e+00 9.922658e+02
      vertex   -1.404558e+01 3.000000e+00 9.924362e+02
    endloop
  endfacet
  facet normal 0.000000e+00 1.000000e+00 0.000000e+00
    outer loop
      vertex   -1.160111e+01 3.000000e+00 1.001780e+03
      vertex   -1.404558e+01 3.000000e+00 9.924362e+02
      vertex   -1.414651e+01 3.000000e+00 9.925953e+02
    endloop
  endfacet
  facet normal 0.000000e+00 1.000000e+00 -0.000000e+00
    outer loop
      vertex   -1.414651e+01 3.000000e+00 9.925953e+02
      vertex   -1.426659e+01 3.000000e+00 9.927404e+02
      vertex   -1.160111e+01 3.000000e+00 1.001780e+03
    endloop
  endfacet
  facet normal 0.000000e+00 1.000000e+00 0.000000e+00
    outer loop
      vertex   -1.160111e+01 3.000000e+00 1.001780e+03
      vertex   -1.426659e+01 3.000000e+00 9.927404e+02
      vertex   -1.440390e+01 3.000000e+00 9.928694e+02
    endloop
  endfacet
  facet normal 0.000000e+00 1.000000e+00 0.000000e+00
    outer loop
      vertex   -1.160111e+01 3.000000e+00 1.001780e+03
      vertex   -1.440390e+01 3.000000e+00 9.928694e+02
      vertex   -1.610315e+01 3.000000e+00 9.990000e+02
    endloop
  endfacet
  facet normal 0.000000e+00 1.000000e+00 0.000000e+00
    outer loop
      vertex   -1.610315e+01 3.000000e+00 9.990000e+02
      vertex   -1.440390e+01 3.000000e+00 9.928694e+02
      vertex   -1.455630e+01 3.000000e+00 9.929801e+02
    endloop
  endfacet
  facet normal 0.000000e+00 1.000000e+00 0.000000e+00
    outer loop
      vertex   -1.610315e+01 3.000000e+00 9.990000e+02
      vertex   -1.455630e+01 3.000000e+00 9.929801e+02
      vertex   -1.472137e+01 3.000000e+00 9.930708e+02
    endloop
  endfacet
  facet normal 0.000000e+00 1.000000e+00 0.000000e+00
    outer loop
      vertex   -1.472137e+01 3.000000e+00 9.930708e+02
      vertex   -1.489651e+01 3.000000e+00 9.931402e+02
      vertex   -1.610315e+01 3.000000e+00 9.990000e+02
    endloop
  endfacet
  facet normal 0.000000e+00 1.000000e+00 0.000000e+00
    outer loop
      vertex   -1.610315e+01 3.000000e+00 9.990000e+02
      vertex   -1.489651e+01 3.000000e+00 9.931402e+02
      vertex   -1.507897e+01 3.000000e+00 9.931870e+02
    endloop
  endfacet
  facet normal 0.000000e+00 1.000000e+00 0.000000e+00
    outer loop
      vertex   -1.610315e+01 3.000000e+00 9.990000e+02
      vertex   -1.507897e+01 3.000000e+00 9.931870e+02
      vertex   -1.526585e+01 3.000000e+00 9.932106e+02
    endloop
  endfacet
  facet normal 0.000000e+00 1.000000e+00 0.000000e+00
    outer loop
      vertex   -1.526585e+01 3.000000e+00 9.932106e+02
      vertex   -1.545422e+01 3.000000e+00 9.932106e+02
      vertex   -1.610315e+01 3.000000e+00 9.990000e+02
    endloop
  endfacet
  facet normal 0.000000e+00 1.000000e+00 0.000000e+00
    outer loop
      vertex   -1.610315e+01 3.000000e+00 9.990000e+02
      vertex   -1.545422e+01 3.000000e+00 9.932106e+02
      vertex   -1.564111e+01 3.000000e+00 9.931870e+02
    endloop
  endfacet
  facet normal 0.000000e+00 1.000000e+00 0.000000e+00
    outer loop
      vertex   -1.610315e+01 3.000000e+00 9.990000e+02
      vertex   -1.564111e+01 3.000000e+00 9.931870e+02
      vertex   -1.582356e+01 3.000000e+00 9.931402e+02
    endloop
  endfacet
  facet normal 0.000000e+00 1.000000e+00 0.000000e+00
    outer loop
      vertex   -1.582356e+01 3.000000e+00 9.931402e+02
      vertex   -1.599871e+01 3.000000e+00 9.930708e+02
      vertex   -1.610315e+01 3.000000e+00 9.990000e+02
    endloop
  endfacet
  facet normal 0.000000e+00 1.000000e+00 0.000000e+00
    outer loop
      vertex   -1.610315e+01 3.000000e+00 9.990000e+02
      vertex   -1.599871e+01 3.000000e+00 9.930708e+02
      vertex   -1.616378e+01 3.000000e+00 9.929801e+02
    endloop
  endfacet
  facet normal 0.000000e+00 1.000000e+00 0.000000e+00
    outer loop
      vertex   -1.610315e+01 3.000000e+00 9.990000e+02
      vertex   -1.616378e+01 3.000000e+00 9.929801e+02
      vertex   -1.631617e+01 3.000000e+00 9.928694e+02
    endloop
  endfacet
  facet normal 0.000000e+00 1.000000e+00 0.000000e+00
    outer loop
      vertex   -1.610315e+01 3.000000e+00 9.990000e+02
      vertex   -1.631617e+01 3.000000e+00 9.928694e+02
      vertex   -1.750000e+01 3.000000e+00 9.990000e+02
    endloop
  endfacet
  facet normal 0.000000e+00 1.000000e+00 0.000000e+00
    outer loop
      vertex   -1.750000e+01 3.000000e+00 9.990000e+02
      vertex   -1.631617e+01 3.000000e+00 9.928694e+02
      vertex   -1.645349e+01 3.000000e+00 9.927404e+02
    endloop
  endfacet
  facet normal 0.000000e+00 1.000000e+00 0.000000e+00
    outer loop
      vertex   -1.750000e+01 3.000000e+00 9.990000e+02
      vertex   -1.645349e+01 3.000000e+00 9.927404e+02
      vertex   -1.657356e+01 3.000000e+00 9.925953e+02
    endloop
  endfacet
  facet normal 0.000000e+00 1.000000e+00 0.000000e+00
    outer loop
      vertex   -1.750000e+01 3.000000e+00 9.990000e+02
      vertex   -1.657356e+01 3.000000e+00 9.925953e+02
      vertex   -1.767385e+01 3.000000e+00 9.989887e+02
    endloop
  endfacet
  facet normal 0.000000e+00 1.000000e+00 0.000000e+00
    outer loop
      vertex   -1.767385e+01 3.000000e+00 9.989887e+02
      vertex   -1.657356e+01 3.000000e+00 9.925953e+02
      vertex   -1.667450e+01 3.000000e+00 9.924362e+02
    endloop
  endfacet
  facet normal 0.000000e+00 1.000000e+00 0.000000e+00
    outer loop
      vertex   -1.767385e+01 3.000000e+00 9.989887e+02
      vertex   -1.667450e+01 3.000000e+00 9.924362e+02
      vertex   -1.784779e+01 3.000000e+00 9.989984e+02
    endloop
  endfacet
  facet normal 0.000000e+00 1.000000e+00 0.000000e+00
    outer loop
      vertex   -1.784779e+01 3.000000e+00 9.989984e+02
      vertex   -1.667450e+01 3.000000e+00 9.924362e+02
      vertex   -1.675470e+01 3.000000e+00 9.922658e+02
    endloop
  endfacet
  facet normal 0.000000e+00 1.000000e+00 0.000000e+00
    outer loop
      vertex   -1.784779e+01 3.000000e+00 9.989984e+02
      vertex   -1.675470e+01 3.000000e+00 9.922658e+02
      vertex   -1.801929e+01 3.000000e+00 9.990291e+02
    endloop
  endfacet
  facet normal 0.000000e+00 1.000000e+00 0.000000e+00
    outer loop
      vertex   -1.801929e+01 3.000000e+00 9.990291e+02
      vertex   -1.675470e+01 3.000000e+00 9.922658e+02
      vertex   -1.818581e+01 3.000000e+00 9.990804e+02
    endloop
  endfacet
  facet normal 0.000000e+00 1.000000e+00 0.000000e+00
    outer loop
      vertex   -1.818581e+01 3.000000e+00 9.990804e+02
      vertex   -1.675470e+01 3.000000e+00 9.922658e+02
      vertex   -1.681291e+01 3.000000e+00 9.920866e+02
    endloop
  endfacet
  facet normal 0.000000e+00 1.000000e+00 0.000000e+00
    outer loop
      vertex   -1.818581e+01 3.000000e+00 9.990804e+02
      vertex   -1.681291e+01 3.000000e+00 9.920866e+02
      vertex   -1.834491e+01 3.000000e+00 9.991513e+02
    endloop
  endfacet
  facet normal 0.000000e+00 1.000000e+00 0.000000e+00
    outer loop
      vertex   -1.834491e+01 3.000000e+00 9.991513e+02
      vertex   -1.681291e+01 3.000000e+00 9.920866e+02
      vertex   -1.849428e+01 3.000000e+00 9.992410e+02
    endloop
  endfacet
  facet normal 0.000000e+00 1.000000e+00 0.000000e+00
    outer loop
      vertex   -1.849428e+01 3.000000e+00 9.992410e+02
      vertex   -1.681291e+01 3.000000e+00 9.920866e+02
      vertex   -1.684821e+01 3.000000e+00 9.919016e+02
    endloop
  endfacet
  facet normal 0.000000e+00 1.000000e+00 0.000000e+00
    outer loop
      vertex   -1.849428e+01 3.000000e+00 9.992410e+02
      vertex   -1.684821e+01 3.000000e+00 9.919016e+02
      vertex   -1.863170e+01 3.000000e+00 9.993481e+02
    endloop
  endfacet
  facet normal 0.000000e+00 1.000000e+00 0.000000e+00
    outer loop
      vertex   -1.863170e+01 3.000000e+00 9.993481e+02
      vertex   -1.684821e+01 3.000000e+00 9.919016e+02
      vertex   -1.875517e+01 3.000000e+00 9.994710e+02
    endloop
  endfacet
  facet normal 0.000000e+00 1.000000e+00 0.000000e+00
    outer loop
      vertex   -1.875517e+01 3.000000e+00 9.994710e+02
      vertex   -1.684821e+01 3.000000e+00 9.919016e+02
      vertex   -1.686004e+01 3.000000e+00 9.917136e+02
    endloop
  endfacet
  facet normal 0.000000e+00 1.000000e+00 0.000000e+00
    outer loop
      vertex   -1.875517e+01 3.000000e+00 9.994710e+02
      vertex   -1.686004e+01 3.000000e+00 9.917136e+02
      vertex   -1.886288e+01 3.000000e+00 9.996079e+02
    endloop
  endfacet
  facet normal 0.000000e+00 1.000000e+00 0.000000e+00
    outer loop
      vertex   -1.886288e+01 3.000000e+00 9.996079e+02
      vertex   -1.686004e+01 3.000000e+00 9.917136e+02
      vertex   -1.895325e+01 3.000000e+00 9.997569e+02
    endloop
  endfacet
  facet normal 0.000000e+00 1.000000e+00 0.000000e+00
    outer loop
      vertex   -1.911897e+01 3.000000e+00 1.000427e+03
      vertex   -1.910842e+01 3.000000e+00 1.000253e+03
      vertex   -2.625000e+01 3.000000e+00 9.730000e+02
    endloop
  endfacet
  facet normal 0.000000e+00 1.000000e+00 0.000000e+00
    outer loop
      vertex   -2.625000e+01 3.000000e+00 9.730000e+02
      vertex   -1.910842e+01 3.000000e+00 1.000253e+03
      vertex   -1.907692e+01 3.000000e+00 1.000082e+03
    endloop
  endfacet
  facet normal 0.000000e+00 1.000000e+00 0.000000e+00
    outer loop
      vertex   -1.610315e+01 3.000000e+00 9.990000e+02
      vertex   -1.610315e+01 3.000000e+00 1.001780e+03
      vertex   -1.160111e+01 3.000000e+00 1.001780e+03
    endloop
  endfacet
  facet normal 1.000000e+00 -0.000000e+00 0.000000e+00
    outer loop
      vertex   -2.625000e+01 3.000000e+00 9.730000e+02
      vertex   -2.625000e+01 3.000000e+00 9.700000e+02
      vertex   -2.625000e+01 1.500000e+01 9.730000e+02
    endloop
  endfacet
  facet normal 1.000000e+00 0.000000e+00 0.000000e+00
    outer loop
      vertex   -2.625000e+01 1.500000e+01 9.730000e+02
      vertex   -2.625000e+01 3.000000e+00 9.700000e+02
      vertex   -2.625000e+01 1.500000e+01 9.700000e+02
    endloop
  endfacet
  facet normal 9.980267e-01 0.000000e+00 -6.279052e-02
    outer loop
      vertex   -1.684821e+01 3.000000e+00 9.919016e+02
      vertex   -1.684821e+01 0.000000e+00 9.919016e+02
      vertex   -1.686004e+01 3.000000e+00 9.917136e+02
    endloop
  endfacet
  facet normal 9.980267e-01 0.000000e+00 -6.279052e-02
    outer loop
      vertex   -1.686004e+01 3.000000e+00 9.917136e+02
      vertex   -1.684821e+01 0.000000e+00 9.919016e+02
      vertex   -1.686004e+01 0.000000e+00 9.917136e+02
    endloop
  endfacet
  facet normal 9.980267e-01 0.000000e+00 6.279052e-02
    outer loop
      vertex   -1.686004e+01 3.000000e+00 9.917136e+02
      vertex   -1.686004e+01 0.000000e+00 9.917136e+02
      vertex   -1.684821e+01 3.000000e+00 9.915256e+02
    endloop
  endfacet
  facet normal 9.980267e-01 0.000000e+00 6.279052e-02
    outer loop
      vertex   -1.684821e+01 3.000000e+00 9.915256e+02
      vertex   -1.686004e+01 0.000000e+00 9.917136e+02
      vertex   -1.684821e+01 0.000000e+00 9.915256e+02
    endloop
  endfacet
  facet normal 9.822873e-01 0.000000e+00 1.873813e-01
    outer loop
      vertex   -1.684821e+01 3.000000e+00 9.915256e+02
      vertex   -1.684821e+01 0.000000e+00 9.915256e+02
      vertex   -1.681291e+01 3.000000e+00 9.913406e+02
    endloop
  endfacet
  facet normal 9.822873e-01 0.000000e+00 1.873813e-01
    outer loop
      vertex   -1.681291e+01 3.000000e+00 9.913406e+02
      vertex   -1.684821e+01 0.000000e+00 9.915256e+02
      vertex   -1.681291e+01 0.000000e+00 9.913406e+02
    endloop
  endfacet
  facet normal 9.510565e-01 0.000000e+00 3.090170e-01
    outer loop
      vertex   -1.681291e+01 3.000000e+00 9.913406e+02
      vertex   -1.681291e+01 0.000000e+00 9.913406e+02
      vertex   -1.675470e+01 3.000000e+00 9.911614e+02
    endloop
  endfacet
  facet normal 9.510565e-01 0.000000e+00 3.090170e-01
    outer loop
      vertex   -1.675470e+01 3.000000e+00 9.911614e+02
      vertex   -1.681291e+01 0.000000e+00 9.913406e+02
      vertex   -1.675470e+01 0.000000e+00 9.911614e+02
    endloop
  endfacet
  facet normal 9.048271e-01 0.000000e+00 4.257793e-01
    outer loop
      vertex   -1.675470e+01 3.000000e+00 9.911614e+02
      vertex   -1.675470e+01 0.000000e+00 9.911614e+02
      vertex   -1.667450e+01 3.000000e+00 9.909910e+02
    endloop
  endfacet
  facet normal 9.048271e-01 0.000000e+00 4.257793e-01
    outer loop
      vertex   -1.667450e+01 3.000000e+00 9.909910e+02
      vertex   -1.675470e+01 0.000000e+00 9.911614e+02
      vertex   -1.667450e+01 0.000000e+00 9.909910e+02
    endloop
  endfacet
  facet normal 8.443279e-01 0.000000e+00 5.358268e-01
    outer loop
      vertex   -1.667450e+01 3.000000e+00 9.909910e+02
      vertex   -1.667450e+01 0.000000e+00 9.909910e+02
      vertex   -1.657356e+01 3.000000e+00 9.908319e+02
    endloop
  endfacet
  facet normal 8.443279e-01 0.000000e+00 5.358268e-01
    outer loop
      vertex   -1.657356e+01 3.000000e+00 9.908319e+02
      vertex   -1.667450e+01 0.000000e+00 9.909910e+02
      vertex   -1.657356e+01 0.000000e+00 9.908319e+02
    endloop
  endfacet
  facet normal 7.705132e-01 0.000000e+00 6.374240e-01
    outer loop
      vertex   -1.657356e+01 3.000000e+00 9.908319e+02
      vertex   -1.657356e+01 0.000000e+00 9.908319e+02
      vertex   -1.645349e+01 3.000000e+00 9.906868e+02
    endloop
  endfacet
  facet normal 7.705132e-01 0.000000e+00 6.374240e-01
    outer loop
      vertex   -1.645349e+01 3.000000e+00 9.906868e+02
      vertex   -1.657356e+01 0.000000e+00 9.908319e+02
      vertex   -1.645349e+01 0.000000e+00 9.906868e+02
    endloop
  endfacet
  facet normal 6.845471e-01 0.000000e+00 7.289686e-01
    outer loop
      vertex   -1.645349e+01 3.000000e+00 9.906868e+02
      vertex   -1.645349e+01 0.000000e+00 9.906868e+02
      vertex   -1.631617e+01 3.000000e+00 9.905578e+02
    endloop
  endfacet
  facet normal 6.845471e-01 0.000000e+00 7.289686e-01
    outer loop
      vertex   -1.631617e+01 3.000000e+00 9.905578e+02
      vertex   -1.645349e+01 0.000000e+00 9.906868e+02
      vertex   -1.631617e+01 0.000000e+00 9.905578e+02
    endloop
  endfacet
  facet normal 5.877853e-01 0.000000e+00 8.090170e-01
    outer loop
      vertex   -1.631617e+01 3.000000e+00 9.905578e+02
      vertex   -1.631617e+01 0.000000e+00 9.905578e+02
      vertex   -1.616378e+01 3.000000e+00 9.904471e+02
    endloop
  endfacet
  facet normal 5.877853e-01 0.000000e+00 8.090170e-01
    outer loop
      vertex   -1.616378e+01 3.000000e+00 9.904471e+02
      vertex   -1.631617e+01 0.000000e+00 9.905578e+02
      vertex   -1.616378e+01 0.000000e+00 9.904471e+02
    endloop
  endfacet
  facet normal 4.817537e-01 0.000000e+00 8.763067e-01
    outer loop
      vertex   -1.616378e+01 3.000000e+00 9.904471e+02
      vertex   -1.616378e+01 0.000000e+00 9.904471e+02
      vertex   -1.599871e+01 3.000000e+00 9.903564e+02
    endloop
  endfacet
  facet normal 4.817537e-01 0.000000e+00 8.763067e-01
    outer loop
      vertex   -1.599871e+01 3.000000e+00 9.903564e+02
      vertex   -1.616378e+01 0.000000e+00 9.904471e+02
      vertex   -1.599871e+01 0.000000e+00 9.903564e+02
    endloop
  endfacet
  facet normal 3.681246e-01 0.000000e+00 9.297765e-01
    outer loop
      vertex   -1.599871e+01 3.000000e+00 9.903564e+02
      vertex   -1.599871e+01 0.000000e+00 9.903564e+02
      vertex   -1.582356e+01 3.000000e+00 9.902870e+02
    endloop
  endfacet
  facet normal 3.681246e-01 0.000000e+00 9.297765e-01
    outer loop
      vertex   -1.582356e+01 3.000000e+00 9.902870e+02
      vertex   -1.599871e+01 0.000000e+00 9.903564e+02
      vertex   -1.582356e+01 0.000000e+00 9.902870e+02
    endloop
  endfacet
  facet normal 2.486899e-01 0.000000e+00 9.685832e-01
    outer loop
      vertex   -1.582356e+01 3.000000e+00 9.902870e+02
      vertex   -1.582356e+01 0.000000e+00 9.902870e+02
      vertex   -1.564111e+01 3.000000e+00 9.902402e+02
    endloop
  endfacet
  facet normal 2.486899e-01 0.000000e+00 9.685832e-01
    outer loop
      vertex   -1.564111e+01 3.000000e+00 9.902402e+02
      vertex   -1.582356e+01 0.000000e+00 9.902870e+02
      vertex   -1.564111e+01 0.000000e+00 9.902402e+02
    endloop
  endfacet
  facet normal 1.253332e-01 0.000000e+00 9.921147e-01
    outer loop
      vertex   -1.564111e+01 3.000000e+00 9.902402e+02
      vertex   -1.564111e+01 0.000000e+00 9.902402e+02
      vertex   -1.545422e+01 3.000000e+00 9.902166e+02
    endloop
  endfacet
  facet normal 1.253332e-01 0.000000e+00 9.921147e-01
    outer loop
      vertex   -1.545422e+01 3.000000e+00 9.902166e+02
      vertex   -1.564111e+01 0.000000e+00 9.902402e+02
      vertex   -1.545422e+01 0.000000e+00 9.902166e+02
    endloop
  endfacet
  facet normal -0.000000e+00 0.000000e+00 1.000000e+00
    outer loop
      vertex   -1.545422e+01 3.000000e+00 9.902166e+02
      vertex   -1.545422e+01 0.000000e+00 9.902166e+02
      vertex   -1.526585e+01 3.000000e+00 9.902166e+02
    endloop
  endfacet
  facet normal 0.000000e+00 0.000000e+00 1.000000e+00
    outer loop
      vertex   -1.526585e+01 3.000000e+00 9.902166e+02
      vertex   -1.545422e+01 0.000000e+00 9.902166e+02
      vertex   -1.526585e+01 0.000000e+00 9.902166e+02
    endloop
  endfacet
  facet normal -1.253332e-01 0.000000e+00 9.921147e-01
    outer loop
      vertex   -1.526585e+01 3.000000e+00 9.902166e+02
      vertex   -1.526585e+01 0.000000e+00 9.902166e+02
      vertex   -1.507897e+01 3.000000e+00 9.902402e+02
    endloop
  endfacet
  facet normal -1.253332e-01 0.000000e+00 9.921147e-01
    outer loop
      vertex   -1.507897e+01 3.000000e+00 9.902402e+02
      vertex   -1.526585e+01 0.000000e+00 9.902166e+02
      vertex   -1.507897e+01 0.000000e+00 9.902402e+02
    endloop
  endfacet
  facet normal -2.486899e-01 0.000000e+00 9.685832e-01
    outer loop
      vertex   -1.507897e+01 3.000000e+00 9.902402e+02
      vertex   -1.507897e+01 0.000000e+00 9.902402e+02
      vertex   -1.489651e+01 3.000000e+00 9.902870e+02
    endloop
  endfacet
  facet normal -2.486899e-01 0.000000e+00 9.685832e-01
    outer loop
      vertex   -1.489651e+01 3.000000e+00 9.902870e+02
      vertex   -1.507897e+01 0.000000e+00 9.902402e+02
      vertex   -1.489651e+01 0.000000e+00 9.902870e+02
    endloop
  endfacet
  facet normal -3.681246e-01 0.000000e+00 9.297765e-01
    outer loop
      vertex   -1.489651e+01 3.000000e+00 9.902870e+02
      vertex   -1.489651e+01 0.000000e+00 9.902870e+02
      vertex   -1.472137e+01 3.000000e+00 9.903564e+02
    endloop
  endfacet
  facet normal -3.681246e-01 0.000000e+00 9.297765e-01
    outer loop
      vertex   -1.472137e+01 3.000000e+00 9.903564e+02
      vertex   -1.489651e+01 0.000000e+00 9.902870e+02
      vertex   -1.472137e+01 0.000000e+00 9.903564e+02
    endloop
  endfacet
  facet normal -4.817537e-01 0.000000e+00 8.763067e-01
    outer loop
      vertex   -1.472137e+01 3.000000e+00 9.903564e+02
      vertex   -1.472137e+01 0.000000e+00 9.903564e+02
      vertex   -1.455630e+01 3.000000e+00 9.904471e+02
    endloop
  endfacet
  facet normal -4.817537e-01 0.000000e+00 8.763067e-01
    outer loop
      vertex   -1.455630e+01 3.000000e+00 9.904471e+02
      vertex   -1.472137e+01 0.000000e+00 9.903564e+02
      vertex   -1.455630e+01 0.000000e+00 9.904471e+02
    endloop
  endfacet
  facet normal -5.877853e-01 0.000000e+00 8.090170e-01
    outer loop
      vertex   -1.455630e+01 3.000000e+00 9.904471e+02
      vertex   -1.455630e+01 0.000000e+00 9.904471e+02
      vertex   -1.440390e+01 3.000000e+00 9.905578e+02
    endloop
  endfacet
  facet normal -5.877853e-01 0.000000e+00 8.090170e-01
    outer loop
      vertex   -1.440390e+01 3.000000e+00 9.905578e+02
      vertex   -1.455630e+01 0.000000e+00 9.904471e+02
      vertex   -1.440390e+01 0.000000e+00 9.905578e+02
    endloop
  endfacet
  facet normal -6.845471e-01 0.000000e+00 7.289686e-01
    outer loop
      vertex   -1.440390e+01 3.000000e+00 9.905578e+02
      vertex   -1.440390e+01 0.000000e+00 9.905578e+02
      vertex   -1.426659e+01 3.000000e+00 9.906868e+02
    endloop
  endfacet
  facet normal -6.845471e-01 0.000000e+00 7.289686e-01
    outer loop
      vertex   -1.426659e+01 3.000000e+00 9.906868e+02
      vertex   -1.440390e+01 0.000000e+00 9.905578e+02
      vertex   -1.426659e+01 0.000000e+00 9.906868e+02
    endloop
  endfacet
  facet normal -7.705132e-01 0.000000e+00 6.374240e-01
    outer loop
      vertex   -1.426659e+01 3.000000e+00 9.906868e+02
      vertex   -1.426659e+01 0.000000e+00 9.906868e+02
      vertex   -1.414651e+01 3.000000e+00 9.908319e+02
    endloop
  endfacet
  facet normal -7.705132e-01 0.000000e+00 6.374240e-01
    outer loop
      vertex   -1.414651e+01 3.000000e+00 9.908319e+02
      vertex   -1.426659e+01 0.000000e+00 9.906868e+02
      vertex   -1.414651e+01 0.000000e+00 9.908319e+02
    endloop
  endfacet
  facet normal -8.443279e-01 0.000000e+00 5.358268e-01
    outer loop
      vertex   -1.414651e+01 3.000000e+00 9.908319e+02
      vertex   -1.414651e+01 0.000000e+00 9.908319e+02
      vertex   -1.404558e+01 3.000000e+00 9.909910e+02
    endloop
  endfacet
  facet normal -8.443279e-01 0.000000e+00 5.358268e-01
    outer loop
      vertex   -1.404558e+01 3.000000e+00 9.909910e+02
      vertex   -1.414651e+01 0.000000e+00 9.908319e+02
      vertex   -1.404558e+01 0.000000e+00 9.909910e+02
    endloop
  endfacet
  facet normal -9.048271e-01 0.000000e+00 4.257793e-01
    outer loop
      vertex   -1.404558e+01 3.000000e+00 9.909910e+02
      vertex   -1.404558e+01 0.000000e+00 9.909910e+02
      vertex   -1.396537e+01 3.000000e+00 9.911614e+02
    endloop
  endfacet
  facet normal -9.048271e-01 0.000000e+00 4.257793e-01
    outer loop
      vertex   -1.396537e+01 3.000000e+00 9.911614e+02
      vertex   -1.404558e+01 0.000000e+00 9.909910e+02
      vertex   -1.396537e+01 0.000000e+00 9.911614e+02
    endloop
  endfacet
  facet normal -9.510565e-01 0.000000e+00 3.090170e-01
    outer loop
      vertex   -1.396537e+01 3.000000e+00 9.911614e+02
      vertex   -1.396537e+01 0.000000e+00 9.911614e+02
      vertex   -1.390716e+01 3.000000e+00 9.913406e+02
    endloop
  endfacet
  facet normal -9.510565e-01 0.000000e+00 3.090170e-01
    outer loop
      vertex   -1.390716e+01 3.000000e+00 9.913406e+02
      vertex   -1.396537e+01 0.000000e+00 9.911614e+02
      vertex   -1.390716e+01 0.000000e+00 9.913406e+02
    endloop
  endfacet
  facet normal -9.822873e-01 0.000000e+00 1.873813e-01
    outer loop
      vertex   -1.390716e+01 3.000000e+00 9.913406e+02
      vertex   -1.390716e+01 0.000000e+00 9.913406e+02
      vertex   -1.387187e+01 3.000000e+00 9.915256e+02
    endloop
  endfacet
  facet normal -9.822873e-01 0.000000e+00 1.873813e-01
    outer loop
      vertex   -1.387187e+01 3.000000e+00 9.915256e+02
      vertex   -1.390716e+01 0.000000e+00 9.913406e+02
      vertex   -1.387187e+01 0.000000e+00 9.915256e+02
    endloop
  endfacet
  facet normal -9.980267e-01 0.000000e+00 6.279052e-02
    outer loop
      vertex   -1.387187e+01 3.000000e+00 9.915256e+02
      vertex   -1.387187e+01 0.000000e+00 9.915256e+02
      vertex   -1.386004e+01 3.000000e+00 9.917136e+02
    endloop
  endfacet
  facet normal -9.980267e-01 0.000000e+00 6.279052e-02
    outer loop
      vertex   -1.386004e+01 3.000000e+00 9.917136e+02
      vertex   -1.387187e+01 0.000000e+00 9.915256e+02
      vertex   -1.386004e+01 0.000000e+00 9.917136e+02
    endloop
  endfacet
  facet normal -9.980267e-01 -0.000000e+00 -6.279052e-02
    outer loop
      vertex   -1.386004e+01 3.000000e+00 9.917136e+02
      vertex   -1.386004e+01 0.000000e+00 9.917136e+02
      vertex   -1.387187e+01 3.000000e+00 9.919016e+02
    endloop
  endfacet
  facet normal -9.980267e-01 -0.000000e+00 -6.279052e-02
    outer loop
      vertex   -1.387187e+01 3.000000e+00 9.919016e+02
      vertex   -1.386004e+01 0.000000e+00 9.917136e+02
      vertex   -1.387187e+01 0.000000e+00 9.919016e+02
    endloop
  endfacet
  facet normal -9.822873e-01 -0.000000e+00 -1.873813e-01
    outer loop
      vertex   -1.387187e+01 3.000000e+00 9.919016e+02
      vertex   -1.387187e+01 0.000000e+00 9.919016e+02
      vertex   -1.390716e+01 3.000000e+00 9.920866e+02
    endloop
  endfacet
  facet normal -9.822873e-01 -0.000000e+00 -1.873813e-01
    outer loop
      vertex   -1.390716e+01 3.000000e+00 9.920866e+02
      vertex   -1.387187e+01 0.000000e+00 9.919016e+02
      vertex   -1.390716e+01 0.000000e+00 9.920866e+02
    endloop
  endfacet
  facet normal -9.510565e-01 -0.000000e+00 -3.090170e-01
    outer loop
      vertex   -1.390716e+01 3.000000e+00 9.920866e+02
      vertex   -1.390716e+01 0.000000e+00 9.920866e+02
      vertex   -1.396537e+01 3.000000e+00 9.922658e+02
    endloop
  endfacet
  facet normal -9.510565e-01 -0.000000e+00 -3.090170e-01
    outer loop
      vertex   -1.396537e+01 3.000000e+00 9.922658e+02
      vertex   -1.390716e+01 0.000000e+00 9.920866e+02
      vertex   -1.396537e+01 0.000000e+00 9.922658e+02
    endloop
  endfacet
  facet normal -9.048271e-01 -0.000000e+00 -4.257793e-01
    outer loop
      vertex   -1.396537e+01 3.000000e+00 9.922658e+02
      vertex   -1.396537e+01 0.000000e+00 9.922658e+02
      vertex   -1.404558e+01 3.000000e+00 9.924362e+02
    endloop
  endfacet
  facet normal -9.048271e-01 -0.000000e+00 -4.257793e-01
    outer loop
      vertex   -1.404558e+01 3.000000e+00 9.924362e+02
      vertex   -1.396537e+01 0.000000e+00 9.922658e+02
      vertex   -1.404558e+01 0.000000e+00 9.924362e+02
    endloop
  endfacet
  facet normal -8.443279e-01 -0.000000e+00 -5.358268e-01
    outer loop
      vertex   -1.404558e+01 3.000000e+00 9.924362e+02
      vertex   -1.404558e+01 0.000000e+00 9.924362e+02
      vertex   -1.414651e+01 3.000000e+00 9.925953e+02
    endloop
  endfacet
  facet normal -8.443279e-01 -0.000000e+00 -5.358268e-01
    outer loop
      vertex   -1.414651e+01 3.000000e+00 9.925953e+02
      vertex   -1.404558e+01 0.000000e+00 9.924362e+02
      vertex   -1.414651e+01 0.000000e+00 9.925953e+02
    endloop
  endfacet
  facet normal -7.705132e-01 -0.000000e+00 -6.374240e-01
    outer loop
      vertex   -1.414651e+01 3.000000e+00 9.925953e+02
      vertex   -1.414651e+01 0.000000e+00 9.925953e+02
      vertex   -1.426659e+01 3.000000e+00 9.927404e+02
    endloop
  endfacet
  facet normal -7.705132e-01 -0.000000e+00 -6.374240e-01
    outer loop
      vertex   -1.426659e+01 3.000000e+00 9.927404e+02
      vertex   -1.414651e+01 0.000000e+00 9.925953e+02
      vertex   -1.426659e+01 0.000000e+00 9.927404e+02
    endloop
  endfacet
  facet normal -6.845471e-01 -0.000000e+00 -7.289686e-01
    outer loop
      vertex   -1.426659e+01 3.000000e+00 9.927404e+02
      vertex   -1.426659e+01 0.000000e+00 9.927404e+02
      vertex   -1.440390e+01 3.000000e+00 9.928694e+02
    endloop
  endfacet
  facet normal -6.845471e-01 -0.000000e+00 -7.289686e-01
    outer loop
      vertex   -1.440390e+01 3.000000e+00 9.928694e+02
      vertex   -1.426659e+01 0.000000e+00 9.927404e+02
      vertex   -1.440390e+01 0.000000e+00 9.928694e+02
    endloop
  endfacet
  facet normal -5.877853e-01 -0.000000e+00 -8.090170e-01
    outer loop
      vertex   -1.440390e+01 3.000000e+00 9.928694e+02
      vertex   -1.440390e+01 0.000000e+00 9.928694e+02
      vertex   -1.455630e+01 3.000000e+00 9.929801e+02
    endloop
  endfacet
  facet normal -5.877853e-01 -0.000000e+00 -8.090170e-01
    outer loop
      vertex   -1.455630e+01 3.000000e+00 9.929801e+02
      vertex   -1.440390e+01 0.000000e+00 9.928694e+02
      vertex   -1.455630e+01 0.000000e+00 9.929801e+02
    endloop
  endfacet
  facet normal -4.817537e-01 -0.000000e+00 -8.763067e-01
    outer loop
      vertex   -1.455630e+01 3.000000e+00 9.929801e+02
      vertex   -1.455630e+01 0.000000e+00 9.929801e+02
      vertex   -1.472137e+01 3.000000e+00 9.930708e+02
    endloop
  endfacet
  facet normal -4.817537e-01 -0.000000e+00 -8.763067e-01
    outer loop
      vertex   -1.472137e+01 3.000000e+00 9.930708e+02
      vertex   -1.455630e+01 0.000000e+00 9.929801e+02
      vertex   -1.472137e+01 0.000000e+00 9.930708e+02
    endloop
  endfacet
  facet normal -3.681246e-01 -0.000000e+00 -9.297765e-01
    outer loop
      vertex   -1.472137e+01 3.000000e+00 9.930708e+02
      vertex   -1.472137e+01 0.000000e+00 9.930708e+02
      vertex   -1.489651e+01 3.000000e+00 9.931402e+02
    endloop
  endfacet
  facet normal -3.681246e-01 -0.000000e+00 -9.297765e-01
    outer loop
      vertex   -1.489651e+01 3.000000e+00 9.931402e+02
      vertex   -1.472137e+01 0.000000e+00 9.930708e+02
      vertex   -1.489651e+01 0.000000e+00 9.931402e+02
    endloop
  endfacet
  facet normal -2.486899e-01 -0.000000e+00 -9.685832e-01
    outer loop
      vertex   -1.489651e+01 3.000000e+00 9.931402e+02
      vertex   -1.489651e+01 0.000000e+00 9.931402e+02
      vertex   -1.507897e+01 3.000000e+00 9.931870e+02
    endloop
  endfacet
  facet normal -2.486899e-01 -0.000000e+00 -9.685832e-01
    outer loop
      vertex   -1.507897e+01 3.000000e+00 9.931870e+02
      vertex   -1.489651e+01 0.000000e+00 9.931402e+02
      vertex   -1.507897e+01 0.000000e+00 9.931870e+02
    endloop
  endfacet
  facet normal -1.253332e-01 -0.000000e+00 -9.921147e-01
    outer loop
      vertex   -1.507897e+01 3.000000e+00 9.931870e+02
      vertex   -1.507897e+01 0.000000e+00 9.931870e+02
      vertex   -1.526585e+01 3.000000e+00 9.932106e+02
    endloop
  endfacet
  facet normal -1.253332e-01 -0.000000e+00 -9.921147e-01
    outer loop
      vertex   -1.526585e+01 3.000000e+00 9.932106e+02
      vertex   -1.507897e+01 0.000000e+00 9.931870e+02
      vertex   -1.526585e+01 0.000000e+00 9.932106e+02
    endloop
  endfacet
  facet normal -0.000000e+00 -0.000000e+00 -1.000000e+00
    outer loop
      vertex   -1.526585e+01 3.000000e+00 9.932106e+02
      vertex   -1.526585e+01 0.000000e+00 9.932106e+02
      vertex   -1.545422e+01 3.000000e+00 9.932106e+02
    endloop
  endfacet
  facet normal 0.000000e+00 0.000000e+00 -1.000000e+00
    outer loop
      vertex   -1.545422e+01 3.000000e+00 9.932106e+02
      vertex   -1.526585e+01 0.000000e+00 9.932106e+02
      vertex   -1.545422e+01 0.000000e+00 9.932106e+02
    endloop
  endfacet
  facet normal 1.253332e-01 0.000000e+00 -9.921147e-01
    outer loop
      vertex   -1.545422e+01 3.000000e+00 9.932106e+02
      vertex   -1.545422e+01 0.000000e+00 9.932106e+02
      vertex   -1.564111e+01 3.000000e+00 9.931870e+02
    endloop
  endfacet
  facet normal 1.253332e-01 0.000000e+00 -9.921147e-01
    outer loop
      vertex   -1.564111e+01 3.000000e+00 9.931870e+02
      vertex   -1.545422e+01 0.000000e+00 9.932106e+02
      vertex   -1.564111e+01 0.000000e+00 9.931870e+02
    endloop
  endfacet
  facet normal 2.486899e-01 0.000000e+00 -9.685832e-01
    outer loop
      vertex   -1.564111e+01 3.000000e+00 9.931870e+02
      vertex   -1.564111e+01 0.000000e+00 9.931870e+02
      vertex   -1.582356e+01 3.000000e+00 9.931402e+02
    endloop
  endfacet
  facet normal 2.486899e-01 0.000000e+00 -9.685832e-01
    outer loop
      vertex   -1.582356e+01 3.000000e+00 9.931402e+02
      vertex   -1.564111e+01 0.000000e+00 9.931870e+02
      vertex   -1.582356e+01 0.000000e+00 9.931402e+02
    endloop
  endfacet
  facet normal 3.681246e-01 0.000000e+00 -9.297765e-01
    outer loop
      vertex   -1.582356e+01 3.000000e+00 9.931402e+02
      vertex   -1.582356e+01 0.000000e+00 9.931402e+02
      vertex   -1.599871e+01 3.000000e+00 9.930708e+02
    endloop
  endfacet
  facet normal 3.681246e-01 0.000000e+00 -9.297765e-01
    outer loop
      vertex   -1.599871e+01 3.000000e+00 9.930708e+02
      vertex   -1.582356e+01 0.000000e+00 9.931402e+02
      vertex   -1.599871e+01 0.000000e+00 9.930708e+02
    endloop
  endfacet
  facet normal 4.817537e-01 0.000000e+00 -8.763067e-01
    outer loop
      vertex   -1.599871e+01 3.000000e+00 9.930708e+02
      vertex   -1.599871e+01 0.000000e+00 9.930708e+02
      vertex   -1.616378e+01 3.000000e+00 9.929801e+02
    endloop
  endfacet
  facet normal 4.817537e-01 0.000000e+00 -8.763067e-01
    outer loop
      vertex   -1.616378e+01 3.000000e+00 9.929801e+02
      vertex   -1.599871e+01 0.000000e+00 9.930708e+02
      vertex   -1.616378e+01 0.000000e+00 9.929801e+02
    endloop
  endfacet
  facet normal 5.877853e-01 0.000000e+00 -8.090170e-01
    outer loop
      vertex   -1.616378e+01 3.000000e+00 9.929801e+02
      vertex   -1.616378e+01 0.000000e+00 9.929801e+02
      vertex   -1.631617e+01 3.000000e+00 9.928694e+02
    endloop
  endfacet
  facet normal 5.877853e-01 0.000000e+00 -8.090170e-01
    outer loop
      vertex   -1.631617e+01 3.000000e+00 9.928694e+02
      vertex   -1.616378e+01 0.000000e+00 9.929801e+02
      vertex   -1.631617e+01 0.000000e+00 9.928694e+02
    endloop
  endfacet
  facet normal 6.845471e-01 0.000000e+00 -7.289686e-01
    outer loop
      vertex   -1.631617e+01 3.000000e+00 9.928694e+02
      vertex   -1.631617e+01 0.000000e+00 9.928694e+02
      vertex   -1.645349e+01 3.000000e+00 9.927404e+02
    endloop
  endfacet
  facet normal 6.845471e-01 0.000000e+00 -7.289686e-01
    outer loop
      vertex   -1.645349e+01 3.000000e+00 9.927404e+02
      vertex   -1.631617e+01 0.000000e+00 9.928694e+02
      vertex   -1.645349e+01 0.000000e+00 9.927404e+02
    endloop
  endfacet
  facet normal 7.705132e-01 0.000000e+00 -6.374240e-01
    outer loop
      vertex   -1.645349e+01 3.000000e+00 9.927404e+02
      vertex   -1.645349e+01 0.000000e+00 9.927404e+02
      vertex   -1.657356e+01 3.000000e+00 9.925953e+02
    endloop
  endfacet
  facet normal 7.705132e-01 0.000000e+00 -6.374240e-01
    outer loop
      vertex   -1.657356e+01 3.000000e+00 9.925953e+02
      vertex   -1.645349e+01 0.000000e+00 9.927404e+02
      vertex   -1.657356e+01 0.000000e+00 9.925953e+02
    endloop
  endfacet
  facet normal 8.443279e-01 0.000000e+00 -5.358268e-01
    outer loop
      vertex   -1.657356e+01 3.000000e+00 9.925953e+02
      vertex   -1.657356e+01 0.000000e+00 9.925953e+02
      vertex   -1.667450e+01 3.000000e+00 9.924362e+02
    endloop
  endfacet
  facet normal 8.443279e-01 0.000000e+00 -5.358268e-01
    outer loop
      vertex   -1.667450e+01 3.000000e+00 9.924362e+02
      vertex   -1.657356e+01 0.000000e+00 9.925953e+02
      vertex   -1.667450e+01 0.000000e+00 9.924362e+02
    endloop
  endfacet
  facet normal 9.048271e-01 0.000000e+00 -4.257793e-01
    outer loop
      vertex   -1.667450e+01 3.000000e+00 9.924362e+02
      vertex   -1.667450e+01 0.000000e+00 9.924362e+02
      vertex   -1.675470e+01 3.000000e+00 9.922658e+02
    endloop
  endfacet
  facet normal 9.048271e-01 0.000000e+00 -4.257793e-01
    outer loop
      vertex   -1.675470e+01 3.000000e+00 9.922658e+02
      vertex   -1.667450e+01 0.000000e+00 9.924362e+02
      vertex   -1.675470e+01 0.000000e+00 9.922658e+02
    endloop
  endfacet
  facet normal 9.510565e-01 0.000000e+00 -3.090170e-01
    outer loop
      vertex   -1.675470e+01 3.000000e+00 9.922658e+02
      vertex   -1.675470e+01 0.000000e+00 9.922658e+02
      vertex   -1.681291e+01 3.000000e+00 9.920866e+02
    endloop
  endfacet
  facet normal 9.510565e-01 0.000000e+00 -3.090170e-01
    outer loop
      vertex   -1.681291e+01 3.000000e+00 9.920866e+02
      vertex   -1.675470e+01 0.000000e+00 9.922658e+02
      vertex   -1.681291e+01 0.000000e+00 9.920866e+02
    endloop
  endfacet
  facet normal 9.822873e-01 0.000000e+00 -1.873813e-01
    outer loop
      vertex   -1.681291e+01 3.000000e+00 9.920866e+02
      vertex   -1.681291e+01 0.000000e+00 9.920866e+02
      vertex   -1.684821e+01 3.000000e+00 9.919016e+02
    endloop
  endfacet
  facet normal 9.822873e-01 0.000000e+00 -1.873813e-01
    outer loop
      vertex   -1.684821e+01 3.000000e+00 9.919016e+02
      vertex   -1.681291e+01 0.000000e+00 9.920866e+02
      vertex   -1.684821e+01 0.000000e+00 9.919016e+02
    endloop
  endfacet
  facet normal 0.000000e+00 0.000000e+00 1.000000e+00
    outer loop
      vertex   -1.610315e+01 0.000000e+00 1.001780e+03
      vertex   -1.160111e+01 0.000000e+00 1.001780e+03
      vertex   -1.610315e+01 3.000000e+00 1.001780e+03
    endloop
  endfacet
  facet normal -0.000000e+00 0.000000e+00 1.000000e+00
    outer loop
      vertex   -1.610315e+01 3.000000e+00 1.001780e+03
      vertex   -1.160111e+01 0.000000e+00 1.001780e+03
      vertex   -1.160111e+01 3.000000e+00 1.001780e+03
    endloop
  endfacet
  facet normal 9.656158e-01 -0.000000e+00 2.599735e-01
    outer loop
      vertex   -1.610315e+01 0.000000e+00 1.001780e+03
      vertex   -1.610315e+01 3.000000e+00 1.001780e+03
      vertex   -1.960315e+01 0.000000e+00 1.014780e+03
    endloop
  endfacet
  facet normal 9.656158e-01 -0.000000e+00 2.599735e-01
    outer loop
      vertex   -1.960315e+01 0.000000e+00 1.014780e+03
      vertex   -1.610315e+01 3.000000e+00 1.001780e+03
      vertex   -1.960315e+01 1.500000e+01 1.014780e+03
    endloop
  endfacet
  facet normal 9.656158e-01 0.000000e+00 2.599735e-01
    outer loop
      vertex   -1.960315e+01 1.500000e+01 1.014780e+03
      vertex   -1.610315e+01 3.000000e+00 1.001780e+03
      vertex   -1.610315e+01 1.500000e+01 1.001780e+03
    endloop
  endfacet
  facet normal -2.599735e-01 0.000000e+00 9.656158e-01
    outer loop
      vertex   -2.250000e+01 0.000000e+00 1.014000e+03
      vertex   -1.960315e+01 0.000000e+00 1.014780e+03
      vertex   -2.250000e+01 1.500000e+01 1.014000e+03
    endloop
  endfacet
  facet normal -2.599735e-01 0.000000e+00 9.656158e-01
    outer loop
      vertex   -2.250000e+01 1.500000e+01 1.014000e+03
      vertex   -1.960315e+01 0.000000e+00 1.014780e+03
      vertex   -1.960315e+01 1.500000e+01 1.014780e+03
    endloop
  endfacet
  facet normal -9.656158e-01 0.000000e+00 -2.599735e-01
    outer loop
      vertex   -1.900000e+01 0.000000e+00 1.001000e+03
      vertex   -2.250000e+01 0.000000e+00 1.014000e+03
      vertex   -1.900000e+01 1.500000e+01 1.001000e+03
    endloop
  endfacet
  facet normal -9.656158e-01 0.000000e+00 -2.599735e-01
    outer loop
      vertex   -1.900000e+01 1.500000e+01 1.001000e+03
      vertex   -2.250000e+01 0.000000e+00 1.014000e+03
      vertex   -2.250000e+01 1.500000e+01 1.014000e+03
    endloop
  endfacet
  facet normal -9.998206e-01 0.000000e+00 1.894094e-02
    outer loop
      vertex   -1.911897e+01 3.000000e+00 1.000427e+03
      vertex   -1.911897e+01 0.000000e+00 1.000427e+03
      vertex   -1.911793e+01 3.750000e+00 1.000482e+03
    endloop
  endfacet
  facet normal -9.986898e-01 -4.685944e-04 5.117124e-02
    outer loop
      vertex   -1.911793e+01 3.750000e+00 1.000482e+03
      vertex   -1.911897e+01 0.000000e+00 1.000427e+03
      vertex   -1.911143e+01 0.000000e+00 1.000574e+03
    endloop
  endfacet
  facet normal -9.950210e-01 7.344795e-04 9.966251e-02
    outer loop
      vertex   -1.911793e+01 3.750000e+00 1.000482e+03
      vertex   -1.911143e+01 0.000000e+00 1.000574e+03
      vertex   -1.910018e+01 3.750000e+00 1.000659e+03
    endloop
  endfacet
  facet normal -9.882295e-01 -4.897002e-04 1.529778e-01
    outer loop
      vertex   -1.910018e+01 3.750000e+00 1.000659e+03
      vertex   -1.911143e+01 0.000000e+00 1.000574e+03
      vertex   -1.908891e+01 0.000000e+00 1.000720e+03
    endloop
  endfacet
  facet normal -9.750794e-01 6.669174e-04 2.218550e-01
    outer loop
      vertex   -1.910018e+01 3.750000e+00 1.000659e+03
      vertex   -1.908891e+01 0.000000e+00 1.000720e+03
      vertex   -1.906067e+01 3.750000e+00 1.000833e+03
    endloop
  endfacet
  facet normal -9.674186e-01 -3.334780e-04 2.531820e-01
    outer loop
      vertex   -1.906067e+01 3.750000e+00 1.000833e+03
      vertex   -1.908891e+01 0.000000e+00 1.000720e+03
      vertex   -1.905164e+01 0.000000e+00 1.000862e+03
    endloop
  endfacet
  facet normal -9.460193e-01 2.775699e-04 3.241102e-01
    outer loop
      vertex   -1.906067e+01 3.750000e+00 1.000833e+03
      vertex   -1.905164e+01 0.000000e+00 1.000862e+03
      vertex   -1.900000e+01 1.500000e+01 1.001000e+03
    endloop
  endfacet
  facet normal -9.364750e-01 0.000000e+00 3.507344e-01
    outer loop
      vertex   -1.900000e+01 1.500000e+01 1.001000e+03
      vertex   -1.905164e+01 0.000000e+00 1.000862e+03
      vertex   -1.900000e+01 0.000000e+00 1.001000e+03
    endloop
  endfacet
  facet normal -9.401914e-01 0.000000e+00 3.406468e-01
    outer loop
      vertex   -1.906067e+01 1.500000e+01 1.000833e+03
      vertex   -1.906067e+01 1.125000e+01 1.000833e+03
      vertex   -1.900000e+01 1.500000e+01 1.001000e+03
    endloop
  endfacet
  facet normal -9.401914e-01 0.000000e+00 3.406468e-01
    outer loop
      vertex   -1.900000e+01 1.500000e+01 1.001000e+03
      vertex   -1.906067e+01 1.125000e+01 1.000833e+03
      vertex   -1.906067e+01 7.500000e+00 1.000833e+03
    endloop
  endfacet
  facet normal -9.401914e-01 -8.908795e-16 3.406468e-01
    outer loop
      vertex   -1.900000e+01 1.500000e+01 1.001000e+03
      vertex   -1.906067e+01 7.500000e+00 1.000833e+03
      vertex   -1.906067e+01 3.750000e+00 1.000833e+03
    endloop
  endfacet
  facet normal -9.750797e-01 -9.237810e-16 2.218550e-01
    outer loop
      vertex   -1.906067e+01 3.750000e+00 1.000833e+03
      vertex   -1.906067e+01 7.500000e+00 1.000833e+03
      vertex   -1.910018e+01 3.750000e+00 1.000659e+03
    endloop
  endfacet
  facet normal -9.750797e-01 0.000000e+00 2.218550e-01
    outer loop
      vertex   -1.906067e+01 1.125000e+01 1.000833e+03
      vertex   -1.906067e+01 1.500000e+01 1.000833e+03
      vertex   -1.910018e+01 1.125000e+01 1.000659e+03
    endloop
  endfacet
  facet normal -9.750797e-01 -1.847562e-15 2.218550e-01
    outer loop
      vertex   -1.910018e+01 1.125000e+01 1.000659e+03
      vertex   -1.906067e+01 1.500000e+01 1.000833e+03
      vertex   -1.910018e+01 1.500000e+01 1.000659e+03
    endloop
  endfacet
  facet normal -9.950213e-01 -1.885347e-15 9.966254e-02
    outer loop
      vertex   -1.910018e+01 1.125000e+01 1.000659e+03
      vertex   -1.910018e+01 1.500000e+01 1.000659e+03
      vertex   -1.911793e+01 1.125000e+01 1.000482e+03
    endloop
  endfacet
  facet normal -9.950213e-01 0.000000e+00 9.966254e-02
    outer loop
      vertex   -1.911793e+01 1.125000e+01 1.000482e+03
      vertex   -1.910018e+01 1.500000e+01 1.000659e+03
      vertex   -1.911793e+01 1.500000e+01 1.000482e+03
    endloop
  endfacet
  facet normal -9.997106e-01 0.000000e+00 -2.405764e-02
    outer loop
      vertex   -1.911793e+01 1.125000e+01 1.000482e+03
      vertex   -1.911793e+01 1.500000e+01 1.000482e+03
      vertex   -1.911365e+01 1.125000e+01 1.000304e+03
    endloop
  endfacet
  facet normal -9.997106e-01 1.894232e-15 -2.405764e-02
    outer loop
      vertex   -1.911365e+01 1.125000e+01 1.000304e+03
      vertex   -1.911793e+01 1.500000e+01 1.000482e+03
      vertex   -1.911365e+01 1.500000e+01 1.000304e+03
    endloop
  endfacet
  facet normal -9.890756e-01 1.874081e-15 -1.474091e-01
    outer loop
      vertex   -1.911365e+01 1.125000e+01 1.000304e+03
      vertex   -1.911365e+01 1.500000e+01 1.000304e+03
      vertex   -1.908740e+01 1.125000e+01 1.000127e+03
    endloop
  endfacet
  facet normal -9.890756e-01 -1.874081e-15 -1.474091e-01
    outer loop
      vertex   -1.908740e+01 1.125000e+01 1.000127e+03
      vertex   -1.911365e+01 1.500000e+01 1.000304e+03
      vertex   -1.908740e+01 1.500000e+01 1.000127e+03
    endloop
  endfacet
  facet normal -9.632794e-01 -1.825203e-15 -2.685009e-01
    outer loop
      vertex   -1.908740e+01 1.125000e+01 1.000127e+03
      vertex   -1.908740e+01 1.500000e+01 1.000127e+03
      vertex   -1.903957e+01 1.125000e+01 9.999559e+02
    endloop
  endfacet
  facet normal -9.632794e-01 0.000000e+00 -2.685009e-01
    outer loop
      vertex   -1.903957e+01 1.125000e+01 9.999559e+02
      vertex   -1.908740e+01 1.500000e+01 1.000127e+03
      vertex   -1.903957e+01 1.500000e+01 9.999559e+02
    endloop
  endfacet
  facet normal -9.227175e-01 0.000000e+00 -3.854769e-01
    outer loop
      vertex   -1.903957e+01 1.125000e+01 9.999559e+02
      vertex   -1.903957e+01 1.500000e+01 9.999559e+02
      vertex   -1.897092e+01 1.125000e+01 9.997916e+02
    endloop
  endfacet
  facet normal -9.227175e-01 8.741736e-16 -3.854769e-01
    outer loop
      vertex   -1.897092e+01 1.125000e+01 9.997916e+02
      vertex   -1.903957e+01 1.500000e+01 9.999559e+02
      vertex   -1.897092e+01 1.500000e+01 9.997916e+02
    endloop
  endfacet
  facet normal -8.680115e-01 8.223457e-16 -4.965442e-01
    outer loop
      vertex   -1.897092e+01 1.125000e+01 9.997916e+02
      vertex   -1.897092e+01 1.500000e+01 9.997916e+02
      vertex   -1.888248e+01 1.125000e+01 9.996370e+02
    endloop
  endfacet
  facet normal -8.680115e-01 -1.644691e-15 -4.965442e-01
    outer loop
      vertex   -1.888248e+01 1.125000e+01 9.996370e+02
      vertex   -1.897092e+01 1.500000e+01 9.997916e+02
      vertex   -1.888248e+01 1.500000e+01 9.996370e+02
    endloop
  endfacet
  facet normal -8.000000e-01 -1.515825e-15 -6.000000e-01
    outer loop
      vertex   -1.888248e+01 1.125000e+01 9.996370e+02
      vertex   -1.888248e+01 1.500000e+01 9.996370e+02
      vertex   -1.877562e+01 1.125000e+01 9.994945e+02
    endloop
  endfacet
  facet normal -8.000000e-01 -2.273737e-15 -6.000000e-01
    outer loop
      vertex   -1.877562e+01 1.125000e+01 9.994945e+02
      vertex   -1.888248e+01 1.500000e+01 9.996370e+02
      vertex   -1.877562e+01 1.500000e+01 9.994945e+02
    endloop
  endfacet
  facet normal -7.197256e-01 -2.045583e-15 -6.942586e-01
    outer loop
      vertex   -1.877562e+01 1.125000e+01 9.994945e+02
      vertex   -1.877562e+01 1.500000e+01 9.994945e+02
      vertex   -1.865197e+01 1.125000e+01 9.993663e+02
    endloop
  endfacet
  facet normal -7.197256e-01 6.818611e-16 -6.942586e-01
    outer loop
      vertex   -1.865197e+01 1.125000e+01 9.993663e+02
      vertex   -1.877562e+01 1.500000e+01 9.994945e+02
      vertex   -1.865197e+01 1.500000e+01 9.993663e+02
    endloop
  endfacet
  facet normal -6.284188e-01 5.953578e-16 -7.778752e-01
    outer loop
      vertex   -1.865197e+01 1.125000e+01 9.993663e+02
      vertex   -1.865197e+01 1.500000e+01 9.993663e+02
      vertex   -1.851343e+01 1.125000e+01 9.992544e+02
    endloop
  endfacet
  facet normal -6.284188e-01 -3.572147e-15 -7.778752e-01
    outer loop
      vertex   -1.851343e+01 1.125000e+01 9.992544e+02
      vertex   -1.865197e+01 1.500000e+01 9.993663e+02
      vertex   -1.851343e+01 1.500000e+01 9.992544e+02
    endloop
  endfacet
  facet normal -5.274791e-01 -2.998371e-15 -8.495680e-01
    outer loop
      vertex   -1.851343e+01 1.125000e+01 9.992544e+02
      vertex   -1.851343e+01 1.500000e+01 9.992544e+02
      vertex   -1.836212e+01 1.125000e+01 9.991604e+02
    endloop
  endfacet
  facet normal -5.274791e-01 -9.994572e-16 -8.495680e-01
    outer loop
      vertex   -1.836212e+01 1.125000e+01 9.991604e+02
      vertex   -1.851343e+01 1.500000e+01 9.992544e+02
      vertex   -1.836212e+01 1.500000e+01 9.991604e+02
    endloop
  endfacet
  facet normal -4.184539e-01 -7.928783e-16 -9.082381e-01
    outer loop
      vertex   -1.836212e+01 1.125000e+01 9.991604e+02
      vertex   -1.836212e+01 1.500000e+01 9.991604e+02
      vertex   -1.820035e+01 1.125000e+01 9.990859e+02
    endloop
  endfacet
  facet normal -4.184539e-01 1.585757e-15 -9.082381e-01
    outer loop
      vertex   -1.820035e+01 1.125000e+01 9.990859e+02
      vertex   -1.836212e+01 1.500000e+01 9.991604e+02
      vertex   -1.820035e+01 1.500000e+01 9.990859e+02
    endloop
  endfacet
  facet normal -3.030143e-01 1.148291e-15 -9.529860e-01
    outer loop
      vertex   -1.820035e+01 1.125000e+01 9.990859e+02
      vertex   -1.820035e+01 1.500000e+01 9.990859e+02
      vertex   -1.803062e+01 1.125000e+01 9.990319e+02
    endloop
  endfacet
  facet normal -3.030143e-01 -5.741456e-16 -9.529860e-01
    outer loop
      vertex   -1.803062e+01 1.125000e+01 9.990319e+02
      vertex   -1.820035e+01 1.500000e+01 9.990859e+02
      vertex   -1.803062e+01 1.500000e+01 9.990319e+02
    endloop
  endfacet
  facet normal -1.829299e-01 -3.466121e-16 -9.831260e-01
    outer loop
      vertex   -1.803062e+01 1.125000e+01 9.990319e+02
      vertex   -1.803062e+01 1.500000e+01 9.990319e+02
      vertex   -1.785552e+01 1.125000e+01 9.989994e+02
    endloop
  endfacet
  facet normal -1.829299e-01 0.000000e+00 -9.831260e-01
    outer loop
      vertex   -1.785552e+01 1.125000e+01 9.989994e+02
      vertex   -1.803062e+01 1.500000e+01 9.990319e+02
      vertex   -1.785552e+01 1.500000e+01 9.989994e+02
    endloop
  endfacet
  facet normal -6.004148e-02 0.000000e+00 -9.981959e-01
    outer loop
      vertex   -1.785552e+01 1.125000e+01 9.989994e+02
      vertex   -1.785552e+01 1.500000e+01 9.989994e+02
      vertex   -1.767774e+01 1.125000e+01 9.989887e+02
    endloop
  endfacet
  facet normal -6.004148e-02 0.000000e+00 -9.981959e-01
    outer loop
      vertex   -1.767774e+01 1.125000e+01 9.989887e+02
      vertex   -1.785552e+01 1.500000e+01 9.989994e+02
      vertex   -1.767774e+01 1.500000e+01 9.989887e+02
    endloop
  endfacet
  facet normal 6.376732e-02 0.000000e+00 -9.979648e-01
    outer loop
      vertex   -1.767774e+01 1.125000e+01 9.989887e+02
      vertex   -1.767774e+01 1.500000e+01 9.989887e+02
      vertex   -1.750000e+01 1.500000e+01 9.990000e+02
    endloop
  endfacet
  facet normal 6.376732e-02 0.000000e+00 -9.979648e-01
    outer loop
      vertex   -1.767774e+01 1.125000e+01 9.989887e+02
      vertex   -1.750000e+01 1.500000e+01 9.990000e+02
      vertex   -1.767774e+01 7.500000e+00 9.989887e+02
    endloop
  endfacet
  facet normal 6.376732e-02 0.000000e+00 -9.979648e-01
    outer loop
      vertex   -1.767774e+01 7.500000e+00 9.989887e+02
      vertex   -1.750000e+01 1.500000e+01 9.990000e+02
      vertex   -1.750000e+01 3.000000e+00 9.990000e+02
    endloop
  endfacet
  facet normal 6.376732e-02 0.000000e+00 -9.979648e-01
    outer loop
      vertex   -1.767774e+01 7.500000e+00 9.989887e+02
      vertex   -1.750000e+01 3.000000e+00 9.990000e+02
      vertex   -1.767774e+01 3.750000e+00 9.989887e+02
    endloop
  endfacet
  facet normal 6.511751e-02 3.213011e-04 -9.978776e-01
    outer loop
      vertex   -1.767774e+01 3.750000e+00 9.989887e+02
      vertex   -1.750000e+01 3.000000e+00 9.990000e+02
      vertex   -1.767385e+01 3.000000e+00 9.989887e+02
    endloop
  endfacet
  facet normal -5.598930e-02 -3.072820e-04 -9.984313e-01
    outer loop
      vertex   -1.767774e+01 3.750000e+00 9.989887e+02
      vertex   -1.767385e+01 3.000000e+00 9.989887e+02
      vertex   -1.784779e+01 3.000000e+00 9.989984e+02
    endloop
  endfacet
  facet normal -6.004147e-02 6.145633e-04 -9.981957e-01
    outer loop
      vertex   -1.767774e+01 3.750000e+00 9.989887e+02
      vertex   -1.784779e+01 3.000000e+00 9.989984e+02
      vertex   -1.785552e+01 3.750000e+00 9.989994e+02
    endloop
  endfacet
  facet normal -1.762749e-01 -6.005424e-04 -9.843408e-01
    outer loop
      vertex   -1.785552e+01 3.750000e+00 9.989994e+02
      vertex   -1.784779e+01 3.000000e+00 9.989984e+02
      vertex   -1.801929e+01 3.000000e+00 9.990291e+02
    endloop
  endfacet
  facet normal -1.829299e-01 9.008121e-04 -9.831256e-01
    outer loop
      vertex   -1.785552e+01 3.750000e+00 9.989994e+02
      vertex   -1.801929e+01 3.000000e+00 9.990291e+02
      vertex   -1.803062e+01 3.750000e+00 9.990319e+02
    endloop
  endfacet
  facet normal -2.939750e-01 -8.797792e-04 -9.558127e-01
    outer loop
      vertex   -1.803062e+01 3.750000e+00 9.990319e+02
      vertex   -1.801929e+01 3.000000e+00 9.990291e+02
      vertex   -1.818581e+01 3.000000e+00 9.990804e+02
    endloop
  endfacet
  facet normal -3.030141e-01 1.173036e-03 -9.529854e-01
    outer loop
      vertex   -1.803062e+01 3.750000e+00 9.990319e+02
      vertex   -1.818581e+01 3.000000e+00 9.990804e+02
      vertex   -1.820035e+01 3.750000e+00 9.990859e+02
    endloop
  endfacet
  facet normal -4.073632e-01 -1.144990e-03 -9.132655e-01
    outer loop
      vertex   -1.820035e+01 3.750000e+00 9.990859e+02
      vertex   -1.818581e+01 3.000000e+00 9.990804e+02
      vertex   -1.834491e+01 3.000000e+00 9.991513e+02
    endloop
  endfacet
  facet normal -4.184534e-01 1.431233e-03 -9.082371e-01
    outer loop
      vertex   -1.820035e+01 3.750000e+00 9.990859e+02
      vertex   -1.834491e+01 3.000000e+00 9.991513e+02
      vertex   -1.836212e+01 3.750000e+00 9.991604e+02
    endloop
  endfacet
  facet normal -5.147765e-01 -1.396174e-03 -8.573233e-01
    outer loop
      vertex   -1.836212e+01 3.750000e+00 9.991604e+02
      vertex   -1.834491e+01 3.000000e+00 9.991513e+02
      vertex   -1.849428e+01 3.000000e+00 9.992410e+02
    endloop
  endfacet
  facet normal -5.274783e-01 1.675402e-03 -8.495668e-01
    outer loop
      vertex   -1.836212e+01 3.750000e+00 9.991604e+02
      vertex   -1.849428e+01 3.000000e+00 9.992410e+02
      vertex   -1.851343e+01 3.750000e+00 9.992544e+02
    endloop
  endfacet
  facet normal -6.146393e-01 -1.633327e-03 -7.888066e-01
    outer loop
      vertex   -1.851343e+01 3.750000e+00 9.992544e+02
      vertex   -1.849428e+01 3.000000e+00 9.992410e+02
      vertex   -1.863170e+01 3.000000e+00 9.993481e+02
    endloop
  endfacet
  facet normal -6.284176e-01 1.905540e-03 -7.778738e-01
    outer loop
      vertex   -1.851343e+01 3.750000e+00 9.992544e+02
      vertex   -1.863170e+01 3.000000e+00 9.993481e+02
      vertex   -1.865197e+01 3.750000e+00 9.993663e+02
    endloop
  endfacet
  facet normal -7.054871e-01 -1.856450e-03 -7.087203e-01
    outer loop
      vertex   -1.865197e+01 3.750000e+00 9.993663e+02
      vertex   -1.863170e+01 3.000000e+00 9.993481e+02
      vertex   -1.875517e+01 3.000000e+00 9.994710e+02
    endloop
  endfacet
  facet normal -7.197240e-01 2.121646e-03 -6.942571e-01
    outer loop
      vertex   -1.865197e+01 3.750000e+00 9.993663e+02
      vertex   -1.875517e+01 3.000000e+00 9.994710e+02
      vertex   -1.877562e+01 3.750000e+00 9.994945e+02
    endloop
  endfacet
  facet normal -7.859873e-01 -2.065539e-03 -6.182392e-01
    outer loop
      vertex   -1.877562e+01 3.750000e+00 9.994945e+02
      vertex   -1.875517e+01 3.000000e+00 9.994710e+02
      vertex   -1.886288e+01 3.000000e+00 9.996079e+02
    endloop
  endfacet
  facet normal -7.999978e-01 2.323718e-03 -5.999984e-01
    outer loop
      vertex   -1.877562e+01 3.750000e+00 9.994945e+02
      vertex   -1.886288e+01 3.000000e+00 9.996079e+02
      vertex   -1.888248e+01 3.750000e+00 9.996370e+02
    endloop
  endfacet
  facet normal -8.549592e-01 -2.260594e-03 -5.186904e-01
    outer loop
      vertex   -1.888248e+01 3.750000e+00 9.996370e+02
      vertex   -1.886288e+01 3.000000e+00 9.996079e+02
      vertex   -1.895325e+01 3.000000e+00 9.997569e+02
    endloop
  endfacet
  facet normal -8.680087e-01 2.511755e-03 -4.965426e-01
    outer loop
      vertex   -1.888248e+01 3.750000e+00 9.996370e+02
      vertex   -1.895325e+01 3.000000e+00 9.997569e+02
      vertex   -1.897092e+01 3.750000e+00 9.997916e+02
    endloop
  endfacet
  facet normal -9.113912e-01 -2.441613e-03 -4.115339e-01
    outer loop
      vertex   -1.897092e+01 3.750000e+00 9.997916e+02
      vertex   -1.895325e+01 3.000000e+00 9.997569e+02
      vertex   -1.902495e+01 3.000000e+00 9.999157e+02
    endloop
  endfacet
  facet normal -9.227141e-01 2.685756e-03 -3.854755e-01
    outer loop
      vertex   -1.897092e+01 3.750000e+00 9.997916e+02
      vertex   -1.902495e+01 3.000000e+00 9.999157e+02
      vertex   -1.903957e+01 3.750000e+00 9.999559e+02
    endloop
  endfacet
  facet normal -9.544556e-01 -2.608595e-03 -2.983414e-01
    outer loop
      vertex   -1.903957e+01 3.750000e+00 9.999559e+02
      vertex   -1.902495e+01 3.000000e+00 9.999157e+02
      vertex   -1.907692e+01 3.000000e+00 1.000082e+03
    endloop
  endfacet
  facet normal -9.632755e-01 2.845719e-03 -2.684998e-01
    outer loop
      vertex   -1.903957e+01 3.750000e+00 9.999559e+02
      vertex   -1.907692e+01 3.000000e+00 1.000082e+03
      vertex   -1.908740e+01 3.750000e+00 1.000127e+03
    endloop
  endfacet
  facet normal -9.835209e-01 -2.761539e-03 -1.807733e-01
    outer loop
      vertex   -1.908740e+01 3.750000e+00 1.000127e+03
      vertex   -1.907692e+01 3.000000e+00 1.000082e+03
      vertex   -1.910842e+01 3.000000e+00 1.000253e+03
    endloop
  endfacet
  facet normal -9.890712e-01 2.991643e-03 -1.474084e-01
    outer loop
      vertex   -1.908740e+01 3.750000e+00 1.000127e+03
      vertex   -1.910842e+01 3.000000e+00 1.000253e+03
      vertex   -1.911365e+01 3.750000e+00 1.000304e+03
    endloop
  endfacet
  facet normal -9.981607e-01 -2.900444e-03 -6.055379e-02
    outer loop
      vertex   -1.911365e+01 3.750000e+00 1.000304e+03
      vertex   -1.910842e+01 3.000000e+00 1.000253e+03
      vertex   -1.911897e+01 3.000000e+00 1.000427e+03
    endloop
  endfacet
  facet normal -9.997057e-01 3.123527e-03 -2.405753e-02
    outer loop
      vertex   -1.911365e+01 3.750000e+00 1.000304e+03
      vertex   -1.911897e+01 3.000000e+00 1.000427e+03
      vertex   -1.911793e+01 3.750000e+00 1.000482e+03
    endloop
  endfacet
  facet normal -9.997106e-01 0.000000e+00 -2.405764e-02
    outer loop
      vertex   -1.911793e+01 3.750000e+00 1.000482e+03
      vertex   -1.911793e+01 7.500000e+00 1.000482e+03
      vertex   -1.911365e+01 3.750000e+00 1.000304e+03
    endloop
  endfacet
  facet normal -9.997106e-01 0.000000e+00 -2.405764e-02
    outer loop
      vertex   -1.911365e+01 3.750000e+00 1.000304e+03
      vertex   -1.911793e+01 7.500000e+00 1.000482e+03
      vertex   -1.911365e+01 7.500000e+00 1.000304e+03
    endloop
  endfacet
  facet normal -9.890756e-01 0.000000e+00 -1.474091e-01
    outer loop
      vertex   -1.911365e+01 3.750000e+00 1.000304e+03
      vertex   -1.911365e+01 7.500000e+00 1.000304e+03
      vertex   -1.908740e+01 3.750000e+00 1.000127e+03
    endloop
  endfacet
  facet normal -9.890756e-01 9.370407e-16 -1.474091e-01
    outer loop
      vertex   -1.908740e+01 3.750000e+00 1.000127e+03
      vertex   -1.911365e+01 7.500000e+00 1.000304e+03
      vertex   -1.908740e+01 7.500000e+00 1.000127e+03
    endloop
  endfacet
  facet normal -9.632794e-01 9.126016e-16 -2.685009e-01
    outer loop
      vertex   -1.908740e+01 3.750000e+00 1.000127e+03
      vertex   -1.908740e+01 7.500000e+00 1.000127e+03
      vertex   -1.903957e+01 3.750000e+00 9.999559e+02
    endloop
  endfacet
  facet normal -9.632794e-01 0.000000e+00 -2.685009e-01
    outer loop
      vertex   -1.903957e+01 3.750000e+00 9.999559e+02
      vertex   -1.908740e+01 7.500000e+00 1.000127e+03
      vertex   -1.903957e+01 7.500000e+00 9.999559e+02
    endloop
  endfacet
  facet normal -9.227175e-01 0.000000e+00 -3.854769e-01
    outer loop
      vertex   -1.903957e+01 3.750000e+00 9.999559e+02
      vertex   -1.903957e+01 7.500000e+00 9.999559e+02
      vertex   -1.897092e+01 3.750000e+00 9.997916e+02
    endloop
  endfacet
  facet normal -9.227175e-01 -8.741736e-16 -3.854769e-01
    outer loop
      vertex   -1.897092e+01 3.750000e+00 9.997916e+02
      vertex   -1.903957e+01 7.500000e+00 9.999559e+02
      vertex   -1.897092e+01 7.500000e+00 9.997916e+02
    endloop
  endfacet
  facet normal -8.680115e-01 -8.223457e-16 -4.965442e-01
    outer loop
      vertex   -1.897092e+01 3.750000e+00 9.997916e+02
      vertex   -1.897092e+01 7.500000e+00 9.997916e+02
      vertex   -1.888248e+01 3.750000e+00 9.996370e+02
    endloop
  endfacet
  facet normal -8.680115e-01 8.223457e-16 -4.965442e-01
    outer loop
      vertex   -1.888248e+01 3.750000e+00 9.996370e+02
      vertex   -1.897092e+01 7.500000e+00 9.997916e+02
      vertex   -1.888248e+01 7.500000e+00 9.996370e+02
    endloop
  endfacet
  facet normal -8.000000e-01 7.579123e-16 -6.000000e-01
    outer loop
      vertex   -1.888248e+01 3.750000e+00 9.996370e+02
      vertex   -1.888248e+01 7.500000e+00 9.996370e+02
      vertex   -1.877562e+01 3.750000e+00 9.994945e+02
    endloop
  endfacet
  facet normal -8.000000e-01 1.515825e-15 -6.000000e-01
    outer loop
      vertex   -1.877562e+01 3.750000e+00 9.994945e+02
      vertex   -1.888248e+01 7.500000e+00 9.996370e+02
      vertex   -1.877562e+01 7.500000e+00 9.994945e+02
    endloop
  endfacet
  facet normal -7.197256e-01 1.363722e-15 -6.942586e-01
    outer loop
      vertex   -1.877562e+01 3.750000e+00 9.994945e+02
      vertex   -1.877562e+01 7.500000e+00 9.994945e+02
      vertex   -1.865197e+01 3.750000e+00 9.993663e+02
    endloop
  endfacet
  facet normal -7.197256e-01 -6.818611e-16 -6.942586e-01
    outer loop
      vertex   -1.865197e+01 3.750000e+00 9.993663e+02
      vertex   -1.877562e+01 7.500000e+00 9.994945e+02
      vertex   -1.865197e+01 7.500000e+00 9.993663e+02
    endloop
  endfacet
  facet normal -6.284188e-01 -5.953578e-16 -7.778752e-01
    outer loop
      vertex   -1.865197e+01 3.750000e+00 9.993663e+02
      vertex   -1.865197e+01 7.500000e+00 9.993663e+02
      vertex   -1.851343e+01 3.750000e+00 9.992544e+02
    endloop
  endfacet
  facet normal -6.284188e-01 1.190716e-15 -7.778752e-01
    outer loop
      vertex   -1.851343e+01 3.750000e+00 9.992544e+02
      vertex   -1.865197e+01 7.500000e+00 9.993663e+02
      vertex   -1.851343e+01 7.500000e+00 9.992544e+02
    endloop
  endfacet
  facet normal -5.274791e-01 9.994572e-16 -8.495680e-01
    outer loop
      vertex   -1.851343e+01 3.750000e+00 9.992544e+02
      vertex   -1.851343e+01 7.500000e+00 9.992544e+02
      vertex   -1.836212e+01 3.750000e+00 9.991604e+02
    endloop
  endfacet
  facet normal -5.274791e-01 0.000000e+00 -8.495680e-01
    outer loop
      vertex   -1.836212e+01 3.750000e+00 9.991604e+02
      vertex   -1.851343e+01 7.500000e+00 9.992544e+02
      vertex   -1.836212e+01 7.500000e+00 9.991604e+02
    endloop
  endfacet
  facet normal -4.184539e-01 0.000000e+00 -9.082381e-01
    outer loop
      vertex   -1.836212e+01 3.750000e+00 9.991604e+02
      vertex   -1.836212e+01 7.500000e+00 9.991604e+02
      vertex   -1.820035e+01 3.750000e+00 9.990859e+02
    endloop
  endfacet
  facet normal -4.184539e-01 -7.928783e-16 -9.082381e-01
    outer loop
      vertex   -1.820035e+01 3.750000e+00 9.990859e+02
      vertex   -1.836212e+01 7.500000e+00 9.991604e+02
      vertex   -1.820035e+01 7.500000e+00 9.990859e+02
    endloop
  endfacet
  facet normal -3.030143e-01 -5.741456e-16 -9.529860e-01
    outer loop
      vertex   -1.820035e+01 3.750000e+00 9.990859e+02
      vertex   -1.820035e+01 7.500000e+00 9.990859e+02
      vertex   -1.803062e+01 3.750000e+00 9.990319e+02
    endloop
  endfacet
  facet normal -3.030143e-01 2.870728e-16 -9.529860e-01
    outer loop
      vertex   -1.803062e+01 3.750000e+00 9.990319e+02
      vertex   -1.820035e+01 7.500000e+00 9.990859e+02
      vertex   -1.803062e+01 7.500000e+00 9.990319e+02
    endloop
  endfacet
  facet normal -1.829299e-01 1.733060e-16 -9.831260e-01
    outer loop
      vertex   -1.803062e+01 3.750000e+00 9.990319e+02
      vertex   -1.803062e+01 7.500000e+00 9.990319e+02
      vertex   -1.785552e+01 3.750000e+00 9.989994e+02
    endloop
  endfacet
  facet normal -1.829299e-01 0.000000e+00 -9.831260e-01
    outer loop
      vertex   -1.785552e+01 3.750000e+00 9.989994e+02
      vertex   -1.803062e+01 7.500000e+00 9.990319e+02
      vertex   -1.785552e+01 7.500000e+00 9.989994e+02
    endloop
  endfacet
  facet normal -6.004148e-02 0.000000e+00 -9.981959e-01
    outer loop
      vertex   -1.785552e+01 3.750000e+00 9.989994e+02
      vertex   -1.785552e+01 7.500000e+00 9.989994e+02
      vertex   -1.767774e+01 3.750000e+00 9.989887e+02
    endloop
  endfacet
  facet normal -6.004148e-02 0.000000e+00 -9.981959e-01
    outer loop
      vertex   -1.767774e+01 3.750000e+00 9.989887e+02
      vertex   -1.785552e+01 7.500000e+00 9.989994e+02
      vertex   -1.767774e+01 7.500000e+00 9.989887e+02
    endloop
  endfacet
  facet normal -9.997106e-01 0.000000e+00 -2.405764e-02
    outer loop
      vertex   -1.911793e+01 7.500000e+00 1.000482e+03
      vertex   -1.911793e+01 1.125000e+01 1.000482e+03
      vertex   -1.911365e+01 7.500000e+00 1.000304e+03
    endloop
  endfacet
  facet normal -9.997106e-01 -9.471161e-16 -2.405764e-02
    outer loop
      vertex   -1.911365e+01 7.500000e+00 1.000304e+03
      vertex   -1.911793e+01 1.125000e+01 1.000482e+03
      vertex   -1.911365e+01 1.125000e+01 1.000304e+03
    endloop
  endfacet
  facet normal -9.890756e-01 -9.370407e-16 -1.474091e-01
    outer loop
      vertex   -1.911365e+01 7.500000e+00 1.000304e+03
      vertex   -1.911365e+01 1.125000e+01 1.000304e+03
      vertex   -1.908740e+01 7.500000e+00 1.000127e+03
    endloop
  endfacet
  facet normal -9.890756e-01 0.000000e+00 -1.474091e-01
    outer loop
      vertex   -1.908740e+01 7.500000e+00 1.000127e+03
      vertex   -1.911365e+01 1.125000e+01 1.000304e+03
      vertex   -1.908740e+01 1.125000e+01 1.000127e+03
    endloop
  endfacet
  facet normal -9.632794e-01 0.000000e+00 -2.685009e-01
    outer loop
      vertex   -1.908740e+01 7.500000e+00 1.000127e+03
      vertex   -1.908740e+01 1.125000e+01 1.000127e+03
      vertex   -1.903957e+01 7.500000e+00 9.999559e+02
    endloop
  endfacet
  facet normal -9.632794e-01 9.126016e-16 -2.685009e-01
    outer loop
      vertex   -1.903957e+01 7.500000e+00 9.999559e+02
      vertex   -1.908740e+01 1.125000e+01 1.000127e+03
      vertex   -1.903957e+01 1.125000e+01 9.999559e+02
    endloop
  endfacet
  facet normal -9.227175e-01 8.741736e-16 -3.854769e-01
    outer loop
      vertex   -1.903957e+01 7.500000e+00 9.999559e+02
      vertex   -1.903957e+01 1.125000e+01 9.999559e+02
      vertex   -1.897092e+01 7.500000e+00 9.997916e+02
    endloop
  endfacet
  facet normal -9.227175e-01 0.000000e+00 -3.854769e-01
    outer loop
      vertex   -1.897092e+01 7.500000e+00 9.997916e+02
      vertex   -1.903957e+01 1.125000e+01 9.999559e+02
      vertex   -1.897092e+01 1.125000e+01 9.997916e+02
    endloop
  endfacet
  facet normal -8.680115e-01 0.000000e+00 -4.965442e-01
    outer loop
      vertex   -1.897092e+01 7.500000e+00 9.997916e+02
      vertex   -1.897092e+01 1.125000e+01 9.997916e+02
      vertex   -1.888248e+01 7.500000e+00 9.996370e+02
    endloop
  endfacet
  facet normal -8.680115e-01 8.223457e-16 -4.965442e-01
    outer loop
      vertex   -1.888248e+01 7.500000e+00 9.996370e+02
      vertex   -1.897092e+01 1.125000e+01 9.997916e+02
      vertex   -1.888248e+01 1.125000e+01 9.996370e+02
    endloop
  endfacet
  facet normal -8.000000e-01 7.579123e-16 -6.000000e-01
    outer loop
      vertex   -1.888248e+01 7.500000e+00 9.996370e+02
      vertex   -1.888248e+01 1.125000e+01 9.996370e+02
      vertex   -1.877562e+01 7.500000e+00 9.994945e+02
    endloop
  endfacet
  facet normal -8.000000e-01 7.579123e-16 -6.000000e-01
    outer loop
      vertex   -1.877562e+01 7.500000e+00 9.994945e+02
      vertex   -1.888248e+01 1.125000e+01 9.996370e+02
      vertex   -1.877562e+01 1.125000e+01 9.994945e+02
    endloop
  endfacet
  facet normal -7.197256e-01 6.818611e-16 -6.942586e-01
    outer loop
      vertex   -1.877562e+01 7.500000e+00 9.994945e+02
      vertex   -1.877562e+01 1.125000e+01 9.994945e+02
      vertex   -1.865197e+01 7.500000e+00 9.993663e+02
    endloop
  endfacet
  facet normal -7.197256e-01 0.000000e+00 -6.942586e-01
    outer loop
      vertex   -1.865197e+01 7.500000e+00 9.993663e+02
      vertex   -1.877562e+01 1.125000e+01 9.994945e+02
      vertex   -1.865197e+01 1.125000e+01 9.993663e+02
    endloop
  endfacet
  facet normal -6.284188e-01 0.000000e+00 -7.778752e-01
    outer loop
      vertex   -1.865197e+01 7.500000e+00 9.993663e+02
      vertex   -1.865197e+01 1.125000e+01 9.993663e+02
      vertex   -1.851343e+01 7.500000e+00 9.992544e+02
    endloop
  endfacet
  facet normal -6.284188e-01 1.786074e-15 -7.778752e-01
    outer loop
      vertex   -1.851343e+01 7.500000e+00 9.992544e+02
      vertex   -1.865197e+01 1.125000e+01 9.993663e+02
      vertex   -1.851343e+01 1.125000e+01 9.992544e+02
    endloop
  endfacet
  facet normal -5.274791e-01 1.499186e-15 -8.495680e-01
    outer loop
      vertex   -1.851343e+01 7.500000e+00 9.992544e+02
      vertex   -1.851343e+01 1.125000e+01 9.992544e+02
      vertex   -1.836212e+01 7.500000e+00 9.991604e+02
    endloop
  endfacet
  facet normal -5.274791e-01 9.994572e-16 -8.495680e-01
    outer loop
      vertex   -1.836212e+01 7.500000e+00 9.991604e+02
      vertex   -1.851343e+01 1.125000e+01 9.992544e+02
      vertex   -1.836212e+01 1.125000e+01 9.991604e+02
    endloop
  endfacet
  facet normal -4.184539e-01 7.928783e-16 -9.082381e-01
    outer loop
      vertex   -1.836212e+01 7.500000e+00 9.991604e+02
      vertex   -1.836212e+01 1.125000e+01 9.991604e+02
      vertex   -1.820035e+01 7.500000e+00 9.990859e+02
    endloop
  endfacet
  facet normal -4.184539e-01 -7.928783e-16 -9.082381e-01
    outer loop
      vertex   -1.820035e+01 7.500000e+00 9.990859e+02
      vertex   -1.836212e+01 1.125000e+01 9.991604e+02
      vertex   -1.820035e+01 1.125000e+01 9.990859e+02
    endloop
  endfacet
  facet normal -3.030143e-01 -5.741456e-16 -9.529860e-01
    outer loop
      vertex   -1.820035e+01 7.500000e+00 9.990859e+02
      vertex   -1.820035e+01 1.125000e+01 9.990859e+02
      vertex   -1.803062e+01 7.500000e+00 9.990319e+02
    endloop
  endfacet
  facet normal -3.030143e-01 2.870728e-16 -9.529860e-01
    outer loop
      vertex   -1.803062e+01 7.500000e+00 9.990319e+02
      vertex   -1.820035e+01 1.125000e+01 9.990859e+02
      vertex   -1.803062e+01 1.125000e+01 9.990319e+02
    endloop
  endfacet
  facet normal -1.829299e-01 1.733060e-16 -9.831260e-01
    outer loop
      vertex   -1.803062e+01 7.500000e+00 9.990319e+02
      vertex   -1.803062e+01 1.125000e+01 9.990319e+02
      vertex   -1.785552e+01 7.500000e+00 9.989994e+02
    endloop
  endfacet
  facet normal -1.829299e-01 0.000000e+00 -9.831260e-01
    outer loop
      vertex   -1.785552e+01 7.500000e+00 9.989994e+02
      vertex   -1.803062e+01 1.125000e+01 9.990319e+02
      vertex   -1.785552e+01 1.125000e+01 9.989994e+02
    endloop
  endfacet
  facet normal -6.004148e-02 0.000000e+00 -9.981959e-01
    outer loop
      vertex   -1.785552e+01 7.500000e+00 9.989994e+02
      vertex   -1.785552e+01 1.125000e+01 9.989994e+02
      vertex   -1.767774e+01 7.500000e+00 9.989887e+02
    endloop
  endfacet
  facet normal -6.004148e-02 0.000000e+00 -9.981959e-01
    outer loop
      vertex   -1.767774e+01 7.500000e+00 9.989887e+02
      vertex   -1.785552e+01 1.125000e+01 9.989994e+02
      vertex   -1.767774e+01 1.125000e+01 9.989887e+02
    endloop
  endfacet
  facet normal -9.950213e-01 0.000000e+00 9.966254e-02
    outer loop
      vertex   -1.911793e+01 7.500000e+00 1.000482e+03
      vertex   -1.911793e+01 3.750000e+00 1.000482e+03
      vertex   -1.910018e+01 7.500000e+00 1.000659e+03
    endloop
  endfacet
  facet normal -9.950213e-01 1.885347e-15 9.966254e-02
    outer loop
      vertex   -1.910018e+01 7.500000e+00 1.000659e+03
      vertex   -1.911793e+01 3.750000e+00 1.000482e+03
      vertex   -1.910018e+01 3.750000e+00 1.000659e+03
    endloop
  endfacet
  facet normal -9.750797e-01 1.847562e-15 2.218550e-01
    outer loop
      vertex   -1.910018e+01 7.500000e+00 1.000659e+03
      vertex   -1.910018e+01 3.750000e+00 1.000659e+03
      vertex   -1.906067e+01 7.500000e+00 1.000833e+03
    endloop
  endfacet
  facet normal -9.950213e-01 0.000000e+00 9.966254e-02
    outer loop
      vertex   -1.911793e+01 1.125000e+01 1.000482e+03
      vertex   -1.911793e+01 7.500000e+00 1.000482e+03
      vertex   -1.910018e+01 1.125000e+01 1.000659e+03
    endloop
  endfacet
  facet normal -9.950213e-01 0.000000e+00 9.966254e-02
    outer loop
      vertex   -1.910018e+01 1.125000e+01 1.000659e+03
      vertex   -1.911793e+01 7.500000e+00 1.000482e+03
      vertex   -1.910018e+01 7.500000e+00 1.000659e+03
    endloop
  endfacet
  facet normal -9.750797e-01 0.000000e+00 2.218550e-01
    outer loop
      vertex   -1.910018e+01 1.125000e+01 1.000659e+03
      vertex   -1.910018e+01 7.500000e+00 1.000659e+03
      vertex   -1.906067e+01 1.125000e+01 1.000833e+03
    endloop
  endfacet
  facet normal -9.750797e-01 0.000000e+00 2.218550e-01
    outer loop
      vertex   -1.906067e+01 1.125000e+01 1.000833e+03
      vertex   -1.910018e+01 7.500000e+00 1.000659e+03
      vertex   -1.906067e+01 7.500000e+00 1.000833e+03
    endloop
  endfacet
  facet normal 0.000000e+00 -0.000000e+00 1.000000e+00
    outer loop
      vertex   -2.625000e+01 0.000000e+00 9.730000e+02
      vertex   -2.625000e+01 3.000000e+00 9.730000e+02
      vertex   -3.150000e+01 0.000000e+00 9.730000e+02
    endloop
  endfacet
  facet normal 0.000000e+00 0.000000e+00 1.000000e+00
    outer loop
      vertex   -3.150000e+01 0.000000e+00 9.730000e+02
      vertex   -2.625000e+01 3.000000e+00 9.730000e+02
      vertex   -3.150000e+01 1.500000e+01 9.730000e+02
    endloop
  endfacet
  facet normal -0.000000e+00 0.000000e+00 1.000000e+00
    outer loop
      vertex   -3.150000e+01 1.500000e+01 9.730000e+02
      vertex   -2.625000e+01 3.000000e+00 9.730000e+02
      vertex   -2.625000e+01 1.500000e+01 9.730000e+02
    endloop
  endfacet
  facet normal -1.000000e+00 0.000000e+00 0.000000e+00
    outer loop
      vertex   -3.150000e+01 0.000000e+00 9.710000e+02
      vertex   -3.150000e+01 0.000000e+00 9.730000e+02
      vertex   -3.150000e+01 1.500000e+01 9.710000e+02
    endloop
  endfacet
  facet normal -1.000000e+00 0.000000e+00 0.000000e+00
    outer loop
      vertex   -3.150000e+01 1.500000e+01 9.710000e+02
      vertex   -3.150000e+01 0.000000e+00 9.730000e+02
      vertex   -3.150000e+01 1.500000e+01 9.730000e+02
    endloop
  endfacet
  facet normal -9.486833e-01 0.000000e+00 3.162278e-01
    outer loop
      vertex   -3.450000e+01 0.000000e+00 9.620000e+02
      vertex   -3.150000e+01 0.000000e+00 9.710000e+02
      vertex   -3.450000e+01 1.500000e+01 9.620000e+02
    endloop
  endfacet
  facet normal -9.486833e-01 0.000000e+00 3.162278e-01
    outer loop
      vertex   -3.450000e+01 1.500000e+01 9.620000e+02
      vertex   -3.150000e+01 0.000000e+00 9.710000e+02
      vertex   -3.150000e+01 1.500000e+01 9.710000e+02
    endloop
  endfacet
  facet normal -3.162278e-01 0.000000e+00 -9.486833e-01
    outer loop
      vertex   -3.165395e+01 0.000000e+00 9.610513e+02
      vertex   -3.450000e+01 0.000000e+00 9.620000e+02
      vertex   -3.165395e+01 1.500000e+01 9.610513e+02
    endloop
  endfacet
  facet normal -3.162278e-01 0.000000e+00 -9.486833e-01
    outer loop
      vertex   -3.165395e+01 1.500000e+01 9.610513e+02
      vertex   -3.450000e+01 0.000000e+00 9.620000e+02
      vertex   -3.450000e+01 1.500000e+01 9.620000e+02
    endloop
  endfacet
  facet normal 9.486833e-01 0.000000e+00 -3.162278e-01
    outer loop
      vertex   -2.867106e+01 0.000000e+00 9.700000e+02
      vertex   -3.165395e+01 0.000000e+00 9.610513e+02
      vertex   -2.867106e+01 1.500000e+01 9.700000e+02
    endloop
  endfacet
  facet normal 9.486833e-01 0.000000e+00 -3.162278e-01
    outer loop
      vertex   -2.867106e+01 1.500000e+01 9.700000e+02
      vertex   -3.165395e+01 0.000000e+00 9.610513e+02
      vertex   -3.165395e+01 1.500000e+01 9.610513e+02
    endloop
  endfacet
  facet normal -0.000000e+00 -0.000000e+00 -1.000000e+00
    outer loop
      vertex   -1.800000e+01 3.000000e+00 9.700000e+02
      vertex   -1.800000e+01 0.000000e+00 9.700000e+02
      vertex   -2.625000e+01 3.000000e+00 9.700000e+02
    endloop
  endfacet
  facet normal 0.000000e+00 -0.000000e+00 -1.000000e+00
    outer loop
      vertex   -2.625000e+01 3.000000e+00 9.700000e+02
      vertex   -1.800000e+01 0.000000e+00 9.700000e+02
      vertex   -2.867106e+01 0.000000e+00 9.700000e+02
    endloop
  endfacet
  facet normal -0.000000e+00 0.000000e+00 -1.000000e+00
    outer loop
      vertex   -2.625000e+01 3.000000e+00 9.700000e+02
      vertex   -2.867106e+01 0.000000e+00 9.700000e+02
      vertex   -2.867106e+01 1.500000e+01 9.700000e+02
    endloop
  endfacet
  facet normal 0.000000e+00 0.000000e+00 -1.000000e+00
    outer loop
      vertex   -2.867106e+01 1.500000e+01 9.700000e+02
      vertex   -2.625000e+01 1.500000e+01 9.700000e+02
      vertex   -2.625000e+01 3.000000e+00 9.700000e+02
    endloop
  endfacet
  facet normal 1.000000e+00 -0.000000e+00 0.000000e+00
    outer loop
      vertex   -1.160111e+01 0.000000e+00 1.001780e+03
      vertex   -1.160111e+01 0.000000e+00 9.800000e+02
      vertex   -1.160111e+01 3.000000e+00 1.001780e+03
    endloop
  endfacet
  facet normal 1.000000e+00 0.000000e+00 0.000000e+00
    outer loop
      vertex   -1.160111e+01 3.000000e+00 1.001780e+03
      vertex   -1.160111e+01 0.000000e+00 9.800000e+02
      vertex   -1.160111e+01 3.000000e+00 9.800000e+02
    endloop
  endfacet
  facet normal -0.000000e+00 -1.000000e+00 -0.000000e+00
    outer loop
      vertex   -1.951436e+01 0.000000e+00 9.771485e+02
      vertex   -1.969073e+01 0.000000e+00 9.772098e+02
      vertex   -1.800000e+01 0.000000e+00 9.700000e+02
    endloop
  endfacet
  facet normal 0.000000e+00 -1.000000e+00 0.000000e+00
    outer loop
      vertex   -1.800000e+01 0.000000e+00 9.700000e+02
      vertex   -1.969073e+01 0.000000e+00 9.772098e+02
      vertex   -1.976589e+01 0.000000e+00 9.772438e+02
    endloop
  endfacet
  facet normal 0.000000e+00 -1.000000e+00 0.000000e+00
    outer loop
      vertex   -1.800000e+01 0.000000e+00 9.700000e+02
      vertex   -1.976589e+01 0.000000e+00 9.772438e+02
      vertex   -1.992847e+01 0.000000e+00 9.773356e+02
    endloop
  endfacet
  facet normal -0.000000e+00 -1.000000e+00 -0.000000e+00
    outer loop
      vertex   -1.992847e+01 0.000000e+00 9.773356e+02
      vertex   -2.007838e+01 0.000000e+00 9.774470e+02
      vertex   -1.800000e+01 0.000000e+00 9.700000e+02
    endloop
  endfacet
  facet normal 0.000000e+00 -1.000000e+00 0.000000e+00
    outer loop
      vertex   -1.800000e+01 0.000000e+00 9.700000e+02
      vertex   -2.007838e+01 0.000000e+00 9.774470e+02
      vertex   -2.021330e+01 0.000000e+00 9.775761e+02
    endloop
  endfacet
  facet normal 0.000000e+00 -1.000000e+00 0.000000e+00
    outer loop
      vertex   -1.800000e+01 0.000000e+00 9.700000e+02
      vertex   -2.021330e+01 0.000000e+00 9.775761e+02
      vertex   -2.033113e+01 0.000000e+00 9.777209e+02
    endloop
  endfacet
  facet normal 0.000000e+00 -1.000000e+00 0.000000e+00
    outer loop
      vertex   -1.800000e+01 0.000000e+00 9.700000e+02
      vertex   -2.033113e+01 0.000000e+00 9.777209e+02
      vertex   -2.625000e+01 0.000000e+00 9.730000e+02
    endloop
  endfacet
  facet normal 0.000000e+00 -1.000000e+00 0.000000e+00
    outer loop
      vertex   -2.625000e+01 0.000000e+00 9.730000e+02
      vertex   -2.033113e+01 0.000000e+00 9.777209e+02
      vertex   -2.043005e+01 0.000000e+00 9.778793e+02
    endloop
  endfacet
  facet normal 0.000000e+00 -1.000000e+00 0.000000e+00
    outer loop
      vertex   -2.625000e+01 0.000000e+00 9.730000e+02
      vertex   -2.043005e+01 0.000000e+00 9.778793e+02
      vertex   -2.050853e+01 0.000000e+00 9.780487e+02
    endloop
  endfacet
  facet normal -0.000000e+00 -1.000000e+00 0.000000e+00
    outer loop
      vertex   -2.050853e+01 0.000000e+00 9.780487e+02
      vertex   -2.056535e+01 0.000000e+00 9.782266e+02
      vertex   -2.625000e+01 0.000000e+00 9.730000e+02
    endloop
  endfacet
  facet normal 0.000000e+00 -1.000000e+00 0.000000e+00
    outer loop
      vertex   -2.625000e+01 0.000000e+00 9.730000e+02
      vertex   -2.056535e+01 0.000000e+00 9.782266e+02
      vertex   -2.059963e+01 0.000000e+00 9.784101e+02
    endloop
  endfacet
  facet normal 0.000000e+00 -1.000000e+00 0.000000e+00
    outer loop
      vertex   -2.625000e+01 0.000000e+00 9.730000e+02
      vertex   -2.059963e+01 0.000000e+00 9.784101e+02
      vertex   -2.061085e+01 0.000000e+00 9.785965e+02
    endloop
  endfacet
  facet normal -0.000000e+00 -1.000000e+00 0.000000e+00
    outer loop
      vertex   -2.061085e+01 0.000000e+00 9.785965e+02
      vertex   -2.059881e+01 0.000000e+00 9.787828e+02
      vertex   -2.625000e+01 0.000000e+00 9.730000e+02
    endloop
  endfacet
  facet normal 0.000000e+00 -1.000000e+00 0.000000e+00
    outer loop
      vertex   -2.625000e+01 0.000000e+00 9.730000e+02
      vertex   -2.059881e+01 0.000000e+00 9.787828e+02
      vertex   -2.056373e+01 0.000000e+00 9.789662e+02
    endloop
  endfacet
  facet normal 0.000000e+00 -1.000000e+00 0.000000e+00
    outer loop
      vertex   -2.625000e+01 0.000000e+00 9.730000e+02
      vertex   -2.056373e+01 0.000000e+00 9.789662e+02
      vertex   -2.050612e+01 0.000000e+00 9.791439e+02
    endloop
  endfacet
  facet normal 0.000000e+00 -1.000000e+00 0.000000e+00
    outer loop
      vertex   -2.625000e+01 0.000000e+00 9.730000e+02
      vertex   -2.050612e+01 0.000000e+00 9.791439e+02
      vertex   -1.911897e+01 0.000000e+00 1.000427e+03
    endloop
  endfacet
  facet normal 0.000000e+00 -1.000000e+00 0.000000e+00
    outer loop
      vertex   -1.911897e+01 0.000000e+00 1.000427e+03
      vertex   -2.050612e+01 0.000000e+00 9.791439e+02
      vertex   -2.042690e+01 0.000000e+00 9.793129e+02
    endloop
  endfacet
  facet normal 0.000000e+00 -1.000000e+00 0.000000e+00
    outer loop
      vertex   -1.911897e+01 0.000000e+00 1.000427e+03
      vertex   -2.042690e+01 0.000000e+00 9.793129e+02
      vertex   -2.032728e+01 0.000000e+00 9.794709e+02
    endloop
  endfacet
  facet normal 0.000000e+00 -1.000000e+00 0.000000e+00
    outer loop
      vertex   -2.032728e+01 0.000000e+00 9.794709e+02
      vertex   -2.020881e+01 0.000000e+00 9.796152e+02
      vertex   -1.911897e+01 0.000000e+00 1.000427e+03
    endloop
  endfacet
  facet normal 0.000000e+00 -1.000000e+00 0.000000e+00
    outer loop
      vertex   -1.911897e+01 0.000000e+00 1.000427e+03
      vertex   -2.020881e+01 0.000000e+00 9.796152e+02
      vertex   -2.007333e+01 0.000000e+00 9.797437e+02
    endloop
  endfacet
  facet normal 0.000000e+00 -1.000000e+00 -0.000000e+00
    outer loop
      vertex   -1.911897e+01 0.000000e+00 1.000427e+03
      vertex   -2.007333e+01 0.000000e+00 9.797437e+02
      vertex   -1.686004e+01 0.000000e+00 9.917136e+02
    endloop
  endfacet
  facet normal 0.000000e+00 -1.000000e+00 -0.000000e+00
    outer loop
      vertex   -1.686004e+01 0.000000e+00 9.917136e+02
      vertex   -2.007333e+01 0.000000e+00 9.797437e+02
      vertex   -1.684821e+01 0.000000e+00 9.915256e+02
    endloop
  endfacet
  facet normal 0.000000e+00 -1.000000e+00 0.000000e+00
    outer loop
      vertex   -1.684821e+01 0.000000e+00 9.915256e+02
      vertex   -2.007333e+01 0.000000e+00 9.797437e+02
      vertex   -1.992293e+01 0.000000e+00 9.798544e+02
    endloop
  endfacet
  facet normal 0.000000e+00 -1.000000e+00 0.000000e+00
    outer loop
      vertex   -1.684821e+01 0.000000e+00 9.915256e+02
      vertex   -1.992293e+01 0.000000e+00 9.798544e+02
      vertex   -1.975995e+01 0.000000e+00 9.799455e+02
    endloop
  endfacet
  facet normal 0.000000e+00 -1.000000e+00 0.000000e+00
    outer loop
      vertex   -1.975995e+01 0.000000e+00 9.799455e+02
      vertex   -1.958691e+01 0.000000e+00 9.800157e+02
      vertex   -1.684821e+01 0.000000e+00 9.915256e+02
    endloop
  endfacet
  facet normal 0.000000e+00 -1.000000e+00 -0.000000e+00
    outer loop
      vertex   -1.684821e+01 0.000000e+00 9.915256e+02
      vertex   -1.958691e+01 0.000000e+00 9.800157e+02
      vertex   -1.681291e+01 0.000000e+00 9.913406e+02
    endloop
  endfacet
  facet normal 0.000000e+00 -1.000000e+00 0.000000e+00
    outer loop
      vertex   -1.681291e+01 0.000000e+00 9.913406e+02
      vertex   -1.958691e+01 0.000000e+00 9.800157e+02
      vertex   -1.940649e+01 0.000000e+00 9.800638e+02
    endloop
  endfacet
  facet normal 0.000000e+00 -1.000000e+00 0.000000e+00
    outer loop
      vertex   -1.681291e+01 0.000000e+00 9.913406e+02
      vertex   -1.940649e+01 0.000000e+00 9.800638e+02
      vertex   -1.922150e+01 0.000000e+00 9.800891e+02
    endloop
  endfacet
  facet normal 0.000000e+00 -1.000000e+00 0.000000e+00
    outer loop
      vertex   -1.922150e+01 0.000000e+00 9.800891e+02
      vertex   -1.903478e+01 0.000000e+00 9.800913e+02
      vertex   -1.681291e+01 0.000000e+00 9.913406e+02
    endloop
  endfacet
  facet normal 0.000000e+00 -1.000000e+00 -0.000000e+00
    outer loop
      vertex   -1.681291e+01 0.000000e+00 9.913406e+02
      vertex   -1.903478e+01 0.000000e+00 9.800913e+02
      vertex   -1.675470e+01 0.000000e+00 9.911614e+02
    endloop
  endfacet
  facet normal 0.000000e+00 -1.000000e+00 0.000000e+00
    outer loop
      vertex   -1.675470e+01 0.000000e+00 9.911614e+02
      vertex   -1.903478e+01 0.000000e+00 9.800913e+02
      vertex   -1.884925e+01 0.000000e+00 9.800702e+02
    endloop
  endfacet
  facet normal 0.000000e+00 -1.000000e+00 -0.000000e+00
    outer loop
      vertex   -1.675470e+01 0.000000e+00 9.911614e+02
      vertex   -1.884925e+01 0.000000e+00 9.800702e+02
      vertex   -1.667450e+01 0.000000e+00 9.909910e+02
    endloop
  endfacet
  facet normal 0.000000e+00 -1.000000e+00 0.000000e+00
    outer loop
      vertex   -1.667450e+01 0.000000e+00 9.909910e+02
      vertex   -1.884925e+01 0.000000e+00 9.800702e+02
      vertex   -1.866777e+01 0.000000e+00 9.800263e+02
    endloop
  endfacet
  facet normal 0.000000e+00 -1.000000e+00 0.000000e+00
    outer loop
      vertex   -1.667450e+01 0.000000e+00 9.909910e+02
      vertex   -1.866777e+01 0.000000e+00 9.800263e+02
      vertex   -1.849316e+01 0.000000e+00 9.799601e+02
    endloop
  endfacet
  facet normal 0.000000e+00 -1.000000e+00 -0.000000e+00
    outer loop
      vertex   -1.667450e+01 0.000000e+00 9.909910e+02
      vertex   -1.849316e+01 0.000000e+00 9.799601e+02
      vertex   -1.657356e+01 0.000000e+00 9.908319e+02
    endloop
  endfacet
  facet normal 0.000000e+00 -1.000000e+00 0.000000e+00
    outer loop
      vertex   -1.657356e+01 0.000000e+00 9.908319e+02
      vertex   -1.849316e+01 0.000000e+00 9.799601e+02
      vertex   -1.832811e+01 0.000000e+00 9.798728e+02
    endloop
  endfacet
  facet normal 0.000000e+00 -1.000000e+00 -0.000000e+00
    outer loop
      vertex   -1.657356e+01 0.000000e+00 9.908319e+02
      vertex   -1.832811e+01 0.000000e+00 9.798728e+02
      vertex   -1.645349e+01 0.000000e+00 9.906868e+02
    endloop
  endfacet
  facet normal 0.000000e+00 -1.000000e+00 0.000000e+00
    outer loop
      vertex   -1.645349e+01 0.000000e+00 9.906868e+02
      vertex   -1.832811e+01 0.000000e+00 9.798728e+02
      vertex   -1.817520e+01 0.000000e+00 9.797656e+02
    endloop
  endfacet
  facet normal 0.000000e+00 -1.000000e+00 -0.000000e+00
    outer loop
      vertex   -1.645349e+01 0.000000e+00 9.906868e+02
      vertex   -1.817520e+01 0.000000e+00 9.797656e+02
      vertex   -1.631617e+01 0.000000e+00 9.905578e+02
    endloop
  endfacet
  facet normal 0.000000e+00 -1.000000e+00 0.000000e+00
    outer loop
      vertex   -1.631617e+01 0.000000e+00 9.905578e+02
      vertex   -1.817520e+01 0.000000e+00 9.797656e+02
      vertex   -1.803679e+01 0.000000e+00 9.796403e+02
    endloop
  endfacet
  facet normal 0.000000e+00 -1.000000e+00 -0.000000e+00
    outer loop
      vertex   -1.631617e+01 0.000000e+00 9.905578e+02
      vertex   -1.803679e+01 0.000000e+00 9.796403e+02
      vertex   -1.616378e+01 0.000000e+00 9.904471e+02
    endloop
  endfacet
  facet normal 0.000000e+00 -1.000000e+00 0.000000e+00
    outer loop
      vertex   -1.616378e+01 0.000000e+00 9.904471e+02
      vertex   -1.803679e+01 0.000000e+00 9.796403e+02
      vertex   -1.791502e+01 0.000000e+00 9.794987e+02
    endloop
  endfacet
  facet normal 0.000000e+00 -1.000000e+00 -0.000000e+00
    outer loop
      vertex   -1.616378e+01 0.000000e+00 9.904471e+02
      vertex   -1.791502e+01 0.000000e+00 9.794987e+02
      vertex   -1.599871e+01 0.000000e+00 9.903564e+02
    endloop
  endfacet
  facet normal 0.000000e+00 -1.000000e+00 0.000000e+00
    outer loop
      vertex   -1.599871e+01 0.000000e+00 9.903564e+02
      vertex   -1.791502e+01 0.000000e+00 9.794987e+02
      vertex   -1.781178e+01 0.000000e+00 9.793432e+02
    endloop
  endfacet
  facet normal 0.000000e+00 -1.000000e+00 -0.000000e+00
    outer loop
      vertex   -1.599871e+01 0.000000e+00 9.903564e+02
      vertex   -1.781178e+01 0.000000e+00 9.793432e+02
      vertex   -1.582356e+01 0.000000e+00 9.902870e+02
    endloop
  endfacet
  facet normal 0.000000e+00 -1.000000e+00 0.000000e+00
    outer loop
      vertex   -1.582356e+01 0.000000e+00 9.902870e+02
      vertex   -1.781178e+01 0.000000e+00 9.793432e+02
      vertex   -1.772867e+01 0.000000e+00 9.791759e+02
    endloop
  endfacet
  facet normal 0.000000e+00 -1.000000e+00 -0.000000e+00
    outer loop
      vertex   -1.582356e+01 0.000000e+00 9.902870e+02
      vertex   -1.772867e+01 0.000000e+00 9.791759e+02
      vertex   -1.564111e+01 0.000000e+00 9.902402e+02
    endloop
  endfacet
  facet normal 0.000000e+00 -1.000000e+00 -0.000000e+00
    outer loop
      vertex   -1.564111e+01 0.000000e+00 9.902402e+02
      vertex   -1.772867e+01 0.000000e+00 9.791759e+02
      vertex   -1.545422e+01 0.000000e+00 9.902166e+02
    endloop
  endfacet
  facet normal 0.000000e+00 -1.000000e+00 0.000000e+00
    outer loop
      vertex   -1.545422e+01 0.000000e+00 9.902166e+02
      vertex   -1.772867e+01 0.000000e+00 9.791759e+02
      vertex   -1.766698e+01 0.000000e+00 9.789997e+02
    endloop
  endfacet
  facet normal 0.000000e+00 -1.000000e+00 -0.000000e+00
    outer loop
      vertex   -1.545422e+01 0.000000e+00 9.902166e+02
      vertex   -1.766698e+01 0.000000e+00 9.789997e+02
      vertex   -1.526585e+01 0.000000e+00 9.902166e+02
    endloop
  endfacet
  facet normal 0.000000e+00 -1.000000e+00 -0.000000e+00
    outer loop
      vertex   -1.526585e+01 0.000000e+00 9.902166e+02
      vertex   -1.766698e+01 0.000000e+00 9.789997e+02
      vertex   -1.507897e+01 0.000000e+00 9.902402e+02
    endloop
  endfacet
  facet normal 0.000000e+00 -1.000000e+00 -0.000000e+00
    outer loop
      vertex   -1.507897e+01 0.000000e+00 9.902402e+02
      vertex   -1.766698e+01 0.000000e+00 9.789997e+02
      vertex   -1.160111e+01 0.000000e+00 9.800000e+02
    endloop
  endfacet
  facet normal 0.000000e+00 -1.000000e+00 0.000000e+00
    outer loop
      vertex   -1.507897e+01 0.000000e+00 9.902402e+02
      vertex   -1.160111e+01 0.000000e+00 9.800000e+02
      vertex   -1.489651e+01 0.000000e+00 9.902870e+02
    endloop
  endfacet
  facet normal 0.000000e+00 -1.000000e+00 0.000000e+00
    outer loop
      vertex   -1.489651e+01 0.000000e+00 9.902870e+02
      vertex   -1.160111e+01 0.000000e+00 9.800000e+02
      vertex   -1.472137e+01 0.000000e+00 9.903564e+02
    endloop
  endfacet
  facet normal 0.000000e+00 -1.000000e+00 0.000000e+00
    outer loop
      vertex   -1.472137e+01 0.000000e+00 9.903564e+02
      vertex   -1.160111e+01 0.000000e+00 9.800000e+02
      vertex   -1.455630e+01 0.000000e+00 9.904471e+02
    endloop
  endfacet
  facet normal 0.000000e+00 -1.000000e+00 0.000000e+00
    outer loop
      vertex   -1.455630e+01 0.000000e+00 9.904471e+02
      vertex   -1.160111e+01 0.000000e+00 9.800000e+02
      vertex   -1.440390e+01 0.000000e+00 9.905578e+02
    endloop
  endfacet
  facet normal 0.000000e+00 -1.000000e+00 0.000000e+00
    outer loop
      vertex   -1.440390e+01 0.000000e+00 9.905578e+02
      vertex   -1.160111e+01 0.000000e+00 9.800000e+02
      vertex   -1.426659e+01 0.000000e+00 9.906868e+02
    endloop
  endfacet
  facet normal 0.000000e+00 -1.000000e+00 0.000000e+00
    outer loop
      vertex   -1.426659e+01 0.000000e+00 9.906868e+02
      vertex   -1.160111e+01 0.000000e+00 9.800000e+02
      vertex   -1.414651e+01 0.000000e+00 9.908319e+02
    endloop
  endfacet
  facet normal 0.000000e+00 -1.000000e+00 0.000000e+00
    outer loop
      vertex   -1.414651e+01 0.000000e+00 9.908319e+02
      vertex   -1.160111e+01 0.000000e+00 9.800000e+02
      vertex   -1.404558e+01 0.000000e+00 9.909910e+02
    endloop
  endfacet
  facet normal 0.000000e+00 -1.000000e+00 0.000000e+00
    outer loop
      vertex   -1.404558e+01 0.000000e+00 9.909910e+02
      vertex   -1.160111e+01 0.000000e+00 9.800000e+02
      vertex   -1.396537e+01 0.000000e+00 9.911614e+02
    endloop
  endfacet
  facet normal 0.000000e+00 -1.000000e+00 0.000000e+00
    outer loop
      vertex   -1.396537e+01 0.000000e+00 9.911614e+02
      vertex   -1.160111e+01 0.000000e+00 9.800000e+02
      vertex   -1.390716e+01 0.000000e+00 9.913406e+02
    endloop
  endfacet
  facet normal 0.000000e+00 -1.000000e+00 0.000000e+00
    outer loop
      vertex   -1.390716e+01 0.000000e+00 9.913406e+02
      vertex   -1.160111e+01 0.000000e+00 9.800000e+02
      vertex   -1.387187e+01 0.000000e+00 9.915256e+02
    endloop
  endfacet
  facet normal 0.000000e+00 -1.000000e+00 0.000000e+00
    outer loop
      vertex   -1.387187e+01 0.000000e+00 9.915256e+02
      vertex   -1.160111e+01 0.000000e+00 9.800000e+02
      vertex   -1.386004e+01 0.000000e+00 9.917136e+02
    endloop
  endfacet
  facet normal 0.000000e+00 -1.000000e+00 0.000000e+00
    outer loop
      vertex   -1.386004e+01 0.000000e+00 9.917136e+02
      vertex   -1.160111e+01 0.000000e+00 9.800000e+02
      vertex   -1.160111e+01 0.000000e+00 1.001780e+03
    endloop
  endfacet
  facet normal 0.000000e+00 -1.000000e+00 0.000000e+00
    outer loop
      vertex   -1.386004e+01 0.000000e+00 9.917136e+02
      vertex   -1.160111e+01 0.000000e+00 1.001780e+03
      vertex   -1.387187e+01 0.000000e+00 9.919016e+02
    endloop
  endfacet
  facet normal 0.000000e+00 -1.000000e+00 0.000000e+00
    outer loop
      vertex   -1.387187e+01 0.000000e+00 9.919016e+02
      vertex   -1.160111e+01 0.000000e+00 1.001780e+03
      vertex   -1.390716e+01 0.000000e+00 9.920866e+02
    endloop
  endfacet
  facet normal 0.000000e+00 -1.000000e+00 0.000000e+00
    outer loop
      vertex   -1.390716e+01 0.000000e+00 9.920866e+02
      vertex   -1.160111e+01 0.000000e+00 1.001780e+03
      vertex   -1.396537e+01 0.000000e+00 9.922658e+02
    endloop
  endfacet
  facet normal 0.000000e+00 -1.000000e+00 0.000000e+00
    outer loop
      vertex   -1.396537e+01 0.000000e+00 9.922658e+02
      vertex   -1.160111e+01 0.000000e+00 1.001780e+03
      vertex   -1.404558e+01 0.000000e+00 9.924362e+02
    endloop
  endfacet
  facet normal 0.000000e+00 -1.000000e+00 0.000000e+00
    outer loop
      vertex   -1.404558e+01 0.000000e+00 9.924362e+02
      vertex   -1.160111e+01 0.000000e+00 1.001780e+03
      vertex   -1.414651e+01 0.000000e+00 9.925953e+02
    endloop
  endfacet
  facet normal 0.000000e+00 -1.000000e+00 0.000000e+00
    outer loop
      vertex   -1.414651e+01 0.000000e+00 9.925953e+02
      vertex   -1.160111e+01 0.000000e+00 1.001780e+03
      vertex   -1.426659e+01 0.000000e+00 9.927404e+02
    endloop
  endfacet
  facet normal 0.000000e+00 -1.000000e+00 0.000000e+00
    outer loop
      vertex   -1.426659e+01 0.000000e+00 9.927404e+02
      vertex   -1.160111e+01 0.000000e+00 1.001780e+03
      vertex   -1.440390e+01 0.000000e+00 9.928694e+02
    endloop
  endfacet
  facet normal 0.000000e+00 -1.000000e+00 0.000000e+00
    outer loop
      vertex   -1.440390e+01 0.000000e+00 9.928694e+02
      vertex   -1.160111e+01 0.000000e+00 1.001780e+03
      vertex   -1.455630e+01 0.000000e+00 9.929801e+02
    endloop
  endfacet
  facet normal 0.000000e+00 -1.000000e+00 0.000000e+00
    outer loop
      vertex   -1.455630e+01 0.000000e+00 9.929801e+02
      vertex   -1.160111e+01 0.000000e+00 1.001780e+03
      vertex   -1.610315e+01 0.000000e+00 1.001780e+03
    endloop
  endfacet
  facet normal 0.000000e+00 -1.000000e+00 0.000000e+00
    outer loop
      vertex   -1.455630e+01 0.000000e+00 9.929801e+02
      vertex   -1.610315e+01 0.000000e+00 1.001780e+03
      vertex   -1.472137e+01 0.000000e+00 9.930708e+02
    endloop
  endfacet
  facet normal 0.000000e+00 -1.000000e+00 0.000000e+00
    outer loop
      vertex   -1.472137e+01 0.000000e+00 9.930708e+02
      vertex   -1.610315e+01 0.000000e+00 1.001780e+03
      vertex   -1.489651e+01 0.000000e+00 9.931402e+02
    endloop
  endfacet
  facet normal 0.000000e+00 -1.000000e+00 0.000000e+00
    outer loop
      vertex   -1.489651e+01 0.000000e+00 9.931402e+02
      vertex   -1.610315e+01 0.000000e+00 1.001780e+03
      vertex   -1.507897e+01 0.000000e+00 9.931870e+02
    endloop
  endfacet
  facet normal 0.000000e+00 -1.000000e+00 0.000000e+00
    outer loop
      vertex   -1.507897e+01 0.000000e+00 9.931870e+02
      vertex   -1.610315e+01 0.000000e+00 1.001780e+03
      vertex   -1.526585e+01 0.000000e+00 9.932106e+02
    endloop
  endfacet
  facet normal 0.000000e+00 -1.000000e+00 0.000000e+00
    outer loop
      vertex   -1.526585e+01 0.000000e+00 9.932106e+02
      vertex   -1.610315e+01 0.000000e+00 1.001780e+03
      vertex   -1.545422e+01 0.000000e+00 9.932106e+02
    endloop
  endfacet
  facet normal -0.000000e+00 -1.000000e+00 0.000000e+00
    outer loop
      vertex   -1.545422e+01 0.000000e+00 9.932106e+02
      vertex   -1.610315e+01 0.000000e+00 1.001780e+03
      vertex   -1.564111e+01 0.000000e+00 9.931870e+02
    endloop
  endfacet
  facet normal -0.000000e+00 -1.000000e+00 0.000000e+00
    outer loop
      vertex   -1.564111e+01 0.000000e+00 9.931870e+02
      vertex   -1.610315e+01 0.000000e+00 1.001780e+03
      vertex   -1.582356e+01 0.000000e+00 9.931402e+02
    endloop
  endfacet
  facet normal -0.000000e+00 -1.000000e+00 0.000000e+00
    outer loop
      vertex   -1.582356e+01 0.000000e+00 9.931402e+02
      vertex   -1.610315e+01 0.000000e+00 1.001780e+03
      vertex   -1.599871e+01 0.000000e+00 9.930708e+02
    endloop
  endfacet
  facet normal -0.000000e+00 -1.000000e+00 0.000000e+00
    outer loop
      vertex   -1.599871e+01 0.000000e+00 9.930708e+02
      vertex   -1.610315e+01 0.000000e+00 1.001780e+03
      vertex   -1.616378e+01 0.000000e+00 9.929801e+02
    endloop
  endfacet
  facet normal -0.000000e+00 -1.000000e+00 0.000000e+00
    outer loop
      vertex   -1.616378e+01 0.000000e+00 9.929801e+02
      vertex   -1.610315e+01 0.000000e+00 1.001780e+03
      vertex   -1.631617e+01 0.000000e+00 9.928694e+02
    endloop
  endfacet
  facet normal -0.000000e+00 -1.000000e+00 0.000000e+00
    outer loop
      vertex   -1.631617e+01 0.000000e+00 9.928694e+02
      vertex   -1.610315e+01 0.000000e+00 1.001780e+03
      vertex   -1.645349e+01 0.000000e+00 9.927404e+02
    endloop
  endfacet
  facet normal 0.000000e+00 -1.000000e+00 0.000000e+00
    outer loop
      vertex   -1.645349e+01 0.000000e+00 9.927404e+02
      vertex   -1.610315e+01 0.000000e+00 1.001780e+03
      vertex   -1.911897e+01 0.000000e+00 1.000427e+03
    endloop
  endfacet
  facet normal -0.000000e+00 -1.000000e+00 0.000000e+00
    outer loop
      vertex   -1.645349e+01 0.000000e+00 9.927404e+02
      vertex   -1.911897e+01 0.000000e+00 1.000427e+03
      vertex   -1.657356e+01 0.000000e+00 9.925953e+02
    endloop
  endfacet
  facet normal -0.000000e+00 -1.000000e+00 0.000000e+00
    outer loop
      vertex   -1.657356e+01 0.000000e+00 9.925953e+02
      vertex   -1.911897e+01 0.000000e+00 1.000427e+03
      vertex   -1.667450e+01 0.000000e+00 9.924362e+02
    endloop
  endfacet
  facet normal -0.000000e+00 -1.000000e+00 0.000000e+00
    outer loop
      vertex   -1.667450e+01 0.000000e+00 9.924362e+02
      vertex   -1.911897e+01 0.000000e+00 1.000427e+03
      vertex   -1.675470e+01 0.000000e+00 9.922658e+02
    endloop
  endfacet
  facet normal -0.000000e+00 -1.000000e+00 0.000000e+00
    outer loop
      vertex   -1.675470e+01 0.000000e+00 9.922658e+02
      vertex   -1.911897e+01 0.000000e+00 1.000427e+03
      vertex   -1.681291e+01 0.000000e+00 9.920866e+02
    endloop
  endfacet
  facet normal -0.000000e+00 -1.000000e+00 0.000000e+00
    outer loop
      vertex   -1.681291e+01 0.000000e+00 9.920866e+02
      vertex   -1.911897e+01 0.000000e+00 1.000427e+03
      vertex   -1.684821e+01 0.000000e+00 9.919016e+02
    endloop
  endfacet
  facet normal -0.000000e+00 -1.000000e+00 0.000000e+00
    outer loop
      vertex   -1.684821e+01 0.000000e+00 9.919016e+02
      vertex   -1.911897e+01 0.000000e+00 1.000427e+03
      vertex   -1.686004e+01 0.000000e+00 9.917136e+02
    endloop
  endfacet
  facet normal 0.000000e+00 -1.000000e+00 0.000000e+00
    outer loop
      vertex   -1.766698e+01 0.000000e+00 9.789997e+02
      vertex   -1.762766e+01 0.000000e+00 9.788172e+02
      vertex   -1.160111e+01 0.000000e+00 9.800000e+02
    endloop
  endfacet
  facet normal 0.000000e+00 -1.000000e+00 0.000000e+00
    outer loop
      vertex   -1.160111e+01 0.000000e+00 9.800000e+02
      vertex   -1.762766e+01 0.000000e+00 9.788172e+02
      vertex   -1.761133e+01 0.000000e+00 9.786312e+02
    endloop
  endfacet
  facet normal 0.000000e+00 -1.000000e+00 0.000000e+00
    outer loop
      vertex   -1.160111e+01 0.000000e+00 9.800000e+02
      vertex   -1.761133e+01 0.000000e+00 9.786312e+02
      vertex   -1.761823e+01 0.000000e+00 9.784446e+02
    endloop
  endfacet
  facet normal 0.000000e+00 -1.000000e+00 -0.000000e+00
    outer loop
      vertex   -1.761823e+01 0.000000e+00 9.784446e+02
      vertex   -1.764827e+01 0.000000e+00 9.782603e+02
      vertex   -1.160111e+01 0.000000e+00 9.800000e+02
    endloop
  endfacet
  facet normal 0.000000e+00 -1.000000e+00 0.000000e+00
    outer loop
      vertex   -1.160111e+01 0.000000e+00 9.800000e+02
      vertex   -1.764827e+01 0.000000e+00 9.782603e+02
      vertex   -1.800000e+01 0.000000e+00 9.700000e+02
    endloop
  endfacet
  facet normal 0.000000e+00 -1.000000e+00 0.000000e+00
    outer loop
      vertex   -1.800000e+01 0.000000e+00 9.700000e+02
      vertex   -1.764827e+01 0.000000e+00 9.782603e+02
      vertex   -1.770097e+01 0.000000e+00 9.780811e+02
    endloop
  endfacet
  facet normal 0.000000e+00 -1.000000e+00 0.000000e+00
    outer loop
      vertex   -1.800000e+01 0.000000e+00 9.700000e+02
      vertex   -1.770097e+01 0.000000e+00 9.780811e+02
      vertex   -1.777551e+01 0.000000e+00 9.779099e+02
    endloop
  endfacet
  facet normal 0.000000e+00 -1.000000e+00 0.000000e+00
    outer loop
      vertex   -1.777551e+01 0.000000e+00 9.779099e+02
      vertex   -1.787075e+01 0.000000e+00 9.777493e+02
      vertex   -1.800000e+01 0.000000e+00 9.700000e+02
    endloop
  endfacet
  facet normal 0.000000e+00 -1.000000e+00 0.000000e+00
    outer loop
      vertex   -1.800000e+01 0.000000e+00 9.700000e+02
      vertex   -1.787075e+01 0.000000e+00 9.777493e+02
      vertex   -1.798521e+01 0.000000e+00 9.776018e+02
    endloop
  endfacet
  facet normal 0.000000e+00 -1.000000e+00 0.000000e+00
    outer loop
      vertex   -1.800000e+01 0.000000e+00 9.700000e+02
      vertex   -1.798521e+01 0.000000e+00 9.776018e+02
      vertex   -1.811710e+01 0.000000e+00 9.774696e+02
    endloop
  endfacet
  facet normal 0.000000e+00 -1.000000e+00 -0.000000e+00
    outer loop
      vertex   -1.811710e+01 0.000000e+00 9.774696e+02
      vertex   -1.826440e+01 0.000000e+00 9.773549e+02
      vertex   -1.800000e+01 0.000000e+00 9.700000e+02
    endloop
  endfacet
  facet normal 0.000000e+00 -1.000000e+00 0.000000e+00
    outer loop
      vertex   -1.800000e+01 0.000000e+00 9.700000e+02
      vertex   -1.826440e+01 0.000000e+00 9.773549e+02
      vertex   -1.842482e+01 0.000000e+00 9.772593e+02
    endloop
  endfacet
  facet normal 0.000000e+00 -1.000000e+00 0.000000e+00
    outer loop
      vertex   -1.800000e+01 0.000000e+00 9.700000e+02
      vertex   -1.842482e+01 0.000000e+00 9.772593e+02
      vertex   -1.859586e+01 0.000000e+00 9.771844e+02
    endloop
  endfacet
  facet normal 0.000000e+00 -1.000000e+00 -0.000000e+00
    outer loop
      vertex   -1.859586e+01 0.000000e+00 9.771844e+02
      vertex   -1.877489e+01 0.000000e+00 9.771313e+02
      vertex   -1.800000e+01 0.000000e+00 9.700000e+02
    endloop
  endfacet
  facet normal 0.000000e+00 -1.000000e+00 0.000000e+00
    outer loop
      vertex   -1.800000e+01 0.000000e+00 9.700000e+02
      vertex   -1.877489e+01 0.000000e+00 9.771313e+02
      vertex   -1.895912e+01 0.000000e+00 9.771009e+02
    endloop
  endfacet
  facet normal 0.000000e+00 -1.000000e+00 0.000000e+00
    outer loop
      vertex   -1.800000e+01 0.000000e+00 9.700000e+02
      vertex   -1.895912e+01 0.000000e+00 9.771009e+02
      vertex   -1.914570e+01 0.000000e+00 9.770936e+02
    endloop
  endfacet
  facet normal -0.000000e+00 -1.000000e+00 -0.000000e+00
    outer loop
      vertex   -1.914570e+01 0.000000e+00 9.770936e+02
      vertex   -1.933174e+01 0.000000e+00 9.771096e+02
      vertex   -1.800000e+01 0.000000e+00 9.700000e+02
    endloop
  endfacet
  facet normal 0.000000e+00 -1.000000e+00 0.000000e+00
    outer loop
      vertex   -1.800000e+01 0.000000e+00 9.700000e+02
      vertex   -1.933174e+01 0.000000e+00 9.771096e+02
      vertex   -1.951436e+01 0.000000e+00 9.771485e+02
    endloop
  endfacet
  facet normal 0.000000e+00 -1.000000e+00 0.000000e+00
    outer loop
      vertex   -1.800000e+01 0.000000e+00 9.700000e+02
      vertex   -2.625000e+01 0.000000e+00 9.730000e+02
      vertex   -2.867106e+01 0.000000e+00 9.700000e+02
    endloop
  endfacet
  facet normal 0.000000e+00 -1.000000e+00 0.000000e+00
    outer loop
      vertex   -2.867106e+01 0.000000e+00 9.700000e+02
      vertex   -2.625000e+01 0.000000e+00 9.730000e+02
      vertex   -3.150000e+01 0.000000e+00 9.730000e+02
    endloop
  endfacet
  facet normal 0.000000e+00 -1.000000e+00 0.000000e+00
    outer loop
      vertex   -2.867106e+01 0.000000e+00 9.700000e+02
      vertex   -3.150000e+01 0.000000e+00 9.730000e+02
      vertex   -3.150000e+01 0.000000e+00 9.710000e+02
    endloop
  endfacet
  facet normal 0.000000e+00 -1.000000e+00 0.000000e+00
    outer loop
      vertex   -3.450000e+01 0.000000e+00 9.620000e+02
      vertex   -3.165395e+01 0.000000e+00 9.610513e+02
      vertex   -3.150000e+01 0.000000e+00 9.710000e+02
    endloop
  endfacet
  facet normal 0.000000e+00 -1.000000e+00 -0.000000e+00
    outer loop
      vertex   -3.150000e+01 0.000000e+00 9.710000e+02
      vertex   -3.165395e+01 0.000000e+00 9.610513e+02
      vertex   -2.867106e+01 0.000000e+00 9.700000e+02
    endloop
  endfacet
  facet normal 0.000000e+00 -1.000000e+00 0.000000e+00
    outer loop
      vertex   -1.911897e+01 0.000000e+00 1.000427e+03
      vertex   -1.610315e+01 0.000000e+00 1.001780e+03
      vertex   -1.900000e+01 0.000000e+00 1.001000e+03
    endloop
  endfacet
  facet normal 0.000000e+00 -1.000000e+00 0.000000e+00
    outer loop
      vertex   -1.900000e+01 0.000000e+00 1.001000e+03
      vertex   -1.610315e+01 0.000000e+00 1.001780e+03
      vertex   -1.960315e+01 0.000000e+00 1.014780e+03
    endloop
  endfacet
  facet normal 0.000000e+00 -1.000000e+00 0.000000e+00
    outer loop
      vertex   -1.900000e+01 0.000000e+00 1.001000e+03
      vertex   -1.960315e+01 0.000000e+00 1.014780e+03
      vertex   -2.250000e+01 0.000000e+00 1.014000e+03
    endloop
  endfacet
  facet normal 0.000000e+00 -1.000000e+00 0.000000e+00
    outer loop
      vertex   -1.900000e+01 0.000000e+00 1.001000e+03
      vertex   -1.905164e+01 0.000000e+00 1.000862e+03
      vertex   -1.911897e+01 0.000000e+00 1.000427e+03
    endloop
  endfacet
  facet normal 0.000000e+00 -1.000000e+00 0.000000e+00
    outer loop
      vertex   -1.911897e+01 0.000000e+00 1.000427e+03
      vertex   -1.905164e+01 0.000000e+00 1.000862e+03
      vertex   -1.908891e+01 0.000000e+00 1.000720e+03
    endloop
  endfacet
  facet normal 0.000000e+00 -1.000000e+00 0.000000e+00
    outer loop
      vertex   -1.911897e+01 0.000000e+00 1.000427e+03
      vertex   -1.908891e+01 0.000000e+00 1.000720e+03
      vertex   -1.911143e+01 0.000000e+00 1.000574e+03
    endloop
  endfacet
endsolid
