solid ASCII
  facet normal 1.000000e+00 -5.923212e-07 0.000000e+00
    outer loop
      vertex   4.755000e+02 -3.000000e+00 2.210000e+02
      vertex   4.755000e+02 5.000000e+00 2.610000e+02
      vertex   4.755000e+02 -3.000000e+00 2.270000e+02
    endloop
  endfacet
  facet normal 1.000000e+00 -9.477139e-07 8.362181e-08
    outer loop
      vertex   4.755000e+02 -3.000000e+00 2.270000e+02
      vertex   4.755000e+02 5.000000e+00 2.610000e+02
      vertex   4.755000e+02 0.000000e+00 2.610000e+02
    endloop
  endfacet
  facet normal 1.000000e+00 0.000000e+00 0.000000e+00
    outer loop
      vertex   4.755000e+02 -3.000000e+00 2.270000e+02
      vertex   4.755000e+02 0.000000e+00 2.610000e+02
      vertex   4.755000e+02 -3.000000e+00 2.610000e+02
    endloop
  endfacet
  facet normal 1.000000e+00 -1.107592e-07 -9.631239e-08
    outer loop
      vertex   4.755000e+02 5.000000e+00 2.610000e+02
      vertex   4.755000e+02 -3.000000e+00 2.210000e+02
      vertex   4.755000e+02 2.500000e+01 2.380000e+02
    endloop
  endfacet
  facet normal 1.000000e+00 -1.692346e-07 0.000000e+00
    outer loop
      vertex   4.755000e+02 2.500000e+01 2.380000e+02
      vertex   4.755000e+02 -3.000000e+00 2.210000e+02
      vertex   4.755000e+02 -3.000000e+00 1.870000e+02
    endloop
  endfacet
  facet normal 1.000000e+00 -1.692346e-07 0.000000e+00
    outer loop
      vertex   4.755000e+02 2.500000e+01 2.380000e+02
      vertex   4.755000e+02 -3.000000e+00 1.870000e+02
      vertex   4.755000e+02 -3.000000e+00 1.810000e+02
    endloop
  endfacet
  facet normal 1.000000e+00 -1.692346e-07 0.000000e+00
    outer loop
      vertex   4.755000e+02 2.500000e+01 2.380000e+02
      vertex   4.755000e+02 -3.000000e+00 1.810000e+02
      vertex   4.755000e+02 2.500000e+01 1.120000e+02
    endloop
  endfacet
  facet normal 1.000000e+00 -1.692346e-07 0.000000e+00
    outer loop
      vertex   4.755000e+02 2.500000e+01 1.120000e+02
      vertex   4.755000e+02 -3.000000e+00 1.810000e+02
      vertex   4.755000e+02 -3.000000e+00 1.510000e+02
    endloop
  endfacet
  facet normal 1.000000e+00 -1.692346e-07 0.000000e+00
    outer loop
      vertex   4.755000e+02 2.500000e+01 1.120000e+02
      vertex   4.755000e+02 -3.000000e+00 1.510000e+02
      vertex   4.755000e+02 -3.000000e+00 1.450000e+02
    endloop
  endfacet
  facet normal 1.000000e+00 -1.692346e-07 0.000000e+00
    outer loop
      vertex   4.755000e+02 -3.000000e+00 1.450000e+02
      vertex   4.755000e+02 -3.000000e+00 1.430000e+02
      vertex   4.755000e+02 2.500000e+01 1.120000e+02
    endloop
  endfacet
  facet normal 1.000000e+00 -1.692346e-07 0.000000e+00
    outer loop
      vertex   4.755000e+02 2.500000e+01 1.120000e+02
      vertex   4.755000e+02 -3.000000e+00 1.430000e+02
      vertex   4.755000e+02 -3.000000e+00 1.425000e+02
    endloop
  endfacet
  facet normal 1.000000e+00 -1.692346e-07 0.000000e+00
    outer loop
      vertex   4.755000e+02 2.500000e+01 1.120000e+02
      vertex   4.755000e+02 -3.000000e+00 1.425000e+02
      vertex   4.755000e+02 -3.000000e+00 1.205000e+02
    endloop
  endfacet
  facet normal 1.000000e+00 -1.692346e-07 0.000000e+00
    outer loop
      vertex   4.755000e+02 -3.000000e+00 1.205000e+02
      vertex   4.755000e+02 -3.000000e+00 1.200000e+02
      vertex   4.755000e+02 2.500000e+01 1.120000e+02
    endloop
  endfacet
  facet normal 1.000000e+00 -1.740470e-07 -1.684326e-08
    outer loop
      vertex   4.755000e+02 2.500000e+01 1.120000e+02
      vertex   4.755000e+02 -3.000000e+00 1.200000e+02
      vertex   4.755000e+02 0.000000e+00 8.900000e+01
    endloop
  endfacet
  facet normal 1.000000e+00 -1.165372e-07 -7.935389e-08
    outer loop
      vertex   4.755000e+02 2.500000e+01 1.120000e+02
      vertex   4.755000e+02 0.000000e+00 8.900000e+01
      vertex   4.755000e+02 3.326157e+01 9.986726e+01
    endloop
  endfacet
  facet normal 1.000000e+00 -1.236286e-07 -5.764898e-08
    outer loop
      vertex   4.755000e+02 3.326157e+01 9.986726e+01
      vertex   4.755000e+02 0.000000e+00 8.900000e+01
      vertex   4.755000e+02 3.339785e+01 9.957500e+01
    endloop
  endfacet
  facet normal 1.000000e+00 -1.161342e-07 -8.131801e-08
    outer loop
      vertex   4.755000e+02 3.339785e+01 9.957500e+01
      vertex   4.755000e+02 0.000000e+00 8.900000e+01
      vertex   4.755000e+02 3.358282e+01 9.931084e+01
    endloop
  endfacet
  facet normal 1.000000e+00 -1.079557e-07 -1.079557e-07
    outer loop
      vertex   4.755000e+02 3.358282e+01 9.931084e+01
      vertex   4.755000e+02 0.000000e+00 8.900000e+01
      vertex   4.755000e+02 3.381084e+01 9.908282e+01
    endloop
  endfacet
  facet normal 1.000000e+00 -9.828895e-08 -1.403712e-07
    outer loop
      vertex   4.755000e+02 3.381084e+01 9.908282e+01
      vertex   4.755000e+02 0.000000e+00 8.900000e+01
      vertex   4.755000e+02 3.407500e+01 9.889785e+01
    endloop
  endfacet
  facet normal 1.000000e+00 -1.053015e-07 -1.162292e-07
    outer loop
      vertex   4.755000e+02 3.407500e+01 9.889785e+01
      vertex   4.755000e+02 0.000000e+00 8.900000e+01
      vertex   4.755000e+02 4.500000e+01 8.900000e+01
    endloop
  endfacet
  facet normal 1.000000e+00 0.000000e+00 0.000000e+00
    outer loop
      vertex   4.755000e+02 3.407500e+01 9.889785e+01
      vertex   4.755000e+02 4.500000e+01 8.900000e+01
      vertex   4.755000e+02 3.436726e+01 9.876157e+01
    endloop
  endfacet
  facet normal 1.000000e+00 0.000000e+00 0.000000e+00
    outer loop
      vertex   4.755000e+02 3.436726e+01 9.876157e+01
      vertex   4.755000e+02 4.500000e+01 8.900000e+01
      vertex   4.755000e+02 3.467875e+01 9.867811e+01
    endloop
  endfacet
  facet normal 1.000000e+00 0.000000e+00 0.000000e+00
    outer loop
      vertex   4.755000e+02 3.467875e+01 9.867811e+01
      vertex   4.755000e+02 4.500000e+01 8.900000e+01
      vertex   4.755000e+02 3.500000e+01 9.865000e+01
    endloop
  endfacet
  facet normal 1.000000e+00 -0.000000e+00 0.000000e+00
    outer loop
      vertex   4.755000e+02 3.500000e+01 9.865000e+01
      vertex   4.755000e+02 4.500000e+01 8.900000e+01
      vertex   4.755000e+02 3.532125e+01 9.867811e+01
    endloop
  endfacet
  facet normal 1.000000e+00 -0.000000e+00 0.000000e+00
    outer loop
      vertex   4.755000e+02 3.532125e+01 9.867811e+01
      vertex   4.755000e+02 4.500000e+01 8.900000e+01
      vertex   4.755000e+02 3.563274e+01 9.876157e+01
    endloop
  endfacet
  facet normal 1.000000e+00 -0.000000e+00 0.000000e+00
    outer loop
      vertex   4.755000e+02 3.563274e+01 9.876157e+01
      vertex   4.755000e+02 4.500000e+01 8.900000e+01
      vertex   4.755000e+02 3.592500e+01 9.889785e+01
    endloop
  endfacet
  facet normal 1.000000e+00 -0.000000e+00 0.000000e+00
    outer loop
      vertex   4.755000e+02 3.592500e+01 9.889785e+01
      vertex   4.755000e+02 4.500000e+01 8.900000e+01
      vertex   4.755000e+02 3.618916e+01 9.908282e+01
    endloop
  endfacet
  facet normal 1.000000e+00 -0.000000e+00 0.000000e+00
    outer loop
      vertex   4.755000e+02 3.618916e+01 9.908282e+01
      vertex   4.755000e+02 4.500000e+01 8.900000e+01
      vertex   4.755000e+02 3.641718e+01 9.931084e+01
    endloop
  endfacet
  facet normal 1.000000e+00 -0.000000e+00 0.000000e+00
    outer loop
      vertex   4.755000e+02 3.641718e+01 9.931084e+01
      vertex   4.755000e+02 4.500000e+01 8.900000e+01
      vertex   4.755000e+02 3.660215e+01 9.957500e+01
    endloop
  endfacet
  facet normal 1.000000e+00 -0.000000e+00 0.000000e+00
    outer loop
      vertex   4.755000e+02 3.660215e+01 9.957500e+01
      vertex   4.755000e+02 4.500000e+01 8.900000e+01
      vertex   4.755000e+02 3.673843e+01 9.986726e+01
    endloop
  endfacet
  facet normal 1.000000e+00 -0.000000e+00 0.000000e+00
    outer loop
      vertex   4.755000e+02 3.673843e+01 9.986726e+01
      vertex   4.755000e+02 4.500000e+01 8.900000e+01
      vertex   4.755000e+02 3.682189e+01 1.001788e+02
    endloop
  endfacet
  facet normal 1.000000e+00 -0.000000e+00 0.000000e+00
    outer loop
      vertex   4.755000e+02 3.682189e+01 1.001788e+02
      vertex   4.755000e+02 4.500000e+01 8.900000e+01
      vertex   4.755000e+02 3.685000e+01 1.005000e+02
    endloop
  endfacet
  facet normal 1.000000e+00 -0.000000e+00 0.000000e+00
    outer loop
      vertex   4.755000e+02 3.685000e+01 1.005000e+02
      vertex   4.755000e+02 4.500000e+01 8.900000e+01
      vertex   4.755000e+02 4.500000e+01 1.120000e+02
    endloop
  endfacet
  facet normal 1.000000e+00 0.000000e+00 -0.000000e+00
    outer loop
      vertex   4.755000e+02 3.685000e+01 1.005000e+02
      vertex   4.755000e+02 4.500000e+01 1.120000e+02
      vertex   4.755000e+02 3.682189e+01 1.008212e+02
    endloop
  endfacet
  facet normal 1.000000e+00 0.000000e+00 -0.000000e+00
    outer loop
      vertex   4.755000e+02 3.682189e+01 1.008212e+02
      vertex   4.755000e+02 4.500000e+01 1.120000e+02
      vertex   4.755000e+02 3.673843e+01 1.011327e+02
    endloop
  endfacet
  facet normal 1.000000e+00 0.000000e+00 -0.000000e+00
    outer loop
      vertex   4.755000e+02 3.673843e+01 1.011327e+02
      vertex   4.755000e+02 4.500000e+01 1.120000e+02
      vertex   4.755000e+02 3.660215e+01 1.014250e+02
    endloop
  endfacet
  facet normal 1.000000e+00 0.000000e+00 -0.000000e+00
    outer loop
      vertex   4.755000e+02 3.660215e+01 1.014250e+02
      vertex   4.755000e+02 4.500000e+01 1.120000e+02
      vertex   4.755000e+02 3.641718e+01 1.016892e+02
    endloop
  endfacet
  facet normal 1.000000e+00 0.000000e+00 -0.000000e+00
    outer loop
      vertex   4.755000e+02 3.641718e+01 1.016892e+02
      vertex   4.755000e+02 4.500000e+01 1.120000e+02
      vertex   4.755000e+02 3.618916e+01 1.019172e+02
    endloop
  endfacet
  facet normal 1.000000e+00 0.000000e+00 -0.000000e+00
    outer loop
      vertex   4.755000e+02 3.618916e+01 1.019172e+02
      vertex   4.755000e+02 4.500000e+01 1.120000e+02
      vertex   4.755000e+02 3.592500e+01 1.021021e+02
    endloop
  endfacet
  facet normal 1.000000e+00 0.000000e+00 -0.000000e+00
    outer loop
      vertex   4.755000e+02 3.592500e+01 1.021021e+02
      vertex   4.755000e+02 4.500000e+01 1.120000e+02
      vertex   4.755000e+02 3.563274e+01 1.022384e+02
    endloop
  endfacet
  facet normal 1.000000e+00 0.000000e+00 -0.000000e+00
    outer loop
      vertex   4.755000e+02 3.563274e+01 1.022384e+02
      vertex   4.755000e+02 4.500000e+01 1.120000e+02
      vertex   4.755000e+02 3.532125e+01 1.023219e+02
    endloop
  endfacet
  facet normal 1.000000e+00 0.000000e+00 -0.000000e+00
    outer loop
      vertex   4.755000e+02 3.532125e+01 1.023219e+02
      vertex   4.755000e+02 4.500000e+01 1.120000e+02
      vertex   4.755000e+02 3.500000e+01 1.023500e+02
    endloop
  endfacet
  facet normal 1.000000e+00 0.000000e+00 -0.000000e+00
    outer loop
      vertex   4.755000e+02 3.500000e+01 1.023500e+02
      vertex   4.755000e+02 4.500000e+01 1.120000e+02
      vertex   4.755000e+02 2.500000e+01 1.120000e+02
    endloop
  endfacet
  facet normal 1.000000e+00 0.000000e+00 0.000000e+00
    outer loop
      vertex   4.755000e+02 3.500000e+01 1.023500e+02
      vertex   4.755000e+02 2.500000e+01 1.120000e+02
      vertex   4.755000e+02 3.467875e+01 1.023219e+02
    endloop
  endfacet
  facet normal 1.000000e+00 0.000000e+00 0.000000e+00
    outer loop
      vertex   4.755000e+02 3.467875e+01 1.023219e+02
      vertex   4.755000e+02 2.500000e+01 1.120000e+02
      vertex   4.755000e+02 3.436726e+01 1.022384e+02
    endloop
  endfacet
  facet normal 1.000000e+00 0.000000e+00 0.000000e+00
    outer loop
      vertex   4.755000e+02 3.436726e+01 1.022384e+02
      vertex   4.755000e+02 2.500000e+01 1.120000e+02
      vertex   4.755000e+02 3.407500e+01 1.021021e+02
    endloop
  endfacet
  facet normal 1.000000e+00 0.000000e+00 0.000000e+00
    outer loop
      vertex   4.755000e+02 3.407500e+01 1.021021e+02
      vertex   4.755000e+02 2.500000e+01 1.120000e+02
      vertex   4.755000e+02 3.381084e+01 1.019172e+02
    endloop
  endfacet
  facet normal 1.000000e+00 0.000000e+00 0.000000e+00
    outer loop
      vertex   4.755000e+02 3.381084e+01 1.019172e+02
      vertex   4.755000e+02 2.500000e+01 1.120000e+02
      vertex   4.755000e+02 3.358282e+01 1.016892e+02
    endloop
  endfacet
  facet normal 1.000000e+00 0.000000e+00 0.000000e+00
    outer loop
      vertex   4.755000e+02 3.358282e+01 1.016892e+02
      vertex   4.755000e+02 2.500000e+01 1.120000e+02
      vertex   4.755000e+02 3.339785e+01 1.014250e+02
    endloop
  endfacet
  facet normal 1.000000e+00 0.000000e+00 0.000000e+00
    outer loop
      vertex   4.755000e+02 3.339785e+01 1.014250e+02
      vertex   4.755000e+02 2.500000e+01 1.120000e+02
      vertex   4.755000e+02 3.326157e+01 1.011327e+02
    endloop
  endfacet
  facet normal 1.000000e+00 0.000000e+00 0.000000e+00
    outer loop
      vertex   4.755000e+02 3.326157e+01 1.011327e+02
      vertex   4.755000e+02 2.500000e+01 1.120000e+02
      vertex   4.755000e+02 3.317811e+01 1.008212e+02
    endloop
  endfacet
  facet normal 1.000000e+00 0.000000e+00 0.000000e+00
    outer loop
      vertex   4.755000e+02 3.317811e+01 1.008212e+02
      vertex   4.755000e+02 2.500000e+01 1.120000e+02
      vertex   4.755000e+02 3.315000e+01 1.005000e+02
    endloop
  endfacet
  facet normal 1.000000e+00 0.000000e+00 0.000000e+00
    outer loop
      vertex   4.755000e+02 3.315000e+01 1.005000e+02
      vertex   4.755000e+02 2.500000e+01 1.120000e+02
      vertex   4.755000e+02 3.317811e+01 1.001788e+02
    endloop
  endfacet
  facet normal 1.000000e+00 0.000000e+00 0.000000e+00
    outer loop
      vertex   4.755000e+02 3.317811e+01 1.001788e+02
      vertex   4.755000e+02 2.500000e+01 1.120000e+02
      vertex   4.755000e+02 3.326157e+01 9.986726e+01
    endloop
  endfacet
  facet normal 1.000000e+00 0.000000e+00 0.000000e+00
    outer loop
      vertex   4.755000e+02 -3.000000e+00 1.200000e+02
      vertex   4.755000e+02 -3.000000e+00 1.180000e+02
      vertex   4.755000e+02 0.000000e+00 8.900000e+01
    endloop
  endfacet
  facet normal 1.000000e+00 0.000000e+00 0.000000e+00
    outer loop
      vertex   4.755000e+02 0.000000e+00 8.900000e+01
      vertex   4.755000e+02 -3.000000e+00 1.180000e+02
      vertex   4.755000e+02 -3.000000e+00 1.120000e+02
    endloop
  endfacet
  facet normal 1.000000e+00 0.000000e+00 0.000000e+00
    outer loop
      vertex   4.755000e+02 0.000000e+00 8.900000e+01
      vertex   4.755000e+02 -3.000000e+00 1.120000e+02
      vertex   4.755000e+02 -3.000000e+00 1.115000e+02
    endloop
  endfacet
  facet normal 1.000000e+00 0.000000e+00 0.000000e+00
    outer loop
      vertex   4.755000e+02 -3.000000e+00 1.115000e+02
      vertex   4.755000e+02 -3.000000e+00 8.950000e+01
      vertex   4.755000e+02 0.000000e+00 8.900000e+01
    endloop
  endfacet
  facet normal 1.000000e+00 0.000000e+00 0.000000e+00
    outer loop
      vertex   4.755000e+02 0.000000e+00 8.900000e+01
      vertex   4.755000e+02 -3.000000e+00 8.950000e+01
      vertex   4.755000e+02 -3.000000e+00 8.900000e+01
    endloop
  endfacet
  facet normal 1.000000e+00 0.000000e+00 0.000000e+00
    outer loop
      vertex   4.755000e+02 4.500000e+01 2.380000e+02
      vertex   4.755000e+02 3.500000e+01 2.476500e+02
      vertex   4.755000e+02 2.500000e+01 2.380000e+02
    endloop
  endfacet
  facet normal 1.000000e+00 0.000000e+00 0.000000e+00
    outer loop
      vertex   4.755000e+02 2.500000e+01 2.380000e+02
      vertex   4.755000e+02 3.500000e+01 2.476500e+02
      vertex   4.755000e+02 3.467875e+01 2.476781e+02
    endloop
  endfacet
  facet normal 1.000000e+00 0.000000e+00 0.000000e+00
    outer loop
      vertex   4.755000e+02 2.500000e+01 2.380000e+02
      vertex   4.755000e+02 3.467875e+01 2.476781e+02
      vertex   4.755000e+02 3.436726e+01 2.477616e+02
    endloop
  endfacet
  facet normal 1.000000e+00 0.000000e+00 0.000000e+00
    outer loop
      vertex   4.755000e+02 4.500000e+01 2.610000e+02
      vertex   4.755000e+02 3.685000e+01 2.495000e+02
      vertex   4.755000e+02 4.500000e+01 2.380000e+02
    endloop
  endfacet
  facet normal 1.000000e+00 0.000000e+00 0.000000e+00
    outer loop
      vertex   4.755000e+02 4.500000e+01 2.380000e+02
      vertex   4.755000e+02 3.685000e+01 2.495000e+02
      vertex   4.755000e+02 3.682189e+01 2.491788e+02
    endloop
  endfacet
  facet normal 1.000000e+00 0.000000e+00 0.000000e+00
    outer loop
      vertex   4.755000e+02 4.500000e+01 2.380000e+02
      vertex   4.755000e+02 3.682189e+01 2.491788e+02
      vertex   4.755000e+02 3.673843e+01 2.488673e+02
    endloop
  endfacet
  facet normal 1.000000e+00 -0.000000e+00 0.000000e+00
    outer loop
      vertex   4.755000e+02 2.500000e+01 2.610000e+02
      vertex   4.755000e+02 3.500000e+01 2.513500e+02
      vertex   4.755000e+02 4.500000e+01 2.610000e+02
    endloop
  endfacet
  facet normal 1.000000e+00 0.000000e+00 0.000000e+00
    outer loop
      vertex   4.755000e+02 4.500000e+01 2.610000e+02
      vertex   4.755000e+02 3.500000e+01 2.513500e+02
      vertex   4.755000e+02 3.532125e+01 2.513219e+02
    endloop
  endfacet
  facet normal 1.000000e+00 0.000000e+00 0.000000e+00
    outer loop
      vertex   4.755000e+02 4.500000e+01 2.610000e+02
      vertex   4.755000e+02 3.532125e+01 2.513219e+02
      vertex   4.755000e+02 3.563274e+01 2.512384e+02
    endloop
  endfacet
  facet normal 1.000000e+00 -0.000000e+00 0.000000e+00
    outer loop
      vertex   4.755000e+02 5.000000e+00 2.610000e+02
      vertex   4.755000e+02 2.500000e+01 2.380000e+02
      vertex   4.755000e+02 2.500000e+01 2.610000e+02
    endloop
  endfacet
  facet normal 1.000000e+00 0.000000e+00 0.000000e+00
    outer loop
      vertex   4.755000e+02 2.500000e+01 2.610000e+02
      vertex   4.755000e+02 2.500000e+01 2.380000e+02
      vertex   4.755000e+02 3.315000e+01 2.495000e+02
    endloop
  endfacet
  facet normal 1.000000e+00 0.000000e+00 0.000000e+00
    outer loop
      vertex   4.755000e+02 2.500000e+01 2.610000e+02
      vertex   4.755000e+02 3.315000e+01 2.495000e+02
      vertex   4.755000e+02 3.317811e+01 2.498213e+02
    endloop
  endfacet
  facet normal 1.000000e+00 -0.000000e+00 0.000000e+00
    outer loop
      vertex   4.755000e+02 3.563274e+01 2.512384e+02
      vertex   4.755000e+02 3.592500e+01 2.511022e+02
      vertex   4.755000e+02 4.500000e+01 2.610000e+02
    endloop
  endfacet
  facet normal 1.000000e+00 0.000000e+00 0.000000e+00
    outer loop
      vertex   4.755000e+02 4.500000e+01 2.610000e+02
      vertex   4.755000e+02 3.592500e+01 2.511022e+02
      vertex   4.755000e+02 3.618916e+01 2.509172e+02
    endloop
  endfacet
  facet normal 1.000000e+00 0.000000e+00 0.000000e+00
    outer loop
      vertex   4.755000e+02 4.500000e+01 2.610000e+02
      vertex   4.755000e+02 3.618916e+01 2.509172e+02
      vertex   4.755000e+02 3.641718e+01 2.506892e+02
    endloop
  endfacet
  facet normal 1.000000e+00 -0.000000e+00 0.000000e+00
    outer loop
      vertex   4.755000e+02 3.641718e+01 2.506892e+02
      vertex   4.755000e+02 3.660215e+01 2.504250e+02
      vertex   4.755000e+02 4.500000e+01 2.610000e+02
    endloop
  endfacet
  facet normal 1.000000e+00 0.000000e+00 0.000000e+00
    outer loop
      vertex   4.755000e+02 4.500000e+01 2.610000e+02
      vertex   4.755000e+02 3.660215e+01 2.504250e+02
      vertex   4.755000e+02 3.673843e+01 2.501327e+02
    endloop
  endfacet
  facet normal 1.000000e+00 0.000000e+00 0.000000e+00
    outer loop
      vertex   4.755000e+02 4.500000e+01 2.610000e+02
      vertex   4.755000e+02 3.673843e+01 2.501327e+02
      vertex   4.755000e+02 3.682189e+01 2.498213e+02
    endloop
  endfacet
  facet normal 1.000000e+00 -0.000000e+00 0.000000e+00
    outer loop
      vertex   4.755000e+02 3.682189e+01 2.498213e+02
      vertex   4.755000e+02 3.685000e+01 2.495000e+02
      vertex   4.755000e+02 4.500000e+01 2.610000e+02
    endloop
  endfacet
  facet normal 1.000000e+00 0.000000e+00 0.000000e+00
    outer loop
      vertex   4.755000e+02 3.673843e+01 2.488673e+02
      vertex   4.755000e+02 3.660215e+01 2.485750e+02
      vertex   4.755000e+02 4.500000e+01 2.380000e+02
    endloop
  endfacet
  facet normal 1.000000e+00 0.000000e+00 0.000000e+00
    outer loop
      vertex   4.755000e+02 4.500000e+01 2.380000e+02
      vertex   4.755000e+02 3.660215e+01 2.485750e+02
      vertex   4.755000e+02 3.641718e+01 2.483108e+02
    endloop
  endfacet
  facet normal 1.000000e+00 0.000000e+00 0.000000e+00
    outer loop
      vertex   4.755000e+02 4.500000e+01 2.380000e+02
      vertex   4.755000e+02 3.641718e+01 2.483108e+02
      vertex   4.755000e+02 3.618916e+01 2.480828e+02
    endloop
  endfacet
  facet normal 1.000000e+00 0.000000e+00 0.000000e+00
    outer loop
      vertex   4.755000e+02 3.618916e+01 2.480828e+02
      vertex   4.755000e+02 3.592500e+01 2.478979e+02
      vertex   4.755000e+02 4.500000e+01 2.380000e+02
    endloop
  endfacet
  facet normal 1.000000e+00 0.000000e+00 0.000000e+00
    outer loop
      vertex   4.755000e+02 4.500000e+01 2.380000e+02
      vertex   4.755000e+02 3.592500e+01 2.478979e+02
      vertex   4.755000e+02 3.563274e+01 2.477616e+02
    endloop
  endfacet
  facet normal 1.000000e+00 0.000000e+00 0.000000e+00
    outer loop
      vertex   4.755000e+02 4.500000e+01 2.380000e+02
      vertex   4.755000e+02 3.563274e+01 2.477616e+02
      vertex   4.755000e+02 3.532125e+01 2.476781e+02
    endloop
  endfacet
  facet normal 1.000000e+00 0.000000e+00 0.000000e+00
    outer loop
      vertex   4.755000e+02 3.532125e+01 2.476781e+02
      vertex   4.755000e+02 3.500000e+01 2.476500e+02
      vertex   4.755000e+02 4.500000e+01 2.380000e+02
    endloop
  endfacet
  facet normal 1.000000e+00 0.000000e+00 0.000000e+00
    outer loop
      vertex   4.755000e+02 3.436726e+01 2.477616e+02
      vertex   4.755000e+02 3.407500e+01 2.478979e+02
      vertex   4.755000e+02 2.500000e+01 2.380000e+02
    endloop
  endfacet
  facet normal 1.000000e+00 0.000000e+00 0.000000e+00
    outer loop
      vertex   4.755000e+02 2.500000e+01 2.380000e+02
      vertex   4.755000e+02 3.407500e+01 2.478979e+02
      vertex   4.755000e+02 3.381084e+01 2.480828e+02
    endloop
  endfacet
  facet normal 1.000000e+00 0.000000e+00 0.000000e+00
    outer loop
      vertex   4.755000e+02 2.500000e+01 2.380000e+02
      vertex   4.755000e+02 3.381084e+01 2.480828e+02
      vertex   4.755000e+02 3.358282e+01 2.483108e+02
    endloop
  endfacet
  facet normal 1.000000e+00 0.000000e+00 0.000000e+00
    outer loop
      vertex   4.755000e+02 3.358282e+01 2.483108e+02
      vertex   4.755000e+02 3.339785e+01 2.485750e+02
      vertex   4.755000e+02 2.500000e+01 2.380000e+02
    endloop
  endfacet
  facet normal 1.000000e+00 0.000000e+00 0.000000e+00
    outer loop
      vertex   4.755000e+02 2.500000e+01 2.380000e+02
      vertex   4.755000e+02 3.339785e+01 2.485750e+02
      vertex   4.755000e+02 3.326157e+01 2.488673e+02
    endloop
  endfacet
  facet normal 1.000000e+00 0.000000e+00 0.000000e+00
    outer loop
      vertex   4.755000e+02 2.500000e+01 2.380000e+02
      vertex   4.755000e+02 3.326157e+01 2.488673e+02
      vertex   4.755000e+02 3.317811e+01 2.491788e+02
    endloop
  endfacet
  facet normal 1.000000e+00 0.000000e+00 0.000000e+00
    outer loop
      vertex   4.755000e+02 3.317811e+01 2.491788e+02
      vertex   4.755000e+02 3.315000e+01 2.495000e+02
      vertex   4.755000e+02 2.500000e+01 2.380000e+02
    endloop
  endfacet
  facet normal 1.000000e+00 0.000000e+00 -0.000000e+00
    outer loop
      vertex   4.755000e+02 3.317811e+01 2.498213e+02
      vertex   4.755000e+02 3.326157e+01 2.501327e+02
      vertex   4.755000e+02 2.500000e+01 2.610000e+02
    endloop
  endfacet
  facet normal 1.000000e+00 0.000000e+00 0.000000e+00
    outer loop
      vertex   4.755000e+02 2.500000e+01 2.610000e+02
      vertex   4.755000e+02 3.326157e+01 2.501327e+02
      vertex   4.755000e+02 3.339785e+01 2.504250e+02
    endloop
  endfacet
  facet normal 1.000000e+00 0.000000e+00 0.000000e+00
    outer loop
      vertex   4.755000e+02 2.500000e+01 2.610000e+02
      vertex   4.755000e+02 3.339785e+01 2.504250e+02
      vertex   4.755000e+02 3.358282e+01 2.506892e+02
    endloop
  endfacet
  facet normal 1.000000e+00 0.000000e+00 -0.000000e+00
    outer loop
      vertex   4.755000e+02 3.358282e+01 2.506892e+02
      vertex   4.755000e+02 3.381084e+01 2.509172e+02
      vertex   4.755000e+02 2.500000e+01 2.610000e+02
    endloop
  endfacet
  facet normal 1.000000e+00 0.000000e+00 0.000000e+00
    outer loop
      vertex   4.755000e+02 2.500000e+01 2.610000e+02
      vertex   4.755000e+02 3.381084e+01 2.509172e+02
      vertex   4.755000e+02 3.407500e+01 2.511022e+02
    endloop
  endfacet
  facet normal 1.000000e+00 0.000000e+00 0.000000e+00
    outer loop
      vertex   4.755000e+02 2.500000e+01 2.610000e+02
      vertex   4.755000e+02 3.407500e+01 2.511022e+02
      vertex   4.755000e+02 3.436726e+01 2.512384e+02
    endloop
  endfacet
  facet normal 1.000000e+00 0.000000e+00 -0.000000e+00
    outer loop
      vertex   4.755000e+02 3.436726e+01 2.512384e+02
      vertex   4.755000e+02 3.467875e+01 2.513219e+02
      vertex   4.755000e+02 2.500000e+01 2.610000e+02
    endloop
  endfacet
  facet normal 1.000000e+00 0.000000e+00 0.000000e+00
    outer loop
      vertex   4.755000e+02 2.500000e+01 2.610000e+02
      vertex   4.755000e+02 3.467875e+01 2.513219e+02
      vertex   4.755000e+02 3.500000e+01 2.513500e+02
    endloop
  endfacet
  facet normal 0.000000e+00 8.715574e-02 -9.961947e-01
    outer loop
      vertex   4.755000e+02 3.467875e+01 1.023219e+02
      vertex   4.690000e+02 3.467875e+01 1.023219e+02
      vertex   4.755000e+02 3.500000e+01 1.023500e+02
    endloop
  endfacet
  facet normal 0.000000e+00 8.715574e-02 -9.961947e-01
    outer loop
      vertex   4.755000e+02 3.500000e+01 1.023500e+02
      vertex   4.690000e+02 3.467875e+01 1.023219e+02
      vertex   4.690000e+02 3.500000e+01 1.023500e+02
    endloop
  endfacet
  facet normal -0.000000e+00 -8.715574e-02 -9.961947e-01
    outer loop
      vertex   4.755000e+02 3.500000e+01 1.023500e+02
      vertex   4.690000e+02 3.500000e+01 1.023500e+02
      vertex   4.755000e+02 3.532125e+01 1.023219e+02
    endloop
  endfacet
  facet normal -0.000000e+00 -8.715574e-02 -9.961947e-01
    outer loop
      vertex   4.755000e+02 3.532125e+01 1.023219e+02
      vertex   4.690000e+02 3.500000e+01 1.023500e+02
      vertex   4.690000e+02 3.532125e+01 1.023219e+02
    endloop
  endfacet
  facet normal -0.000000e+00 -2.588190e-01 -9.659258e-01
    outer loop
      vertex   4.755000e+02 3.532125e+01 1.023219e+02
      vertex   4.690000e+02 3.532125e+01 1.023219e+02
      vertex   4.755000e+02 3.563274e+01 1.022384e+02
    endloop
  endfacet
  facet normal -2.829261e-16 -2.588190e-01 -9.659258e-01
    outer loop
      vertex   4.755000e+02 3.563274e+01 1.022384e+02
      vertex   4.690000e+02 3.532125e+01 1.023219e+02
      vertex   4.690000e+02 3.563274e+01 1.022384e+02
    endloop
  endfacet
  facet normal -4.619821e-16 -4.226183e-01 -9.063078e-01
    outer loop
      vertex   4.755000e+02 3.563274e+01 1.022384e+02
      vertex   4.690000e+02 3.563274e+01 1.022384e+02
      vertex   4.755000e+02 3.592500e+01 1.021021e+02
    endloop
  endfacet
  facet normal -0.000000e+00 -4.226183e-01 -9.063078e-01
    outer loop
      vertex   4.755000e+02 3.592500e+01 1.021021e+02
      vertex   4.690000e+02 3.563274e+01 1.022384e+02
      vertex   4.690000e+02 3.592500e+01 1.021021e+02
    endloop
  endfacet
  facet normal -0.000000e+00 -5.735764e-01 -8.191520e-01
    outer loop
      vertex   4.755000e+02 3.592500e+01 1.021021e+02
      vertex   4.690000e+02 3.592500e+01 1.021021e+02
      vertex   4.755000e+02 3.618916e+01 1.019172e+02
    endloop
  endfacet
  facet normal -0.000000e+00 -5.735764e-01 -8.191520e-01
    outer loop
      vertex   4.755000e+02 3.618916e+01 1.019172e+02
      vertex   4.690000e+02 3.592500e+01 1.021021e+02
      vertex   4.690000e+02 3.618916e+01 1.019172e+02
    endloop
  endfacet
  facet normal -0.000000e+00 -7.071068e-01 -7.071068e-01
    outer loop
      vertex   4.755000e+02 3.618916e+01 1.019172e+02
      vertex   4.690000e+02 3.618916e+01 1.019172e+02
      vertex   4.755000e+02 3.641718e+01 1.016892e+02
    endloop
  endfacet
  facet normal -0.000000e+00 -7.071068e-01 -7.071068e-01
    outer loop
      vertex   4.755000e+02 3.641718e+01 1.016892e+02
      vertex   4.690000e+02 3.618916e+01 1.019172e+02
      vertex   4.690000e+02 3.641718e+01 1.016892e+02
    endloop
  endfacet
  facet normal -0.000000e+00 -8.191520e-01 -5.735764e-01
    outer loop
      vertex   4.755000e+02 3.641718e+01 1.016892e+02
      vertex   4.690000e+02 3.641718e+01 1.016892e+02
      vertex   4.755000e+02 3.660215e+01 1.014250e+02
    endloop
  endfacet
  facet normal -0.000000e+00 -8.191520e-01 -5.735764e-01
    outer loop
      vertex   4.755000e+02 3.660215e+01 1.014250e+02
      vertex   4.690000e+02 3.641718e+01 1.016892e+02
      vertex   4.690000e+02 3.660215e+01 1.014250e+02
    endloop
  endfacet
  facet normal -0.000000e+00 -9.063078e-01 -4.226183e-01
    outer loop
      vertex   4.755000e+02 3.660215e+01 1.014250e+02
      vertex   4.690000e+02 3.660215e+01 1.014250e+02
      vertex   4.755000e+02 3.673843e+01 1.011327e+02
    endloop
  endfacet
  facet normal -0.000000e+00 -9.063078e-01 -4.226183e-01
    outer loop
      vertex   4.755000e+02 3.673843e+01 1.011327e+02
      vertex   4.690000e+02 3.660215e+01 1.014250e+02
      vertex   4.690000e+02 3.673843e+01 1.011327e+02
    endloop
  endfacet
  facet normal -0.000000e+00 -9.659258e-01 -2.588190e-01
    outer loop
      vertex   4.755000e+02 3.673843e+01 1.011327e+02
      vertex   4.690000e+02 3.673843e+01 1.011327e+02
      vertex   4.755000e+02 3.682189e+01 1.008212e+02
    endloop
  endfacet
  facet normal -0.000000e+00 -9.659258e-01 -2.588190e-01
    outer loop
      vertex   4.755000e+02 3.682189e+01 1.008212e+02
      vertex   4.690000e+02 3.673843e+01 1.011327e+02
      vertex   4.690000e+02 3.682189e+01 1.008212e+02
    endloop
  endfacet
  facet normal -0.000000e+00 -9.961947e-01 -8.715574e-02
    outer loop
      vertex   4.755000e+02 3.682189e+01 1.008212e+02
      vertex   4.690000e+02 3.682189e+01 1.008212e+02
      vertex   4.755000e+02 3.685000e+01 1.005000e+02
    endloop
  endfacet
  facet normal -0.000000e+00 -9.961947e-01 -8.715574e-02
    outer loop
      vertex   4.755000e+02 3.685000e+01 1.005000e+02
      vertex   4.690000e+02 3.682189e+01 1.008212e+02
      vertex   4.690000e+02 3.685000e+01 1.005000e+02
    endloop
  endfacet
  facet normal 0.000000e+00 -9.961947e-01 8.715574e-02
    outer loop
      vertex   4.755000e+02 3.685000e+01 1.005000e+02
      vertex   4.690000e+02 3.685000e+01 1.005000e+02
      vertex   4.755000e+02 3.682189e+01 1.001788e+02
    endloop
  endfacet
  facet normal 0.000000e+00 -9.961947e-01 8.715574e-02
    outer loop
      vertex   4.755000e+02 3.682189e+01 1.001788e+02
      vertex   4.690000e+02 3.685000e+01 1.005000e+02
      vertex   4.690000e+02 3.682189e+01 1.001788e+02
    endloop
  endfacet
  facet normal 0.000000e+00 -9.659258e-01 2.588190e-01
    outer loop
      vertex   4.755000e+02 3.682189e+01 1.001788e+02
      vertex   4.690000e+02 3.682189e+01 1.001788e+02
      vertex   4.755000e+02 3.673843e+01 9.986726e+01
    endloop
  endfacet
  facet normal 0.000000e+00 -9.659258e-01 2.588190e-01
    outer loop
      vertex   4.755000e+02 3.673843e+01 9.986726e+01
      vertex   4.690000e+02 3.682189e+01 1.001788e+02
      vertex   4.690000e+02 3.673843e+01 9.986726e+01
    endloop
  endfacet
  facet normal 0.000000e+00 -9.063078e-01 4.226183e-01
    outer loop
      vertex   4.755000e+02 3.673843e+01 9.986726e+01
      vertex   4.690000e+02 3.673843e+01 9.986726e+01
      vertex   4.755000e+02 3.660215e+01 9.957500e+01
    endloop
  endfacet
  facet normal 0.000000e+00 -9.063078e-01 4.226183e-01
    outer loop
      vertex   4.755000e+02 3.660215e+01 9.957500e+01
      vertex   4.690000e+02 3.673843e+01 9.986726e+01
      vertex   4.690000e+02 3.660215e+01 9.957500e+01
    endloop
  endfacet
  facet normal 0.000000e+00 -8.191520e-01 5.735764e-01
    outer loop
      vertex   4.755000e+02 3.660215e+01 9.957500e+01
      vertex   4.690000e+02 3.660215e+01 9.957500e+01
      vertex   4.755000e+02 3.641718e+01 9.931084e+01
    endloop
  endfacet
  facet normal 0.000000e+00 -8.191520e-01 5.735764e-01
    outer loop
      vertex   4.755000e+02 3.641718e+01 9.931084e+01
      vertex   4.690000e+02 3.660215e+01 9.957500e+01
      vertex   4.690000e+02 3.641718e+01 9.931084e+01
    endloop
  endfacet
  facet normal 0.000000e+00 -7.071068e-01 7.071068e-01
    outer loop
      vertex   4.755000e+02 3.641718e+01 9.931084e+01
      vertex   4.690000e+02 3.641718e+01 9.931084e+01
      vertex   4.755000e+02 3.618916e+01 9.908282e+01
    endloop
  endfacet
  facet normal 0.000000e+00 -7.071068e-01 7.071068e-01
    outer loop
      vertex   4.755000e+02 3.618916e+01 9.908282e+01
      vertex   4.690000e+02 3.641718e+01 9.931084e+01
      vertex   4.690000e+02 3.618916e+01 9.908282e+01
    endloop
  endfacet
  facet normal 0.000000e+00 -5.735764e-01 8.191520e-01
    outer loop
      vertex   4.755000e+02 3.618916e+01 9.908282e+01
      vertex   4.690000e+02 3.618916e+01 9.908282e+01
      vertex   4.755000e+02 3.592500e+01 9.889785e+01
    endloop
  endfacet
  facet normal 0.000000e+00 -5.735764e-01 8.191520e-01
    outer loop
      vertex   4.755000e+02 3.592500e+01 9.889785e+01
      vertex   4.690000e+02 3.618916e+01 9.908282e+01
      vertex   4.690000e+02 3.592500e+01 9.889785e+01
    endloop
  endfacet
  facet normal 0.000000e+00 -4.226183e-01 9.063078e-01
    outer loop
      vertex   4.755000e+02 3.592500e+01 9.889785e+01
      vertex   4.690000e+02 3.592500e+01 9.889785e+01
      vertex   4.755000e+02 3.563274e+01 9.876157e+01
    endloop
  endfacet
  facet normal 0.000000e+00 -4.226183e-01 9.063078e-01
    outer loop
      vertex   4.755000e+02 3.563274e+01 9.876157e+01
      vertex   4.690000e+02 3.592500e+01 9.889785e+01
      vertex   4.690000e+02 3.563274e+01 9.876157e+01
    endloop
  endfacet
  facet normal 0.000000e+00 -2.588190e-01 9.659258e-01
    outer loop
      vertex   4.755000e+02 3.563274e+01 9.876157e+01
      vertex   4.690000e+02 3.563274e+01 9.876157e+01
      vertex   4.755000e+02 3.532125e+01 9.867811e+01
    endloop
  endfacet
  facet normal 0.000000e+00 -2.588190e-01 9.659258e-01
    outer loop
      vertex   4.755000e+02 3.532125e+01 9.867811e+01
      vertex   4.690000e+02 3.563274e+01 9.876157e+01
      vertex   4.690000e+02 3.532125e+01 9.867811e+01
    endloop
  endfacet
  facet normal 0.000000e+00 -8.715574e-02 9.961947e-01
    outer loop
      vertex   4.755000e+02 3.532125e+01 9.867811e+01
      vertex   4.690000e+02 3.532125e+01 9.867811e+01
      vertex   4.755000e+02 3.500000e+01 9.865000e+01
    endloop
  endfacet
  facet normal 0.000000e+00 -8.715574e-02 9.961947e-01
    outer loop
      vertex   4.755000e+02 3.500000e+01 9.865000e+01
      vertex   4.690000e+02 3.532125e+01 9.867811e+01
      vertex   4.690000e+02 3.500000e+01 9.865000e+01
    endloop
  endfacet
  facet normal 0.000000e+00 8.715574e-02 9.961947e-01
    outer loop
      vertex   4.755000e+02 3.500000e+01 9.865000e+01
      vertex   4.690000e+02 3.500000e+01 9.865000e+01
      vertex   4.755000e+02 3.467875e+01 9.867811e+01
    endloop
  endfacet
  facet normal 0.000000e+00 8.715574e-02 9.961947e-01
    outer loop
      vertex   4.755000e+02 3.467875e+01 9.867811e+01
      vertex   4.690000e+02 3.500000e+01 9.865000e+01
      vertex   4.690000e+02 3.467875e+01 9.867811e+01
    endloop
  endfacet
  facet normal 0.000000e+00 2.588190e-01 9.659258e-01
    outer loop
      vertex   4.755000e+02 3.467875e+01 9.867811e+01
      vertex   4.690000e+02 3.467875e+01 9.867811e+01
      vertex   4.755000e+02 3.436726e+01 9.876157e+01
    endloop
  endfacet
  facet normal 0.000000e+00 2.588190e-01 9.659258e-01
    outer loop
      vertex   4.755000e+02 3.436726e+01 9.876157e+01
      vertex   4.690000e+02 3.467875e+01 9.867811e+01
      vertex   4.690000e+02 3.436726e+01 9.876157e+01
    endloop
  endfacet
  facet normal 0.000000e+00 4.226183e-01 9.063078e-01
    outer loop
      vertex   4.755000e+02 3.436726e+01 9.876157e+01
      vertex   4.690000e+02 3.436726e+01 9.876157e+01
      vertex   4.755000e+02 3.407500e+01 9.889785e+01
    endloop
  endfacet
  facet normal 0.000000e+00 4.226183e-01 9.063078e-01
    outer loop
      vertex   4.755000e+02 3.407500e+01 9.889785e+01
      vertex   4.690000e+02 3.436726e+01 9.876157e+01
      vertex   4.690000e+02 3.407500e+01 9.889785e+01
    endloop
  endfacet
  facet normal 0.000000e+00 5.735764e-01 8.191520e-01
    outer loop
      vertex   4.755000e+02 3.407500e+01 9.889785e+01
      vertex   4.690000e+02 3.407500e+01 9.889785e+01
      vertex   4.755000e+02 3.381084e+01 9.908282e+01
    endloop
  endfacet
  facet normal 0.000000e+00 5.735764e-01 8.191520e-01
    outer loop
      vertex   4.755000e+02 3.381084e+01 9.908282e+01
      vertex   4.690000e+02 3.407500e+01 9.889785e+01
      vertex   4.690000e+02 3.381084e+01 9.908282e+01
    endloop
  endfacet
  facet normal 0.000000e+00 7.071068e-01 7.071068e-01
    outer loop
      vertex   4.755000e+02 3.381084e+01 9.908282e+01
      vertex   4.690000e+02 3.381084e+01 9.908282e+01
      vertex   4.755000e+02 3.358282e+01 9.931084e+01
    endloop
  endfacet
  facet normal 0.000000e+00 7.071068e-01 7.071068e-01
    outer loop
      vertex   4.755000e+02 3.358282e+01 9.931084e+01
      vertex   4.690000e+02 3.381084e+01 9.908282e+01
      vertex   4.690000e+02 3.358282e+01 9.931084e+01
    endloop
  endfacet
  facet normal 0.000000e+00 8.191520e-01 5.735764e-01
    outer loop
      vertex   4.755000e+02 3.358282e+01 9.931084e+01
      vertex   4.690000e+02 3.358282e+01 9.931084e+01
      vertex   4.755000e+02 3.339785e+01 9.957500e+01
    endloop
  endfacet
  facet normal 0.000000e+00 8.191520e-01 5.735764e-01
    outer loop
      vertex   4.755000e+02 3.339785e+01 9.957500e+01
      vertex   4.690000e+02 3.358282e+01 9.931084e+01
      vertex   4.690000e+02 3.339785e+01 9.957500e+01
    endloop
  endfacet
  facet normal 0.000000e+00 9.063078e-01 4.226183e-01
    outer loop
      vertex   4.755000e+02 3.339785e+01 9.957500e+01
      vertex   4.690000e+02 3.339785e+01 9.957500e+01
      vertex   4.755000e+02 3.326157e+01 9.986726e+01
    endloop
  endfacet
  facet normal 0.000000e+00 9.063078e-01 4.226183e-01
    outer loop
      vertex   4.755000e+02 3.326157e+01 9.986726e+01
      vertex   4.690000e+02 3.339785e+01 9.957500e+01
      vertex   4.690000e+02 3.326157e+01 9.986726e+01
    endloop
  endfacet
  facet normal 0.000000e+00 9.659258e-01 2.588190e-01
    outer loop
      vertex   4.755000e+02 3.326157e+01 9.986726e+01
      vertex   4.690000e+02 3.326157e+01 9.986726e+01
      vertex   4.755000e+02 3.317811e+01 1.001788e+02
    endloop
  endfacet
  facet normal 0.000000e+00 9.659258e-01 2.588190e-01
    outer loop
      vertex   4.755000e+02 3.317811e+01 1.001788e+02
      vertex   4.690000e+02 3.326157e+01 9.986726e+01
      vertex   4.690000e+02 3.317811e+01 1.001788e+02
    endloop
  endfacet
  facet normal 0.000000e+00 9.961947e-01 8.715574e-02
    outer loop
      vertex   4.755000e+02 3.317811e+01 1.001788e+02
      vertex   4.690000e+02 3.317811e+01 1.001788e+02
      vertex   4.755000e+02 3.315000e+01 1.005000e+02
    endloop
  endfacet
  facet normal 0.000000e+00 9.961947e-01 8.715574e-02
    outer loop
      vertex   4.755000e+02 3.315000e+01 1.005000e+02
      vertex   4.690000e+02 3.317811e+01 1.001788e+02
      vertex   4.690000e+02 3.315000e+01 1.005000e+02
    endloop
  endfacet
  facet normal 0.000000e+00 9.961947e-01 -8.715574e-02
    outer loop
      vertex   4.755000e+02 3.315000e+01 1.005000e+02
      vertex   4.690000e+02 3.315000e+01 1.005000e+02
      vertex   4.755000e+02 3.317811e+01 1.008212e+02
    endloop
  endfacet
  facet normal 0.000000e+00 9.961947e-01 -8.715574e-02
    outer loop
      vertex   4.755000e+02 3.317811e+01 1.008212e+02
      vertex   4.690000e+02 3.315000e+01 1.005000e+02
      vertex   4.690000e+02 3.317811e+01 1.008212e+02
    endloop
  endfacet
  facet normal 0.000000e+00 9.659258e-01 -2.588190e-01
    outer loop
      vertex   4.755000e+02 3.317811e+01 1.008212e+02
      vertex   4.690000e+02 3.317811e+01 1.008212e+02
      vertex   4.755000e+02 3.326157e+01 1.011327e+02
    endloop
  endfacet
  facet normal 0.000000e+00 9.659258e-01 -2.588190e-01
    outer loop
      vertex   4.755000e+02 3.326157e+01 1.011327e+02
      vertex   4.690000e+02 3.317811e+01 1.008212e+02
      vertex   4.690000e+02 3.326157e+01 1.011327e+02
    endloop
  endfacet
  facet normal 0.000000e+00 9.063078e-01 -4.226183e-01
    outer loop
      vertex   4.755000e+02 3.326157e+01 1.011327e+02
      vertex   4.690000e+02 3.326157e+01 1.011327e+02
      vertex   4.755000e+02 3.339785e+01 1.014250e+02
    endloop
  endfacet
  facet normal 0.000000e+00 9.063078e-01 -4.226183e-01
    outer loop
      vertex   4.755000e+02 3.339785e+01 1.014250e+02
      vertex   4.690000e+02 3.326157e+01 1.011327e+02
      vertex   4.690000e+02 3.339785e+01 1.014250e+02
    endloop
  endfacet
  facet normal 0.000000e+00 8.191520e-01 -5.735764e-01
    outer loop
      vertex   4.755000e+02 3.339785e+01 1.014250e+02
      vertex   4.690000e+02 3.339785e+01 1.014250e+02
      vertex   4.755000e+02 3.358282e+01 1.016892e+02
    endloop
  endfacet
  facet normal 0.000000e+00 8.191520e-01 -5.735764e-01
    outer loop
      vertex   4.755000e+02 3.358282e+01 1.016892e+02
      vertex   4.690000e+02 3.339785e+01 1.014250e+02
      vertex   4.690000e+02 3.358282e+01 1.016892e+02
    endloop
  endfacet
  facet normal 0.000000e+00 7.071068e-01 -7.071068e-01
    outer loop
      vertex   4.755000e+02 3.358282e+01 1.016892e+02
      vertex   4.690000e+02 3.358282e+01 1.016892e+02
      vertex   4.755000e+02 3.381084e+01 1.019172e+02
    endloop
  endfacet
  facet normal 0.000000e+00 7.071068e-01 -7.071068e-01
    outer loop
      vertex   4.755000e+02 3.381084e+01 1.019172e+02
      vertex   4.690000e+02 3.358282e+01 1.016892e+02
      vertex   4.690000e+02 3.381084e+01 1.019172e+02
    endloop
  endfacet
  facet normal 0.000000e+00 5.735764e-01 -8.191520e-01
    outer loop
      vertex   4.755000e+02 3.381084e+01 1.019172e+02
      vertex   4.690000e+02 3.381084e+01 1.019172e+02
      vertex   4.755000e+02 3.407500e+01 1.021021e+02
    endloop
  endfacet
  facet normal 0.000000e+00 5.735764e-01 -8.191520e-01
    outer loop
      vertex   4.755000e+02 3.407500e+01 1.021021e+02
      vertex   4.690000e+02 3.381084e+01 1.019172e+02
      vertex   4.690000e+02 3.407500e+01 1.021021e+02
    endloop
  endfacet
  facet normal 0.000000e+00 4.226183e-01 -9.063078e-01
    outer loop
      vertex   4.755000e+02 3.407500e+01 1.021021e+02
      vertex   4.690000e+02 3.407500e+01 1.021021e+02
      vertex   4.755000e+02 3.436726e+01 1.022384e+02
    endloop
  endfacet
  facet normal 4.619821e-16 4.226183e-01 -9.063078e-01
    outer loop
      vertex   4.755000e+02 3.436726e+01 1.022384e+02
      vertex   4.690000e+02 3.407500e+01 1.021021e+02
      vertex   4.690000e+02 3.436726e+01 1.022384e+02
    endloop
  endfacet
  facet normal 2.829261e-16 2.588190e-01 -9.659258e-01
    outer loop
      vertex   4.755000e+02 3.436726e+01 1.022384e+02
      vertex   4.690000e+02 3.436726e+01 1.022384e+02
      vertex   4.755000e+02 3.467875e+01 1.023219e+02
    endloop
  endfacet
  facet normal 0.000000e+00 2.588190e-01 -9.659258e-01
    outer loop
      vertex   4.755000e+02 3.467875e+01 1.023219e+02
      vertex   4.690000e+02 3.436726e+01 1.022384e+02
      vertex   4.690000e+02 3.467875e+01 1.023219e+02
    endloop
  endfacet
  facet normal 0.000000e+00 8.715574e-02 -9.961947e-01
    outer loop
      vertex   4.755000e+02 3.467875e+01 2.513219e+02
      vertex   4.690000e+02 3.467875e+01 2.513219e+02
      vertex   4.755000e+02 3.500000e+01 2.513500e+02
    endloop
  endfacet
  facet normal 0.000000e+00 8.715574e-02 -9.961947e-01
    outer loop
      vertex   4.755000e+02 3.500000e+01 2.513500e+02
      vertex   4.690000e+02 3.467875e+01 2.513219e+02
      vertex   4.690000e+02 3.500000e+01 2.513500e+02
    endloop
  endfacet
  facet normal -0.000000e+00 -8.715574e-02 -9.961947e-01
    outer loop
      vertex   4.755000e+02 3.500000e+01 2.513500e+02
      vertex   4.690000e+02 3.500000e+01 2.513500e+02
      vertex   4.755000e+02 3.532125e+01 2.513219e+02
    endloop
  endfacet
  facet normal -0.000000e+00 -8.715574e-02 -9.961947e-01
    outer loop
      vertex   4.755000e+02 3.532125e+01 2.513219e+02
      vertex   4.690000e+02 3.500000e+01 2.513500e+02
      vertex   4.690000e+02 3.532125e+01 2.513219e+02
    endloop
  endfacet
  facet normal -0.000000e+00 -2.588190e-01 -9.659258e-01
    outer loop
      vertex   4.755000e+02 3.532125e+01 2.513219e+02
      vertex   4.690000e+02 3.532125e+01 2.513219e+02
      vertex   4.755000e+02 3.563274e+01 2.512384e+02
    endloop
  endfacet
  facet normal -2.829261e-16 -2.588190e-01 -9.659258e-01
    outer loop
      vertex   4.755000e+02 3.563274e+01 2.512384e+02
      vertex   4.690000e+02 3.532125e+01 2.513219e+02
      vertex   4.690000e+02 3.563274e+01 2.512384e+02
    endloop
  endfacet
  facet normal -4.619821e-16 -4.226183e-01 -9.063078e-01
    outer loop
      vertex   4.755000e+02 3.563274e+01 2.512384e+02
      vertex   4.690000e+02 3.563274e+01 2.512384e+02
      vertex   4.755000e+02 3.592500e+01 2.511022e+02
    endloop
  endfacet
  facet normal -0.000000e+00 -4.226183e-01 -9.063078e-01
    outer loop
      vertex   4.755000e+02 3.592500e+01 2.511022e+02
      vertex   4.690000e+02 3.563274e+01 2.512384e+02
      vertex   4.690000e+02 3.592500e+01 2.511022e+02
    endloop
  endfacet
  facet normal -0.000000e+00 -5.735764e-01 -8.191520e-01
    outer loop
      vertex   4.755000e+02 3.592500e+01 2.511022e+02
      vertex   4.690000e+02 3.592500e+01 2.511022e+02
      vertex   4.755000e+02 3.618916e+01 2.509172e+02
    endloop
  endfacet
  facet normal -0.000000e+00 -5.735764e-01 -8.191520e-01
    outer loop
      vertex   4.755000e+02 3.618916e+01 2.509172e+02
      vertex   4.690000e+02 3.592500e+01 2.511022e+02
      vertex   4.690000e+02 3.618916e+01 2.509172e+02
    endloop
  endfacet
  facet normal -0.000000e+00 -7.071068e-01 -7.071068e-01
    outer loop
      vertex   4.755000e+02 3.618916e+01 2.509172e+02
      vertex   4.690000e+02 3.618916e+01 2.509172e+02
      vertex   4.755000e+02 3.641718e+01 2.506892e+02
    endloop
  endfacet
  facet normal -0.000000e+00 -7.071068e-01 -7.071068e-01
    outer loop
      vertex   4.755000e+02 3.641718e+01 2.506892e+02
      vertex   4.690000e+02 3.618916e+01 2.509172e+02
      vertex   4.690000e+02 3.641718e+01 2.506892e+02
    endloop
  endfacet
  facet normal -0.000000e+00 -8.191520e-01 -5.735764e-01
    outer loop
      vertex   4.755000e+02 3.641718e+01 2.506892e+02
      vertex   4.690000e+02 3.641718e+01 2.506892e+02
      vertex   4.755000e+02 3.660215e+01 2.504250e+02
    endloop
  endfacet
  facet normal -0.000000e+00 -8.191520e-01 -5.735764e-01
    outer loop
      vertex   4.755000e+02 3.660215e+01 2.504250e+02
      vertex   4.690000e+02 3.641718e+01 2.506892e+02
      vertex   4.690000e+02 3.660215e+01 2.504250e+02
    endloop
  endfacet
  facet normal -0.000000e+00 -9.063078e-01 -4.226183e-01
    outer loop
      vertex   4.755000e+02 3.660215e+01 2.504250e+02
      vertex   4.690000e+02 3.660215e+01 2.504250e+02
      vertex   4.755000e+02 3.673843e+01 2.501327e+02
    endloop
  endfacet
  facet normal -0.000000e+00 -9.063078e-01 -4.226183e-01
    outer loop
      vertex   4.755000e+02 3.673843e+01 2.501327e+02
      vertex   4.690000e+02 3.660215e+01 2.504250e+02
      vertex   4.690000e+02 3.673843e+01 2.501327e+02
    endloop
  endfacet
  facet normal -0.000000e+00 -9.659258e-01 -2.588190e-01
    outer loop
      vertex   4.755000e+02 3.673843e+01 2.501327e+02
      vertex   4.690000e+02 3.673843e+01 2.501327e+02
      vertex   4.755000e+02 3.682189e+01 2.498213e+02
    endloop
  endfacet
  facet normal -0.000000e+00 -9.659258e-01 -2.588190e-01
    outer loop
      vertex   4.755000e+02 3.682189e+01 2.498213e+02
      vertex   4.690000e+02 3.673843e+01 2.501327e+02
      vertex   4.690000e+02 3.682189e+01 2.498213e+02
    endloop
  endfacet
  facet normal -0.000000e+00 -9.961947e-01 -8.715574e-02
    outer loop
      vertex   4.755000e+02 3.682189e+01 2.498213e+02
      vertex   4.690000e+02 3.682189e+01 2.498213e+02
      vertex   4.755000e+02 3.685000e+01 2.495000e+02
    endloop
  endfacet
  facet normal -0.000000e+00 -9.961947e-01 -8.715574e-02
    outer loop
      vertex   4.755000e+02 3.685000e+01 2.495000e+02
      vertex   4.690000e+02 3.682189e+01 2.498213e+02
      vertex   4.690000e+02 3.685000e+01 2.495000e+02
    endloop
  endfacet
  facet normal 0.000000e+00 -9.961947e-01 8.715574e-02
    outer loop
      vertex   4.755000e+02 3.685000e+01 2.495000e+02
      vertex   4.690000e+02 3.685000e+01 2.495000e+02
      vertex   4.755000e+02 3.682189e+01 2.491788e+02
    endloop
  endfacet
  facet normal 0.000000e+00 -9.961947e-01 8.715574e-02
    outer loop
      vertex   4.755000e+02 3.682189e+01 2.491788e+02
      vertex   4.690000e+02 3.685000e+01 2.495000e+02
      vertex   4.690000e+02 3.682189e+01 2.491788e+02
    endloop
  endfacet
  facet normal 0.000000e+00 -9.659258e-01 2.588190e-01
    outer loop
      vertex   4.755000e+02 3.682189e+01 2.491788e+02
      vertex   4.690000e+02 3.682189e+01 2.491788e+02
      vertex   4.755000e+02 3.673843e+01 2.488673e+02
    endloop
  endfacet
  facet normal 0.000000e+00 -9.659258e-01 2.588190e-01
    outer loop
      vertex   4.755000e+02 3.673843e+01 2.488673e+02
      vertex   4.690000e+02 3.682189e+01 2.491788e+02
      vertex   4.690000e+02 3.673843e+01 2.488673e+02
    endloop
  endfacet
  facet normal 0.000000e+00 -9.063078e-01 4.226183e-01
    outer loop
      vertex   4.755000e+02 3.673843e+01 2.488673e+02
      vertex   4.690000e+02 3.673843e+01 2.488673e+02
      vertex   4.755000e+02 3.660215e+01 2.485750e+02
    endloop
  endfacet
  facet normal -3.695856e-15 -9.063078e-01 4.226183e-01
    outer loop
      vertex   4.755000e+02 3.660215e+01 2.485750e+02
      vertex   4.690000e+02 3.673843e+01 2.488673e+02
      vertex   4.690000e+02 3.660215e+01 2.485750e+02
    endloop
  endfacet
  facet normal -5.016007e-15 -8.191520e-01 5.735764e-01
    outer loop
      vertex   4.755000e+02 3.660215e+01 2.485750e+02
      vertex   4.690000e+02 3.660215e+01 2.485750e+02
      vertex   4.755000e+02 3.641718e+01 2.483108e+02
    endloop
  endfacet
  facet normal 0.000000e+00 -8.191520e-01 5.735764e-01
    outer loop
      vertex   4.755000e+02 3.641718e+01 2.483108e+02
      vertex   4.690000e+02 3.660215e+01 2.485750e+02
      vertex   4.690000e+02 3.641718e+01 2.483108e+02
    endloop
  endfacet
  facet normal 0.000000e+00 -7.071068e-01 7.071068e-01
    outer loop
      vertex   4.755000e+02 3.641718e+01 2.483108e+02
      vertex   4.690000e+02 3.641718e+01 2.483108e+02
      vertex   4.755000e+02 3.618916e+01 2.480828e+02
    endloop
  endfacet
  facet normal 0.000000e+00 -7.071068e-01 7.071068e-01
    outer loop
      vertex   4.755000e+02 3.618916e+01 2.480828e+02
      vertex   4.690000e+02 3.641718e+01 2.483108e+02
      vertex   4.690000e+02 3.618916e+01 2.480828e+02
    endloop
  endfacet
  facet normal 0.000000e+00 -5.735764e-01 8.191520e-01
    outer loop
      vertex   4.755000e+02 3.618916e+01 2.480828e+02
      vertex   4.690000e+02 3.618916e+01 2.480828e+02
      vertex   4.755000e+02 3.592500e+01 2.478979e+02
    endloop
  endfacet
  facet normal 0.000000e+00 -5.735764e-01 8.191520e-01
    outer loop
      vertex   4.755000e+02 3.592500e+01 2.478979e+02
      vertex   4.690000e+02 3.618916e+01 2.480828e+02
      vertex   4.690000e+02 3.592500e+01 2.478979e+02
    endloop
  endfacet
  facet normal 0.000000e+00 -4.226183e-01 9.063078e-01
    outer loop
      vertex   4.755000e+02 3.592500e+01 2.478979e+02
      vertex   4.690000e+02 3.592500e+01 2.478979e+02
      vertex   4.755000e+02 3.563274e+01 2.477616e+02
    endloop
  endfacet
  facet normal 0.000000e+00 -4.226183e-01 9.063078e-01
    outer loop
      vertex   4.755000e+02 3.563274e+01 2.477616e+02
      vertex   4.690000e+02 3.592500e+01 2.478979e+02
      vertex   4.690000e+02 3.563274e+01 2.477616e+02
    endloop
  endfacet
  facet normal 0.000000e+00 -2.588190e-01 9.659258e-01
    outer loop
      vertex   4.755000e+02 3.563274e+01 2.477616e+02
      vertex   4.690000e+02 3.563274e+01 2.477616e+02
      vertex   4.755000e+02 3.532125e+01 2.476781e+02
    endloop
  endfacet
  facet normal 0.000000e+00 -2.588190e-01 9.659258e-01
    outer loop
      vertex   4.755000e+02 3.532125e+01 2.476781e+02
      vertex   4.690000e+02 3.563274e+01 2.477616e+02
      vertex   4.690000e+02 3.532125e+01 2.476781e+02
    endloop
  endfacet
  facet normal 0.000000e+00 -8.715574e-02 9.961947e-01
    outer loop
      vertex   4.755000e+02 3.532125e+01 2.476781e+02
      vertex   4.690000e+02 3.532125e+01 2.476781e+02
      vertex   4.755000e+02 3.500000e+01 2.476500e+02
    endloop
  endfacet
  facet normal 0.000000e+00 -8.715574e-02 9.961947e-01
    outer loop
      vertex   4.755000e+02 3.500000e+01 2.476500e+02
      vertex   4.690000e+02 3.532125e+01 2.476781e+02
      vertex   4.690000e+02 3.500000e+01 2.476500e+02
    endloop
  endfacet
  facet normal 0.000000e+00 8.715574e-02 9.961947e-01
    outer loop
      vertex   4.755000e+02 3.500000e+01 2.476500e+02
      vertex   4.690000e+02 3.500000e+01 2.476500e+02
      vertex   4.755000e+02 3.467875e+01 2.476781e+02
    endloop
  endfacet
  facet normal 0.000000e+00 8.715574e-02 9.961947e-01
    outer loop
      vertex   4.755000e+02 3.467875e+01 2.476781e+02
      vertex   4.690000e+02 3.500000e+01 2.476500e+02
      vertex   4.690000e+02 3.467875e+01 2.476781e+02
    endloop
  endfacet
  facet normal 0.000000e+00 2.588190e-01 9.659258e-01
    outer loop
      vertex   4.755000e+02 3.467875e+01 2.476781e+02
      vertex   4.690000e+02 3.467875e+01 2.476781e+02
      vertex   4.755000e+02 3.436726e+01 2.477616e+02
    endloop
  endfacet
  facet normal 0.000000e+00 2.588190e-01 9.659258e-01
    outer loop
      vertex   4.755000e+02 3.436726e+01 2.477616e+02
      vertex   4.690000e+02 3.467875e+01 2.476781e+02
      vertex   4.690000e+02 3.436726e+01 2.477616e+02
    endloop
  endfacet
  facet normal 0.000000e+00 4.226183e-01 9.063078e-01
    outer loop
      vertex   4.755000e+02 3.436726e+01 2.477616e+02
      vertex   4.690000e+02 3.436726e+01 2.477616e+02
      vertex   4.755000e+02 3.407500e+01 2.478979e+02
    endloop
  endfacet
  facet normal 0.000000e+00 4.226183e-01 9.063078e-01
    outer loop
      vertex   4.755000e+02 3.407500e+01 2.478979e+02
      vertex   4.690000e+02 3.436726e+01 2.477616e+02
      vertex   4.690000e+02 3.407500e+01 2.478979e+02
    endloop
  endfacet
  facet normal 0.000000e+00 5.735764e-01 8.191520e-01
    outer loop
      vertex   4.755000e+02 3.407500e+01 2.478979e+02
      vertex   4.690000e+02 3.407500e+01 2.478979e+02
      vertex   4.755000e+02 3.381084e+01 2.480828e+02
    endloop
  endfacet
  facet normal 0.000000e+00 5.735764e-01 8.191520e-01
    outer loop
      vertex   4.755000e+02 3.381084e+01 2.480828e+02
      vertex   4.690000e+02 3.407500e+01 2.478979e+02
      vertex   4.690000e+02 3.381084e+01 2.480828e+02
    endloop
  endfacet
  facet normal 0.000000e+00 7.071068e-01 7.071068e-01
    outer loop
      vertex   4.755000e+02 3.381084e+01 2.480828e+02
      vertex   4.690000e+02 3.381084e+01 2.480828e+02
      vertex   4.755000e+02 3.358282e+01 2.483108e+02
    endloop
  endfacet
  facet normal 0.000000e+00 7.071068e-01 7.071068e-01
    outer loop
      vertex   4.755000e+02 3.358282e+01 2.483108e+02
      vertex   4.690000e+02 3.381084e+01 2.480828e+02
      vertex   4.690000e+02 3.358282e+01 2.483108e+02
    endloop
  endfacet
  facet normal 0.000000e+00 8.191520e-01 5.735764e-01
    outer loop
      vertex   4.755000e+02 3.358282e+01 2.483108e+02
      vertex   4.690000e+02 3.358282e+01 2.483108e+02
      vertex   4.755000e+02 3.339785e+01 2.485750e+02
    endloop
  endfacet
  facet normal 5.016007e-15 8.191520e-01 5.735764e-01
    outer loop
      vertex   4.755000e+02 3.339785e+01 2.485750e+02
      vertex   4.690000e+02 3.358282e+01 2.483108e+02
      vertex   4.690000e+02 3.339785e+01 2.485750e+02
    endloop
  endfacet
  facet normal 3.695856e-15 9.063078e-01 4.226183e-01
    outer loop
      vertex   4.755000e+02 3.339785e+01 2.485750e+02
      vertex   4.690000e+02 3.339785e+01 2.485750e+02
      vertex   4.755000e+02 3.326157e+01 2.488673e+02
    endloop
  endfacet
  facet normal 0.000000e+00 9.063078e-01 4.226183e-01
    outer loop
      vertex   4.755000e+02 3.326157e+01 2.488673e+02
      vertex   4.690000e+02 3.339785e+01 2.485750e+02
      vertex   4.690000e+02 3.326157e+01 2.488673e+02
    endloop
  endfacet
  facet normal 0.000000e+00 9.659258e-01 2.588190e-01
    outer loop
      vertex   4.755000e+02 3.326157e+01 2.488673e+02
      vertex   4.690000e+02 3.326157e+01 2.488673e+02
      vertex   4.755000e+02 3.317811e+01 2.491788e+02
    endloop
  endfacet
  facet normal 0.000000e+00 9.659258e-01 2.588190e-01
    outer loop
      vertex   4.755000e+02 3.317811e+01 2.491788e+02
      vertex   4.690000e+02 3.326157e+01 2.488673e+02
      vertex   4.690000e+02 3.317811e+01 2.491788e+02
    endloop
  endfacet
  facet normal 0.000000e+00 9.961947e-01 8.715574e-02
    outer loop
      vertex   4.755000e+02 3.317811e+01 2.491788e+02
      vertex   4.690000e+02 3.317811e+01 2.491788e+02
      vertex   4.755000e+02 3.315000e+01 2.495000e+02
    endloop
  endfacet
  facet normal 0.000000e+00 9.961947e-01 8.715574e-02
    outer loop
      vertex   4.755000e+02 3.315000e+01 2.495000e+02
      vertex   4.690000e+02 3.317811e+01 2.491788e+02
      vertex   4.690000e+02 3.315000e+01 2.495000e+02
    endloop
  endfacet
  facet normal 0.000000e+00 9.961947e-01 -8.715574e-02
    outer loop
      vertex   4.755000e+02 3.315000e+01 2.495000e+02
      vertex   4.690000e+02 3.315000e+01 2.495000e+02
      vertex   4.755000e+02 3.317811e+01 2.498213e+02
    endloop
  endfacet
  facet normal 0.000000e+00 9.961947e-01 -8.715574e-02
    outer loop
      vertex   4.755000e+02 3.317811e+01 2.498213e+02
      vertex   4.690000e+02 3.315000e+01 2.495000e+02
      vertex   4.690000e+02 3.317811e+01 2.498213e+02
    endloop
  endfacet
  facet normal 0.000000e+00 9.659258e-01 -2.588190e-01
    outer loop
      vertex   4.755000e+02 3.317811e+01 2.498213e+02
      vertex   4.690000e+02 3.317811e+01 2.498213e+02
      vertex   4.755000e+02 3.326157e+01 2.501327e+02
    endloop
  endfacet
  facet normal 0.000000e+00 9.659258e-01 -2.588190e-01
    outer loop
      vertex   4.755000e+02 3.326157e+01 2.501327e+02
      vertex   4.690000e+02 3.317811e+01 2.498213e+02
      vertex   4.690000e+02 3.326157e+01 2.501327e+02
    endloop
  endfacet
  facet normal 0.000000e+00 9.063078e-01 -4.226183e-01
    outer loop
      vertex   4.755000e+02 3.326157e+01 2.501327e+02
      vertex   4.690000e+02 3.326157e+01 2.501327e+02
      vertex   4.755000e+02 3.339785e+01 2.504250e+02
    endloop
  endfacet
  facet normal 0.000000e+00 9.063078e-01 -4.226183e-01
    outer loop
      vertex   4.755000e+02 3.339785e+01 2.504250e+02
      vertex   4.690000e+02 3.326157e+01 2.501327e+02
      vertex   4.690000e+02 3.339785e+01 2.504250e+02
    endloop
  endfacet
  facet normal 0.000000e+00 8.191520e-01 -5.735764e-01
    outer loop
      vertex   4.755000e+02 3.339785e+01 2.504250e+02
      vertex   4.690000e+02 3.339785e+01 2.504250e+02
      vertex   4.755000e+02 3.358282e+01 2.506892e+02
    endloop
  endfacet
  facet normal 0.000000e+00 8.191520e-01 -5.735764e-01
    outer loop
      vertex   4.755000e+02 3.358282e+01 2.506892e+02
      vertex   4.690000e+02 3.339785e+01 2.504250e+02
      vertex   4.690000e+02 3.358282e+01 2.506892e+02
    endloop
  endfacet
  facet normal 0.000000e+00 7.071068e-01 -7.071068e-01
    outer loop
      vertex   4.755000e+02 3.358282e+01 2.506892e+02
      vertex   4.690000e+02 3.358282e+01 2.506892e+02
      vertex   4.755000e+02 3.381084e+01 2.509172e+02
    endloop
  endfacet
  facet normal 0.000000e+00 7.071068e-01 -7.071068e-01
    outer loop
      vertex   4.755000e+02 3.381084e+01 2.509172e+02
      vertex   4.690000e+02 3.358282e+01 2.506892e+02
      vertex   4.690000e+02 3.381084e+01 2.509172e+02
    endloop
  endfacet
  facet normal 0.000000e+00 5.735764e-01 -8.191520e-01
    outer loop
      vertex   4.755000e+02 3.381084e+01 2.509172e+02
      vertex   4.690000e+02 3.381084e+01 2.509172e+02
      vertex   4.755000e+02 3.407500e+01 2.511022e+02
    endloop
  endfacet
  facet normal 0.000000e+00 5.735764e-01 -8.191520e-01
    outer loop
      vertex   4.755000e+02 3.407500e+01 2.511022e+02
      vertex   4.690000e+02 3.381084e+01 2.509172e+02
      vertex   4.690000e+02 3.407500e+01 2.511022e+02
    endloop
  endfacet
  facet normal 0.000000e+00 4.226183e-01 -9.063078e-01
    outer loop
      vertex   4.755000e+02 3.407500e+01 2.511022e+02
      vertex   4.690000e+02 3.407500e+01 2.511022e+02
      vertex   4.755000e+02 3.436726e+01 2.512384e+02
    endloop
  endfacet
  facet normal 4.619821e-16 4.226183e-01 -9.063078e-01
    outer loop
      vertex   4.755000e+02 3.436726e+01 2.512384e+02
      vertex   4.690000e+02 3.407500e+01 2.511022e+02
      vertex   4.690000e+02 3.436726e+01 2.512384e+02
    endloop
  endfacet
  facet normal 2.829261e-16 2.588190e-01 -9.659258e-01
    outer loop
      vertex   4.755000e+02 3.436726e+01 2.512384e+02
      vertex   4.690000e+02 3.436726e+01 2.512384e+02
      vertex   4.755000e+02 3.467875e+01 2.513219e+02
    endloop
  endfacet
  facet normal 0.000000e+00 2.588190e-01 -9.659258e-01
    outer loop
      vertex   4.755000e+02 3.467875e+01 2.513219e+02
      vertex   4.690000e+02 3.436726e+01 2.512384e+02
      vertex   4.690000e+02 3.467875e+01 2.513219e+02
    endloop
  endfacet
  facet normal 0.000000e+00 0.000000e+00 -1.000000e+00
    outer loop
      vertex   4.690000e+02 2.500000e+01 2.380000e+02
      vertex   4.690000e+02 4.500000e+01 2.380000e+02
      vertex   4.755000e+02 2.500000e+01 2.380000e+02
    endloop
  endfacet
  facet normal 0.000000e+00 0.000000e+00 -1.000000e+00
    outer loop
      vertex   4.755000e+02 2.500000e+01 2.380000e+02
      vertex   4.690000e+02 4.500000e+01 2.380000e+02
      vertex   4.755000e+02 4.500000e+01 2.380000e+02
    endloop
  endfacet
  facet normal 0.000000e+00 1.000000e+00 0.000000e+00
    outer loop
      vertex   4.755000e+02 4.500000e+01 2.610000e+02
      vertex   4.755000e+02 4.500000e+01 2.380000e+02
      vertex   4.740000e+02 4.500000e+01 2.610000e+02
    endloop
  endfacet
  facet normal 0.000000e+00 1.000000e+00 0.000000e+00
    outer loop
      vertex   4.740000e+02 4.500000e+01 2.610000e+02
      vertex   4.755000e+02 4.500000e+01 2.380000e+02
      vertex   4.690000e+02 4.500000e+01 2.380000e+02
    endloop
  endfacet
  facet normal 0.000000e+00 1.000000e+00 0.000000e+00
    outer loop
      vertex   4.740000e+02 4.500000e+01 2.610000e+02
      vertex   4.690000e+02 4.500000e+01 2.380000e+02
      vertex   4.690000e+02 4.500000e+01 2.610000e+02
    endloop
  endfacet
  facet normal 0.000000e+00 1.000000e+00 0.000000e+00
    outer loop
      vertex   4.690000e+02 4.500000e+01 8.900000e+01
      vertex   4.690000e+02 4.500000e+01 1.120000e+02
      vertex   4.755000e+02 4.500000e+01 8.900000e+01
    endloop
  endfacet
  facet normal 0.000000e+00 1.000000e+00 -0.000000e+00
    outer loop
      vertex   4.755000e+02 4.500000e+01 8.900000e+01
      vertex   4.690000e+02 4.500000e+01 1.120000e+02
      vertex   4.755000e+02 4.500000e+01 1.120000e+02
    endloop
  endfacet
  facet normal 0.000000e+00 -0.000000e+00 1.000000e+00
    outer loop
      vertex   4.755000e+02 2.500000e+01 1.120000e+02
      vertex   4.755000e+02 4.500000e+01 1.120000e+02
      vertex   4.700000e+02 2.500000e+01 1.120000e+02
    endloop
  endfacet
  facet normal 0.000000e+00 -0.000000e+00 1.000000e+00
    outer loop
      vertex   4.700000e+02 2.500000e+01 1.120000e+02
      vertex   4.755000e+02 4.500000e+01 1.120000e+02
      vertex   4.690000e+02 4.500000e+01 1.120000e+02
    endloop
  endfacet
  facet normal 0.000000e+00 0.000000e+00 1.000000e+00
    outer loop
      vertex   4.700000e+02 2.500000e+01 1.120000e+02
      vertex   4.690000e+02 4.500000e+01 1.120000e+02
      vertex   4.690000e+02 2.500000e+01 1.120000e+02
    endloop
  endfacet
  facet normal 0.000000e+00 0.000000e+00 1.000000e+00
    outer loop
      vertex   4.690000e+02 1.500000e+01 2.210000e+02
      vertex   4.380000e+02 5.000000e+00 2.210000e+02
      vertex   4.690000e+02 -3.000000e+00 2.210000e+02
    endloop
  endfacet
  facet normal -4.306915e-08 -1.668930e-07 1.000000e+00
    outer loop
      vertex   4.690000e+02 -3.000000e+00 2.210000e+02
      vertex   4.380000e+02 5.000000e+00 2.210000e+02
      vertex   4.380000e+02 0.000000e+00 2.210000e+02
    endloop
  endfacet
  facet normal -2.691822e-08 0.000000e+00 1.000000e+00
    outer loop
      vertex   4.690000e+02 -3.000000e+00 2.210000e+02
      vertex   4.380000e+02 0.000000e+00 2.210000e+02
      vertex   4.380000e+02 -3.000000e+00 2.210000e+02
    endloop
  endfacet
  facet normal 0.000000e+00 0.000000e+00 1.000000e+00
    outer loop
      vertex   4.690000e+02 1.500000e+01 2.210000e+02
      vertex   4.380000e+02 1.500000e+01 2.210000e+02
      vertex   4.380000e+02 5.000000e+00 2.210000e+02
    endloop
  endfacet
  facet normal -0.000000e+00 1.000000e+00 0.000000e+00
    outer loop
      vertex   4.440000e+02 7.000000e+00 2.000000e+02
      vertex   4.460000e+02 7.000000e+00 2.000000e+02
      vertex   4.440000e+02 7.000000e+00 1.909000e+02
    endloop
  endfacet
  facet normal 0.000000e+00 1.000000e+00 0.000000e+00
    outer loop
      vertex   4.440000e+02 7.000000e+00 1.909000e+02
      vertex   4.460000e+02 7.000000e+00 2.000000e+02
      vertex   4.480000e+02 7.000000e+00 1.995000e+02
    endloop
  endfacet
  facet normal 0.000000e+00 1.000000e+00 0.000000e+00
    outer loop
      vertex   4.440000e+02 7.000000e+00 1.909000e+02
      vertex   4.480000e+02 7.000000e+00 1.995000e+02
      vertex   4.620000e+02 7.000000e+00 1.995000e+02
    endloop
  endfacet
  facet normal -0.000000e+00 1.000000e+00 0.000000e+00
    outer loop
      vertex   4.460000e+02 7.000000e+00 2.000000e+02
      vertex   4.480000e+02 7.000000e+00 2.000000e+02
      vertex   4.480000e+02 7.000000e+00 1.995000e+02
    endloop
  endfacet
  facet normal 0.000000e+00 1.000000e+00 0.000000e+00
    outer loop
      vertex   4.440000e+02 7.000000e+00 1.909000e+02
      vertex   4.620000e+02 7.000000e+00 1.995000e+02
      vertex   4.690000e+02 7.000000e+00 1.909000e+02
    endloop
  endfacet
  facet normal 0.000000e+00 1.000000e+00 0.000000e+00
    outer loop
      vertex   4.690000e+02 7.000000e+00 1.909000e+02
      vertex   4.620000e+02 7.000000e+00 1.995000e+02
      vertex   4.620000e+02 7.000000e+00 2.085000e+02
    endloop
  endfacet
  facet normal 0.000000e+00 1.000000e+00 -0.000000e+00
    outer loop
      vertex   4.690000e+02 7.000000e+00 1.909000e+02
      vertex   4.620000e+02 7.000000e+00 2.085000e+02
      vertex   4.690000e+02 7.000000e+00 2.171000e+02
    endloop
  endfacet
  facet normal 0.000000e+00 1.000000e+00 0.000000e+00
    outer loop
      vertex   4.690000e+02 7.000000e+00 2.171000e+02
      vertex   4.620000e+02 7.000000e+00 2.085000e+02
      vertex   4.440000e+02 7.000000e+00 2.171000e+02
    endloop
  endfacet
  facet normal 0.000000e+00 1.000000e+00 0.000000e+00
    outer loop
      vertex   4.440000e+02 7.000000e+00 2.171000e+02
      vertex   4.620000e+02 7.000000e+00 2.085000e+02
      vertex   4.480000e+02 7.000000e+00 2.085000e+02
    endloop
  endfacet
  facet normal 0.000000e+00 1.000000e+00 0.000000e+00
    outer loop
      vertex   4.440000e+02 7.000000e+00 2.171000e+02
      vertex   4.480000e+02 7.000000e+00 2.085000e+02
      vertex   4.440000e+02 7.000000e+00 2.080000e+02
    endloop
  endfacet
  facet normal 0.000000e+00 1.000000e+00 0.000000e+00
    outer loop
      vertex   4.440000e+02 7.000000e+00 2.080000e+02
      vertex   4.480000e+02 7.000000e+00 2.085000e+02
      vertex   4.480000e+02 7.000000e+00 2.080000e+02
    endloop
  endfacet
  facet normal 1.000000e+00 0.000000e+00 -0.000000e+00
    outer loop
      vertex   4.480000e+02 7.000000e+00 2.080000e+02
      vertex   4.480000e+02 7.000000e+00 2.085000e+02
      vertex   4.480000e+02 -3.000000e+00 2.080000e+02
    endloop
  endfacet
  facet normal 1.000000e+00 0.000000e+00 0.000000e+00
    outer loop
      vertex   4.480000e+02 -3.000000e+00 2.080000e+02
      vertex   4.480000e+02 7.000000e+00 2.085000e+02
      vertex   4.480000e+02 -3.000000e+00 2.085000e+02
    endloop
  endfacet
  facet normal 0.000000e+00 0.000000e+00 -1.000000e+00
    outer loop
      vertex   4.480000e+02 7.000000e+00 2.085000e+02
      vertex   4.620000e+02 7.000000e+00 2.085000e+02
      vertex   4.480000e+02 -3.000000e+00 2.085000e+02
    endloop
  endfacet
  facet normal 0.000000e+00 0.000000e+00 -1.000000e+00
    outer loop
      vertex   4.480000e+02 -3.000000e+00 2.085000e+02
      vertex   4.620000e+02 7.000000e+00 2.085000e+02
      vertex   4.620000e+02 -3.000000e+00 2.085000e+02
    endloop
  endfacet
  facet normal -1.000000e+00 -0.000000e+00 -0.000000e+00
    outer loop
      vertex   4.620000e+02 7.000000e+00 2.085000e+02
      vertex   4.620000e+02 7.000000e+00 1.995000e+02
      vertex   4.620000e+02 -3.000000e+00 2.085000e+02
    endloop
  endfacet
  facet normal -1.000000e+00 0.000000e+00 0.000000e+00
    outer loop
      vertex   4.620000e+02 -3.000000e+00 2.085000e+02
      vertex   4.620000e+02 7.000000e+00 1.995000e+02
      vertex   4.620000e+02 -3.000000e+00 1.995000e+02
    endloop
  endfacet
  facet normal 0.000000e+00 0.000000e+00 1.000000e+00
    outer loop
      vertex   4.620000e+02 7.000000e+00 1.995000e+02
      vertex   4.480000e+02 7.000000e+00 1.995000e+02
      vertex   4.620000e+02 -3.000000e+00 1.995000e+02
    endloop
  endfacet
  facet normal 0.000000e+00 0.000000e+00 1.000000e+00
    outer loop
      vertex   4.620000e+02 -3.000000e+00 1.995000e+02
      vertex   4.480000e+02 7.000000e+00 1.995000e+02
      vertex   4.480000e+02 -3.000000e+00 1.995000e+02
    endloop
  endfacet
  facet normal 1.000000e+00 0.000000e+00 -8.851279e-06
    outer loop
      vertex   4.480000e+02 7.000000e+00 2.000000e+02
      vertex   4.480000e+02 5.000000e+00 2.000000e+02
      vertex   4.480000e+02 7.000000e+00 1.995000e+02
    endloop
  endfacet
  facet normal 1.000000e+00 0.000000e+00 -8.851279e-06
    outer loop
      vertex   4.480000e+02 7.000000e+00 1.995000e+02
      vertex   4.480000e+02 5.000000e+00 2.000000e+02
      vertex   4.480000e+02 0.000000e+00 2.000000e+02
    endloop
  endfacet
  facet normal 1.000000e+00 0.000000e+00 -8.851279e-06
    outer loop
      vertex   4.480000e+02 7.000000e+00 1.995000e+02
      vertex   4.480000e+02 0.000000e+00 2.000000e+02
      vertex   4.480000e+02 -3.000000e+00 1.995000e+02
    endloop
  endfacet
  facet normal 1.000000e+00 0.000000e+00 -8.851279e-06
    outer loop
      vertex   4.480000e+02 -3.000000e+00 1.995000e+02
      vertex   4.480000e+02 0.000000e+00 2.000000e+02
      vertex   4.480000e+02 -3.000000e+00 2.000000e+02
    endloop
  endfacet
  facet normal 0.000000e+00 0.000000e+00 1.000000e+00
    outer loop
      vertex   4.480000e+02 7.000000e+00 2.000000e+02
      vertex   4.460000e+02 7.000000e+00 2.000000e+02
      vertex   4.480000e+02 5.000000e+00 2.000000e+02
    endloop
  endfacet
  facet normal 0.000000e+00 0.000000e+00 1.000000e+00
    outer loop
      vertex   4.480000e+02 5.000000e+00 2.000000e+02
      vertex   4.460000e+02 7.000000e+00 2.000000e+02
      vertex   4.480000e+02 0.000000e+00 2.000000e+02
    endloop
  endfacet
  facet normal 0.000000e+00 0.000000e+00 1.000000e+00
    outer loop
      vertex   4.480000e+02 0.000000e+00 2.000000e+02
      vertex   4.460000e+02 7.000000e+00 2.000000e+02
      vertex   4.440000e+02 7.000000e+00 2.000000e+02
    endloop
  endfacet
  facet normal 0.000000e+00 0.000000e+00 1.000000e+00
    outer loop
      vertex   4.480000e+02 0.000000e+00 2.000000e+02
      vertex   4.440000e+02 7.000000e+00 2.000000e+02
      vertex   4.480000e+02 -3.000000e+00 2.000000e+02
    endloop
  endfacet
  facet normal 0.000000e+00 0.000000e+00 1.000000e+00
    outer loop
      vertex   4.480000e+02 -3.000000e+00 2.000000e+02
      vertex   4.440000e+02 7.000000e+00 2.000000e+02
      vertex   4.380000e+02 -3.000000e+00 2.000000e+02
    endloop
  endfacet
  facet normal 0.000000e+00 0.000000e+00 1.000000e+00
    outer loop
      vertex   4.380000e+02 -3.000000e+00 2.000000e+02
      vertex   4.440000e+02 7.000000e+00 2.000000e+02
      vertex   4.380000e+02 0.000000e+00 2.000000e+02
    endloop
  endfacet
  facet normal 0.000000e+00 -0.000000e+00 1.000000e+00
    outer loop
      vertex   4.380000e+02 0.000000e+00 2.000000e+02
      vertex   4.440000e+02 7.000000e+00 2.000000e+02
      vertex   4.380000e+02 1.500000e+01 2.000000e+02
    endloop
  endfacet
  facet normal 0.000000e+00 0.000000e+00 1.000000e+00
    outer loop
      vertex   4.380000e+02 1.500000e+01 2.000000e+02
      vertex   4.440000e+02 7.000000e+00 2.000000e+02
      vertex   4.440000e+02 1.000000e+01 2.000000e+02
    endloop
  endfacet
  facet normal -0.000000e+00 0.000000e+00 1.000000e+00
    outer loop
      vertex   4.380000e+02 1.500000e+01 2.000000e+02
      vertex   4.440000e+02 1.000000e+01 2.000000e+02
      vertex   4.440000e+02 1.500000e+01 2.000000e+02
    endloop
  endfacet
  facet normal 0.000000e+00 0.000000e+00 -1.000000e+00
    outer loop
      vertex   4.380000e+02 1.500000e+01 1.870000e+02
      vertex   4.690000e+02 1.500000e+01 1.870000e+02
      vertex   4.380000e+02 5.000000e+00 1.870000e+02
    endloop
  endfacet
  facet normal 0.000000e+00 0.000000e+00 -1.000000e+00
    outer loop
      vertex   4.380000e+02 5.000000e+00 1.870000e+02
      vertex   4.690000e+02 1.500000e+01 1.870000e+02
      vertex   4.690000e+02 -3.000000e+00 1.870000e+02
    endloop
  endfacet
  facet normal 2.461094e-08 9.536741e-08 -1.000000e+00
    outer loop
      vertex   4.380000e+02 5.000000e+00 1.870000e+02
      vertex   4.690000e+02 -3.000000e+00 1.870000e+02
      vertex   4.380000e+02 0.000000e+00 1.870000e+02
    endloop
  endfacet
  facet normal 1.538184e-08 0.000000e+00 -1.000000e+00
    outer loop
      vertex   4.380000e+02 0.000000e+00 1.870000e+02
      vertex   4.690000e+02 -3.000000e+00 1.870000e+02
      vertex   4.380000e+02 -3.000000e+00 1.870000e+02
    endloop
  endfacet
  facet normal 1.000000e+00 0.000000e+00 -4.863346e-07
    outer loop
      vertex   4.440000e+02 7.000000e+00 2.000000e+02
      vertex   4.440000e+02 7.000000e+00 1.909000e+02
      vertex   4.440000e+02 1.000000e+01 2.000000e+02
    endloop
  endfacet
  facet normal 1.000000e+00 3.170541e-14 -4.863346e-07
    outer loop
      vertex   4.440000e+02 1.000000e+01 2.000000e+02
      vertex   4.440000e+02 7.000000e+00 1.909000e+02
      vertex   4.440000e+02 1.500000e+01 1.909000e+02
    endloop
  endfacet
  facet normal 1.000000e+00 8.851290e-07 0.000000e+00
    outer loop
      vertex   4.440000e+02 1.000000e+01 2.000000e+02
      vertex   4.440000e+02 1.500000e+01 1.909000e+02
      vertex   4.440000e+02 1.500000e+01 2.000000e+02
    endloop
  endfacet
  facet normal 1.000000e+00 0.000000e+00 0.000000e+00
    outer loop
      vertex   4.440000e+02 1.500000e+01 2.171000e+02
      vertex   4.440000e+02 7.000000e+00 2.171000e+02
      vertex   4.440000e+02 1.500000e+01 2.080000e+02
    endloop
  endfacet
  facet normal 1.000000e+00 0.000000e+00 0.000000e+00
    outer loop
      vertex   4.440000e+02 1.500000e+01 2.080000e+02
      vertex   4.440000e+02 7.000000e+00 2.171000e+02
      vertex   4.440000e+02 7.000000e+00 2.080000e+02
    endloop
  endfacet
  facet normal 0.000000e+00 9.872019e-08 -1.000000e+00
    outer loop
      vertex   4.440000e+02 1.500000e+01 2.171000e+02
      vertex   4.690000e+02 1.500000e+01 2.171000e+02
      vertex   4.440000e+02 7.000000e+00 2.171000e+02
    endloop
  endfacet
  facet normal 0.000000e+00 9.872019e-08 -1.000000e+00
    outer loop
      vertex   4.440000e+02 7.000000e+00 2.171000e+02
      vertex   4.690000e+02 1.500000e+01 2.171000e+02
      vertex   4.690000e+02 7.000000e+00 2.171000e+02
    endloop
  endfacet
  facet normal 0.000000e+00 -6.519258e-08 1.000000e+00
    outer loop
      vertex   4.440000e+02 7.000000e+00 1.909000e+02
      vertex   4.690000e+02 7.000000e+00 1.909000e+02
      vertex   4.440000e+02 1.500000e+01 1.909000e+02
    endloop
  endfacet
  facet normal 2.086163e-08 0.000000e+00 1.000000e+00
    outer loop
      vertex   4.440000e+02 1.500000e+01 1.909000e+02
      vertex   4.690000e+02 7.000000e+00 1.909000e+02
      vertex   4.690000e+02 1.500000e+01 1.909000e+02
    endloop
  endfacet
  facet normal -1.000000e+00 0.000000e+00 3.404342e-07
    outer loop
      vertex   4.380000e+02 -3.000000e+00 1.870000e+02
      vertex   4.380000e+02 -3.000000e+00 2.000000e+02
      vertex   4.380000e+02 0.000000e+00 1.870000e+02
    endloop
  endfacet
  facet normal -1.000000e+00 0.000000e+00 3.404342e-07
    outer loop
      vertex   4.380000e+02 0.000000e+00 1.870000e+02
      vertex   4.380000e+02 -3.000000e+00 2.000000e+02
      vertex   4.380000e+02 0.000000e+00 2.000000e+02
    endloop
  endfacet
  facet normal -1.000000e+00 8.761882e-07 3.404342e-07
    outer loop
      vertex   4.380000e+02 0.000000e+00 1.870000e+02
      vertex   4.380000e+02 0.000000e+00 2.000000e+02
      vertex   4.380000e+02 5.000000e+00 1.870000e+02
    endloop
  endfacet
  facet normal -1.000000e+00 -2.980236e-09 2.292489e-09
    outer loop
      vertex   4.380000e+02 5.000000e+00 1.870000e+02
      vertex   4.380000e+02 0.000000e+00 2.000000e+02
      vertex   4.380000e+02 1.500000e+01 2.000000e+02
    endloop
  endfacet
  facet normal -1.000000e+00 0.000000e+00 0.000000e+00
    outer loop
      vertex   4.380000e+02 5.000000e+00 1.870000e+02
      vertex   4.380000e+02 1.500000e+01 2.000000e+02
      vertex   4.380000e+02 1.500000e+01 1.870000e+02
    endloop
  endfacet
  facet normal 0.000000e+00 1.000000e+00 0.000000e+00
    outer loop
      vertex   4.440000e+02 1.500000e+01 2.000000e+02
      vertex   4.440000e+02 1.500000e+01 1.909000e+02
      vertex   4.380000e+02 1.500000e+01 2.000000e+02
    endloop
  endfacet
  facet normal 0.000000e+00 1.000000e+00 0.000000e+00
    outer loop
      vertex   4.380000e+02 1.500000e+01 2.000000e+02
      vertex   4.440000e+02 1.500000e+01 1.909000e+02
      vertex   4.380000e+02 1.500000e+01 1.870000e+02
    endloop
  endfacet
  facet normal 0.000000e+00 1.000000e+00 0.000000e+00
    outer loop
      vertex   4.380000e+02 1.500000e+01 1.870000e+02
      vertex   4.440000e+02 1.500000e+01 1.909000e+02
      vertex   4.690000e+02 1.500000e+01 1.870000e+02
    endloop
  endfacet
  facet normal 0.000000e+00 1.000000e+00 -0.000000e+00
    outer loop
      vertex   4.690000e+02 1.500000e+01 1.870000e+02
      vertex   4.440000e+02 1.500000e+01 1.909000e+02
      vertex   4.690000e+02 1.500000e+01 1.880000e+02
    endloop
  endfacet
  facet normal 0.000000e+00 1.000000e+00 0.000000e+00
    outer loop
      vertex   4.690000e+02 1.500000e+01 1.880000e+02
      vertex   4.440000e+02 1.500000e+01 1.909000e+02
      vertex   4.690000e+02 1.500000e+01 1.900000e+02
    endloop
  endfacet
  facet normal 0.000000e+00 1.000000e+00 -0.000000e+00
    outer loop
      vertex   4.690000e+02 1.500000e+01 1.900000e+02
      vertex   4.440000e+02 1.500000e+01 1.909000e+02
      vertex   4.690000e+02 1.500000e+01 1.909000e+02
    endloop
  endfacet
  facet normal -0.000000e+00 -0.000000e+00 -1.000000e+00
    outer loop
      vertex   4.480000e+02 7.000000e+00 2.080000e+02
      vertex   4.480000e+02 -3.000000e+00 2.080000e+02
      vertex   4.440000e+02 7.000000e+00 2.080000e+02
    endloop
  endfacet
  facet normal 0.000000e+00 -0.000000e+00 -1.000000e+00
    outer loop
      vertex   4.440000e+02 7.000000e+00 2.080000e+02
      vertex   4.480000e+02 -3.000000e+00 2.080000e+02
      vertex   4.380000e+02 -3.000000e+00 2.080000e+02
    endloop
  endfacet
  facet normal 0.000000e+00 0.000000e+00 -1.000000e+00
    outer loop
      vertex   4.440000e+02 7.000000e+00 2.080000e+02
      vertex   4.380000e+02 -3.000000e+00 2.080000e+02
      vertex   4.380000e+02 0.000000e+00 2.080000e+02
    endloop
  endfacet
  facet normal 0.000000e+00 0.000000e+00 -1.000000e+00
    outer loop
      vertex   4.380000e+02 0.000000e+00 2.080000e+02
      vertex   4.380000e+02 1.500000e+01 2.080000e+02
      vertex   4.440000e+02 7.000000e+00 2.080000e+02
    endloop
  endfacet
  facet normal 0.000000e+00 0.000000e+00 -1.000000e+00
    outer loop
      vertex   4.440000e+02 7.000000e+00 2.080000e+02
      vertex   4.380000e+02 1.500000e+01 2.080000e+02
      vertex   4.440000e+02 1.500000e+01 2.080000e+02
    endloop
  endfacet
  facet normal 0.000000e+00 1.000000e+00 -0.000000e+00
    outer loop
      vertex   4.440000e+02 1.500000e+01 2.080000e+02
      vertex   4.380000e+02 1.500000e+01 2.080000e+02
      vertex   4.440000e+02 1.500000e+01 2.171000e+02
    endloop
  endfacet
  facet normal 0.000000e+00 1.000000e+00 0.000000e+00
    outer loop
      vertex   4.440000e+02 1.500000e+01 2.171000e+02
      vertex   4.380000e+02 1.500000e+01 2.080000e+02
      vertex   4.380000e+02 1.500000e+01 2.210000e+02
    endloop
  endfacet
  facet normal 0.000000e+00 1.000000e+00 -0.000000e+00
    outer loop
      vertex   4.440000e+02 1.500000e+01 2.171000e+02
      vertex   4.380000e+02 1.500000e+01 2.210000e+02
      vertex   4.690000e+02 1.500000e+01 2.210000e+02
    endloop
  endfacet
  facet normal 0.000000e+00 1.000000e+00 0.000000e+00
    outer loop
      vertex   4.690000e+02 1.500000e+01 2.210000e+02
      vertex   4.690000e+02 1.500000e+01 2.200000e+02
      vertex   4.440000e+02 1.500000e+01 2.171000e+02
    endloop
  endfacet
  facet normal 0.000000e+00 1.000000e+00 0.000000e+00
    outer loop
      vertex   4.440000e+02 1.500000e+01 2.171000e+02
      vertex   4.690000e+02 1.500000e+01 2.200000e+02
      vertex   4.690000e+02 1.500000e+01 2.180000e+02
    endloop
  endfacet
  facet normal 0.000000e+00 1.000000e+00 0.000000e+00
    outer loop
      vertex   4.440000e+02 1.500000e+01 2.171000e+02
      vertex   4.690000e+02 1.500000e+01 2.180000e+02
      vertex   4.690000e+02 1.500000e+01 2.171000e+02
    endloop
  endfacet
  facet normal -1.000000e+00 -0.000000e+00 -0.000000e+00
    outer loop
      vertex   4.380000e+02 1.500000e+01 2.210000e+02
      vertex   4.380000e+02 1.500000e+01 2.080000e+02
      vertex   4.380000e+02 5.000000e+00 2.210000e+02
    endloop
  endfacet
  facet normal -1.000000e+00 2.920628e-07 2.246636e-07
    outer loop
      vertex   4.380000e+02 5.000000e+00 2.210000e+02
      vertex   4.380000e+02 1.500000e+01 2.080000e+02
      vertex   4.380000e+02 0.000000e+00 2.080000e+02
    endloop
  endfacet
  facet normal -1.000000e+00 8.761883e-07 0.000000e+00
    outer loop
      vertex   4.380000e+02 5.000000e+00 2.210000e+02
      vertex   4.380000e+02 0.000000e+00 2.080000e+02
      vertex   4.380000e+02 0.000000e+00 2.210000e+02
    endloop
  endfacet
  facet normal -1.000000e+00 -0.000000e+00 -0.000000e+00
    outer loop
      vertex   4.380000e+02 0.000000e+00 2.210000e+02
      vertex   4.380000e+02 0.000000e+00 2.080000e+02
      vertex   4.380000e+02 -3.000000e+00 2.210000e+02
    endloop
  endfacet
  facet normal -1.000000e+00 0.000000e+00 0.000000e+00
    outer loop
      vertex   4.380000e+02 -3.000000e+00 2.210000e+02
      vertex   4.380000e+02 0.000000e+00 2.080000e+02
      vertex   4.380000e+02 -3.000000e+00 2.080000e+02
    endloop
  endfacet
  facet normal -3.337859e-08 0.000000e+00 1.000000e+00
    outer loop
      vertex   4.440000e+02 -3.000000e+00 1.450000e+02
      vertex   4.690000e+02 -3.000000e+00 1.450000e+02
      vertex   4.440000e+02 0.000000e+00 1.450000e+02
    endloop
  endfacet
  facet normal -3.337859e-08 1.578984e-15 1.000000e+00
    outer loop
      vertex   4.440000e+02 0.000000e+00 1.450000e+02
      vertex   4.690000e+02 -3.000000e+00 1.450000e+02
      vertex   4.690000e+02 1.500000e+01 1.450000e+02
    endloop
  endfacet
  facet normal 1.136868e-15 -5.563100e-08 1.000000e+00
    outer loop
      vertex   4.440000e+02 0.000000e+00 1.450000e+02
      vertex   4.690000e+02 1.500000e+01 1.450000e+02
      vertex   4.440000e+02 1.500000e+01 1.450000e+02
    endloop
  endfacet
  facet normal 0.000000e+00 1.000000e+00 0.000000e+00
    outer loop
      vertex   4.500000e+02 7.000000e+00 1.335000e+02
      vertex   4.500000e+02 7.000000e+00 1.405000e+02
      vertex   4.610000e+02 7.000000e+00 1.335000e+02
    endloop
  endfacet
  facet normal 0.000000e+00 1.000000e+00 -0.000000e+00
    outer loop
      vertex   4.610000e+02 7.000000e+00 1.335000e+02
      vertex   4.500000e+02 7.000000e+00 1.405000e+02
      vertex   4.690000e+02 7.000000e+00 1.405000e+02
    endloop
  endfacet
  facet normal -0.000000e+00 1.000000e+00 0.000000e+00
    outer loop
      vertex   4.610000e+02 7.000000e+00 1.335000e+02
      vertex   4.690000e+02 7.000000e+00 1.405000e+02
      vertex   4.690000e+02 7.000000e+00 1.225000e+02
    endloop
  endfacet
  facet normal 0.000000e+00 1.000000e+00 0.000000e+00
    outer loop
      vertex   4.610000e+02 7.000000e+00 1.335000e+02
      vertex   4.690000e+02 7.000000e+00 1.225000e+02
      vertex   4.610000e+02 7.000000e+00 1.295000e+02
    endloop
  endfacet
  facet normal 0.000000e+00 1.000000e+00 0.000000e+00
    outer loop
      vertex   4.610000e+02 7.000000e+00 1.295000e+02
      vertex   4.690000e+02 7.000000e+00 1.225000e+02
      vertex   4.500000e+02 7.000000e+00 1.225000e+02
    endloop
  endfacet
  facet normal 0.000000e+00 1.000000e+00 0.000000e+00
    outer loop
      vertex   4.610000e+02 7.000000e+00 1.295000e+02
      vertex   4.500000e+02 7.000000e+00 1.225000e+02
      vertex   4.500000e+02 7.000000e+00 1.295000e+02
    endloop
  endfacet
  facet normal 5.689536e-08 0.000000e+00 1.000000e+00
    outer loop
      vertex   4.610000e+02 7.000000e+00 1.295000e+02
      vertex   4.500000e+02 7.000000e+00 1.295000e+02
      vertex   4.610000e+02 -3.000000e+00 1.295000e+02
    endloop
  endfacet
  facet normal 3.681464e-08 -2.208879e-08 1.000000e+00
    outer loop
      vertex   4.610000e+02 -3.000000e+00 1.295000e+02
      vertex   4.500000e+02 7.000000e+00 1.295000e+02
      vertex   4.440000e+02 -3.000000e+00 1.295000e+02
    endloop
  endfacet
  facet normal -1.421085e-14 -3.529299e-23 1.000000e+00
    outer loop
      vertex   4.440000e+02 -3.000000e+00 1.295000e+02
      vertex   4.500000e+02 7.000000e+00 1.295000e+02
      vertex   4.440000e+02 1.500000e+01 1.295000e+02
    endloop
  endfacet
  facet normal -0.000000e+00 1.065814e-14 1.000000e+00
    outer loop
      vertex   4.440000e+02 1.500000e+01 1.295000e+02
      vertex   4.500000e+02 7.000000e+00 1.295000e+02
      vertex   4.480000e+02 1.500000e+01 1.295000e+02
    endloop
  endfacet
  facet normal -0.000000e+00 1.065814e-14 1.000000e+00
    outer loop
      vertex   4.480000e+02 1.500000e+01 1.295000e+02
      vertex   4.500000e+02 7.000000e+00 1.295000e+02
      vertex   4.500000e+02 1.500000e+01 1.295000e+02
    endloop
  endfacet
  facet normal 1.000000e+00 0.000000e+00 -0.000000e+00
    outer loop
      vertex   4.500000e+02 1.500000e+01 1.225000e+02
      vertex   4.500000e+02 1.500000e+01 1.295000e+02
      vertex   4.500000e+02 1.100000e+01 1.225000e+02
    endloop
  endfacet
  facet normal 1.000000e+00 5.532056e-07 -3.161175e-07
    outer loop
      vertex   4.500000e+02 1.100000e+01 1.225000e+02
      vertex   4.500000e+02 1.500000e+01 1.295000e+02
      vertex   4.500000e+02 7.000000e+00 1.295000e+02
    endloop
  endfacet
  facet normal 1.000000e+00 0.000000e+00 -6.322349e-07
    outer loop
      vertex   4.500000e+02 1.100000e+01 1.225000e+02
      vertex   4.500000e+02 7.000000e+00 1.295000e+02
      vertex   4.500000e+02 7.000000e+00 1.225000e+02
    endloop
  endfacet
  facet normal 0.000000e+00 0.000000e+00 1.000000e+00
    outer loop
      vertex   4.500000e+02 7.000000e+00 1.225000e+02
      vertex   4.690000e+02 7.000000e+00 1.225000e+02
      vertex   4.500000e+02 1.100000e+01 1.225000e+02
    endloop
  endfacet
  facet normal -0.000000e+00 0.000000e+00 1.000000e+00
    outer loop
      vertex   4.500000e+02 1.100000e+01 1.225000e+02
      vertex   4.690000e+02 7.000000e+00 1.225000e+02
      vertex   4.690000e+02 1.500000e+01 1.225000e+02
    endloop
  endfacet
  facet normal 2.744951e-08 -1.303852e-07 1.000000e+00
    outer loop
      vertex   4.500000e+02 1.100000e+01 1.225000e+02
      vertex   4.690000e+02 1.500000e+01 1.225000e+02
      vertex   4.500000e+02 1.500000e+01 1.225000e+02
    endloop
  endfacet
  facet normal -1.000000e+00 2.920628e-07 0.000000e+00
    outer loop
      vertex   4.440000e+02 1.500000e+01 1.450000e+02
      vertex   4.440000e+02 1.500000e+01 1.335000e+02
      vertex   4.440000e+02 0.000000e+00 1.450000e+02
    endloop
  endfacet
  facet normal -1.000000e+00 1.521160e-07 -1.825392e-07
    outer loop
      vertex   4.440000e+02 0.000000e+00 1.450000e+02
      vertex   4.440000e+02 1.500000e+01 1.335000e+02
      vertex   4.440000e+02 -3.000000e+00 1.425000e+02
    endloop
  endfacet
  facet normal -1.000000e+00 0.000000e+00 0.000000e+00
    outer loop
      vertex   4.440000e+02 0.000000e+00 1.450000e+02
      vertex   4.440000e+02 -3.000000e+00 1.425000e+02
      vertex   4.440000e+02 -3.000000e+00 1.430000e+02
    endloop
  endfacet
  facet normal -1.000000e+00 2.920628e-07 9.735425e-08
    outer loop
      vertex   4.440000e+02 1.500000e+01 1.335000e+02
      vertex   4.440000e+02 0.000000e+00 1.335000e+02
      vertex   4.440000e+02 -3.000000e+00 1.425000e+02
    endloop
  endfacet
  facet normal -1.000000e+00 0.000000e+00 0.000000e+00
    outer loop
      vertex   4.440000e+02 -3.000000e+00 1.425000e+02
      vertex   4.440000e+02 0.000000e+00 1.335000e+02
      vertex   4.440000e+02 -3.000000e+00 1.335000e+02
    endloop
  endfacet
  facet normal -1.000000e+00 0.000000e+00 0.000000e+00
    outer loop
      vertex   4.440000e+02 -3.000000e+00 1.430000e+02
      vertex   4.440000e+02 -3.000000e+00 1.450000e+02
      vertex   4.440000e+02 0.000000e+00 1.450000e+02
    endloop
  endfacet
  facet normal 0.000000e+00 1.000000e+00 0.000000e+00
    outer loop
      vertex   4.440000e+02 1.500000e+01 1.335000e+02
      vertex   4.440000e+02 1.500000e+01 1.450000e+02
      vertex   4.500000e+02 1.500000e+01 1.405000e+02
    endloop
  endfacet
  facet normal 0.000000e+00 1.000000e+00 -0.000000e+00
    outer loop
      vertex   4.500000e+02 1.500000e+01 1.405000e+02
      vertex   4.440000e+02 1.500000e+01 1.450000e+02
      vertex   4.690000e+02 1.500000e+01 1.450000e+02
    endloop
  endfacet
  facet normal 0.000000e+00 1.000000e+00 0.000000e+00
    outer loop
      vertex   4.500000e+02 1.500000e+01 1.405000e+02
      vertex   4.690000e+02 1.500000e+01 1.450000e+02
      vertex   4.690000e+02 1.500000e+01 1.430000e+02
    endloop
  endfacet
  facet normal 0.000000e+00 1.000000e+00 0.000000e+00
    outer loop
      vertex   4.690000e+02 1.500000e+01 1.430000e+02
      vertex   4.690000e+02 1.500000e+01 1.425000e+02
      vertex   4.500000e+02 1.500000e+01 1.405000e+02
    endloop
  endfacet
  facet normal 0.000000e+00 1.000000e+00 0.000000e+00
    outer loop
      vertex   4.500000e+02 1.500000e+01 1.405000e+02
      vertex   4.690000e+02 1.500000e+01 1.425000e+02
      vertex   4.690000e+02 1.500000e+01 1.405000e+02
    endloop
  endfacet
  facet normal 0.000000e+00 1.000000e+00 0.000000e+00
    outer loop
      vertex   4.500000e+02 1.500000e+01 1.405000e+02
      vertex   4.500000e+02 1.500000e+01 1.335000e+02
      vertex   4.440000e+02 1.500000e+01 1.335000e+02
    endloop
  endfacet
  facet normal 5.684342e-16 3.178914e-08 -1.000000e+00
    outer loop
      vertex   4.440000e+02 1.500000e+01 1.180000e+02
      vertex   4.690000e+02 1.500000e+01 1.180000e+02
      vertex   4.440000e+02 0.000000e+00 1.180000e+02
    endloop
  endfacet
  facet normal 1.907348e-08 7.894919e-16 -1.000000e+00
    outer loop
      vertex   4.440000e+02 0.000000e+00 1.180000e+02
      vertex   4.690000e+02 1.500000e+01 1.180000e+02
      vertex   4.690000e+02 -3.000000e+00 1.180000e+02
    endloop
  endfacet
  facet normal 1.907348e-08 0.000000e+00 -1.000000e+00
    outer loop
      vertex   4.440000e+02 0.000000e+00 1.180000e+02
      vertex   4.690000e+02 -3.000000e+00 1.180000e+02
      vertex   4.440000e+02 -3.000000e+00 1.180000e+02
    endloop
  endfacet
  facet normal 0.000000e+00 1.000000e+00 0.000000e+00
    outer loop
      vertex   4.690000e+02 1.500000e+01 1.200000e+02
      vertex   4.690000e+02 1.500000e+01 1.180000e+02
      vertex   4.500000e+02 1.500000e+01 1.225000e+02
    endloop
  endfacet
  facet normal 0.000000e+00 1.000000e+00 0.000000e+00
    outer loop
      vertex   4.500000e+02 1.500000e+01 1.225000e+02
      vertex   4.690000e+02 1.500000e+01 1.180000e+02
      vertex   4.440000e+02 1.500000e+01 1.180000e+02
    endloop
  endfacet
  facet normal 0.000000e+00 1.000000e+00 0.000000e+00
    outer loop
      vertex   4.500000e+02 1.500000e+01 1.225000e+02
      vertex   4.440000e+02 1.500000e+01 1.180000e+02
      vertex   4.440000e+02 1.500000e+01 1.295000e+02
    endloop
  endfacet
  facet normal -0.000000e+00 1.000000e+00 0.000000e+00
    outer loop
      vertex   4.440000e+02 1.500000e+01 1.295000e+02
      vertex   4.480000e+02 1.500000e+01 1.295000e+02
      vertex   4.500000e+02 1.500000e+01 1.225000e+02
    endloop
  endfacet
  facet normal 0.000000e+00 1.000000e+00 -0.000000e+00
    outer loop
      vertex   4.500000e+02 1.500000e+01 1.225000e+02
      vertex   4.480000e+02 1.500000e+01 1.295000e+02
      vertex   4.500000e+02 1.500000e+01 1.295000e+02
    endloop
  endfacet
  facet normal 0.000000e+00 1.000000e+00 0.000000e+00
    outer loop
      vertex   4.690000e+02 1.500000e+01 1.225000e+02
      vertex   4.690000e+02 1.500000e+01 1.205000e+02
      vertex   4.500000e+02 1.500000e+01 1.225000e+02
    endloop
  endfacet
  facet normal 0.000000e+00 1.000000e+00 0.000000e+00
    outer loop
      vertex   4.500000e+02 1.500000e+01 1.225000e+02
      vertex   4.690000e+02 1.500000e+01 1.205000e+02
      vertex   4.690000e+02 1.500000e+01 1.200000e+02
    endloop
  endfacet
  facet normal -1.000000e+00 2.920628e-07 0.000000e+00
    outer loop
      vertex   4.440000e+02 1.500000e+01 1.180000e+02
      vertex   4.440000e+02 0.000000e+00 1.180000e+02
      vertex   4.440000e+02 1.500000e+01 1.295000e+02
    endloop
  endfacet
  facet normal -1.000000e+00 1.521160e-07 1.825392e-07
    outer loop
      vertex   4.440000e+02 1.500000e+01 1.295000e+02
      vertex   4.440000e+02 0.000000e+00 1.180000e+02
      vertex   4.440000e+02 -3.000000e+00 1.205000e+02
    endloop
  endfacet
  facet normal -1.000000e+00 -2.483524e-09 4.917383e-07
    outer loop
      vertex   4.440000e+02 1.500000e+01 1.295000e+02
      vertex   4.440000e+02 -3.000000e+00 1.205000e+02
      vertex   4.440000e+02 -3.000000e+00 1.295000e+02
    endloop
  endfacet
  facet normal -1.000000e+00 0.000000e+00 0.000000e+00
    outer loop
      vertex   4.440000e+02 -3.000000e+00 1.180000e+02
      vertex   4.440000e+02 -3.000000e+00 1.200000e+02
      vertex   4.440000e+02 0.000000e+00 1.180000e+02
    endloop
  endfacet
  facet normal -1.000000e+00 0.000000e+00 0.000000e+00
    outer loop
      vertex   4.440000e+02 0.000000e+00 1.180000e+02
      vertex   4.440000e+02 -3.000000e+00 1.200000e+02
      vertex   4.440000e+02 -3.000000e+00 1.205000e+02
    endloop
  endfacet
  facet normal 0.000000e+00 9.872020e-08 -1.000000e+00
    outer loop
      vertex   4.500000e+02 1.500000e+01 1.405000e+02
      vertex   4.690000e+02 1.500000e+01 1.405000e+02
      vertex   4.500000e+02 7.000000e+00 1.405000e+02
    endloop
  endfacet
  facet normal 0.000000e+00 9.872020e-08 -1.000000e+00
    outer loop
      vertex   4.500000e+02 7.000000e+00 1.405000e+02
      vertex   4.690000e+02 1.500000e+01 1.405000e+02
      vertex   4.690000e+02 7.000000e+00 1.405000e+02
    endloop
  endfacet
  facet normal 1.000000e+00 0.000000e+00 0.000000e+00
    outer loop
      vertex   4.500000e+02 7.000000e+00 1.335000e+02
      vertex   4.500000e+02 1.500000e+01 1.335000e+02
      vertex   4.500000e+02 7.000000e+00 1.405000e+02
    endloop
  endfacet
  facet normal 1.000000e+00 -0.000000e+00 0.000000e+00
    outer loop
      vertex   4.500000e+02 7.000000e+00 1.405000e+02
      vertex   4.500000e+02 1.500000e+01 1.335000e+02
      vertex   4.500000e+02 1.500000e+01 1.405000e+02
    endloop
  endfacet
  facet normal -0.000000e+00 -0.000000e+00 -1.000000e+00
    outer loop
      vertex   4.610000e+02 7.000000e+00 1.335000e+02
      vertex   4.610000e+02 -3.000000e+00 1.335000e+02
      vertex   4.500000e+02 7.000000e+00 1.335000e+02
    endloop
  endfacet
  facet normal 0.000000e+00 -0.000000e+00 -1.000000e+00
    outer loop
      vertex   4.500000e+02 7.000000e+00 1.335000e+02
      vertex   4.610000e+02 -3.000000e+00 1.335000e+02
      vertex   4.480000e+02 -3.000000e+00 1.335000e+02
    endloop
  endfacet
  facet normal 0.000000e+00 0.000000e+00 -1.000000e+00
    outer loop
      vertex   4.500000e+02 7.000000e+00 1.335000e+02
      vertex   4.480000e+02 -3.000000e+00 1.335000e+02
      vertex   4.440000e+02 0.000000e+00 1.335000e+02
    endloop
  endfacet
  facet normal 0.000000e+00 0.000000e+00 -1.000000e+00
    outer loop
      vertex   4.440000e+02 0.000000e+00 1.335000e+02
      vertex   4.480000e+02 -3.000000e+00 1.335000e+02
      vertex   4.440000e+02 -3.000000e+00 1.335000e+02
    endloop
  endfacet
  facet normal 0.000000e+00 0.000000e+00 -1.000000e+00
    outer loop
      vertex   4.440000e+02 0.000000e+00 1.335000e+02
      vertex   4.440000e+02 1.500000e+01 1.335000e+02
      vertex   4.500000e+02 7.000000e+00 1.335000e+02
    endloop
  endfacet
  facet normal 0.000000e+00 0.000000e+00 -1.000000e+00
    outer loop
      vertex   4.500000e+02 7.000000e+00 1.335000e+02
      vertex   4.440000e+02 1.500000e+01 1.335000e+02
      vertex   4.500000e+02 1.500000e+01 1.335000e+02
    endloop
  endfacet
  facet normal -1.000000e+00 -0.000000e+00 -0.000000e+00
    outer loop
      vertex   4.610000e+02 7.000000e+00 1.335000e+02
      vertex   4.610000e+02 7.000000e+00 1.295000e+02
      vertex   4.610000e+02 -3.000000e+00 1.335000e+02
    endloop
  endfacet
  facet normal -1.000000e+00 0.000000e+00 0.000000e+00
    outer loop
      vertex   4.610000e+02 -3.000000e+00 1.335000e+02
      vertex   4.610000e+02 7.000000e+00 1.295000e+02
      vertex   4.610000e+02 -3.000000e+00 1.295000e+02
    endloop
  endfacet
  facet normal -0.000000e+00 1.000000e+00 0.000000e+00
    outer loop
      vertex   4.430000e+02 7.000000e+00 2.405000e+02
      vertex   4.470000e+02 7.000000e+00 2.405000e+02
      vertex   4.430000e+02 7.000000e+00 2.305000e+02
    endloop
  endfacet
  facet normal 0.000000e+00 1.000000e+00 0.000000e+00
    outer loop
      vertex   4.430000e+02 7.000000e+00 2.305000e+02
      vertex   4.470000e+02 7.000000e+00 2.405000e+02
      vertex   4.490000e+02 7.000000e+00 2.395000e+02
    endloop
  endfacet
  facet normal 0.000000e+00 1.000000e+00 0.000000e+00
    outer loop
      vertex   4.430000e+02 7.000000e+00 2.305000e+02
      vertex   4.490000e+02 7.000000e+00 2.395000e+02
      vertex   4.630000e+02 7.000000e+00 2.395000e+02
    endloop
  endfacet
  facet normal -0.000000e+00 1.000000e+00 0.000000e+00
    outer loop
      vertex   4.470000e+02 7.000000e+00 2.405000e+02
      vertex   4.490000e+02 7.000000e+00 2.405000e+02
      vertex   4.490000e+02 7.000000e+00 2.395000e+02
    endloop
  endfacet
  facet normal 0.000000e+00 1.000000e+00 0.000000e+00
    outer loop
      vertex   4.430000e+02 7.000000e+00 2.305000e+02
      vertex   4.630000e+02 7.000000e+00 2.395000e+02
      vertex   4.690000e+02 7.000000e+00 2.305000e+02
    endloop
  endfacet
  facet normal 0.000000e+00 1.000000e+00 0.000000e+00
    outer loop
      vertex   4.690000e+02 7.000000e+00 2.305000e+02
      vertex   4.630000e+02 7.000000e+00 2.395000e+02
      vertex   4.630000e+02 7.000000e+00 2.485000e+02
    endloop
  endfacet
  facet normal 0.000000e+00 1.000000e+00 -0.000000e+00
    outer loop
      vertex   4.690000e+02 7.000000e+00 2.305000e+02
      vertex   4.630000e+02 7.000000e+00 2.485000e+02
      vertex   4.690000e+02 7.000000e+00 2.575000e+02
    endloop
  endfacet
  facet normal 0.000000e+00 1.000000e+00 0.000000e+00
    outer loop
      vertex   4.690000e+02 7.000000e+00 2.575000e+02
      vertex   4.630000e+02 7.000000e+00 2.485000e+02
      vertex   4.430000e+02 7.000000e+00 2.575000e+02
    endloop
  endfacet
  facet normal 0.000000e+00 1.000000e+00 0.000000e+00
    outer loop
      vertex   4.430000e+02 7.000000e+00 2.575000e+02
      vertex   4.630000e+02 7.000000e+00 2.485000e+02
      vertex   4.490000e+02 7.000000e+00 2.485000e+02
    endloop
  endfacet
  facet normal 0.000000e+00 1.000000e+00 0.000000e+00
    outer loop
      vertex   4.430000e+02 7.000000e+00 2.575000e+02
      vertex   4.490000e+02 7.000000e+00 2.485000e+02
      vertex   4.430000e+02 7.000000e+00 2.475000e+02
    endloop
  endfacet
  facet normal 0.000000e+00 1.000000e+00 0.000000e+00
    outer loop
      vertex   4.430000e+02 7.000000e+00 2.475000e+02
      vertex   4.490000e+02 7.000000e+00 2.485000e+02
      vertex   4.490000e+02 7.000000e+00 2.475000e+02
    endloop
  endfacet
  facet normal 1.000000e+00 0.000000e+00 -0.000000e+00
    outer loop
      vertex   4.490000e+02 7.000000e+00 2.475000e+02
      vertex   4.490000e+02 7.000000e+00 2.485000e+02
      vertex   4.490000e+02 -3.000000e+00 2.475000e+02
    endloop
  endfacet
  facet normal 1.000000e+00 0.000000e+00 0.000000e+00
    outer loop
      vertex   4.490000e+02 -3.000000e+00 2.475000e+02
      vertex   4.490000e+02 7.000000e+00 2.485000e+02
      vertex   4.490000e+02 -3.000000e+00 2.485000e+02
    endloop
  endfacet
  facet normal 0.000000e+00 0.000000e+00 -1.000000e+00
    outer loop
      vertex   4.490000e+02 7.000000e+00 2.485000e+02
      vertex   4.630000e+02 7.000000e+00 2.485000e+02
      vertex   4.490000e+02 -3.000000e+00 2.485000e+02
    endloop
  endfacet
  facet normal 0.000000e+00 0.000000e+00 -1.000000e+00
    outer loop
      vertex   4.490000e+02 -3.000000e+00 2.485000e+02
      vertex   4.630000e+02 7.000000e+00 2.485000e+02
      vertex   4.630000e+02 -3.000000e+00 2.485000e+02
    endloop
  endfacet
  facet normal -1.000000e+00 -0.000000e+00 -0.000000e+00
    outer loop
      vertex   4.630000e+02 7.000000e+00 2.485000e+02
      vertex   4.630000e+02 7.000000e+00 2.395000e+02
      vertex   4.630000e+02 -3.000000e+00 2.485000e+02
    endloop
  endfacet
  facet normal -1.000000e+00 0.000000e+00 0.000000e+00
    outer loop
      vertex   4.630000e+02 -3.000000e+00 2.485000e+02
      vertex   4.630000e+02 7.000000e+00 2.395000e+02
      vertex   4.630000e+02 -3.000000e+00 2.395000e+02
    endloop
  endfacet
  facet normal 0.000000e+00 0.000000e+00 1.000000e+00
    outer loop
      vertex   4.630000e+02 7.000000e+00 2.395000e+02
      vertex   4.490000e+02 7.000000e+00 2.395000e+02
      vertex   4.630000e+02 -3.000000e+00 2.395000e+02
    endloop
  endfacet
  facet normal 0.000000e+00 0.000000e+00 1.000000e+00
    outer loop
      vertex   4.630000e+02 -3.000000e+00 2.395000e+02
      vertex   4.490000e+02 7.000000e+00 2.395000e+02
      vertex   4.490000e+02 -3.000000e+00 2.395000e+02
    endloop
  endfacet
  facet normal 1.000000e+00 0.000000e+00 -4.425642e-06
    outer loop
      vertex   4.490000e+02 7.000000e+00 2.405000e+02
      vertex   4.490000e+02 5.000000e+00 2.405000e+02
      vertex   4.490000e+02 7.000000e+00 2.395000e+02
    endloop
  endfacet
  facet normal 1.000000e+00 0.000000e+00 -4.425642e-06
    outer loop
      vertex   4.490000e+02 7.000000e+00 2.395000e+02
      vertex   4.490000e+02 5.000000e+00 2.405000e+02
      vertex   4.490000e+02 0.000000e+00 2.405000e+02
    endloop
  endfacet
  facet normal 1.000000e+00 0.000000e+00 -4.425642e-06
    outer loop
      vertex   4.490000e+02 7.000000e+00 2.395000e+02
      vertex   4.490000e+02 0.000000e+00 2.405000e+02
      vertex   4.490000e+02 -3.000000e+00 2.395000e+02
    endloop
  endfacet
  facet normal 1.000000e+00 0.000000e+00 -4.425642e-06
    outer loop
      vertex   4.490000e+02 -3.000000e+00 2.395000e+02
      vertex   4.490000e+02 0.000000e+00 2.405000e+02
      vertex   4.490000e+02 -3.000000e+00 2.405000e+02
    endloop
  endfacet
  facet normal 0.000000e+00 0.000000e+00 1.000000e+00
    outer loop
      vertex   4.490000e+02 7.000000e+00 2.405000e+02
      vertex   4.470000e+02 7.000000e+00 2.405000e+02
      vertex   4.490000e+02 5.000000e+00 2.405000e+02
    endloop
  endfacet
  facet normal 0.000000e+00 0.000000e+00 1.000000e+00
    outer loop
      vertex   4.490000e+02 5.000000e+00 2.405000e+02
      vertex   4.470000e+02 7.000000e+00 2.405000e+02
      vertex   4.490000e+02 0.000000e+00 2.405000e+02
    endloop
  endfacet
  facet normal 0.000000e+00 0.000000e+00 1.000000e+00
    outer loop
      vertex   4.490000e+02 0.000000e+00 2.405000e+02
      vertex   4.470000e+02 7.000000e+00 2.405000e+02
      vertex   4.430000e+02 7.000000e+00 2.405000e+02
    endloop
  endfacet
  facet normal 0.000000e+00 0.000000e+00 1.000000e+00
    outer loop
      vertex   4.490000e+02 0.000000e+00 2.405000e+02
      vertex   4.430000e+02 7.000000e+00 2.405000e+02
      vertex   4.400000e+02 -3.000000e+00 2.405000e+02
    endloop
  endfacet
  facet normal 0.000000e+00 -0.000000e+00 1.000000e+00
    outer loop
      vertex   4.400000e+02 -3.000000e+00 2.405000e+02
      vertex   4.430000e+02 7.000000e+00 2.405000e+02
      vertex   4.370000e+02 0.000000e+00 2.405000e+02
    endloop
  endfacet
  facet normal 0.000000e+00 0.000000e+00 1.000000e+00
    outer loop
      vertex   4.400000e+02 -3.000000e+00 2.405000e+02
      vertex   4.370000e+02 0.000000e+00 2.405000e+02
      vertex   4.370000e+02 -3.000000e+00 2.405000e+02
    endloop
  endfacet
  facet normal 0.000000e+00 -0.000000e+00 1.000000e+00
    outer loop
      vertex   4.370000e+02 0.000000e+00 2.405000e+02
      vertex   4.430000e+02 7.000000e+00 2.405000e+02
      vertex   4.370000e+02 1.500000e+01 2.405000e+02
    endloop
  endfacet
  facet normal 0.000000e+00 0.000000e+00 1.000000e+00
    outer loop
      vertex   4.370000e+02 1.500000e+01 2.405000e+02
      vertex   4.430000e+02 7.000000e+00 2.405000e+02
      vertex   4.430000e+02 1.000000e+01 2.405000e+02
    endloop
  endfacet
  facet normal -0.000000e+00 0.000000e+00 1.000000e+00
    outer loop
      vertex   4.370000e+02 1.500000e+01 2.405000e+02
      vertex   4.430000e+02 1.000000e+01 2.405000e+02
      vertex   4.430000e+02 1.500000e+01 2.405000e+02
    endloop
  endfacet
  facet normal 0.000000e+00 0.000000e+00 1.000000e+00
    outer loop
      vertex   4.400000e+02 -3.000000e+00 2.405000e+02
      vertex   4.490000e+02 -3.000000e+00 2.405000e+02
      vertex   4.490000e+02 0.000000e+00 2.405000e+02
    endloop
  endfacet
  facet normal 1.000000e+00 0.000000e+00 0.000000e+00
    outer loop
      vertex   4.430000e+02 7.000000e+00 2.475000e+02
      vertex   4.430000e+02 1.500000e+01 2.475000e+02
      vertex   4.430000e+02 7.000000e+00 2.575000e+02
    endloop
  endfacet
  facet normal 1.000000e+00 -0.000000e+00 0.000000e+00
    outer loop
      vertex   4.430000e+02 7.000000e+00 2.575000e+02
      vertex   4.430000e+02 1.500000e+01 2.475000e+02
      vertex   4.430000e+02 1.500000e+01 2.575000e+02
    endloop
  endfacet
  facet normal 1.000000e+00 0.000000e+00 -4.425645e-07
    outer loop
      vertex   4.430000e+02 7.000000e+00 2.405000e+02
      vertex   4.430000e+02 7.000000e+00 2.305000e+02
      vertex   4.430000e+02 1.000000e+01 2.405000e+02
    endloop
  endfacet
  facet normal 1.000000e+00 2.885192e-14 -4.425645e-07
    outer loop
      vertex   4.430000e+02 1.000000e+01 2.405000e+02
      vertex   4.430000e+02 7.000000e+00 2.305000e+02
      vertex   4.430000e+02 1.500000e+01 2.305000e+02
    endloop
  endfacet
  facet normal 1.000000e+00 8.851290e-07 0.000000e+00
    outer loop
      vertex   4.430000e+02 1.000000e+01 2.405000e+02
      vertex   4.430000e+02 1.500000e+01 2.305000e+02
      vertex   4.430000e+02 1.500000e+01 2.405000e+02
    endloop
  endfacet
  facet normal 0.000000e+00 1.000000e+00 -0.000000e+00
    outer loop
      vertex   4.690000e+02 1.500000e+01 2.575000e+02
      vertex   4.430000e+02 1.500000e+01 2.575000e+02
      vertex   4.690000e+02 1.500000e+01 2.580000e+02
    endloop
  endfacet
  facet normal 0.000000e+00 1.000000e+00 -0.000000e+00
    outer loop
      vertex   4.690000e+02 1.500000e+01 2.580000e+02
      vertex   4.430000e+02 1.500000e+01 2.575000e+02
      vertex   4.690000e+02 1.500000e+01 2.600000e+02
    endloop
  endfacet
  facet normal 0.000000e+00 1.000000e+00 -0.000000e+00
    outer loop
      vertex   4.690000e+02 1.500000e+01 2.600000e+02
      vertex   4.430000e+02 1.500000e+01 2.575000e+02
      vertex   4.690000e+02 1.500000e+01 2.610000e+02
    endloop
  endfacet
  facet normal 0.000000e+00 1.000000e+00 0.000000e+00
    outer loop
      vertex   4.690000e+02 1.500000e+01 2.610000e+02
      vertex   4.430000e+02 1.500000e+01 2.575000e+02
      vertex   4.370000e+02 1.500000e+01 2.610000e+02
    endloop
  endfacet
  facet normal 0.000000e+00 1.000000e+00 0.000000e+00
    outer loop
      vertex   4.370000e+02 1.500000e+01 2.610000e+02
      vertex   4.430000e+02 1.500000e+01 2.575000e+02
      vertex   4.370000e+02 1.500000e+01 2.475000e+02
    endloop
  endfacet
  facet normal 0.000000e+00 1.000000e+00 0.000000e+00
    outer loop
      vertex   4.370000e+02 1.500000e+01 2.475000e+02
      vertex   4.430000e+02 1.500000e+01 2.575000e+02
      vertex   4.430000e+02 1.500000e+01 2.475000e+02
    endloop
  endfacet
  facet normal -0.000000e+00 -0.000000e+00 -1.000000e+00
    outer loop
      vertex   4.490000e+02 7.000000e+00 2.475000e+02
      vertex   4.490000e+02 -3.000000e+00 2.475000e+02
      vertex   4.430000e+02 7.000000e+00 2.475000e+02
    endloop
  endfacet
  facet normal 0.000000e+00 -0.000000e+00 -1.000000e+00
    outer loop
      vertex   4.430000e+02 7.000000e+00 2.475000e+02
      vertex   4.490000e+02 -3.000000e+00 2.475000e+02
      vertex   4.400000e+02 -3.000000e+00 2.475000e+02
    endloop
  endfacet
  facet normal 0.000000e+00 0.000000e+00 -1.000000e+00
    outer loop
      vertex   4.430000e+02 7.000000e+00 2.475000e+02
      vertex   4.400000e+02 -3.000000e+00 2.475000e+02
      vertex   4.370000e+02 0.000000e+00 2.475000e+02
    endloop
  endfacet
  facet normal 0.000000e+00 0.000000e+00 -1.000000e+00
    outer loop
      vertex   4.370000e+02 0.000000e+00 2.475000e+02
      vertex   4.400000e+02 -3.000000e+00 2.475000e+02
      vertex   4.370000e+02 -3.000000e+00 2.475000e+02
    endloop
  endfacet
  facet normal 0.000000e+00 0.000000e+00 -1.000000e+00
    outer loop
      vertex   4.370000e+02 0.000000e+00 2.475000e+02
      vertex   4.370000e+02 1.500000e+01 2.475000e+02
      vertex   4.430000e+02 7.000000e+00 2.475000e+02
    endloop
  endfacet
  facet normal 0.000000e+00 0.000000e+00 -1.000000e+00
    outer loop
      vertex   4.430000e+02 7.000000e+00 2.475000e+02
      vertex   4.370000e+02 1.500000e+01 2.475000e+02
      vertex   4.430000e+02 1.500000e+01 2.475000e+02
    endloop
  endfacet
  facet normal 0.000000e+00 1.000000e+00 0.000000e+00
    outer loop
      vertex   4.430000e+02 1.500000e+01 2.405000e+02
      vertex   4.430000e+02 1.500000e+01 2.305000e+02
      vertex   4.370000e+02 1.500000e+01 2.405000e+02
    endloop
  endfacet
  facet normal 0.000000e+00 1.000000e+00 0.000000e+00
    outer loop
      vertex   4.370000e+02 1.500000e+01 2.405000e+02
      vertex   4.430000e+02 1.500000e+01 2.305000e+02
      vertex   4.370000e+02 1.500000e+01 2.270000e+02
    endloop
  endfacet
  facet normal 0.000000e+00 1.000000e+00 0.000000e+00
    outer loop
      vertex   4.370000e+02 1.500000e+01 2.270000e+02
      vertex   4.430000e+02 1.500000e+01 2.305000e+02
      vertex   4.690000e+02 1.500000e+01 2.270000e+02
    endloop
  endfacet
  facet normal 0.000000e+00 1.000000e+00 -0.000000e+00
    outer loop
      vertex   4.690000e+02 1.500000e+01 2.270000e+02
      vertex   4.430000e+02 1.500000e+01 2.305000e+02
      vertex   4.690000e+02 1.500000e+01 2.280000e+02
    endloop
  endfacet
  facet normal 0.000000e+00 1.000000e+00 0.000000e+00
    outer loop
      vertex   4.690000e+02 1.500000e+01 2.280000e+02
      vertex   4.430000e+02 1.500000e+01 2.305000e+02
      vertex   4.690000e+02 1.500000e+01 2.300000e+02
    endloop
  endfacet
  facet normal 0.000000e+00 1.000000e+00 -0.000000e+00
    outer loop
      vertex   4.690000e+02 1.500000e+01 2.300000e+02
      vertex   4.430000e+02 1.500000e+01 2.305000e+02
      vertex   4.690000e+02 1.500000e+01 2.305000e+02
    endloop
  endfacet
  facet normal -1.000000e+00 -2.980232e-09 2.207579e-09
    outer loop
      vertex   4.370000e+02 1.500000e+01 2.405000e+02
      vertex   4.370000e+02 5.000000e+00 2.270000e+02
      vertex   4.370000e+02 0.000000e+00 2.405000e+02
    endloop
  endfacet
  facet normal -1.000000e+00 8.761883e-07 3.278255e-07
    outer loop
      vertex   4.370000e+02 0.000000e+00 2.405000e+02
      vertex   4.370000e+02 5.000000e+00 2.270000e+02
      vertex   4.370000e+02 0.000000e+00 2.270000e+02
    endloop
  endfacet
  facet normal -1.000000e+00 0.000000e+00 3.278255e-07
    outer loop
      vertex   4.370000e+02 0.000000e+00 2.405000e+02
      vertex   4.370000e+02 0.000000e+00 2.270000e+02
      vertex   4.370000e+02 -3.000000e+00 2.405000e+02
    endloop
  endfacet
  facet normal -1.000000e+00 0.000000e+00 3.278255e-07
    outer loop
      vertex   4.370000e+02 -3.000000e+00 2.405000e+02
      vertex   4.370000e+02 0.000000e+00 2.270000e+02
      vertex   4.370000e+02 -3.000000e+00 2.270000e+02
    endloop
  endfacet
  facet normal -1.000000e+00 0.000000e+00 -0.000000e+00
    outer loop
      vertex   4.370000e+02 1.500000e+01 2.405000e+02
      vertex   4.370000e+02 1.500000e+01 2.270000e+02
      vertex   4.370000e+02 5.000000e+00 2.270000e+02
    endloop
  endfacet
  facet normal -1.000000e+00 -0.000000e+00 -0.000000e+00
    outer loop
      vertex   4.370000e+02 1.500000e+01 2.610000e+02
      vertex   4.370000e+02 1.500000e+01 2.475000e+02
      vertex   4.370000e+02 5.000000e+00 2.610000e+02
    endloop
  endfacet
  facet normal -1.000000e+00 2.920628e-07 2.163428e-07
    outer loop
      vertex   4.370000e+02 5.000000e+00 2.610000e+02
      vertex   4.370000e+02 1.500000e+01 2.475000e+02
      vertex   4.370000e+02 0.000000e+00 2.475000e+02
    endloop
  endfacet
  facet normal -1.000000e+00 8.761883e-07 0.000000e+00
    outer loop
      vertex   4.370000e+02 5.000000e+00 2.610000e+02
      vertex   4.370000e+02 0.000000e+00 2.475000e+02
      vertex   4.370000e+02 0.000000e+00 2.610000e+02
    endloop
  endfacet
  facet normal -1.000000e+00 -0.000000e+00 -0.000000e+00
    outer loop
      vertex   4.370000e+02 0.000000e+00 2.610000e+02
      vertex   4.370000e+02 0.000000e+00 2.475000e+02
      vertex   4.370000e+02 -3.000000e+00 2.610000e+02
    endloop
  endfacet
  facet normal -1.000000e+00 0.000000e+00 0.000000e+00
    outer loop
      vertex   4.370000e+02 -3.000000e+00 2.610000e+02
      vertex   4.370000e+02 0.000000e+00 2.475000e+02
      vertex   4.370000e+02 -3.000000e+00 2.475000e+02
    endloop
  endfacet
  facet normal 0.000000e+00 9.872019e-08 -1.000000e+00
    outer loop
      vertex   4.430000e+02 1.500000e+01 2.575000e+02
      vertex   4.690000e+02 1.500000e+01 2.575000e+02
      vertex   4.430000e+02 7.000000e+00 2.575000e+02
    endloop
  endfacet
  facet normal 0.000000e+00 9.872019e-08 -1.000000e+00
    outer loop
      vertex   4.430000e+02 7.000000e+00 2.575000e+02
      vertex   4.690000e+02 1.500000e+01 2.575000e+02
      vertex   4.690000e+02 7.000000e+00 2.575000e+02
    endloop
  endfacet
  facet normal 2.005926e-08 0.000000e+00 1.000000e+00
    outer loop
      vertex   4.690000e+02 1.500000e+01 2.305000e+02
      vertex   4.430000e+02 1.500000e+01 2.305000e+02
      vertex   4.690000e+02 7.000000e+00 2.305000e+02
    endloop
  endfacet
  facet normal 0.000000e+00 -6.519258e-08 1.000000e+00
    outer loop
      vertex   4.690000e+02 7.000000e+00 2.305000e+02
      vertex   4.430000e+02 1.500000e+01 2.305000e+02
      vertex   4.430000e+02 7.000000e+00 2.305000e+02
    endloop
  endfacet
  facet normal 0.000000e+00 0.000000e+00 -1.000000e+00
    outer loop
      vertex   4.370000e+02 1.500000e+01 2.270000e+02
      vertex   4.690000e+02 1.500000e+01 2.270000e+02
      vertex   4.370000e+02 5.000000e+00 2.270000e+02
    endloop
  endfacet
  facet normal 0.000000e+00 0.000000e+00 -1.000000e+00
    outer loop
      vertex   4.370000e+02 5.000000e+00 2.270000e+02
      vertex   4.690000e+02 1.500000e+01 2.270000e+02
      vertex   4.690000e+02 -3.000000e+00 2.270000e+02
    endloop
  endfacet
  facet normal 2.384185e-08 9.536741e-08 -1.000000e+00
    outer loop
      vertex   4.370000e+02 5.000000e+00 2.270000e+02
      vertex   4.690000e+02 -3.000000e+00 2.270000e+02
      vertex   4.370000e+02 0.000000e+00 2.270000e+02
    endloop
  endfacet
  facet normal 1.490116e-08 0.000000e+00 -1.000000e+00
    outer loop
      vertex   4.370000e+02 0.000000e+00 2.270000e+02
      vertex   4.690000e+02 -3.000000e+00 2.270000e+02
      vertex   4.370000e+02 -3.000000e+00 2.270000e+02
    endloop
  endfacet
  facet normal -0.000000e+00 0.000000e+00 1.000000e+00
    outer loop
      vertex   4.370000e+02 1.500000e+01 2.610000e+02
      vertex   4.370000e+02 5.000000e+00 2.610000e+02
      vertex   4.690000e+02 1.500000e+01 2.610000e+02
    endloop
  endfacet
  facet normal -5.303365e-08 1.697077e-07 1.000000e+00
    outer loop
      vertex   4.690000e+02 1.500000e+01 2.610000e+02
      vertex   4.370000e+02 5.000000e+00 2.610000e+02
      vertex   4.690000e+02 -3.000000e+00 2.610000e+02
    endloop
  endfacet
  facet normal 2.610887e-07 1.697077e-07 1.000000e+00
    outer loop
      vertex   4.690000e+02 1.500000e+01 2.610000e+02
      vertex   4.690000e+02 -3.000000e+00 2.610000e+02
      vertex   4.755000e+02 5.000000e+00 2.610000e+02
    endloop
  endfacet
  facet normal 6.753673e-07 -1.668936e-07 1.000000e+00
    outer loop
      vertex   4.755000e+02 5.000000e+00 2.610000e+02
      vertex   4.690000e+02 -3.000000e+00 2.610000e+02
      vertex   4.755000e+02 0.000000e+00 2.610000e+02
    endloop
  endfacet
  facet normal 7.778414e-07 -3.889207e-07 1.000000e+00
    outer loop
      vertex   4.755000e+02 0.000000e+00 2.610000e+02
      vertex   4.690000e+02 -3.000000e+00 2.610000e+02
      vertex   4.740000e+02 -3.000000e+00 2.610000e+02
    endloop
  endfacet
  facet normal 0.000000e+00 0.000000e+00 1.000000e+00
    outer loop
      vertex   4.755000e+02 0.000000e+00 2.610000e+02
      vertex   4.740000e+02 -3.000000e+00 2.610000e+02
      vertex   4.755000e+02 -3.000000e+00 2.610000e+02
    endloop
  endfacet
  facet normal -1.371838e-07 -1.668929e-07 1.000000e+00
    outer loop
      vertex   4.370000e+02 5.000000e+00 2.610000e+02
      vertex   4.370000e+02 0.000000e+00 2.610000e+02
      vertex   4.690000e+02 -3.000000e+00 2.610000e+02
    endloop
  endfacet
  facet normal -1.215376e-07 0.000000e+00 1.000000e+00
    outer loop
      vertex   4.690000e+02 -3.000000e+00 2.610000e+02
      vertex   4.370000e+02 0.000000e+00 2.610000e+02
      vertex   4.370000e+02 -3.000000e+00 2.610000e+02
    endloop
  endfacet
  facet normal 0.000000e+00 -0.000000e+00 1.000000e+00
    outer loop
      vertex   4.755000e+02 5.000000e+00 2.610000e+02
      vertex   4.755000e+02 2.500000e+01 2.610000e+02
      vertex   4.690000e+02 1.500000e+01 2.610000e+02
    endloop
  endfacet
  facet normal 0.000000e+00 0.000000e+00 1.000000e+00
    outer loop
      vertex   4.690000e+02 1.500000e+01 2.610000e+02
      vertex   4.755000e+02 2.500000e+01 2.610000e+02
      vertex   4.690000e+02 2.500000e+01 2.610000e+02
    endloop
  endfacet
  facet normal 0.000000e+00 -1.527369e-07 1.000000e+00
    outer loop
      vertex   4.690000e+02 2.500000e+01 2.610000e+02
      vertex   4.755000e+02 2.500000e+01 2.610000e+02
      vertex   4.740000e+02 4.500000e+01 2.610000e+02
    endloop
  endfacet
  facet normal 0.000000e+00 -1.527369e-07 1.000000e+00
    outer loop
      vertex   4.690000e+02 2.500000e+01 2.610000e+02
      vertex   4.740000e+02 4.500000e+01 2.610000e+02
      vertex   4.690000e+02 4.500000e+01 2.610000e+02
    endloop
  endfacet
  facet normal 0.000000e+00 -1.527369e-07 1.000000e+00
    outer loop
      vertex   4.755000e+02 2.500000e+01 2.610000e+02
      vertex   4.755000e+02 4.500000e+01 2.610000e+02
      vertex   4.740000e+02 4.500000e+01 2.610000e+02
    endloop
  endfacet
  facet normal -7.335962e-08 -0.000000e+00 -1.000000e+00
    outer loop
      vertex   4.755000e+02 0.000000e+00 8.900000e+01
      vertex   4.755000e+02 -3.000000e+00 8.900000e+01
      vertex   4.690000e+02 1.500000e+01 8.900000e+01
    endloop
  endfacet
  facet normal 0.000000e+00 2.649095e-08 -1.000000e+00
    outer loop
      vertex   4.690000e+02 1.500000e+01 8.900000e+01
      vertex   4.755000e+02 -3.000000e+00 8.900000e+01
      vertex   4.480000e+02 -3.000000e+00 8.900000e+01
    endloop
  endfacet
  facet normal 2.270653e-08 0.000000e+00 -1.000000e+00
    outer loop
      vertex   4.690000e+02 1.500000e+01 8.900000e+01
      vertex   4.480000e+02 -3.000000e+00 8.900000e+01
      vertex   4.480000e+02 0.000000e+00 8.900000e+01
    endloop
  endfacet
  facet normal 0.000000e+00 3.178914e-08 -1.000000e+00
    outer loop
      vertex   4.480000e+02 0.000000e+00 8.900000e+01
      vertex   4.480000e+02 1.500000e+01 8.900000e+01
      vertex   4.690000e+02 1.500000e+01 8.900000e+01
    endloop
  endfacet
  facet normal -7.335962e-08 0.000000e+00 -1.000000e+00
    outer loop
      vertex   4.690000e+02 1.500000e+01 8.900000e+01
      vertex   4.690000e+02 2.500000e+01 8.900000e+01
      vertex   4.755000e+02 0.000000e+00 8.900000e+01
    endloop
  endfacet
  facet normal -3.260426e-08 1.059638e-08 -1.000000e+00
    outer loop
      vertex   4.755000e+02 0.000000e+00 8.900000e+01
      vertex   4.690000e+02 2.500000e+01 8.900000e+01
      vertex   4.755000e+02 4.500000e+01 8.900000e+01
    endloop
  endfacet
  facet normal -0.000000e+00 0.000000e+00 -1.000000e+00
    outer loop
      vertex   4.755000e+02 4.500000e+01 8.900000e+01
      vertex   4.690000e+02 2.500000e+01 8.900000e+01
      vertex   4.690000e+02 4.500000e+01 8.900000e+01
    endloop
  endfacet
  facet normal -3.973642e-08 0.000000e+00 1.000000e+00
    outer loop
      vertex   4.480000e+02 -3.000000e+00 1.120000e+02
      vertex   4.690000e+02 -3.000000e+00 1.120000e+02
      vertex   4.480000e+02 0.000000e+00 1.120000e+02
    endloop
  endfacet
  facet normal -3.973642e-08 -1.254863e-22 1.000000e+00
    outer loop
      vertex   4.480000e+02 0.000000e+00 1.120000e+02
      vertex   4.690000e+02 -3.000000e+00 1.120000e+02
      vertex   4.690000e+02 1.500000e+01 1.120000e+02
    endloop
  endfacet
  facet normal 0.000000e+00 -5.563100e-08 1.000000e+00
    outer loop
      vertex   4.480000e+02 0.000000e+00 1.120000e+02
      vertex   4.690000e+02 1.500000e+01 1.120000e+02
      vertex   4.480000e+02 1.500000e+01 1.120000e+02
    endloop
  endfacet
  facet normal -1.000000e+00 8.195638e-08 4.917383e-07
    outer loop
      vertex   4.480000e+02 -3.000000e+00 8.950000e+01
      vertex   4.480000e+02 -3.000000e+00 9.850000e+01
      vertex   4.480000e+02 0.000000e+00 8.900000e+01
    endloop
  endfacet
  facet normal -1.000000e+00 -2.483530e-09 4.650731e-07
    outer loop
      vertex   4.480000e+02 0.000000e+00 8.900000e+01
      vertex   4.480000e+02 -3.000000e+00 9.850000e+01
      vertex   4.480000e+02 1.500000e+01 9.850000e+01
    endloop
  endfacet
  facet normal -1.000000e+00 2.920628e-07 0.000000e+00
    outer loop
      vertex   4.480000e+02 0.000000e+00 8.900000e+01
      vertex   4.480000e+02 1.500000e+01 9.850000e+01
      vertex   4.480000e+02 1.500000e+01 8.900000e+01
    endloop
  endfacet
  facet normal -1.000000e+00 0.000000e+00 0.000000e+00
    outer loop
      vertex   4.480000e+02 0.000000e+00 8.900000e+01
      vertex   4.480000e+02 -3.000000e+00 8.900000e+01
      vertex   4.480000e+02 -3.000000e+00 8.950000e+01
    endloop
  endfacet
  facet normal -1.000000e+00 2.920628e-07 0.000000e+00
    outer loop
      vertex   4.480000e+02 1.500000e+01 1.120000e+02
      vertex   4.480000e+02 1.500000e+01 1.025000e+02
      vertex   4.480000e+02 0.000000e+00 1.120000e+02
    endloop
  endfacet
  facet normal -1.000000e+00 2.920628e-07 0.000000e+00
    outer loop
      vertex   4.480000e+02 0.000000e+00 1.120000e+02
      vertex   4.480000e+02 1.500000e+01 1.025000e+02
      vertex   4.480000e+02 0.000000e+00 1.025000e+02
    endloop
  endfacet
  facet normal -1.000000e+00 0.000000e+00 -0.000000e+00
    outer loop
      vertex   4.480000e+02 0.000000e+00 1.120000e+02
      vertex   4.480000e+02 0.000000e+00 1.025000e+02
      vertex   4.480000e+02 -3.000000e+00 1.115000e+02
    endloop
  endfacet
  facet normal -1.000000e+00 0.000000e+00 0.000000e+00
    outer loop
      vertex   4.480000e+02 -3.000000e+00 1.115000e+02
      vertex   4.480000e+02 0.000000e+00 1.025000e+02
      vertex   4.480000e+02 -3.000000e+00 1.025000e+02
    endloop
  endfacet
  facet normal -1.000000e+00 0.000000e+00 0.000000e+00
    outer loop
      vertex   4.480000e+02 -3.000000e+00 1.115000e+02
      vertex   4.480000e+02 -3.000000e+00 1.120000e+02
      vertex   4.480000e+02 0.000000e+00 1.120000e+02
    endloop
  endfacet
  facet normal -0.000000e+00 1.000000e+00 0.000000e+00
    outer loop
      vertex   4.528000e+02 7.000000e+00 1.086000e+02
      vertex   4.690000e+02 7.000000e+00 1.086000e+02
      vertex   4.640000e+02 7.000000e+00 1.025000e+02
    endloop
  endfacet
  facet normal -0.000000e+00 1.000000e+00 0.000000e+00
    outer loop
      vertex   4.640000e+02 7.000000e+00 1.025000e+02
      vertex   4.690000e+02 7.000000e+00 1.086000e+02
      vertex   4.690000e+02 7.000000e+00 9.240000e+01
    endloop
  endfacet
  facet normal 0.000000e+00 1.000000e+00 0.000000e+00
    outer loop
      vertex   4.640000e+02 7.000000e+00 1.025000e+02
      vertex   4.690000e+02 7.000000e+00 9.240000e+01
      vertex   4.640000e+02 7.000000e+00 9.850000e+01
    endloop
  endfacet
  facet normal 0.000000e+00 1.000000e+00 0.000000e+00
    outer loop
      vertex   4.640000e+02 7.000000e+00 9.850000e+01
      vertex   4.690000e+02 7.000000e+00 9.240000e+01
      vertex   4.528000e+02 7.000000e+00 9.240000e+01
    endloop
  endfacet
  facet normal 0.000000e+00 1.000000e+00 0.000000e+00
    outer loop
      vertex   4.640000e+02 7.000000e+00 9.850000e+01
      vertex   4.528000e+02 7.000000e+00 9.240000e+01
      vertex   4.530000e+02 7.000000e+00 9.850000e+01
    endloop
  endfacet
  facet normal 0.000000e+00 1.000000e+00 0.000000e+00
    outer loop
      vertex   4.530000e+02 7.000000e+00 9.850000e+01
      vertex   4.528000e+02 7.000000e+00 9.240000e+01
      vertex   4.528000e+02 7.000000e+00 9.850000e+01
    endloop
  endfacet
  facet normal 0.000000e+00 1.000000e+00 0.000000e+00
    outer loop
      vertex   4.640000e+02 7.000000e+00 1.025000e+02
      vertex   4.528000e+02 7.000000e+00 1.025000e+02
      vertex   4.528000e+02 7.000000e+00 1.086000e+02
    endloop
  endfacet
  facet normal -0.000000e+00 -0.000000e+00 -1.000000e+00
    outer loop
      vertex   4.528000e+02 1.500000e+01 1.025000e+02
      vertex   4.528000e+02 7.000000e+00 1.025000e+02
      vertex   4.480000e+02 1.500000e+01 1.025000e+02
    endloop
  endfacet
  facet normal 0.000000e+00 -0.000000e+00 -1.000000e+00
    outer loop
      vertex   4.480000e+02 1.500000e+01 1.025000e+02
      vertex   4.528000e+02 7.000000e+00 1.025000e+02
      vertex   4.480000e+02 0.000000e+00 1.025000e+02
    endloop
  endfacet
  facet normal 0.000000e+00 0.000000e+00 -1.000000e+00
    outer loop
      vertex   4.480000e+02 0.000000e+00 1.025000e+02
      vertex   4.528000e+02 7.000000e+00 1.025000e+02
      vertex   4.500000e+02 -3.000000e+00 1.025000e+02
    endloop
  endfacet
  facet normal 0.000000e+00 0.000000e+00 -1.000000e+00
    outer loop
      vertex   4.480000e+02 0.000000e+00 1.025000e+02
      vertex   4.500000e+02 -3.000000e+00 1.025000e+02
      vertex   4.480000e+02 -3.000000e+00 1.025000e+02
    endloop
  endfacet
  facet normal -0.000000e+00 -0.000000e+00 -1.000000e+00
    outer loop
      vertex   4.640000e+02 7.000000e+00 1.025000e+02
      vertex   4.640000e+02 -3.000000e+00 1.025000e+02
      vertex   4.528000e+02 7.000000e+00 1.025000e+02
    endloop
  endfacet
  facet normal 0.000000e+00 -0.000000e+00 -1.000000e+00
    outer loop
      vertex   4.528000e+02 7.000000e+00 1.025000e+02
      vertex   4.640000e+02 -3.000000e+00 1.025000e+02
      vertex   4.500000e+02 -3.000000e+00 1.025000e+02
    endloop
  endfacet
  facet normal -1.000000e+00 -0.000000e+00 -0.000000e+00
    outer loop
      vertex   4.640000e+02 7.000000e+00 1.025000e+02
      vertex   4.640000e+02 7.000000e+00 9.850000e+01
      vertex   4.640000e+02 -3.000000e+00 1.025000e+02
    endloop
  endfacet
  facet normal -1.000000e+00 0.000000e+00 0.000000e+00
    outer loop
      vertex   4.640000e+02 -3.000000e+00 1.025000e+02
      vertex   4.640000e+02 7.000000e+00 9.850000e+01
      vertex   4.640000e+02 -3.000000e+00 9.850000e+01
    endloop
  endfacet
  facet normal 5.689536e-08 0.000000e+00 1.000000e+00
    outer loop
      vertex   4.640000e+02 7.000000e+00 9.850000e+01
      vertex   4.530000e+02 7.000000e+00 9.850000e+01
      vertex   4.640000e+02 -3.000000e+00 9.850000e+01
    endloop
  endfacet
  facet normal 3.911555e-08 -1.955778e-08 1.000000e+00
    outer loop
      vertex   4.640000e+02 -3.000000e+00 9.850000e+01
      vertex   4.530000e+02 7.000000e+00 9.850000e+01
      vertex   4.480000e+02 -3.000000e+00 9.850000e+01
    endloop
  endfacet
  facet normal 0.000000e+00 -7.105427e-15 1.000000e+00
    outer loop
      vertex   4.480000e+02 -3.000000e+00 9.850000e+01
      vertex   4.530000e+02 7.000000e+00 9.850000e+01
      vertex   4.528000e+02 7.000000e+00 9.850000e+01
    endloop
  endfacet
  facet normal -1.480297e-14 -3.676363e-23 1.000000e+00
    outer loop
      vertex   4.480000e+02 -3.000000e+00 9.850000e+01
      vertex   4.528000e+02 7.000000e+00 9.850000e+01
      vertex   4.480000e+02 1.500000e+01 9.850000e+01
    endloop
  endfacet
  facet normal -1.480297e-14 0.000000e+00 1.000000e+00
    outer loop
      vertex   4.480000e+02 1.500000e+01 9.850000e+01
      vertex   4.528000e+02 7.000000e+00 9.850000e+01
      vertex   4.528000e+02 9.000000e+00 9.850000e+01
    endloop
  endfacet
  facet normal -0.000000e+00 1.184238e-14 1.000000e+00
    outer loop
      vertex   4.480000e+02 1.500000e+01 9.850000e+01
      vertex   4.528000e+02 9.000000e+00 9.850000e+01
      vertex   4.528000e+02 1.500000e+01 9.850000e+01
    endloop
  endfacet
  facet normal 1.000000e+00 0.000000e+00 -7.255155e-07
    outer loop
      vertex   4.528000e+02 7.000000e+00 9.850000e+01
      vertex   4.528000e+02 7.000000e+00 9.240000e+01
      vertex   4.528000e+02 9.000000e+00 9.850000e+01
    endloop
  endfacet
  facet normal 1.000000e+00 4.729823e-14 -7.255155e-07
    outer loop
      vertex   4.528000e+02 9.000000e+00 9.850000e+01
      vertex   4.528000e+02 7.000000e+00 9.240000e+01
      vertex   4.528000e+02 1.500000e+01 9.240000e+01
    endloop
  endfacet
  facet normal 1.000000e+00 7.376075e-07 0.000000e+00
    outer loop
      vertex   4.528000e+02 9.000000e+00 9.850000e+01
      vertex   4.528000e+02 1.500000e+01 9.240000e+01
      vertex   4.528000e+02 1.500000e+01 9.850000e+01
    endloop
  endfacet
  facet normal 1.000000e+00 0.000000e+00 0.000000e+00
    outer loop
      vertex   4.528000e+02 1.500000e+01 1.086000e+02
      vertex   4.528000e+02 7.000000e+00 1.086000e+02
      vertex   4.528000e+02 1.500000e+01 1.025000e+02
    endloop
  endfacet
  facet normal 1.000000e+00 0.000000e+00 0.000000e+00
    outer loop
      vertex   4.528000e+02 1.500000e+01 1.025000e+02
      vertex   4.528000e+02 7.000000e+00 1.086000e+02
      vertex   4.528000e+02 7.000000e+00 1.025000e+02
    endloop
  endfacet
  facet normal 0.000000e+00 1.000000e+00 0.000000e+00
    outer loop
      vertex   4.528000e+02 1.500000e+01 9.850000e+01
      vertex   4.528000e+02 1.500000e+01 9.240000e+01
      vertex   4.480000e+02 1.500000e+01 9.850000e+01
    endloop
  endfacet
  facet normal 0.000000e+00 1.000000e+00 0.000000e+00
    outer loop
      vertex   4.480000e+02 1.500000e+01 9.850000e+01
      vertex   4.528000e+02 1.500000e+01 9.240000e+01
      vertex   4.480000e+02 1.500000e+01 8.900000e+01
    endloop
  endfacet
  facet normal 0.000000e+00 1.000000e+00 0.000000e+00
    outer loop
      vertex   4.480000e+02 1.500000e+01 8.900000e+01
      vertex   4.528000e+02 1.500000e+01 9.240000e+01
      vertex   4.690000e+02 1.500000e+01 8.900000e+01
    endloop
  endfacet
  facet normal 0.000000e+00 1.000000e+00 -0.000000e+00
    outer loop
      vertex   4.690000e+02 1.500000e+01 8.900000e+01
      vertex   4.528000e+02 1.500000e+01 9.240000e+01
      vertex   4.690000e+02 1.500000e+01 8.950000e+01
    endloop
  endfacet
  facet normal 0.000000e+00 1.000000e+00 0.000000e+00
    outer loop
      vertex   4.690000e+02 1.500000e+01 8.950000e+01
      vertex   4.528000e+02 1.500000e+01 9.240000e+01
      vertex   4.690000e+02 1.500000e+01 9.240000e+01
    endloop
  endfacet
  facet normal 0.000000e+00 1.000000e+00 -0.000000e+00
    outer loop
      vertex   4.690000e+02 1.500000e+01 1.086000e+02
      vertex   4.528000e+02 1.500000e+01 1.086000e+02
      vertex   4.690000e+02 1.500000e+01 1.115000e+02
    endloop
  endfacet
  facet normal 0.000000e+00 1.000000e+00 -0.000000e+00
    outer loop
      vertex   4.690000e+02 1.500000e+01 1.115000e+02
      vertex   4.528000e+02 1.500000e+01 1.086000e+02
      vertex   4.690000e+02 1.500000e+01 1.120000e+02
    endloop
  endfacet
  facet normal 0.000000e+00 1.000000e+00 0.000000e+00
    outer loop
      vertex   4.690000e+02 1.500000e+01 1.120000e+02
      vertex   4.528000e+02 1.500000e+01 1.086000e+02
      vertex   4.480000e+02 1.500000e+01 1.120000e+02
    endloop
  endfacet
  facet normal 0.000000e+00 1.000000e+00 0.000000e+00
    outer loop
      vertex   4.480000e+02 1.500000e+01 1.120000e+02
      vertex   4.528000e+02 1.500000e+01 1.086000e+02
      vertex   4.480000e+02 1.500000e+01 1.025000e+02
    endloop
  endfacet
  facet normal 0.000000e+00 1.000000e+00 0.000000e+00
    outer loop
      vertex   4.480000e+02 1.500000e+01 1.025000e+02
      vertex   4.528000e+02 1.500000e+01 1.086000e+02
      vertex   4.528000e+02 1.500000e+01 1.025000e+02
    endloop
  endfacet
  facet normal 0.000000e+00 9.872020e-08 -1.000000e+00
    outer loop
      vertex   4.690000e+02 7.000000e+00 1.086000e+02
      vertex   4.528000e+02 7.000000e+00 1.086000e+02
      vertex   4.690000e+02 1.500000e+01 1.086000e+02
    endloop
  endfacet
  facet normal 0.000000e+00 9.872020e-08 -1.000000e+00
    outer loop
      vertex   4.690000e+02 1.500000e+01 1.086000e+02
      vertex   4.528000e+02 7.000000e+00 1.086000e+02
      vertex   4.528000e+02 1.500000e+01 1.086000e+02
    endloop
  endfacet
  facet normal 3.219387e-08 0.000000e+00 1.000000e+00
    outer loop
      vertex   4.690000e+02 1.500000e+01 9.240000e+01
      vertex   4.528000e+02 1.500000e+01 9.240000e+01
      vertex   4.690000e+02 7.000000e+00 9.240000e+01
    endloop
  endfacet
  facet normal 0.000000e+00 -6.519258e-08 1.000000e+00
    outer loop
      vertex   4.690000e+02 7.000000e+00 9.240000e+01
      vertex   4.528000e+02 1.500000e+01 9.240000e+01
      vertex   4.528000e+02 7.000000e+00 9.240000e+01
    endloop
  endfacet
  facet normal 0.000000e+00 -1.000000e+00 0.000000e+00
    outer loop
      vertex   4.480000e+02 -3.000000e+00 8.950000e+01
      vertex   4.480000e+02 -3.000000e+00 8.900000e+01
      vertex   4.640000e+02 -3.000000e+00 9.850000e+01
    endloop
  endfacet
  facet normal 0.000000e+00 -1.000000e+00 -0.000000e+00
    outer loop
      vertex   4.640000e+02 -3.000000e+00 9.850000e+01
      vertex   4.480000e+02 -3.000000e+00 8.900000e+01
      vertex   4.755000e+02 -3.000000e+00 8.900000e+01
    endloop
  endfacet
  facet normal -2.094614e-09 -1.000000e+00 -2.535585e-09
    outer loop
      vertex   4.640000e+02 -3.000000e+00 9.850000e+01
      vertex   4.755000e+02 -3.000000e+00 8.900000e+01
      vertex   4.690000e+02 -3.000000e+00 1.120000e+02
    endloop
  endfacet
  facet normal 6.877464e-09 -1.000000e+00 0.000000e+00
    outer loop
      vertex   4.690000e+02 -3.000000e+00 1.120000e+02
      vertex   4.755000e+02 -3.000000e+00 8.900000e+01
      vertex   4.755000e+02 -3.000000e+00 8.950000e+01
    endloop
  endfacet
  facet normal 6.877464e-09 -1.000000e+00 0.000000e+00
    outer loop
      vertex   4.690000e+02 -3.000000e+00 1.120000e+02
      vertex   4.755000e+02 -3.000000e+00 8.950000e+01
      vertex   4.755000e+02 -3.000000e+00 1.115000e+02
    endloop
  endfacet
  facet normal 6.877464e-09 -1.000000e+00 0.000000e+00
    outer loop
      vertex   4.755000e+02 -3.000000e+00 1.115000e+02
      vertex   4.755000e+02 -3.000000e+00 1.120000e+02
      vertex   4.690000e+02 -3.000000e+00 1.120000e+02
    endloop
  endfacet
  facet normal 6.877464e-09 -1.000000e+00 0.000000e+00
    outer loop
      vertex   4.690000e+02 -3.000000e+00 1.120000e+02
      vertex   4.755000e+02 -3.000000e+00 1.120000e+02
      vertex   4.755000e+02 -3.000000e+00 1.180000e+02
    endloop
  endfacet
  facet normal 6.877464e-09 -1.000000e+00 0.000000e+00
    outer loop
      vertex   4.690000e+02 -3.000000e+00 1.120000e+02
      vertex   4.755000e+02 -3.000000e+00 1.180000e+02
      vertex   4.690000e+02 -3.000000e+00 1.180000e+02
    endloop
  endfacet
  facet normal 6.877464e-09 -1.000000e+00 0.000000e+00
    outer loop
      vertex   4.690000e+02 -3.000000e+00 1.180000e+02
      vertex   4.755000e+02 -3.000000e+00 1.180000e+02
      vertex   4.755000e+02 -3.000000e+00 1.200000e+02
    endloop
  endfacet
  facet normal 6.877464e-09 -1.000000e+00 0.000000e+00
    outer loop
      vertex   4.690000e+02 -3.000000e+00 1.180000e+02
      vertex   4.755000e+02 -3.000000e+00 1.200000e+02
      vertex   4.755000e+02 -3.000000e+00 1.205000e+02
    endloop
  endfacet
  facet normal 6.877464e-09 -1.000000e+00 0.000000e+00
    outer loop
      vertex   4.755000e+02 -3.000000e+00 1.205000e+02
      vertex   4.755000e+02 -3.000000e+00 1.425000e+02
      vertex   4.690000e+02 -3.000000e+00 1.180000e+02
    endloop
  endfacet
  facet normal 6.877464e-09 -1.000000e+00 0.000000e+00
    outer loop
      vertex   4.690000e+02 -3.000000e+00 1.180000e+02
      vertex   4.755000e+02 -3.000000e+00 1.425000e+02
      vertex   4.690000e+02 -3.000000e+00 1.450000e+02
    endloop
  endfacet
  facet normal -5.587932e-09 -1.000000e+00 0.000000e+00
    outer loop
      vertex   4.690000e+02 -3.000000e+00 1.180000e+02
      vertex   4.690000e+02 -3.000000e+00 1.450000e+02
      vertex   4.610000e+02 -3.000000e+00 1.335000e+02
    endloop
  endfacet
  facet normal -1.788139e-09 -1.000000e+00 -2.643336e-09
    outer loop
      vertex   4.610000e+02 -3.000000e+00 1.335000e+02
      vertex   4.690000e+02 -3.000000e+00 1.450000e+02
      vertex   4.440000e+02 -3.000000e+00 1.450000e+02
    endloop
  endfacet
  facet normal 0.000000e+00 -1.000000e+00 0.000000e+00
    outer loop
      vertex   4.610000e+02 -3.000000e+00 1.335000e+02
      vertex   4.440000e+02 -3.000000e+00 1.450000e+02
      vertex   4.480000e+02 -3.000000e+00 1.335000e+02
    endloop
  endfacet
  facet normal 0.000000e+00 -1.000000e+00 0.000000e+00
    outer loop
      vertex   4.480000e+02 -3.000000e+00 1.335000e+02
      vertex   4.440000e+02 -3.000000e+00 1.450000e+02
      vertex   4.440000e+02 -3.000000e+00 1.430000e+02
    endloop
  endfacet
  facet normal 0.000000e+00 -1.000000e+00 0.000000e+00
    outer loop
      vertex   4.480000e+02 -3.000000e+00 1.335000e+02
      vertex   4.440000e+02 -3.000000e+00 1.430000e+02
      vertex   4.440000e+02 -3.000000e+00 1.425000e+02
    endloop
  endfacet
  facet normal 6.877464e-09 -1.000000e+00 0.000000e+00
    outer loop
      vertex   4.755000e+02 -3.000000e+00 1.425000e+02
      vertex   4.755000e+02 -3.000000e+00 1.430000e+02
      vertex   4.690000e+02 -3.000000e+00 1.450000e+02
    endloop
  endfacet
  facet normal 6.877464e-09 -1.000000e+00 0.000000e+00
    outer loop
      vertex   4.690000e+02 -3.000000e+00 1.450000e+02
      vertex   4.755000e+02 -3.000000e+00 1.430000e+02
      vertex   4.755000e+02 -3.000000e+00 1.450000e+02
    endloop
  endfacet
  facet normal 6.877464e-09 -1.000000e+00 0.000000e+00
    outer loop
      vertex   4.690000e+02 -3.000000e+00 1.450000e+02
      vertex   4.755000e+02 -3.000000e+00 1.450000e+02
      vertex   4.755000e+02 -3.000000e+00 1.510000e+02
    endloop
  endfacet
  facet normal 6.877464e-09 -1.000000e+00 0.000000e+00
    outer loop
      vertex   4.690000e+02 -3.000000e+00 1.450000e+02
      vertex   4.755000e+02 -3.000000e+00 1.510000e+02
      vertex   4.690000e+02 -3.000000e+00 1.510000e+02
    endloop
  endfacet
  facet normal 6.877464e-09 -1.000000e+00 0.000000e+00
    outer loop
      vertex   4.690000e+02 -3.000000e+00 1.510000e+02
      vertex   4.755000e+02 -3.000000e+00 1.510000e+02
      vertex   4.755000e+02 -3.000000e+00 1.810000e+02
    endloop
  endfacet
  facet normal 6.877464e-09 -1.000000e+00 0.000000e+00
    outer loop
      vertex   4.690000e+02 -3.000000e+00 1.510000e+02
      vertex   4.755000e+02 -3.000000e+00 1.810000e+02
      vertex   4.690000e+02 -3.000000e+00 1.810000e+02
    endloop
  endfacet
  facet normal 6.877464e-09 -1.000000e+00 0.000000e+00
    outer loop
      vertex   4.690000e+02 -3.000000e+00 1.810000e+02
      vertex   4.755000e+02 -3.000000e+00 1.810000e+02
      vertex   4.755000e+02 -3.000000e+00 1.870000e+02
    endloop
  endfacet
  facet normal 6.877464e-09 -1.000000e+00 0.000000e+00
    outer loop
      vertex   4.690000e+02 -3.000000e+00 1.810000e+02
      vertex   4.755000e+02 -3.000000e+00 1.870000e+02
      vertex   4.690000e+02 -3.000000e+00 1.870000e+02
    endloop
  endfacet
  facet normal 6.877464e-09 -1.000000e+00 0.000000e+00
    outer loop
      vertex   4.690000e+02 -3.000000e+00 1.870000e+02
      vertex   4.755000e+02 -3.000000e+00 1.870000e+02
      vertex   4.755000e+02 -3.000000e+00 2.210000e+02
    endloop
  endfacet
  facet normal 6.877464e-09 -1.000000e+00 0.000000e+00
    outer loop
      vertex   4.690000e+02 -3.000000e+00 1.870000e+02
      vertex   4.755000e+02 -3.000000e+00 2.210000e+02
      vertex   4.690000e+02 -3.000000e+00 2.210000e+02
    endloop
  endfacet
  facet normal 6.877464e-09 -1.000000e+00 0.000000e+00
    outer loop
      vertex   4.690000e+02 -3.000000e+00 2.210000e+02
      vertex   4.755000e+02 -3.000000e+00 2.210000e+02
      vertex   4.755000e+02 -3.000000e+00 2.270000e+02
    endloop
  endfacet
  facet normal 6.877464e-09 -1.000000e+00 0.000000e+00
    outer loop
      vertex   4.690000e+02 -3.000000e+00 2.210000e+02
      vertex   4.755000e+02 -3.000000e+00 2.270000e+02
      vertex   4.690000e+02 -3.000000e+00 2.270000e+02
    endloop
  endfacet
  facet normal 6.877464e-09 -1.000000e+00 3.034175e-10
    outer loop
      vertex   4.690000e+02 -3.000000e+00 2.270000e+02
      vertex   4.755000e+02 -3.000000e+00 2.270000e+02
      vertex   4.740000e+02 -3.000000e+00 2.610000e+02
    endloop
  endfacet
  facet normal 8.940705e-09 -1.000000e+00 0.000000e+00
    outer loop
      vertex   4.690000e+02 -3.000000e+00 2.270000e+02
      vertex   4.740000e+02 -3.000000e+00 2.610000e+02
      vertex   4.690000e+02 -3.000000e+00 2.610000e+02
    endloop
  endfacet
  facet normal 0.000000e+00 -1.000000e+00 0.000000e+00
    outer loop
      vertex   4.755000e+02 -3.000000e+00 2.270000e+02
      vertex   4.755000e+02 -3.000000e+00 2.610000e+02
      vertex   4.740000e+02 -3.000000e+00 2.610000e+02
    endloop
  endfacet
  facet normal -1.396983e-09 -1.000000e+00 -1.341104e-09
    outer loop
      vertex   4.370000e+02 -3.000000e+00 2.610000e+02
      vertex   4.490000e+02 -3.000000e+00 2.485000e+02
      vertex   4.690000e+02 -3.000000e+00 2.610000e+02
    endloop
  endfacet
  facet normal 0.000000e+00 -1.000000e+00 -3.576278e-09
    outer loop
      vertex   4.690000e+02 -3.000000e+00 2.610000e+02
      vertex   4.490000e+02 -3.000000e+00 2.485000e+02
      vertex   4.630000e+02 -3.000000e+00 2.485000e+02
    endloop
  endfacet
  facet normal -7.450575e-09 -1.000000e+00 -0.000000e+00
    outer loop
      vertex   4.690000e+02 -3.000000e+00 2.610000e+02
      vertex   4.630000e+02 -3.000000e+00 2.485000e+02
      vertex   4.690000e+02 -3.000000e+00 2.270000e+02
    endloop
  endfacet
  facet normal -7.450575e-09 -1.000000e+00 0.000000e+00
    outer loop
      vertex   4.690000e+02 -3.000000e+00 2.270000e+02
      vertex   4.630000e+02 -3.000000e+00 2.485000e+02
      vertex   4.630000e+02 -3.000000e+00 2.395000e+02
    endloop
  endfacet
  facet normal 0.000000e+00 -1.000000e+00 3.576279e-09
    outer loop
      vertex   4.690000e+02 -3.000000e+00 2.270000e+02
      vertex   4.630000e+02 -3.000000e+00 2.395000e+02
      vertex   4.490000e+02 -3.000000e+00 2.395000e+02
    endloop
  endfacet
  facet normal 0.000000e+00 -1.000000e+00 0.000000e+00
    outer loop
      vertex   4.370000e+02 -3.000000e+00 2.475000e+02
      vertex   4.400000e+02 -3.000000e+00 2.475000e+02
      vertex   4.370000e+02 -3.000000e+00 2.610000e+02
    endloop
  endfacet
  facet normal 0.000000e+00 -1.000000e+00 0.000000e+00
    outer loop
      vertex   4.370000e+02 -3.000000e+00 2.610000e+02
      vertex   4.400000e+02 -3.000000e+00 2.475000e+02
      vertex   4.490000e+02 -3.000000e+00 2.485000e+02
    endloop
  endfacet
  facet normal 0.000000e+00 -1.000000e+00 0.000000e+00
    outer loop
      vertex   4.400000e+02 -3.000000e+00 2.475000e+02
      vertex   4.490000e+02 -3.000000e+00 2.475000e+02
      vertex   4.490000e+02 -3.000000e+00 2.485000e+02
    endloop
  endfacet
  facet normal -0.000000e+00 -1.000000e+00 0.000000e+00
    outer loop
      vertex   4.490000e+02 -3.000000e+00 2.405000e+02
      vertex   4.400000e+02 -3.000000e+00 2.405000e+02
      vertex   4.490000e+02 -3.000000e+00 2.395000e+02
    endloop
  endfacet
  facet normal -0.000000e+00 -1.000000e+00 0.000000e+00
    outer loop
      vertex   4.490000e+02 -3.000000e+00 2.395000e+02
      vertex   4.400000e+02 -3.000000e+00 2.405000e+02
      vertex   4.370000e+02 -3.000000e+00 2.270000e+02
    endloop
  endfacet
  facet normal -1.396984e-09 -1.000000e+00 1.341104e-09
    outer loop
      vertex   4.490000e+02 -3.000000e+00 2.395000e+02
      vertex   4.370000e+02 -3.000000e+00 2.270000e+02
      vertex   4.690000e+02 -3.000000e+00 2.270000e+02
    endloop
  endfacet
  facet normal -0.000000e+00 -1.000000e+00 0.000000e+00
    outer loop
      vertex   4.400000e+02 -3.000000e+00 2.405000e+02
      vertex   4.370000e+02 -3.000000e+00 2.405000e+02
      vertex   4.370000e+02 -3.000000e+00 2.270000e+02
    endloop
  endfacet
  facet normal -1.442048e-09 -1.000000e+00 -1.153638e-09
    outer loop
      vertex   4.380000e+02 -3.000000e+00 2.210000e+02
      vertex   4.480000e+02 -3.000000e+00 2.085000e+02
      vertex   4.690000e+02 -3.000000e+00 2.210000e+02
    endloop
  endfacet
  facet normal 0.000000e+00 -1.000000e+00 -3.576278e-09
    outer loop
      vertex   4.690000e+02 -3.000000e+00 2.210000e+02
      vertex   4.480000e+02 -3.000000e+00 2.085000e+02
      vertex   4.620000e+02 -3.000000e+00 2.085000e+02
    endloop
  endfacet
  facet normal -6.386208e-09 -1.000000e+00 -0.000000e+00
    outer loop
      vertex   4.690000e+02 -3.000000e+00 2.210000e+02
      vertex   4.620000e+02 -3.000000e+00 2.085000e+02
      vertex   4.690000e+02 -3.000000e+00 1.870000e+02
    endloop
  endfacet
  facet normal -6.386208e-09 -1.000000e+00 0.000000e+00
    outer loop
      vertex   4.690000e+02 -3.000000e+00 1.870000e+02
      vertex   4.620000e+02 -3.000000e+00 2.085000e+02
      vertex   4.620000e+02 -3.000000e+00 1.995000e+02
    endloop
  endfacet
  facet normal 0.000000e+00 -1.000000e+00 3.576279e-09
    outer loop
      vertex   4.690000e+02 -3.000000e+00 1.870000e+02
      vertex   4.620000e+02 -3.000000e+00 1.995000e+02
      vertex   4.480000e+02 -3.000000e+00 1.995000e+02
    endloop
  endfacet
  facet normal 0.000000e+00 -1.000000e+00 0.000000e+00
    outer loop
      vertex   4.380000e+02 -3.000000e+00 2.210000e+02
      vertex   4.380000e+02 -3.000000e+00 2.080000e+02
      vertex   4.480000e+02 -3.000000e+00 2.085000e+02
    endloop
  endfacet
  facet normal 0.000000e+00 -1.000000e+00 -0.000000e+00
    outer loop
      vertex   4.480000e+02 -3.000000e+00 2.085000e+02
      vertex   4.380000e+02 -3.000000e+00 2.080000e+02
      vertex   4.480000e+02 -3.000000e+00 2.080000e+02
    endloop
  endfacet
  facet normal -0.000000e+00 -1.000000e+00 0.000000e+00
    outer loop
      vertex   4.480000e+02 -3.000000e+00 2.000000e+02
      vertex   4.380000e+02 -3.000000e+00 2.000000e+02
      vertex   4.480000e+02 -3.000000e+00 1.995000e+02
    endloop
  endfacet
  facet normal -0.000000e+00 -1.000000e+00 0.000000e+00
    outer loop
      vertex   4.480000e+02 -3.000000e+00 1.995000e+02
      vertex   4.380000e+02 -3.000000e+00 2.000000e+02
      vertex   4.380000e+02 -3.000000e+00 1.870000e+02
    endloop
  endfacet
  facet normal -1.442048e-09 -1.000000e+00 1.153638e-09
    outer loop
      vertex   4.480000e+02 -3.000000e+00 1.995000e+02
      vertex   4.380000e+02 -3.000000e+00 1.870000e+02
      vertex   4.690000e+02 -3.000000e+00 1.870000e+02
    endloop
  endfacet
  facet normal -7.450575e-09 -1.000000e+00 0.000000e+00
    outer loop
      vertex   4.690000e+02 -3.000000e+00 1.510000e+02
      vertex   4.690000e+02 -3.000000e+00 1.810000e+02
      vertex   4.630000e+02 -3.000000e+00 1.705000e+02
    endloop
  endfacet
  facet normal -1.788139e-09 -1.000000e+00 -3.235680e-09
    outer loop
      vertex   4.630000e+02 -3.000000e+00 1.705000e+02
      vertex   4.690000e+02 -3.000000e+00 1.810000e+02
      vertex   4.440000e+02 -3.000000e+00 1.810000e+02
    endloop
  endfacet
  facet normal 0.000000e+00 -1.000000e+00 0.000000e+00
    outer loop
      vertex   4.630000e+02 -3.000000e+00 1.705000e+02
      vertex   4.440000e+02 -3.000000e+00 1.810000e+02
      vertex   4.500000e+02 -3.000000e+00 1.705000e+02
    endloop
  endfacet
  facet normal -0.000000e+00 -1.000000e+00 0.000000e+00
    outer loop
      vertex   4.500000e+02 -3.000000e+00 1.705000e+02
      vertex   4.440000e+02 -3.000000e+00 1.810000e+02
      vertex   4.440000e+02 -3.000000e+00 1.690000e+02
    endloop
  endfacet
  facet normal 0.000000e+00 -1.000000e+00 -0.000000e+00
    outer loop
      vertex   4.500000e+02 -3.000000e+00 1.705000e+02
      vertex   4.440000e+02 -3.000000e+00 1.690000e+02
      vertex   4.500000e+02 -3.000000e+00 1.690000e+02
    endloop
  endfacet
  facet normal -7.450575e-09 -1.000000e+00 -0.000000e+00
    outer loop
      vertex   4.630000e+02 -3.000000e+00 1.705000e+02
      vertex   4.630000e+02 -3.000000e+00 1.615000e+02
      vertex   4.690000e+02 -3.000000e+00 1.510000e+02
    endloop
  endfacet
  facet normal -1.788139e-09 -1.000000e+00 3.235680e-09
    outer loop
      vertex   4.690000e+02 -3.000000e+00 1.510000e+02
      vertex   4.630000e+02 -3.000000e+00 1.615000e+02
      vertex   4.440000e+02 -3.000000e+00 1.510000e+02
    endloop
  endfacet
  facet normal 0.000000e+00 -1.000000e+00 0.000000e+00
    outer loop
      vertex   4.440000e+02 -3.000000e+00 1.510000e+02
      vertex   4.630000e+02 -3.000000e+00 1.615000e+02
      vertex   4.500000e+02 -3.000000e+00 1.615000e+02
    endloop
  endfacet
  facet normal 0.000000e+00 -1.000000e+00 0.000000e+00
    outer loop
      vertex   4.440000e+02 -3.000000e+00 1.510000e+02
      vertex   4.500000e+02 -3.000000e+00 1.615000e+02
      vertex   4.490000e+02 -3.000000e+00 1.630000e+02
    endloop
  endfacet
  facet normal 0.000000e+00 -1.000000e+00 0.000000e+00
    outer loop
      vertex   4.490000e+02 -3.000000e+00 1.630000e+02
      vertex   4.500000e+02 -3.000000e+00 1.615000e+02
      vertex   4.500000e+02 -3.000000e+00 1.625000e+02
    endloop
  endfacet
  facet normal 0.000000e+00 -1.000000e+00 0.000000e+00
    outer loop
      vertex   4.490000e+02 -3.000000e+00 1.630000e+02
      vertex   4.500000e+02 -3.000000e+00 1.625000e+02
      vertex   4.500000e+02 -3.000000e+00 1.630000e+02
    endloop
  endfacet
  facet normal -0.000000e+00 -1.000000e+00 0.000000e+00
    outer loop
      vertex   4.490000e+02 -3.000000e+00 1.630000e+02
      vertex   4.440000e+02 -3.000000e+00 1.630000e+02
      vertex   4.440000e+02 -3.000000e+00 1.510000e+02
    endloop
  endfacet
  facet normal 0.000000e+00 -1.000000e+00 0.000000e+00
    outer loop
      vertex   4.440000e+02 -3.000000e+00 1.425000e+02
      vertex   4.440000e+02 -3.000000e+00 1.335000e+02
      vertex   4.480000e+02 -3.000000e+00 1.335000e+02
    endloop
  endfacet
  facet normal -5.587932e-09 -1.000000e+00 -0.000000e+00
    outer loop
      vertex   4.610000e+02 -3.000000e+00 1.335000e+02
      vertex   4.610000e+02 -3.000000e+00 1.295000e+02
      vertex   4.690000e+02 -3.000000e+00 1.180000e+02
    endloop
  endfacet
  facet normal -1.788139e-09 -1.000000e+00 2.643336e-09
    outer loop
      vertex   4.690000e+02 -3.000000e+00 1.180000e+02
      vertex   4.610000e+02 -3.000000e+00 1.295000e+02
      vertex   4.440000e+02 -3.000000e+00 1.180000e+02
    endloop
  endfacet
  facet normal 0.000000e+00 -1.000000e+00 0.000000e+00
    outer loop
      vertex   4.440000e+02 -3.000000e+00 1.180000e+02
      vertex   4.610000e+02 -3.000000e+00 1.295000e+02
      vertex   4.440000e+02 -3.000000e+00 1.200000e+02
    endloop
  endfacet
  facet normal 0.000000e+00 -1.000000e+00 0.000000e+00
    outer loop
      vertex   4.440000e+02 -3.000000e+00 1.200000e+02
      vertex   4.610000e+02 -3.000000e+00 1.295000e+02
      vertex   4.440000e+02 -3.000000e+00 1.205000e+02
    endloop
  endfacet
  facet normal 0.000000e+00 -1.000000e+00 0.000000e+00
    outer loop
      vertex   4.440000e+02 -3.000000e+00 1.205000e+02
      vertex   4.610000e+02 -3.000000e+00 1.295000e+02
      vertex   4.440000e+02 -3.000000e+00 1.295000e+02
    endloop
  endfacet
  facet normal -8.940688e-09 -1.000000e+00 0.000000e+00
    outer loop
      vertex   4.640000e+02 -3.000000e+00 9.850000e+01
      vertex   4.690000e+02 -3.000000e+00 1.120000e+02
      vertex   4.640000e+02 -3.000000e+00 1.025000e+02
    endloop
  endfacet
  facet normal -2.128737e-09 -1.000000e+00 -3.585241e-09
    outer loop
      vertex   4.640000e+02 -3.000000e+00 1.025000e+02
      vertex   4.690000e+02 -3.000000e+00 1.120000e+02
      vertex   4.480000e+02 -3.000000e+00 1.120000e+02
    endloop
  endfacet
  facet normal 0.000000e+00 -1.000000e+00 0.000000e+00
    outer loop
      vertex   4.640000e+02 -3.000000e+00 1.025000e+02
      vertex   4.480000e+02 -3.000000e+00 1.120000e+02
      vertex   4.500000e+02 -3.000000e+00 1.025000e+02
    endloop
  endfacet
  facet normal 0.000000e+00 -1.000000e+00 0.000000e+00
    outer loop
      vertex   4.500000e+02 -3.000000e+00 1.025000e+02
      vertex   4.480000e+02 -3.000000e+00 1.120000e+02
      vertex   4.480000e+02 -3.000000e+00 1.115000e+02
    endloop
  endfacet
  facet normal 0.000000e+00 -1.000000e+00 0.000000e+00
    outer loop
      vertex   4.500000e+02 -3.000000e+00 1.025000e+02
      vertex   4.480000e+02 -3.000000e+00 1.115000e+02
      vertex   4.480000e+02 -3.000000e+00 1.025000e+02
    endloop
  endfacet
  facet normal -0.000000e+00 -1.000000e+00 0.000000e+00
    outer loop
      vertex   4.640000e+02 -3.000000e+00 9.850000e+01
      vertex   4.480000e+02 -3.000000e+00 9.850000e+01
      vertex   4.480000e+02 -3.000000e+00 8.950000e+01
    endloop
  endfacet
  facet normal -1.000000e+00 -2.980232e-09 -0.000000e+00
    outer loop
      vertex   4.440000e+02 1.500000e+01 1.630000e+02
      vertex   4.440000e+02 1.500000e+01 1.510000e+02
      vertex   4.440000e+02 0.000000e+00 1.630000e+02
    endloop
  endfacet
  facet normal -1.000000e+00 2.433856e-07 3.079573e-07
    outer loop
      vertex   4.440000e+02 0.000000e+00 1.630000e+02
      vertex   4.440000e+02 1.500000e+01 1.510000e+02
      vertex   4.440000e+02 -3.000000e+00 1.510000e+02
    endloop
  endfacet
  facet normal -1.000000e+00 0.000000e+00 3.688037e-07
    outer loop
      vertex   4.440000e+02 0.000000e+00 1.630000e+02
      vertex   4.440000e+02 -3.000000e+00 1.510000e+02
      vertex   4.440000e+02 -3.000000e+00 1.630000e+02
    endloop
  endfacet
  facet normal -0.000000e+00 -0.000000e+00 -1.000000e+00
    outer loop
      vertex   4.690000e+02 1.500000e+01 1.510000e+02
      vertex   4.690000e+02 -3.000000e+00 1.510000e+02
      vertex   4.440000e+02 1.500000e+01 1.510000e+02
    endloop
  endfacet
  facet normal 1.907348e-08 2.649095e-08 -1.000000e+00
    outer loop
      vertex   4.440000e+02 1.500000e+01 1.510000e+02
      vertex   4.690000e+02 -3.000000e+00 1.510000e+02
      vertex   4.440000e+02 -3.000000e+00 1.510000e+02
    endloop
  endfacet
  facet normal -1.000000e+00 5.476177e-07 0.000000e+00
    outer loop
      vertex   4.440000e+02 -3.000000e+00 1.810000e+02
      vertex   4.440000e+02 5.000000e+00 1.810000e+02
      vertex   4.440000e+02 -3.000000e+00 1.690000e+02
    endloop
  endfacet
  facet normal -1.000000e+00 2.433856e-07 2.028213e-07
    outer loop
      vertex   4.440000e+02 -3.000000e+00 1.690000e+02
      vertex   4.440000e+02 5.000000e+00 1.810000e+02
      vertex   4.440000e+02 1.500000e+01 1.690000e+02
    endloop
  endfacet
  facet normal -1.000000e+00 0.000000e+00 0.000000e+00
    outer loop
      vertex   4.440000e+02 1.500000e+01 1.690000e+02
      vertex   4.440000e+02 5.000000e+00 1.810000e+02
      vertex   4.440000e+02 1.500000e+01 1.810000e+02
    endloop
  endfacet
  facet normal 0.000000e+00 1.000000e+00 -0.000000e+00
    outer loop
      vertex   4.500000e+02 1.500000e+01 1.690000e+02
      vertex   4.440000e+02 1.500000e+01 1.690000e+02
      vertex   4.500000e+02 1.500000e+01 1.755000e+02
    endloop
  endfacet
  facet normal 0.000000e+00 1.000000e+00 0.000000e+00
    outer loop
      vertex   4.500000e+02 1.500000e+01 1.755000e+02
      vertex   4.440000e+02 1.500000e+01 1.690000e+02
      vertex   4.440000e+02 1.500000e+01 1.810000e+02
    endloop
  endfacet
  facet normal 0.000000e+00 1.000000e+00 -0.000000e+00
    outer loop
      vertex   4.500000e+02 1.500000e+01 1.755000e+02
      vertex   4.440000e+02 1.500000e+01 1.810000e+02
      vertex   4.690000e+02 1.500000e+01 1.810000e+02
    endloop
  endfacet
  facet normal 0.000000e+00 1.000000e+00 0.000000e+00
    outer loop
      vertex   4.690000e+02 1.500000e+01 1.810000e+02
      vertex   4.690000e+02 1.500000e+01 1.755000e+02
      vertex   4.500000e+02 1.500000e+01 1.755000e+02
    endloop
  endfacet
  facet normal -3.337859e-08 -1.043081e-07 1.000000e+00
    outer loop
      vertex   4.440000e+02 -3.000000e+00 1.810000e+02
      vertex   4.690000e+02 -3.000000e+00 1.810000e+02
      vertex   4.440000e+02 5.000000e+00 1.810000e+02
    endloop
  endfacet
  facet normal -0.000000e+00 0.000000e+00 1.000000e+00
    outer loop
      vertex   4.440000e+02 5.000000e+00 1.810000e+02
      vertex   4.690000e+02 -3.000000e+00 1.810000e+02
      vertex   4.690000e+02 1.500000e+01 1.810000e+02
    endloop
  endfacet
  facet normal 0.000000e+00 0.000000e+00 1.000000e+00
    outer loop
      vertex   4.440000e+02 5.000000e+00 1.810000e+02
      vertex   4.690000e+02 1.500000e+01 1.810000e+02
      vertex   4.440000e+02 1.500000e+01 1.810000e+02
    endloop
  endfacet
  facet normal 0.000000e+00 0.000000e+00 -1.000000e+00
    outer loop
      vertex   4.500000e+02 8.000000e+00 1.705000e+02
      vertex   4.630000e+02 8.000000e+00 1.705000e+02
      vertex   4.500000e+02 -3.000000e+00 1.705000e+02
    endloop
  endfacet
  facet normal 0.000000e+00 0.000000e+00 -1.000000e+00
    outer loop
      vertex   4.500000e+02 -3.000000e+00 1.705000e+02
      vertex   4.630000e+02 8.000000e+00 1.705000e+02
      vertex   4.630000e+02 -3.000000e+00 1.705000e+02
    endloop
  endfacet
  facet normal 1.000000e+00 -8.470329e-22 1.136868e-14
    outer loop
      vertex   4.500000e+02 8.000000e+00 1.565000e+02
      vertex   4.500000e+02 1.500000e+01 1.565000e+02
      vertex   4.500000e+02 8.000000e+00 1.615000e+02
    endloop
  endfacet
  facet normal 1.000000e+00 -8.120488e-15 0.000000e+00
    outer loop
      vertex   4.500000e+02 8.000000e+00 1.615000e+02
      vertex   4.500000e+02 1.500000e+01 1.565000e+02
      vertex   4.500000e+02 1.500000e+01 1.630000e+02
    endloop
  endfacet
  facet normal 1.000000e+00 8.851290e-07 -4.130600e-06
    outer loop
      vertex   4.500000e+02 8.000000e+00 1.615000e+02
      vertex   4.500000e+02 1.500000e+01 1.630000e+02
      vertex   4.500000e+02 1.000000e+01 1.630000e+02
    endloop
  endfacet
  facet normal 1.000000e+00 0.000000e+00 -2.950429e-06
    outer loop
      vertex   4.500000e+02 1.000000e+01 1.630000e+02
      vertex   4.500000e+02 8.000000e+00 1.630000e+02
      vertex   4.500000e+02 8.000000e+00 1.615000e+02
    endloop
  endfacet
  facet normal 1.000000e+00 0.000000e+00 -2.950429e-06
    outer loop
      vertex   4.500000e+02 8.000000e+00 1.615000e+02
      vertex   4.500000e+02 8.000000e+00 1.630000e+02
      vertex   4.500000e+02 5.000000e+00 1.630000e+02
    endloop
  endfacet
  facet normal 1.000000e+00 7.105427e-15 -2.950429e-06
    outer loop
      vertex   4.500000e+02 8.000000e+00 1.615000e+02
      vertex   4.500000e+02 5.000000e+00 1.630000e+02
      vertex   4.500000e+02 0.000000e+00 1.615000e+02
    endloop
  endfacet
  facet normal 1.000000e+00 0.000000e+00 -2.950429e-06
    outer loop
      vertex   4.500000e+02 0.000000e+00 1.615000e+02
      vertex   4.500000e+02 5.000000e+00 1.630000e+02
      vertex   4.500000e+02 0.000000e+00 1.630000e+02
    endloop
  endfacet
  facet normal 1.000000e+00 4.917381e-07 -2.950429e-06
    outer loop
      vertex   4.500000e+02 0.000000e+00 1.615000e+02
      vertex   4.500000e+02 0.000000e+00 1.630000e+02
      vertex   4.500000e+02 -3.000000e+00 1.625000e+02
    endloop
  endfacet
  facet normal 1.000000e+00 0.000000e+00 0.000000e+00
    outer loop
      vertex   4.500000e+02 -3.000000e+00 1.625000e+02
      vertex   4.500000e+02 0.000000e+00 1.630000e+02
      vertex   4.500000e+02 -3.000000e+00 1.630000e+02
    endloop
  endfacet
  facet normal 1.000000e+00 0.000000e+00 -4.425642e-06
    outer loop
      vertex   4.500000e+02 -3.000000e+00 1.625000e+02
      vertex   4.500000e+02 -3.000000e+00 1.615000e+02
      vertex   4.500000e+02 0.000000e+00 1.615000e+02
    endloop
  endfacet
  facet normal 1.000000e+00 1.282650e-21 -1.136868e-14
    outer loop
      vertex   4.500000e+02 8.000000e+00 1.755000e+02
      vertex   4.500000e+02 8.000000e+00 1.705000e+02
      vertex   4.500000e+02 1.500000e+01 1.755000e+02
    endloop
  endfacet
  facet normal 1.000000e+00 -8.120488e-15 0.000000e+00
    outer loop
      vertex   4.500000e+02 1.500000e+01 1.755000e+02
      vertex   4.500000e+02 8.000000e+00 1.705000e+02
      vertex   4.500000e+02 1.500000e+01 1.690000e+02
    endloop
  endfacet
  facet normal 1.000000e+00 0.000000e+00 3.789561e-14
    outer loop
      vertex   4.500000e+02 1.500000e+01 1.690000e+02
      vertex   4.500000e+02 8.000000e+00 1.705000e+02
      vertex   4.500000e+02 -3.000000e+00 1.690000e+02
    endloop
  endfacet
  facet normal 1.000000e+00 5.167584e-15 -0.000000e+00
    outer loop
      vertex   4.500000e+02 -3.000000e+00 1.690000e+02
      vertex   4.500000e+02 8.000000e+00 1.705000e+02
      vertex   4.500000e+02 -3.000000e+00 1.705000e+02
    endloop
  endfacet
  facet normal 0.000000e+00 1.128231e-07 -1.000000e+00
    outer loop
      vertex   4.500000e+02 1.500000e+01 1.755000e+02
      vertex   4.690000e+02 1.500000e+01 1.755000e+02
      vertex   4.500000e+02 8.000000e+00 1.755000e+02
    endloop
  endfacet
  facet normal 0.000000e+00 1.128231e-07 -1.000000e+00
    outer loop
      vertex   4.500000e+02 8.000000e+00 1.755000e+02
      vertex   4.690000e+02 1.500000e+01 1.755000e+02
      vertex   4.690000e+02 8.000000e+00 1.755000e+02
    endloop
  endfacet
  facet normal -1.000000e+00 0.000000e+00 0.000000e+00
    outer loop
      vertex   4.690000e+02 3.467875e+01 2.513219e+02
      vertex   4.690000e+02 2.500000e+01 2.610000e+02
      vertex   4.690000e+02 3.500000e+01 2.513500e+02
    endloop
  endfacet
  facet normal -1.000000e+00 0.000000e+00 0.000000e+00
    outer loop
      vertex   4.690000e+02 3.500000e+01 2.513500e+02
      vertex   4.690000e+02 2.500000e+01 2.610000e+02
      vertex   4.690000e+02 4.500000e+01 2.610000e+02
    endloop
  endfacet
  facet normal -1.000000e+00 0.000000e+00 0.000000e+00
    outer loop
      vertex   4.690000e+02 3.500000e+01 2.513500e+02
      vertex   4.690000e+02 4.500000e+01 2.610000e+02
      vertex   4.690000e+02 3.532125e+01 2.513219e+02
    endloop
  endfacet
  facet normal -1.000000e+00 0.000000e+00 0.000000e+00
    outer loop
      vertex   4.690000e+02 3.532125e+01 2.513219e+02
      vertex   4.690000e+02 4.500000e+01 2.610000e+02
      vertex   4.690000e+02 3.563274e+01 2.512384e+02
    endloop
  endfacet
  facet normal -1.000000e+00 0.000000e+00 0.000000e+00
    outer loop
      vertex   4.690000e+02 3.563274e+01 2.512384e+02
      vertex   4.690000e+02 4.500000e+01 2.610000e+02
      vertex   4.690000e+02 3.592500e+01 2.511022e+02
    endloop
  endfacet
  facet normal -1.000000e+00 0.000000e+00 0.000000e+00
    outer loop
      vertex   4.690000e+02 3.592500e+01 2.511022e+02
      vertex   4.690000e+02 4.500000e+01 2.610000e+02
      vertex   4.690000e+02 3.618916e+01 2.509172e+02
    endloop
  endfacet
  facet normal -1.000000e+00 0.000000e+00 0.000000e+00
    outer loop
      vertex   4.690000e+02 3.618916e+01 2.509172e+02
      vertex   4.690000e+02 4.500000e+01 2.610000e+02
      vertex   4.690000e+02 3.641718e+01 2.506892e+02
    endloop
  endfacet
  facet normal -1.000000e+00 0.000000e+00 0.000000e+00
    outer loop
      vertex   4.690000e+02 3.641718e+01 2.506892e+02
      vertex   4.690000e+02 4.500000e+01 2.610000e+02
      vertex   4.690000e+02 3.660215e+01 2.504250e+02
    endloop
  endfacet
  facet normal -1.000000e+00 0.000000e+00 0.000000e+00
    outer loop
      vertex   4.690000e+02 3.660215e+01 2.504250e+02
      vertex   4.690000e+02 4.500000e+01 2.610000e+02
      vertex   4.690000e+02 3.673843e+01 2.501327e+02
    endloop
  endfacet
  facet normal -1.000000e+00 0.000000e+00 0.000000e+00
    outer loop
      vertex   4.690000e+02 3.673843e+01 2.501327e+02
      vertex   4.690000e+02 4.500000e+01 2.610000e+02
      vertex   4.690000e+02 3.682189e+01 2.498213e+02
    endloop
  endfacet
  facet normal -1.000000e+00 0.000000e+00 0.000000e+00
    outer loop
      vertex   4.690000e+02 3.682189e+01 2.498213e+02
      vertex   4.690000e+02 4.500000e+01 2.610000e+02
      vertex   4.690000e+02 3.685000e+01 2.495000e+02
    endloop
  endfacet
  facet normal -1.000000e+00 0.000000e+00 0.000000e+00
    outer loop
      vertex   4.690000e+02 3.685000e+01 2.495000e+02
      vertex   4.690000e+02 4.500000e+01 2.610000e+02
      vertex   4.690000e+02 4.500000e+01 2.380000e+02
    endloop
  endfacet
  facet normal -1.000000e+00 0.000000e+00 -0.000000e+00
    outer loop
      vertex   4.690000e+02 3.685000e+01 2.495000e+02
      vertex   4.690000e+02 4.500000e+01 2.380000e+02
      vertex   4.690000e+02 3.682189e+01 2.491788e+02
    endloop
  endfacet
  facet normal -1.000000e+00 0.000000e+00 -0.000000e+00
    outer loop
      vertex   4.690000e+02 3.682189e+01 2.491788e+02
      vertex   4.690000e+02 4.500000e+01 2.380000e+02
      vertex   4.690000e+02 3.673843e+01 2.488673e+02
    endloop
  endfacet
  facet normal -1.000000e+00 0.000000e+00 -0.000000e+00
    outer loop
      vertex   4.690000e+02 3.673843e+01 2.488673e+02
      vertex   4.690000e+02 4.500000e+01 2.380000e+02
      vertex   4.690000e+02 3.660215e+01 2.485750e+02
    endloop
  endfacet
  facet normal -1.000000e+00 0.000000e+00 -0.000000e+00
    outer loop
      vertex   4.690000e+02 3.660215e+01 2.485750e+02
      vertex   4.690000e+02 4.500000e+01 2.380000e+02
      vertex   4.690000e+02 3.641718e+01 2.483108e+02
    endloop
  endfacet
  facet normal -1.000000e+00 0.000000e+00 -0.000000e+00
    outer loop
      vertex   4.690000e+02 3.641718e+01 2.483108e+02
      vertex   4.690000e+02 4.500000e+01 2.380000e+02
      vertex   4.690000e+02 3.618916e+01 2.480828e+02
    endloop
  endfacet
  facet normal -1.000000e+00 0.000000e+00 -0.000000e+00
    outer loop
      vertex   4.690000e+02 3.618916e+01 2.480828e+02
      vertex   4.690000e+02 4.500000e+01 2.380000e+02
      vertex   4.690000e+02 3.592500e+01 2.478979e+02
    endloop
  endfacet
  facet normal -1.000000e+00 0.000000e+00 -0.000000e+00
    outer loop
      vertex   4.690000e+02 3.592500e+01 2.478979e+02
      vertex   4.690000e+02 4.500000e+01 2.380000e+02
      vertex   4.690000e+02 3.563274e+01 2.477616e+02
    endloop
  endfacet
  facet normal -1.000000e+00 0.000000e+00 -0.000000e+00
    outer loop
      vertex   4.690000e+02 3.563274e+01 2.477616e+02
      vertex   4.690000e+02 4.500000e+01 2.380000e+02
      vertex   4.690000e+02 3.532125e+01 2.476781e+02
    endloop
  endfacet
  facet normal -1.000000e+00 0.000000e+00 -0.000000e+00
    outer loop
      vertex   4.690000e+02 3.532125e+01 2.476781e+02
      vertex   4.690000e+02 4.500000e+01 2.380000e+02
      vertex   4.690000e+02 3.500000e+01 2.476500e+02
    endloop
  endfacet
  facet normal -1.000000e+00 0.000000e+00 -0.000000e+00
    outer loop
      vertex   4.690000e+02 3.500000e+01 2.476500e+02
      vertex   4.690000e+02 4.500000e+01 2.380000e+02
      vertex   4.690000e+02 2.500000e+01 2.380000e+02
    endloop
  endfacet
  facet normal -1.000000e+00 -0.000000e+00 0.000000e+00
    outer loop
      vertex   4.690000e+02 3.500000e+01 2.476500e+02
      vertex   4.690000e+02 2.500000e+01 2.380000e+02
      vertex   4.690000e+02 3.467875e+01 2.476781e+02
    endloop
  endfacet
  facet normal -1.000000e+00 -0.000000e+00 0.000000e+00
    outer loop
      vertex   4.690000e+02 3.467875e+01 2.476781e+02
      vertex   4.690000e+02 2.500000e+01 2.380000e+02
      vertex   4.690000e+02 3.436726e+01 2.477616e+02
    endloop
  endfacet
  facet normal -1.000000e+00 -0.000000e+00 0.000000e+00
    outer loop
      vertex   4.690000e+02 3.436726e+01 2.477616e+02
      vertex   4.690000e+02 2.500000e+01 2.380000e+02
      vertex   4.690000e+02 3.407500e+01 2.478979e+02
    endloop
  endfacet
  facet normal -1.000000e+00 -0.000000e+00 0.000000e+00
    outer loop
      vertex   4.690000e+02 3.407500e+01 2.478979e+02
      vertex   4.690000e+02 2.500000e+01 2.380000e+02
      vertex   4.690000e+02 3.381084e+01 2.480828e+02
    endloop
  endfacet
  facet normal -1.000000e+00 -0.000000e+00 0.000000e+00
    outer loop
      vertex   4.690000e+02 3.381084e+01 2.480828e+02
      vertex   4.690000e+02 2.500000e+01 2.380000e+02
      vertex   4.690000e+02 3.358282e+01 2.483108e+02
    endloop
  endfacet
  facet normal -1.000000e+00 -0.000000e+00 0.000000e+00
    outer loop
      vertex   4.690000e+02 3.358282e+01 2.483108e+02
      vertex   4.690000e+02 2.500000e+01 2.380000e+02
      vertex   4.690000e+02 3.339785e+01 2.485750e+02
    endloop
  endfacet
  facet normal -1.000000e+00 -0.000000e+00 0.000000e+00
    outer loop
      vertex   4.690000e+02 3.339785e+01 2.485750e+02
      vertex   4.690000e+02 2.500000e+01 2.380000e+02
      vertex   4.690000e+02 3.326157e+01 2.488673e+02
    endloop
  endfacet
  facet normal -1.000000e+00 -0.000000e+00 0.000000e+00
    outer loop
      vertex   4.690000e+02 3.326157e+01 2.488673e+02
      vertex   4.690000e+02 2.500000e+01 2.380000e+02
      vertex   4.690000e+02 3.317811e+01 2.491788e+02
    endloop
  endfacet
  facet normal -1.000000e+00 -0.000000e+00 0.000000e+00
    outer loop
      vertex   4.690000e+02 3.317811e+01 2.491788e+02
      vertex   4.690000e+02 2.500000e+01 2.380000e+02
      vertex   4.690000e+02 3.315000e+01 2.495000e+02
    endloop
  endfacet
  facet normal -1.000000e+00 -0.000000e+00 0.000000e+00
    outer loop
      vertex   4.690000e+02 3.315000e+01 2.495000e+02
      vertex   4.690000e+02 2.500000e+01 2.380000e+02
      vertex   4.690000e+02 2.500000e+01 2.610000e+02
    endloop
  endfacet
  facet normal -1.000000e+00 0.000000e+00 0.000000e+00
    outer loop
      vertex   4.690000e+02 3.315000e+01 2.495000e+02
      vertex   4.690000e+02 2.500000e+01 2.610000e+02
      vertex   4.690000e+02 3.317811e+01 2.498213e+02
    endloop
  endfacet
  facet normal -1.000000e+00 0.000000e+00 0.000000e+00
    outer loop
      vertex   4.690000e+02 3.317811e+01 2.498213e+02
      vertex   4.690000e+02 2.500000e+01 2.610000e+02
      vertex   4.690000e+02 3.326157e+01 2.501327e+02
    endloop
  endfacet
  facet normal -1.000000e+00 0.000000e+00 0.000000e+00
    outer loop
      vertex   4.690000e+02 3.326157e+01 2.501327e+02
      vertex   4.690000e+02 2.500000e+01 2.610000e+02
      vertex   4.690000e+02 3.339785e+01 2.504250e+02
    endloop
  endfacet
  facet normal -1.000000e+00 0.000000e+00 0.000000e+00
    outer loop
      vertex   4.690000e+02 3.339785e+01 2.504250e+02
      vertex   4.690000e+02 2.500000e+01 2.610000e+02
      vertex   4.690000e+02 3.358282e+01 2.506892e+02
    endloop
  endfacet
  facet normal -1.000000e+00 0.000000e+00 0.000000e+00
    outer loop
      vertex   4.690000e+02 3.358282e+01 2.506892e+02
      vertex   4.690000e+02 2.500000e+01 2.610000e+02
      vertex   4.690000e+02 3.381084e+01 2.509172e+02
    endloop
  endfacet
  facet normal -1.000000e+00 0.000000e+00 0.000000e+00
    outer loop
      vertex   4.690000e+02 3.381084e+01 2.509172e+02
      vertex   4.690000e+02 2.500000e+01 2.610000e+02
      vertex   4.690000e+02 3.407500e+01 2.511022e+02
    endloop
  endfacet
  facet normal -1.000000e+00 0.000000e+00 0.000000e+00
    outer loop
      vertex   4.690000e+02 3.407500e+01 2.511022e+02
      vertex   4.690000e+02 2.500000e+01 2.610000e+02
      vertex   4.690000e+02 3.436726e+01 2.512384e+02
    endloop
  endfacet
  facet normal -1.000000e+00 0.000000e+00 0.000000e+00
    outer loop
      vertex   4.690000e+02 3.436726e+01 2.512384e+02
      vertex   4.690000e+02 2.500000e+01 2.610000e+02
      vertex   4.690000e+02 3.467875e+01 2.513219e+02
    endloop
  endfacet
  facet normal -1.000000e+00 4.725138e-16 -5.400858e-15
    outer loop
      vertex   4.690000e+02 3.467875e+01 1.023219e+02
      vertex   4.690000e+02 2.500000e+01 1.120000e+02
      vertex   4.690000e+02 3.500000e+01 1.023500e+02
    endloop
  endfacet
  facet normal -1.000000e+00 2.842171e-15 -2.945255e-15
    outer loop
      vertex   4.690000e+02 3.500000e+01 1.023500e+02
      vertex   4.690000e+02 2.500000e+01 1.120000e+02
      vertex   4.690000e+02 4.500000e+01 1.120000e+02
    endloop
  endfacet
  facet normal -1.000000e+00 0.000000e+00 0.000000e+00
    outer loop
      vertex   4.690000e+02 3.500000e+01 1.023500e+02
      vertex   4.690000e+02 4.500000e+01 1.120000e+02
      vertex   4.690000e+02 3.532125e+01 1.023219e+02
    endloop
  endfacet
  facet normal -1.000000e+00 0.000000e+00 0.000000e+00
    outer loop
      vertex   4.690000e+02 3.532125e+01 1.023219e+02
      vertex   4.690000e+02 4.500000e+01 1.120000e+02
      vertex   4.690000e+02 3.563274e+01 1.022384e+02
    endloop
  endfacet
  facet normal -1.000000e+00 0.000000e+00 0.000000e+00
    outer loop
      vertex   4.690000e+02 3.563274e+01 1.022384e+02
      vertex   4.690000e+02 4.500000e+01 1.120000e+02
      vertex   4.690000e+02 3.592500e+01 1.021021e+02
    endloop
  endfacet
  facet normal -1.000000e+00 0.000000e+00 0.000000e+00
    outer loop
      vertex   4.690000e+02 3.592500e+01 1.021021e+02
      vertex   4.690000e+02 4.500000e+01 1.120000e+02
      vertex   4.690000e+02 3.618916e+01 1.019172e+02
    endloop
  endfacet
  facet normal -1.000000e+00 0.000000e+00 0.000000e+00
    outer loop
      vertex   4.690000e+02 3.618916e+01 1.019172e+02
      vertex   4.690000e+02 4.500000e+01 1.120000e+02
      vertex   4.690000e+02 3.641718e+01 1.016892e+02
    endloop
  endfacet
  facet normal -1.000000e+00 0.000000e+00 0.000000e+00
    outer loop
      vertex   4.690000e+02 3.641718e+01 1.016892e+02
      vertex   4.690000e+02 4.500000e+01 1.120000e+02
      vertex   4.690000e+02 3.660215e+01 1.014250e+02
    endloop
  endfacet
  facet normal -1.000000e+00 0.000000e+00 0.000000e+00
    outer loop
      vertex   4.690000e+02 3.660215e+01 1.014250e+02
      vertex   4.690000e+02 4.500000e+01 1.120000e+02
      vertex   4.690000e+02 3.673843e+01 1.011327e+02
    endloop
  endfacet
  facet normal -1.000000e+00 0.000000e+00 0.000000e+00
    outer loop
      vertex   4.690000e+02 3.673843e+01 1.011327e+02
      vertex   4.690000e+02 4.500000e+01 1.120000e+02
      vertex   4.690000e+02 3.682189e+01 1.008212e+02
    endloop
  endfacet
  facet normal -1.000000e+00 0.000000e+00 0.000000e+00
    outer loop
      vertex   4.690000e+02 3.682189e+01 1.008212e+02
      vertex   4.690000e+02 4.500000e+01 1.120000e+02
      vertex   4.690000e+02 3.685000e+01 1.005000e+02
    endloop
  endfacet
  facet normal -1.000000e+00 0.000000e+00 0.000000e+00
    outer loop
      vertex   4.690000e+02 3.685000e+01 1.005000e+02
      vertex   4.690000e+02 4.500000e+01 1.120000e+02
      vertex   4.690000e+02 4.500000e+01 8.900000e+01
    endloop
  endfacet
  facet normal -1.000000e+00 0.000000e+00 -0.000000e+00
    outer loop
      vertex   4.690000e+02 3.685000e+01 1.005000e+02
      vertex   4.690000e+02 4.500000e+01 8.900000e+01
      vertex   4.690000e+02 3.682189e+01 1.001788e+02
    endloop
  endfacet
  facet normal -1.000000e+00 0.000000e+00 -0.000000e+00
    outer loop
      vertex   4.690000e+02 3.682189e+01 1.001788e+02
      vertex   4.690000e+02 4.500000e+01 8.900000e+01
      vertex   4.690000e+02 3.673843e+01 9.986726e+01
    endloop
  endfacet
  facet normal -1.000000e+00 0.000000e+00 -0.000000e+00
    outer loop
      vertex   4.690000e+02 3.673843e+01 9.986726e+01
      vertex   4.690000e+02 4.500000e+01 8.900000e+01
      vertex   4.690000e+02 3.660215e+01 9.957500e+01
    endloop
  endfacet
  facet normal -1.000000e+00 0.000000e+00 -0.000000e+00
    outer loop
      vertex   4.690000e+02 3.660215e+01 9.957500e+01
      vertex   4.690000e+02 4.500000e+01 8.900000e+01
      vertex   4.690000e+02 3.641718e+01 9.931084e+01
    endloop
  endfacet
  facet normal -1.000000e+00 0.000000e+00 -0.000000e+00
    outer loop
      vertex   4.690000e+02 3.641718e+01 9.931084e+01
      vertex   4.690000e+02 4.500000e+01 8.900000e+01
      vertex   4.690000e+02 3.618916e+01 9.908282e+01
    endloop
  endfacet
  facet normal -1.000000e+00 0.000000e+00 -0.000000e+00
    outer loop
      vertex   4.690000e+02 3.618916e+01 9.908282e+01
      vertex   4.690000e+02 4.500000e+01 8.900000e+01
      vertex   4.690000e+02 3.592500e+01 9.889785e+01
    endloop
  endfacet
  facet normal -1.000000e+00 0.000000e+00 -0.000000e+00
    outer loop
      vertex   4.690000e+02 3.592500e+01 9.889785e+01
      vertex   4.690000e+02 4.500000e+01 8.900000e+01
      vertex   4.690000e+02 3.563274e+01 9.876157e+01
    endloop
  endfacet
  facet normal -1.000000e+00 0.000000e+00 -0.000000e+00
    outer loop
      vertex   4.690000e+02 3.563274e+01 9.876157e+01
      vertex   4.690000e+02 4.500000e+01 8.900000e+01
      vertex   4.690000e+02 3.532125e+01 9.867811e+01
    endloop
  endfacet
  facet normal -1.000000e+00 0.000000e+00 -0.000000e+00
    outer loop
      vertex   4.690000e+02 3.532125e+01 9.867811e+01
      vertex   4.690000e+02 4.500000e+01 8.900000e+01
      vertex   4.690000e+02 3.500000e+01 9.865000e+01
    endloop
  endfacet
  facet normal -1.000000e+00 2.842171e-15 2.945255e-15
    outer loop
      vertex   4.690000e+02 3.500000e+01 9.865000e+01
      vertex   4.690000e+02 4.500000e+01 8.900000e+01
      vertex   4.690000e+02 2.500000e+01 8.900000e+01
    endloop
  endfacet
  facet normal -1.000000e+00 4.725138e-16 5.400858e-15
    outer loop
      vertex   4.690000e+02 3.500000e+01 9.865000e+01
      vertex   4.690000e+02 2.500000e+01 8.900000e+01
      vertex   4.690000e+02 3.467875e+01 9.867811e+01
    endloop
  endfacet
  facet normal -1.000000e+00 1.241179e-15 4.632142e-15
    outer loop
      vertex   4.690000e+02 3.467875e+01 9.867811e+01
      vertex   4.690000e+02 2.500000e+01 8.900000e+01
      vertex   4.690000e+02 3.436726e+01 9.876157e+01
    endloop
  endfacet
  facet normal -1.000000e+00 1.875958e-15 4.023004e-15
    outer loop
      vertex   4.690000e+02 3.436726e+01 9.876157e+01
      vertex   4.690000e+02 2.500000e+01 8.900000e+01
      vertex   4.690000e+02 3.407500e+01 9.889785e+01
    endloop
  endfacet
  facet normal -1.000000e+00 2.449028e-15 3.497575e-15
    outer loop
      vertex   4.690000e+02 3.407500e+01 9.889785e+01
      vertex   4.690000e+02 2.500000e+01 8.900000e+01
      vertex   4.690000e+02 3.381084e+01 9.908282e+01
    endloop
  endfacet
  facet normal -1.000000e+00 3.008597e-15 3.008597e-15
    outer loop
      vertex   4.690000e+02 3.381084e+01 9.908282e+01
      vertex   4.690000e+02 2.500000e+01 8.900000e+01
      vertex   4.690000e+02 3.358282e+01 9.931084e+01
    endloop
  endfacet
  facet normal -1.000000e+00 3.597105e-15 2.518720e-15
    outer loop
      vertex   4.690000e+02 3.358282e+01 9.931084e+01
      vertex   4.690000e+02 2.500000e+01 8.900000e+01
      vertex   4.690000e+02 3.339785e+01 9.957500e+01
    endloop
  endfacet
  facet normal -1.000000e+00 4.264624e-15 1.988627e-15
    outer loop
      vertex   4.690000e+02 3.339785e+01 9.957500e+01
      vertex   4.690000e+02 2.500000e+01 8.900000e+01
      vertex   4.690000e+02 3.326157e+01 9.986726e+01
    endloop
  endfacet
  facet normal -1.000000e+00 5.087368e-15 1.363156e-15
    outer loop
      vertex   4.690000e+02 3.326157e+01 9.986726e+01
      vertex   4.690000e+02 2.500000e+01 8.900000e+01
      vertex   4.690000e+02 3.317811e+01 1.001788e+02
    endloop
  endfacet
  facet normal -1.000000e+00 6.208243e-15 5.431509e-16
    outer loop
      vertex   4.690000e+02 3.317811e+01 1.001788e+02
      vertex   4.690000e+02 2.500000e+01 8.900000e+01
      vertex   4.690000e+02 3.315000e+01 1.005000e+02
    endloop
  endfacet
  facet normal -1.000000e+00 6.974653e-15 0.000000e+00
    outer loop
      vertex   4.690000e+02 3.315000e+01 1.005000e+02
      vertex   4.690000e+02 2.500000e+01 8.900000e+01
      vertex   4.690000e+02 2.500000e+01 1.120000e+02
    endloop
  endfacet
  facet normal -1.000000e+00 6.208243e-15 -5.431509e-16
    outer loop
      vertex   4.690000e+02 3.315000e+01 1.005000e+02
      vertex   4.690000e+02 2.500000e+01 1.120000e+02
      vertex   4.690000e+02 3.317811e+01 1.008212e+02
    endloop
  endfacet
  facet normal -1.000000e+00 5.087368e-15 -1.363156e-15
    outer loop
      vertex   4.690000e+02 3.317811e+01 1.008212e+02
      vertex   4.690000e+02 2.500000e+01 1.120000e+02
      vertex   4.690000e+02 3.326157e+01 1.011327e+02
    endloop
  endfacet
  facet normal -1.000000e+00 4.264624e-15 -1.988627e-15
    outer loop
      vertex   4.690000e+02 3.326157e+01 1.011327e+02
      vertex   4.690000e+02 2.500000e+01 1.120000e+02
      vertex   4.690000e+02 3.339785e+01 1.014250e+02
    endloop
  endfacet
  facet normal -1.000000e+00 3.597105e-15 -2.518720e-15
    outer loop
      vertex   4.690000e+02 3.339785e+01 1.014250e+02
      vertex   4.690000e+02 2.500000e+01 1.120000e+02
      vertex   4.690000e+02 3.358282e+01 1.016892e+02
    endloop
  endfacet
  facet normal -1.000000e+00 3.008597e-15 -3.008597e-15
    outer loop
      vertex   4.690000e+02 3.358282e+01 1.016892e+02
      vertex   4.690000e+02 2.500000e+01 1.120000e+02
      vertex   4.690000e+02 3.381084e+01 1.019172e+02
    endloop
  endfacet
  facet normal -1.000000e+00 2.449028e-15 -3.497575e-15
    outer loop
      vertex   4.690000e+02 3.381084e+01 1.019172e+02
      vertex   4.690000e+02 2.500000e+01 1.120000e+02
      vertex   4.690000e+02 3.407500e+01 1.021021e+02
    endloop
  endfacet
  facet normal -1.000000e+00 1.875958e-15 -4.023004e-15
    outer loop
      vertex   4.690000e+02 3.407500e+01 1.021021e+02
      vertex   4.690000e+02 2.500000e+01 1.120000e+02
      vertex   4.690000e+02 3.436726e+01 1.022384e+02
    endloop
  endfacet
  facet normal -1.000000e+00 1.241179e-15 -4.632142e-15
    outer loop
      vertex   4.690000e+02 3.436726e+01 1.022384e+02
      vertex   4.690000e+02 2.500000e+01 1.120000e+02
      vertex   4.690000e+02 3.467875e+01 1.023219e+02
    endloop
  endfacet
  facet normal -1.000000e+00 0.000000e+00 0.000000e+00
    outer loop
      vertex   4.690000e+02 8.000000e+00 1.565000e+02
      vertex   4.690000e+02 8.000000e+00 1.755000e+02
      vertex   4.690000e+02 1.500000e+01 1.565000e+02
    endloop
  endfacet
  facet normal -1.000000e+00 0.000000e+00 0.000000e+00
    outer loop
      vertex   4.690000e+02 1.500000e+01 1.565000e+02
      vertex   4.690000e+02 8.000000e+00 1.755000e+02
      vertex   4.690000e+02 1.500000e+01 1.755000e+02
    endloop
  endfacet
  facet normal -1.000000e+00 4.738569e-07 0.000000e+00
    outer loop
      vertex   4.690000e+02 1.500000e+01 1.565000e+02
      vertex   4.690000e+02 1.500000e+01 1.755000e+02
      vertex   4.690000e+02 2.500000e+01 1.510000e+02
    endloop
  endfacet
  facet normal -1.000000e+00 4.738569e-07 0.000000e+00
    outer loop
      vertex   4.690000e+02 2.500000e+01 1.510000e+02
      vertex   4.690000e+02 1.500000e+01 1.755000e+02
      vertex   4.690000e+02 2.500000e+01 1.810000e+02
    endloop
  endfacet
  facet normal -1.000000e+00 0.000000e+00 8.615580e-07
    outer loop
      vertex   4.690000e+02 2.500000e+01 1.810000e+02
      vertex   4.690000e+02 1.500000e+01 1.755000e+02
      vertex   4.690000e+02 1.500000e+01 1.810000e+02
    endloop
  endfacet
  facet normal -1.000000e+00 0.000000e+00 0.000000e+00
    outer loop
      vertex   4.690000e+02 2.500000e+01 1.810000e+02
      vertex   4.690000e+02 1.500000e+01 1.810000e+02
      vertex   4.690000e+02 1.500000e+01 1.870000e+02
    endloop
  endfacet
  facet normal -1.000000e+00 -0.000000e+00 -0.000000e+00
    outer loop
      vertex   4.690000e+02 1.500000e+01 1.870000e+02
      vertex   4.690000e+02 1.500000e+01 1.810000e+02
      vertex   4.690000e+02 -3.000000e+00 1.870000e+02
    endloop
  endfacet
  facet normal -1.000000e+00 0.000000e+00 0.000000e+00
    outer loop
      vertex   4.690000e+02 -3.000000e+00 1.870000e+02
      vertex   4.690000e+02 1.500000e+01 1.810000e+02
      vertex   4.690000e+02 -3.000000e+00 1.810000e+02
    endloop
  endfacet
  facet normal -1.000000e+00 0.000000e+00 0.000000e+00
    outer loop
      vertex   4.690000e+02 1.500000e+01 1.870000e+02
      vertex   4.690000e+02 1.500000e+01 1.880000e+02
      vertex   4.690000e+02 2.500000e+01 1.810000e+02
    endloop
  endfacet
  facet normal -1.000000e+00 -1.658500e-06 -2.369285e-06
    outer loop
      vertex   4.690000e+02 2.500000e+01 1.810000e+02
      vertex   4.690000e+02 1.500000e+01 1.880000e+02
      vertex   4.690000e+02 1.500000e+01 1.900000e+02
    endloop
  endfacet
  facet normal -1.000000e+00 4.738569e-07 0.000000e+00
    outer loop
      vertex   4.690000e+02 2.500000e+01 1.810000e+02
      vertex   4.690000e+02 1.500000e+01 1.900000e+02
      vertex   4.690000e+02 1.500000e+01 1.909000e+02
    endloop
  endfacet
  facet normal -1.000000e+00 0.000000e+00 0.000000e+00
    outer loop
      vertex   4.690000e+02 7.000000e+00 1.909000e+02
      vertex   4.690000e+02 7.000000e+00 2.171000e+02
      vertex   4.690000e+02 1.500000e+01 1.909000e+02
    endloop
  endfacet
  facet normal -1.000000e+00 0.000000e+00 0.000000e+00
    outer loop
      vertex   4.690000e+02 1.500000e+01 1.909000e+02
      vertex   4.690000e+02 7.000000e+00 2.171000e+02
      vertex   4.690000e+02 1.500000e+01 2.171000e+02
    endloop
  endfacet
  facet normal -1.000000e+00 4.738569e-07 0.000000e+00
    outer loop
      vertex   4.690000e+02 1.500000e+01 1.909000e+02
      vertex   4.690000e+02 1.500000e+01 2.171000e+02
      vertex   4.690000e+02 2.500000e+01 1.810000e+02
    endloop
  endfacet
  facet normal -1.000000e+00 4.738569e-07 0.000000e+00
    outer loop
      vertex   4.690000e+02 2.500000e+01 1.810000e+02
      vertex   4.690000e+02 1.500000e+01 2.171000e+02
      vertex   4.690000e+02 2.500000e+01 2.380000e+02
    endloop
  endfacet
  facet normal -1.000000e+00 4.738569e-07 0.000000e+00
    outer loop
      vertex   4.690000e+02 2.500000e+01 2.380000e+02
      vertex   4.690000e+02 1.500000e+01 2.171000e+02
      vertex   4.690000e+02 1.500000e+01 2.180000e+02
    endloop
  endfacet
  facet normal -1.000000e+00 -4.264713e-06 2.369285e-06
    outer loop
      vertex   4.690000e+02 2.500000e+01 2.380000e+02
      vertex   4.690000e+02 1.500000e+01 2.180000e+02
      vertex   4.690000e+02 1.500000e+01 2.200000e+02
    endloop
  endfacet
  facet normal -1.000000e+00 0.000000e+00 0.000000e+00
    outer loop
      vertex   4.690000e+02 1.500000e+01 2.200000e+02
      vertex   4.690000e+02 1.500000e+01 2.210000e+02
      vertex   4.690000e+02 2.500000e+01 2.380000e+02
    endloop
  endfacet
  facet normal -1.000000e+00 0.000000e+00 0.000000e+00
    outer loop
      vertex   4.690000e+02 2.500000e+01 2.380000e+02
      vertex   4.690000e+02 1.500000e+01 2.210000e+02
      vertex   4.690000e+02 1.500000e+01 2.270000e+02
    endloop
  endfacet
  facet normal -1.000000e+00 0.000000e+00 0.000000e+00
    outer loop
      vertex   4.690000e+02 2.500000e+01 2.380000e+02
      vertex   4.690000e+02 1.500000e+01 2.270000e+02
      vertex   4.690000e+02 1.500000e+01 2.280000e+02
    endloop
  endfacet
  facet normal -1.000000e+00 0.000000e+00 0.000000e+00
    outer loop
      vertex   4.690000e+02 -3.000000e+00 2.210000e+02
      vertex   4.690000e+02 -3.000000e+00 2.270000e+02
      vertex   4.690000e+02 1.500000e+01 2.210000e+02
    endloop
  endfacet
  facet normal -1.000000e+00 0.000000e+00 0.000000e+00
    outer loop
      vertex   4.690000e+02 1.500000e+01 2.210000e+02
      vertex   4.690000e+02 -3.000000e+00 2.270000e+02
      vertex   4.690000e+02 1.500000e+01 2.270000e+02
    endloop
  endfacet
  facet normal -1.000000e+00 2.369286e-06 -2.369285e-06
    outer loop
      vertex   4.690000e+02 1.500000e+01 2.280000e+02
      vertex   4.690000e+02 1.500000e+01 2.300000e+02
      vertex   4.690000e+02 2.500000e+01 2.380000e+02
    endloop
  endfacet
  facet normal -1.000000e+00 4.738569e-07 0.000000e+00
    outer loop
      vertex   4.690000e+02 2.500000e+01 2.380000e+02
      vertex   4.690000e+02 1.500000e+01 2.300000e+02
      vertex   4.690000e+02 1.500000e+01 2.305000e+02
    endloop
  endfacet
  facet normal -1.000000e+00 4.738569e-07 0.000000e+00
    outer loop
      vertex   4.690000e+02 2.500000e+01 2.380000e+02
      vertex   4.690000e+02 1.500000e+01 2.305000e+02
      vertex   4.690000e+02 1.500000e+01 2.575000e+02
    endloop
  endfacet
  facet normal -1.000000e+00 0.000000e+00 -0.000000e+00
    outer loop
      vertex   4.690000e+02 1.500000e+01 2.575000e+02
      vertex   4.690000e+02 1.500000e+01 2.305000e+02
      vertex   4.690000e+02 7.000000e+00 2.575000e+02
    endloop
  endfacet
  facet normal -1.000000e+00 0.000000e+00 0.000000e+00
    outer loop
      vertex   4.690000e+02 7.000000e+00 2.575000e+02
      vertex   4.690000e+02 1.500000e+01 2.305000e+02
      vertex   4.690000e+02 7.000000e+00 2.305000e+02
    endloop
  endfacet
  facet normal -1.000000e+00 4.738569e-07 0.000000e+00
    outer loop
      vertex   4.690000e+02 2.500000e+01 2.380000e+02
      vertex   4.690000e+02 1.500000e+01 2.575000e+02
      vertex   4.690000e+02 2.500000e+01 2.610000e+02
    endloop
  endfacet
  facet normal -1.000000e+00 4.738569e-07 0.000000e+00
    outer loop
      vertex   4.690000e+02 2.500000e+01 2.610000e+02
      vertex   4.690000e+02 1.500000e+01 2.575000e+02
      vertex   4.690000e+02 1.500000e+01 2.580000e+02
    endloop
  endfacet
  facet normal -1.000000e+00 -2.369285e-07 2.369285e-06
    outer loop
      vertex   4.690000e+02 2.500000e+01 2.610000e+02
      vertex   4.690000e+02 1.500000e+01 2.580000e+02
      vertex   4.690000e+02 1.500000e+01 2.600000e+02
    endloop
  endfacet
  facet normal -1.000000e+00 0.000000e+00 0.000000e+00
    outer loop
      vertex   4.690000e+02 1.500000e+01 2.600000e+02
      vertex   4.690000e+02 1.500000e+01 2.610000e+02
      vertex   4.690000e+02 2.500000e+01 2.610000e+02
    endloop
  endfacet
  facet normal -1.000000e+00 0.000000e+00 -8.615581e-07
    outer loop
      vertex   4.690000e+02 1.500000e+01 1.565000e+02
      vertex   4.690000e+02 2.500000e+01 1.510000e+02
      vertex   4.690000e+02 1.500000e+01 1.510000e+02
    endloop
  endfacet
  facet normal -1.000000e+00 0.000000e+00 0.000000e+00
    outer loop
      vertex   4.690000e+02 1.500000e+01 1.510000e+02
      vertex   4.690000e+02 2.500000e+01 1.510000e+02
      vertex   4.690000e+02 2.500000e+01 1.450000e+02
    endloop
  endfacet
  facet normal -1.000000e+00 0.000000e+00 0.000000e+00
    outer loop
      vertex   4.690000e+02 1.500000e+01 1.510000e+02
      vertex   4.690000e+02 2.500000e+01 1.450000e+02
      vertex   4.690000e+02 1.500000e+01 1.450000e+02
    endloop
  endfacet
  facet normal -1.000000e+00 0.000000e+00 0.000000e+00
    outer loop
      vertex   4.690000e+02 1.500000e+01 1.450000e+02
      vertex   4.690000e+02 2.500000e+01 1.450000e+02
      vertex   4.690000e+02 2.500000e+01 1.430000e+02
    endloop
  endfacet
  facet normal -1.000000e+00 0.000000e+00 0.000000e+00
    outer loop
      vertex   4.690000e+02 1.500000e+01 1.450000e+02
      vertex   4.690000e+02 2.500000e+01 1.430000e+02
      vertex   4.690000e+02 1.500000e+01 1.430000e+02
    endloop
  endfacet
  facet normal -1.000000e+00 0.000000e+00 0.000000e+00
    outer loop
      vertex   4.690000e+02 1.500000e+01 1.430000e+02
      vertex   4.690000e+02 2.500000e+01 1.430000e+02
      vertex   4.690000e+02 2.500000e+01 1.425000e+02
    endloop
  endfacet
  facet normal -1.000000e+00 0.000000e+00 0.000000e+00
    outer loop
      vertex   4.690000e+02 1.500000e+01 1.430000e+02
      vertex   4.690000e+02 2.500000e+01 1.425000e+02
      vertex   4.690000e+02 1.500000e+01 1.425000e+02
    endloop
  endfacet
  facet normal -1.000000e+00 0.000000e+00 2.369285e-06
    outer loop
      vertex   4.690000e+02 1.500000e+01 1.425000e+02
      vertex   4.690000e+02 2.500000e+01 1.425000e+02
      vertex   4.690000e+02 1.500000e+01 1.405000e+02
    endloop
  endfacet
  facet normal -1.000000e+00 4.738569e-07 0.000000e+00
    outer loop
      vertex   4.690000e+02 1.500000e+01 1.405000e+02
      vertex   4.690000e+02 2.500000e+01 1.425000e+02
      vertex   4.690000e+02 2.500000e+01 1.205000e+02
    endloop
  endfacet
  facet normal -1.000000e+00 4.738569e-07 0.000000e+00
    outer loop
      vertex   4.690000e+02 1.500000e+01 1.405000e+02
      vertex   4.690000e+02 2.500000e+01 1.205000e+02
      vertex   4.690000e+02 1.500000e+01 1.225000e+02
    endloop
  endfacet
  facet normal -1.000000e+00 0.000000e+00 -2.369285e-06
    outer loop
      vertex   4.690000e+02 1.500000e+01 1.225000e+02
      vertex   4.690000e+02 2.500000e+01 1.205000e+02
      vertex   4.690000e+02 1.500000e+01 1.205000e+02
    endloop
  endfacet
  facet normal -1.000000e+00 0.000000e+00 0.000000e+00
    outer loop
      vertex   4.690000e+02 1.500000e+01 1.205000e+02
      vertex   4.690000e+02 2.500000e+01 1.205000e+02
      vertex   4.690000e+02 2.500000e+01 1.200000e+02
    endloop
  endfacet
  facet normal -1.000000e+00 0.000000e+00 0.000000e+00
    outer loop
      vertex   4.690000e+02 1.500000e+01 1.205000e+02
      vertex   4.690000e+02 2.500000e+01 1.200000e+02
      vertex   4.690000e+02 1.500000e+01 1.200000e+02
    endloop
  endfacet
  facet normal -1.000000e+00 0.000000e+00 0.000000e+00
    outer loop
      vertex   4.690000e+02 1.500000e+01 1.200000e+02
      vertex   4.690000e+02 2.500000e+01 1.200000e+02
      vertex   4.690000e+02 2.500000e+01 1.180000e+02
    endloop
  endfacet
  facet normal -1.000000e+00 0.000000e+00 0.000000e+00
    outer loop
      vertex   4.690000e+02 1.500000e+01 1.200000e+02
      vertex   4.690000e+02 2.500000e+01 1.180000e+02
      vertex   4.690000e+02 1.500000e+01 1.180000e+02
    endloop
  endfacet
  facet normal -1.000000e+00 0.000000e+00 9.473904e-15
    outer loop
      vertex   4.690000e+02 1.500000e+01 1.180000e+02
      vertex   4.690000e+02 2.500000e+01 1.180000e+02
      vertex   4.690000e+02 2.500000e+01 1.120000e+02
    endloop
  endfacet
  facet normal -1.000000e+00 0.000000e+00 9.473904e-15
    outer loop
      vertex   4.690000e+02 1.500000e+01 1.180000e+02
      vertex   4.690000e+02 2.500000e+01 1.120000e+02
      vertex   4.690000e+02 1.500000e+01 1.120000e+02
    endloop
  endfacet
  facet normal -1.000000e+00 0.000000e+00 0.000000e+00
    outer loop
      vertex   4.690000e+02 1.500000e+01 1.120000e+02
      vertex   4.690000e+02 2.500000e+01 1.120000e+02
      vertex   4.690000e+02 1.500000e+01 1.115000e+02
    endloop
  endfacet
  facet normal -1.000000e+00 -8.169947e-08 1.633989e-06
    outer loop
      vertex   4.690000e+02 1.500000e+01 1.115000e+02
      vertex   4.690000e+02 2.500000e+01 1.120000e+02
      vertex   4.690000e+02 1.500000e+01 1.086000e+02
    endloop
  endfacet
  facet normal -1.000000e+00 4.738569e-07 0.000000e+00
    outer loop
      vertex   4.690000e+02 1.500000e+01 1.086000e+02
      vertex   4.690000e+02 2.500000e+01 1.120000e+02
      vertex   4.690000e+02 2.500000e+01 8.900000e+01
    endloop
  endfacet
  facet normal -1.000000e+00 4.738569e-07 0.000000e+00
    outer loop
      vertex   4.690000e+02 1.500000e+01 1.086000e+02
      vertex   4.690000e+02 2.500000e+01 8.900000e+01
      vertex   4.690000e+02 1.500000e+01 9.240000e+01
    endloop
  endfacet
  facet normal -1.000000e+00 -8.169948e-08 -1.633990e-06
    outer loop
      vertex   4.690000e+02 1.500000e+01 9.240000e+01
      vertex   4.690000e+02 2.500000e+01 8.900000e+01
      vertex   4.690000e+02 1.500000e+01 8.950000e+01
    endloop
  endfacet
  facet normal -1.000000e+00 0.000000e+00 0.000000e+00
    outer loop
      vertex   4.690000e+02 1.500000e+01 8.950000e+01
      vertex   4.690000e+02 2.500000e+01 8.900000e+01
      vertex   4.690000e+02 1.500000e+01 8.900000e+01
    endloop
  endfacet
  facet normal -1.000000e+00 0.000000e+00 0.000000e+00
    outer loop
      vertex   4.690000e+02 7.000000e+00 9.240000e+01
      vertex   4.690000e+02 7.000000e+00 1.086000e+02
      vertex   4.690000e+02 1.500000e+01 9.240000e+01
    endloop
  endfacet
  facet normal -1.000000e+00 0.000000e+00 0.000000e+00
    outer loop
      vertex   4.690000e+02 1.500000e+01 9.240000e+01
      vertex   4.690000e+02 7.000000e+00 1.086000e+02
      vertex   4.690000e+02 1.500000e+01 1.086000e+02
    endloop
  endfacet
  facet normal -1.000000e+00 -3.157968e-15 0.000000e+00
    outer loop
      vertex   4.690000e+02 -3.000000e+00 1.120000e+02
      vertex   4.690000e+02 -3.000000e+00 1.180000e+02
      vertex   4.690000e+02 1.500000e+01 1.120000e+02
    endloop
  endfacet
  facet normal -1.000000e+00 -7.479570e-30 9.473904e-15
    outer loop
      vertex   4.690000e+02 1.500000e+01 1.120000e+02
      vertex   4.690000e+02 -3.000000e+00 1.180000e+02
      vertex   4.690000e+02 1.500000e+01 1.180000e+02
    endloop
  endfacet
  facet normal -1.000000e+00 0.000000e+00 0.000000e+00
    outer loop
      vertex   4.690000e+02 7.000000e+00 1.225000e+02
      vertex   4.690000e+02 7.000000e+00 1.405000e+02
      vertex   4.690000e+02 1.500000e+01 1.225000e+02
    endloop
  endfacet
  facet normal -1.000000e+00 0.000000e+00 0.000000e+00
    outer loop
      vertex   4.690000e+02 1.500000e+01 1.225000e+02
      vertex   4.690000e+02 7.000000e+00 1.405000e+02
      vertex   4.690000e+02 1.500000e+01 1.405000e+02
    endloop
  endfacet
  facet normal -1.000000e+00 0.000000e+00 0.000000e+00
    outer loop
      vertex   4.690000e+02 -3.000000e+00 1.450000e+02
      vertex   4.690000e+02 -3.000000e+00 1.510000e+02
      vertex   4.690000e+02 1.500000e+01 1.450000e+02
    endloop
  endfacet
  facet normal -1.000000e+00 0.000000e+00 0.000000e+00
    outer loop
      vertex   4.690000e+02 1.500000e+01 1.450000e+02
      vertex   4.690000e+02 -3.000000e+00 1.510000e+02
      vertex   4.690000e+02 1.500000e+01 1.510000e+02
    endloop
  endfacet
  facet normal 0.000000e+00 -7.450581e-08 1.000000e+00
    outer loop
      vertex   4.500000e+02 8.000000e+00 1.565000e+02
      vertex   4.690000e+02 8.000000e+00 1.565000e+02
      vertex   4.500000e+02 1.500000e+01 1.565000e+02
    endloop
  endfacet
  facet normal 2.744951e-08 0.000000e+00 1.000000e+00
    outer loop
      vertex   4.500000e+02 1.500000e+01 1.565000e+02
      vertex   4.690000e+02 8.000000e+00 1.565000e+02
      vertex   4.690000e+02 1.500000e+01 1.565000e+02
    endloop
  endfacet
  facet normal -0.000000e+00 1.000000e+00 0.000000e+00
    outer loop
      vertex   4.500000e+02 8.000000e+00 1.615000e+02
      vertex   4.630000e+02 8.000000e+00 1.615000e+02
      vertex   4.500000e+02 8.000000e+00 1.565000e+02
    endloop
  endfacet
  facet normal 0.000000e+00 1.000000e+00 0.000000e+00
    outer loop
      vertex   4.500000e+02 8.000000e+00 1.565000e+02
      vertex   4.630000e+02 8.000000e+00 1.615000e+02
      vertex   4.690000e+02 8.000000e+00 1.565000e+02
    endloop
  endfacet
  facet normal 0.000000e+00 1.000000e+00 0.000000e+00
    outer loop
      vertex   4.690000e+02 8.000000e+00 1.565000e+02
      vertex   4.630000e+02 8.000000e+00 1.615000e+02
      vertex   4.630000e+02 8.000000e+00 1.705000e+02
    endloop
  endfacet
  facet normal 0.000000e+00 1.000000e+00 -0.000000e+00
    outer loop
      vertex   4.690000e+02 8.000000e+00 1.565000e+02
      vertex   4.630000e+02 8.000000e+00 1.705000e+02
      vertex   4.690000e+02 8.000000e+00 1.755000e+02
    endloop
  endfacet
  facet normal 0.000000e+00 1.000000e+00 0.000000e+00
    outer loop
      vertex   4.690000e+02 8.000000e+00 1.755000e+02
      vertex   4.630000e+02 8.000000e+00 1.705000e+02
      vertex   4.500000e+02 8.000000e+00 1.755000e+02
    endloop
  endfacet
  facet normal 0.000000e+00 1.000000e+00 0.000000e+00
    outer loop
      vertex   4.500000e+02 8.000000e+00 1.755000e+02
      vertex   4.630000e+02 8.000000e+00 1.705000e+02
      vertex   4.500000e+02 8.000000e+00 1.705000e+02
    endloop
  endfacet
  facet normal 0.000000e+00 0.000000e+00 -1.000000e+00
    outer loop
      vertex   4.440000e+02 -3.000000e+00 1.690000e+02
      vertex   4.440000e+02 1.500000e+01 1.690000e+02
      vertex   4.500000e+02 -3.000000e+00 1.690000e+02
    endloop
  endfacet
  facet normal 0.000000e+00 0.000000e+00 -1.000000e+00
    outer loop
      vertex   4.500000e+02 -3.000000e+00 1.690000e+02
      vertex   4.440000e+02 1.500000e+01 1.690000e+02
      vertex   4.500000e+02 1.500000e+01 1.690000e+02
    endloop
  endfacet
  facet normal 0.000000e+00 1.000000e+00 0.000000e+00
    outer loop
      vertex   4.690000e+02 2.500000e+01 1.810000e+02
      vertex   4.755000e+02 2.500000e+01 1.120000e+02
      vertex   4.690000e+02 2.500000e+01 1.510000e+02
    endloop
  endfacet
  facet normal 0.000000e+00 1.000000e+00 0.000000e+00
    outer loop
      vertex   4.690000e+02 2.500000e+01 1.510000e+02
      vertex   4.755000e+02 2.500000e+01 1.120000e+02
      vertex   4.700000e+02 2.500000e+01 1.120000e+02
    endloop
  endfacet
  facet normal 0.000000e+00 1.000000e+00 0.000000e+00
    outer loop
      vertex   4.690000e+02 2.500000e+01 1.510000e+02
      vertex   4.700000e+02 2.500000e+01 1.120000e+02
      vertex   4.690000e+02 2.500000e+01 1.450000e+02
    endloop
  endfacet
  facet normal 0.000000e+00 1.000000e+00 0.000000e+00
    outer loop
      vertex   4.690000e+02 2.500000e+01 1.450000e+02
      vertex   4.700000e+02 2.500000e+01 1.120000e+02
      vertex   4.690000e+02 2.500000e+01 1.430000e+02
    endloop
  endfacet
  facet normal 0.000000e+00 1.000000e+00 0.000000e+00
    outer loop
      vertex   4.690000e+02 2.500000e+01 1.430000e+02
      vertex   4.700000e+02 2.500000e+01 1.120000e+02
      vertex   4.690000e+02 2.500000e+01 1.425000e+02
    endloop
  endfacet
  facet normal 0.000000e+00 1.000000e+00 0.000000e+00
    outer loop
      vertex   4.690000e+02 2.500000e+01 1.425000e+02
      vertex   4.700000e+02 2.500000e+01 1.120000e+02
      vertex   4.690000e+02 2.500000e+01 1.205000e+02
    endloop
  endfacet
  facet normal 0.000000e+00 1.000000e+00 0.000000e+00
    outer loop
      vertex   4.690000e+02 2.500000e+01 1.205000e+02
      vertex   4.700000e+02 2.500000e+01 1.120000e+02
      vertex   4.690000e+02 2.500000e+01 1.200000e+02
    endloop
  endfacet
  facet normal 0.000000e+00 1.000000e+00 0.000000e+00
    outer loop
      vertex   4.690000e+02 2.500000e+01 1.200000e+02
      vertex   4.700000e+02 2.500000e+01 1.120000e+02
      vertex   4.690000e+02 2.500000e+01 1.180000e+02
    endloop
  endfacet
  facet normal 0.000000e+00 1.000000e+00 0.000000e+00
    outer loop
      vertex   4.690000e+02 2.500000e+01 1.180000e+02
      vertex   4.700000e+02 2.500000e+01 1.120000e+02
      vertex   4.690000e+02 2.500000e+01 1.120000e+02
    endloop
  endfacet
  facet normal -0.000000e+00 1.000000e+00 0.000000e+00
    outer loop
      vertex   4.690000e+02 2.500000e+01 2.380000e+02
      vertex   4.755000e+02 2.500000e+01 2.380000e+02
      vertex   4.690000e+02 2.500000e+01 1.810000e+02
    endloop
  endfacet
  facet normal -0.000000e+00 1.000000e+00 0.000000e+00
    outer loop
      vertex   4.690000e+02 2.500000e+01 1.810000e+02
      vertex   4.755000e+02 2.500000e+01 2.380000e+02
      vertex   4.755000e+02 2.500000e+01 1.120000e+02
    endloop
  endfacet
  facet normal 0.000000e+00 1.000000e+00 0.000000e+00
    outer loop
      vertex   4.690000e+02 1.500000e+01 1.510000e+02
      vertex   4.440000e+02 1.500000e+01 1.510000e+02
      vertex   4.500000e+02 1.500000e+01 1.565000e+02
    endloop
  endfacet
  facet normal 0.000000e+00 1.000000e+00 0.000000e+00
    outer loop
      vertex   4.500000e+02 1.500000e+01 1.565000e+02
      vertex   4.440000e+02 1.500000e+01 1.510000e+02
      vertex   4.440000e+02 1.500000e+01 1.630000e+02
    endloop
  endfacet
  facet normal 0.000000e+00 1.000000e+00 -0.000000e+00
    outer loop
      vertex   4.500000e+02 1.500000e+01 1.565000e+02
      vertex   4.440000e+02 1.500000e+01 1.630000e+02
      vertex   4.500000e+02 1.500000e+01 1.630000e+02
    endloop
  endfacet
  facet normal 0.000000e+00 1.000000e+00 0.000000e+00
    outer loop
      vertex   4.500000e+02 1.500000e+01 1.565000e+02
      vertex   4.690000e+02 1.500000e+01 1.565000e+02
      vertex   4.690000e+02 1.500000e+01 1.510000e+02
    endloop
  endfacet
  facet normal 0.000000e+00 -0.000000e+00 1.000000e+00
    outer loop
      vertex   4.440000e+02 0.000000e+00 1.630000e+02
      vertex   4.500000e+02 8.000000e+00 1.630000e+02
      vertex   4.440000e+02 1.500000e+01 1.630000e+02
    endloop
  endfacet
  facet normal 0.000000e+00 0.000000e+00 1.000000e+00
    outer loop
      vertex   4.440000e+02 1.500000e+01 1.630000e+02
      vertex   4.500000e+02 8.000000e+00 1.630000e+02
      vertex   4.500000e+02 1.000000e+01 1.630000e+02
    endloop
  endfacet
  facet normal -0.000000e+00 0.000000e+00 1.000000e+00
    outer loop
      vertex   4.440000e+02 1.500000e+01 1.630000e+02
      vertex   4.500000e+02 1.000000e+01 1.630000e+02
      vertex   4.500000e+02 1.500000e+01 1.630000e+02
    endloop
  endfacet
  facet normal 0.000000e+00 0.000000e+00 1.000000e+00
    outer loop
      vertex   4.440000e+02 -3.000000e+00 1.630000e+02
      vertex   4.490000e+02 -3.000000e+00 1.630000e+02
      vertex   4.440000e+02 0.000000e+00 1.630000e+02
    endloop
  endfacet
  facet normal -0.000000e+00 0.000000e+00 1.000000e+00
    outer loop
      vertex   4.440000e+02 0.000000e+00 1.630000e+02
      vertex   4.490000e+02 -3.000000e+00 1.630000e+02
      vertex   4.500000e+02 5.000000e+00 1.630000e+02
    endloop
  endfacet
  facet normal 0.000000e+00 0.000000e+00 1.000000e+00
    outer loop
      vertex   4.440000e+02 0.000000e+00 1.630000e+02
      vertex   4.500000e+02 5.000000e+00 1.630000e+02
      vertex   4.500000e+02 8.000000e+00 1.630000e+02
    endloop
  endfacet
  facet normal 0.000000e+00 -0.000000e+00 1.000000e+00
    outer loop
      vertex   4.500000e+02 -3.000000e+00 1.630000e+02
      vertex   4.500000e+02 0.000000e+00 1.630000e+02
      vertex   4.490000e+02 -3.000000e+00 1.630000e+02
    endloop
  endfacet
  facet normal 0.000000e+00 0.000000e+00 1.000000e+00
    outer loop
      vertex   4.490000e+02 -3.000000e+00 1.630000e+02
      vertex   4.500000e+02 0.000000e+00 1.630000e+02
      vertex   4.500000e+02 5.000000e+00 1.630000e+02
    endloop
  endfacet
  facet normal -0.000000e+00 0.000000e+00 1.000000e+00
    outer loop
      vertex   4.500000e+02 8.000000e+00 1.615000e+02
      vertex   4.500000e+02 0.000000e+00 1.615000e+02
      vertex   4.630000e+02 8.000000e+00 1.615000e+02
    endloop
  endfacet
  facet normal 0.000000e+00 0.000000e+00 1.000000e+00
    outer loop
      vertex   4.630000e+02 8.000000e+00 1.615000e+02
      vertex   4.500000e+02 0.000000e+00 1.615000e+02
      vertex   4.630000e+02 -3.000000e+00 1.615000e+02
    endloop
  endfacet
  facet normal 0.000000e+00 0.000000e+00 1.000000e+00
    outer loop
      vertex   4.630000e+02 -3.000000e+00 1.615000e+02
      vertex   4.500000e+02 0.000000e+00 1.615000e+02
      vertex   4.500000e+02 -3.000000e+00 1.615000e+02
    endloop
  endfacet
  facet normal -1.000000e+00 -0.000000e+00 -0.000000e+00
    outer loop
      vertex   4.630000e+02 8.000000e+00 1.705000e+02
      vertex   4.630000e+02 8.000000e+00 1.615000e+02
      vertex   4.630000e+02 -3.000000e+00 1.705000e+02
    endloop
  endfacet
  facet normal -1.000000e+00 0.000000e+00 0.000000e+00
    outer loop
      vertex   4.630000e+02 -3.000000e+00 1.705000e+02
      vertex   4.630000e+02 8.000000e+00 1.615000e+02
      vertex   4.630000e+02 -3.000000e+00 1.615000e+02
    endloop
  endfacet
endsolid
