solid ASCII
  facet normal 0.000000e+00 -8.046657e-02 9.967573e-01
    outer loop
      vertex   5.654000e+02 9.740617e+00 -7.760499e+01
      vertex   5.609200e+02 9.740617e+00 -7.760499e+01
      vertex   5.654000e+02 9.500000e+00 -7.762441e+01
    endloop
  endfacet
  facet normal 0.000000e+00 -8.046657e-02 9.967573e-01
    outer loop
      vertex   5.654000e+02 9.500000e+00 -7.762441e+01
      vertex   5.609200e+02 9.740617e+00 -7.760499e+01
      vertex   5.609200e+02 9.500000e+00 -7.762441e+01
    endloop
  endfacet
  facet normal 0.000000e+00 8.046657e-02 9.967573e-01
    outer loop
      vertex   5.654000e+02 9.500000e+00 -7.762441e+01
      vertex   5.609200e+02 9.500000e+00 -7.762441e+01
      vertex   5.609200e+02 9.259383e+00 -7.760499e+01
    endloop
  endfacet
  facet normal 0.000000e+00 8.046657e-02 9.967573e-01
    outer loop
      vertex   5.609200e+02 9.259383e+00 -7.760499e+01
      vertex   5.609200e+02 9.500000e+00 -7.762441e+01
      vertex   5.564400e+02 9.500000e+00 -7.762441e+01
    endloop
  endfacet
  facet normal 0.000000e+00 8.046657e-02 9.967573e-01
    outer loop
      vertex   5.609200e+02 9.259383e+00 -7.760499e+01
      vertex   5.564400e+02 9.500000e+00 -7.762441e+01
      vertex   5.564400e+02 9.259383e+00 -7.760499e+01
    endloop
  endfacet
  facet normal 0.000000e+00 8.046657e-02 9.967573e-01
    outer loop
      vertex   5.564400e+02 9.259383e+00 -7.760499e+01
      vertex   5.564400e+02 9.500000e+00 -7.762441e+01
      vertex   5.519600e+02 9.500000e+00 -7.762441e+01
    endloop
  endfacet
  facet normal 0.000000e+00 8.046657e-02 9.967573e-01
    outer loop
      vertex   5.564400e+02 9.259383e+00 -7.760499e+01
      vertex   5.519600e+02 9.500000e+00 -7.762441e+01
      vertex   5.519600e+02 9.259383e+00 -7.760499e+01
    endloop
  endfacet
  facet normal 0.000000e+00 8.046657e-02 9.967573e-01
    outer loop
      vertex   5.519600e+02 9.259383e+00 -7.760499e+01
      vertex   5.519600e+02 9.500000e+00 -7.762441e+01
      vertex   5.474800e+02 9.500000e+00 -7.762441e+01
    endloop
  endfacet
  facet normal 0.000000e+00 8.046657e-02 9.967573e-01
    outer loop
      vertex   5.519600e+02 9.259383e+00 -7.760499e+01
      vertex   5.474800e+02 9.500000e+00 -7.762441e+01
      vertex   5.474800e+02 9.259383e+00 -7.760499e+01
    endloop
  endfacet
  facet normal 0.000000e+00 8.046657e-02 9.967573e-01
    outer loop
      vertex   5.474800e+02 9.259383e+00 -7.760499e+01
      vertex   5.474800e+02 9.500000e+00 -7.762441e+01
      vertex   5.430000e+02 9.500000e+00 -7.762441e+01
    endloop
  endfacet
  facet normal 0.000000e+00 8.046657e-02 9.967573e-01
    outer loop
      vertex   5.474800e+02 9.259383e+00 -7.760499e+01
      vertex   5.430000e+02 9.500000e+00 -7.762441e+01
      vertex   5.430000e+02 9.259383e+00 -7.760499e+01
    endloop
  endfacet
  facet normal 0.000000e+00 -2.393157e-01 9.709418e-01
    outer loop
      vertex   5.609200e+02 9.740617e+00 -7.760499e+01
      vertex   5.654000e+02 9.740617e+00 -7.760499e+01
      vertex   5.609200e+02 9.975002e+00 -7.754722e+01
    endloop
  endfacet
  facet normal 0.000000e+00 -2.393157e-01 9.709418e-01
    outer loop
      vertex   5.609200e+02 9.975002e+00 -7.754722e+01
      vertex   5.654000e+02 9.740617e+00 -7.760499e+01
      vertex   5.654000e+02 9.975002e+00 -7.754722e+01
    endloop
  endfacet
  facet normal 0.000000e+00 -3.919666e-01 9.199794e-01
    outer loop
      vertex   5.609200e+02 9.975002e+00 -7.754722e+01
      vertex   5.654000e+02 9.975002e+00 -7.754722e+01
      vertex   5.609200e+02 1.019708e+01 -7.745260e+01
    endloop
  endfacet
  facet normal 1.554180e-16 -3.919666e-01 9.199794e-01
    outer loop
      vertex   5.609200e+02 1.019708e+01 -7.745260e+01
      vertex   5.654000e+02 9.975002e+00 -7.754722e+01
      vertex   5.654000e+02 1.019708e+01 -7.745260e+01
    endloop
  endfacet
  facet normal 2.119201e-16 -5.344658e-01 8.451901e-01
    outer loop
      vertex   5.609200e+02 1.019708e+01 -7.745260e+01
      vertex   5.654000e+02 1.019708e+01 -7.745260e+01
      vertex   5.609200e+02 1.040111e+01 -7.732358e+01
    endloop
  endfacet
  facet normal 0.000000e+00 -5.344658e-01 8.451901e-01
    outer loop
      vertex   5.609200e+02 1.040111e+01 -7.732358e+01
      vertex   5.654000e+02 1.019708e+01 -7.745260e+01
      vertex   5.654000e+02 1.040111e+01 -7.732358e+01
    endloop
  endfacet
  facet normal 0.000000e+00 -6.631227e-01 7.485107e-01
    outer loop
      vertex   5.609200e+02 1.040111e+01 -7.732358e+01
      vertex   5.654000e+02 1.040111e+01 -7.732358e+01
      vertex   5.609200e+02 1.058180e+01 -7.716350e+01
    endloop
  endfacet
  facet normal 2.629336e-16 -6.631227e-01 7.485107e-01
    outer loop
      vertex   5.609200e+02 1.058180e+01 -7.716350e+01
      vertex   5.654000e+02 1.040111e+01 -7.732358e+01
      vertex   5.654000e+02 1.058180e+01 -7.716350e+01
    endloop
  endfacet
  facet normal 3.071372e-16 -7.746050e-01 6.324454e-01
    outer loop
      vertex   5.609200e+02 1.058180e+01 -7.716350e+01
      vertex   5.654000e+02 1.058180e+01 -7.716350e+01
      vertex   5.609200e+02 1.073448e+01 -7.697651e+01
    endloop
  endfacet
  facet normal 0.000000e+00 -7.746050e-01 6.324454e-01
    outer loop
      vertex   5.609200e+02 1.073448e+01 -7.697651e+01
      vertex   5.654000e+02 1.058180e+01 -7.716350e+01
      vertex   5.654000e+02 1.073448e+01 -7.697651e+01
    endloop
  endfacet
  facet normal 0.000000e+00 -8.660254e-01 5.000000e-01
    outer loop
      vertex   5.609200e+02 1.073448e+01 -7.697651e+01
      vertex   5.654000e+02 1.073448e+01 -7.697651e+01
      vertex   5.609200e+02 1.085518e+01 -7.676745e+01
    endloop
  endfacet
  facet normal 0.000000e+00 -8.660254e-01 5.000000e-01
    outer loop
      vertex   5.609200e+02 1.085518e+01 -7.676745e+01
      vertex   5.654000e+02 1.073448e+01 -7.697651e+01
      vertex   5.654000e+02 1.085518e+01 -7.676745e+01
    endloop
  endfacet
  facet normal 0.000000e+00 -9.350162e-01 3.546049e-01
    outer loop
      vertex   5.609200e+02 1.085518e+01 -7.676745e+01
      vertex   5.654000e+02 1.085518e+01 -7.676745e+01
      vertex   5.609200e+02 1.094078e+01 -7.654174e+01
    endloop
  endfacet
  facet normal 3.707416e-16 -9.350162e-01 3.546049e-01
    outer loop
      vertex   5.609200e+02 1.094078e+01 -7.654174e+01
      vertex   5.654000e+02 1.085518e+01 -7.676745e+01
      vertex   5.654000e+02 1.094078e+01 -7.654174e+01
    endloop
  endfacet
  facet normal 3.884950e-16 -9.797907e-01 2.000257e-01
    outer loop
      vertex   5.609200e+02 1.094078e+01 -7.654174e+01
      vertex   5.654000e+02 1.094078e+01 -7.654174e+01
      vertex   5.609200e+02 1.098906e+01 -7.630522e+01
    endloop
  endfacet
  facet normal 0.000000e+00 -9.797907e-01 2.000257e-01
    outer loop
      vertex   5.609200e+02 1.098906e+01 -7.630522e+01
      vertex   5.654000e+02 1.094078e+01 -7.654174e+01
      vertex   5.654000e+02 1.098906e+01 -7.630522e+01
    endloop
  endfacet
  facet normal 0.000000e+00 -9.991890e-01 4.026594e-02
    outer loop
      vertex   5.609200e+02 1.098906e+01 -7.630522e+01
      vertex   5.654000e+02 1.098906e+01 -7.630522e+01
      vertex   5.609200e+02 1.099878e+01 -7.606401e+01
    endloop
  endfacet
  facet normal 0.000000e+00 -9.991890e-01 4.026594e-02
    outer loop
      vertex   5.609200e+02 1.099878e+01 -7.606401e+01
      vertex   5.654000e+02 1.098906e+01 -7.630522e+01
      vertex   5.654000e+02 1.099878e+01 -7.606401e+01
    endloop
  endfacet
  facet normal 0.000000e+00 -9.927089e-01 -1.205367e-01
    outer loop
      vertex   5.609200e+02 1.099878e+01 -7.606401e+01
      vertex   5.654000e+02 1.099878e+01 -7.606401e+01
      vertex   5.609200e+02 1.096969e+01 -7.582437e+01
    endloop
  endfacet
  facet normal 0.000000e+00 -9.927089e-01 -1.205367e-01
    outer loop
      vertex   5.609200e+02 1.096969e+01 -7.582437e+01
      vertex   5.654000e+02 1.099878e+01 -7.606401e+01
      vertex   5.654000e+02 1.096969e+01 -7.582437e+01
    endloop
  endfacet
  facet normal 0.000000e+00 -9.605181e-01 -2.782175e-01
    outer loop
      vertex   5.609200e+02 1.096969e+01 -7.582437e+01
      vertex   5.654000e+02 1.096969e+01 -7.582437e+01
      vertex   5.609200e+02 1.090252e+01 -7.559251e+01
    endloop
  endfacet
  facet normal 7.617067e-16 -9.605181e-01 -2.782175e-01
    outer loop
      vertex   5.609200e+02 1.090252e+01 -7.559251e+01
      vertex   5.654000e+02 1.096969e+01 -7.582437e+01
      vertex   5.654000e+02 1.090252e+01 -7.559251e+01
    endloop
  endfacet
  facet normal 7.164510e-16 -9.034504e-01 -4.286926e-01
    outer loop
      vertex   5.609200e+02 1.090252e+01 -7.559251e+01
      vertex   5.654000e+02 1.090252e+01 -7.559251e+01
      vertex   5.609200e+02 1.079904e+01 -7.537441e+01
    endloop
  endfacet
  facet normal 0.000000e+00 -9.034504e-01 -4.286926e-01
    outer loop
      vertex   5.609200e+02 1.079904e+01 -7.537441e+01
      vertex   5.654000e+02 1.090252e+01 -7.559251e+01
      vertex   5.654000e+02 1.079904e+01 -7.537441e+01
    endloop
  endfacet
  facet normal 0.000000e+00 -8.229839e-01 -5.680647e-01
    outer loop
      vertex   5.609200e+02 1.079904e+01 -7.537441e+01
      vertex   5.654000e+02 1.079904e+01 -7.537441e+01
      vertex   5.609200e+02 1.066191e+01 -7.517575e+01
    endloop
  endfacet
  facet normal 0.000000e+00 -8.229839e-01 -5.680647e-01
    outer loop
      vertex   5.609200e+02 1.066191e+01 -7.517575e+01
      vertex   5.654000e+02 1.079904e+01 -7.537441e+01
      vertex   5.654000e+02 1.066191e+01 -7.517575e+01
    endloop
  endfacet
  facet normal 0.000000e+00 -7.212024e-01 -6.927244e-01
    outer loop
      vertex   5.609200e+02 1.066191e+01 -7.517575e+01
      vertex   5.654000e+02 1.066191e+01 -7.517575e+01
      vertex   5.609200e+02 1.049468e+01 -7.500165e+01
    endloop
  endfacet
  facet normal 0.000000e+00 -7.212024e-01 -6.927244e-01
    outer loop
      vertex   5.609200e+02 1.049468e+01 -7.500165e+01
      vertex   5.654000e+02 1.066191e+01 -7.517575e+01
      vertex   5.654000e+02 1.049468e+01 -7.500165e+01
    endloop
  endfacet
  facet normal 0.000000e+00 -6.007423e-01 -7.994428e-01
    outer loop
      vertex   5.609200e+02 1.049468e+01 -7.500165e+01
      vertex   5.654000e+02 1.049468e+01 -7.500165e+01
      vertex   5.609200e+02 1.030170e+01 -7.485663e+01
    endloop
  endfacet
  facet normal 2.381992e-16 -6.007423e-01 -7.994428e-01
    outer loop
      vertex   5.609200e+02 1.030170e+01 -7.485663e+01
      vertex   5.654000e+02 1.049468e+01 -7.500165e+01
      vertex   5.654000e+02 1.030170e+01 -7.485663e+01
    endloop
  endfacet
  facet normal 1.842666e-16 -4.647232e-01 -8.854560e-01
    outer loop
      vertex   5.609200e+02 1.030170e+01 -7.485663e+01
      vertex   5.654000e+02 1.030170e+01 -7.485663e+01
      vertex   5.609200e+02 1.008795e+01 -7.474444e+01
    endloop
  endfacet
  facet normal 0.000000e+00 -4.647232e-01 -8.854560e-01
    outer loop
      vertex   5.609200e+02 1.008795e+01 -7.474444e+01
      vertex   5.654000e+02 1.030170e+01 -7.485663e+01
      vertex   5.654000e+02 1.008795e+01 -7.474444e+01
    endloop
  endfacet
  facet normal 0.000000e+00 -3.166680e-01 -9.485364e-01
    outer loop
      vertex   5.609200e+02 1.008795e+01 -7.474444e+01
      vertex   5.654000e+02 1.008795e+01 -7.474444e+01
      vertex   5.609200e+02 9.858973e+00 -7.466800e+01
    endloop
  endfacet
  facet normal 0.000000e+00 -3.166680e-01 -9.485364e-01
    outer loop
      vertex   5.609200e+02 9.858973e+00 -7.466800e+01
      vertex   5.654000e+02 1.008795e+01 -7.474444e+01
      vertex   5.654000e+02 9.858973e+00 -7.466800e+01
    endloop
  endfacet
  facet normal 0.000000e+00 -1.604113e-01 -9.870503e-01
    outer loop
      vertex   5.609200e+02 9.858973e+00 -7.466800e+01
      vertex   5.654000e+02 9.858973e+00 -7.466800e+01
      vertex   5.609200e+02 9.620700e+00 -7.462928e+01
    endloop
  endfacet
  facet normal 0.000000e+00 -1.604113e-01 -9.870503e-01
    outer loop
      vertex   5.609200e+02 9.620700e+00 -7.462928e+01
      vertex   5.654000e+02 9.858973e+00 -7.466800e+01
      vertex   5.654000e+02 9.620700e+00 -7.462928e+01
    endloop
  endfacet
  facet normal 0.000000e+00 0.000000e+00 -1.000000e+00
    outer loop
      vertex   5.609200e+02 9.620700e+00 -7.462928e+01
      vertex   5.654000e+02 9.620700e+00 -7.462928e+01
      vertex   5.609200e+02 9.379300e+00 -7.462928e+01
    endloop
  endfacet
  facet normal 0.000000e+00 0.000000e+00 -1.000000e+00
    outer loop
      vertex   5.609200e+02 9.379300e+00 -7.462928e+01
      vertex   5.654000e+02 9.620700e+00 -7.462928e+01
      vertex   5.654000e+02 9.379300e+00 -7.462928e+01
    endloop
  endfacet
  facet normal 0.000000e+00 1.604113e-01 -9.870503e-01
    outer loop
      vertex   5.609200e+02 9.379300e+00 -7.462928e+01
      vertex   5.654000e+02 9.379300e+00 -7.462928e+01
      vertex   5.609200e+02 9.141027e+00 -7.466800e+01
    endloop
  endfacet
  facet normal 0.000000e+00 1.604113e-01 -9.870503e-01
    outer loop
      vertex   5.609200e+02 9.141027e+00 -7.466800e+01
      vertex   5.654000e+02 9.379300e+00 -7.462928e+01
      vertex   5.654000e+02 9.141027e+00 -7.466800e+01
    endloop
  endfacet
  facet normal 0.000000e+00 3.166680e-01 -9.485364e-01
    outer loop
      vertex   5.609200e+02 9.141027e+00 -7.466800e+01
      vertex   5.654000e+02 9.141027e+00 -7.466800e+01
      vertex   5.609200e+02 8.912050e+00 -7.474444e+01
    endloop
  endfacet
  facet normal 0.000000e+00 3.166680e-01 -9.485364e-01
    outer loop
      vertex   5.609200e+02 8.912050e+00 -7.474444e+01
      vertex   5.654000e+02 9.141027e+00 -7.466800e+01
      vertex   5.654000e+02 8.912050e+00 -7.474444e+01
    endloop
  endfacet
  facet normal 0.000000e+00 4.647232e-01 -8.854560e-01
    outer loop
      vertex   5.609200e+02 8.912050e+00 -7.474444e+01
      vertex   5.654000e+02 8.912050e+00 -7.474444e+01
      vertex   5.609200e+02 8.698301e+00 -7.485663e+01
    endloop
  endfacet
  facet normal 1.842666e-16 4.647232e-01 -8.854560e-01
    outer loop
      vertex   5.609200e+02 8.698301e+00 -7.485663e+01
      vertex   5.654000e+02 8.912050e+00 -7.474444e+01
      vertex   5.654000e+02 8.698301e+00 -7.485663e+01
    endloop
  endfacet
  facet normal 2.381992e-16 6.007423e-01 -7.994428e-01
    outer loop
      vertex   5.609200e+02 8.698301e+00 -7.485663e+01
      vertex   5.654000e+02 8.698301e+00 -7.485663e+01
      vertex   5.609200e+02 8.505316e+00 -7.500165e+01
    endloop
  endfacet
  facet normal 0.000000e+00 6.007423e-01 -7.994428e-01
    outer loop
      vertex   5.609200e+02 8.505316e+00 -7.500165e+01
      vertex   5.654000e+02 8.698301e+00 -7.485663e+01
      vertex   5.654000e+02 8.505316e+00 -7.500165e+01
    endloop
  endfacet
  facet normal 0.000000e+00 7.212024e-01 -6.927244e-01
    outer loop
      vertex   5.609200e+02 8.505316e+00 -7.500165e+01
      vertex   5.654000e+02 8.505316e+00 -7.500165e+01
      vertex   5.609200e+02 8.338093e+00 -7.517575e+01
    endloop
  endfacet
  facet normal 0.000000e+00 7.212024e-01 -6.927244e-01
    outer loop
      vertex   5.609200e+02 8.338093e+00 -7.517575e+01
      vertex   5.654000e+02 8.505316e+00 -7.500165e+01
      vertex   5.654000e+02 8.338093e+00 -7.517575e+01
    endloop
  endfacet
  facet normal 0.000000e+00 8.229839e-01 -5.680647e-01
    outer loop
      vertex   5.609200e+02 8.338093e+00 -7.517575e+01
      vertex   5.654000e+02 8.338093e+00 -7.517575e+01
      vertex   5.609200e+02 8.200962e+00 -7.537441e+01
    endloop
  endfacet
  facet normal 0.000000e+00 8.229839e-01 -5.680647e-01
    outer loop
      vertex   5.609200e+02 8.200962e+00 -7.537441e+01
      vertex   5.654000e+02 8.338093e+00 -7.517575e+01
      vertex   5.654000e+02 8.200962e+00 -7.537441e+01
    endloop
  endfacet
  facet normal 0.000000e+00 9.034504e-01 -4.286926e-01
    outer loop
      vertex   5.609200e+02 8.200962e+00 -7.537441e+01
      vertex   5.654000e+02 8.200962e+00 -7.537441e+01
      vertex   5.609200e+02 8.097476e+00 -7.559251e+01
    endloop
  endfacet
  facet normal 3.582255e-16 9.034504e-01 -4.286926e-01
    outer loop
      vertex   5.609200e+02 8.097476e+00 -7.559251e+01
      vertex   5.654000e+02 8.200962e+00 -7.537441e+01
      vertex   5.654000e+02 8.097476e+00 -7.559251e+01
    endloop
  endfacet
  facet normal 3.808533e-16 9.605181e-01 -2.782175e-01
    outer loop
      vertex   5.609200e+02 8.097476e+00 -7.559251e+01
      vertex   5.654000e+02 8.097476e+00 -7.559251e+01
      vertex   5.609200e+02 8.030314e+00 -7.582437e+01
    endloop
  endfacet
  facet normal 0.000000e+00 9.605181e-01 -2.782175e-01
    outer loop
      vertex   5.609200e+02 8.030314e+00 -7.582437e+01
      vertex   5.654000e+02 8.097476e+00 -7.559251e+01
      vertex   5.654000e+02 8.030314e+00 -7.582437e+01
    endloop
  endfacet
  facet normal 0.000000e+00 9.927089e-01 -1.205367e-01
    outer loop
      vertex   5.609200e+02 8.030314e+00 -7.582437e+01
      vertex   5.654000e+02 8.030314e+00 -7.582437e+01
      vertex   5.609200e+02 8.001217e+00 -7.606401e+01
    endloop
  endfacet
  facet normal 0.000000e+00 9.927089e-01 -1.205367e-01
    outer loop
      vertex   5.609200e+02 8.001217e+00 -7.606401e+01
      vertex   5.654000e+02 8.030314e+00 -7.582437e+01
      vertex   5.654000e+02 8.001217e+00 -7.606401e+01
    endloop
  endfacet
  facet normal -0.000000e+00 9.991890e-01 4.026594e-02
    outer loop
      vertex   5.609200e+02 8.001217e+00 -7.606401e+01
      vertex   5.654000e+02 8.001217e+00 -7.606401e+01
      vertex   5.609200e+02 8.010937e+00 -7.630522e+01
    endloop
  endfacet
  facet normal -0.000000e+00 9.991890e-01 4.026594e-02
    outer loop
      vertex   5.609200e+02 8.010937e+00 -7.630522e+01
      vertex   5.654000e+02 8.001217e+00 -7.606401e+01
      vertex   5.654000e+02 8.010937e+00 -7.630522e+01
    endloop
  endfacet
  facet normal -0.000000e+00 9.797907e-01 2.000257e-01
    outer loop
      vertex   5.609200e+02 8.010937e+00 -7.630522e+01
      vertex   5.654000e+02 8.010937e+00 -7.630522e+01
      vertex   5.609200e+02 8.059223e+00 -7.654174e+01
    endloop
  endfacet
  facet normal -0.000000e+00 9.797907e-01 2.000257e-01
    outer loop
      vertex   5.609200e+02 8.059223e+00 -7.654174e+01
      vertex   5.654000e+02 8.010937e+00 -7.630522e+01
      vertex   5.654000e+02 8.059223e+00 -7.654174e+01
    endloop
  endfacet
  facet normal -0.000000e+00 9.350162e-01 3.546049e-01
    outer loop
      vertex   5.609200e+02 8.059223e+00 -7.654174e+01
      vertex   5.654000e+02 8.059223e+00 -7.654174e+01
      vertex   5.609200e+02 8.144824e+00 -7.676745e+01
    endloop
  endfacet
  facet normal -0.000000e+00 9.350162e-01 3.546049e-01
    outer loop
      vertex   5.609200e+02 8.144824e+00 -7.676745e+01
      vertex   5.654000e+02 8.059223e+00 -7.654174e+01
      vertex   5.654000e+02 8.144824e+00 -7.676745e+01
    endloop
  endfacet
  facet normal -0.000000e+00 8.660254e-01 5.000000e-01
    outer loop
      vertex   5.609200e+02 8.144824e+00 -7.676745e+01
      vertex   5.654000e+02 8.144824e+00 -7.676745e+01
      vertex   5.609200e+02 8.265524e+00 -7.697651e+01
    endloop
  endfacet
  facet normal -3.433862e-16 8.660254e-01 5.000000e-01
    outer loop
      vertex   5.609200e+02 8.265524e+00 -7.697651e+01
      vertex   5.654000e+02 8.144824e+00 -7.676745e+01
      vertex   5.654000e+02 8.265524e+00 -7.697651e+01
    endloop
  endfacet
  facet normal -3.071372e-16 7.746050e-01 6.324454e-01
    outer loop
      vertex   5.609200e+02 8.265524e+00 -7.697651e+01
      vertex   5.654000e+02 8.265524e+00 -7.697651e+01
      vertex   5.609200e+02 8.418196e+00 -7.716350e+01
    endloop
  endfacet
  facet normal 3.071372e-16 7.746050e-01 6.324454e-01
    outer loop
      vertex   5.609200e+02 8.418196e+00 -7.716350e+01
      vertex   5.654000e+02 8.265524e+00 -7.697651e+01
      vertex   5.654000e+02 8.418196e+00 -7.716350e+01
    endloop
  endfacet
  facet normal 2.629336e-16 6.631227e-01 7.485107e-01
    outer loop
      vertex   5.609200e+02 8.418196e+00 -7.716350e+01
      vertex   5.654000e+02 8.418196e+00 -7.716350e+01
      vertex   5.609200e+02 8.598887e+00 -7.732358e+01
    endloop
  endfacet
  facet normal -0.000000e+00 6.631227e-01 7.485107e-01
    outer loop
      vertex   5.609200e+02 8.598887e+00 -7.732358e+01
      vertex   5.654000e+02 8.418196e+00 -7.716350e+01
      vertex   5.654000e+02 8.598887e+00 -7.732358e+01
    endloop
  endfacet
  facet normal -0.000000e+00 5.344658e-01 8.451901e-01
    outer loop
      vertex   5.609200e+02 8.598887e+00 -7.732358e+01
      vertex   5.654000e+02 8.598887e+00 -7.732358e+01
      vertex   5.609200e+02 8.802915e+00 -7.745260e+01
    endloop
  endfacet
  facet normal 2.119201e-16 5.344658e-01 8.451901e-01
    outer loop
      vertex   5.609200e+02 8.802915e+00 -7.745260e+01
      vertex   5.654000e+02 8.598887e+00 -7.732358e+01
      vertex   5.654000e+02 8.802915e+00 -7.745260e+01
    endloop
  endfacet
  facet normal 1.554180e-16 3.919666e-01 9.199794e-01
    outer loop
      vertex   5.609200e+02 8.802915e+00 -7.745260e+01
      vertex   5.654000e+02 8.802915e+00 -7.745260e+01
      vertex   5.609200e+02 9.024998e+00 -7.754722e+01
    endloop
  endfacet
  facet normal -0.000000e+00 3.919666e-01 9.199794e-01
    outer loop
      vertex   5.609200e+02 9.024998e+00 -7.754722e+01
      vertex   5.654000e+02 8.802915e+00 -7.745260e+01
      vertex   5.654000e+02 9.024998e+00 -7.754722e+01
    endloop
  endfacet
  facet normal -0.000000e+00 2.393157e-01 9.709418e-01
    outer loop
      vertex   5.609200e+02 9.024998e+00 -7.754722e+01
      vertex   5.654000e+02 9.024998e+00 -7.754722e+01
      vertex   5.609200e+02 9.259383e+00 -7.760499e+01
    endloop
  endfacet
  facet normal -0.000000e+00 2.393157e-01 9.709418e-01
    outer loop
      vertex   5.609200e+02 9.259383e+00 -7.760499e+01
      vertex   5.654000e+02 9.024998e+00 -7.754722e+01
      vertex   5.654000e+02 9.259383e+00 -7.760499e+01
    endloop
  endfacet
  facet normal -0.000000e+00 8.046657e-02 9.967573e-01
    outer loop
      vertex   5.609200e+02 9.259383e+00 -7.760499e+01
      vertex   5.654000e+02 9.259383e+00 -7.760499e+01
      vertex   5.654000e+02 9.500000e+00 -7.762441e+01
    endloop
  endfacet
  facet normal 0.000000e+00 2.393157e-01 9.709418e-01
    outer loop
      vertex   5.474800e+02 9.259383e+00 -7.760499e+01
      vertex   5.430000e+02 9.259383e+00 -7.760499e+01
      vertex   5.474800e+02 9.024998e+00 -7.754722e+01
    endloop
  endfacet
  facet normal 0.000000e+00 2.393157e-01 9.709418e-01
    outer loop
      vertex   5.474800e+02 9.024998e+00 -7.754722e+01
      vertex   5.430000e+02 9.259383e+00 -7.760499e+01
      vertex   5.430000e+02 9.024998e+00 -7.754722e+01
    endloop
  endfacet
  facet normal 0.000000e+00 3.919666e-01 9.199794e-01
    outer loop
      vertex   5.474800e+02 9.024998e+00 -7.754722e+01
      vertex   5.430000e+02 9.024998e+00 -7.754722e+01
      vertex   5.474800e+02 8.802915e+00 -7.745260e+01
    endloop
  endfacet
  facet normal -1.554180e-16 3.919666e-01 9.199794e-01
    outer loop
      vertex   5.474800e+02 8.802915e+00 -7.745260e+01
      vertex   5.430000e+02 9.024998e+00 -7.754722e+01
      vertex   5.430000e+02 8.802915e+00 -7.745260e+01
    endloop
  endfacet
  facet normal -2.119201e-16 5.344658e-01 8.451901e-01
    outer loop
      vertex   5.474800e+02 8.802915e+00 -7.745260e+01
      vertex   5.430000e+02 8.802915e+00 -7.745260e+01
      vertex   5.474800e+02 8.598887e+00 -7.732358e+01
    endloop
  endfacet
  facet normal 0.000000e+00 5.344658e-01 8.451901e-01
    outer loop
      vertex   5.474800e+02 8.598887e+00 -7.732358e+01
      vertex   5.430000e+02 8.802915e+00 -7.745260e+01
      vertex   5.430000e+02 8.598887e+00 -7.732358e+01
    endloop
  endfacet
  facet normal 0.000000e+00 6.631227e-01 7.485107e-01
    outer loop
      vertex   5.474800e+02 8.598887e+00 -7.732358e+01
      vertex   5.430000e+02 8.598887e+00 -7.732358e+01
      vertex   5.474800e+02 8.418196e+00 -7.716350e+01
    endloop
  endfacet
  facet normal -2.629336e-16 6.631227e-01 7.485107e-01
    outer loop
      vertex   5.474800e+02 8.418196e+00 -7.716350e+01
      vertex   5.430000e+02 8.598887e+00 -7.732358e+01
      vertex   5.430000e+02 8.418196e+00 -7.716350e+01
    endloop
  endfacet
  facet normal -3.071372e-16 7.746050e-01 6.324454e-01
    outer loop
      vertex   5.474800e+02 8.418196e+00 -7.716350e+01
      vertex   5.430000e+02 8.418196e+00 -7.716350e+01
      vertex   5.474800e+02 8.265524e+00 -7.697651e+01
    endloop
  endfacet
  facet normal 3.071372e-16 7.746050e-01 6.324454e-01
    outer loop
      vertex   5.474800e+02 8.265524e+00 -7.697651e+01
      vertex   5.430000e+02 8.418196e+00 -7.716350e+01
      vertex   5.430000e+02 8.265524e+00 -7.697651e+01
    endloop
  endfacet
  facet normal 3.433862e-16 8.660254e-01 5.000000e-01
    outer loop
      vertex   5.474800e+02 8.265524e+00 -7.697651e+01
      vertex   5.430000e+02 8.265524e+00 -7.697651e+01
      vertex   5.474800e+02 8.144824e+00 -7.676745e+01
    endloop
  endfacet
  facet normal 0.000000e+00 8.660254e-01 5.000000e-01
    outer loop
      vertex   5.474800e+02 8.144824e+00 -7.676745e+01
      vertex   5.430000e+02 8.265524e+00 -7.697651e+01
      vertex   5.430000e+02 8.144824e+00 -7.676745e+01
    endloop
  endfacet
  facet normal 0.000000e+00 9.350162e-01 3.546049e-01
    outer loop
      vertex   5.474800e+02 8.144824e+00 -7.676745e+01
      vertex   5.430000e+02 8.144824e+00 -7.676745e+01
      vertex   5.474800e+02 8.059223e+00 -7.654174e+01
    endloop
  endfacet
  facet normal -3.707416e-16 9.350162e-01 3.546049e-01
    outer loop
      vertex   5.474800e+02 8.059223e+00 -7.654174e+01
      vertex   5.430000e+02 8.144824e+00 -7.676745e+01
      vertex   5.430000e+02 8.059223e+00 -7.654174e+01
    endloop
  endfacet
  facet normal -3.884950e-16 9.797907e-01 2.000257e-01
    outer loop
      vertex   5.474800e+02 8.059223e+00 -7.654174e+01
      vertex   5.430000e+02 8.059223e+00 -7.654174e+01
      vertex   5.474800e+02 8.010937e+00 -7.630522e+01
    endloop
  endfacet
  facet normal 0.000000e+00 9.797907e-01 2.000257e-01
    outer loop
      vertex   5.474800e+02 8.010937e+00 -7.630522e+01
      vertex   5.430000e+02 8.059223e+00 -7.654174e+01
      vertex   5.430000e+02 8.010937e+00 -7.630522e+01
    endloop
  endfacet
  facet normal 0.000000e+00 9.991890e-01 4.026594e-02
    outer loop
      vertex   5.474800e+02 8.010937e+00 -7.630522e+01
      vertex   5.430000e+02 8.010937e+00 -7.630522e+01
      vertex   5.474800e+02 8.001217e+00 -7.606401e+01
    endloop
  endfacet
  facet normal 0.000000e+00 9.991890e-01 4.026594e-02
    outer loop
      vertex   5.474800e+02 8.001217e+00 -7.606401e+01
      vertex   5.430000e+02 8.010937e+00 -7.630522e+01
      vertex   5.430000e+02 8.001217e+00 -7.606401e+01
    endloop
  endfacet
  facet normal 0.000000e+00 9.927089e-01 -1.205367e-01
    outer loop
      vertex   5.474800e+02 8.001217e+00 -7.606401e+01
      vertex   5.430000e+02 8.001217e+00 -7.606401e+01
      vertex   5.474800e+02 8.030314e+00 -7.582437e+01
    endloop
  endfacet
  facet normal 0.000000e+00 9.927089e-01 -1.205367e-01
    outer loop
      vertex   5.474800e+02 8.030314e+00 -7.582437e+01
      vertex   5.430000e+02 8.001217e+00 -7.606401e+01
      vertex   5.430000e+02 8.030314e+00 -7.582437e+01
    endloop
  endfacet
  facet normal 0.000000e+00 9.605181e-01 -2.782175e-01
    outer loop
      vertex   5.474800e+02 8.030314e+00 -7.582437e+01
      vertex   5.430000e+02 8.030314e+00 -7.582437e+01
      vertex   5.474800e+02 8.097476e+00 -7.559251e+01
    endloop
  endfacet
  facet normal -3.808533e-16 9.605181e-01 -2.782175e-01
    outer loop
      vertex   5.474800e+02 8.097476e+00 -7.559251e+01
      vertex   5.430000e+02 8.030314e+00 -7.582437e+01
      vertex   5.430000e+02 8.097476e+00 -7.559251e+01
    endloop
  endfacet
  facet normal -3.582255e-16 9.034504e-01 -4.286926e-01
    outer loop
      vertex   5.474800e+02 8.097476e+00 -7.559251e+01
      vertex   5.430000e+02 8.097476e+00 -7.559251e+01
      vertex   5.474800e+02 8.200962e+00 -7.537441e+01
    endloop
  endfacet
  facet normal 0.000000e+00 9.034504e-01 -4.286926e-01
    outer loop
      vertex   5.474800e+02 8.200962e+00 -7.537441e+01
      vertex   5.430000e+02 8.097476e+00 -7.559251e+01
      vertex   5.430000e+02 8.200962e+00 -7.537441e+01
    endloop
  endfacet
  facet normal 0.000000e+00 8.229839e-01 -5.680647e-01
    outer loop
      vertex   5.474800e+02 8.200962e+00 -7.537441e+01
      vertex   5.430000e+02 8.200962e+00 -7.537441e+01
      vertex   5.474800e+02 8.338093e+00 -7.517575e+01
    endloop
  endfacet
  facet normal 0.000000e+00 8.229839e-01 -5.680647e-01
    outer loop
      vertex   5.474800e+02 8.338093e+00 -7.517575e+01
      vertex   5.430000e+02 8.200962e+00 -7.537441e+01
      vertex   5.430000e+02 8.338093e+00 -7.517575e+01
    endloop
  endfacet
  facet normal 0.000000e+00 7.212024e-01 -6.927244e-01
    outer loop
      vertex   5.474800e+02 8.338093e+00 -7.517575e+01
      vertex   5.430000e+02 8.338093e+00 -7.517575e+01
      vertex   5.474800e+02 8.505316e+00 -7.500165e+01
    endloop
  endfacet
  facet normal 2.859627e-16 7.212024e-01 -6.927244e-01
    outer loop
      vertex   5.474800e+02 8.505316e+00 -7.500165e+01
      vertex   5.430000e+02 8.338093e+00 -7.517575e+01
      vertex   5.430000e+02 8.505316e+00 -7.500165e+01
    endloop
  endfacet
  facet normal 2.381992e-16 6.007423e-01 -7.994428e-01
    outer loop
      vertex   5.474800e+02 8.505316e+00 -7.500165e+01
      vertex   5.430000e+02 8.505316e+00 -7.500165e+01
      vertex   5.474800e+02 8.698301e+00 -7.485663e+01
    endloop
  endfacet
  facet normal -2.381992e-16 6.007423e-01 -7.994428e-01
    outer loop
      vertex   5.474800e+02 8.698301e+00 -7.485663e+01
      vertex   5.430000e+02 8.505316e+00 -7.500165e+01
      vertex   5.430000e+02 8.698301e+00 -7.485663e+01
    endloop
  endfacet
  facet normal -1.842666e-16 4.647232e-01 -8.854560e-01
    outer loop
      vertex   5.474800e+02 8.698301e+00 -7.485663e+01
      vertex   5.430000e+02 8.698301e+00 -7.485663e+01
      vertex   5.474800e+02 8.912050e+00 -7.474444e+01
    endloop
  endfacet
  facet normal 0.000000e+00 4.647232e-01 -8.854560e-01
    outer loop
      vertex   5.474800e+02 8.912050e+00 -7.474444e+01
      vertex   5.430000e+02 8.698301e+00 -7.485663e+01
      vertex   5.430000e+02 8.912050e+00 -7.474444e+01
    endloop
  endfacet
  facet normal 0.000000e+00 3.166680e-01 -9.485364e-01
    outer loop
      vertex   5.474800e+02 8.912050e+00 -7.474444e+01
      vertex   5.430000e+02 8.912050e+00 -7.474444e+01
      vertex   5.474800e+02 9.141027e+00 -7.466800e+01
    endloop
  endfacet
  facet normal 0.000000e+00 3.166680e-01 -9.485364e-01
    outer loop
      vertex   5.474800e+02 9.141027e+00 -7.466800e+01
      vertex   5.430000e+02 8.912050e+00 -7.474444e+01
      vertex   5.430000e+02 9.141027e+00 -7.466800e+01
    endloop
  endfacet
  facet normal 0.000000e+00 1.604113e-01 -9.870503e-01
    outer loop
      vertex   5.474800e+02 9.141027e+00 -7.466800e+01
      vertex   5.430000e+02 9.141027e+00 -7.466800e+01
      vertex   5.474800e+02 9.379300e+00 -7.462928e+01
    endloop
  endfacet
  facet normal 0.000000e+00 1.604113e-01 -9.870503e-01
    outer loop
      vertex   5.474800e+02 9.379300e+00 -7.462928e+01
      vertex   5.430000e+02 9.141027e+00 -7.466800e+01
      vertex   5.430000e+02 9.379300e+00 -7.462928e+01
    endloop
  endfacet
  facet normal 0.000000e+00 0.000000e+00 -1.000000e+00
    outer loop
      vertex   5.474800e+02 9.379300e+00 -7.462928e+01
      vertex   5.430000e+02 9.379300e+00 -7.462928e+01
      vertex   5.474800e+02 9.620700e+00 -7.462928e+01
    endloop
  endfacet
  facet normal -0.000000e+00 0.000000e+00 -1.000000e+00
    outer loop
      vertex   5.474800e+02 9.620700e+00 -7.462928e+01
      vertex   5.430000e+02 9.379300e+00 -7.462928e+01
      vertex   5.430000e+02 9.620700e+00 -7.462928e+01
    endloop
  endfacet
  facet normal -0.000000e+00 -1.604113e-01 -9.870503e-01
    outer loop
      vertex   5.474800e+02 9.620700e+00 -7.462928e+01
      vertex   5.430000e+02 9.620700e+00 -7.462928e+01
      vertex   5.474800e+02 9.858973e+00 -7.466800e+01
    endloop
  endfacet
  facet normal -0.000000e+00 -1.604113e-01 -9.870503e-01
    outer loop
      vertex   5.474800e+02 9.858973e+00 -7.466800e+01
      vertex   5.430000e+02 9.620700e+00 -7.462928e+01
      vertex   5.430000e+02 9.858973e+00 -7.466800e+01
    endloop
  endfacet
  facet normal -0.000000e+00 -3.166680e-01 -9.485364e-01
    outer loop
      vertex   5.474800e+02 9.858973e+00 -7.466800e+01
      vertex   5.430000e+02 9.858973e+00 -7.466800e+01
      vertex   5.474800e+02 1.008795e+01 -7.474444e+01
    endloop
  endfacet
  facet normal -0.000000e+00 -3.166680e-01 -9.485364e-01
    outer loop
      vertex   5.474800e+02 1.008795e+01 -7.474444e+01
      vertex   5.430000e+02 9.858973e+00 -7.466800e+01
      vertex   5.430000e+02 1.008795e+01 -7.474444e+01
    endloop
  endfacet
  facet normal -0.000000e+00 -4.647232e-01 -8.854560e-01
    outer loop
      vertex   5.474800e+02 1.008795e+01 -7.474444e+01
      vertex   5.430000e+02 1.008795e+01 -7.474444e+01
      vertex   5.474800e+02 1.030170e+01 -7.485663e+01
    endloop
  endfacet
  facet normal -1.842666e-16 -4.647232e-01 -8.854560e-01
    outer loop
      vertex   5.474800e+02 1.030170e+01 -7.485663e+01
      vertex   5.430000e+02 1.008795e+01 -7.474444e+01
      vertex   5.430000e+02 1.030170e+01 -7.485663e+01
    endloop
  endfacet
  facet normal -2.381992e-16 -6.007423e-01 -7.994428e-01
    outer loop
      vertex   5.474800e+02 1.030170e+01 -7.485663e+01
      vertex   5.430000e+02 1.030170e+01 -7.485663e+01
      vertex   5.474800e+02 1.049468e+01 -7.500165e+01
    endloop
  endfacet
  facet normal -0.000000e+00 -6.007423e-01 -7.994428e-01
    outer loop
      vertex   5.474800e+02 1.049468e+01 -7.500165e+01
      vertex   5.430000e+02 1.030170e+01 -7.485663e+01
      vertex   5.430000e+02 1.049468e+01 -7.500165e+01
    endloop
  endfacet
  facet normal -0.000000e+00 -7.212024e-01 -6.927244e-01
    outer loop
      vertex   5.474800e+02 1.049468e+01 -7.500165e+01
      vertex   5.430000e+02 1.049468e+01 -7.500165e+01
      vertex   5.474800e+02 1.066191e+01 -7.517575e+01
    endloop
  endfacet
  facet normal -2.859627e-16 -7.212024e-01 -6.927244e-01
    outer loop
      vertex   5.474800e+02 1.066191e+01 -7.517575e+01
      vertex   5.430000e+02 1.049468e+01 -7.500165e+01
      vertex   5.430000e+02 1.066191e+01 -7.517575e+01
    endloop
  endfacet
  facet normal -3.263199e-16 -8.229839e-01 -5.680647e-01
    outer loop
      vertex   5.474800e+02 1.066191e+01 -7.517575e+01
      vertex   5.430000e+02 1.066191e+01 -7.517575e+01
      vertex   5.474800e+02 1.079904e+01 -7.537441e+01
    endloop
  endfacet
  facet normal -0.000000e+00 -8.229839e-01 -5.680647e-01
    outer loop
      vertex   5.474800e+02 1.079904e+01 -7.537441e+01
      vertex   5.430000e+02 1.066191e+01 -7.517575e+01
      vertex   5.430000e+02 1.079904e+01 -7.537441e+01
    endloop
  endfacet
  facet normal -0.000000e+00 -9.034504e-01 -4.286926e-01
    outer loop
      vertex   5.474800e+02 1.079904e+01 -7.537441e+01
      vertex   5.430000e+02 1.079904e+01 -7.537441e+01
      vertex   5.474800e+02 1.090252e+01 -7.559251e+01
    endloop
  endfacet
  facet normal -7.164510e-16 -9.034504e-01 -4.286926e-01
    outer loop
      vertex   5.474800e+02 1.090252e+01 -7.559251e+01
      vertex   5.430000e+02 1.079904e+01 -7.537441e+01
      vertex   5.430000e+02 1.090252e+01 -7.559251e+01
    endloop
  endfacet
  facet normal -7.617067e-16 -9.605181e-01 -2.782175e-01
    outer loop
      vertex   5.474800e+02 1.090252e+01 -7.559251e+01
      vertex   5.430000e+02 1.090252e+01 -7.559251e+01
      vertex   5.474800e+02 1.096969e+01 -7.582437e+01
    endloop
  endfacet
  facet normal -0.000000e+00 -9.605181e-01 -2.782175e-01
    outer loop
      vertex   5.474800e+02 1.096969e+01 -7.582437e+01
      vertex   5.430000e+02 1.090252e+01 -7.559251e+01
      vertex   5.430000e+02 1.096969e+01 -7.582437e+01
    endloop
  endfacet
  facet normal -0.000000e+00 -9.927089e-01 -1.205367e-01
    outer loop
      vertex   5.474800e+02 1.096969e+01 -7.582437e+01
      vertex   5.430000e+02 1.096969e+01 -7.582437e+01
      vertex   5.474800e+02 1.099878e+01 -7.606401e+01
    endloop
  endfacet
  facet normal -0.000000e+00 -9.927089e-01 -1.205367e-01
    outer loop
      vertex   5.474800e+02 1.099878e+01 -7.606401e+01
      vertex   5.430000e+02 1.096969e+01 -7.582437e+01
      vertex   5.430000e+02 1.099878e+01 -7.606401e+01
    endloop
  endfacet
  facet normal 0.000000e+00 -9.991890e-01 4.026594e-02
    outer loop
      vertex   5.474800e+02 1.099878e+01 -7.606401e+01
      vertex   5.430000e+02 1.099878e+01 -7.606401e+01
      vertex   5.474800e+02 1.098906e+01 -7.630522e+01
    endloop
  endfacet
  facet normal 0.000000e+00 -9.991890e-01 4.026594e-02
    outer loop
      vertex   5.474800e+02 1.098906e+01 -7.630522e+01
      vertex   5.430000e+02 1.099878e+01 -7.606401e+01
      vertex   5.430000e+02 1.098906e+01 -7.630522e+01
    endloop
  endfacet
  facet normal 0.000000e+00 -9.797907e-01 2.000257e-01
    outer loop
      vertex   5.474800e+02 1.098906e+01 -7.630522e+01
      vertex   5.430000e+02 1.098906e+01 -7.630522e+01
      vertex   5.474800e+02 1.094078e+01 -7.654174e+01
    endloop
  endfacet
  facet normal -3.884950e-16 -9.797907e-01 2.000257e-01
    outer loop
      vertex   5.474800e+02 1.094078e+01 -7.654174e+01
      vertex   5.430000e+02 1.098906e+01 -7.630522e+01
      vertex   5.430000e+02 1.094078e+01 -7.654174e+01
    endloop
  endfacet
  facet normal -3.707416e-16 -9.350162e-01 3.546049e-01
    outer loop
      vertex   5.474800e+02 1.094078e+01 -7.654174e+01
      vertex   5.430000e+02 1.094078e+01 -7.654174e+01
      vertex   5.474800e+02 1.085518e+01 -7.676745e+01
    endloop
  endfacet
  facet normal 0.000000e+00 -9.350162e-01 3.546049e-01
    outer loop
      vertex   5.474800e+02 1.085518e+01 -7.676745e+01
      vertex   5.430000e+02 1.094078e+01 -7.654174e+01
      vertex   5.430000e+02 1.085518e+01 -7.676745e+01
    endloop
  endfacet
  facet normal 0.000000e+00 -8.660254e-01 5.000000e-01
    outer loop
      vertex   5.474800e+02 1.085518e+01 -7.676745e+01
      vertex   5.430000e+02 1.085518e+01 -7.676745e+01
      vertex   5.474800e+02 1.073448e+01 -7.697651e+01
    endloop
  endfacet
  facet normal 0.000000e+00 -8.660254e-01 5.000000e-01
    outer loop
      vertex   5.474800e+02 1.073448e+01 -7.697651e+01
      vertex   5.430000e+02 1.085518e+01 -7.676745e+01
      vertex   5.430000e+02 1.073448e+01 -7.697651e+01
    endloop
  endfacet
  facet normal 0.000000e+00 -7.746050e-01 6.324454e-01
    outer loop
      vertex   5.474800e+02 1.073448e+01 -7.697651e+01
      vertex   5.430000e+02 1.073448e+01 -7.697651e+01
      vertex   5.474800e+02 1.058180e+01 -7.716350e+01
    endloop
  endfacet
  facet normal -3.071372e-16 -7.746050e-01 6.324454e-01
    outer loop
      vertex   5.474800e+02 1.058180e+01 -7.716350e+01
      vertex   5.430000e+02 1.073448e+01 -7.697651e+01
      vertex   5.430000e+02 1.058180e+01 -7.716350e+01
    endloop
  endfacet
  facet normal -2.629336e-16 -6.631227e-01 7.485107e-01
    outer loop
      vertex   5.474800e+02 1.058180e+01 -7.716350e+01
      vertex   5.430000e+02 1.058180e+01 -7.716350e+01
      vertex   5.474800e+02 1.040111e+01 -7.732358e+01
    endloop
  endfacet
  facet normal 0.000000e+00 -6.631227e-01 7.485107e-01
    outer loop
      vertex   5.474800e+02 1.040111e+01 -7.732358e+01
      vertex   5.430000e+02 1.058180e+01 -7.716350e+01
      vertex   5.430000e+02 1.040111e+01 -7.732358e+01
    endloop
  endfacet
  facet normal 0.000000e+00 -5.344658e-01 8.451901e-01
    outer loop
      vertex   5.474800e+02 1.040111e+01 -7.732358e+01
      vertex   5.430000e+02 1.040111e+01 -7.732358e+01
      vertex   5.474800e+02 1.019708e+01 -7.745260e+01
    endloop
  endfacet
  facet normal 0.000000e+00 -5.344658e-01 8.451901e-01
    outer loop
      vertex   5.474800e+02 1.019708e+01 -7.745260e+01
      vertex   5.430000e+02 1.040111e+01 -7.732358e+01
      vertex   5.430000e+02 1.019708e+01 -7.745260e+01
    endloop
  endfacet
  facet normal 0.000000e+00 -3.919666e-01 9.199794e-01
    outer loop
      vertex   5.474800e+02 1.019708e+01 -7.745260e+01
      vertex   5.430000e+02 1.019708e+01 -7.745260e+01
      vertex   5.474800e+02 9.975002e+00 -7.754722e+01
    endloop
  endfacet
  facet normal 1.554180e-16 -3.919666e-01 9.199794e-01
    outer loop
      vertex   5.474800e+02 9.975002e+00 -7.754722e+01
      vertex   5.430000e+02 1.019708e+01 -7.745260e+01
      vertex   5.430000e+02 9.975002e+00 -7.754722e+01
    endloop
  endfacet
  facet normal 9.489063e-17 -2.393157e-01 9.709418e-01
    outer loop
      vertex   5.474800e+02 9.975002e+00 -7.754722e+01
      vertex   5.430000e+02 9.975002e+00 -7.754722e+01
      vertex   5.474800e+02 9.740617e+00 -7.760499e+01
    endloop
  endfacet
  facet normal 0.000000e+00 -2.393157e-01 9.709418e-01
    outer loop
      vertex   5.474800e+02 9.740617e+00 -7.760499e+01
      vertex   5.430000e+02 9.975002e+00 -7.754722e+01
      vertex   5.430000e+02 9.740617e+00 -7.760499e+01
    endloop
  endfacet
  facet normal 0.000000e+00 -8.046657e-02 9.967573e-01
    outer loop
      vertex   5.474800e+02 9.740617e+00 -7.760499e+01
      vertex   5.430000e+02 9.740617e+00 -7.760499e+01
      vertex   5.474800e+02 9.500000e+00 -7.762441e+01
    endloop
  endfacet
  facet normal 0.000000e+00 -8.046657e-02 9.967573e-01
    outer loop
      vertex   5.474800e+02 9.500000e+00 -7.762441e+01
      vertex   5.430000e+02 9.740617e+00 -7.760499e+01
      vertex   5.430000e+02 9.500000e+00 -7.762441e+01
    endloop
  endfacet
  facet normal 0.000000e+00 -8.046657e-02 9.967573e-01
    outer loop
      vertex   5.564400e+02 9.500000e+00 -7.762441e+01
      vertex   5.609200e+02 9.500000e+00 -7.762441e+01
      vertex   5.564400e+02 9.740617e+00 -7.760499e+01
    endloop
  endfacet
  facet normal 0.000000e+00 -8.046657e-02 9.967573e-01
    outer loop
      vertex   5.564400e+02 9.740617e+00 -7.760499e+01
      vertex   5.609200e+02 9.500000e+00 -7.762441e+01
      vertex   5.609200e+02 9.740617e+00 -7.760499e+01
    endloop
  endfacet
  facet normal 0.000000e+00 -2.393157e-01 9.709418e-01
    outer loop
      vertex   5.564400e+02 9.740617e+00 -7.760499e+01
      vertex   5.609200e+02 9.740617e+00 -7.760499e+01
      vertex   5.564400e+02 9.975002e+00 -7.754722e+01
    endloop
  endfacet
  facet normal 0.000000e+00 -2.393157e-01 9.709418e-01
    outer loop
      vertex   5.564400e+02 9.975002e+00 -7.754722e+01
      vertex   5.609200e+02 9.740617e+00 -7.760499e+01
      vertex   5.609200e+02 9.975002e+00 -7.754722e+01
    endloop
  endfacet
  facet normal 0.000000e+00 -3.919666e-01 9.199794e-01
    outer loop
      vertex   5.564400e+02 9.975002e+00 -7.754722e+01
      vertex   5.609200e+02 9.975002e+00 -7.754722e+01
      vertex   5.564400e+02 1.019708e+01 -7.745260e+01
    endloop
  endfacet
  facet normal 0.000000e+00 -3.919666e-01 9.199794e-01
    outer loop
      vertex   5.564400e+02 1.019708e+01 -7.745260e+01
      vertex   5.609200e+02 9.975002e+00 -7.754722e+01
      vertex   5.609200e+02 1.019708e+01 -7.745260e+01
    endloop
  endfacet
  facet normal 0.000000e+00 -5.344658e-01 8.451901e-01
    outer loop
      vertex   5.564400e+02 1.019708e+01 -7.745260e+01
      vertex   5.609200e+02 1.019708e+01 -7.745260e+01
      vertex   5.564400e+02 1.040111e+01 -7.732358e+01
    endloop
  endfacet
  facet normal 0.000000e+00 -5.344658e-01 8.451901e-01
    outer loop
      vertex   5.564400e+02 1.040111e+01 -7.732358e+01
      vertex   5.609200e+02 1.019708e+01 -7.745260e+01
      vertex   5.609200e+02 1.040111e+01 -7.732358e+01
    endloop
  endfacet
  facet normal 0.000000e+00 -6.631227e-01 7.485107e-01
    outer loop
      vertex   5.564400e+02 1.040111e+01 -7.732358e+01
      vertex   5.609200e+02 1.040111e+01 -7.732358e+01
      vertex   5.564400e+02 1.058180e+01 -7.716350e+01
    endloop
  endfacet
  facet normal 0.000000e+00 -6.631227e-01 7.485107e-01
    outer loop
      vertex   5.564400e+02 1.058180e+01 -7.716350e+01
      vertex   5.609200e+02 1.040111e+01 -7.732358e+01
      vertex   5.609200e+02 1.058180e+01 -7.716350e+01
    endloop
  endfacet
  facet normal 0.000000e+00 -7.746050e-01 6.324454e-01
    outer loop
      vertex   5.564400e+02 1.058180e+01 -7.716350e+01
      vertex   5.609200e+02 1.058180e+01 -7.716350e+01
      vertex   5.564400e+02 1.073448e+01 -7.697651e+01
    endloop
  endfacet
  facet normal 0.000000e+00 -7.746050e-01 6.324454e-01
    outer loop
      vertex   5.564400e+02 1.073448e+01 -7.697651e+01
      vertex   5.609200e+02 1.058180e+01 -7.716350e+01
      vertex   5.609200e+02 1.073448e+01 -7.697651e+01
    endloop
  endfacet
  facet normal 0.000000e+00 -8.660254e-01 5.000000e-01
    outer loop
      vertex   5.564400e+02 1.073448e+01 -7.697651e+01
      vertex   5.609200e+02 1.073448e+01 -7.697651e+01
      vertex   5.564400e+02 1.085518e+01 -7.676745e+01
    endloop
  endfacet
  facet normal 0.000000e+00 -8.660254e-01 5.000000e-01
    outer loop
      vertex   5.564400e+02 1.085518e+01 -7.676745e+01
      vertex   5.609200e+02 1.073448e+01 -7.697651e+01
      vertex   5.609200e+02 1.085518e+01 -7.676745e+01
    endloop
  endfacet
  facet normal 0.000000e+00 -9.350162e-01 3.546049e-01
    outer loop
      vertex   5.564400e+02 1.085518e+01 -7.676745e+01
      vertex   5.609200e+02 1.085518e+01 -7.676745e+01
      vertex   5.564400e+02 1.094078e+01 -7.654174e+01
    endloop
  endfacet
  facet normal 0.000000e+00 -9.350162e-01 3.546049e-01
    outer loop
      vertex   5.564400e+02 1.094078e+01 -7.654174e+01
      vertex   5.609200e+02 1.085518e+01 -7.676745e+01
      vertex   5.609200e+02 1.094078e+01 -7.654174e+01
    endloop
  endfacet
  facet normal 0.000000e+00 -9.797907e-01 2.000257e-01
    outer loop
      vertex   5.564400e+02 1.094078e+01 -7.654174e+01
      vertex   5.609200e+02 1.094078e+01 -7.654174e+01
      vertex   5.564400e+02 1.098906e+01 -7.630522e+01
    endloop
  endfacet
  facet normal 0.000000e+00 -9.797907e-01 2.000257e-01
    outer loop
      vertex   5.564400e+02 1.098906e+01 -7.630522e+01
      vertex   5.609200e+02 1.094078e+01 -7.654174e+01
      vertex   5.609200e+02 1.098906e+01 -7.630522e+01
    endloop
  endfacet
  facet normal 0.000000e+00 -9.991890e-01 4.026594e-02
    outer loop
      vertex   5.564400e+02 1.098906e+01 -7.630522e+01
      vertex   5.609200e+02 1.098906e+01 -7.630522e+01
      vertex   5.564400e+02 1.099878e+01 -7.606401e+01
    endloop
  endfacet
  facet normal 0.000000e+00 -9.991890e-01 4.026594e-02
    outer loop
      vertex   5.564400e+02 1.099878e+01 -7.606401e+01
      vertex   5.609200e+02 1.098906e+01 -7.630522e+01
      vertex   5.609200e+02 1.099878e+01 -7.606401e+01
    endloop
  endfacet
  facet normal 0.000000e+00 -9.927089e-01 -1.205367e-01
    outer loop
      vertex   5.564400e+02 1.099878e+01 -7.606401e+01
      vertex   5.609200e+02 1.099878e+01 -7.606401e+01
      vertex   5.564400e+02 1.096969e+01 -7.582437e+01
    endloop
  endfacet
  facet normal 0.000000e+00 -9.927089e-01 -1.205367e-01
    outer loop
      vertex   5.564400e+02 1.096969e+01 -7.582437e+01
      vertex   5.609200e+02 1.099878e+01 -7.606401e+01
      vertex   5.609200e+02 1.096969e+01 -7.582437e+01
    endloop
  endfacet
  facet normal 0.000000e+00 -9.605181e-01 -2.782175e-01
    outer loop
      vertex   5.564400e+02 1.096969e+01 -7.582437e+01
      vertex   5.609200e+02 1.096969e+01 -7.582437e+01
      vertex   5.564400e+02 1.090252e+01 -7.559251e+01
    endloop
  endfacet
  facet normal 0.000000e+00 -9.605181e-01 -2.782175e-01
    outer loop
      vertex   5.564400e+02 1.090252e+01 -7.559251e+01
      vertex   5.609200e+02 1.096969e+01 -7.582437e+01
      vertex   5.609200e+02 1.090252e+01 -7.559251e+01
    endloop
  endfacet
  facet normal 0.000000e+00 -9.034504e-01 -4.286926e-01
    outer loop
      vertex   5.564400e+02 1.090252e+01 -7.559251e+01
      vertex   5.609200e+02 1.090252e+01 -7.559251e+01
      vertex   5.564400e+02 1.079904e+01 -7.537441e+01
    endloop
  endfacet
  facet normal 0.000000e+00 -9.034504e-01 -4.286926e-01
    outer loop
      vertex   5.564400e+02 1.079904e+01 -7.537441e+01
      vertex   5.609200e+02 1.090252e+01 -7.559251e+01
      vertex   5.609200e+02 1.079904e+01 -7.537441e+01
    endloop
  endfacet
  facet normal 0.000000e+00 -8.229839e-01 -5.680647e-01
    outer loop
      vertex   5.564400e+02 1.079904e+01 -7.537441e+01
      vertex   5.609200e+02 1.079904e+01 -7.537441e+01
      vertex   5.564400e+02 1.066191e+01 -7.517575e+01
    endloop
  endfacet
  facet normal 0.000000e+00 -8.229839e-01 -5.680647e-01
    outer loop
      vertex   5.564400e+02 1.066191e+01 -7.517575e+01
      vertex   5.609200e+02 1.079904e+01 -7.537441e+01
      vertex   5.609200e+02 1.066191e+01 -7.517575e+01
    endloop
  endfacet
  facet normal 0.000000e+00 -7.212024e-01 -6.927244e-01
    outer loop
      vertex   5.564400e+02 1.066191e+01 -7.517575e+01
      vertex   5.609200e+02 1.066191e+01 -7.517575e+01
      vertex   5.564400e+02 1.049468e+01 -7.500165e+01
    endloop
  endfacet
  facet normal 0.000000e+00 -7.212024e-01 -6.927244e-01
    outer loop
      vertex   5.564400e+02 1.049468e+01 -7.500165e+01
      vertex   5.609200e+02 1.066191e+01 -7.517575e+01
      vertex   5.609200e+02 1.049468e+01 -7.500165e+01
    endloop
  endfacet
  facet normal 0.000000e+00 -6.007423e-01 -7.994428e-01
    outer loop
      vertex   5.564400e+02 1.049468e+01 -7.500165e+01
      vertex   5.609200e+02 1.049468e+01 -7.500165e+01
      vertex   5.564400e+02 1.030170e+01 -7.485663e+01
    endloop
  endfacet
  facet normal 0.000000e+00 -6.007423e-01 -7.994428e-01
    outer loop
      vertex   5.564400e+02 1.030170e+01 -7.485663e+01
      vertex   5.609200e+02 1.049468e+01 -7.500165e+01
      vertex   5.609200e+02 1.030170e+01 -7.485663e+01
    endloop
  endfacet
  facet normal 0.000000e+00 -4.647232e-01 -8.854560e-01
    outer loop
      vertex   5.564400e+02 1.030170e+01 -7.485663e+01
      vertex   5.609200e+02 1.030170e+01 -7.485663e+01
      vertex   5.564400e+02 1.008795e+01 -7.474444e+01
    endloop
  endfacet
  facet normal 0.000000e+00 -4.647232e-01 -8.854560e-01
    outer loop
      vertex   5.564400e+02 1.008795e+01 -7.474444e+01
      vertex   5.609200e+02 1.030170e+01 -7.485663e+01
      vertex   5.609200e+02 1.008795e+01 -7.474444e+01
    endloop
  endfacet
  facet normal 0.000000e+00 -3.166680e-01 -9.485364e-01
    outer loop
      vertex   5.564400e+02 1.008795e+01 -7.474444e+01
      vertex   5.609200e+02 1.008795e+01 -7.474444e+01
      vertex   5.564400e+02 9.858973e+00 -7.466800e+01
    endloop
  endfacet
  facet normal 0.000000e+00 -3.166680e-01 -9.485364e-01
    outer loop
      vertex   5.564400e+02 9.858973e+00 -7.466800e+01
      vertex   5.609200e+02 1.008795e+01 -7.474444e+01
      vertex   5.609200e+02 9.858973e+00 -7.466800e+01
    endloop
  endfacet
  facet normal 0.000000e+00 -1.604113e-01 -9.870503e-01
    outer loop
      vertex   5.564400e+02 9.858973e+00 -7.466800e+01
      vertex   5.609200e+02 9.858973e+00 -7.466800e+01
      vertex   5.564400e+02 9.620700e+00 -7.462928e+01
    endloop
  endfacet
  facet normal 0.000000e+00 -1.604113e-01 -9.870503e-01
    outer loop
      vertex   5.564400e+02 9.620700e+00 -7.462928e+01
      vertex   5.609200e+02 9.858973e+00 -7.466800e+01
      vertex   5.609200e+02 9.620700e+00 -7.462928e+01
    endloop
  endfacet
  facet normal 0.000000e+00 0.000000e+00 -1.000000e+00
    outer loop
      vertex   5.564400e+02 9.620700e+00 -7.462928e+01
      vertex   5.609200e+02 9.620700e+00 -7.462928e+01
      vertex   5.564400e+02 9.379300e+00 -7.462928e+01
    endloop
  endfacet
  facet normal 0.000000e+00 0.000000e+00 -1.000000e+00
    outer loop
      vertex   5.564400e+02 9.379300e+00 -7.462928e+01
      vertex   5.609200e+02 9.620700e+00 -7.462928e+01
      vertex   5.609200e+02 9.379300e+00 -7.462928e+01
    endloop
  endfacet
  facet normal 0.000000e+00 1.604113e-01 -9.870503e-01
    outer loop
      vertex   5.564400e+02 9.379300e+00 -7.462928e+01
      vertex   5.609200e+02 9.379300e+00 -7.462928e+01
      vertex   5.564400e+02 9.141027e+00 -7.466800e+01
    endloop
  endfacet
  facet normal 0.000000e+00 1.604113e-01 -9.870503e-01
    outer loop
      vertex   5.564400e+02 9.141027e+00 -7.466800e+01
      vertex   5.609200e+02 9.379300e+00 -7.462928e+01
      vertex   5.609200e+02 9.141027e+00 -7.466800e+01
    endloop
  endfacet
  facet normal 0.000000e+00 3.166680e-01 -9.485364e-01
    outer loop
      vertex   5.564400e+02 9.141027e+00 -7.466800e+01
      vertex   5.609200e+02 9.141027e+00 -7.466800e+01
      vertex   5.564400e+02 8.912050e+00 -7.474444e+01
    endloop
  endfacet
  facet normal 0.000000e+00 3.166680e-01 -9.485364e-01
    outer loop
      vertex   5.564400e+02 8.912050e+00 -7.474444e+01
      vertex   5.609200e+02 9.141027e+00 -7.466800e+01
      vertex   5.609200e+02 8.912050e+00 -7.474444e+01
    endloop
  endfacet
  facet normal 0.000000e+00 4.647232e-01 -8.854560e-01
    outer loop
      vertex   5.564400e+02 8.912050e+00 -7.474444e+01
      vertex   5.609200e+02 8.912050e+00 -7.474444e+01
      vertex   5.564400e+02 8.698301e+00 -7.485663e+01
    endloop
  endfacet
  facet normal 0.000000e+00 4.647232e-01 -8.854560e-01
    outer loop
      vertex   5.564400e+02 8.698301e+00 -7.485663e+01
      vertex   5.609200e+02 8.912050e+00 -7.474444e+01
      vertex   5.609200e+02 8.698301e+00 -7.485663e+01
    endloop
  endfacet
  facet normal 0.000000e+00 6.007423e-01 -7.994428e-01
    outer loop
      vertex   5.564400e+02 8.698301e+00 -7.485663e+01
      vertex   5.609200e+02 8.698301e+00 -7.485663e+01
      vertex   5.564400e+02 8.505316e+00 -7.500165e+01
    endloop
  endfacet
  facet normal 0.000000e+00 6.007423e-01 -7.994428e-01
    outer loop
      vertex   5.564400e+02 8.505316e+00 -7.500165e+01
      vertex   5.609200e+02 8.698301e+00 -7.485663e+01
      vertex   5.609200e+02 8.505316e+00 -7.500165e+01
    endloop
  endfacet
  facet normal 0.000000e+00 7.212024e-01 -6.927244e-01
    outer loop
      vertex   5.564400e+02 8.505316e+00 -7.500165e+01
      vertex   5.609200e+02 8.505316e+00 -7.500165e+01
      vertex   5.564400e+02 8.338093e+00 -7.517575e+01
    endloop
  endfacet
  facet normal 0.000000e+00 7.212024e-01 -6.927244e-01
    outer loop
      vertex   5.564400e+02 8.338093e+00 -7.517575e+01
      vertex   5.609200e+02 8.505316e+00 -7.500165e+01
      vertex   5.609200e+02 8.338093e+00 -7.517575e+01
    endloop
  endfacet
  facet normal 0.000000e+00 8.229839e-01 -5.680647e-01
    outer loop
      vertex   5.564400e+02 8.338093e+00 -7.517575e+01
      vertex   5.609200e+02 8.338093e+00 -7.517575e+01
      vertex   5.564400e+02 8.200962e+00 -7.537441e+01
    endloop
  endfacet
  facet normal 0.000000e+00 8.229839e-01 -5.680647e-01
    outer loop
      vertex   5.564400e+02 8.200962e+00 -7.537441e+01
      vertex   5.609200e+02 8.338093e+00 -7.517575e+01
      vertex   5.609200e+02 8.200962e+00 -7.537441e+01
    endloop
  endfacet
  facet normal 0.000000e+00 9.034504e-01 -4.286926e-01
    outer loop
      vertex   5.564400e+02 8.200962e+00 -7.537441e+01
      vertex   5.609200e+02 8.200962e+00 -7.537441e+01
      vertex   5.564400e+02 8.097476e+00 -7.559251e+01
    endloop
  endfacet
  facet normal 0.000000e+00 9.034504e-01 -4.286926e-01
    outer loop
      vertex   5.564400e+02 8.097476e+00 -7.559251e+01
      vertex   5.609200e+02 8.200962e+00 -7.537441e+01
      vertex   5.609200e+02 8.097476e+00 -7.559251e+01
    endloop
  endfacet
  facet normal 0.000000e+00 9.605181e-01 -2.782175e-01
    outer loop
      vertex   5.564400e+02 8.097476e+00 -7.559251e+01
      vertex   5.609200e+02 8.097476e+00 -7.559251e+01
      vertex   5.564400e+02 8.030314e+00 -7.582437e+01
    endloop
  endfacet
  facet normal 0.000000e+00 9.605181e-01 -2.782175e-01
    outer loop
      vertex   5.564400e+02 8.030314e+00 -7.582437e+01
      vertex   5.609200e+02 8.097476e+00 -7.559251e+01
      vertex   5.609200e+02 8.030314e+00 -7.582437e+01
    endloop
  endfacet
  facet normal 0.000000e+00 9.927089e-01 -1.205367e-01
    outer loop
      vertex   5.564400e+02 8.030314e+00 -7.582437e+01
      vertex   5.609200e+02 8.030314e+00 -7.582437e+01
      vertex   5.564400e+02 8.001217e+00 -7.606401e+01
    endloop
  endfacet
  facet normal 0.000000e+00 9.927089e-01 -1.205367e-01
    outer loop
      vertex   5.564400e+02 8.001217e+00 -7.606401e+01
      vertex   5.609200e+02 8.030314e+00 -7.582437e+01
      vertex   5.609200e+02 8.001217e+00 -7.606401e+01
    endloop
  endfacet
  facet normal -0.000000e+00 9.991890e-01 4.026594e-02
    outer loop
      vertex   5.564400e+02 8.001217e+00 -7.606401e+01
      vertex   5.609200e+02 8.001217e+00 -7.606401e+01
      vertex   5.564400e+02 8.010937e+00 -7.630522e+01
    endloop
  endfacet
  facet normal -0.000000e+00 9.991890e-01 4.026594e-02
    outer loop
      vertex   5.564400e+02 8.010937e+00 -7.630522e+01
      vertex   5.609200e+02 8.001217e+00 -7.606401e+01
      vertex   5.609200e+02 8.010937e+00 -7.630522e+01
    endloop
  endfacet
  facet normal -0.000000e+00 9.797907e-01 2.000257e-01
    outer loop
      vertex   5.564400e+02 8.010937e+00 -7.630522e+01
      vertex   5.609200e+02 8.010937e+00 -7.630522e+01
      vertex   5.564400e+02 8.059223e+00 -7.654174e+01
    endloop
  endfacet
  facet normal -0.000000e+00 9.797907e-01 2.000257e-01
    outer loop
      vertex   5.564400e+02 8.059223e+00 -7.654174e+01
      vertex   5.609200e+02 8.010937e+00 -7.630522e+01
      vertex   5.609200e+02 8.059223e+00 -7.654174e+01
    endloop
  endfacet
  facet normal -0.000000e+00 9.350162e-01 3.546049e-01
    outer loop
      vertex   5.564400e+02 8.059223e+00 -7.654174e+01
      vertex   5.609200e+02 8.059223e+00 -7.654174e+01
      vertex   5.564400e+02 8.144824e+00 -7.676745e+01
    endloop
  endfacet
  facet normal -0.000000e+00 9.350162e-01 3.546049e-01
    outer loop
      vertex   5.564400e+02 8.144824e+00 -7.676745e+01
      vertex   5.609200e+02 8.059223e+00 -7.654174e+01
      vertex   5.609200e+02 8.144824e+00 -7.676745e+01
    endloop
  endfacet
  facet normal -0.000000e+00 8.660254e-01 5.000000e-01
    outer loop
      vertex   5.564400e+02 8.144824e+00 -7.676745e+01
      vertex   5.609200e+02 8.144824e+00 -7.676745e+01
      vertex   5.564400e+02 8.265524e+00 -7.697651e+01
    endloop
  endfacet
  facet normal -0.000000e+00 8.660254e-01 5.000000e-01
    outer loop
      vertex   5.564400e+02 8.265524e+00 -7.697651e+01
      vertex   5.609200e+02 8.144824e+00 -7.676745e+01
      vertex   5.609200e+02 8.265524e+00 -7.697651e+01
    endloop
  endfacet
  facet normal -0.000000e+00 7.746050e-01 6.324454e-01
    outer loop
      vertex   5.564400e+02 8.265524e+00 -7.697651e+01
      vertex   5.609200e+02 8.265524e+00 -7.697651e+01
      vertex   5.564400e+02 8.418196e+00 -7.716350e+01
    endloop
  endfacet
  facet normal -0.000000e+00 7.746050e-01 6.324454e-01
    outer loop
      vertex   5.564400e+02 8.418196e+00 -7.716350e+01
      vertex   5.609200e+02 8.265524e+00 -7.697651e+01
      vertex   5.609200e+02 8.418196e+00 -7.716350e+01
    endloop
  endfacet
  facet normal -0.000000e+00 6.631227e-01 7.485107e-01
    outer loop
      vertex   5.564400e+02 8.418196e+00 -7.716350e+01
      vertex   5.609200e+02 8.418196e+00 -7.716350e+01
      vertex   5.564400e+02 8.598887e+00 -7.732358e+01
    endloop
  endfacet
  facet normal -0.000000e+00 6.631227e-01 7.485107e-01
    outer loop
      vertex   5.564400e+02 8.598887e+00 -7.732358e+01
      vertex   5.609200e+02 8.418196e+00 -7.716350e+01
      vertex   5.609200e+02 8.598887e+00 -7.732358e+01
    endloop
  endfacet
  facet normal -0.000000e+00 5.344658e-01 8.451901e-01
    outer loop
      vertex   5.564400e+02 8.598887e+00 -7.732358e+01
      vertex   5.609200e+02 8.598887e+00 -7.732358e+01
      vertex   5.564400e+02 8.802915e+00 -7.745260e+01
    endloop
  endfacet
  facet normal -0.000000e+00 5.344658e-01 8.451901e-01
    outer loop
      vertex   5.564400e+02 8.802915e+00 -7.745260e+01
      vertex   5.609200e+02 8.598887e+00 -7.732358e+01
      vertex   5.609200e+02 8.802915e+00 -7.745260e+01
    endloop
  endfacet
  facet normal -0.000000e+00 3.919666e-01 9.199794e-01
    outer loop
      vertex   5.564400e+02 8.802915e+00 -7.745260e+01
      vertex   5.609200e+02 8.802915e+00 -7.745260e+01
      vertex   5.564400e+02 9.024998e+00 -7.754722e+01
    endloop
  endfacet
  facet normal -0.000000e+00 3.919666e-01 9.199794e-01
    outer loop
      vertex   5.564400e+02 9.024998e+00 -7.754722e+01
      vertex   5.609200e+02 8.802915e+00 -7.745260e+01
      vertex   5.609200e+02 9.024998e+00 -7.754722e+01
    endloop
  endfacet
  facet normal -0.000000e+00 2.393157e-01 9.709418e-01
    outer loop
      vertex   5.564400e+02 9.024998e+00 -7.754722e+01
      vertex   5.609200e+02 9.024998e+00 -7.754722e+01
      vertex   5.564400e+02 9.259383e+00 -7.760499e+01
    endloop
  endfacet
  facet normal -0.000000e+00 2.393157e-01 9.709418e-01
    outer loop
      vertex   5.564400e+02 9.259383e+00 -7.760499e+01
      vertex   5.609200e+02 9.024998e+00 -7.754722e+01
      vertex   5.609200e+02 9.259383e+00 -7.760499e+01
    endloop
  endfacet
  facet normal 0.000000e+00 -8.046657e-02 9.967573e-01
    outer loop
      vertex   5.474800e+02 9.740617e+00 -7.760499e+01
      vertex   5.474800e+02 9.500000e+00 -7.762441e+01
      vertex   5.519600e+02 9.500000e+00 -7.762441e+01
    endloop
  endfacet
  facet normal 0.000000e+00 -8.046657e-02 9.967573e-01
    outer loop
      vertex   5.519600e+02 9.500000e+00 -7.762441e+01
      vertex   5.564400e+02 9.500000e+00 -7.762441e+01
      vertex   5.519600e+02 9.740617e+00 -7.760499e+01
    endloop
  endfacet
  facet normal 0.000000e+00 -8.046657e-02 9.967573e-01
    outer loop
      vertex   5.519600e+02 9.740617e+00 -7.760499e+01
      vertex   5.564400e+02 9.500000e+00 -7.762441e+01
      vertex   5.564400e+02 9.740617e+00 -7.760499e+01
    endloop
  endfacet
  facet normal 0.000000e+00 -2.393157e-01 9.709418e-01
    outer loop
      vertex   5.519600e+02 9.740617e+00 -7.760499e+01
      vertex   5.564400e+02 9.740617e+00 -7.760499e+01
      vertex   5.519600e+02 9.975002e+00 -7.754722e+01
    endloop
  endfacet
  facet normal 0.000000e+00 -2.393157e-01 9.709418e-01
    outer loop
      vertex   5.519600e+02 9.975002e+00 -7.754722e+01
      vertex   5.564400e+02 9.740617e+00 -7.760499e+01
      vertex   5.564400e+02 9.975002e+00 -7.754722e+01
    endloop
  endfacet
  facet normal 0.000000e+00 -3.919666e-01 9.199794e-01
    outer loop
      vertex   5.519600e+02 9.975002e+00 -7.754722e+01
      vertex   5.564400e+02 9.975002e+00 -7.754722e+01
      vertex   5.519600e+02 1.019708e+01 -7.745260e+01
    endloop
  endfacet
  facet normal 0.000000e+00 -3.919666e-01 9.199794e-01
    outer loop
      vertex   5.519600e+02 1.019708e+01 -7.745260e+01
      vertex   5.564400e+02 9.975002e+00 -7.754722e+01
      vertex   5.564400e+02 1.019708e+01 -7.745260e+01
    endloop
  endfacet
  facet normal 0.000000e+00 -5.344658e-01 8.451901e-01
    outer loop
      vertex   5.519600e+02 1.019708e+01 -7.745260e+01
      vertex   5.564400e+02 1.019708e+01 -7.745260e+01
      vertex   5.519600e+02 1.040111e+01 -7.732358e+01
    endloop
  endfacet
  facet normal 0.000000e+00 -5.344658e-01 8.451901e-01
    outer loop
      vertex   5.519600e+02 1.040111e+01 -7.732358e+01
      vertex   5.564400e+02 1.019708e+01 -7.745260e+01
      vertex   5.564400e+02 1.040111e+01 -7.732358e+01
    endloop
  endfacet
  facet normal 0.000000e+00 -6.631227e-01 7.485107e-01
    outer loop
      vertex   5.519600e+02 1.040111e+01 -7.732358e+01
      vertex   5.564400e+02 1.040111e+01 -7.732358e+01
      vertex   5.519600e+02 1.058180e+01 -7.716350e+01
    endloop
  endfacet
  facet normal 0.000000e+00 -6.631227e-01 7.485107e-01
    outer loop
      vertex   5.519600e+02 1.058180e+01 -7.716350e+01
      vertex   5.564400e+02 1.040111e+01 -7.732358e+01
      vertex   5.564400e+02 1.058180e+01 -7.716350e+01
    endloop
  endfacet
  facet normal 0.000000e+00 -7.746050e-01 6.324454e-01
    outer loop
      vertex   5.519600e+02 1.058180e+01 -7.716350e+01
      vertex   5.564400e+02 1.058180e+01 -7.716350e+01
      vertex   5.519600e+02 1.073448e+01 -7.697651e+01
    endloop
  endfacet
  facet normal 0.000000e+00 -7.746050e-01 6.324454e-01
    outer loop
      vertex   5.519600e+02 1.073448e+01 -7.697651e+01
      vertex   5.564400e+02 1.058180e+01 -7.716350e+01
      vertex   5.564400e+02 1.073448e+01 -7.697651e+01
    endloop
  endfacet
  facet normal 0.000000e+00 -8.660254e-01 5.000000e-01
    outer loop
      vertex   5.519600e+02 1.073448e+01 -7.697651e+01
      vertex   5.564400e+02 1.073448e+01 -7.697651e+01
      vertex   5.519600e+02 1.085518e+01 -7.676745e+01
    endloop
  endfacet
  facet normal 0.000000e+00 -8.660254e-01 5.000000e-01
    outer loop
      vertex   5.519600e+02 1.085518e+01 -7.676745e+01
      vertex   5.564400e+02 1.073448e+01 -7.697651e+01
      vertex   5.564400e+02 1.085518e+01 -7.676745e+01
    endloop
  endfacet
  facet normal 0.000000e+00 -9.350162e-01 3.546049e-01
    outer loop
      vertex   5.519600e+02 1.085518e+01 -7.676745e+01
      vertex   5.564400e+02 1.085518e+01 -7.676745e+01
      vertex   5.519600e+02 1.094078e+01 -7.654174e+01
    endloop
  endfacet
  facet normal 0.000000e+00 -9.350162e-01 3.546049e-01
    outer loop
      vertex   5.519600e+02 1.094078e+01 -7.654174e+01
      vertex   5.564400e+02 1.085518e+01 -7.676745e+01
      vertex   5.564400e+02 1.094078e+01 -7.654174e+01
    endloop
  endfacet
  facet normal 0.000000e+00 -9.797907e-01 2.000257e-01
    outer loop
      vertex   5.519600e+02 1.094078e+01 -7.654174e+01
      vertex   5.564400e+02 1.094078e+01 -7.654174e+01
      vertex   5.519600e+02 1.098906e+01 -7.630522e+01
    endloop
  endfacet
  facet normal 0.000000e+00 -9.797907e-01 2.000257e-01
    outer loop
      vertex   5.519600e+02 1.098906e+01 -7.630522e+01
      vertex   5.564400e+02 1.094078e+01 -7.654174e+01
      vertex   5.564400e+02 1.098906e+01 -7.630522e+01
    endloop
  endfacet
  facet normal 0.000000e+00 -9.991890e-01 4.026594e-02
    outer loop
      vertex   5.519600e+02 1.098906e+01 -7.630522e+01
      vertex   5.564400e+02 1.098906e+01 -7.630522e+01
      vertex   5.519600e+02 1.099878e+01 -7.606401e+01
    endloop
  endfacet
  facet normal 0.000000e+00 -9.991890e-01 4.026594e-02
    outer loop
      vertex   5.519600e+02 1.099878e+01 -7.606401e+01
      vertex   5.564400e+02 1.098906e+01 -7.630522e+01
      vertex   5.564400e+02 1.099878e+01 -7.606401e+01
    endloop
  endfacet
  facet normal 0.000000e+00 -9.927089e-01 -1.205367e-01
    outer loop
      vertex   5.519600e+02 1.099878e+01 -7.606401e+01
      vertex   5.564400e+02 1.099878e+01 -7.606401e+01
      vertex   5.519600e+02 1.096969e+01 -7.582437e+01
    endloop
  endfacet
  facet normal 0.000000e+00 -9.927089e-01 -1.205367e-01
    outer loop
      vertex   5.519600e+02 1.096969e+01 -7.582437e+01
      vertex   5.564400e+02 1.099878e+01 -7.606401e+01
      vertex   5.564400e+02 1.096969e+01 -7.582437e+01
    endloop
  endfacet
  facet normal 0.000000e+00 -9.605181e-01 -2.782175e-01
    outer loop
      vertex   5.519600e+02 1.096969e+01 -7.582437e+01
      vertex   5.564400e+02 1.096969e+01 -7.582437e+01
      vertex   5.519600e+02 1.090252e+01 -7.559251e+01
    endloop
  endfacet
  facet normal 0.000000e+00 -9.605181e-01 -2.782175e-01
    outer loop
      vertex   5.519600e+02 1.090252e+01 -7.559251e+01
      vertex   5.564400e+02 1.096969e+01 -7.582437e+01
      vertex   5.564400e+02 1.090252e+01 -7.559251e+01
    endloop
  endfacet
  facet normal 0.000000e+00 -9.034504e-01 -4.286926e-01
    outer loop
      vertex   5.519600e+02 1.090252e+01 -7.559251e+01
      vertex   5.564400e+02 1.090252e+01 -7.559251e+01
      vertex   5.519600e+02 1.079904e+01 -7.537441e+01
    endloop
  endfacet
  facet normal -3.582255e-16 -9.034504e-01 -4.286926e-01
    outer loop
      vertex   5.519600e+02 1.079904e+01 -7.537441e+01
      vertex   5.564400e+02 1.090252e+01 -7.559251e+01
      vertex   5.564400e+02 1.079904e+01 -7.537441e+01
    endloop
  endfacet
  facet normal -3.263199e-16 -8.229839e-01 -5.680647e-01
    outer loop
      vertex   5.519600e+02 1.079904e+01 -7.537441e+01
      vertex   5.564400e+02 1.079904e+01 -7.537441e+01
      vertex   5.519600e+02 1.066191e+01 -7.517575e+01
    endloop
  endfacet
  facet normal 0.000000e+00 -8.229839e-01 -5.680647e-01
    outer loop
      vertex   5.519600e+02 1.066191e+01 -7.517575e+01
      vertex   5.564400e+02 1.079904e+01 -7.537441e+01
      vertex   5.564400e+02 1.066191e+01 -7.517575e+01
    endloop
  endfacet
  facet normal 0.000000e+00 -7.212024e-01 -6.927244e-01
    outer loop
      vertex   5.519600e+02 1.066191e+01 -7.517575e+01
      vertex   5.564400e+02 1.066191e+01 -7.517575e+01
      vertex   5.519600e+02 1.049468e+01 -7.500165e+01
    endloop
  endfacet
  facet normal 0.000000e+00 -7.212024e-01 -6.927244e-01
    outer loop
      vertex   5.519600e+02 1.049468e+01 -7.500165e+01
      vertex   5.564400e+02 1.066191e+01 -7.517575e+01
      vertex   5.564400e+02 1.049468e+01 -7.500165e+01
    endloop
  endfacet
  facet normal 0.000000e+00 -6.007423e-01 -7.994428e-01
    outer loop
      vertex   5.519600e+02 1.049468e+01 -7.500165e+01
      vertex   5.564400e+02 1.049468e+01 -7.500165e+01
      vertex   5.519600e+02 1.030170e+01 -7.485663e+01
    endloop
  endfacet
  facet normal 0.000000e+00 -6.007423e-01 -7.994428e-01
    outer loop
      vertex   5.519600e+02 1.030170e+01 -7.485663e+01
      vertex   5.564400e+02 1.049468e+01 -7.500165e+01
      vertex   5.564400e+02 1.030170e+01 -7.485663e+01
    endloop
  endfacet
  facet normal 0.000000e+00 -4.647232e-01 -8.854560e-01
    outer loop
      vertex   5.519600e+02 1.030170e+01 -7.485663e+01
      vertex   5.564400e+02 1.030170e+01 -7.485663e+01
      vertex   5.519600e+02 1.008795e+01 -7.474444e+01
    endloop
  endfacet
  facet normal 0.000000e+00 -4.647232e-01 -8.854560e-01
    outer loop
      vertex   5.519600e+02 1.008795e+01 -7.474444e+01
      vertex   5.564400e+02 1.030170e+01 -7.485663e+01
      vertex   5.564400e+02 1.008795e+01 -7.474444e+01
    endloop
  endfacet
  facet normal 0.000000e+00 -3.166680e-01 -9.485364e-01
    outer loop
      vertex   5.519600e+02 1.008795e+01 -7.474444e+01
      vertex   5.564400e+02 1.008795e+01 -7.474444e+01
      vertex   5.519600e+02 9.858973e+00 -7.466800e+01
    endloop
  endfacet
  facet normal 0.000000e+00 -3.166680e-01 -9.485364e-01
    outer loop
      vertex   5.519600e+02 9.858973e+00 -7.466800e+01
      vertex   5.564400e+02 1.008795e+01 -7.474444e+01
      vertex   5.564400e+02 9.858973e+00 -7.466800e+01
    endloop
  endfacet
  facet normal 0.000000e+00 -1.604113e-01 -9.870503e-01
    outer loop
      vertex   5.519600e+02 9.858973e+00 -7.466800e+01
      vertex   5.564400e+02 9.858973e+00 -7.466800e+01
      vertex   5.519600e+02 9.620700e+00 -7.462928e+01
    endloop
  endfacet
  facet normal -6.360439e-17 -1.604113e-01 -9.870503e-01
    outer loop
      vertex   5.519600e+02 9.620700e+00 -7.462928e+01
      vertex   5.564400e+02 9.858973e+00 -7.466800e+01
      vertex   5.564400e+02 9.620700e+00 -7.462928e+01
    endloop
  endfacet
  facet normal 0.000000e+00 0.000000e+00 -1.000000e+00
    outer loop
      vertex   5.519600e+02 9.620700e+00 -7.462928e+01
      vertex   5.564400e+02 9.620700e+00 -7.462928e+01
      vertex   5.519600e+02 9.379300e+00 -7.462928e+01
    endloop
  endfacet
  facet normal 0.000000e+00 0.000000e+00 -1.000000e+00
    outer loop
      vertex   5.519600e+02 9.379300e+00 -7.462928e+01
      vertex   5.564400e+02 9.620700e+00 -7.462928e+01
      vertex   5.564400e+02 9.379300e+00 -7.462928e+01
    endloop
  endfacet
  facet normal 6.360439e-17 1.604113e-01 -9.870503e-01
    outer loop
      vertex   5.519600e+02 9.379300e+00 -7.462928e+01
      vertex   5.564400e+02 9.379300e+00 -7.462928e+01
      vertex   5.519600e+02 9.141027e+00 -7.466800e+01
    endloop
  endfacet
  facet normal 0.000000e+00 1.604113e-01 -9.870503e-01
    outer loop
      vertex   5.519600e+02 9.141027e+00 -7.466800e+01
      vertex   5.564400e+02 9.379300e+00 -7.462928e+01
      vertex   5.564400e+02 9.141027e+00 -7.466800e+01
    endloop
  endfacet
  facet normal 0.000000e+00 3.166680e-01 -9.485364e-01
    outer loop
      vertex   5.519600e+02 9.141027e+00 -7.466800e+01
      vertex   5.564400e+02 9.141027e+00 -7.466800e+01
      vertex   5.519600e+02 8.912050e+00 -7.474444e+01
    endloop
  endfacet
  facet normal 0.000000e+00 3.166680e-01 -9.485364e-01
    outer loop
      vertex   5.519600e+02 8.912050e+00 -7.474444e+01
      vertex   5.564400e+02 9.141027e+00 -7.466800e+01
      vertex   5.564400e+02 8.912050e+00 -7.474444e+01
    endloop
  endfacet
  facet normal 0.000000e+00 4.647232e-01 -8.854560e-01
    outer loop
      vertex   5.519600e+02 8.912050e+00 -7.474444e+01
      vertex   5.564400e+02 8.912050e+00 -7.474444e+01
      vertex   5.519600e+02 8.698301e+00 -7.485663e+01
    endloop
  endfacet
  facet normal 0.000000e+00 4.647232e-01 -8.854560e-01
    outer loop
      vertex   5.519600e+02 8.698301e+00 -7.485663e+01
      vertex   5.564400e+02 8.912050e+00 -7.474444e+01
      vertex   5.564400e+02 8.698301e+00 -7.485663e+01
    endloop
  endfacet
  facet normal 0.000000e+00 6.007423e-01 -7.994428e-01
    outer loop
      vertex   5.519600e+02 8.698301e+00 -7.485663e+01
      vertex   5.564400e+02 8.698301e+00 -7.485663e+01
      vertex   5.519600e+02 8.505316e+00 -7.500165e+01
    endloop
  endfacet
  facet normal 0.000000e+00 6.007423e-01 -7.994428e-01
    outer loop
      vertex   5.519600e+02 8.505316e+00 -7.500165e+01
      vertex   5.564400e+02 8.698301e+00 -7.485663e+01
      vertex   5.564400e+02 8.505316e+00 -7.500165e+01
    endloop
  endfacet
  facet normal 0.000000e+00 7.212024e-01 -6.927244e-01
    outer loop
      vertex   5.519600e+02 8.505316e+00 -7.500165e+01
      vertex   5.564400e+02 8.505316e+00 -7.500165e+01
      vertex   5.519600e+02 8.338093e+00 -7.517575e+01
    endloop
  endfacet
  facet normal 0.000000e+00 7.212024e-01 -6.927244e-01
    outer loop
      vertex   5.519600e+02 8.338093e+00 -7.517575e+01
      vertex   5.564400e+02 8.505316e+00 -7.500165e+01
      vertex   5.564400e+02 8.338093e+00 -7.517575e+01
    endloop
  endfacet
  facet normal 0.000000e+00 8.229839e-01 -5.680647e-01
    outer loop
      vertex   5.519600e+02 8.338093e+00 -7.517575e+01
      vertex   5.564400e+02 8.338093e+00 -7.517575e+01
      vertex   5.519600e+02 8.200962e+00 -7.537441e+01
    endloop
  endfacet
  facet normal 0.000000e+00 8.229839e-01 -5.680647e-01
    outer loop
      vertex   5.519600e+02 8.200962e+00 -7.537441e+01
      vertex   5.564400e+02 8.338093e+00 -7.517575e+01
      vertex   5.564400e+02 8.200962e+00 -7.537441e+01
    endloop
  endfacet
  facet normal 0.000000e+00 9.034504e-01 -4.286926e-01
    outer loop
      vertex   5.519600e+02 8.200962e+00 -7.537441e+01
      vertex   5.564400e+02 8.200962e+00 -7.537441e+01
      vertex   5.519600e+02 8.097476e+00 -7.559251e+01
    endloop
  endfacet
  facet normal 0.000000e+00 9.034504e-01 -4.286926e-01
    outer loop
      vertex   5.519600e+02 8.097476e+00 -7.559251e+01
      vertex   5.564400e+02 8.200962e+00 -7.537441e+01
      vertex   5.564400e+02 8.097476e+00 -7.559251e+01
    endloop
  endfacet
  facet normal 0.000000e+00 9.605181e-01 -2.782175e-01
    outer loop
      vertex   5.519600e+02 8.097476e+00 -7.559251e+01
      vertex   5.564400e+02 8.097476e+00 -7.559251e+01
      vertex   5.519600e+02 8.030314e+00 -7.582437e+01
    endloop
  endfacet
  facet normal 0.000000e+00 9.605181e-01 -2.782175e-01
    outer loop
      vertex   5.519600e+02 8.030314e+00 -7.582437e+01
      vertex   5.564400e+02 8.097476e+00 -7.559251e+01
      vertex   5.564400e+02 8.030314e+00 -7.582437e+01
    endloop
  endfacet
  facet normal 0.000000e+00 9.927089e-01 -1.205367e-01
    outer loop
      vertex   5.519600e+02 8.030314e+00 -7.582437e+01
      vertex   5.564400e+02 8.030314e+00 -7.582437e+01
      vertex   5.519600e+02 8.001217e+00 -7.606401e+01
    endloop
  endfacet
  facet normal 0.000000e+00 9.927089e-01 -1.205367e-01
    outer loop
      vertex   5.519600e+02 8.001217e+00 -7.606401e+01
      vertex   5.564400e+02 8.030314e+00 -7.582437e+01
      vertex   5.564400e+02 8.001217e+00 -7.606401e+01
    endloop
  endfacet
  facet normal -0.000000e+00 9.991890e-01 4.026594e-02
    outer loop
      vertex   5.519600e+02 8.001217e+00 -7.606401e+01
      vertex   5.564400e+02 8.001217e+00 -7.606401e+01
      vertex   5.519600e+02 8.010937e+00 -7.630522e+01
    endloop
  endfacet
  facet normal -0.000000e+00 9.991890e-01 4.026594e-02
    outer loop
      vertex   5.519600e+02 8.010937e+00 -7.630522e+01
      vertex   5.564400e+02 8.001217e+00 -7.606401e+01
      vertex   5.564400e+02 8.010937e+00 -7.630522e+01
    endloop
  endfacet
  facet normal -0.000000e+00 9.797907e-01 2.000257e-01
    outer loop
      vertex   5.519600e+02 8.010937e+00 -7.630522e+01
      vertex   5.564400e+02 8.010937e+00 -7.630522e+01
      vertex   5.519600e+02 8.059223e+00 -7.654174e+01
    endloop
  endfacet
  facet normal -0.000000e+00 9.797907e-01 2.000257e-01
    outer loop
      vertex   5.519600e+02 8.059223e+00 -7.654174e+01
      vertex   5.564400e+02 8.010937e+00 -7.630522e+01
      vertex   5.564400e+02 8.059223e+00 -7.654174e+01
    endloop
  endfacet
  facet normal -0.000000e+00 9.350162e-01 3.546049e-01
    outer loop
      vertex   5.519600e+02 8.059223e+00 -7.654174e+01
      vertex   5.564400e+02 8.059223e+00 -7.654174e+01
      vertex   5.519600e+02 8.144824e+00 -7.676745e+01
    endloop
  endfacet
  facet normal -0.000000e+00 9.350162e-01 3.546049e-01
    outer loop
      vertex   5.519600e+02 8.144824e+00 -7.676745e+01
      vertex   5.564400e+02 8.059223e+00 -7.654174e+01
      vertex   5.564400e+02 8.144824e+00 -7.676745e+01
    endloop
  endfacet
  facet normal -0.000000e+00 8.660254e-01 5.000000e-01
    outer loop
      vertex   5.519600e+02 8.144824e+00 -7.676745e+01
      vertex   5.564400e+02 8.144824e+00 -7.676745e+01
      vertex   5.519600e+02 8.265524e+00 -7.697651e+01
    endloop
  endfacet
  facet normal -0.000000e+00 8.660254e-01 5.000000e-01
    outer loop
      vertex   5.519600e+02 8.265524e+00 -7.697651e+01
      vertex   5.564400e+02 8.144824e+00 -7.676745e+01
      vertex   5.564400e+02 8.265524e+00 -7.697651e+01
    endloop
  endfacet
  facet normal -0.000000e+00 7.746050e-01 6.324454e-01
    outer loop
      vertex   5.519600e+02 8.265524e+00 -7.697651e+01
      vertex   5.564400e+02 8.265524e+00 -7.697651e+01
      vertex   5.519600e+02 8.418196e+00 -7.716350e+01
    endloop
  endfacet
  facet normal -0.000000e+00 7.746050e-01 6.324454e-01
    outer loop
      vertex   5.519600e+02 8.418196e+00 -7.716350e+01
      vertex   5.564400e+02 8.265524e+00 -7.697651e+01
      vertex   5.564400e+02 8.418196e+00 -7.716350e+01
    endloop
  endfacet
  facet normal -0.000000e+00 6.631227e-01 7.485107e-01
    outer loop
      vertex   5.519600e+02 8.418196e+00 -7.716350e+01
      vertex   5.564400e+02 8.418196e+00 -7.716350e+01
      vertex   5.519600e+02 8.598887e+00 -7.732358e+01
    endloop
  endfacet
  facet normal -0.000000e+00 6.631227e-01 7.485107e-01
    outer loop
      vertex   5.519600e+02 8.598887e+00 -7.732358e+01
      vertex   5.564400e+02 8.418196e+00 -7.716350e+01
      vertex   5.564400e+02 8.598887e+00 -7.732358e+01
    endloop
  endfacet
  facet normal -0.000000e+00 5.344658e-01 8.451901e-01
    outer loop
      vertex   5.519600e+02 8.598887e+00 -7.732358e+01
      vertex   5.564400e+02 8.598887e+00 -7.732358e+01
      vertex   5.519600e+02 8.802915e+00 -7.745260e+01
    endloop
  endfacet
  facet normal -0.000000e+00 5.344658e-01 8.451901e-01
    outer loop
      vertex   5.519600e+02 8.802915e+00 -7.745260e+01
      vertex   5.564400e+02 8.598887e+00 -7.732358e+01
      vertex   5.564400e+02 8.802915e+00 -7.745260e+01
    endloop
  endfacet
  facet normal -0.000000e+00 3.919666e-01 9.199794e-01
    outer loop
      vertex   5.519600e+02 8.802915e+00 -7.745260e+01
      vertex   5.564400e+02 8.802915e+00 -7.745260e+01
      vertex   5.519600e+02 9.024998e+00 -7.754722e+01
    endloop
  endfacet
  facet normal -1.554180e-16 3.919666e-01 9.199794e-01
    outer loop
      vertex   5.519600e+02 9.024998e+00 -7.754722e+01
      vertex   5.564400e+02 8.802915e+00 -7.745260e+01
      vertex   5.564400e+02 9.024998e+00 -7.754722e+01
    endloop
  endfacet
  facet normal -9.489063e-17 2.393157e-01 9.709418e-01
    outer loop
      vertex   5.519600e+02 9.024998e+00 -7.754722e+01
      vertex   5.564400e+02 9.024998e+00 -7.754722e+01
      vertex   5.519600e+02 9.259383e+00 -7.760499e+01
    endloop
  endfacet
  facet normal -0.000000e+00 2.393157e-01 9.709418e-01
    outer loop
      vertex   5.519600e+02 9.259383e+00 -7.760499e+01
      vertex   5.564400e+02 9.024998e+00 -7.754722e+01
      vertex   5.564400e+02 9.259383e+00 -7.760499e+01
    endloop
  endfacet
  facet normal 0.000000e+00 -2.393157e-01 9.709418e-01
    outer loop
      vertex   5.474800e+02 9.975002e+00 -7.754722e+01
      vertex   5.474800e+02 9.740617e+00 -7.760499e+01
      vertex   5.519600e+02 9.740617e+00 -7.760499e+01
    endloop
  endfacet
  facet normal 0.000000e+00 -8.046657e-02 9.967573e-01
    outer loop
      vertex   5.519600e+02 9.740617e+00 -7.760499e+01
      vertex   5.474800e+02 9.740617e+00 -7.760499e+01
      vertex   5.519600e+02 9.500000e+00 -7.762441e+01
    endloop
  endfacet
  facet normal 0.000000e+00 -2.393157e-01 9.709418e-01
    outer loop
      vertex   5.474800e+02 9.975002e+00 -7.754722e+01
      vertex   5.519600e+02 9.740617e+00 -7.760499e+01
      vertex   5.519600e+02 9.975002e+00 -7.754722e+01
    endloop
  endfacet
  facet normal 0.000000e+00 -3.919666e-01 9.199794e-01
    outer loop
      vertex   5.474800e+02 1.019708e+01 -7.745260e+01
      vertex   5.474800e+02 9.975002e+00 -7.754722e+01
      vertex   5.519600e+02 9.975002e+00 -7.754722e+01
    endloop
  endfacet
  facet normal 0.000000e+00 -3.919666e-01 9.199794e-01
    outer loop
      vertex   5.474800e+02 1.019708e+01 -7.745260e+01
      vertex   5.519600e+02 9.975002e+00 -7.754722e+01
      vertex   5.519600e+02 1.019708e+01 -7.745260e+01
    endloop
  endfacet
  facet normal 0.000000e+00 -5.344658e-01 8.451901e-01
    outer loop
      vertex   5.474800e+02 1.040111e+01 -7.732358e+01
      vertex   5.474800e+02 1.019708e+01 -7.745260e+01
      vertex   5.519600e+02 1.019708e+01 -7.745260e+01
    endloop
  endfacet
  facet normal 2.119201e-16 -5.344658e-01 8.451901e-01
    outer loop
      vertex   5.474800e+02 1.040111e+01 -7.732358e+01
      vertex   5.519600e+02 1.019708e+01 -7.745260e+01
      vertex   5.519600e+02 1.040111e+01 -7.732358e+01
    endloop
  endfacet
  facet normal 2.630627e-16 -6.631227e-01 7.485107e-01
    outer loop
      vertex   5.474800e+02 1.058180e+01 -7.716350e+01
      vertex   5.474800e+02 1.040111e+01 -7.732358e+01
      vertex   5.519600e+02 1.040111e+01 -7.732358e+01
    endloop
  endfacet
  facet normal 0.000000e+00 -6.631227e-01 7.485107e-01
    outer loop
      vertex   5.474800e+02 1.058180e+01 -7.716350e+01
      vertex   5.519600e+02 1.040111e+01 -7.732358e+01
      vertex   5.519600e+02 1.058180e+01 -7.716350e+01
    endloop
  endfacet
  facet normal 0.000000e+00 -7.746050e-01 6.324454e-01
    outer loop
      vertex   5.474800e+02 1.073448e+01 -7.697651e+01
      vertex   5.474800e+02 1.058180e+01 -7.716350e+01
      vertex   5.519600e+02 1.058180e+01 -7.716350e+01
    endloop
  endfacet
  facet normal 0.000000e+00 -7.746050e-01 6.324454e-01
    outer loop
      vertex   5.474800e+02 1.073448e+01 -7.697651e+01
      vertex   5.519600e+02 1.058180e+01 -7.716350e+01
      vertex   5.519600e+02 1.073448e+01 -7.697651e+01
    endloop
  endfacet
  facet normal 0.000000e+00 -8.660254e-01 5.000000e-01
    outer loop
      vertex   5.474800e+02 1.085518e+01 -7.676745e+01
      vertex   5.474800e+02 1.073448e+01 -7.697651e+01
      vertex   5.519600e+02 1.073448e+01 -7.697651e+01
    endloop
  endfacet
  facet normal 0.000000e+00 -8.660254e-01 5.000000e-01
    outer loop
      vertex   5.474800e+02 1.085518e+01 -7.676745e+01
      vertex   5.519600e+02 1.073448e+01 -7.697651e+01
      vertex   5.519600e+02 1.085518e+01 -7.676745e+01
    endloop
  endfacet
  facet normal 0.000000e+00 -9.350162e-01 3.546049e-01
    outer loop
      vertex   5.474800e+02 1.094078e+01 -7.654174e+01
      vertex   5.474800e+02 1.085518e+01 -7.676745e+01
      vertex   5.519600e+02 1.085518e+01 -7.676745e+01
    endloop
  endfacet
  facet normal 0.000000e+00 -9.350162e-01 3.546049e-01
    outer loop
      vertex   5.474800e+02 1.094078e+01 -7.654174e+01
      vertex   5.519600e+02 1.085518e+01 -7.676745e+01
      vertex   5.519600e+02 1.094078e+01 -7.654174e+01
    endloop
  endfacet
  facet normal 0.000000e+00 -9.797907e-01 2.000257e-01
    outer loop
      vertex   5.474800e+02 1.098906e+01 -7.630522e+01
      vertex   5.474800e+02 1.094078e+01 -7.654174e+01
      vertex   5.519600e+02 1.094078e+01 -7.654174e+01
    endloop
  endfacet
  facet normal 0.000000e+00 -9.797907e-01 2.000257e-01
    outer loop
      vertex   5.474800e+02 1.098906e+01 -7.630522e+01
      vertex   5.519600e+02 1.094078e+01 -7.654174e+01
      vertex   5.519600e+02 1.098906e+01 -7.630522e+01
    endloop
  endfacet
  facet normal 0.000000e+00 -9.991890e-01 4.026594e-02
    outer loop
      vertex   5.474800e+02 1.099878e+01 -7.606401e+01
      vertex   5.474800e+02 1.098906e+01 -7.630522e+01
      vertex   5.519600e+02 1.098906e+01 -7.630522e+01
    endloop
  endfacet
  facet normal 0.000000e+00 -9.991890e-01 4.026594e-02
    outer loop
      vertex   5.474800e+02 1.099878e+01 -7.606401e+01
      vertex   5.519600e+02 1.098906e+01 -7.630522e+01
      vertex   5.519600e+02 1.099878e+01 -7.606401e+01
    endloop
  endfacet
  facet normal 0.000000e+00 -9.927089e-01 -1.205367e-01
    outer loop
      vertex   5.474800e+02 1.096969e+01 -7.582437e+01
      vertex   5.474800e+02 1.099878e+01 -7.606401e+01
      vertex   5.519600e+02 1.099878e+01 -7.606401e+01
    endloop
  endfacet
  facet normal 0.000000e+00 -9.927089e-01 -1.205367e-01
    outer loop
      vertex   5.474800e+02 1.096969e+01 -7.582437e+01
      vertex   5.519600e+02 1.099878e+01 -7.606401e+01
      vertex   5.519600e+02 1.096969e+01 -7.582437e+01
    endloop
  endfacet
  facet normal 0.000000e+00 -9.605181e-01 -2.782175e-01
    outer loop
      vertex   5.474800e+02 1.090252e+01 -7.559251e+01
      vertex   5.474800e+02 1.096969e+01 -7.582437e+01
      vertex   5.519600e+02 1.096969e+01 -7.582437e+01
    endloop
  endfacet
  facet normal 0.000000e+00 -9.605181e-01 -2.782175e-01
    outer loop
      vertex   5.474800e+02 1.090252e+01 -7.559251e+01
      vertex   5.519600e+02 1.096969e+01 -7.582437e+01
      vertex   5.519600e+02 1.090252e+01 -7.559251e+01
    endloop
  endfacet
  facet normal 0.000000e+00 -9.034504e-01 -4.286926e-01
    outer loop
      vertex   5.474800e+02 1.079904e+01 -7.537441e+01
      vertex   5.474800e+02 1.090252e+01 -7.559251e+01
      vertex   5.519600e+02 1.090252e+01 -7.559251e+01
    endloop
  endfacet
  facet normal 0.000000e+00 -9.034504e-01 -4.286926e-01
    outer loop
      vertex   5.474800e+02 1.079904e+01 -7.537441e+01
      vertex   5.519600e+02 1.090252e+01 -7.559251e+01
      vertex   5.519600e+02 1.079904e+01 -7.537441e+01
    endloop
  endfacet
  facet normal 0.000000e+00 -8.229839e-01 -5.680647e-01
    outer loop
      vertex   5.474800e+02 1.066191e+01 -7.517575e+01
      vertex   5.474800e+02 1.079904e+01 -7.537441e+01
      vertex   5.519600e+02 1.079904e+01 -7.537441e+01
    endloop
  endfacet
  facet normal 0.000000e+00 -8.229839e-01 -5.680647e-01
    outer loop
      vertex   5.474800e+02 1.066191e+01 -7.517575e+01
      vertex   5.519600e+02 1.079904e+01 -7.537441e+01
      vertex   5.519600e+02 1.066191e+01 -7.517575e+01
    endloop
  endfacet
  facet normal 0.000000e+00 -7.212024e-01 -6.927244e-01
    outer loop
      vertex   5.474800e+02 1.049468e+01 -7.500165e+01
      vertex   5.474800e+02 1.066191e+01 -7.517575e+01
      vertex   5.519600e+02 1.066191e+01 -7.517575e+01
    endloop
  endfacet
  facet normal 0.000000e+00 -7.212024e-01 -6.927244e-01
    outer loop
      vertex   5.474800e+02 1.049468e+01 -7.500165e+01
      vertex   5.519600e+02 1.066191e+01 -7.517575e+01
      vertex   5.519600e+02 1.049468e+01 -7.500165e+01
    endloop
  endfacet
  facet normal 0.000000e+00 -6.007423e-01 -7.994428e-01
    outer loop
      vertex   5.474800e+02 1.030170e+01 -7.485663e+01
      vertex   5.474800e+02 1.049468e+01 -7.500165e+01
      vertex   5.519600e+02 1.049468e+01 -7.500165e+01
    endloop
  endfacet
  facet normal 0.000000e+00 -6.007423e-01 -7.994428e-01
    outer loop
      vertex   5.474800e+02 1.030170e+01 -7.485663e+01
      vertex   5.519600e+02 1.049468e+01 -7.500165e+01
      vertex   5.519600e+02 1.030170e+01 -7.485663e+01
    endloop
  endfacet
  facet normal 0.000000e+00 -4.647232e-01 -8.854560e-01
    outer loop
      vertex   5.474800e+02 1.008795e+01 -7.474444e+01
      vertex   5.474800e+02 1.030170e+01 -7.485663e+01
      vertex   5.519600e+02 1.030170e+01 -7.485663e+01
    endloop
  endfacet
  facet normal 0.000000e+00 -4.647232e-01 -8.854560e-01
    outer loop
      vertex   5.474800e+02 1.008795e+01 -7.474444e+01
      vertex   5.519600e+02 1.030170e+01 -7.485663e+01
      vertex   5.519600e+02 1.008795e+01 -7.474444e+01
    endloop
  endfacet
  facet normal 0.000000e+00 -3.166680e-01 -9.485364e-01
    outer loop
      vertex   5.474800e+02 9.858973e+00 -7.466800e+01
      vertex   5.474800e+02 1.008795e+01 -7.474444e+01
      vertex   5.519600e+02 1.008795e+01 -7.474444e+01
    endloop
  endfacet
  facet normal 0.000000e+00 -3.166680e-01 -9.485364e-01
    outer loop
      vertex   5.474800e+02 9.858973e+00 -7.466800e+01
      vertex   5.519600e+02 1.008795e+01 -7.474444e+01
      vertex   5.519600e+02 9.858973e+00 -7.466800e+01
    endloop
  endfacet
  facet normal 0.000000e+00 -1.604113e-01 -9.870503e-01
    outer loop
      vertex   5.474800e+02 9.620700e+00 -7.462928e+01
      vertex   5.474800e+02 9.858973e+00 -7.466800e+01
      vertex   5.519600e+02 9.858973e+00 -7.466800e+01
    endloop
  endfacet
  facet normal 0.000000e+00 -1.604113e-01 -9.870503e-01
    outer loop
      vertex   5.474800e+02 9.620700e+00 -7.462928e+01
      vertex   5.519600e+02 9.858973e+00 -7.466800e+01
      vertex   5.519600e+02 9.620700e+00 -7.462928e+01
    endloop
  endfacet
  facet normal 0.000000e+00 0.000000e+00 -1.000000e+00
    outer loop
      vertex   5.474800e+02 9.379300e+00 -7.462928e+01
      vertex   5.474800e+02 9.620700e+00 -7.462928e+01
      vertex   5.519600e+02 9.620700e+00 -7.462928e+01
    endloop
  endfacet
  facet normal 0.000000e+00 0.000000e+00 -1.000000e+00
    outer loop
      vertex   5.474800e+02 9.379300e+00 -7.462928e+01
      vertex   5.519600e+02 9.620700e+00 -7.462928e+01
      vertex   5.519600e+02 9.379300e+00 -7.462928e+01
    endloop
  endfacet
  facet normal 0.000000e+00 1.604113e-01 -9.870503e-01
    outer loop
      vertex   5.474800e+02 9.141027e+00 -7.466800e+01
      vertex   5.474800e+02 9.379300e+00 -7.462928e+01
      vertex   5.519600e+02 9.379300e+00 -7.462928e+01
    endloop
  endfacet
  facet normal 0.000000e+00 1.604113e-01 -9.870503e-01
    outer loop
      vertex   5.474800e+02 9.141027e+00 -7.466800e+01
      vertex   5.519600e+02 9.379300e+00 -7.462928e+01
      vertex   5.519600e+02 9.141027e+00 -7.466800e+01
    endloop
  endfacet
  facet normal 0.000000e+00 3.166680e-01 -9.485364e-01
    outer loop
      vertex   5.474800e+02 8.912050e+00 -7.474444e+01
      vertex   5.474800e+02 9.141027e+00 -7.466800e+01
      vertex   5.519600e+02 9.141027e+00 -7.466800e+01
    endloop
  endfacet
  facet normal 0.000000e+00 3.166680e-01 -9.485364e-01
    outer loop
      vertex   5.474800e+02 8.912050e+00 -7.474444e+01
      vertex   5.519600e+02 9.141027e+00 -7.466800e+01
      vertex   5.519600e+02 8.912050e+00 -7.474444e+01
    endloop
  endfacet
  facet normal 0.000000e+00 4.647232e-01 -8.854560e-01
    outer loop
      vertex   5.474800e+02 8.698301e+00 -7.485663e+01
      vertex   5.474800e+02 8.912050e+00 -7.474444e+01
      vertex   5.519600e+02 8.912050e+00 -7.474444e+01
    endloop
  endfacet
  facet normal 0.000000e+00 4.647232e-01 -8.854560e-01
    outer loop
      vertex   5.474800e+02 8.698301e+00 -7.485663e+01
      vertex   5.519600e+02 8.912050e+00 -7.474444e+01
      vertex   5.519600e+02 8.698301e+00 -7.485663e+01
    endloop
  endfacet
  facet normal 0.000000e+00 6.007423e-01 -7.994428e-01
    outer loop
      vertex   5.474800e+02 8.505316e+00 -7.500165e+01
      vertex   5.474800e+02 8.698301e+00 -7.485663e+01
      vertex   5.519600e+02 8.698301e+00 -7.485663e+01
    endloop
  endfacet
  facet normal 0.000000e+00 6.007423e-01 -7.994428e-01
    outer loop
      vertex   5.474800e+02 8.505316e+00 -7.500165e+01
      vertex   5.519600e+02 8.698301e+00 -7.485663e+01
      vertex   5.519600e+02 8.505316e+00 -7.500165e+01
    endloop
  endfacet
  facet normal 0.000000e+00 7.212024e-01 -6.927244e-01
    outer loop
      vertex   5.474800e+02 8.338093e+00 -7.517575e+01
      vertex   5.474800e+02 8.505316e+00 -7.500165e+01
      vertex   5.519600e+02 8.505316e+00 -7.500165e+01
    endloop
  endfacet
  facet normal 0.000000e+00 7.212024e-01 -6.927244e-01
    outer loop
      vertex   5.474800e+02 8.338093e+00 -7.517575e+01
      vertex   5.519600e+02 8.505316e+00 -7.500165e+01
      vertex   5.519600e+02 8.338093e+00 -7.517575e+01
    endloop
  endfacet
  facet normal 0.000000e+00 8.229839e-01 -5.680647e-01
    outer loop
      vertex   5.474800e+02 8.200962e+00 -7.537441e+01
      vertex   5.474800e+02 8.338093e+00 -7.517575e+01
      vertex   5.519600e+02 8.338093e+00 -7.517575e+01
    endloop
  endfacet
  facet normal 0.000000e+00 8.229839e-01 -5.680647e-01
    outer loop
      vertex   5.474800e+02 8.200962e+00 -7.537441e+01
      vertex   5.519600e+02 8.338093e+00 -7.517575e+01
      vertex   5.519600e+02 8.200962e+00 -7.537441e+01
    endloop
  endfacet
  facet normal 0.000000e+00 9.034504e-01 -4.286926e-01
    outer loop
      vertex   5.474800e+02 8.097476e+00 -7.559251e+01
      vertex   5.474800e+02 8.200962e+00 -7.537441e+01
      vertex   5.519600e+02 8.200962e+00 -7.537441e+01
    endloop
  endfacet
  facet normal 0.000000e+00 9.034504e-01 -4.286926e-01
    outer loop
      vertex   5.474800e+02 8.097476e+00 -7.559251e+01
      vertex   5.519600e+02 8.200962e+00 -7.537441e+01
      vertex   5.519600e+02 8.097476e+00 -7.559251e+01
    endloop
  endfacet
  facet normal 0.000000e+00 9.605181e-01 -2.782175e-01
    outer loop
      vertex   5.474800e+02 8.030314e+00 -7.582437e+01
      vertex   5.474800e+02 8.097476e+00 -7.559251e+01
      vertex   5.519600e+02 8.097476e+00 -7.559251e+01
    endloop
  endfacet
  facet normal 0.000000e+00 9.605181e-01 -2.782175e-01
    outer loop
      vertex   5.474800e+02 8.030314e+00 -7.582437e+01
      vertex   5.519600e+02 8.097476e+00 -7.559251e+01
      vertex   5.519600e+02 8.030314e+00 -7.582437e+01
    endloop
  endfacet
  facet normal 0.000000e+00 9.927089e-01 -1.205367e-01
    outer loop
      vertex   5.474800e+02 8.001217e+00 -7.606401e+01
      vertex   5.474800e+02 8.030314e+00 -7.582437e+01
      vertex   5.519600e+02 8.030314e+00 -7.582437e+01
    endloop
  endfacet
  facet normal 0.000000e+00 9.927089e-01 -1.205367e-01
    outer loop
      vertex   5.474800e+02 8.001217e+00 -7.606401e+01
      vertex   5.519600e+02 8.030314e+00 -7.582437e+01
      vertex   5.519600e+02 8.001217e+00 -7.606401e+01
    endloop
  endfacet
  facet normal 0.000000e+00 9.991890e-01 4.026594e-02
    outer loop
      vertex   5.474800e+02 8.010937e+00 -7.630522e+01
      vertex   5.474800e+02 8.001217e+00 -7.606401e+01
      vertex   5.519600e+02 8.001217e+00 -7.606401e+01
    endloop
  endfacet
  facet normal -0.000000e+00 9.991890e-01 4.026594e-02
    outer loop
      vertex   5.474800e+02 8.010937e+00 -7.630522e+01
      vertex   5.519600e+02 8.001217e+00 -7.606401e+01
      vertex   5.519600e+02 8.010937e+00 -7.630522e+01
    endloop
  endfacet
  facet normal 0.000000e+00 9.797907e-01 2.000257e-01
    outer loop
      vertex   5.474800e+02 8.059223e+00 -7.654174e+01
      vertex   5.474800e+02 8.010937e+00 -7.630522e+01
      vertex   5.519600e+02 8.010937e+00 -7.630522e+01
    endloop
  endfacet
  facet normal -0.000000e+00 9.797907e-01 2.000257e-01
    outer loop
      vertex   5.474800e+02 8.059223e+00 -7.654174e+01
      vertex   5.519600e+02 8.010937e+00 -7.630522e+01
      vertex   5.519600e+02 8.059223e+00 -7.654174e+01
    endloop
  endfacet
  facet normal 0.000000e+00 9.350162e-01 3.546049e-01
    outer loop
      vertex   5.474800e+02 8.144824e+00 -7.676745e+01
      vertex   5.474800e+02 8.059223e+00 -7.654174e+01
      vertex   5.519600e+02 8.059223e+00 -7.654174e+01
    endloop
  endfacet
  facet normal -0.000000e+00 9.350162e-01 3.546049e-01
    outer loop
      vertex   5.474800e+02 8.144824e+00 -7.676745e+01
      vertex   5.519600e+02 8.059223e+00 -7.654174e+01
      vertex   5.519600e+02 8.144824e+00 -7.676745e+01
    endloop
  endfacet
  facet normal 0.000000e+00 8.660254e-01 5.000000e-01
    outer loop
      vertex   5.474800e+02 8.265524e+00 -7.697651e+01
      vertex   5.474800e+02 8.144824e+00 -7.676745e+01
      vertex   5.519600e+02 8.144824e+00 -7.676745e+01
    endloop
  endfacet
  facet normal -0.000000e+00 8.660254e-01 5.000000e-01
    outer loop
      vertex   5.474800e+02 8.265524e+00 -7.697651e+01
      vertex   5.519600e+02 8.144824e+00 -7.676745e+01
      vertex   5.519600e+02 8.265524e+00 -7.697651e+01
    endloop
  endfacet
  facet normal 0.000000e+00 7.746050e-01 6.324454e-01
    outer loop
      vertex   5.474800e+02 8.418196e+00 -7.716350e+01
      vertex   5.474800e+02 8.265524e+00 -7.697651e+01
      vertex   5.519600e+02 8.265524e+00 -7.697651e+01
    endloop
  endfacet
  facet normal -0.000000e+00 7.746050e-01 6.324454e-01
    outer loop
      vertex   5.474800e+02 8.418196e+00 -7.716350e+01
      vertex   5.519600e+02 8.265524e+00 -7.697651e+01
      vertex   5.519600e+02 8.418196e+00 -7.716350e+01
    endloop
  endfacet
  facet normal 0.000000e+00 6.631227e-01 7.485107e-01
    outer loop
      vertex   5.474800e+02 8.598887e+00 -7.732358e+01
      vertex   5.474800e+02 8.418196e+00 -7.716350e+01
      vertex   5.519600e+02 8.418196e+00 -7.716350e+01
    endloop
  endfacet
  facet normal -0.000000e+00 6.631227e-01 7.485107e-01
    outer loop
      vertex   5.474800e+02 8.598887e+00 -7.732358e+01
      vertex   5.519600e+02 8.418196e+00 -7.716350e+01
      vertex   5.519600e+02 8.598887e+00 -7.732358e+01
    endloop
  endfacet
  facet normal 0.000000e+00 5.344658e-01 8.451901e-01
    outer loop
      vertex   5.474800e+02 8.802915e+00 -7.745260e+01
      vertex   5.474800e+02 8.598887e+00 -7.732358e+01
      vertex   5.519600e+02 8.598887e+00 -7.732358e+01
    endloop
  endfacet
  facet normal -0.000000e+00 5.344658e-01 8.451901e-01
    outer loop
      vertex   5.474800e+02 8.802915e+00 -7.745260e+01
      vertex   5.519600e+02 8.598887e+00 -7.732358e+01
      vertex   5.519600e+02 8.802915e+00 -7.745260e+01
    endloop
  endfacet
  facet normal 0.000000e+00 3.919666e-01 9.199794e-01
    outer loop
      vertex   5.474800e+02 9.024998e+00 -7.754722e+01
      vertex   5.474800e+02 8.802915e+00 -7.745260e+01
      vertex   5.519600e+02 8.802915e+00 -7.745260e+01
    endloop
  endfacet
  facet normal -0.000000e+00 3.919666e-01 9.199794e-01
    outer loop
      vertex   5.474800e+02 9.024998e+00 -7.754722e+01
      vertex   5.519600e+02 8.802915e+00 -7.745260e+01
      vertex   5.519600e+02 9.024998e+00 -7.754722e+01
    endloop
  endfacet
  facet normal 0.000000e+00 2.393157e-01 9.709418e-01
    outer loop
      vertex   5.474800e+02 9.259383e+00 -7.760499e+01
      vertex   5.474800e+02 9.024998e+00 -7.754722e+01
      vertex   5.519600e+02 9.024998e+00 -7.754722e+01
    endloop
  endfacet
  facet normal -0.000000e+00 2.393157e-01 9.709418e-01
    outer loop
      vertex   5.474800e+02 9.259383e+00 -7.760499e+01
      vertex   5.519600e+02 9.024998e+00 -7.754722e+01
      vertex   5.519600e+02 9.259383e+00 -7.760499e+01
    endloop
  endfacet
  facet normal 0.000000e+00 -8.046657e-02 9.967573e-01
    outer loop
      vertex   5.654000e+02 9.740617e+00 -3.235499e+01
      vertex   5.609200e+02 9.740617e+00 -3.235499e+01
      vertex   5.654000e+02 9.500000e+00 -3.237441e+01
    endloop
  endfacet
  facet normal 0.000000e+00 -8.046657e-02 9.967573e-01
    outer loop
      vertex   5.654000e+02 9.500000e+00 -3.237441e+01
      vertex   5.609200e+02 9.740617e+00 -3.235499e+01
      vertex   5.609200e+02 9.500000e+00 -3.237441e+01
    endloop
  endfacet
  facet normal 0.000000e+00 8.046657e-02 9.967573e-01
    outer loop
      vertex   5.654000e+02 9.500000e+00 -3.237441e+01
      vertex   5.609200e+02 9.500000e+00 -3.237441e+01
      vertex   5.609200e+02 9.259383e+00 -3.235499e+01
    endloop
  endfacet
  facet normal 0.000000e+00 8.046657e-02 9.967573e-01
    outer loop
      vertex   5.609200e+02 9.259383e+00 -3.235499e+01
      vertex   5.609200e+02 9.500000e+00 -3.237441e+01
      vertex   5.564400e+02 9.500000e+00 -3.237441e+01
    endloop
  endfacet
  facet normal 0.000000e+00 8.046657e-02 9.967573e-01
    outer loop
      vertex   5.609200e+02 9.259383e+00 -3.235499e+01
      vertex   5.564400e+02 9.500000e+00 -3.237441e+01
      vertex   5.564400e+02 9.259383e+00 -3.235499e+01
    endloop
  endfacet
  facet normal 0.000000e+00 8.046657e-02 9.967573e-01
    outer loop
      vertex   5.564400e+02 9.259383e+00 -3.235499e+01
      vertex   5.564400e+02 9.500000e+00 -3.237441e+01
      vertex   5.519600e+02 9.500000e+00 -3.237441e+01
    endloop
  endfacet
  facet normal 0.000000e+00 8.046657e-02 9.967573e-01
    outer loop
      vertex   5.564400e+02 9.259383e+00 -3.235499e+01
      vertex   5.519600e+02 9.500000e+00 -3.237441e+01
      vertex   5.519600e+02 9.259383e+00 -3.235499e+01
    endloop
  endfacet
  facet normal 0.000000e+00 8.046657e-02 9.967573e-01
    outer loop
      vertex   5.519600e+02 9.259383e+00 -3.235499e+01
      vertex   5.519600e+02 9.500000e+00 -3.237441e+01
      vertex   5.474800e+02 9.500000e+00 -3.237441e+01
    endloop
  endfacet
  facet normal 0.000000e+00 8.046657e-02 9.967573e-01
    outer loop
      vertex   5.519600e+02 9.259383e+00 -3.235499e+01
      vertex   5.474800e+02 9.500000e+00 -3.237441e+01
      vertex   5.474800e+02 9.259383e+00 -3.235499e+01
    endloop
  endfacet
  facet normal 0.000000e+00 8.046657e-02 9.967573e-01
    outer loop
      vertex   5.474800e+02 9.259383e+00 -3.235499e+01
      vertex   5.474800e+02 9.500000e+00 -3.237441e+01
      vertex   5.430000e+02 9.500000e+00 -3.237441e+01
    endloop
  endfacet
  facet normal 0.000000e+00 8.046657e-02 9.967573e-01
    outer loop
      vertex   5.474800e+02 9.259383e+00 -3.235499e+01
      vertex   5.430000e+02 9.500000e+00 -3.237441e+01
      vertex   5.430000e+02 9.259383e+00 -3.235499e+01
    endloop
  endfacet
  facet normal 0.000000e+00 -2.393157e-01 9.709418e-01
    outer loop
      vertex   5.609200e+02 9.740617e+00 -3.235499e+01
      vertex   5.654000e+02 9.740617e+00 -3.235499e+01
      vertex   5.609200e+02 9.975002e+00 -3.229722e+01
    endloop
  endfacet
  facet normal 0.000000e+00 -2.393157e-01 9.709418e-01
    outer loop
      vertex   5.609200e+02 9.975002e+00 -3.229722e+01
      vertex   5.654000e+02 9.740617e+00 -3.235499e+01
      vertex   5.654000e+02 9.975002e+00 -3.229722e+01
    endloop
  endfacet
  facet normal 0.000000e+00 -3.919666e-01 9.199794e-01
    outer loop
      vertex   5.609200e+02 9.975002e+00 -3.229722e+01
      vertex   5.654000e+02 9.975002e+00 -3.229722e+01
      vertex   5.609200e+02 1.019708e+01 -3.220260e+01
    endloop
  endfacet
  facet normal 0.000000e+00 -3.919666e-01 9.199794e-01
    outer loop
      vertex   5.609200e+02 1.019708e+01 -3.220260e+01
      vertex   5.654000e+02 9.975002e+00 -3.229722e+01
      vertex   5.654000e+02 1.019708e+01 -3.220260e+01
    endloop
  endfacet
  facet normal 0.000000e+00 -5.344658e-01 8.451901e-01
    outer loop
      vertex   5.609200e+02 1.019708e+01 -3.220260e+01
      vertex   5.654000e+02 1.019708e+01 -3.220260e+01
      vertex   5.609200e+02 1.040111e+01 -3.207358e+01
    endloop
  endfacet
  facet normal 0.000000e+00 -5.344658e-01 8.451901e-01
    outer loop
      vertex   5.609200e+02 1.040111e+01 -3.207358e+01
      vertex   5.654000e+02 1.019708e+01 -3.220260e+01
      vertex   5.654000e+02 1.040111e+01 -3.207358e+01
    endloop
  endfacet
  facet normal 0.000000e+00 -6.631227e-01 7.485107e-01
    outer loop
      vertex   5.609200e+02 1.040111e+01 -3.207358e+01
      vertex   5.654000e+02 1.040111e+01 -3.207358e+01
      vertex   5.609200e+02 1.058180e+01 -3.191350e+01
    endloop
  endfacet
  facet normal 0.000000e+00 -6.631227e-01 7.485107e-01
    outer loop
      vertex   5.609200e+02 1.058180e+01 -3.191350e+01
      vertex   5.654000e+02 1.040111e+01 -3.207358e+01
      vertex   5.654000e+02 1.058180e+01 -3.191350e+01
    endloop
  endfacet
  facet normal 0.000000e+00 -7.746050e-01 6.324454e-01
    outer loop
      vertex   5.609200e+02 1.058180e+01 -3.191350e+01
      vertex   5.654000e+02 1.058180e+01 -3.191350e+01
      vertex   5.609200e+02 1.073448e+01 -3.172651e+01
    endloop
  endfacet
  facet normal 3.071372e-16 -7.746050e-01 6.324454e-01
    outer loop
      vertex   5.609200e+02 1.073448e+01 -3.172651e+01
      vertex   5.654000e+02 1.058180e+01 -3.191350e+01
      vertex   5.654000e+02 1.073448e+01 -3.172651e+01
    endloop
  endfacet
  facet normal 3.433862e-16 -8.660254e-01 5.000000e-01
    outer loop
      vertex   5.609200e+02 1.073448e+01 -3.172651e+01
      vertex   5.654000e+02 1.073448e+01 -3.172651e+01
      vertex   5.609200e+02 1.085518e+01 -3.151745e+01
    endloop
  endfacet
  facet normal 0.000000e+00 -8.660254e-01 5.000000e-01
    outer loop
      vertex   5.609200e+02 1.085518e+01 -3.151745e+01
      vertex   5.654000e+02 1.073448e+01 -3.172651e+01
      vertex   5.654000e+02 1.085518e+01 -3.151745e+01
    endloop
  endfacet
  facet normal 0.000000e+00 -9.350162e-01 3.546049e-01
    outer loop
      vertex   5.609200e+02 1.085518e+01 -3.151745e+01
      vertex   5.654000e+02 1.085518e+01 -3.151745e+01
      vertex   5.609200e+02 1.094078e+01 -3.129174e+01
    endloop
  endfacet
  facet normal 3.707416e-16 -9.350162e-01 3.546049e-01
    outer loop
      vertex   5.609200e+02 1.094078e+01 -3.129174e+01
      vertex   5.654000e+02 1.085518e+01 -3.151745e+01
      vertex   5.654000e+02 1.094078e+01 -3.129174e+01
    endloop
  endfacet
  facet normal 3.884950e-16 -9.797907e-01 2.000257e-01
    outer loop
      vertex   5.609200e+02 1.094078e+01 -3.129174e+01
      vertex   5.654000e+02 1.094078e+01 -3.129174e+01
      vertex   5.609200e+02 1.098906e+01 -3.105522e+01
    endloop
  endfacet
  facet normal 0.000000e+00 -9.797907e-01 2.000257e-01
    outer loop
      vertex   5.609200e+02 1.098906e+01 -3.105522e+01
      vertex   5.654000e+02 1.094078e+01 -3.129174e+01
      vertex   5.654000e+02 1.098906e+01 -3.105522e+01
    endloop
  endfacet
  facet normal 0.000000e+00 -9.991890e-01 4.026594e-02
    outer loop
      vertex   5.609200e+02 1.098906e+01 -3.105522e+01
      vertex   5.654000e+02 1.098906e+01 -3.105522e+01
      vertex   5.609200e+02 1.099878e+01 -3.081401e+01
    endloop
  endfacet
  facet normal 0.000000e+00 -9.991890e-01 4.026594e-02
    outer loop
      vertex   5.609200e+02 1.099878e+01 -3.081401e+01
      vertex   5.654000e+02 1.098906e+01 -3.105522e+01
      vertex   5.654000e+02 1.099878e+01 -3.081401e+01
    endloop
  endfacet
  facet normal 0.000000e+00 -9.927089e-01 -1.205367e-01
    outer loop
      vertex   5.609200e+02 1.099878e+01 -3.081401e+01
      vertex   5.654000e+02 1.099878e+01 -3.081401e+01
      vertex   5.609200e+02 1.096969e+01 -3.057437e+01
    endloop
  endfacet
  facet normal 0.000000e+00 -9.927089e-01 -1.205367e-01
    outer loop
      vertex   5.609200e+02 1.096969e+01 -3.057437e+01
      vertex   5.654000e+02 1.099878e+01 -3.081401e+01
      vertex   5.654000e+02 1.096969e+01 -3.057437e+01
    endloop
  endfacet
  facet normal 0.000000e+00 -9.605181e-01 -2.782175e-01
    outer loop
      vertex   5.609200e+02 1.096969e+01 -3.057437e+01
      vertex   5.654000e+02 1.096969e+01 -3.057437e+01
      vertex   5.609200e+02 1.090252e+01 -3.034251e+01
    endloop
  endfacet
  facet normal 0.000000e+00 -9.605181e-01 -2.782175e-01
    outer loop
      vertex   5.609200e+02 1.090252e+01 -3.034251e+01
      vertex   5.654000e+02 1.096969e+01 -3.057437e+01
      vertex   5.654000e+02 1.090252e+01 -3.034251e+01
    endloop
  endfacet
  facet normal 0.000000e+00 -9.034504e-01 -4.286926e-01
    outer loop
      vertex   5.609200e+02 1.090252e+01 -3.034251e+01
      vertex   5.654000e+02 1.090252e+01 -3.034251e+01
      vertex   5.609200e+02 1.079904e+01 -3.012441e+01
    endloop
  endfacet
  facet normal 0.000000e+00 -9.034504e-01 -4.286926e-01
    outer loop
      vertex   5.609200e+02 1.079904e+01 -3.012441e+01
      vertex   5.654000e+02 1.090252e+01 -3.034251e+01
      vertex   5.654000e+02 1.079904e+01 -3.012441e+01
    endloop
  endfacet
  facet normal 0.000000e+00 -8.229839e-01 -5.680647e-01
    outer loop
      vertex   5.609200e+02 1.079904e+01 -3.012441e+01
      vertex   5.654000e+02 1.079904e+01 -3.012441e+01
      vertex   5.609200e+02 1.066191e+01 -2.992575e+01
    endloop
  endfacet
  facet normal 0.000000e+00 -8.229839e-01 -5.680647e-01
    outer loop
      vertex   5.609200e+02 1.066191e+01 -2.992575e+01
      vertex   5.654000e+02 1.079904e+01 -3.012441e+01
      vertex   5.654000e+02 1.066191e+01 -2.992575e+01
    endloop
  endfacet
  facet normal 0.000000e+00 -7.212024e-01 -6.927244e-01
    outer loop
      vertex   5.609200e+02 1.066191e+01 -2.992575e+01
      vertex   5.654000e+02 1.066191e+01 -2.992575e+01
      vertex   5.609200e+02 1.049468e+01 -2.975165e+01
    endloop
  endfacet
  facet normal 0.000000e+00 -7.212024e-01 -6.927244e-01
    outer loop
      vertex   5.609200e+02 1.049468e+01 -2.975165e+01
      vertex   5.654000e+02 1.066191e+01 -2.992575e+01
      vertex   5.654000e+02 1.049468e+01 -2.975165e+01
    endloop
  endfacet
  facet normal 0.000000e+00 -6.007423e-01 -7.994428e-01
    outer loop
      vertex   5.609200e+02 1.049468e+01 -2.975165e+01
      vertex   5.654000e+02 1.049468e+01 -2.975165e+01
      vertex   5.609200e+02 1.030170e+01 -2.960663e+01
    endloop
  endfacet
  facet normal 0.000000e+00 -6.007423e-01 -7.994428e-01
    outer loop
      vertex   5.609200e+02 1.030170e+01 -2.960663e+01
      vertex   5.654000e+02 1.049468e+01 -2.975165e+01
      vertex   5.654000e+02 1.030170e+01 -2.960663e+01
    endloop
  endfacet
  facet normal 0.000000e+00 -4.647232e-01 -8.854560e-01
    outer loop
      vertex   5.609200e+02 1.030170e+01 -2.960663e+01
      vertex   5.654000e+02 1.030170e+01 -2.960663e+01
      vertex   5.609200e+02 1.008795e+01 -2.949444e+01
    endloop
  endfacet
  facet normal 0.000000e+00 -4.647232e-01 -8.854560e-01
    outer loop
      vertex   5.609200e+02 1.008795e+01 -2.949444e+01
      vertex   5.654000e+02 1.030170e+01 -2.960663e+01
      vertex   5.654000e+02 1.008795e+01 -2.949444e+01
    endloop
  endfacet
  facet normal 0.000000e+00 -3.166680e-01 -9.485364e-01
    outer loop
      vertex   5.609200e+02 1.008795e+01 -2.949444e+01
      vertex   5.654000e+02 1.008795e+01 -2.949444e+01
      vertex   5.609200e+02 9.858973e+00 -2.941800e+01
    endloop
  endfacet
  facet normal 0.000000e+00 -3.166680e-01 -9.485364e-01
    outer loop
      vertex   5.609200e+02 9.858973e+00 -2.941800e+01
      vertex   5.654000e+02 1.008795e+01 -2.949444e+01
      vertex   5.654000e+02 9.858973e+00 -2.941800e+01
    endloop
  endfacet
  facet normal 0.000000e+00 -1.604113e-01 -9.870503e-01
    outer loop
      vertex   5.609200e+02 9.858973e+00 -2.941800e+01
      vertex   5.654000e+02 9.858973e+00 -2.941800e+01
      vertex   5.609200e+02 9.620700e+00 -2.937928e+01
    endloop
  endfacet
  facet normal 0.000000e+00 -1.604113e-01 -9.870503e-01
    outer loop
      vertex   5.609200e+02 9.620700e+00 -2.937928e+01
      vertex   5.654000e+02 9.858973e+00 -2.941800e+01
      vertex   5.654000e+02 9.620700e+00 -2.937928e+01
    endloop
  endfacet
  facet normal 0.000000e+00 0.000000e+00 -1.000000e+00
    outer loop
      vertex   5.609200e+02 9.620700e+00 -2.937928e+01
      vertex   5.654000e+02 9.620700e+00 -2.937928e+01
      vertex   5.609200e+02 9.379300e+00 -2.937928e+01
    endloop
  endfacet
  facet normal 0.000000e+00 0.000000e+00 -1.000000e+00
    outer loop
      vertex   5.609200e+02 9.379300e+00 -2.937928e+01
      vertex   5.654000e+02 9.620700e+00 -2.937928e+01
      vertex   5.654000e+02 9.379300e+00 -2.937928e+01
    endloop
  endfacet
  facet normal 0.000000e+00 1.604113e-01 -9.870503e-01
    outer loop
      vertex   5.609200e+02 9.379300e+00 -2.937928e+01
      vertex   5.654000e+02 9.379300e+00 -2.937928e+01
      vertex   5.609200e+02 9.141027e+00 -2.941800e+01
    endloop
  endfacet
  facet normal 0.000000e+00 1.604113e-01 -9.870503e-01
    outer loop
      vertex   5.609200e+02 9.141027e+00 -2.941800e+01
      vertex   5.654000e+02 9.379300e+00 -2.937928e+01
      vertex   5.654000e+02 9.141027e+00 -2.941800e+01
    endloop
  endfacet
  facet normal 0.000000e+00 3.166680e-01 -9.485364e-01
    outer loop
      vertex   5.609200e+02 9.141027e+00 -2.941800e+01
      vertex   5.654000e+02 9.141027e+00 -2.941800e+01
      vertex   5.609200e+02 8.912050e+00 -2.949444e+01
    endloop
  endfacet
  facet normal 0.000000e+00 3.166680e-01 -9.485364e-01
    outer loop
      vertex   5.609200e+02 8.912050e+00 -2.949444e+01
      vertex   5.654000e+02 9.141027e+00 -2.941800e+01
      vertex   5.654000e+02 8.912050e+00 -2.949444e+01
    endloop
  endfacet
  facet normal 0.000000e+00 4.647232e-01 -8.854560e-01
    outer loop
      vertex   5.609200e+02 8.912050e+00 -2.949444e+01
      vertex   5.654000e+02 8.912050e+00 -2.949444e+01
      vertex   5.609200e+02 8.698301e+00 -2.960663e+01
    endloop
  endfacet
  facet normal 0.000000e+00 4.647232e-01 -8.854560e-01
    outer loop
      vertex   5.609200e+02 8.698301e+00 -2.960663e+01
      vertex   5.654000e+02 8.912050e+00 -2.949444e+01
      vertex   5.654000e+02 8.698301e+00 -2.960663e+01
    endloop
  endfacet
  facet normal 0.000000e+00 6.007423e-01 -7.994428e-01
    outer loop
      vertex   5.609200e+02 8.698301e+00 -2.960663e+01
      vertex   5.654000e+02 8.698301e+00 -2.960663e+01
      vertex   5.609200e+02 8.505316e+00 -2.975165e+01
    endloop
  endfacet
  facet normal 0.000000e+00 6.007423e-01 -7.994428e-01
    outer loop
      vertex   5.609200e+02 8.505316e+00 -2.975165e+01
      vertex   5.654000e+02 8.698301e+00 -2.960663e+01
      vertex   5.654000e+02 8.505316e+00 -2.975165e+01
    endloop
  endfacet
  facet normal 0.000000e+00 7.212024e-01 -6.927244e-01
    outer loop
      vertex   5.609200e+02 8.505316e+00 -2.975165e+01
      vertex   5.654000e+02 8.505316e+00 -2.975165e+01
      vertex   5.609200e+02 8.338093e+00 -2.992575e+01
    endloop
  endfacet
  facet normal 0.000000e+00 7.212024e-01 -6.927244e-01
    outer loop
      vertex   5.609200e+02 8.338093e+00 -2.992575e+01
      vertex   5.654000e+02 8.505316e+00 -2.975165e+01
      vertex   5.654000e+02 8.338093e+00 -2.992575e+01
    endloop
  endfacet
  facet normal 0.000000e+00 8.229839e-01 -5.680647e-01
    outer loop
      vertex   5.609200e+02 8.338093e+00 -2.992575e+01
      vertex   5.654000e+02 8.338093e+00 -2.992575e+01
      vertex   5.609200e+02 8.200962e+00 -3.012441e+01
    endloop
  endfacet
  facet normal 0.000000e+00 8.229839e-01 -5.680647e-01
    outer loop
      vertex   5.609200e+02 8.200962e+00 -3.012441e+01
      vertex   5.654000e+02 8.338093e+00 -2.992575e+01
      vertex   5.654000e+02 8.200962e+00 -3.012441e+01
    endloop
  endfacet
  facet normal 0.000000e+00 9.034504e-01 -4.286926e-01
    outer loop
      vertex   5.609200e+02 8.200962e+00 -3.012441e+01
      vertex   5.654000e+02 8.200962e+00 -3.012441e+01
      vertex   5.609200e+02 8.097476e+00 -3.034251e+01
    endloop
  endfacet
  facet normal 0.000000e+00 9.034504e-01 -4.286926e-01
    outer loop
      vertex   5.609200e+02 8.097476e+00 -3.034251e+01
      vertex   5.654000e+02 8.200962e+00 -3.012441e+01
      vertex   5.654000e+02 8.097476e+00 -3.034251e+01
    endloop
  endfacet
  facet normal 0.000000e+00 9.605181e-01 -2.782175e-01
    outer loop
      vertex   5.609200e+02 8.097476e+00 -3.034251e+01
      vertex   5.654000e+02 8.097476e+00 -3.034251e+01
      vertex   5.609200e+02 8.030314e+00 -3.057437e+01
    endloop
  endfacet
  facet normal 0.000000e+00 9.605181e-01 -2.782175e-01
    outer loop
      vertex   5.609200e+02 8.030314e+00 -3.057437e+01
      vertex   5.654000e+02 8.097476e+00 -3.034251e+01
      vertex   5.654000e+02 8.030314e+00 -3.057437e+01
    endloop
  endfacet
  facet normal 0.000000e+00 9.927089e-01 -1.205367e-01
    outer loop
      vertex   5.609200e+02 8.030314e+00 -3.057437e+01
      vertex   5.654000e+02 8.030314e+00 -3.057437e+01
      vertex   5.609200e+02 8.001217e+00 -3.081401e+01
    endloop
  endfacet
  facet normal 0.000000e+00 9.927089e-01 -1.205367e-01
    outer loop
      vertex   5.609200e+02 8.001217e+00 -3.081401e+01
      vertex   5.654000e+02 8.030314e+00 -3.057437e+01
      vertex   5.654000e+02 8.001217e+00 -3.081401e+01
    endloop
  endfacet
  facet normal -0.000000e+00 9.991890e-01 4.026594e-02
    outer loop
      vertex   5.609200e+02 8.001217e+00 -3.081401e+01
      vertex   5.654000e+02 8.001217e+00 -3.081401e+01
      vertex   5.609200e+02 8.010937e+00 -3.105522e+01
    endloop
  endfacet
  facet normal -0.000000e+00 9.991890e-01 4.026594e-02
    outer loop
      vertex   5.609200e+02 8.010937e+00 -3.105522e+01
      vertex   5.654000e+02 8.001217e+00 -3.081401e+01
      vertex   5.654000e+02 8.010937e+00 -3.105522e+01
    endloop
  endfacet
  facet normal -0.000000e+00 9.797907e-01 2.000257e-01
    outer loop
      vertex   5.609200e+02 8.010937e+00 -3.105522e+01
      vertex   5.654000e+02 8.010937e+00 -3.105522e+01
      vertex   5.609200e+02 8.059223e+00 -3.129174e+01
    endloop
  endfacet
  facet normal -0.000000e+00 9.797907e-01 2.000257e-01
    outer loop
      vertex   5.609200e+02 8.059223e+00 -3.129174e+01
      vertex   5.654000e+02 8.010937e+00 -3.105522e+01
      vertex   5.654000e+02 8.059223e+00 -3.129174e+01
    endloop
  endfacet
  facet normal -0.000000e+00 9.350162e-01 3.546049e-01
    outer loop
      vertex   5.609200e+02 8.059223e+00 -3.129174e+01
      vertex   5.654000e+02 8.059223e+00 -3.129174e+01
      vertex   5.609200e+02 8.144824e+00 -3.151745e+01
    endloop
  endfacet
  facet normal -0.000000e+00 9.350162e-01 3.546049e-01
    outer loop
      vertex   5.609200e+02 8.144824e+00 -3.151745e+01
      vertex   5.654000e+02 8.059223e+00 -3.129174e+01
      vertex   5.654000e+02 8.144824e+00 -3.151745e+01
    endloop
  endfacet
  facet normal -0.000000e+00 8.660254e-01 5.000000e-01
    outer loop
      vertex   5.609200e+02 8.144824e+00 -3.151745e+01
      vertex   5.654000e+02 8.144824e+00 -3.151745e+01
      vertex   5.609200e+02 8.265524e+00 -3.172651e+01
    endloop
  endfacet
  facet normal -0.000000e+00 8.660254e-01 5.000000e-01
    outer loop
      vertex   5.609200e+02 8.265524e+00 -3.172651e+01
      vertex   5.654000e+02 8.144824e+00 -3.151745e+01
      vertex   5.654000e+02 8.265524e+00 -3.172651e+01
    endloop
  endfacet
  facet normal -0.000000e+00 7.746050e-01 6.324454e-01
    outer loop
      vertex   5.609200e+02 8.265524e+00 -3.172651e+01
      vertex   5.654000e+02 8.265524e+00 -3.172651e+01
      vertex   5.609200e+02 8.418196e+00 -3.191350e+01
    endloop
  endfacet
  facet normal -0.000000e+00 7.746050e-01 6.324454e-01
    outer loop
      vertex   5.609200e+02 8.418196e+00 -3.191350e+01
      vertex   5.654000e+02 8.265524e+00 -3.172651e+01
      vertex   5.654000e+02 8.418196e+00 -3.191350e+01
    endloop
  endfacet
  facet normal -0.000000e+00 6.631227e-01 7.485107e-01
    outer loop
      vertex   5.609200e+02 8.418196e+00 -3.191350e+01
      vertex   5.654000e+02 8.418196e+00 -3.191350e+01
      vertex   5.609200e+02 8.598887e+00 -3.207358e+01
    endloop
  endfacet
  facet normal -0.000000e+00 6.631227e-01 7.485107e-01
    outer loop
      vertex   5.609200e+02 8.598887e+00 -3.207358e+01
      vertex   5.654000e+02 8.418196e+00 -3.191350e+01
      vertex   5.654000e+02 8.598887e+00 -3.207358e+01
    endloop
  endfacet
  facet normal -0.000000e+00 5.344658e-01 8.451901e-01
    outer loop
      vertex   5.609200e+02 8.598887e+00 -3.207358e+01
      vertex   5.654000e+02 8.598887e+00 -3.207358e+01
      vertex   5.609200e+02 8.802915e+00 -3.220260e+01
    endloop
  endfacet
  facet normal -0.000000e+00 5.344658e-01 8.451901e-01
    outer loop
      vertex   5.609200e+02 8.802915e+00 -3.220260e+01
      vertex   5.654000e+02 8.598887e+00 -3.207358e+01
      vertex   5.654000e+02 8.802915e+00 -3.220260e+01
    endloop
  endfacet
  facet normal -0.000000e+00 3.919666e-01 9.199794e-01
    outer loop
      vertex   5.609200e+02 8.802915e+00 -3.220260e+01
      vertex   5.654000e+02 8.802915e+00 -3.220260e+01
      vertex   5.609200e+02 9.024998e+00 -3.229722e+01
    endloop
  endfacet
  facet normal -0.000000e+00 3.919666e-01 9.199794e-01
    outer loop
      vertex   5.609200e+02 9.024998e+00 -3.229722e+01
      vertex   5.654000e+02 8.802915e+00 -3.220260e+01
      vertex   5.654000e+02 9.024998e+00 -3.229722e+01
    endloop
  endfacet
  facet normal -0.000000e+00 2.393157e-01 9.709418e-01
    outer loop
      vertex   5.609200e+02 9.024998e+00 -3.229722e+01
      vertex   5.654000e+02 9.024998e+00 -3.229722e+01
      vertex   5.609200e+02 9.259383e+00 -3.235499e+01
    endloop
  endfacet
  facet normal -0.000000e+00 2.393157e-01 9.709418e-01
    outer loop
      vertex   5.609200e+02 9.259383e+00 -3.235499e+01
      vertex   5.654000e+02 9.024998e+00 -3.229722e+01
      vertex   5.654000e+02 9.259383e+00 -3.235499e+01
    endloop
  endfacet
  facet normal -0.000000e+00 8.046657e-02 9.967573e-01
    outer loop
      vertex   5.609200e+02 9.259383e+00 -3.235499e+01
      vertex   5.654000e+02 9.259383e+00 -3.235499e+01
      vertex   5.654000e+02 9.500000e+00 -3.237441e+01
    endloop
  endfacet
  facet normal 0.000000e+00 2.393157e-01 9.709418e-01
    outer loop
      vertex   5.474800e+02 9.259383e+00 -3.235499e+01
      vertex   5.430000e+02 9.259383e+00 -3.235499e+01
      vertex   5.474800e+02 9.024998e+00 -3.229722e+01
    endloop
  endfacet
  facet normal 0.000000e+00 2.393157e-01 9.709418e-01
    outer loop
      vertex   5.474800e+02 9.024998e+00 -3.229722e+01
      vertex   5.430000e+02 9.259383e+00 -3.235499e+01
      vertex   5.430000e+02 9.024998e+00 -3.229722e+01
    endloop
  endfacet
  facet normal 0.000000e+00 3.919666e-01 9.199794e-01
    outer loop
      vertex   5.474800e+02 9.024998e+00 -3.229722e+01
      vertex   5.430000e+02 9.024998e+00 -3.229722e+01
      vertex   5.474800e+02 8.802915e+00 -3.220260e+01
    endloop
  endfacet
  facet normal 0.000000e+00 3.919666e-01 9.199794e-01
    outer loop
      vertex   5.474800e+02 8.802915e+00 -3.220260e+01
      vertex   5.430000e+02 9.024998e+00 -3.229722e+01
      vertex   5.430000e+02 8.802915e+00 -3.220260e+01
    endloop
  endfacet
  facet normal 0.000000e+00 5.344658e-01 8.451901e-01
    outer loop
      vertex   5.474800e+02 8.802915e+00 -3.220260e+01
      vertex   5.430000e+02 8.802915e+00 -3.220260e+01
      vertex   5.474800e+02 8.598887e+00 -3.207358e+01
    endloop
  endfacet
  facet normal 0.000000e+00 5.344658e-01 8.451901e-01
    outer loop
      vertex   5.474800e+02 8.598887e+00 -3.207358e+01
      vertex   5.430000e+02 8.802915e+00 -3.220260e+01
      vertex   5.430000e+02 8.598887e+00 -3.207358e+01
    endloop
  endfacet
  facet normal 0.000000e+00 6.631227e-01 7.485107e-01
    outer loop
      vertex   5.474800e+02 8.598887e+00 -3.207358e+01
      vertex   5.430000e+02 8.598887e+00 -3.207358e+01
      vertex   5.474800e+02 8.418196e+00 -3.191350e+01
    endloop
  endfacet
  facet normal 0.000000e+00 6.631227e-01 7.485107e-01
    outer loop
      vertex   5.474800e+02 8.418196e+00 -3.191350e+01
      vertex   5.430000e+02 8.598887e+00 -3.207358e+01
      vertex   5.430000e+02 8.418196e+00 -3.191350e+01
    endloop
  endfacet
  facet normal 0.000000e+00 7.746050e-01 6.324454e-01
    outer loop
      vertex   5.474800e+02 8.418196e+00 -3.191350e+01
      vertex   5.430000e+02 8.418196e+00 -3.191350e+01
      vertex   5.474800e+02 8.265524e+00 -3.172651e+01
    endloop
  endfacet
  facet normal 0.000000e+00 7.746050e-01 6.324454e-01
    outer loop
      vertex   5.474800e+02 8.265524e+00 -3.172651e+01
      vertex   5.430000e+02 8.418196e+00 -3.191350e+01
      vertex   5.430000e+02 8.265524e+00 -3.172651e+01
    endloop
  endfacet
  facet normal 0.000000e+00 8.660254e-01 5.000000e-01
    outer loop
      vertex   5.474800e+02 8.265524e+00 -3.172651e+01
      vertex   5.430000e+02 8.265524e+00 -3.172651e+01
      vertex   5.474800e+02 8.144824e+00 -3.151745e+01
    endloop
  endfacet
  facet normal 0.000000e+00 8.660254e-01 5.000000e-01
    outer loop
      vertex   5.474800e+02 8.144824e+00 -3.151745e+01
      vertex   5.430000e+02 8.265524e+00 -3.172651e+01
      vertex   5.430000e+02 8.144824e+00 -3.151745e+01
    endloop
  endfacet
  facet normal 0.000000e+00 9.350162e-01 3.546049e-01
    outer loop
      vertex   5.474800e+02 8.144824e+00 -3.151745e+01
      vertex   5.430000e+02 8.144824e+00 -3.151745e+01
      vertex   5.474800e+02 8.059223e+00 -3.129174e+01
    endloop
  endfacet
  facet normal -3.707416e-16 9.350162e-01 3.546049e-01
    outer loop
      vertex   5.474800e+02 8.059223e+00 -3.129174e+01
      vertex   5.430000e+02 8.144824e+00 -3.151745e+01
      vertex   5.430000e+02 8.059223e+00 -3.129174e+01
    endloop
  endfacet
  facet normal -3.884950e-16 9.797907e-01 2.000257e-01
    outer loop
      vertex   5.474800e+02 8.059223e+00 -3.129174e+01
      vertex   5.430000e+02 8.059223e+00 -3.129174e+01
      vertex   5.474800e+02 8.010937e+00 -3.105522e+01
    endloop
  endfacet
  facet normal 0.000000e+00 9.797907e-01 2.000257e-01
    outer loop
      vertex   5.474800e+02 8.010937e+00 -3.105522e+01
      vertex   5.430000e+02 8.059223e+00 -3.129174e+01
      vertex   5.430000e+02 8.010937e+00 -3.105522e+01
    endloop
  endfacet
  facet normal 0.000000e+00 9.991890e-01 4.026594e-02
    outer loop
      vertex   5.474800e+02 8.010937e+00 -3.105522e+01
      vertex   5.430000e+02 8.010937e+00 -3.105522e+01
      vertex   5.474800e+02 8.001217e+00 -3.081401e+01
    endloop
  endfacet
  facet normal 0.000000e+00 9.991890e-01 4.026594e-02
    outer loop
      vertex   5.474800e+02 8.001217e+00 -3.081401e+01
      vertex   5.430000e+02 8.010937e+00 -3.105522e+01
      vertex   5.430000e+02 8.001217e+00 -3.081401e+01
    endloop
  endfacet
  facet normal 0.000000e+00 9.927089e-01 -1.205367e-01
    outer loop
      vertex   5.474800e+02 8.001217e+00 -3.081401e+01
      vertex   5.430000e+02 8.001217e+00 -3.081401e+01
      vertex   5.474800e+02 8.030314e+00 -3.057437e+01
    endloop
  endfacet
  facet normal 0.000000e+00 9.927089e-01 -1.205367e-01
    outer loop
      vertex   5.474800e+02 8.030314e+00 -3.057437e+01
      vertex   5.430000e+02 8.001217e+00 -3.081401e+01
      vertex   5.430000e+02 8.030314e+00 -3.057437e+01
    endloop
  endfacet
  facet normal 0.000000e+00 9.605181e-01 -2.782175e-01
    outer loop
      vertex   5.474800e+02 8.030314e+00 -3.057437e+01
      vertex   5.430000e+02 8.030314e+00 -3.057437e+01
      vertex   5.474800e+02 8.097476e+00 -3.034251e+01
    endloop
  endfacet
  facet normal 0.000000e+00 9.605181e-01 -2.782175e-01
    outer loop
      vertex   5.474800e+02 8.097476e+00 -3.034251e+01
      vertex   5.430000e+02 8.030314e+00 -3.057437e+01
      vertex   5.430000e+02 8.097476e+00 -3.034251e+01
    endloop
  endfacet
  facet normal 0.000000e+00 9.034504e-01 -4.286926e-01
    outer loop
      vertex   5.474800e+02 8.097476e+00 -3.034251e+01
      vertex   5.430000e+02 8.097476e+00 -3.034251e+01
      vertex   5.474800e+02 8.200962e+00 -3.012441e+01
    endloop
  endfacet
  facet normal 0.000000e+00 9.034504e-01 -4.286926e-01
    outer loop
      vertex   5.474800e+02 8.200962e+00 -3.012441e+01
      vertex   5.430000e+02 8.097476e+00 -3.034251e+01
      vertex   5.430000e+02 8.200962e+00 -3.012441e+01
    endloop
  endfacet
  facet normal 0.000000e+00 8.229839e-01 -5.680647e-01
    outer loop
      vertex   5.474800e+02 8.200962e+00 -3.012441e+01
      vertex   5.430000e+02 8.200962e+00 -3.012441e+01
      vertex   5.474800e+02 8.338093e+00 -2.992575e+01
    endloop
  endfacet
  facet normal 0.000000e+00 8.229839e-01 -5.680647e-01
    outer loop
      vertex   5.474800e+02 8.338093e+00 -2.992575e+01
      vertex   5.430000e+02 8.200962e+00 -3.012441e+01
      vertex   5.430000e+02 8.338093e+00 -2.992575e+01
    endloop
  endfacet
  facet normal 0.000000e+00 7.212024e-01 -6.927244e-01
    outer loop
      vertex   5.474800e+02 8.338093e+00 -2.992575e+01
      vertex   5.430000e+02 8.338093e+00 -2.992575e+01
      vertex   5.474800e+02 8.505316e+00 -2.975165e+01
    endloop
  endfacet
  facet normal 2.859627e-16 7.212024e-01 -6.927244e-01
    outer loop
      vertex   5.474800e+02 8.505316e+00 -2.975165e+01
      vertex   5.430000e+02 8.338093e+00 -2.992575e+01
      vertex   5.430000e+02 8.505316e+00 -2.975165e+01
    endloop
  endfacet
  facet normal 2.381992e-16 6.007423e-01 -7.994428e-01
    outer loop
      vertex   5.474800e+02 8.505316e+00 -2.975165e+01
      vertex   5.430000e+02 8.505316e+00 -2.975165e+01
      vertex   5.474800e+02 8.698301e+00 -2.960663e+01
    endloop
  endfacet
  facet normal 0.000000e+00 6.007423e-01 -7.994428e-01
    outer loop
      vertex   5.474800e+02 8.698301e+00 -2.960663e+01
      vertex   5.430000e+02 8.505316e+00 -2.975165e+01
      vertex   5.430000e+02 8.698301e+00 -2.960663e+01
    endloop
  endfacet
  facet normal 0.000000e+00 4.647232e-01 -8.854560e-01
    outer loop
      vertex   5.474800e+02 8.698301e+00 -2.960663e+01
      vertex   5.430000e+02 8.698301e+00 -2.960663e+01
      vertex   5.474800e+02 8.912050e+00 -2.949444e+01
    endloop
  endfacet
  facet normal 0.000000e+00 4.647232e-01 -8.854560e-01
    outer loop
      vertex   5.474800e+02 8.912050e+00 -2.949444e+01
      vertex   5.430000e+02 8.698301e+00 -2.960663e+01
      vertex   5.430000e+02 8.912050e+00 -2.949444e+01
    endloop
  endfacet
  facet normal 0.000000e+00 3.166680e-01 -9.485364e-01
    outer loop
      vertex   5.474800e+02 8.912050e+00 -2.949444e+01
      vertex   5.430000e+02 8.912050e+00 -2.949444e+01
      vertex   5.474800e+02 9.141027e+00 -2.941800e+01
    endloop
  endfacet
  facet normal 0.000000e+00 3.166680e-01 -9.485364e-01
    outer loop
      vertex   5.474800e+02 9.141027e+00 -2.941800e+01
      vertex   5.430000e+02 8.912050e+00 -2.949444e+01
      vertex   5.430000e+02 9.141027e+00 -2.941800e+01
    endloop
  endfacet
  facet normal 0.000000e+00 1.604113e-01 -9.870503e-01
    outer loop
      vertex   5.474800e+02 9.141027e+00 -2.941800e+01
      vertex   5.430000e+02 9.141027e+00 -2.941800e+01
      vertex   5.474800e+02 9.379300e+00 -2.937928e+01
    endloop
  endfacet
  facet normal 0.000000e+00 1.604113e-01 -9.870503e-01
    outer loop
      vertex   5.474800e+02 9.379300e+00 -2.937928e+01
      vertex   5.430000e+02 9.141027e+00 -2.941800e+01
      vertex   5.430000e+02 9.379300e+00 -2.937928e+01
    endloop
  endfacet
  facet normal 0.000000e+00 0.000000e+00 -1.000000e+00
    outer loop
      vertex   5.474800e+02 9.379300e+00 -2.937928e+01
      vertex   5.430000e+02 9.379300e+00 -2.937928e+01
      vertex   5.474800e+02 9.620700e+00 -2.937928e+01
    endloop
  endfacet
  facet normal -0.000000e+00 0.000000e+00 -1.000000e+00
    outer loop
      vertex   5.474800e+02 9.620700e+00 -2.937928e+01
      vertex   5.430000e+02 9.379300e+00 -2.937928e+01
      vertex   5.430000e+02 9.620700e+00 -2.937928e+01
    endloop
  endfacet
  facet normal -0.000000e+00 -1.604113e-01 -9.870503e-01
    outer loop
      vertex   5.474800e+02 9.620700e+00 -2.937928e+01
      vertex   5.430000e+02 9.620700e+00 -2.937928e+01
      vertex   5.474800e+02 9.858973e+00 -2.941800e+01
    endloop
  endfacet
  facet normal -0.000000e+00 -1.604113e-01 -9.870503e-01
    outer loop
      vertex   5.474800e+02 9.858973e+00 -2.941800e+01
      vertex   5.430000e+02 9.620700e+00 -2.937928e+01
      vertex   5.430000e+02 9.858973e+00 -2.941800e+01
    endloop
  endfacet
  facet normal -0.000000e+00 -3.166680e-01 -9.485364e-01
    outer loop
      vertex   5.474800e+02 9.858973e+00 -2.941800e+01
      vertex   5.430000e+02 9.858973e+00 -2.941800e+01
      vertex   5.474800e+02 1.008795e+01 -2.949444e+01
    endloop
  endfacet
  facet normal -0.000000e+00 -3.166680e-01 -9.485364e-01
    outer loop
      vertex   5.474800e+02 1.008795e+01 -2.949444e+01
      vertex   5.430000e+02 9.858973e+00 -2.941800e+01
      vertex   5.430000e+02 1.008795e+01 -2.949444e+01
    endloop
  endfacet
  facet normal -0.000000e+00 -4.647232e-01 -8.854560e-01
    outer loop
      vertex   5.474800e+02 1.008795e+01 -2.949444e+01
      vertex   5.430000e+02 1.008795e+01 -2.949444e+01
      vertex   5.474800e+02 1.030170e+01 -2.960663e+01
    endloop
  endfacet
  facet normal -0.000000e+00 -4.647232e-01 -8.854560e-01
    outer loop
      vertex   5.474800e+02 1.030170e+01 -2.960663e+01
      vertex   5.430000e+02 1.008795e+01 -2.949444e+01
      vertex   5.430000e+02 1.030170e+01 -2.960663e+01
    endloop
  endfacet
  facet normal -0.000000e+00 -6.007423e-01 -7.994428e-01
    outer loop
      vertex   5.474800e+02 1.030170e+01 -2.960663e+01
      vertex   5.430000e+02 1.030170e+01 -2.960663e+01
      vertex   5.474800e+02 1.049468e+01 -2.975165e+01
    endloop
  endfacet
  facet normal -0.000000e+00 -6.007423e-01 -7.994428e-01
    outer loop
      vertex   5.474800e+02 1.049468e+01 -2.975165e+01
      vertex   5.430000e+02 1.030170e+01 -2.960663e+01
      vertex   5.430000e+02 1.049468e+01 -2.975165e+01
    endloop
  endfacet
  facet normal -0.000000e+00 -7.212024e-01 -6.927244e-01
    outer loop
      vertex   5.474800e+02 1.049468e+01 -2.975165e+01
      vertex   5.430000e+02 1.049468e+01 -2.975165e+01
      vertex   5.474800e+02 1.066191e+01 -2.992575e+01
    endloop
  endfacet
  facet normal -2.859627e-16 -7.212024e-01 -6.927244e-01
    outer loop
      vertex   5.474800e+02 1.066191e+01 -2.992575e+01
      vertex   5.430000e+02 1.049468e+01 -2.975165e+01
      vertex   5.430000e+02 1.066191e+01 -2.992575e+01
    endloop
  endfacet
  facet normal -3.263199e-16 -8.229839e-01 -5.680647e-01
    outer loop
      vertex   5.474800e+02 1.066191e+01 -2.992575e+01
      vertex   5.430000e+02 1.066191e+01 -2.992575e+01
      vertex   5.474800e+02 1.079904e+01 -3.012441e+01
    endloop
  endfacet
  facet normal -0.000000e+00 -8.229839e-01 -5.680647e-01
    outer loop
      vertex   5.474800e+02 1.079904e+01 -3.012441e+01
      vertex   5.430000e+02 1.066191e+01 -2.992575e+01
      vertex   5.430000e+02 1.079904e+01 -3.012441e+01
    endloop
  endfacet
  facet normal -0.000000e+00 -9.034504e-01 -4.286926e-01
    outer loop
      vertex   5.474800e+02 1.079904e+01 -3.012441e+01
      vertex   5.430000e+02 1.079904e+01 -3.012441e+01
      vertex   5.474800e+02 1.090252e+01 -3.034251e+01
    endloop
  endfacet
  facet normal -0.000000e+00 -9.034504e-01 -4.286926e-01
    outer loop
      vertex   5.474800e+02 1.090252e+01 -3.034251e+01
      vertex   5.430000e+02 1.079904e+01 -3.012441e+01
      vertex   5.430000e+02 1.090252e+01 -3.034251e+01
    endloop
  endfacet
  facet normal -0.000000e+00 -9.605181e-01 -2.782175e-01
    outer loop
      vertex   5.474800e+02 1.090252e+01 -3.034251e+01
      vertex   5.430000e+02 1.090252e+01 -3.034251e+01
      vertex   5.474800e+02 1.096969e+01 -3.057437e+01
    endloop
  endfacet
  facet normal -0.000000e+00 -9.605181e-01 -2.782175e-01
    outer loop
      vertex   5.474800e+02 1.096969e+01 -3.057437e+01
      vertex   5.430000e+02 1.090252e+01 -3.034251e+01
      vertex   5.430000e+02 1.096969e+01 -3.057437e+01
    endloop
  endfacet
  facet normal -0.000000e+00 -9.927089e-01 -1.205367e-01
    outer loop
      vertex   5.474800e+02 1.096969e+01 -3.057437e+01
      vertex   5.430000e+02 1.096969e+01 -3.057437e+01
      vertex   5.474800e+02 1.099878e+01 -3.081401e+01
    endloop
  endfacet
  facet normal -0.000000e+00 -9.927089e-01 -1.205367e-01
    outer loop
      vertex   5.474800e+02 1.099878e+01 -3.081401e+01
      vertex   5.430000e+02 1.096969e+01 -3.057437e+01
      vertex   5.430000e+02 1.099878e+01 -3.081401e+01
    endloop
  endfacet
  facet normal 0.000000e+00 -9.991890e-01 4.026594e-02
    outer loop
      vertex   5.474800e+02 1.099878e+01 -3.081401e+01
      vertex   5.430000e+02 1.099878e+01 -3.081401e+01
      vertex   5.474800e+02 1.098906e+01 -3.105522e+01
    endloop
  endfacet
  facet normal 0.000000e+00 -9.991890e-01 4.026594e-02
    outer loop
      vertex   5.474800e+02 1.098906e+01 -3.105522e+01
      vertex   5.430000e+02 1.099878e+01 -3.081401e+01
      vertex   5.430000e+02 1.098906e+01 -3.105522e+01
    endloop
  endfacet
  facet normal 0.000000e+00 -9.797907e-01 2.000257e-01
    outer loop
      vertex   5.474800e+02 1.098906e+01 -3.105522e+01
      vertex   5.430000e+02 1.098906e+01 -3.105522e+01
      vertex   5.474800e+02 1.094078e+01 -3.129174e+01
    endloop
  endfacet
  facet normal -3.884950e-16 -9.797907e-01 2.000257e-01
    outer loop
      vertex   5.474800e+02 1.094078e+01 -3.129174e+01
      vertex   5.430000e+02 1.098906e+01 -3.105522e+01
      vertex   5.430000e+02 1.094078e+01 -3.129174e+01
    endloop
  endfacet
  facet normal -3.707416e-16 -9.350162e-01 3.546049e-01
    outer loop
      vertex   5.474800e+02 1.094078e+01 -3.129174e+01
      vertex   5.430000e+02 1.094078e+01 -3.129174e+01
      vertex   5.474800e+02 1.085518e+01 -3.151745e+01
    endloop
  endfacet
  facet normal 0.000000e+00 -9.350162e-01 3.546049e-01
    outer loop
      vertex   5.474800e+02 1.085518e+01 -3.151745e+01
      vertex   5.430000e+02 1.094078e+01 -3.129174e+01
      vertex   5.430000e+02 1.085518e+01 -3.151745e+01
    endloop
  endfacet
  facet normal 0.000000e+00 -8.660254e-01 5.000000e-01
    outer loop
      vertex   5.474800e+02 1.085518e+01 -3.151745e+01
      vertex   5.430000e+02 1.085518e+01 -3.151745e+01
      vertex   5.474800e+02 1.073448e+01 -3.172651e+01
    endloop
  endfacet
  facet normal -3.433862e-16 -8.660254e-01 5.000000e-01
    outer loop
      vertex   5.474800e+02 1.073448e+01 -3.172651e+01
      vertex   5.430000e+02 1.085518e+01 -3.151745e+01
      vertex   5.430000e+02 1.073448e+01 -3.172651e+01
    endloop
  endfacet
  facet normal -3.071372e-16 -7.746050e-01 6.324454e-01
    outer loop
      vertex   5.474800e+02 1.073448e+01 -3.172651e+01
      vertex   5.430000e+02 1.073448e+01 -3.172651e+01
      vertex   5.474800e+02 1.058180e+01 -3.191350e+01
    endloop
  endfacet
  facet normal 0.000000e+00 -7.746050e-01 6.324454e-01
    outer loop
      vertex   5.474800e+02 1.058180e+01 -3.191350e+01
      vertex   5.430000e+02 1.073448e+01 -3.172651e+01
      vertex   5.430000e+02 1.058180e+01 -3.191350e+01
    endloop
  endfacet
  facet normal 0.000000e+00 -6.631227e-01 7.485107e-01
    outer loop
      vertex   5.474800e+02 1.058180e+01 -3.191350e+01
      vertex   5.430000e+02 1.058180e+01 -3.191350e+01
      vertex   5.474800e+02 1.040111e+01 -3.207358e+01
    endloop
  endfacet
  facet normal 0.000000e+00 -6.631227e-01 7.485107e-01
    outer loop
      vertex   5.474800e+02 1.040111e+01 -3.207358e+01
      vertex   5.430000e+02 1.058180e+01 -3.191350e+01
      vertex   5.430000e+02 1.040111e+01 -3.207358e+01
    endloop
  endfacet
  facet normal 0.000000e+00 -5.344658e-01 8.451901e-01
    outer loop
      vertex   5.474800e+02 1.040111e+01 -3.207358e+01
      vertex   5.430000e+02 1.040111e+01 -3.207358e+01
      vertex   5.474800e+02 1.019708e+01 -3.220260e+01
    endloop
  endfacet
  facet normal 2.119201e-16 -5.344658e-01 8.451901e-01
    outer loop
      vertex   5.474800e+02 1.019708e+01 -3.220260e+01
      vertex   5.430000e+02 1.040111e+01 -3.207358e+01
      vertex   5.430000e+02 1.019708e+01 -3.220260e+01
    endloop
  endfacet
  facet normal 1.554180e-16 -3.919666e-01 9.199794e-01
    outer loop
      vertex   5.474800e+02 1.019708e+01 -3.220260e+01
      vertex   5.430000e+02 1.019708e+01 -3.220260e+01
      vertex   5.474800e+02 9.975002e+00 -3.229722e+01
    endloop
  endfacet
  facet normal 1.554180e-16 -3.919666e-01 9.199794e-01
    outer loop
      vertex   5.474800e+02 9.975002e+00 -3.229722e+01
      vertex   5.430000e+02 1.019708e+01 -3.220260e+01
      vertex   5.430000e+02 9.975002e+00 -3.229722e+01
    endloop
  endfacet
  facet normal 9.489063e-17 -2.393157e-01 9.709418e-01
    outer loop
      vertex   5.474800e+02 9.975002e+00 -3.229722e+01
      vertex   5.430000e+02 9.975002e+00 -3.229722e+01
      vertex   5.474800e+02 9.740617e+00 -3.235499e+01
    endloop
  endfacet
  facet normal 0.000000e+00 -2.393157e-01 9.709418e-01
    outer loop
      vertex   5.474800e+02 9.740617e+00 -3.235499e+01
      vertex   5.430000e+02 9.975002e+00 -3.229722e+01
      vertex   5.430000e+02 9.740617e+00 -3.235499e+01
    endloop
  endfacet
  facet normal 0.000000e+00 -8.046657e-02 9.967573e-01
    outer loop
      vertex   5.474800e+02 9.740617e+00 -3.235499e+01
      vertex   5.430000e+02 9.740617e+00 -3.235499e+01
      vertex   5.474800e+02 9.500000e+00 -3.237441e+01
    endloop
  endfacet
  facet normal 0.000000e+00 -8.046657e-02 9.967573e-01
    outer loop
      vertex   5.474800e+02 9.500000e+00 -3.237441e+01
      vertex   5.430000e+02 9.740617e+00 -3.235499e+01
      vertex   5.430000e+02 9.500000e+00 -3.237441e+01
    endloop
  endfacet
  facet normal 0.000000e+00 -8.046657e-02 9.967573e-01
    outer loop
      vertex   5.564400e+02 9.500000e+00 -3.237441e+01
      vertex   5.609200e+02 9.500000e+00 -3.237441e+01
      vertex   5.564400e+02 9.740617e+00 -3.235499e+01
    endloop
  endfacet
  facet normal 0.000000e+00 -8.046657e-02 9.967573e-01
    outer loop
      vertex   5.564400e+02 9.740617e+00 -3.235499e+01
      vertex   5.609200e+02 9.500000e+00 -3.237441e+01
      vertex   5.609200e+02 9.740617e+00 -3.235499e+01
    endloop
  endfacet
  facet normal 0.000000e+00 -2.393157e-01 9.709418e-01
    outer loop
      vertex   5.564400e+02 9.740617e+00 -3.235499e+01
      vertex   5.609200e+02 9.740617e+00 -3.235499e+01
      vertex   5.564400e+02 9.975002e+00 -3.229722e+01
    endloop
  endfacet
  facet normal 0.000000e+00 -2.393157e-01 9.709418e-01
    outer loop
      vertex   5.564400e+02 9.975002e+00 -3.229722e+01
      vertex   5.609200e+02 9.740617e+00 -3.235499e+01
      vertex   5.609200e+02 9.975002e+00 -3.229722e+01
    endloop
  endfacet
  facet normal 0.000000e+00 -3.919666e-01 9.199794e-01
    outer loop
      vertex   5.564400e+02 9.975002e+00 -3.229722e+01
      vertex   5.609200e+02 9.975002e+00 -3.229722e+01
      vertex   5.564400e+02 1.019708e+01 -3.220260e+01
    endloop
  endfacet
  facet normal 0.000000e+00 -3.919666e-01 9.199794e-01
    outer loop
      vertex   5.564400e+02 1.019708e+01 -3.220260e+01
      vertex   5.609200e+02 9.975002e+00 -3.229722e+01
      vertex   5.609200e+02 1.019708e+01 -3.220260e+01
    endloop
  endfacet
  facet normal 0.000000e+00 -5.344658e-01 8.451901e-01
    outer loop
      vertex   5.564400e+02 1.019708e+01 -3.220260e+01
      vertex   5.609200e+02 1.019708e+01 -3.220260e+01
      vertex   5.564400e+02 1.040111e+01 -3.207358e+01
    endloop
  endfacet
  facet normal 0.000000e+00 -5.344658e-01 8.451901e-01
    outer loop
      vertex   5.564400e+02 1.040111e+01 -3.207358e+01
      vertex   5.609200e+02 1.019708e+01 -3.220260e+01
      vertex   5.609200e+02 1.040111e+01 -3.207358e+01
    endloop
  endfacet
  facet normal 0.000000e+00 -6.631227e-01 7.485107e-01
    outer loop
      vertex   5.564400e+02 1.040111e+01 -3.207358e+01
      vertex   5.609200e+02 1.040111e+01 -3.207358e+01
      vertex   5.564400e+02 1.058180e+01 -3.191350e+01
    endloop
  endfacet
  facet normal 0.000000e+00 -6.631227e-01 7.485107e-01
    outer loop
      vertex   5.564400e+02 1.058180e+01 -3.191350e+01
      vertex   5.609200e+02 1.040111e+01 -3.207358e+01
      vertex   5.609200e+02 1.058180e+01 -3.191350e+01
    endloop
  endfacet
  facet normal 0.000000e+00 -7.746050e-01 6.324454e-01
    outer loop
      vertex   5.564400e+02 1.058180e+01 -3.191350e+01
      vertex   5.609200e+02 1.058180e+01 -3.191350e+01
      vertex   5.564400e+02 1.073448e+01 -3.172651e+01
    endloop
  endfacet
  facet normal 0.000000e+00 -7.746050e-01 6.324454e-01
    outer loop
      vertex   5.564400e+02 1.073448e+01 -3.172651e+01
      vertex   5.609200e+02 1.058180e+01 -3.191350e+01
      vertex   5.609200e+02 1.073448e+01 -3.172651e+01
    endloop
  endfacet
  facet normal 0.000000e+00 -8.660254e-01 5.000000e-01
    outer loop
      vertex   5.564400e+02 1.073448e+01 -3.172651e+01
      vertex   5.609200e+02 1.073448e+01 -3.172651e+01
      vertex   5.564400e+02 1.085518e+01 -3.151745e+01
    endloop
  endfacet
  facet normal 0.000000e+00 -8.660254e-01 5.000000e-01
    outer loop
      vertex   5.564400e+02 1.085518e+01 -3.151745e+01
      vertex   5.609200e+02 1.073448e+01 -3.172651e+01
      vertex   5.609200e+02 1.085518e+01 -3.151745e+01
    endloop
  endfacet
  facet normal 0.000000e+00 -9.350162e-01 3.546049e-01
    outer loop
      vertex   5.564400e+02 1.085518e+01 -3.151745e+01
      vertex   5.609200e+02 1.085518e+01 -3.151745e+01
      vertex   5.564400e+02 1.094078e+01 -3.129174e+01
    endloop
  endfacet
  facet normal 0.000000e+00 -9.350162e-01 3.546049e-01
    outer loop
      vertex   5.564400e+02 1.094078e+01 -3.129174e+01
      vertex   5.609200e+02 1.085518e+01 -3.151745e+01
      vertex   5.609200e+02 1.094078e+01 -3.129174e+01
    endloop
  endfacet
  facet normal 0.000000e+00 -9.797907e-01 2.000257e-01
    outer loop
      vertex   5.564400e+02 1.094078e+01 -3.129174e+01
      vertex   5.609200e+02 1.094078e+01 -3.129174e+01
      vertex   5.564400e+02 1.098906e+01 -3.105522e+01
    endloop
  endfacet
  facet normal 0.000000e+00 -9.797907e-01 2.000257e-01
    outer loop
      vertex   5.564400e+02 1.098906e+01 -3.105522e+01
      vertex   5.609200e+02 1.094078e+01 -3.129174e+01
      vertex   5.609200e+02 1.098906e+01 -3.105522e+01
    endloop
  endfacet
  facet normal 0.000000e+00 -9.991890e-01 4.026594e-02
    outer loop
      vertex   5.564400e+02 1.098906e+01 -3.105522e+01
      vertex   5.609200e+02 1.098906e+01 -3.105522e+01
      vertex   5.564400e+02 1.099878e+01 -3.081401e+01
    endloop
  endfacet
  facet normal 0.000000e+00 -9.991890e-01 4.026594e-02
    outer loop
      vertex   5.564400e+02 1.099878e+01 -3.081401e+01
      vertex   5.609200e+02 1.098906e+01 -3.105522e+01
      vertex   5.609200e+02 1.099878e+01 -3.081401e+01
    endloop
  endfacet
  facet normal 0.000000e+00 -9.927089e-01 -1.205367e-01
    outer loop
      vertex   5.564400e+02 1.099878e+01 -3.081401e+01
      vertex   5.609200e+02 1.099878e+01 -3.081401e+01
      vertex   5.564400e+02 1.096969e+01 -3.057437e+01
    endloop
  endfacet
  facet normal 0.000000e+00 -9.927089e-01 -1.205367e-01
    outer loop
      vertex   5.564400e+02 1.096969e+01 -3.057437e+01
      vertex   5.609200e+02 1.099878e+01 -3.081401e+01
      vertex   5.609200e+02 1.096969e+01 -3.057437e+01
    endloop
  endfacet
  facet normal 0.000000e+00 -9.605181e-01 -2.782175e-01
    outer loop
      vertex   5.564400e+02 1.096969e+01 -3.057437e+01
      vertex   5.609200e+02 1.096969e+01 -3.057437e+01
      vertex   5.564400e+02 1.090252e+01 -3.034251e+01
    endloop
  endfacet
  facet normal 0.000000e+00 -9.605181e-01 -2.782175e-01
    outer loop
      vertex   5.564400e+02 1.090252e+01 -3.034251e+01
      vertex   5.609200e+02 1.096969e+01 -3.057437e+01
      vertex   5.609200e+02 1.090252e+01 -3.034251e+01
    endloop
  endfacet
  facet normal 0.000000e+00 -9.034504e-01 -4.286926e-01
    outer loop
      vertex   5.564400e+02 1.090252e+01 -3.034251e+01
      vertex   5.609200e+02 1.090252e+01 -3.034251e+01
      vertex   5.564400e+02 1.079904e+01 -3.012441e+01
    endloop
  endfacet
  facet normal 0.000000e+00 -9.034504e-01 -4.286926e-01
    outer loop
      vertex   5.564400e+02 1.079904e+01 -3.012441e+01
      vertex   5.609200e+02 1.090252e+01 -3.034251e+01
      vertex   5.609200e+02 1.079904e+01 -3.012441e+01
    endloop
  endfacet
  facet normal 0.000000e+00 -8.229839e-01 -5.680647e-01
    outer loop
      vertex   5.564400e+02 1.079904e+01 -3.012441e+01
      vertex   5.609200e+02 1.079904e+01 -3.012441e+01
      vertex   5.564400e+02 1.066191e+01 -2.992575e+01
    endloop
  endfacet
  facet normal 0.000000e+00 -8.229839e-01 -5.680647e-01
    outer loop
      vertex   5.564400e+02 1.066191e+01 -2.992575e+01
      vertex   5.609200e+02 1.079904e+01 -3.012441e+01
      vertex   5.609200e+02 1.066191e+01 -2.992575e+01
    endloop
  endfacet
  facet normal 0.000000e+00 -7.212024e-01 -6.927244e-01
    outer loop
      vertex   5.564400e+02 1.066191e+01 -2.992575e+01
      vertex   5.609200e+02 1.066191e+01 -2.992575e+01
      vertex   5.564400e+02 1.049468e+01 -2.975165e+01
    endloop
  endfacet
  facet normal 0.000000e+00 -7.212024e-01 -6.927244e-01
    outer loop
      vertex   5.564400e+02 1.049468e+01 -2.975165e+01
      vertex   5.609200e+02 1.066191e+01 -2.992575e+01
      vertex   5.609200e+02 1.049468e+01 -2.975165e+01
    endloop
  endfacet
  facet normal 0.000000e+00 -6.007423e-01 -7.994428e-01
    outer loop
      vertex   5.564400e+02 1.049468e+01 -2.975165e+01
      vertex   5.609200e+02 1.049468e+01 -2.975165e+01
      vertex   5.564400e+02 1.030170e+01 -2.960663e+01
    endloop
  endfacet
  facet normal 0.000000e+00 -6.007423e-01 -7.994428e-01
    outer loop
      vertex   5.564400e+02 1.030170e+01 -2.960663e+01
      vertex   5.609200e+02 1.049468e+01 -2.975165e+01
      vertex   5.609200e+02 1.030170e+01 -2.960663e+01
    endloop
  endfacet
  facet normal 0.000000e+00 -4.647232e-01 -8.854560e-01
    outer loop
      vertex   5.564400e+02 1.030170e+01 -2.960663e+01
      vertex   5.609200e+02 1.030170e+01 -2.960663e+01
      vertex   5.564400e+02 1.008795e+01 -2.949444e+01
    endloop
  endfacet
  facet normal 0.000000e+00 -4.647232e-01 -8.854560e-01
    outer loop
      vertex   5.564400e+02 1.008795e+01 -2.949444e+01
      vertex   5.609200e+02 1.030170e+01 -2.960663e+01
      vertex   5.609200e+02 1.008795e+01 -2.949444e+01
    endloop
  endfacet
  facet normal 0.000000e+00 -3.166680e-01 -9.485364e-01
    outer loop
      vertex   5.564400e+02 1.008795e+01 -2.949444e+01
      vertex   5.609200e+02 1.008795e+01 -2.949444e+01
      vertex   5.564400e+02 9.858973e+00 -2.941800e+01
    endloop
  endfacet
  facet normal 0.000000e+00 -3.166680e-01 -9.485364e-01
    outer loop
      vertex   5.564400e+02 9.858973e+00 -2.941800e+01
      vertex   5.609200e+02 1.008795e+01 -2.949444e+01
      vertex   5.609200e+02 9.858973e+00 -2.941800e+01
    endloop
  endfacet
  facet normal 0.000000e+00 -1.604113e-01 -9.870503e-01
    outer loop
      vertex   5.564400e+02 9.858973e+00 -2.941800e+01
      vertex   5.609200e+02 9.858973e+00 -2.941800e+01
      vertex   5.564400e+02 9.620700e+00 -2.937928e+01
    endloop
  endfacet
  facet normal 0.000000e+00 -1.604113e-01 -9.870503e-01
    outer loop
      vertex   5.564400e+02 9.620700e+00 -2.937928e+01
      vertex   5.609200e+02 9.858973e+00 -2.941800e+01
      vertex   5.609200e+02 9.620700e+00 -2.937928e+01
    endloop
  endfacet
  facet normal 0.000000e+00 0.000000e+00 -1.000000e+00
    outer loop
      vertex   5.564400e+02 9.620700e+00 -2.937928e+01
      vertex   5.609200e+02 9.620700e+00 -2.937928e+01
      vertex   5.564400e+02 9.379300e+00 -2.937928e+01
    endloop
  endfacet
  facet normal 0.000000e+00 0.000000e+00 -1.000000e+00
    outer loop
      vertex   5.564400e+02 9.379300e+00 -2.937928e+01
      vertex   5.609200e+02 9.620700e+00 -2.937928e+01
      vertex   5.609200e+02 9.379300e+00 -2.937928e+01
    endloop
  endfacet
  facet normal 0.000000e+00 1.604113e-01 -9.870503e-01
    outer loop
      vertex   5.564400e+02 9.379300e+00 -2.937928e+01
      vertex   5.609200e+02 9.379300e+00 -2.937928e+01
      vertex   5.564400e+02 9.141027e+00 -2.941800e+01
    endloop
  endfacet
  facet normal 0.000000e+00 1.604113e-01 -9.870503e-01
    outer loop
      vertex   5.564400e+02 9.141027e+00 -2.941800e+01
      vertex   5.609200e+02 9.379300e+00 -2.937928e+01
      vertex   5.609200e+02 9.141027e+00 -2.941800e+01
    endloop
  endfacet
  facet normal 0.000000e+00 3.166680e-01 -9.485364e-01
    outer loop
      vertex   5.564400e+02 9.141027e+00 -2.941800e+01
      vertex   5.609200e+02 9.141027e+00 -2.941800e+01
      vertex   5.564400e+02 8.912050e+00 -2.949444e+01
    endloop
  endfacet
  facet normal 0.000000e+00 3.166680e-01 -9.485364e-01
    outer loop
      vertex   5.564400e+02 8.912050e+00 -2.949444e+01
      vertex   5.609200e+02 9.141027e+00 -2.941800e+01
      vertex   5.609200e+02 8.912050e+00 -2.949444e+01
    endloop
  endfacet
  facet normal 0.000000e+00 4.647232e-01 -8.854560e-01
    outer loop
      vertex   5.564400e+02 8.912050e+00 -2.949444e+01
      vertex   5.609200e+02 8.912050e+00 -2.949444e+01
      vertex   5.564400e+02 8.698301e+00 -2.960663e+01
    endloop
  endfacet
  facet normal 0.000000e+00 4.647232e-01 -8.854560e-01
    outer loop
      vertex   5.564400e+02 8.698301e+00 -2.960663e+01
      vertex   5.609200e+02 8.912050e+00 -2.949444e+01
      vertex   5.609200e+02 8.698301e+00 -2.960663e+01
    endloop
  endfacet
  facet normal 0.000000e+00 6.007423e-01 -7.994428e-01
    outer loop
      vertex   5.564400e+02 8.698301e+00 -2.960663e+01
      vertex   5.609200e+02 8.698301e+00 -2.960663e+01
      vertex   5.564400e+02 8.505316e+00 -2.975165e+01
    endloop
  endfacet
  facet normal 0.000000e+00 6.007423e-01 -7.994428e-01
    outer loop
      vertex   5.564400e+02 8.505316e+00 -2.975165e+01
      vertex   5.609200e+02 8.698301e+00 -2.960663e+01
      vertex   5.609200e+02 8.505316e+00 -2.975165e+01
    endloop
  endfacet
  facet normal 0.000000e+00 7.212024e-01 -6.927244e-01
    outer loop
      vertex   5.564400e+02 8.505316e+00 -2.975165e+01
      vertex   5.609200e+02 8.505316e+00 -2.975165e+01
      vertex   5.564400e+02 8.338093e+00 -2.992575e+01
    endloop
  endfacet
  facet normal 0.000000e+00 7.212024e-01 -6.927244e-01
    outer loop
      vertex   5.564400e+02 8.338093e+00 -2.992575e+01
      vertex   5.609200e+02 8.505316e+00 -2.975165e+01
      vertex   5.609200e+02 8.338093e+00 -2.992575e+01
    endloop
  endfacet
  facet normal 0.000000e+00 8.229839e-01 -5.680647e-01
    outer loop
      vertex   5.564400e+02 8.338093e+00 -2.992575e+01
      vertex   5.609200e+02 8.338093e+00 -2.992575e+01
      vertex   5.564400e+02 8.200962e+00 -3.012441e+01
    endloop
  endfacet
  facet normal 0.000000e+00 8.229839e-01 -5.680647e-01
    outer loop
      vertex   5.564400e+02 8.200962e+00 -3.012441e+01
      vertex   5.609200e+02 8.338093e+00 -2.992575e+01
      vertex   5.609200e+02 8.200962e+00 -3.012441e+01
    endloop
  endfacet
  facet normal 0.000000e+00 9.034504e-01 -4.286926e-01
    outer loop
      vertex   5.564400e+02 8.200962e+00 -3.012441e+01
      vertex   5.609200e+02 8.200962e+00 -3.012441e+01
      vertex   5.564400e+02 8.097476e+00 -3.034251e+01
    endloop
  endfacet
  facet normal 0.000000e+00 9.034504e-01 -4.286926e-01
    outer loop
      vertex   5.564400e+02 8.097476e+00 -3.034251e+01
      vertex   5.609200e+02 8.200962e+00 -3.012441e+01
      vertex   5.609200e+02 8.097476e+00 -3.034251e+01
    endloop
  endfacet
  facet normal 0.000000e+00 9.605181e-01 -2.782175e-01
    outer loop
      vertex   5.564400e+02 8.097476e+00 -3.034251e+01
      vertex   5.609200e+02 8.097476e+00 -3.034251e+01
      vertex   5.564400e+02 8.030314e+00 -3.057437e+01
    endloop
  endfacet
  facet normal 0.000000e+00 9.605181e-01 -2.782175e-01
    outer loop
      vertex   5.564400e+02 8.030314e+00 -3.057437e+01
      vertex   5.609200e+02 8.097476e+00 -3.034251e+01
      vertex   5.609200e+02 8.030314e+00 -3.057437e+01
    endloop
  endfacet
  facet normal 0.000000e+00 9.927089e-01 -1.205367e-01
    outer loop
      vertex   5.564400e+02 8.030314e+00 -3.057437e+01
      vertex   5.609200e+02 8.030314e+00 -3.057437e+01
      vertex   5.564400e+02 8.001217e+00 -3.081401e+01
    endloop
  endfacet
  facet normal 0.000000e+00 9.927089e-01 -1.205367e-01
    outer loop
      vertex   5.564400e+02 8.001217e+00 -3.081401e+01
      vertex   5.609200e+02 8.030314e+00 -3.057437e+01
      vertex   5.609200e+02 8.001217e+00 -3.081401e+01
    endloop
  endfacet
  facet normal -0.000000e+00 9.991890e-01 4.026594e-02
    outer loop
      vertex   5.564400e+02 8.001217e+00 -3.081401e+01
      vertex   5.609200e+02 8.001217e+00 -3.081401e+01
      vertex   5.564400e+02 8.010937e+00 -3.105522e+01
    endloop
  endfacet
  facet normal -0.000000e+00 9.991890e-01 4.026594e-02
    outer loop
      vertex   5.564400e+02 8.010937e+00 -3.105522e+01
      vertex   5.609200e+02 8.001217e+00 -3.081401e+01
      vertex   5.609200e+02 8.010937e+00 -3.105522e+01
    endloop
  endfacet
  facet normal -0.000000e+00 9.797907e-01 2.000257e-01
    outer loop
      vertex   5.564400e+02 8.010937e+00 -3.105522e+01
      vertex   5.609200e+02 8.010937e+00 -3.105522e+01
      vertex   5.564400e+02 8.059223e+00 -3.129174e+01
    endloop
  endfacet
  facet normal -0.000000e+00 9.797907e-01 2.000257e-01
    outer loop
      vertex   5.564400e+02 8.059223e+00 -3.129174e+01
      vertex   5.609200e+02 8.010937e+00 -3.105522e+01
      vertex   5.609200e+02 8.059223e+00 -3.129174e+01
    endloop
  endfacet
  facet normal -0.000000e+00 9.350162e-01 3.546049e-01
    outer loop
      vertex   5.564400e+02 8.059223e+00 -3.129174e+01
      vertex   5.609200e+02 8.059223e+00 -3.129174e+01
      vertex   5.564400e+02 8.144824e+00 -3.151745e+01
    endloop
  endfacet
  facet normal -0.000000e+00 9.350162e-01 3.546049e-01
    outer loop
      vertex   5.564400e+02 8.144824e+00 -3.151745e+01
      vertex   5.609200e+02 8.059223e+00 -3.129174e+01
      vertex   5.609200e+02 8.144824e+00 -3.151745e+01
    endloop
  endfacet
  facet normal -0.000000e+00 8.660254e-01 5.000000e-01
    outer loop
      vertex   5.564400e+02 8.144824e+00 -3.151745e+01
      vertex   5.609200e+02 8.144824e+00 -3.151745e+01
      vertex   5.564400e+02 8.265524e+00 -3.172651e+01
    endloop
  endfacet
  facet normal -0.000000e+00 8.660254e-01 5.000000e-01
    outer loop
      vertex   5.564400e+02 8.265524e+00 -3.172651e+01
      vertex   5.609200e+02 8.144824e+00 -3.151745e+01
      vertex   5.609200e+02 8.265524e+00 -3.172651e+01
    endloop
  endfacet
  facet normal -0.000000e+00 7.746050e-01 6.324454e-01
    outer loop
      vertex   5.564400e+02 8.265524e+00 -3.172651e+01
      vertex   5.609200e+02 8.265524e+00 -3.172651e+01
      vertex   5.564400e+02 8.418196e+00 -3.191350e+01
    endloop
  endfacet
  facet normal -0.000000e+00 7.746050e-01 6.324454e-01
    outer loop
      vertex   5.564400e+02 8.418196e+00 -3.191350e+01
      vertex   5.609200e+02 8.265524e+00 -3.172651e+01
      vertex   5.609200e+02 8.418196e+00 -3.191350e+01
    endloop
  endfacet
  facet normal -0.000000e+00 6.631227e-01 7.485107e-01
    outer loop
      vertex   5.564400e+02 8.418196e+00 -3.191350e+01
      vertex   5.609200e+02 8.418196e+00 -3.191350e+01
      vertex   5.564400e+02 8.598887e+00 -3.207358e+01
    endloop
  endfacet
  facet normal -0.000000e+00 6.631227e-01 7.485107e-01
    outer loop
      vertex   5.564400e+02 8.598887e+00 -3.207358e+01
      vertex   5.609200e+02 8.418196e+00 -3.191350e+01
      vertex   5.609200e+02 8.598887e+00 -3.207358e+01
    endloop
  endfacet
  facet normal -0.000000e+00 5.344658e-01 8.451901e-01
    outer loop
      vertex   5.564400e+02 8.598887e+00 -3.207358e+01
      vertex   5.609200e+02 8.598887e+00 -3.207358e+01
      vertex   5.564400e+02 8.802915e+00 -3.220260e+01
    endloop
  endfacet
  facet normal -0.000000e+00 5.344658e-01 8.451901e-01
    outer loop
      vertex   5.564400e+02 8.802915e+00 -3.220260e+01
      vertex   5.609200e+02 8.598887e+00 -3.207358e+01
      vertex   5.609200e+02 8.802915e+00 -3.220260e+01
    endloop
  endfacet
  facet normal -0.000000e+00 3.919666e-01 9.199794e-01
    outer loop
      vertex   5.564400e+02 8.802915e+00 -3.220260e+01
      vertex   5.609200e+02 8.802915e+00 -3.220260e+01
      vertex   5.564400e+02 9.024998e+00 -3.229722e+01
    endloop
  endfacet
  facet normal -0.000000e+00 3.919666e-01 9.199794e-01
    outer loop
      vertex   5.564400e+02 9.024998e+00 -3.229722e+01
      vertex   5.609200e+02 8.802915e+00 -3.220260e+01
      vertex   5.609200e+02 9.024998e+00 -3.229722e+01
    endloop
  endfacet
  facet normal -0.000000e+00 2.393157e-01 9.709418e-01
    outer loop
      vertex   5.564400e+02 9.024998e+00 -3.229722e+01
      vertex   5.609200e+02 9.024998e+00 -3.229722e+01
      vertex   5.564400e+02 9.259383e+00 -3.235499e+01
    endloop
  endfacet
  facet normal -0.000000e+00 2.393157e-01 9.709418e-01
    outer loop
      vertex   5.564400e+02 9.259383e+00 -3.235499e+01
      vertex   5.609200e+02 9.024998e+00 -3.229722e+01
      vertex   5.609200e+02 9.259383e+00 -3.235499e+01
    endloop
  endfacet
  facet normal 0.000000e+00 -8.046657e-02 9.967573e-01
    outer loop
      vertex   5.474800e+02 9.740617e+00 -3.235499e+01
      vertex   5.474800e+02 9.500000e+00 -3.237441e+01
      vertex   5.519600e+02 9.500000e+00 -3.237441e+01
    endloop
  endfacet
  facet normal 0.000000e+00 -8.046657e-02 9.967573e-01
    outer loop
      vertex   5.519600e+02 9.500000e+00 -3.237441e+01
      vertex   5.564400e+02 9.500000e+00 -3.237441e+01
      vertex   5.519600e+02 9.740617e+00 -3.235499e+01
    endloop
  endfacet
  facet normal 0.000000e+00 -8.046657e-02 9.967573e-01
    outer loop
      vertex   5.519600e+02 9.740617e+00 -3.235499e+01
      vertex   5.564400e+02 9.500000e+00 -3.237441e+01
      vertex   5.564400e+02 9.740617e+00 -3.235499e+01
    endloop
  endfacet
  facet normal 0.000000e+00 -2.393157e-01 9.709418e-01
    outer loop
      vertex   5.519600e+02 9.740617e+00 -3.235499e+01
      vertex   5.564400e+02 9.740617e+00 -3.235499e+01
      vertex   5.519600e+02 9.975002e+00 -3.229722e+01
    endloop
  endfacet
  facet normal 0.000000e+00 -2.393157e-01 9.709418e-01
    outer loop
      vertex   5.519600e+02 9.975002e+00 -3.229722e+01
      vertex   5.564400e+02 9.740617e+00 -3.235499e+01
      vertex   5.564400e+02 9.975002e+00 -3.229722e+01
    endloop
  endfacet
  facet normal 0.000000e+00 -3.919666e-01 9.199794e-01
    outer loop
      vertex   5.519600e+02 9.975002e+00 -3.229722e+01
      vertex   5.564400e+02 9.975002e+00 -3.229722e+01
      vertex   5.519600e+02 1.019708e+01 -3.220260e+01
    endloop
  endfacet
  facet normal 0.000000e+00 -3.919666e-01 9.199794e-01
    outer loop
      vertex   5.519600e+02 1.019708e+01 -3.220260e+01
      vertex   5.564400e+02 9.975002e+00 -3.229722e+01
      vertex   5.564400e+02 1.019708e+01 -3.220260e+01
    endloop
  endfacet
  facet normal 0.000000e+00 -5.344658e-01 8.451901e-01
    outer loop
      vertex   5.519600e+02 1.019708e+01 -3.220260e+01
      vertex   5.564400e+02 1.019708e+01 -3.220260e+01
      vertex   5.519600e+02 1.040111e+01 -3.207358e+01
    endloop
  endfacet
  facet normal 0.000000e+00 -5.344658e-01 8.451901e-01
    outer loop
      vertex   5.519600e+02 1.040111e+01 -3.207358e+01
      vertex   5.564400e+02 1.019708e+01 -3.220260e+01
      vertex   5.564400e+02 1.040111e+01 -3.207358e+01
    endloop
  endfacet
  facet normal 0.000000e+00 -6.631227e-01 7.485107e-01
    outer loop
      vertex   5.519600e+02 1.040111e+01 -3.207358e+01
      vertex   5.564400e+02 1.040111e+01 -3.207358e+01
      vertex   5.519600e+02 1.058180e+01 -3.191350e+01
    endloop
  endfacet
  facet normal 0.000000e+00 -6.631227e-01 7.485107e-01
    outer loop
      vertex   5.519600e+02 1.058180e+01 -3.191350e+01
      vertex   5.564400e+02 1.040111e+01 -3.207358e+01
      vertex   5.564400e+02 1.058180e+01 -3.191350e+01
    endloop
  endfacet
  facet normal 0.000000e+00 -7.746050e-01 6.324454e-01
    outer loop
      vertex   5.519600e+02 1.058180e+01 -3.191350e+01
      vertex   5.564400e+02 1.058180e+01 -3.191350e+01
      vertex   5.519600e+02 1.073448e+01 -3.172651e+01
    endloop
  endfacet
  facet normal 0.000000e+00 -7.746050e-01 6.324454e-01
    outer loop
      vertex   5.519600e+02 1.073448e+01 -3.172651e+01
      vertex   5.564400e+02 1.058180e+01 -3.191350e+01
      vertex   5.564400e+02 1.073448e+01 -3.172651e+01
    endloop
  endfacet
  facet normal 0.000000e+00 -8.660254e-01 5.000000e-01
    outer loop
      vertex   5.519600e+02 1.073448e+01 -3.172651e+01
      vertex   5.564400e+02 1.073448e+01 -3.172651e+01
      vertex   5.519600e+02 1.085518e+01 -3.151745e+01
    endloop
  endfacet
  facet normal 0.000000e+00 -8.660254e-01 5.000000e-01
    outer loop
      vertex   5.519600e+02 1.085518e+01 -3.151745e+01
      vertex   5.564400e+02 1.073448e+01 -3.172651e+01
      vertex   5.564400e+02 1.085518e+01 -3.151745e+01
    endloop
  endfacet
  facet normal 0.000000e+00 -9.350162e-01 3.546049e-01
    outer loop
      vertex   5.519600e+02 1.085518e+01 -3.151745e+01
      vertex   5.564400e+02 1.085518e+01 -3.151745e+01
      vertex   5.519600e+02 1.094078e+01 -3.129174e+01
    endloop
  endfacet
  facet normal 0.000000e+00 -9.350162e-01 3.546049e-01
    outer loop
      vertex   5.519600e+02 1.094078e+01 -3.129174e+01
      vertex   5.564400e+02 1.085518e+01 -3.151745e+01
      vertex   5.564400e+02 1.094078e+01 -3.129174e+01
    endloop
  endfacet
  facet normal 0.000000e+00 -9.797907e-01 2.000257e-01
    outer loop
      vertex   5.519600e+02 1.094078e+01 -3.129174e+01
      vertex   5.564400e+02 1.094078e+01 -3.129174e+01
      vertex   5.519600e+02 1.098906e+01 -3.105522e+01
    endloop
  endfacet
  facet normal 0.000000e+00 -9.797907e-01 2.000257e-01
    outer loop
      vertex   5.519600e+02 1.098906e+01 -3.105522e+01
      vertex   5.564400e+02 1.094078e+01 -3.129174e+01
      vertex   5.564400e+02 1.098906e+01 -3.105522e+01
    endloop
  endfacet
  facet normal 0.000000e+00 -9.991890e-01 4.026594e-02
    outer loop
      vertex   5.519600e+02 1.098906e+01 -3.105522e+01
      vertex   5.564400e+02 1.098906e+01 -3.105522e+01
      vertex   5.519600e+02 1.099878e+01 -3.081401e+01
    endloop
  endfacet
  facet normal 0.000000e+00 -9.991890e-01 4.026594e-02
    outer loop
      vertex   5.519600e+02 1.099878e+01 -3.081401e+01
      vertex   5.564400e+02 1.098906e+01 -3.105522e+01
      vertex   5.564400e+02 1.099878e+01 -3.081401e+01
    endloop
  endfacet
  facet normal 0.000000e+00 -9.927089e-01 -1.205367e-01
    outer loop
      vertex   5.519600e+02 1.099878e+01 -3.081401e+01
      vertex   5.564400e+02 1.099878e+01 -3.081401e+01
      vertex   5.519600e+02 1.096969e+01 -3.057437e+01
    endloop
  endfacet
  facet normal 0.000000e+00 -9.927089e-01 -1.205367e-01
    outer loop
      vertex   5.519600e+02 1.096969e+01 -3.057437e+01
      vertex   5.564400e+02 1.099878e+01 -3.081401e+01
      vertex   5.564400e+02 1.096969e+01 -3.057437e+01
    endloop
  endfacet
  facet normal 0.000000e+00 -9.605181e-01 -2.782175e-01
    outer loop
      vertex   5.519600e+02 1.096969e+01 -3.057437e+01
      vertex   5.564400e+02 1.096969e+01 -3.057437e+01
      vertex   5.519600e+02 1.090252e+01 -3.034251e+01
    endloop
  endfacet
  facet normal 0.000000e+00 -9.605181e-01 -2.782175e-01
    outer loop
      vertex   5.519600e+02 1.090252e+01 -3.034251e+01
      vertex   5.564400e+02 1.096969e+01 -3.057437e+01
      vertex   5.564400e+02 1.090252e+01 -3.034251e+01
    endloop
  endfacet
  facet normal 0.000000e+00 -9.034504e-01 -4.286926e-01
    outer loop
      vertex   5.519600e+02 1.090252e+01 -3.034251e+01
      vertex   5.564400e+02 1.090252e+01 -3.034251e+01
      vertex   5.519600e+02 1.079904e+01 -3.012441e+01
    endloop
  endfacet
  facet normal -3.582255e-16 -9.034504e-01 -4.286926e-01
    outer loop
      vertex   5.519600e+02 1.079904e+01 -3.012441e+01
      vertex   5.564400e+02 1.090252e+01 -3.034251e+01
      vertex   5.564400e+02 1.079904e+01 -3.012441e+01
    endloop
  endfacet
  facet normal -3.263199e-16 -8.229839e-01 -5.680647e-01
    outer loop
      vertex   5.519600e+02 1.079904e+01 -3.012441e+01
      vertex   5.564400e+02 1.079904e+01 -3.012441e+01
      vertex   5.519600e+02 1.066191e+01 -2.992575e+01
    endloop
  endfacet
  facet normal 0.000000e+00 -8.229839e-01 -5.680647e-01
    outer loop
      vertex   5.519600e+02 1.066191e+01 -2.992575e+01
      vertex   5.564400e+02 1.079904e+01 -3.012441e+01
      vertex   5.564400e+02 1.066191e+01 -2.992575e+01
    endloop
  endfacet
  facet normal 0.000000e+00 -7.212024e-01 -6.927244e-01
    outer loop
      vertex   5.519600e+02 1.066191e+01 -2.992575e+01
      vertex   5.564400e+02 1.066191e+01 -2.992575e+01
      vertex   5.519600e+02 1.049468e+01 -2.975165e+01
    endloop
  endfacet
  facet normal 0.000000e+00 -7.212024e-01 -6.927244e-01
    outer loop
      vertex   5.519600e+02 1.049468e+01 -2.975165e+01
      vertex   5.564400e+02 1.066191e+01 -2.992575e+01
      vertex   5.564400e+02 1.049468e+01 -2.975165e+01
    endloop
  endfacet
  facet normal 0.000000e+00 -6.007423e-01 -7.994428e-01
    outer loop
      vertex   5.519600e+02 1.049468e+01 -2.975165e+01
      vertex   5.564400e+02 1.049468e+01 -2.975165e+01
      vertex   5.519600e+02 1.030170e+01 -2.960663e+01
    endloop
  endfacet
  facet normal 0.000000e+00 -6.007423e-01 -7.994428e-01
    outer loop
      vertex   5.519600e+02 1.030170e+01 -2.960663e+01
      vertex   5.564400e+02 1.049468e+01 -2.975165e+01
      vertex   5.564400e+02 1.030170e+01 -2.960663e+01
    endloop
  endfacet
  facet normal 0.000000e+00 -4.647232e-01 -8.854560e-01
    outer loop
      vertex   5.519600e+02 1.030170e+01 -2.960663e+01
      vertex   5.564400e+02 1.030170e+01 -2.960663e+01
      vertex   5.519600e+02 1.008795e+01 -2.949444e+01
    endloop
  endfacet
  facet normal 0.000000e+00 -4.647232e-01 -8.854560e-01
    outer loop
      vertex   5.519600e+02 1.008795e+01 -2.949444e+01
      vertex   5.564400e+02 1.030170e+01 -2.960663e+01
      vertex   5.564400e+02 1.008795e+01 -2.949444e+01
    endloop
  endfacet
  facet normal 0.000000e+00 -3.166680e-01 -9.485364e-01
    outer loop
      vertex   5.519600e+02 1.008795e+01 -2.949444e+01
      vertex   5.564400e+02 1.008795e+01 -2.949444e+01
      vertex   5.519600e+02 9.858973e+00 -2.941800e+01
    endloop
  endfacet
  facet normal 0.000000e+00 -3.166680e-01 -9.485364e-01
    outer loop
      vertex   5.519600e+02 9.858973e+00 -2.941800e+01
      vertex   5.564400e+02 1.008795e+01 -2.949444e+01
      vertex   5.564400e+02 9.858973e+00 -2.941800e+01
    endloop
  endfacet
  facet normal 0.000000e+00 -1.604113e-01 -9.870503e-01
    outer loop
      vertex   5.519600e+02 9.858973e+00 -2.941800e+01
      vertex   5.564400e+02 9.858973e+00 -2.941800e+01
      vertex   5.519600e+02 9.620700e+00 -2.937928e+01
    endloop
  endfacet
  facet normal -6.360439e-17 -1.604113e-01 -9.870503e-01
    outer loop
      vertex   5.519600e+02 9.620700e+00 -2.937928e+01
      vertex   5.564400e+02 9.858973e+00 -2.941800e+01
      vertex   5.564400e+02 9.620700e+00 -2.937928e+01
    endloop
  endfacet
  facet normal 0.000000e+00 0.000000e+00 -1.000000e+00
    outer loop
      vertex   5.519600e+02 9.620700e+00 -2.937928e+01
      vertex   5.564400e+02 9.620700e+00 -2.937928e+01
      vertex   5.519600e+02 9.379300e+00 -2.937928e+01
    endloop
  endfacet
  facet normal 0.000000e+00 0.000000e+00 -1.000000e+00
    outer loop
      vertex   5.519600e+02 9.379300e+00 -2.937928e+01
      vertex   5.564400e+02 9.620700e+00 -2.937928e+01
      vertex   5.564400e+02 9.379300e+00 -2.937928e+01
    endloop
  endfacet
  facet normal 6.360439e-17 1.604113e-01 -9.870503e-01
    outer loop
      vertex   5.519600e+02 9.379300e+00 -2.937928e+01
      vertex   5.564400e+02 9.379300e+00 -2.937928e+01
      vertex   5.519600e+02 9.141027e+00 -2.941800e+01
    endloop
  endfacet
  facet normal 0.000000e+00 1.604113e-01 -9.870503e-01
    outer loop
      vertex   5.519600e+02 9.141027e+00 -2.941800e+01
      vertex   5.564400e+02 9.379300e+00 -2.937928e+01
      vertex   5.564400e+02 9.141027e+00 -2.941800e+01
    endloop
  endfacet
  facet normal 0.000000e+00 3.166680e-01 -9.485364e-01
    outer loop
      vertex   5.519600e+02 9.141027e+00 -2.941800e+01
      vertex   5.564400e+02 9.141027e+00 -2.941800e+01
      vertex   5.519600e+02 8.912050e+00 -2.949444e+01
    endloop
  endfacet
  facet normal 0.000000e+00 3.166680e-01 -9.485364e-01
    outer loop
      vertex   5.519600e+02 8.912050e+00 -2.949444e+01
      vertex   5.564400e+02 9.141027e+00 -2.941800e+01
      vertex   5.564400e+02 8.912050e+00 -2.949444e+01
    endloop
  endfacet
  facet normal 0.000000e+00 4.647232e-01 -8.854560e-01
    outer loop
      vertex   5.519600e+02 8.912050e+00 -2.949444e+01
      vertex   5.564400e+02 8.912050e+00 -2.949444e+01
      vertex   5.519600e+02 8.698301e+00 -2.960663e+01
    endloop
  endfacet
  facet normal 0.000000e+00 4.647232e-01 -8.854560e-01
    outer loop
      vertex   5.519600e+02 8.698301e+00 -2.960663e+01
      vertex   5.564400e+02 8.912050e+00 -2.949444e+01
      vertex   5.564400e+02 8.698301e+00 -2.960663e+01
    endloop
  endfacet
  facet normal 0.000000e+00 6.007423e-01 -7.994428e-01
    outer loop
      vertex   5.519600e+02 8.698301e+00 -2.960663e+01
      vertex   5.564400e+02 8.698301e+00 -2.960663e+01
      vertex   5.519600e+02 8.505316e+00 -2.975165e+01
    endloop
  endfacet
  facet normal 0.000000e+00 6.007423e-01 -7.994428e-01
    outer loop
      vertex   5.519600e+02 8.505316e+00 -2.975165e+01
      vertex   5.564400e+02 8.698301e+00 -2.960663e+01
      vertex   5.564400e+02 8.505316e+00 -2.975165e+01
    endloop
  endfacet
  facet normal 0.000000e+00 7.212024e-01 -6.927244e-01
    outer loop
      vertex   5.519600e+02 8.505316e+00 -2.975165e+01
      vertex   5.564400e+02 8.505316e+00 -2.975165e+01
      vertex   5.519600e+02 8.338093e+00 -2.992575e+01
    endloop
  endfacet
  facet normal 0.000000e+00 7.212024e-01 -6.927244e-01
    outer loop
      vertex   5.519600e+02 8.338093e+00 -2.992575e+01
      vertex   5.564400e+02 8.505316e+00 -2.975165e+01
      vertex   5.564400e+02 8.338093e+00 -2.992575e+01
    endloop
  endfacet
  facet normal 0.000000e+00 8.229839e-01 -5.680647e-01
    outer loop
      vertex   5.519600e+02 8.338093e+00 -2.992575e+01
      vertex   5.564400e+02 8.338093e+00 -2.992575e+01
      vertex   5.519600e+02 8.200962e+00 -3.012441e+01
    endloop
  endfacet
  facet normal 0.000000e+00 8.229839e-01 -5.680647e-01
    outer loop
      vertex   5.519600e+02 8.200962e+00 -3.012441e+01
      vertex   5.564400e+02 8.338093e+00 -2.992575e+01
      vertex   5.564400e+02 8.200962e+00 -3.012441e+01
    endloop
  endfacet
  facet normal 0.000000e+00 9.034504e-01 -4.286926e-01
    outer loop
      vertex   5.519600e+02 8.200962e+00 -3.012441e+01
      vertex   5.564400e+02 8.200962e+00 -3.012441e+01
      vertex   5.519600e+02 8.097476e+00 -3.034251e+01
    endloop
  endfacet
  facet normal 0.000000e+00 9.034504e-01 -4.286926e-01
    outer loop
      vertex   5.519600e+02 8.097476e+00 -3.034251e+01
      vertex   5.564400e+02 8.200962e+00 -3.012441e+01
      vertex   5.564400e+02 8.097476e+00 -3.034251e+01
    endloop
  endfacet
  facet normal 0.000000e+00 9.605181e-01 -2.782175e-01
    outer loop
      vertex   5.519600e+02 8.097476e+00 -3.034251e+01
      vertex   5.564400e+02 8.097476e+00 -3.034251e+01
      vertex   5.519600e+02 8.030314e+00 -3.057437e+01
    endloop
  endfacet
  facet normal 0.000000e+00 9.605181e-01 -2.782175e-01
    outer loop
      vertex   5.519600e+02 8.030314e+00 -3.057437e+01
      vertex   5.564400e+02 8.097476e+00 -3.034251e+01
      vertex   5.564400e+02 8.030314e+00 -3.057437e+01
    endloop
  endfacet
  facet normal 0.000000e+00 9.927089e-01 -1.205367e-01
    outer loop
      vertex   5.519600e+02 8.030314e+00 -3.057437e+01
      vertex   5.564400e+02 8.030314e+00 -3.057437e+01
      vertex   5.519600e+02 8.001217e+00 -3.081401e+01
    endloop
  endfacet
  facet normal 0.000000e+00 9.927089e-01 -1.205367e-01
    outer loop
      vertex   5.519600e+02 8.001217e+00 -3.081401e+01
      vertex   5.564400e+02 8.030314e+00 -3.057437e+01
      vertex   5.564400e+02 8.001217e+00 -3.081401e+01
    endloop
  endfacet
  facet normal -0.000000e+00 9.991890e-01 4.026594e-02
    outer loop
      vertex   5.519600e+02 8.001217e+00 -3.081401e+01
      vertex   5.564400e+02 8.001217e+00 -3.081401e+01
      vertex   5.519600e+02 8.010937e+00 -3.105522e+01
    endloop
  endfacet
  facet normal -0.000000e+00 9.991890e-01 4.026594e-02
    outer loop
      vertex   5.519600e+02 8.010937e+00 -3.105522e+01
      vertex   5.564400e+02 8.001217e+00 -3.081401e+01
      vertex   5.564400e+02 8.010937e+00 -3.105522e+01
    endloop
  endfacet
  facet normal -0.000000e+00 9.797907e-01 2.000257e-01
    outer loop
      vertex   5.519600e+02 8.010937e+00 -3.105522e+01
      vertex   5.564400e+02 8.010937e+00 -3.105522e+01
      vertex   5.519600e+02 8.059223e+00 -3.129174e+01
    endloop
  endfacet
  facet normal -0.000000e+00 9.797907e-01 2.000257e-01
    outer loop
      vertex   5.519600e+02 8.059223e+00 -3.129174e+01
      vertex   5.564400e+02 8.010937e+00 -3.105522e+01
      vertex   5.564400e+02 8.059223e+00 -3.129174e+01
    endloop
  endfacet
  facet normal -0.000000e+00 9.350162e-01 3.546049e-01
    outer loop
      vertex   5.519600e+02 8.059223e+00 -3.129174e+01
      vertex   5.564400e+02 8.059223e+00 -3.129174e+01
      vertex   5.519600e+02 8.144824e+00 -3.151745e+01
    endloop
  endfacet
  facet normal -0.000000e+00 9.350162e-01 3.546049e-01
    outer loop
      vertex   5.519600e+02 8.144824e+00 -3.151745e+01
      vertex   5.564400e+02 8.059223e+00 -3.129174e+01
      vertex   5.564400e+02 8.144824e+00 -3.151745e+01
    endloop
  endfacet
  facet normal -0.000000e+00 8.660254e-01 5.000000e-01
    outer loop
      vertex   5.519600e+02 8.144824e+00 -3.151745e+01
      vertex   5.564400e+02 8.144824e+00 -3.151745e+01
      vertex   5.519600e+02 8.265524e+00 -3.172651e+01
    endloop
  endfacet
  facet normal -0.000000e+00 8.660254e-01 5.000000e-01
    outer loop
      vertex   5.519600e+02 8.265524e+00 -3.172651e+01
      vertex   5.564400e+02 8.144824e+00 -3.151745e+01
      vertex   5.564400e+02 8.265524e+00 -3.172651e+01
    endloop
  endfacet
  facet normal -0.000000e+00 7.746050e-01 6.324454e-01
    outer loop
      vertex   5.519600e+02 8.265524e+00 -3.172651e+01
      vertex   5.564400e+02 8.265524e+00 -3.172651e+01
      vertex   5.519600e+02 8.418196e+00 -3.191350e+01
    endloop
  endfacet
  facet normal -0.000000e+00 7.746050e-01 6.324454e-01
    outer loop
      vertex   5.519600e+02 8.418196e+00 -3.191350e+01
      vertex   5.564400e+02 8.265524e+00 -3.172651e+01
      vertex   5.564400e+02 8.418196e+00 -3.191350e+01
    endloop
  endfacet
  facet normal -0.000000e+00 6.631227e-01 7.485107e-01
    outer loop
      vertex   5.519600e+02 8.418196e+00 -3.191350e+01
      vertex   5.564400e+02 8.418196e+00 -3.191350e+01
      vertex   5.519600e+02 8.598887e+00 -3.207358e+01
    endloop
  endfacet
  facet normal -0.000000e+00 6.631227e-01 7.485107e-01
    outer loop
      vertex   5.519600e+02 8.598887e+00 -3.207358e+01
      vertex   5.564400e+02 8.418196e+00 -3.191350e+01
      vertex   5.564400e+02 8.598887e+00 -3.207358e+01
    endloop
  endfacet
  facet normal -0.000000e+00 5.344658e-01 8.451901e-01
    outer loop
      vertex   5.519600e+02 8.598887e+00 -3.207358e+01
      vertex   5.564400e+02 8.598887e+00 -3.207358e+01
      vertex   5.519600e+02 8.802915e+00 -3.220260e+01
    endloop
  endfacet
  facet normal -0.000000e+00 5.344658e-01 8.451901e-01
    outer loop
      vertex   5.519600e+02 8.802915e+00 -3.220260e+01
      vertex   5.564400e+02 8.598887e+00 -3.207358e+01
      vertex   5.564400e+02 8.802915e+00 -3.220260e+01
    endloop
  endfacet
  facet normal -0.000000e+00 3.919666e-01 9.199794e-01
    outer loop
      vertex   5.519600e+02 8.802915e+00 -3.220260e+01
      vertex   5.564400e+02 8.802915e+00 -3.220260e+01
      vertex   5.519600e+02 9.024998e+00 -3.229722e+01
    endloop
  endfacet
  facet normal -1.554180e-16 3.919666e-01 9.199794e-01
    outer loop
      vertex   5.519600e+02 9.024998e+00 -3.229722e+01
      vertex   5.564400e+02 8.802915e+00 -3.220260e+01
      vertex   5.564400e+02 9.024998e+00 -3.229722e+01
    endloop
  endfacet
  facet normal -9.489063e-17 2.393157e-01 9.709418e-01
    outer loop
      vertex   5.519600e+02 9.024998e+00 -3.229722e+01
      vertex   5.564400e+02 9.024998e+00 -3.229722e+01
      vertex   5.519600e+02 9.259383e+00 -3.235499e+01
    endloop
  endfacet
  facet normal -0.000000e+00 2.393157e-01 9.709418e-01
    outer loop
      vertex   5.519600e+02 9.259383e+00 -3.235499e+01
      vertex   5.564400e+02 9.024998e+00 -3.229722e+01
      vertex   5.564400e+02 9.259383e+00 -3.235499e+01
    endloop
  endfacet
  facet normal 0.000000e+00 -2.393157e-01 9.709418e-01
    outer loop
      vertex   5.474800e+02 9.975002e+00 -3.229722e+01
      vertex   5.474800e+02 9.740617e+00 -3.235499e+01
      vertex   5.519600e+02 9.740617e+00 -3.235499e+01
    endloop
  endfacet
  facet normal 0.000000e+00 -8.046657e-02 9.967573e-01
    outer loop
      vertex   5.519600e+02 9.740617e+00 -3.235499e+01
      vertex   5.474800e+02 9.740617e+00 -3.235499e+01
      vertex   5.519600e+02 9.500000e+00 -3.237441e+01
    endloop
  endfacet
  facet normal 0.000000e+00 -2.393157e-01 9.709418e-01
    outer loop
      vertex   5.474800e+02 9.975002e+00 -3.229722e+01
      vertex   5.519600e+02 9.740617e+00 -3.235499e+01
      vertex   5.519600e+02 9.975002e+00 -3.229722e+01
    endloop
  endfacet
  facet normal 0.000000e+00 -3.919666e-01 9.199794e-01
    outer loop
      vertex   5.474800e+02 1.019708e+01 -3.220260e+01
      vertex   5.474800e+02 9.975002e+00 -3.229722e+01
      vertex   5.519600e+02 9.975002e+00 -3.229722e+01
    endloop
  endfacet
  facet normal 0.000000e+00 -3.919666e-01 9.199794e-01
    outer loop
      vertex   5.474800e+02 1.019708e+01 -3.220260e+01
      vertex   5.519600e+02 9.975002e+00 -3.229722e+01
      vertex   5.519600e+02 1.019708e+01 -3.220260e+01
    endloop
  endfacet
  facet normal 0.000000e+00 -5.344658e-01 8.451901e-01
    outer loop
      vertex   5.474800e+02 1.040111e+01 -3.207358e+01
      vertex   5.474800e+02 1.019708e+01 -3.220260e+01
      vertex   5.519600e+02 1.019708e+01 -3.220260e+01
    endloop
  endfacet
  facet normal 2.119201e-16 -5.344658e-01 8.451901e-01
    outer loop
      vertex   5.474800e+02 1.040111e+01 -3.207358e+01
      vertex   5.519600e+02 1.019708e+01 -3.220260e+01
      vertex   5.519600e+02 1.040111e+01 -3.207358e+01
    endloop
  endfacet
  facet normal 2.630627e-16 -6.631227e-01 7.485107e-01
    outer loop
      vertex   5.474800e+02 1.058180e+01 -3.191350e+01
      vertex   5.474800e+02 1.040111e+01 -3.207358e+01
      vertex   5.519600e+02 1.040111e+01 -3.207358e+01
    endloop
  endfacet
  facet normal 0.000000e+00 -6.631227e-01 7.485107e-01
    outer loop
      vertex   5.474800e+02 1.058180e+01 -3.191350e+01
      vertex   5.519600e+02 1.040111e+01 -3.207358e+01
      vertex   5.519600e+02 1.058180e+01 -3.191350e+01
    endloop
  endfacet
  facet normal 0.000000e+00 -7.746050e-01 6.324454e-01
    outer loop
      vertex   5.474800e+02 1.073448e+01 -3.172651e+01
      vertex   5.474800e+02 1.058180e+01 -3.191350e+01
      vertex   5.519600e+02 1.058180e+01 -3.191350e+01
    endloop
  endfacet
  facet normal 0.000000e+00 -7.746050e-01 6.324454e-01
    outer loop
      vertex   5.474800e+02 1.073448e+01 -3.172651e+01
      vertex   5.519600e+02 1.058180e+01 -3.191350e+01
      vertex   5.519600e+02 1.073448e+01 -3.172651e+01
    endloop
  endfacet
  facet normal 0.000000e+00 -8.660254e-01 5.000000e-01
    outer loop
      vertex   5.474800e+02 1.085518e+01 -3.151745e+01
      vertex   5.474800e+02 1.073448e+01 -3.172651e+01
      vertex   5.519600e+02 1.073448e+01 -3.172651e+01
    endloop
  endfacet
  facet normal 0.000000e+00 -8.660254e-01 5.000000e-01
    outer loop
      vertex   5.474800e+02 1.085518e+01 -3.151745e+01
      vertex   5.519600e+02 1.073448e+01 -3.172651e+01
      vertex   5.519600e+02 1.085518e+01 -3.151745e+01
    endloop
  endfacet
  facet normal 0.000000e+00 -9.350162e-01 3.546049e-01
    outer loop
      vertex   5.474800e+02 1.094078e+01 -3.129174e+01
      vertex   5.474800e+02 1.085518e+01 -3.151745e+01
      vertex   5.519600e+02 1.085518e+01 -3.151745e+01
    endloop
  endfacet
  facet normal 0.000000e+00 -9.350162e-01 3.546049e-01
    outer loop
      vertex   5.474800e+02 1.094078e+01 -3.129174e+01
      vertex   5.519600e+02 1.085518e+01 -3.151745e+01
      vertex   5.519600e+02 1.094078e+01 -3.129174e+01
    endloop
  endfacet
  facet normal 0.000000e+00 -9.797907e-01 2.000257e-01
    outer loop
      vertex   5.474800e+02 1.098906e+01 -3.105522e+01
      vertex   5.474800e+02 1.094078e+01 -3.129174e+01
      vertex   5.519600e+02 1.094078e+01 -3.129174e+01
    endloop
  endfacet
  facet normal 0.000000e+00 -9.797907e-01 2.000257e-01
    outer loop
      vertex   5.474800e+02 1.098906e+01 -3.105522e+01
      vertex   5.519600e+02 1.094078e+01 -3.129174e+01
      vertex   5.519600e+02 1.098906e+01 -3.105522e+01
    endloop
  endfacet
  facet normal 0.000000e+00 -9.991890e-01 4.026594e-02
    outer loop
      vertex   5.474800e+02 1.099878e+01 -3.081401e+01
      vertex   5.474800e+02 1.098906e+01 -3.105522e+01
      vertex   5.519600e+02 1.098906e+01 -3.105522e+01
    endloop
  endfacet
  facet normal 0.000000e+00 -9.991890e-01 4.026594e-02
    outer loop
      vertex   5.474800e+02 1.099878e+01 -3.081401e+01
      vertex   5.519600e+02 1.098906e+01 -3.105522e+01
      vertex   5.519600e+02 1.099878e+01 -3.081401e+01
    endloop
  endfacet
  facet normal 0.000000e+00 -9.927089e-01 -1.205367e-01
    outer loop
      vertex   5.474800e+02 1.096969e+01 -3.057437e+01
      vertex   5.474800e+02 1.099878e+01 -3.081401e+01
      vertex   5.519600e+02 1.099878e+01 -3.081401e+01
    endloop
  endfacet
  facet normal 0.000000e+00 -9.927089e-01 -1.205367e-01
    outer loop
      vertex   5.474800e+02 1.096969e+01 -3.057437e+01
      vertex   5.519600e+02 1.099878e+01 -3.081401e+01
      vertex   5.519600e+02 1.096969e+01 -3.057437e+01
    endloop
  endfacet
  facet normal 0.000000e+00 -9.605181e-01 -2.782175e-01
    outer loop
      vertex   5.474800e+02 1.090252e+01 -3.034251e+01
      vertex   5.474800e+02 1.096969e+01 -3.057437e+01
      vertex   5.519600e+02 1.096969e+01 -3.057437e+01
    endloop
  endfacet
  facet normal 0.000000e+00 -9.605181e-01 -2.782175e-01
    outer loop
      vertex   5.474800e+02 1.090252e+01 -3.034251e+01
      vertex   5.519600e+02 1.096969e+01 -3.057437e+01
      vertex   5.519600e+02 1.090252e+01 -3.034251e+01
    endloop
  endfacet
  facet normal 0.000000e+00 -9.034504e-01 -4.286926e-01
    outer loop
      vertex   5.474800e+02 1.079904e+01 -3.012441e+01
      vertex   5.474800e+02 1.090252e+01 -3.034251e+01
      vertex   5.519600e+02 1.090252e+01 -3.034251e+01
    endloop
  endfacet
  facet normal 0.000000e+00 -9.034504e-01 -4.286926e-01
    outer loop
      vertex   5.474800e+02 1.079904e+01 -3.012441e+01
      vertex   5.519600e+02 1.090252e+01 -3.034251e+01
      vertex   5.519600e+02 1.079904e+01 -3.012441e+01
    endloop
  endfacet
  facet normal 0.000000e+00 -8.229839e-01 -5.680647e-01
    outer loop
      vertex   5.474800e+02 1.066191e+01 -2.992575e+01
      vertex   5.474800e+02 1.079904e+01 -3.012441e+01
      vertex   5.519600e+02 1.079904e+01 -3.012441e+01
    endloop
  endfacet
  facet normal 0.000000e+00 -8.229839e-01 -5.680647e-01
    outer loop
      vertex   5.474800e+02 1.066191e+01 -2.992575e+01
      vertex   5.519600e+02 1.079904e+01 -3.012441e+01
      vertex   5.519600e+02 1.066191e+01 -2.992575e+01
    endloop
  endfacet
  facet normal 0.000000e+00 -7.212024e-01 -6.927244e-01
    outer loop
      vertex   5.474800e+02 1.049468e+01 -2.975165e+01
      vertex   5.474800e+02 1.066191e+01 -2.992575e+01
      vertex   5.519600e+02 1.066191e+01 -2.992575e+01
    endloop
  endfacet
  facet normal 0.000000e+00 -7.212024e-01 -6.927244e-01
    outer loop
      vertex   5.474800e+02 1.049468e+01 -2.975165e+01
      vertex   5.519600e+02 1.066191e+01 -2.992575e+01
      vertex   5.519600e+02 1.049468e+01 -2.975165e+01
    endloop
  endfacet
  facet normal 0.000000e+00 -6.007423e-01 -7.994428e-01
    outer loop
      vertex   5.474800e+02 1.030170e+01 -2.960663e+01
      vertex   5.474800e+02 1.049468e+01 -2.975165e+01
      vertex   5.519600e+02 1.049468e+01 -2.975165e+01
    endloop
  endfacet
  facet normal 0.000000e+00 -6.007423e-01 -7.994428e-01
    outer loop
      vertex   5.474800e+02 1.030170e+01 -2.960663e+01
      vertex   5.519600e+02 1.049468e+01 -2.975165e+01
      vertex   5.519600e+02 1.030170e+01 -2.960663e+01
    endloop
  endfacet
  facet normal 0.000000e+00 -4.647232e-01 -8.854560e-01
    outer loop
      vertex   5.474800e+02 1.008795e+01 -2.949444e+01
      vertex   5.474800e+02 1.030170e+01 -2.960663e+01
      vertex   5.519600e+02 1.030170e+01 -2.960663e+01
    endloop
  endfacet
  facet normal 0.000000e+00 -4.647232e-01 -8.854560e-01
    outer loop
      vertex   5.474800e+02 1.008795e+01 -2.949444e+01
      vertex   5.519600e+02 1.030170e+01 -2.960663e+01
      vertex   5.519600e+02 1.008795e+01 -2.949444e+01
    endloop
  endfacet
  facet normal 0.000000e+00 -3.166680e-01 -9.485364e-01
    outer loop
      vertex   5.474800e+02 9.858973e+00 -2.941800e+01
      vertex   5.474800e+02 1.008795e+01 -2.949444e+01
      vertex   5.519600e+02 1.008795e+01 -2.949444e+01
    endloop
  endfacet
  facet normal 0.000000e+00 -3.166680e-01 -9.485364e-01
    outer loop
      vertex   5.474800e+02 9.858973e+00 -2.941800e+01
      vertex   5.519600e+02 1.008795e+01 -2.949444e+01
      vertex   5.519600e+02 9.858973e+00 -2.941800e+01
    endloop
  endfacet
  facet normal 0.000000e+00 -1.604113e-01 -9.870503e-01
    outer loop
      vertex   5.474800e+02 9.620700e+00 -2.937928e+01
      vertex   5.474800e+02 9.858973e+00 -2.941800e+01
      vertex   5.519600e+02 9.858973e+00 -2.941800e+01
    endloop
  endfacet
  facet normal 0.000000e+00 -1.604113e-01 -9.870503e-01
    outer loop
      vertex   5.474800e+02 9.620700e+00 -2.937928e+01
      vertex   5.519600e+02 9.858973e+00 -2.941800e+01
      vertex   5.519600e+02 9.620700e+00 -2.937928e+01
    endloop
  endfacet
  facet normal 0.000000e+00 0.000000e+00 -1.000000e+00
    outer loop
      vertex   5.474800e+02 9.379300e+00 -2.937928e+01
      vertex   5.474800e+02 9.620700e+00 -2.937928e+01
      vertex   5.519600e+02 9.620700e+00 -2.937928e+01
    endloop
  endfacet
  facet normal 0.000000e+00 0.000000e+00 -1.000000e+00
    outer loop
      vertex   5.474800e+02 9.379300e+00 -2.937928e+01
      vertex   5.519600e+02 9.620700e+00 -2.937928e+01
      vertex   5.519600e+02 9.379300e+00 -2.937928e+01
    endloop
  endfacet
  facet normal 0.000000e+00 1.604113e-01 -9.870503e-01
    outer loop
      vertex   5.474800e+02 9.141027e+00 -2.941800e+01
      vertex   5.474800e+02 9.379300e+00 -2.937928e+01
      vertex   5.519600e+02 9.379300e+00 -2.937928e+01
    endloop
  endfacet
  facet normal 0.000000e+00 1.604113e-01 -9.870503e-01
    outer loop
      vertex   5.474800e+02 9.141027e+00 -2.941800e+01
      vertex   5.519600e+02 9.379300e+00 -2.937928e+01
      vertex   5.519600e+02 9.141027e+00 -2.941800e+01
    endloop
  endfacet
  facet normal 0.000000e+00 3.166680e-01 -9.485364e-01
    outer loop
      vertex   5.474800e+02 8.912050e+00 -2.949444e+01
      vertex   5.474800e+02 9.141027e+00 -2.941800e+01
      vertex   5.519600e+02 9.141027e+00 -2.941800e+01
    endloop
  endfacet
  facet normal 0.000000e+00 3.166680e-01 -9.485364e-01
    outer loop
      vertex   5.474800e+02 8.912050e+00 -2.949444e+01
      vertex   5.519600e+02 9.141027e+00 -2.941800e+01
      vertex   5.519600e+02 8.912050e+00 -2.949444e+01
    endloop
  endfacet
  facet normal 0.000000e+00 4.647232e-01 -8.854560e-01
    outer loop
      vertex   5.474800e+02 8.698301e+00 -2.960663e+01
      vertex   5.474800e+02 8.912050e+00 -2.949444e+01
      vertex   5.519600e+02 8.912050e+00 -2.949444e+01
    endloop
  endfacet
  facet normal 0.000000e+00 4.647232e-01 -8.854560e-01
    outer loop
      vertex   5.474800e+02 8.698301e+00 -2.960663e+01
      vertex   5.519600e+02 8.912050e+00 -2.949444e+01
      vertex   5.519600e+02 8.698301e+00 -2.960663e+01
    endloop
  endfacet
  facet normal 0.000000e+00 6.007423e-01 -7.994428e-01
    outer loop
      vertex   5.474800e+02 8.505316e+00 -2.975165e+01
      vertex   5.474800e+02 8.698301e+00 -2.960663e+01
      vertex   5.519600e+02 8.698301e+00 -2.960663e+01
    endloop
  endfacet
  facet normal 0.000000e+00 6.007423e-01 -7.994428e-01
    outer loop
      vertex   5.474800e+02 8.505316e+00 -2.975165e+01
      vertex   5.519600e+02 8.698301e+00 -2.960663e+01
      vertex   5.519600e+02 8.505316e+00 -2.975165e+01
    endloop
  endfacet
  facet normal 0.000000e+00 7.212024e-01 -6.927244e-01
    outer loop
      vertex   5.474800e+02 8.338093e+00 -2.992575e+01
      vertex   5.474800e+02 8.505316e+00 -2.975165e+01
      vertex   5.519600e+02 8.505316e+00 -2.975165e+01
    endloop
  endfacet
  facet normal 0.000000e+00 7.212024e-01 -6.927244e-01
    outer loop
      vertex   5.474800e+02 8.338093e+00 -2.992575e+01
      vertex   5.519600e+02 8.505316e+00 -2.975165e+01
      vertex   5.519600e+02 8.338093e+00 -2.992575e+01
    endloop
  endfacet
  facet normal 0.000000e+00 8.229839e-01 -5.680647e-01
    outer loop
      vertex   5.474800e+02 8.200962e+00 -3.012441e+01
      vertex   5.474800e+02 8.338093e+00 -2.992575e+01
      vertex   5.519600e+02 8.338093e+00 -2.992575e+01
    endloop
  endfacet
  facet normal 0.000000e+00 8.229839e-01 -5.680647e-01
    outer loop
      vertex   5.474800e+02 8.200962e+00 -3.012441e+01
      vertex   5.519600e+02 8.338093e+00 -2.992575e+01
      vertex   5.519600e+02 8.200962e+00 -3.012441e+01
    endloop
  endfacet
  facet normal 0.000000e+00 9.034504e-01 -4.286926e-01
    outer loop
      vertex   5.474800e+02 8.097476e+00 -3.034251e+01
      vertex   5.474800e+02 8.200962e+00 -3.012441e+01
      vertex   5.519600e+02 8.200962e+00 -3.012441e+01
    endloop
  endfacet
  facet normal 0.000000e+00 9.034504e-01 -4.286926e-01
    outer loop
      vertex   5.474800e+02 8.097476e+00 -3.034251e+01
      vertex   5.519600e+02 8.200962e+00 -3.012441e+01
      vertex   5.519600e+02 8.097476e+00 -3.034251e+01
    endloop
  endfacet
  facet normal 0.000000e+00 9.605181e-01 -2.782175e-01
    outer loop
      vertex   5.474800e+02 8.030314e+00 -3.057437e+01
      vertex   5.474800e+02 8.097476e+00 -3.034251e+01
      vertex   5.519600e+02 8.097476e+00 -3.034251e+01
    endloop
  endfacet
  facet normal 0.000000e+00 9.605181e-01 -2.782175e-01
    outer loop
      vertex   5.474800e+02 8.030314e+00 -3.057437e+01
      vertex   5.519600e+02 8.097476e+00 -3.034251e+01
      vertex   5.519600e+02 8.030314e+00 -3.057437e+01
    endloop
  endfacet
  facet normal 0.000000e+00 9.927089e-01 -1.205367e-01
    outer loop
      vertex   5.474800e+02 8.001217e+00 -3.081401e+01
      vertex   5.474800e+02 8.030314e+00 -3.057437e+01
      vertex   5.519600e+02 8.030314e+00 -3.057437e+01
    endloop
  endfacet
  facet normal 0.000000e+00 9.927089e-01 -1.205367e-01
    outer loop
      vertex   5.474800e+02 8.001217e+00 -3.081401e+01
      vertex   5.519600e+02 8.030314e+00 -3.057437e+01
      vertex   5.519600e+02 8.001217e+00 -3.081401e+01
    endloop
  endfacet
  facet normal 0.000000e+00 9.991890e-01 4.026594e-02
    outer loop
      vertex   5.474800e+02 8.010937e+00 -3.105522e+01
      vertex   5.474800e+02 8.001217e+00 -3.081401e+01
      vertex   5.519600e+02 8.001217e+00 -3.081401e+01
    endloop
  endfacet
  facet normal -0.000000e+00 9.991890e-01 4.026594e-02
    outer loop
      vertex   5.474800e+02 8.010937e+00 -3.105522e+01
      vertex   5.519600e+02 8.001217e+00 -3.081401e+01
      vertex   5.519600e+02 8.010937e+00 -3.105522e+01
    endloop
  endfacet
  facet normal 0.000000e+00 9.797907e-01 2.000257e-01
    outer loop
      vertex   5.474800e+02 8.059223e+00 -3.129174e+01
      vertex   5.474800e+02 8.010937e+00 -3.105522e+01
      vertex   5.519600e+02 8.010937e+00 -3.105522e+01
    endloop
  endfacet
  facet normal -0.000000e+00 9.797907e-01 2.000257e-01
    outer loop
      vertex   5.474800e+02 8.059223e+00 -3.129174e+01
      vertex   5.519600e+02 8.010937e+00 -3.105522e+01
      vertex   5.519600e+02 8.059223e+00 -3.129174e+01
    endloop
  endfacet
  facet normal 0.000000e+00 9.350162e-01 3.546049e-01
    outer loop
      vertex   5.474800e+02 8.144824e+00 -3.151745e+01
      vertex   5.474800e+02 8.059223e+00 -3.129174e+01
      vertex   5.519600e+02 8.059223e+00 -3.129174e+01
    endloop
  endfacet
  facet normal -0.000000e+00 9.350162e-01 3.546049e-01
    outer loop
      vertex   5.474800e+02 8.144824e+00 -3.151745e+01
      vertex   5.519600e+02 8.059223e+00 -3.129174e+01
      vertex   5.519600e+02 8.144824e+00 -3.151745e+01
    endloop
  endfacet
  facet normal 0.000000e+00 8.660254e-01 5.000000e-01
    outer loop
      vertex   5.474800e+02 8.265524e+00 -3.172651e+01
      vertex   5.474800e+02 8.144824e+00 -3.151745e+01
      vertex   5.519600e+02 8.144824e+00 -3.151745e+01
    endloop
  endfacet
  facet normal -0.000000e+00 8.660254e-01 5.000000e-01
    outer loop
      vertex   5.474800e+02 8.265524e+00 -3.172651e+01
      vertex   5.519600e+02 8.144824e+00 -3.151745e+01
      vertex   5.519600e+02 8.265524e+00 -3.172651e+01
    endloop
  endfacet
  facet normal 0.000000e+00 7.746050e-01 6.324454e-01
    outer loop
      vertex   5.474800e+02 8.418196e+00 -3.191350e+01
      vertex   5.474800e+02 8.265524e+00 -3.172651e+01
      vertex   5.519600e+02 8.265524e+00 -3.172651e+01
    endloop
  endfacet
  facet normal -0.000000e+00 7.746050e-01 6.324454e-01
    outer loop
      vertex   5.474800e+02 8.418196e+00 -3.191350e+01
      vertex   5.519600e+02 8.265524e+00 -3.172651e+01
      vertex   5.519600e+02 8.418196e+00 -3.191350e+01
    endloop
  endfacet
  facet normal 0.000000e+00 6.631227e-01 7.485107e-01
    outer loop
      vertex   5.474800e+02 8.598887e+00 -3.207358e+01
      vertex   5.474800e+02 8.418196e+00 -3.191350e+01
      vertex   5.519600e+02 8.418196e+00 -3.191350e+01
    endloop
  endfacet
  facet normal -0.000000e+00 6.631227e-01 7.485107e-01
    outer loop
      vertex   5.474800e+02 8.598887e+00 -3.207358e+01
      vertex   5.519600e+02 8.418196e+00 -3.191350e+01
      vertex   5.519600e+02 8.598887e+00 -3.207358e+01
    endloop
  endfacet
  facet normal 0.000000e+00 5.344658e-01 8.451901e-01
    outer loop
      vertex   5.474800e+02 8.802915e+00 -3.220260e+01
      vertex   5.474800e+02 8.598887e+00 -3.207358e+01
      vertex   5.519600e+02 8.598887e+00 -3.207358e+01
    endloop
  endfacet
  facet normal -0.000000e+00 5.344658e-01 8.451901e-01
    outer loop
      vertex   5.474800e+02 8.802915e+00 -3.220260e+01
      vertex   5.519600e+02 8.598887e+00 -3.207358e+01
      vertex   5.519600e+02 8.802915e+00 -3.220260e+01
    endloop
  endfacet
  facet normal 0.000000e+00 3.919666e-01 9.199794e-01
    outer loop
      vertex   5.474800e+02 9.024998e+00 -3.229722e+01
      vertex   5.474800e+02 8.802915e+00 -3.220260e+01
      vertex   5.519600e+02 8.802915e+00 -3.220260e+01
    endloop
  endfacet
  facet normal -0.000000e+00 3.919666e-01 9.199794e-01
    outer loop
      vertex   5.474800e+02 9.024998e+00 -3.229722e+01
      vertex   5.519600e+02 8.802915e+00 -3.220260e+01
      vertex   5.519600e+02 9.024998e+00 -3.229722e+01
    endloop
  endfacet
  facet normal 0.000000e+00 2.393157e-01 9.709418e-01
    outer loop
      vertex   5.474800e+02 9.259383e+00 -3.235499e+01
      vertex   5.474800e+02 9.024998e+00 -3.229722e+01
      vertex   5.519600e+02 9.024998e+00 -3.229722e+01
    endloop
  endfacet
  facet normal -0.000000e+00 2.393157e-01 9.709418e-01
    outer loop
      vertex   5.474800e+02 9.259383e+00 -3.235499e+01
      vertex   5.519600e+02 9.024998e+00 -3.229722e+01
      vertex   5.519600e+02 9.259383e+00 -3.235499e+01
    endloop
  endfacet
  facet normal 0.000000e+00 1.000000e+00 0.000000e+00
    outer loop
      vertex   5.604000e+02 1.200000e+01 -8.249414e+00
      vertex   5.604000e+02 1.200000e+01 -2.528373e+01
      vertex   5.430000e+02 1.200000e+01 -8.249414e+00
    endloop
  endfacet
  facet normal 0.000000e+00 1.000000e+00 0.000000e+00
    outer loop
      vertex   5.430000e+02 1.200000e+01 -8.249414e+00
      vertex   5.604000e+02 1.200000e+01 -2.528373e+01
      vertex   5.604000e+02 1.200000e+01 -3.521510e+01
    endloop
  endfacet
  facet normal 0.000000e+00 1.000000e+00 0.000000e+00
    outer loop
      vertex   5.430000e+02 1.200000e+01 -8.249414e+00
      vertex   5.604000e+02 1.200000e+01 -3.521510e+01
      vertex   5.430000e+02 1.200000e+01 -9.874941e+01
    endloop
  endfacet
  facet normal 0.000000e+00 1.000000e+00 0.000000e+00
    outer loop
      vertex   5.430000e+02 1.200000e+01 -9.874941e+01
      vertex   5.604000e+02 1.200000e+01 -3.521510e+01
      vertex   5.604000e+02 1.200000e+01 -7.178373e+01
    endloop
  endfacet
  facet normal 0.000000e+00 1.000000e+00 0.000000e+00
    outer loop
      vertex   5.430000e+02 1.200000e+01 -9.874941e+01
      vertex   5.604000e+02 1.200000e+01 -7.178373e+01
      vertex   5.604000e+02 1.200000e+01 -8.171510e+01
    endloop
  endfacet
  facet normal 0.000000e+00 1.000000e+00 -0.000000e+00
    outer loop
      vertex   5.604000e+02 1.200000e+01 -8.171510e+01
      vertex   5.604000e+02 1.200000e+01 -7.178373e+01
      vertex   5.634000e+02 1.200000e+01 -6.878373e+01
    endloop
  endfacet
  facet normal -0.000000e+00 1.000000e+00 0.000000e+00
    outer loop
      vertex   5.604000e+02 1.200000e+01 -8.171510e+01
      vertex   5.634000e+02 1.200000e+01 -6.878373e+01
      vertex   5.634000e+02 1.200000e+01 -8.471510e+01
    endloop
  endfacet
  facet normal -0.000000e+00 1.000000e+00 0.000000e+00
    outer loop
      vertex   5.604000e+02 1.200000e+01 -2.528373e+01
      vertex   5.634000e+02 1.200000e+01 -2.228373e+01
      vertex   5.604000e+02 1.200000e+01 -3.521510e+01
    endloop
  endfacet
  facet normal -0.000000e+00 1.000000e+00 0.000000e+00
    outer loop
      vertex   5.604000e+02 1.200000e+01 -3.521510e+01
      vertex   5.634000e+02 1.200000e+01 -2.228373e+01
      vertex   5.634000e+02 1.200000e+01 -3.821510e+01
    endloop
  endfacet
  facet normal 0.000000e+00 1.000000e+00 0.000000e+00
    outer loop
      vertex   5.604000e+02 1.200000e+01 -8.171510e+01
      vertex   5.604000e+02 1.200000e+01 -9.874941e+01
      vertex   5.430000e+02 1.200000e+01 -9.874941e+01
    endloop
  endfacet
  facet normal 1.581570e-11 0.000000e+00 -1.000000e+00
    outer loop
      vertex   5.430000e+02 1.200000e+01 -9.874941e+01
      vertex   5.604000e+02 1.200000e+01 -9.874941e+01
      vertex   5.430000e+02 7.000000e+00 -9.874941e+01
    endloop
  endfacet
  facet normal 0.000000e+00 5.503864e-11 -1.000000e+00
    outer loop
      vertex   5.430000e+02 7.000000e+00 -9.874941e+01
      vertex   5.604000e+02 1.200000e+01 -9.874941e+01
      vertex   5.654000e+02 7.000000e+00 -9.874941e+01
    endloop
  endfacet
  facet normal 6.879731e-10 7.430117e-10 -1.000000e+00
    outer loop
      vertex   5.654000e+02 7.000000e+00 -9.874941e+01
      vertex   5.604000e+02 1.200000e+01 -9.874941e+01
      vertex   5.654000e+02 1.200000e+01 -9.874941e+01
    endloop
  endfacet
  facet normal -1.000000e+00 0.000000e+00 -0.000000e+00
    outer loop
      vertex   5.430000e+02 9.740617e+00 -7.760499e+01
      vertex   5.430000e+02 1.200000e+01 -9.874941e+01
      vertex   5.430000e+02 9.500000e+00 -7.762441e+01
    endloop
  endfacet
  facet normal -1.000000e+00 0.000000e+00 -0.000000e+00
    outer loop
      vertex   5.430000e+02 9.500000e+00 -7.762441e+01
      vertex   5.430000e+02 1.200000e+01 -9.874941e+01
      vertex   5.430000e+02 7.000000e+00 -9.874941e+01
    endloop
  endfacet
  facet normal -1.000000e+00 -0.000000e+00 0.000000e+00
    outer loop
      vertex   5.430000e+02 9.500000e+00 -7.762441e+01
      vertex   5.430000e+02 7.000000e+00 -9.874941e+01
      vertex   5.430000e+02 9.259383e+00 -7.760499e+01
    endloop
  endfacet
  facet normal -1.000000e+00 -0.000000e+00 0.000000e+00
    outer loop
      vertex   5.430000e+02 9.259383e+00 -7.760499e+01
      vertex   5.430000e+02 7.000000e+00 -9.874941e+01
      vertex   5.430000e+02 9.024998e+00 -7.754722e+01
    endloop
  endfacet
  facet normal -1.000000e+00 -0.000000e+00 0.000000e+00
    outer loop
      vertex   5.430000e+02 9.024998e+00 -7.754722e+01
      vertex   5.430000e+02 7.000000e+00 -9.874941e+01
      vertex   5.430000e+02 8.802915e+00 -7.745260e+01
    endloop
  endfacet
  facet normal -1.000000e+00 -0.000000e+00 0.000000e+00
    outer loop
      vertex   5.430000e+02 8.802915e+00 -7.745260e+01
      vertex   5.430000e+02 7.000000e+00 -9.874941e+01
      vertex   5.430000e+02 8.598887e+00 -7.732358e+01
    endloop
  endfacet
  facet normal -1.000000e+00 -0.000000e+00 0.000000e+00
    outer loop
      vertex   5.430000e+02 8.598887e+00 -7.732358e+01
      vertex   5.430000e+02 7.000000e+00 -9.874941e+01
      vertex   5.430000e+02 8.418196e+00 -7.716350e+01
    endloop
  endfacet
  facet normal -1.000000e+00 -0.000000e+00 0.000000e+00
    outer loop
      vertex   5.430000e+02 8.418196e+00 -7.716350e+01
      vertex   5.430000e+02 7.000000e+00 -9.874941e+01
      vertex   5.430000e+02 8.265524e+00 -7.697651e+01
    endloop
  endfacet
  facet normal -1.000000e+00 -0.000000e+00 0.000000e+00
    outer loop
      vertex   5.430000e+02 8.265524e+00 -7.697651e+01
      vertex   5.430000e+02 7.000000e+00 -9.874941e+01
      vertex   5.430000e+02 8.144824e+00 -7.676745e+01
    endloop
  endfacet
  facet normal -1.000000e+00 -0.000000e+00 0.000000e+00
    outer loop
      vertex   5.430000e+02 8.144824e+00 -7.676745e+01
      vertex   5.430000e+02 7.000000e+00 -9.874941e+01
      vertex   5.430000e+02 8.059223e+00 -7.654174e+01
    endloop
  endfacet
  facet normal -1.000000e+00 -0.000000e+00 0.000000e+00
    outer loop
      vertex   5.430000e+02 8.059223e+00 -7.654174e+01
      vertex   5.430000e+02 7.000000e+00 -9.874941e+01
      vertex   5.430000e+02 8.010937e+00 -7.630522e+01
    endloop
  endfacet
  facet normal -1.000000e+00 -0.000000e+00 0.000000e+00
    outer loop
      vertex   5.430000e+02 8.010937e+00 -7.630522e+01
      vertex   5.430000e+02 7.000000e+00 -9.874941e+01
      vertex   5.430000e+02 8.001217e+00 -7.606401e+01
    endloop
  endfacet
  facet normal -1.000000e+00 -0.000000e+00 0.000000e+00
    outer loop
      vertex   5.430000e+02 8.001217e+00 -7.606401e+01
      vertex   5.430000e+02 7.000000e+00 -9.874941e+01
      vertex   5.430000e+02 7.000000e+00 -8.249414e+00
    endloop
  endfacet
  facet normal -1.000000e+00 0.000000e+00 0.000000e+00
    outer loop
      vertex   5.430000e+02 8.001217e+00 -7.606401e+01
      vertex   5.430000e+02 7.000000e+00 -8.249414e+00
      vertex   5.430000e+02 8.001217e+00 -3.081401e+01
    endloop
  endfacet
  facet normal -1.000000e+00 0.000000e+00 0.000000e+00
    outer loop
      vertex   5.430000e+02 8.001217e+00 -3.081401e+01
      vertex   5.430000e+02 7.000000e+00 -8.249414e+00
      vertex   5.430000e+02 8.030314e+00 -3.057437e+01
    endloop
  endfacet
  facet normal -1.000000e+00 0.000000e+00 0.000000e+00
    outer loop
      vertex   5.430000e+02 8.030314e+00 -3.057437e+01
      vertex   5.430000e+02 7.000000e+00 -8.249414e+00
      vertex   5.430000e+02 8.097476e+00 -3.034251e+01
    endloop
  endfacet
  facet normal -1.000000e+00 0.000000e+00 0.000000e+00
    outer loop
      vertex   5.430000e+02 8.097476e+00 -3.034251e+01
      vertex   5.430000e+02 7.000000e+00 -8.249414e+00
      vertex   5.430000e+02 8.200962e+00 -3.012441e+01
    endloop
  endfacet
  facet normal -1.000000e+00 0.000000e+00 0.000000e+00
    outer loop
      vertex   5.430000e+02 8.200962e+00 -3.012441e+01
      vertex   5.430000e+02 7.000000e+00 -8.249414e+00
      vertex   5.430000e+02 8.338093e+00 -2.992575e+01
    endloop
  endfacet
  facet normal -1.000000e+00 0.000000e+00 0.000000e+00
    outer loop
      vertex   5.430000e+02 8.338093e+00 -2.992575e+01
      vertex   5.430000e+02 7.000000e+00 -8.249414e+00
      vertex   5.430000e+02 8.505316e+00 -2.975165e+01
    endloop
  endfacet
  facet normal -1.000000e+00 0.000000e+00 0.000000e+00
    outer loop
      vertex   5.430000e+02 8.505316e+00 -2.975165e+01
      vertex   5.430000e+02 7.000000e+00 -8.249414e+00
      vertex   5.430000e+02 8.698301e+00 -2.960663e+01
    endloop
  endfacet
  facet normal -1.000000e+00 0.000000e+00 0.000000e+00
    outer loop
      vertex   5.430000e+02 8.698301e+00 -2.960663e+01
      vertex   5.430000e+02 7.000000e+00 -8.249414e+00
      vertex   5.430000e+02 8.912050e+00 -2.949444e+01
    endloop
  endfacet
  facet normal -1.000000e+00 0.000000e+00 0.000000e+00
    outer loop
      vertex   5.430000e+02 8.912050e+00 -2.949444e+01
      vertex   5.430000e+02 7.000000e+00 -8.249414e+00
      vertex   5.430000e+02 9.141027e+00 -2.941800e+01
    endloop
  endfacet
  facet normal -1.000000e+00 0.000000e+00 0.000000e+00
    outer loop
      vertex   5.430000e+02 9.141027e+00 -2.941800e+01
      vertex   5.430000e+02 7.000000e+00 -8.249414e+00
      vertex   5.430000e+02 9.379300e+00 -2.937928e+01
    endloop
  endfacet
  facet normal -1.000000e+00 0.000000e+00 0.000000e+00
    outer loop
      vertex   5.430000e+02 9.379300e+00 -2.937928e+01
      vertex   5.430000e+02 7.000000e+00 -8.249414e+00
      vertex   5.430000e+02 1.200000e+01 -8.249414e+00
    endloop
  endfacet
  facet normal -1.000000e+00 0.000000e+00 0.000000e+00
    outer loop
      vertex   5.430000e+02 9.379300e+00 -2.937928e+01
      vertex   5.430000e+02 1.200000e+01 -8.249414e+00
      vertex   5.430000e+02 9.620700e+00 -2.937928e+01
    endloop
  endfacet
  facet normal -1.000000e+00 0.000000e+00 0.000000e+00
    outer loop
      vertex   5.430000e+02 9.620700e+00 -2.937928e+01
      vertex   5.430000e+02 1.200000e+01 -8.249414e+00
      vertex   5.430000e+02 9.858973e+00 -2.941800e+01
    endloop
  endfacet
  facet normal -1.000000e+00 0.000000e+00 0.000000e+00
    outer loop
      vertex   5.430000e+02 9.858973e+00 -2.941800e+01
      vertex   5.430000e+02 1.200000e+01 -8.249414e+00
      vertex   5.430000e+02 1.008795e+01 -2.949444e+01
    endloop
  endfacet
  facet normal -1.000000e+00 0.000000e+00 0.000000e+00
    outer loop
      vertex   5.430000e+02 1.008795e+01 -2.949444e+01
      vertex   5.430000e+02 1.200000e+01 -8.249414e+00
      vertex   5.430000e+02 1.030170e+01 -2.960663e+01
    endloop
  endfacet
  facet normal -1.000000e+00 0.000000e+00 0.000000e+00
    outer loop
      vertex   5.430000e+02 1.030170e+01 -2.960663e+01
      vertex   5.430000e+02 1.200000e+01 -8.249414e+00
      vertex   5.430000e+02 1.049468e+01 -2.975165e+01
    endloop
  endfacet
  facet normal -1.000000e+00 0.000000e+00 0.000000e+00
    outer loop
      vertex   5.430000e+02 1.049468e+01 -2.975165e+01
      vertex   5.430000e+02 1.200000e+01 -8.249414e+00
      vertex   5.430000e+02 1.066191e+01 -2.992575e+01
    endloop
  endfacet
  facet normal -1.000000e+00 0.000000e+00 0.000000e+00
    outer loop
      vertex   5.430000e+02 1.066191e+01 -2.992575e+01
      vertex   5.430000e+02 1.200000e+01 -8.249414e+00
      vertex   5.430000e+02 1.079904e+01 -3.012441e+01
    endloop
  endfacet
  facet normal -1.000000e+00 0.000000e+00 0.000000e+00
    outer loop
      vertex   5.430000e+02 1.079904e+01 -3.012441e+01
      vertex   5.430000e+02 1.200000e+01 -8.249414e+00
      vertex   5.430000e+02 1.090252e+01 -3.034251e+01
    endloop
  endfacet
  facet normal -1.000000e+00 0.000000e+00 0.000000e+00
    outer loop
      vertex   5.430000e+02 1.090252e+01 -3.034251e+01
      vertex   5.430000e+02 1.200000e+01 -8.249414e+00
      vertex   5.430000e+02 1.096969e+01 -3.057437e+01
    endloop
  endfacet
  facet normal -1.000000e+00 0.000000e+00 0.000000e+00
    outer loop
      vertex   5.430000e+02 1.096969e+01 -3.057437e+01
      vertex   5.430000e+02 1.200000e+01 -8.249414e+00
      vertex   5.430000e+02 1.099878e+01 -3.081401e+01
    endloop
  endfacet
  facet normal -1.000000e+00 0.000000e+00 0.000000e+00
    outer loop
      vertex   5.430000e+02 1.099878e+01 -3.081401e+01
      vertex   5.430000e+02 1.200000e+01 -8.249414e+00
      vertex   5.430000e+02 1.099878e+01 -7.606401e+01
    endloop
  endfacet
  facet normal -1.000000e+00 0.000000e+00 -0.000000e+00
    outer loop
      vertex   5.430000e+02 1.099878e+01 -3.081401e+01
      vertex   5.430000e+02 1.099878e+01 -7.606401e+01
      vertex   5.430000e+02 1.098906e+01 -3.105522e+01
    endloop
  endfacet
  facet normal -1.000000e+00 0.000000e+00 -0.000000e+00
    outer loop
      vertex   5.430000e+02 1.098906e+01 -3.105522e+01
      vertex   5.430000e+02 1.099878e+01 -7.606401e+01
      vertex   5.430000e+02 1.096969e+01 -7.582437e+01
    endloop
  endfacet
  facet normal -1.000000e+00 0.000000e+00 0.000000e+00
    outer loop
      vertex   5.430000e+02 1.098906e+01 -3.105522e+01
      vertex   5.430000e+02 1.096969e+01 -7.582437e+01
      vertex   5.430000e+02 1.094078e+01 -3.129174e+01
    endloop
  endfacet
  facet normal -1.000000e+00 0.000000e+00 -0.000000e+00
    outer loop
      vertex   5.430000e+02 1.094078e+01 -3.129174e+01
      vertex   5.430000e+02 1.096969e+01 -7.582437e+01
      vertex   5.430000e+02 1.090252e+01 -7.559251e+01
    endloop
  endfacet
  facet normal -1.000000e+00 0.000000e+00 0.000000e+00
    outer loop
      vertex   5.430000e+02 1.094078e+01 -3.129174e+01
      vertex   5.430000e+02 1.090252e+01 -7.559251e+01
      vertex   5.430000e+02 1.085518e+01 -3.151745e+01
    endloop
  endfacet
  facet normal -1.000000e+00 0.000000e+00 -0.000000e+00
    outer loop
      vertex   5.430000e+02 1.085518e+01 -3.151745e+01
      vertex   5.430000e+02 1.090252e+01 -7.559251e+01
      vertex   5.430000e+02 1.079904e+01 -7.537441e+01
    endloop
  endfacet
  facet normal -1.000000e+00 0.000000e+00 0.000000e+00
    outer loop
      vertex   5.430000e+02 1.085518e+01 -3.151745e+01
      vertex   5.430000e+02 1.079904e+01 -7.537441e+01
      vertex   5.430000e+02 1.073448e+01 -3.172651e+01
    endloop
  endfacet
  facet normal -1.000000e+00 0.000000e+00 -0.000000e+00
    outer loop
      vertex   5.430000e+02 1.073448e+01 -3.172651e+01
      vertex   5.430000e+02 1.079904e+01 -7.537441e+01
      vertex   5.430000e+02 1.066191e+01 -7.517575e+01
    endloop
  endfacet
  facet normal -1.000000e+00 0.000000e+00 0.000000e+00
    outer loop
      vertex   5.430000e+02 1.073448e+01 -3.172651e+01
      vertex   5.430000e+02 1.066191e+01 -7.517575e+01
      vertex   5.430000e+02 1.058180e+01 -3.191350e+01
    endloop
  endfacet
  facet normal -1.000000e+00 0.000000e+00 -0.000000e+00
    outer loop
      vertex   5.430000e+02 1.058180e+01 -3.191350e+01
      vertex   5.430000e+02 1.066191e+01 -7.517575e+01
      vertex   5.430000e+02 1.049468e+01 -7.500165e+01
    endloop
  endfacet
  facet normal -1.000000e+00 0.000000e+00 0.000000e+00
    outer loop
      vertex   5.430000e+02 1.058180e+01 -3.191350e+01
      vertex   5.430000e+02 1.049468e+01 -7.500165e+01
      vertex   5.430000e+02 1.040111e+01 -3.207358e+01
    endloop
  endfacet
  facet normal -1.000000e+00 0.000000e+00 -0.000000e+00
    outer loop
      vertex   5.430000e+02 1.040111e+01 -3.207358e+01
      vertex   5.430000e+02 1.049468e+01 -7.500165e+01
      vertex   5.430000e+02 1.030170e+01 -7.485663e+01
    endloop
  endfacet
  facet normal -1.000000e+00 0.000000e+00 0.000000e+00
    outer loop
      vertex   5.430000e+02 1.040111e+01 -3.207358e+01
      vertex   5.430000e+02 1.030170e+01 -7.485663e+01
      vertex   5.430000e+02 1.019708e+01 -3.220260e+01
    endloop
  endfacet
  facet normal -1.000000e+00 0.000000e+00 -0.000000e+00
    outer loop
      vertex   5.430000e+02 1.019708e+01 -3.220260e+01
      vertex   5.430000e+02 1.030170e+01 -7.485663e+01
      vertex   5.430000e+02 1.008795e+01 -7.474444e+01
    endloop
  endfacet
  facet normal -1.000000e+00 0.000000e+00 0.000000e+00
    outer loop
      vertex   5.430000e+02 1.019708e+01 -3.220260e+01
      vertex   5.430000e+02 1.008795e+01 -7.474444e+01
      vertex   5.430000e+02 9.975002e+00 -3.229722e+01
    endloop
  endfacet
  facet normal -1.000000e+00 0.000000e+00 -0.000000e+00
    outer loop
      vertex   5.430000e+02 9.975002e+00 -3.229722e+01
      vertex   5.430000e+02 1.008795e+01 -7.474444e+01
      vertex   5.430000e+02 9.858973e+00 -7.466800e+01
    endloop
  endfacet
  facet normal -1.000000e+00 0.000000e+00 0.000000e+00
    outer loop
      vertex   5.430000e+02 9.975002e+00 -3.229722e+01
      vertex   5.430000e+02 9.858973e+00 -7.466800e+01
      vertex   5.430000e+02 9.740617e+00 -3.235499e+01
    endloop
  endfacet
  facet normal -1.000000e+00 0.000000e+00 -0.000000e+00
    outer loop
      vertex   5.430000e+02 9.740617e+00 -3.235499e+01
      vertex   5.430000e+02 9.858973e+00 -7.466800e+01
      vertex   5.430000e+02 9.620700e+00 -7.462928e+01
    endloop
  endfacet
  facet normal -1.000000e+00 0.000000e+00 0.000000e+00
    outer loop
      vertex   5.430000e+02 9.740617e+00 -3.235499e+01
      vertex   5.430000e+02 9.620700e+00 -7.462928e+01
      vertex   5.430000e+02 9.500000e+00 -3.237441e+01
    endloop
  endfacet
  facet normal -1.000000e+00 0.000000e+00 -0.000000e+00
    outer loop
      vertex   5.430000e+02 9.500000e+00 -3.237441e+01
      vertex   5.430000e+02 9.620700e+00 -7.462928e+01
      vertex   5.430000e+02 9.379300e+00 -7.462928e+01
    endloop
  endfacet
  facet normal -1.000000e+00 -0.000000e+00 0.000000e+00
    outer loop
      vertex   5.430000e+02 9.500000e+00 -3.237441e+01
      vertex   5.430000e+02 9.379300e+00 -7.462928e+01
      vertex   5.430000e+02 9.259383e+00 -3.235499e+01
    endloop
  endfacet
  facet normal -1.000000e+00 0.000000e+00 -0.000000e+00
    outer loop
      vertex   5.430000e+02 9.259383e+00 -3.235499e+01
      vertex   5.430000e+02 9.379300e+00 -7.462928e+01
      vertex   5.430000e+02 9.141027e+00 -7.466800e+01
    endloop
  endfacet
  facet normal -1.000000e+00 -0.000000e+00 0.000000e+00
    outer loop
      vertex   5.430000e+02 9.259383e+00 -3.235499e+01
      vertex   5.430000e+02 9.141027e+00 -7.466800e+01
      vertex   5.430000e+02 9.024998e+00 -3.229722e+01
    endloop
  endfacet
  facet normal -1.000000e+00 0.000000e+00 -0.000000e+00
    outer loop
      vertex   5.430000e+02 9.024998e+00 -3.229722e+01
      vertex   5.430000e+02 9.141027e+00 -7.466800e+01
      vertex   5.430000e+02 8.912050e+00 -7.474444e+01
    endloop
  endfacet
  facet normal -1.000000e+00 -0.000000e+00 0.000000e+00
    outer loop
      vertex   5.430000e+02 9.024998e+00 -3.229722e+01
      vertex   5.430000e+02 8.912050e+00 -7.474444e+01
      vertex   5.430000e+02 8.802915e+00 -3.220260e+01
    endloop
  endfacet
  facet normal -1.000000e+00 0.000000e+00 -0.000000e+00
    outer loop
      vertex   5.430000e+02 8.802915e+00 -3.220260e+01
      vertex   5.430000e+02 8.912050e+00 -7.474444e+01
      vertex   5.430000e+02 8.698301e+00 -7.485663e+01
    endloop
  endfacet
  facet normal -1.000000e+00 -0.000000e+00 0.000000e+00
    outer loop
      vertex   5.430000e+02 8.802915e+00 -3.220260e+01
      vertex   5.430000e+02 8.698301e+00 -7.485663e+01
      vertex   5.430000e+02 8.598887e+00 -3.207358e+01
    endloop
  endfacet
  facet normal -1.000000e+00 0.000000e+00 -0.000000e+00
    outer loop
      vertex   5.430000e+02 8.598887e+00 -3.207358e+01
      vertex   5.430000e+02 8.698301e+00 -7.485663e+01
      vertex   5.430000e+02 8.505316e+00 -7.500165e+01
    endloop
  endfacet
  facet normal -1.000000e+00 -0.000000e+00 0.000000e+00
    outer loop
      vertex   5.430000e+02 8.598887e+00 -3.207358e+01
      vertex   5.430000e+02 8.505316e+00 -7.500165e+01
      vertex   5.430000e+02 8.418196e+00 -3.191350e+01
    endloop
  endfacet
  facet normal -1.000000e+00 0.000000e+00 -0.000000e+00
    outer loop
      vertex   5.430000e+02 8.418196e+00 -3.191350e+01
      vertex   5.430000e+02 8.505316e+00 -7.500165e+01
      vertex   5.430000e+02 8.338093e+00 -7.517575e+01
    endloop
  endfacet
  facet normal -1.000000e+00 -0.000000e+00 0.000000e+00
    outer loop
      vertex   5.430000e+02 8.418196e+00 -3.191350e+01
      vertex   5.430000e+02 8.338093e+00 -7.517575e+01
      vertex   5.430000e+02 8.265524e+00 -3.172651e+01
    endloop
  endfacet
  facet normal -1.000000e+00 0.000000e+00 -0.000000e+00
    outer loop
      vertex   5.430000e+02 8.265524e+00 -3.172651e+01
      vertex   5.430000e+02 8.338093e+00 -7.517575e+01
      vertex   5.430000e+02 8.200962e+00 -7.537441e+01
    endloop
  endfacet
  facet normal -1.000000e+00 -0.000000e+00 0.000000e+00
    outer loop
      vertex   5.430000e+02 8.265524e+00 -3.172651e+01
      vertex   5.430000e+02 8.200962e+00 -7.537441e+01
      vertex   5.430000e+02 8.144824e+00 -3.151745e+01
    endloop
  endfacet
  facet normal -1.000000e+00 0.000000e+00 -0.000000e+00
    outer loop
      vertex   5.430000e+02 8.144824e+00 -3.151745e+01
      vertex   5.430000e+02 8.200962e+00 -7.537441e+01
      vertex   5.430000e+02 8.097476e+00 -7.559251e+01
    endloop
  endfacet
  facet normal -1.000000e+00 -0.000000e+00 0.000000e+00
    outer loop
      vertex   5.430000e+02 8.144824e+00 -3.151745e+01
      vertex   5.430000e+02 8.097476e+00 -7.559251e+01
      vertex   5.430000e+02 8.059223e+00 -3.129174e+01
    endloop
  endfacet
  facet normal -1.000000e+00 0.000000e+00 -0.000000e+00
    outer loop
      vertex   5.430000e+02 8.059223e+00 -3.129174e+01
      vertex   5.430000e+02 8.097476e+00 -7.559251e+01
      vertex   5.430000e+02 8.030314e+00 -7.582437e+01
    endloop
  endfacet
  facet normal -1.000000e+00 -0.000000e+00 0.000000e+00
    outer loop
      vertex   5.430000e+02 8.059223e+00 -3.129174e+01
      vertex   5.430000e+02 8.030314e+00 -7.582437e+01
      vertex   5.430000e+02 8.010937e+00 -3.105522e+01
    endloop
  endfacet
  facet normal -1.000000e+00 0.000000e+00 -0.000000e+00
    outer loop
      vertex   5.430000e+02 8.010937e+00 -3.105522e+01
      vertex   5.430000e+02 8.030314e+00 -7.582437e+01
      vertex   5.430000e+02 8.001217e+00 -7.606401e+01
    endloop
  endfacet
  facet normal -1.000000e+00 -0.000000e+00 0.000000e+00
    outer loop
      vertex   5.430000e+02 8.010937e+00 -3.105522e+01
      vertex   5.430000e+02 8.001217e+00 -7.606401e+01
      vertex   5.430000e+02 8.001217e+00 -3.081401e+01
    endloop
  endfacet
  facet normal -1.000000e+00 0.000000e+00 0.000000e+00
    outer loop
      vertex   5.430000e+02 9.740617e+00 -7.760499e+01
      vertex   5.430000e+02 9.975002e+00 -7.754722e+01
      vertex   5.430000e+02 1.200000e+01 -9.874941e+01
    endloop
  endfacet
  facet normal -1.000000e+00 0.000000e+00 0.000000e+00
    outer loop
      vertex   5.430000e+02 1.200000e+01 -9.874941e+01
      vertex   5.430000e+02 9.975002e+00 -7.754722e+01
      vertex   5.430000e+02 1.019708e+01 -7.745260e+01
    endloop
  endfacet
  facet normal -1.000000e+00 0.000000e+00 0.000000e+00
    outer loop
      vertex   5.430000e+02 1.200000e+01 -9.874941e+01
      vertex   5.430000e+02 1.019708e+01 -7.745260e+01
      vertex   5.430000e+02 1.040111e+01 -7.732358e+01
    endloop
  endfacet
  facet normal -1.000000e+00 0.000000e+00 0.000000e+00
    outer loop
      vertex   5.430000e+02 1.040111e+01 -7.732358e+01
      vertex   5.430000e+02 1.058180e+01 -7.716350e+01
      vertex   5.430000e+02 1.200000e+01 -9.874941e+01
    endloop
  endfacet
  facet normal -1.000000e+00 0.000000e+00 0.000000e+00
    outer loop
      vertex   5.430000e+02 1.200000e+01 -9.874941e+01
      vertex   5.430000e+02 1.058180e+01 -7.716350e+01
      vertex   5.430000e+02 1.073448e+01 -7.697651e+01
    endloop
  endfacet
  facet normal -1.000000e+00 0.000000e+00 0.000000e+00
    outer loop
      vertex   5.430000e+02 1.200000e+01 -9.874941e+01
      vertex   5.430000e+02 1.073448e+01 -7.697651e+01
      vertex   5.430000e+02 1.085518e+01 -7.676745e+01
    endloop
  endfacet
  facet normal -1.000000e+00 0.000000e+00 0.000000e+00
    outer loop
      vertex   5.430000e+02 1.085518e+01 -7.676745e+01
      vertex   5.430000e+02 1.094078e+01 -7.654174e+01
      vertex   5.430000e+02 1.200000e+01 -9.874941e+01
    endloop
  endfacet
  facet normal -1.000000e+00 0.000000e+00 0.000000e+00
    outer loop
      vertex   5.430000e+02 1.200000e+01 -9.874941e+01
      vertex   5.430000e+02 1.094078e+01 -7.654174e+01
      vertex   5.430000e+02 1.098906e+01 -7.630522e+01
    endloop
  endfacet
  facet normal -1.000000e+00 0.000000e+00 0.000000e+00
    outer loop
      vertex   5.430000e+02 1.200000e+01 -9.874941e+01
      vertex   5.430000e+02 1.098906e+01 -7.630522e+01
      vertex   5.430000e+02 1.099878e+01 -7.606401e+01
    endloop
  endfacet
  facet normal -1.000000e+00 0.000000e+00 -0.000000e+00
    outer loop
      vertex   5.430000e+02 1.200000e+01 -8.249414e+00
      vertex   5.430000e+02 1.200000e+01 -9.874941e+01
      vertex   5.430000e+02 1.099878e+01 -7.606401e+01
    endloop
  endfacet
  facet normal 0.000000e+00 -1.000000e+00 0.000000e+00
    outer loop
      vertex   5.654000e+02 7.000000e+00 -9.874941e+01
      vertex   5.654000e+02 7.000000e+00 -8.249414e+00
      vertex   5.430000e+02 7.000000e+00 -9.874941e+01
    endloop
  endfacet
  facet normal 0.000000e+00 -1.000000e+00 0.000000e+00
    outer loop
      vertex   5.430000e+02 7.000000e+00 -9.874941e+01
      vertex   5.654000e+02 7.000000e+00 -8.249414e+00
      vertex   5.430000e+02 7.000000e+00 -8.249414e+00
    endloop
  endfacet
  facet normal -1.000000e+00 -0.000000e+00 -0.000000e+00
    outer loop
      vertex   5.604000e+02 3.700000e+01 -8.249414e+00
      vertex   5.604000e+02 3.700000e+01 -2.528373e+01
      vertex   5.604000e+02 1.200000e+01 -8.249414e+00
    endloop
  endfacet
  facet normal -1.000000e+00 0.000000e+00 0.000000e+00
    outer loop
      vertex   5.604000e+02 1.200000e+01 -8.249414e+00
      vertex   5.604000e+02 3.700000e+01 -2.528373e+01
      vertex   5.604000e+02 1.200000e+01 -2.528373e+01
    endloop
  endfacet
  facet normal -3.552714e-16 0.000000e+00 1.000000e+00
    outer loop
      vertex   5.604000e+02 3.700000e+01 -8.249414e+00
      vertex   5.604000e+02 1.200000e+01 -8.249414e+00
      vertex   5.654000e+02 3.700000e+01 -8.249414e+00
    endloop
  endfacet
  facet normal -6.513308e-16 5.921189e-17 1.000000e+00
    outer loop
      vertex   5.654000e+02 3.700000e+01 -8.249414e+00
      vertex   5.604000e+02 1.200000e+01 -8.249414e+00
      vertex   5.654000e+02 7.000000e+00 -8.249414e+00
    endloop
  endfacet
  facet normal 0.000000e+00 7.105427e-16 1.000000e+00
    outer loop
      vertex   5.654000e+02 7.000000e+00 -8.249414e+00
      vertex   5.604000e+02 1.200000e+01 -8.249414e+00
      vertex   5.430000e+02 7.000000e+00 -8.249414e+00
    endloop
  endfacet
  facet normal 2.041789e-16 -0.000000e+00 1.000000e+00
    outer loop
      vertex   5.430000e+02 7.000000e+00 -8.249414e+00
      vertex   5.604000e+02 1.200000e+01 -8.249414e+00
      vertex   5.430000e+02 1.200000e+01 -8.249414e+00
    endloop
  endfacet
  facet normal -1.000000e+00 -0.000000e+00 -1.152570e-09
    outer loop
      vertex   5.634000e+02 3.700000e+01 -6.878373e+01
      vertex   5.634000e+02 3.700000e+01 -8.471510e+01
      vertex   5.634000e+02 1.200000e+01 -6.878373e+01
    endloop
  endfacet
  facet normal -1.000000e+00 0.000000e+00 -1.152570e-09
    outer loop
      vertex   5.634000e+02 1.200000e+01 -6.878373e+01
      vertex   5.634000e+02 3.700000e+01 -8.471510e+01
      vertex   5.634000e+02 1.200000e+01 -8.471510e+01
    endloop
  endfacet
  facet normal 7.071068e-01 0.000000e+00 -7.071068e-01
    outer loop
      vertex   5.604000e+02 3.700000e+01 -7.178373e+01
      vertex   5.634000e+02 3.700000e+01 -6.878373e+01
      vertex   5.604000e+02 1.200000e+01 -7.178373e+01
    endloop
  endfacet
  facet normal 7.071068e-01 0.000000e+00 -7.071068e-01
    outer loop
      vertex   5.604000e+02 1.200000e+01 -7.178373e+01
      vertex   5.634000e+02 3.700000e+01 -6.878373e+01
      vertex   5.634000e+02 1.200000e+01 -6.878373e+01
    endloop
  endfacet
  facet normal -1.000000e+00 -1.955327e-25 -6.879695e-10
    outer loop
      vertex   5.604000e+02 3.700000e+01 -3.521510e+01
      vertex   5.604000e+02 3.700000e+01 -7.178373e+01
      vertex   5.604000e+02 1.200000e+01 -3.521510e+01
    endloop
  endfacet
  facet normal -1.000000e+00 0.000000e+00 -6.879695e-10
    outer loop
      vertex   5.604000e+02 1.200000e+01 -3.521510e+01
      vertex   5.604000e+02 3.700000e+01 -7.178373e+01
      vertex   5.604000e+02 1.200000e+01 -7.178373e+01
    endloop
  endfacet
  facet normal 7.071068e-01 -2.009718e-16 7.071068e-01
    outer loop
      vertex   5.634000e+02 3.700000e+01 -3.821510e+01
      vertex   5.604000e+02 3.700000e+01 -3.521510e+01
      vertex   5.634000e+02 1.200000e+01 -3.821510e+01
    endloop
  endfacet
  facet normal 7.071068e-01 2.009718e-16 7.071068e-01
    outer loop
      vertex   5.634000e+02 1.200000e+01 -3.821510e+01
      vertex   5.604000e+02 3.700000e+01 -3.521510e+01
      vertex   5.604000e+02 1.200000e+01 -3.521510e+01
    endloop
  endfacet
  facet normal -1.000000e+00 -0.000000e+00 -1.152570e-09
    outer loop
      vertex   5.634000e+02 3.700000e+01 -2.228373e+01
      vertex   5.634000e+02 3.700000e+01 -3.821510e+01
      vertex   5.634000e+02 1.200000e+01 -2.228373e+01
    endloop
  endfacet
  facet normal -1.000000e+00 3.987571e-25 -1.152570e-09
    outer loop
      vertex   5.634000e+02 1.200000e+01 -2.228373e+01
      vertex   5.634000e+02 3.700000e+01 -3.821510e+01
      vertex   5.634000e+02 1.200000e+01 -3.821510e+01
    endloop
  endfacet
  facet normal 7.071068e-01 0.000000e+00 -7.071068e-01
    outer loop
      vertex   5.604000e+02 3.700000e+01 -2.528373e+01
      vertex   5.634000e+02 3.700000e+01 -2.228373e+01
      vertex   5.604000e+02 1.200000e+01 -2.528373e+01
    endloop
  endfacet
  facet normal 7.071068e-01 0.000000e+00 -7.071068e-01
    outer loop
      vertex   5.604000e+02 1.200000e+01 -2.528373e+01
      vertex   5.634000e+02 3.700000e+01 -2.228373e+01
      vertex   5.634000e+02 1.200000e+01 -2.228373e+01
    endloop
  endfacet
  facet normal 1.000000e+00 1.043789e-06 -1.115338e-07
    outer loop
      vertex   5.654000e+02 9.259383e+00 -7.760499e+01
      vertex   5.654000e+02 7.000000e+00 -9.874941e+01
      vertex   5.654000e+02 9.500000e+00 -7.762441e+01
    endloop
  endfacet
  facet normal 1.000000e+00 -8.909800e-18 1.199147e-08
    outer loop
      vertex   5.654000e+02 9.500000e+00 -7.762441e+01
      vertex   5.654000e+02 7.000000e+00 -9.874941e+01
      vertex   5.654000e+02 1.200000e+01 -9.874941e+01
    endloop
  endfacet
  facet normal 1.000000e+00 -1.043789e-06 -1.115338e-07
    outer loop
      vertex   5.654000e+02 9.500000e+00 -7.762441e+01
      vertex   5.654000e+02 1.200000e+01 -9.874941e+01
      vertex   5.654000e+02 9.740617e+00 -7.760499e+01
    endloop
  endfacet
  facet normal 1.000000e+00 -0.000000e+00 0.000000e+00
    outer loop
      vertex   5.654000e+02 9.740617e+00 -7.760499e+01
      vertex   5.654000e+02 1.200000e+01 -9.874941e+01
      vertex   5.654000e+02 9.975002e+00 -7.754722e+01
    endloop
  endfacet
  facet normal 1.000000e+00 -0.000000e+00 0.000000e+00
    outer loop
      vertex   5.654000e+02 9.975002e+00 -7.754722e+01
      vertex   5.654000e+02 1.200000e+01 -9.874941e+01
      vertex   5.654000e+02 1.019708e+01 -7.745260e+01
    endloop
  endfacet
  facet normal 1.000000e+00 -0.000000e+00 0.000000e+00
    outer loop
      vertex   5.654000e+02 1.019708e+01 -7.745260e+01
      vertex   5.654000e+02 1.200000e+01 -9.874941e+01
      vertex   5.654000e+02 1.040111e+01 -7.732358e+01
    endloop
  endfacet
  facet normal 1.000000e+00 -0.000000e+00 0.000000e+00
    outer loop
      vertex   5.654000e+02 1.040111e+01 -7.732358e+01
      vertex   5.654000e+02 1.200000e+01 -9.874941e+01
      vertex   5.654000e+02 1.058180e+01 -7.716350e+01
    endloop
  endfacet
  facet normal 1.000000e+00 -0.000000e+00 0.000000e+00
    outer loop
      vertex   5.654000e+02 1.058180e+01 -7.716350e+01
      vertex   5.654000e+02 1.200000e+01 -9.874941e+01
      vertex   5.654000e+02 1.073448e+01 -7.697651e+01
    endloop
  endfacet
  facet normal 1.000000e+00 -0.000000e+00 0.000000e+00
    outer loop
      vertex   5.654000e+02 1.073448e+01 -7.697651e+01
      vertex   5.654000e+02 1.200000e+01 -9.874941e+01
      vertex   5.654000e+02 1.085518e+01 -7.676745e+01
    endloop
  endfacet
  facet normal 1.000000e+00 -0.000000e+00 0.000000e+00
    outer loop
      vertex   5.654000e+02 1.085518e+01 -7.676745e+01
      vertex   5.654000e+02 1.200000e+01 -9.874941e+01
      vertex   5.654000e+02 1.094078e+01 -7.654174e+01
    endloop
  endfacet
  facet normal 1.000000e+00 -0.000000e+00 0.000000e+00
    outer loop
      vertex   5.654000e+02 1.094078e+01 -7.654174e+01
      vertex   5.654000e+02 1.200000e+01 -9.874941e+01
      vertex   5.654000e+02 1.098906e+01 -7.630522e+01
    endloop
  endfacet
  facet normal 1.000000e+00 0.000000e+00 0.000000e+00
    outer loop
      vertex   5.654000e+02 1.098906e+01 -7.630522e+01
      vertex   5.654000e+02 1.200000e+01 -9.874941e+01
      vertex   5.654000e+02 3.700000e+01 -9.874941e+01
    endloop
  endfacet
  facet normal 1.000000e+00 -0.000000e+00 0.000000e+00
    outer loop
      vertex   5.654000e+02 1.098906e+01 -7.630522e+01
      vertex   5.654000e+02 3.700000e+01 -9.874941e+01
      vertex   5.654000e+02 1.099878e+01 -7.606401e+01
    endloop
  endfacet
  facet normal 1.000000e+00 -0.000000e+00 -0.000000e+00
    outer loop
      vertex   5.654000e+02 1.099878e+01 -7.606401e+01
      vertex   5.654000e+02 3.700000e+01 -9.874941e+01
      vertex   5.654000e+02 1.096969e+01 -7.582437e+01
    endloop
  endfacet
  facet normal 1.000000e+00 -0.000000e+00 0.000000e+00
    outer loop
      vertex   5.654000e+02 1.096969e+01 -7.582437e+01
      vertex   5.654000e+02 3.700000e+01 -9.874941e+01
      vertex   5.654000e+02 1.098906e+01 -3.105522e+01
    endloop
  endfacet
  facet normal 1.000000e+00 0.000000e+00 -0.000000e+00
    outer loop
      vertex   5.654000e+02 1.096969e+01 -7.582437e+01
      vertex   5.654000e+02 1.098906e+01 -3.105522e+01
      vertex   5.654000e+02 1.094078e+01 -3.129174e+01
    endloop
  endfacet
  facet normal 1.000000e+00 0.000000e+00 0.000000e+00
    outer loop
      vertex   5.654000e+02 9.259383e+00 -7.760499e+01
      vertex   5.654000e+02 9.024998e+00 -7.754722e+01
      vertex   5.654000e+02 7.000000e+00 -9.874941e+01
    endloop
  endfacet
  facet normal 1.000000e+00 0.000000e+00 0.000000e+00
    outer loop
      vertex   5.654000e+02 7.000000e+00 -9.874941e+01
      vertex   5.654000e+02 9.024998e+00 -7.754722e+01
      vertex   5.654000e+02 8.802915e+00 -7.745260e+01
    endloop
  endfacet
  facet normal 1.000000e+00 0.000000e+00 0.000000e+00
    outer loop
      vertex   5.654000e+02 7.000000e+00 -9.874941e+01
      vertex   5.654000e+02 8.802915e+00 -7.745260e+01
      vertex   5.654000e+02 8.598887e+00 -7.732358e+01
    endloop
  endfacet
  facet normal 1.000000e+00 0.000000e+00 0.000000e+00
    outer loop
      vertex   5.654000e+02 8.598887e+00 -7.732358e+01
      vertex   5.654000e+02 8.418196e+00 -7.716350e+01
      vertex   5.654000e+02 7.000000e+00 -9.874941e+01
    endloop
  endfacet
  facet normal 1.000000e+00 0.000000e+00 0.000000e+00
    outer loop
      vertex   5.654000e+02 7.000000e+00 -9.874941e+01
      vertex   5.654000e+02 8.418196e+00 -7.716350e+01
      vertex   5.654000e+02 8.265524e+00 -7.697651e+01
    endloop
  endfacet
  facet normal 1.000000e+00 0.000000e+00 0.000000e+00
    outer loop
      vertex   5.654000e+02 7.000000e+00 -9.874941e+01
      vertex   5.654000e+02 8.265524e+00 -7.697651e+01
      vertex   5.654000e+02 8.144824e+00 -7.676745e+01
    endloop
  endfacet
  facet normal 1.000000e+00 0.000000e+00 0.000000e+00
    outer loop
      vertex   5.654000e+02 8.144824e+00 -7.676745e+01
      vertex   5.654000e+02 8.059223e+00 -7.654174e+01
      vertex   5.654000e+02 7.000000e+00 -9.874941e+01
    endloop
  endfacet
  facet normal 1.000000e+00 0.000000e+00 0.000000e+00
    outer loop
      vertex   5.654000e+02 7.000000e+00 -9.874941e+01
      vertex   5.654000e+02 8.059223e+00 -7.654174e+01
      vertex   5.654000e+02 8.010937e+00 -7.630522e+01
    endloop
  endfacet
  facet normal 1.000000e+00 0.000000e+00 0.000000e+00
    outer loop
      vertex   5.654000e+02 7.000000e+00 -9.874941e+01
      vertex   5.654000e+02 8.010937e+00 -7.630522e+01
      vertex   5.654000e+02 8.001217e+00 -7.606401e+01
    endloop
  endfacet
  facet normal 1.000000e+00 0.000000e+00 0.000000e+00
    outer loop
      vertex   5.654000e+02 8.030314e+00 -7.582437e+01
      vertex   5.654000e+02 8.010937e+00 -3.105522e+01
      vertex   5.654000e+02 8.001217e+00 -7.606401e+01
    endloop
  endfacet
  facet normal 1.000000e+00 0.000000e+00 0.000000e+00
    outer loop
      vertex   5.654000e+02 8.001217e+00 -7.606401e+01
      vertex   5.654000e+02 8.010937e+00 -3.105522e+01
      vertex   5.654000e+02 8.001217e+00 -3.081401e+01
    endloop
  endfacet
  facet normal 1.000000e+00 0.000000e+00 -0.000000e+00
    outer loop
      vertex   5.654000e+02 8.001217e+00 -7.606401e+01
      vertex   5.654000e+02 8.001217e+00 -3.081401e+01
      vertex   5.654000e+02 7.000000e+00 -8.249414e+00
    endloop
  endfacet
  facet normal 1.000000e+00 0.000000e+00 0.000000e+00
    outer loop
      vertex   5.654000e+02 7.000000e+00 -8.249414e+00
      vertex   5.654000e+02 8.001217e+00 -3.081401e+01
      vertex   5.654000e+02 8.030314e+00 -3.057437e+01
    endloop
  endfacet
  facet normal 1.000000e+00 0.000000e+00 0.000000e+00
    outer loop
      vertex   5.654000e+02 7.000000e+00 -8.249414e+00
      vertex   5.654000e+02 8.030314e+00 -3.057437e+01
      vertex   5.654000e+02 8.097476e+00 -3.034251e+01
    endloop
  endfacet
  facet normal 1.000000e+00 0.000000e+00 0.000000e+00
    outer loop
      vertex   5.654000e+02 8.010937e+00 -3.105522e+01
      vertex   5.654000e+02 8.030314e+00 -7.582437e+01
      vertex   5.654000e+02 8.059223e+00 -3.129174e+01
    endloop
  endfacet
  facet normal 1.000000e+00 0.000000e+00 0.000000e+00
    outer loop
      vertex   5.654000e+02 8.059223e+00 -3.129174e+01
      vertex   5.654000e+02 8.030314e+00 -7.582437e+01
      vertex   5.654000e+02 8.097476e+00 -7.559251e+01
    endloop
  endfacet
  facet normal 1.000000e+00 0.000000e+00 0.000000e+00
    outer loop
      vertex   5.654000e+02 8.059223e+00 -3.129174e+01
      vertex   5.654000e+02 8.097476e+00 -7.559251e+01
      vertex   5.654000e+02 8.144824e+00 -3.151745e+01
    endloop
  endfacet
  facet normal 1.000000e+00 0.000000e+00 0.000000e+00
    outer loop
      vertex   5.654000e+02 8.144824e+00 -3.151745e+01
      vertex   5.654000e+02 8.097476e+00 -7.559251e+01
      vertex   5.654000e+02 8.200962e+00 -7.537441e+01
    endloop
  endfacet
  facet normal 1.000000e+00 0.000000e+00 0.000000e+00
    outer loop
      vertex   5.654000e+02 8.144824e+00 -3.151745e+01
      vertex   5.654000e+02 8.200962e+00 -7.537441e+01
      vertex   5.654000e+02 8.265524e+00 -3.172651e+01
    endloop
  endfacet
  facet normal 1.000000e+00 0.000000e+00 0.000000e+00
    outer loop
      vertex   5.654000e+02 8.265524e+00 -3.172651e+01
      vertex   5.654000e+02 8.200962e+00 -7.537441e+01
      vertex   5.654000e+02 8.338093e+00 -7.517575e+01
    endloop
  endfacet
  facet normal 1.000000e+00 0.000000e+00 0.000000e+00
    outer loop
      vertex   5.654000e+02 8.265524e+00 -3.172651e+01
      vertex   5.654000e+02 8.338093e+00 -7.517575e+01
      vertex   5.654000e+02 8.418196e+00 -3.191350e+01
    endloop
  endfacet
  facet normal 1.000000e+00 0.000000e+00 0.000000e+00
    outer loop
      vertex   5.654000e+02 8.418196e+00 -3.191350e+01
      vertex   5.654000e+02 8.338093e+00 -7.517575e+01
      vertex   5.654000e+02 8.505316e+00 -7.500165e+01
    endloop
  endfacet
  facet normal 1.000000e+00 0.000000e+00 0.000000e+00
    outer loop
      vertex   5.654000e+02 8.418196e+00 -3.191350e+01
      vertex   5.654000e+02 8.505316e+00 -7.500165e+01
      vertex   5.654000e+02 8.598887e+00 -3.207358e+01
    endloop
  endfacet
  facet normal 1.000000e+00 0.000000e+00 0.000000e+00
    outer loop
      vertex   5.654000e+02 8.598887e+00 -3.207358e+01
      vertex   5.654000e+02 8.505316e+00 -7.500165e+01
      vertex   5.654000e+02 8.698301e+00 -7.485663e+01
    endloop
  endfacet
  facet normal 1.000000e+00 0.000000e+00 0.000000e+00
    outer loop
      vertex   5.654000e+02 8.598887e+00 -3.207358e+01
      vertex   5.654000e+02 8.698301e+00 -7.485663e+01
      vertex   5.654000e+02 8.802915e+00 -3.220260e+01
    endloop
  endfacet
  facet normal 1.000000e+00 0.000000e+00 0.000000e+00
    outer loop
      vertex   5.654000e+02 8.802915e+00 -3.220260e+01
      vertex   5.654000e+02 8.698301e+00 -7.485663e+01
      vertex   5.654000e+02 8.912050e+00 -7.474444e+01
    endloop
  endfacet
  facet normal 1.000000e+00 0.000000e+00 0.000000e+00
    outer loop
      vertex   5.654000e+02 8.802915e+00 -3.220260e+01
      vertex   5.654000e+02 8.912050e+00 -7.474444e+01
      vertex   5.654000e+02 9.024998e+00 -3.229722e+01
    endloop
  endfacet
  facet normal 1.000000e+00 0.000000e+00 0.000000e+00
    outer loop
      vertex   5.654000e+02 9.024998e+00 -3.229722e+01
      vertex   5.654000e+02 8.912050e+00 -7.474444e+01
      vertex   5.654000e+02 9.141027e+00 -7.466800e+01
    endloop
  endfacet
  facet normal 1.000000e+00 0.000000e+00 0.000000e+00
    outer loop
      vertex   5.654000e+02 9.024998e+00 -3.229722e+01
      vertex   5.654000e+02 9.141027e+00 -7.466800e+01
      vertex   5.654000e+02 9.259383e+00 -3.235499e+01
    endloop
  endfacet
  facet normal 1.000000e+00 0.000000e+00 0.000000e+00
    outer loop
      vertex   5.654000e+02 9.259383e+00 -3.235499e+01
      vertex   5.654000e+02 9.141027e+00 -7.466800e+01
      vertex   5.654000e+02 9.379300e+00 -7.462928e+01
    endloop
  endfacet
  facet normal 1.000000e+00 1.053034e-06 2.987081e-09
    outer loop
      vertex   5.654000e+02 9.259383e+00 -3.235499e+01
      vertex   5.654000e+02 9.379300e+00 -7.462928e+01
      vertex   5.654000e+02 9.500000e+00 -3.237441e+01
    endloop
  endfacet
  facet normal 1.000000e+00 0.000000e+00 5.995043e-09
    outer loop
      vertex   5.654000e+02 9.500000e+00 -3.237441e+01
      vertex   5.654000e+02 9.379300e+00 -7.462928e+01
      vertex   5.654000e+02 9.620700e+00 -7.462928e+01
    endloop
  endfacet
  facet normal 1.000000e+00 -1.053034e-06 2.987081e-09
    outer loop
      vertex   5.654000e+02 9.500000e+00 -3.237441e+01
      vertex   5.654000e+02 9.620700e+00 -7.462928e+01
      vertex   5.654000e+02 9.740617e+00 -3.235499e+01
    endloop
  endfacet
  facet normal 1.000000e+00 0.000000e+00 0.000000e+00
    outer loop
      vertex   5.654000e+02 9.740617e+00 -3.235499e+01
      vertex   5.654000e+02 9.620700e+00 -7.462928e+01
      vertex   5.654000e+02 9.858973e+00 -7.466800e+01
    endloop
  endfacet
  facet normal 1.000000e+00 -0.000000e+00 0.000000e+00
    outer loop
      vertex   5.654000e+02 9.740617e+00 -3.235499e+01
      vertex   5.654000e+02 9.858973e+00 -7.466800e+01
      vertex   5.654000e+02 9.975002e+00 -3.229722e+01
    endloop
  endfacet
  facet normal 1.000000e+00 0.000000e+00 0.000000e+00
    outer loop
      vertex   5.654000e+02 9.975002e+00 -3.229722e+01
      vertex   5.654000e+02 9.858973e+00 -7.466800e+01
      vertex   5.654000e+02 1.008795e+01 -7.474444e+01
    endloop
  endfacet
  facet normal 1.000000e+00 -0.000000e+00 0.000000e+00
    outer loop
      vertex   5.654000e+02 9.975002e+00 -3.229722e+01
      vertex   5.654000e+02 1.008795e+01 -7.474444e+01
      vertex   5.654000e+02 1.019708e+01 -3.220260e+01
    endloop
  endfacet
  facet normal 1.000000e+00 0.000000e+00 0.000000e+00
    outer loop
      vertex   5.654000e+02 1.019708e+01 -3.220260e+01
      vertex   5.654000e+02 1.008795e+01 -7.474444e+01
      vertex   5.654000e+02 1.030170e+01 -7.485663e+01
    endloop
  endfacet
  facet normal 1.000000e+00 -0.000000e+00 0.000000e+00
    outer loop
      vertex   5.654000e+02 1.019708e+01 -3.220260e+01
      vertex   5.654000e+02 1.030170e+01 -7.485663e+01
      vertex   5.654000e+02 1.040111e+01 -3.207358e+01
    endloop
  endfacet
  facet normal 1.000000e+00 0.000000e+00 0.000000e+00
    outer loop
      vertex   5.654000e+02 1.040111e+01 -3.207358e+01
      vertex   5.654000e+02 1.030170e+01 -7.485663e+01
      vertex   5.654000e+02 1.049468e+01 -7.500165e+01
    endloop
  endfacet
  facet normal 1.000000e+00 -0.000000e+00 0.000000e+00
    outer loop
      vertex   5.654000e+02 1.040111e+01 -3.207358e+01
      vertex   5.654000e+02 1.049468e+01 -7.500165e+01
      vertex   5.654000e+02 1.058180e+01 -3.191350e+01
    endloop
  endfacet
  facet normal 1.000000e+00 0.000000e+00 0.000000e+00
    outer loop
      vertex   5.654000e+02 1.058180e+01 -3.191350e+01
      vertex   5.654000e+02 1.049468e+01 -7.500165e+01
      vertex   5.654000e+02 1.066191e+01 -7.517575e+01
    endloop
  endfacet
  facet normal 1.000000e+00 -0.000000e+00 0.000000e+00
    outer loop
      vertex   5.654000e+02 1.058180e+01 -3.191350e+01
      vertex   5.654000e+02 1.066191e+01 -7.517575e+01
      vertex   5.654000e+02 1.073448e+01 -3.172651e+01
    endloop
  endfacet
  facet normal 1.000000e+00 0.000000e+00 0.000000e+00
    outer loop
      vertex   5.654000e+02 1.073448e+01 -3.172651e+01
      vertex   5.654000e+02 1.066191e+01 -7.517575e+01
      vertex   5.654000e+02 1.079904e+01 -7.537441e+01
    endloop
  endfacet
  facet normal 1.000000e+00 -0.000000e+00 0.000000e+00
    outer loop
      vertex   5.654000e+02 1.073448e+01 -3.172651e+01
      vertex   5.654000e+02 1.079904e+01 -7.537441e+01
      vertex   5.654000e+02 1.085518e+01 -3.151745e+01
    endloop
  endfacet
  facet normal 1.000000e+00 0.000000e+00 0.000000e+00
    outer loop
      vertex   5.654000e+02 1.085518e+01 -3.151745e+01
      vertex   5.654000e+02 1.079904e+01 -7.537441e+01
      vertex   5.654000e+02 1.090252e+01 -7.559251e+01
    endloop
  endfacet
  facet normal 1.000000e+00 -0.000000e+00 0.000000e+00
    outer loop
      vertex   5.654000e+02 1.085518e+01 -3.151745e+01
      vertex   5.654000e+02 1.090252e+01 -7.559251e+01
      vertex   5.654000e+02 1.094078e+01 -3.129174e+01
    endloop
  endfacet
  facet normal 1.000000e+00 0.000000e+00 0.000000e+00
    outer loop
      vertex   5.654000e+02 1.094078e+01 -3.129174e+01
      vertex   5.654000e+02 1.090252e+01 -7.559251e+01
      vertex   5.654000e+02 1.096969e+01 -7.582437e+01
    endloop
  endfacet
  facet normal 1.000000e+00 0.000000e+00 -0.000000e+00
    outer loop
      vertex   5.654000e+02 8.097476e+00 -3.034251e+01
      vertex   5.654000e+02 8.200962e+00 -3.012441e+01
      vertex   5.654000e+02 7.000000e+00 -8.249414e+00
    endloop
  endfacet
  facet normal 1.000000e+00 0.000000e+00 0.000000e+00
    outer loop
      vertex   5.654000e+02 7.000000e+00 -8.249414e+00
      vertex   5.654000e+02 8.200962e+00 -3.012441e+01
      vertex   5.654000e+02 8.338093e+00 -2.992575e+01
    endloop
  endfacet
  facet normal 1.000000e+00 0.000000e+00 0.000000e+00
    outer loop
      vertex   5.654000e+02 7.000000e+00 -8.249414e+00
      vertex   5.654000e+02 8.338093e+00 -2.992575e+01
      vertex   5.654000e+02 8.505316e+00 -2.975165e+01
    endloop
  endfacet
  facet normal 1.000000e+00 0.000000e+00 -0.000000e+00
    outer loop
      vertex   5.654000e+02 8.505316e+00 -2.975165e+01
      vertex   5.654000e+02 8.698301e+00 -2.960663e+01
      vertex   5.654000e+02 7.000000e+00 -8.249414e+00
    endloop
  endfacet
  facet normal 1.000000e+00 0.000000e+00 0.000000e+00
    outer loop
      vertex   5.654000e+02 7.000000e+00 -8.249414e+00
      vertex   5.654000e+02 8.698301e+00 -2.960663e+01
      vertex   5.654000e+02 8.912050e+00 -2.949444e+01
    endloop
  endfacet
  facet normal 1.000000e+00 0.000000e+00 0.000000e+00
    outer loop
      vertex   5.654000e+02 7.000000e+00 -8.249414e+00
      vertex   5.654000e+02 8.912050e+00 -2.949444e+01
      vertex   5.654000e+02 9.141027e+00 -2.941800e+01
    endloop
  endfacet
  facet normal 1.000000e+00 0.000000e+00 -0.000000e+00
    outer loop
      vertex   5.654000e+02 9.141027e+00 -2.941800e+01
      vertex   5.654000e+02 9.379300e+00 -2.937928e+01
      vertex   5.654000e+02 7.000000e+00 -8.249414e+00
    endloop
  endfacet
  facet normal 1.000000e+00 0.000000e+00 0.000000e+00
    outer loop
      vertex   5.654000e+02 7.000000e+00 -8.249414e+00
      vertex   5.654000e+02 9.379300e+00 -2.937928e+01
      vertex   5.654000e+02 9.620700e+00 -2.937928e+01
    endloop
  endfacet
  facet normal 1.000000e+00 0.000000e+00 0.000000e+00
    outer loop
      vertex   5.654000e+02 7.000000e+00 -8.249414e+00
      vertex   5.654000e+02 9.620700e+00 -2.937928e+01
      vertex   5.654000e+02 9.858973e+00 -2.941800e+01
    endloop
  endfacet
  facet normal 1.000000e+00 -0.000000e+00 -0.000000e+00
    outer loop
      vertex   5.654000e+02 9.858973e+00 -2.941800e+01
      vertex   5.654000e+02 1.008795e+01 -2.949444e+01
      vertex   5.654000e+02 7.000000e+00 -8.249414e+00
    endloop
  endfacet
  facet normal 1.000000e+00 0.000000e+00 0.000000e+00
    outer loop
      vertex   5.654000e+02 7.000000e+00 -8.249414e+00
      vertex   5.654000e+02 1.008795e+01 -2.949444e+01
      vertex   5.654000e+02 1.030170e+01 -2.960663e+01
    endloop
  endfacet
  facet normal 1.000000e+00 0.000000e+00 0.000000e+00
    outer loop
      vertex   5.654000e+02 7.000000e+00 -8.249414e+00
      vertex   5.654000e+02 1.030170e+01 -2.960663e+01
      vertex   5.654000e+02 1.049468e+01 -2.975165e+01
    endloop
  endfacet
  facet normal 1.000000e+00 -0.000000e+00 -0.000000e+00
    outer loop
      vertex   5.654000e+02 1.049468e+01 -2.975165e+01
      vertex   5.654000e+02 1.066191e+01 -2.992575e+01
      vertex   5.654000e+02 7.000000e+00 -8.249414e+00
    endloop
  endfacet
  facet normal 1.000000e+00 0.000000e+00 0.000000e+00
    outer loop
      vertex   5.654000e+02 7.000000e+00 -8.249414e+00
      vertex   5.654000e+02 1.066191e+01 -2.992575e+01
      vertex   5.654000e+02 1.079904e+01 -3.012441e+01
    endloop
  endfacet
  facet normal 1.000000e+00 0.000000e+00 0.000000e+00
    outer loop
      vertex   5.654000e+02 7.000000e+00 -8.249414e+00
      vertex   5.654000e+02 1.079904e+01 -3.012441e+01
      vertex   5.654000e+02 1.090252e+01 -3.034251e+01
    endloop
  endfacet
  facet normal 1.000000e+00 0.000000e+00 0.000000e+00
    outer loop
      vertex   5.654000e+02 7.000000e+00 -8.249414e+00
      vertex   5.654000e+02 1.090252e+01 -3.034251e+01
      vertex   5.654000e+02 3.700000e+01 -8.249414e+00
    endloop
  endfacet
  facet normal 1.000000e+00 0.000000e+00 0.000000e+00
    outer loop
      vertex   5.654000e+02 3.700000e+01 -8.249414e+00
      vertex   5.654000e+02 1.090252e+01 -3.034251e+01
      vertex   5.654000e+02 1.096969e+01 -3.057437e+01
    endloop
  endfacet
  facet normal 1.000000e+00 0.000000e+00 0.000000e+00
    outer loop
      vertex   5.654000e+02 3.700000e+01 -8.249414e+00
      vertex   5.654000e+02 1.096969e+01 -3.057437e+01
      vertex   5.654000e+02 1.099878e+01 -3.081401e+01
    endloop
  endfacet
  facet normal 1.000000e+00 -0.000000e+00 0.000000e+00
    outer loop
      vertex   5.654000e+02 1.099878e+01 -3.081401e+01
      vertex   5.654000e+02 1.098906e+01 -3.105522e+01
      vertex   5.654000e+02 3.700000e+01 -8.249414e+00
    endloop
  endfacet
  facet normal 1.000000e+00 0.000000e+00 0.000000e+00
    outer loop
      vertex   5.654000e+02 3.700000e+01 -8.249414e+00
      vertex   5.654000e+02 1.098906e+01 -3.105522e+01
      vertex   5.654000e+02 3.700000e+01 -9.874941e+01
    endloop
  endfacet
  facet normal 1.000000e+00 0.000000e+00 0.000000e+00
    outer loop
      vertex   5.654000e+02 7.000000e+00 -8.249414e+00
      vertex   5.654000e+02 7.000000e+00 -9.874941e+01
      vertex   5.654000e+02 8.001217e+00 -7.606401e+01
    endloop
  endfacet
  facet normal 6.879731e-10 0.000000e+00 -1.000000e+00
    outer loop
      vertex   5.604000e+02 3.700000e+01 -9.874941e+01
      vertex   5.654000e+02 3.700000e+01 -9.874941e+01
      vertex   5.604000e+02 1.200000e+01 -9.874941e+01
    endloop
  endfacet
  facet normal 6.879731e-10 0.000000e+00 -1.000000e+00
    outer loop
      vertex   5.604000e+02 1.200000e+01 -9.874941e+01
      vertex   5.654000e+02 3.700000e+01 -9.874941e+01
      vertex   5.654000e+02 1.200000e+01 -9.874941e+01
    endloop
  endfacet
  facet normal -1.000000e+00 -0.000000e+00 -6.879682e-10
    outer loop
      vertex   5.604000e+02 3.700000e+01 -8.171510e+01
      vertex   5.604000e+02 3.700000e+01 -9.874941e+01
      vertex   5.604000e+02 1.200000e+01 -8.171510e+01
    endloop
  endfacet
  facet normal -1.000000e+00 0.000000e+00 -6.879682e-10
    outer loop
      vertex   5.604000e+02 1.200000e+01 -8.171510e+01
      vertex   5.604000e+02 3.700000e+01 -9.874941e+01
      vertex   5.604000e+02 1.200000e+01 -9.874941e+01
    endloop
  endfacet
  facet normal 7.071068e-01 0.000000e+00 7.071068e-01
    outer loop
      vertex   5.634000e+02 3.700000e+01 -8.471510e+01
      vertex   5.604000e+02 3.700000e+01 -8.171510e+01
      vertex   5.634000e+02 1.200000e+01 -8.471510e+01
    endloop
  endfacet
  facet normal 7.071068e-01 0.000000e+00 7.071068e-01
    outer loop
      vertex   5.634000e+02 1.200000e+01 -8.471510e+01
      vertex   5.604000e+02 3.700000e+01 -8.171510e+01
      vertex   5.604000e+02 1.200000e+01 -8.171510e+01
    endloop
  endfacet
  facet normal 0.000000e+00 1.000000e+00 0.000000e+00
    outer loop
      vertex   5.604000e+02 3.700000e+01 -2.528373e+01
      vertex   5.604000e+02 3.700000e+01 -8.249414e+00
      vertex   5.634000e+02 3.700000e+01 -2.228373e+01
    endloop
  endfacet
  facet normal 0.000000e+00 1.000000e+00 -0.000000e+00
    outer loop
      vertex   5.634000e+02 3.700000e+01 -2.228373e+01
      vertex   5.604000e+02 3.700000e+01 -8.249414e+00
      vertex   5.654000e+02 3.700000e+01 -8.249414e+00
    endloop
  endfacet
  facet normal -0.000000e+00 1.000000e+00 0.000000e+00
    outer loop
      vertex   5.634000e+02 3.700000e+01 -2.228373e+01
      vertex   5.654000e+02 3.700000e+01 -8.249414e+00
      vertex   5.634000e+02 3.700000e+01 -3.821510e+01
    endloop
  endfacet
  facet normal -0.000000e+00 1.000000e+00 0.000000e+00
    outer loop
      vertex   5.634000e+02 3.700000e+01 -3.821510e+01
      vertex   5.654000e+02 3.700000e+01 -8.249414e+00
      vertex   5.634000e+02 3.700000e+01 -6.878373e+01
    endloop
  endfacet
  facet normal 0.000000e+00 1.000000e+00 0.000000e+00
    outer loop
      vertex   5.634000e+02 3.700000e+01 -3.821510e+01
      vertex   5.634000e+02 3.700000e+01 -6.878373e+01
      vertex   5.604000e+02 3.700000e+01 -7.178373e+01
    endloop
  endfacet
  facet normal 0.000000e+00 1.000000e+00 0.000000e+00
    outer loop
      vertex   5.654000e+02 3.700000e+01 -8.249414e+00
      vertex   5.654000e+02 3.700000e+01 -9.874941e+01
      vertex   5.634000e+02 3.700000e+01 -6.878373e+01
    endloop
  endfacet
  facet normal 0.000000e+00 1.000000e+00 0.000000e+00
    outer loop
      vertex   5.634000e+02 3.700000e+01 -6.878373e+01
      vertex   5.654000e+02 3.700000e+01 -9.874941e+01
      vertex   5.634000e+02 3.700000e+01 -8.471510e+01
    endloop
  endfacet
  facet normal 0.000000e+00 1.000000e+00 0.000000e+00
    outer loop
      vertex   5.634000e+02 3.700000e+01 -8.471510e+01
      vertex   5.654000e+02 3.700000e+01 -9.874941e+01
      vertex   5.604000e+02 3.700000e+01 -9.874941e+01
    endloop
  endfacet
  facet normal 0.000000e+00 1.000000e+00 0.000000e+00
    outer loop
      vertex   5.634000e+02 3.700000e+01 -8.471510e+01
      vertex   5.604000e+02 3.700000e+01 -9.874941e+01
      vertex   5.604000e+02 3.700000e+01 -8.171510e+01
    endloop
  endfacet
  facet normal 0.000000e+00 1.000000e+00 -0.000000e+00
    outer loop
      vertex   5.604000e+02 3.700000e+01 -7.178373e+01
      vertex   5.604000e+02 3.700000e+01 -3.521510e+01
      vertex   5.634000e+02 3.700000e+01 -3.821510e+01
    endloop
  endfacet
endsolid
