solid ASCII
  facet normal 0.000000e+00 1.000000e+00 0.000000e+00
    outer loop
      vertex   -1.294293e+02 1.525020e+02 7.876972e+02
      vertex   -1.292362e+02 1.525020e+02 7.883338e+02
      vertex   -1.294173e+02 1.525020e+02 7.877296e+02
    endloop
  endfacet
  facet normal 0.000000e+00 1.000000e+00 0.000000e+00
    outer loop
      vertex   -1.294173e+02 1.525020e+02 7.877296e+02
      vertex   -1.292362e+02 1.525020e+02 7.883338e+02
      vertex   -1.292387e+02 1.525020e+02 7.883184e+02
    endloop
  endfacet
  facet normal 0.000000e+00 1.000000e+00 0.000000e+00
    outer loop
      vertex   -1.292175e+02 1.525020e+02 7.884500e+02
      vertex   -1.291507e+02 1.525020e+02 7.891277e+02
      vertex   -1.292120e+02 1.525020e+02 7.884838e+02
    endloop
  endfacet
  facet normal 0.000000e+00 1.000000e+00 0.000000e+00
    outer loop
      vertex   -1.292120e+02 1.525020e+02 7.884838e+02
      vertex   -1.291507e+02 1.525020e+02 7.891277e+02
      vertex   -1.291517e+02 1.525020e+02 7.890960e+02
    endloop
  endfacet
  facet normal 0.000000e+00 1.000000e+00 0.000000e+00
    outer loop
      vertex   -1.292204e+02 1.525020e+02 8.653799e+02
      vertex   -1.292120e+02 1.525020e+02 8.653161e+02
      vertex   -1.291507e+02 1.525020e+02 8.646723e+02
    endloop
  endfacet
  facet normal 0.000000e+00 1.000000e+00 0.000000e+00
    outer loop
      vertex   -1.291507e+02 1.525020e+02 8.646723e+02
      vertex   -1.292120e+02 1.525020e+02 8.653161e+02
      vertex   -1.291517e+02 1.525020e+02 8.647040e+02
    endloop
  endfacet
  facet normal 0.000000e+00 1.000000e+00 0.000000e+00
    outer loop
      vertex   -1.292273e+02 1.525020e+02 8.654323e+02
      vertex   -1.292400e+02 1.525020e+02 8.654784e+02
      vertex   -1.292274e+02 1.525020e+02 8.654331e+02
    endloop
  endfacet
  facet normal 0.000000e+00 1.000000e+00 0.000000e+00
    outer loop
      vertex   -1.292274e+02 1.525020e+02 8.654331e+02
      vertex   -1.292400e+02 1.525020e+02 8.654784e+02
      vertex   -1.292587e+02 1.525020e+02 8.655469e+02
    endloop
  endfacet
  facet normal 0.000000e+00 1.000000e+00 0.000000e+00
    outer loop
      vertex   -1.292587e+02 1.525020e+02 8.655469e+02
      vertex   -1.292400e+02 1.525020e+02 8.654784e+02
      vertex   -1.294433e+02 1.525020e+02 8.661487e+02
    endloop
  endfacet
  facet normal 0.000000e+00 1.000000e+00 0.000000e+00
    outer loop
      vertex   -1.292587e+02 1.525020e+02 8.655469e+02
      vertex   -1.294433e+02 1.525020e+02 8.661487e+02
      vertex   -1.294373e+02 1.525020e+02 8.661358e+02
    endloop
  endfacet
  facet normal 0.000000e+00 1.000000e+00 0.000000e+00
    outer loop
      vertex   -1.294929e+02 1.525020e+02 8.662557e+02
      vertex   -1.298066e+02 1.525020e+02 8.668424e+02
      vertex   -1.295079e+02 1.525020e+02 8.662879e+02
    endloop
  endfacet
  facet normal 0.000000e+00 1.000000e+00 0.000000e+00
    outer loop
      vertex   -1.295079e+02 1.525020e+02 8.662879e+02
      vertex   -1.298066e+02 1.525020e+02 8.668424e+02
      vertex   -1.297980e+02 1.525020e+02 8.668307e+02
    endloop
  endfacet
  facet normal 0.000000e+00 1.000000e+00 0.000000e+00
    outer loop
      vertex   -1.298761e+02 1.525020e+02 8.669379e+02
      vertex   -1.302982e+02 1.525020e+02 8.674522e+02
      vertex   -1.298969e+02 1.525020e+02 8.669664e+02
    endloop
  endfacet
  facet normal 0.000000e+00 1.000000e+00 0.000000e+00
    outer loop
      vertex   -1.298969e+02 1.525020e+02 8.669664e+02
      vertex   -1.302982e+02 1.525020e+02 8.674522e+02
      vertex   -1.302874e+02 1.525020e+02 8.674422e+02
    endloop
  endfacet
  facet normal 0.000000e+00 1.000000e+00 0.000000e+00
    outer loop
      vertex   -1.303850e+02 1.525020e+02 8.675323e+02
      vertex   -1.308993e+02 1.525020e+02 8.679544e+02
      vertex   -1.304107e+02 1.525020e+02 8.675561e+02
    endloop
  endfacet
  facet normal 0.000000e+00 1.000000e+00 0.000000e+00
    outer loop
      vertex   -1.304107e+02 1.525020e+02 8.675561e+02
      vertex   -1.308993e+02 1.525020e+02 8.679544e+02
      vertex   -1.308865e+02 1.525020e+02 8.679466e+02
    endloop
  endfacet
  facet normal 0.000000e+00 1.000000e+00 0.000000e+00
    outer loop
      vertex   -1.309999e+02 1.525020e+02 8.680161e+02
      vertex   -1.315866e+02 1.525020e+02 8.683297e+02
      vertex   -1.310296e+02 1.525020e+02 8.680343e+02
    endloop
  endfacet
  facet normal 0.000000e+00 1.000000e+00 0.000000e+00
    outer loop
      vertex   -1.310296e+02 1.525020e+02 8.680343e+02
      vertex   -1.315866e+02 1.525020e+02 8.683297e+02
      vertex   -1.315724e+02 1.525020e+02 8.683244e+02
    endloop
  endfacet
  facet normal 0.000000e+00 1.000000e+00 0.000000e+00
    outer loop
      vertex   -1.316972e+02 1.525020e+02 8.683707e+02
      vertex   -1.323338e+02 1.525020e+02 8.685638e+02
      vertex   -1.317296e+02 1.525020e+02 8.683827e+02
    endloop
  endfacet
  facet normal 0.000000e+00 1.000000e+00 0.000000e+00
    outer loop
      vertex   -1.317296e+02 1.525020e+02 8.683827e+02
      vertex   -1.323338e+02 1.525020e+02 8.685638e+02
      vertex   -1.323184e+02 1.525020e+02 8.685613e+02
    endloop
  endfacet
  facet normal 0.000000e+00 1.000000e+00 0.000000e+00
    outer loop
      vertex   -1.324500e+02 1.525020e+02 8.685825e+02
      vertex   -1.331277e+02 1.525020e+02 8.686493e+02
      vertex   -1.324839e+02 1.525020e+02 8.685880e+02
    endloop
  endfacet
  facet normal 0.000000e+00 1.000000e+00 0.000000e+00
    outer loop
      vertex   -1.324839e+02 1.525020e+02 8.685880e+02
      vertex   -1.331277e+02 1.525020e+02 8.686493e+02
      vertex   -1.330960e+02 1.525020e+02 8.686483e+02
    endloop
  endfacet
  facet normal 0.000000e+00 1.000000e+00 -0.000000e+00
    outer loop
      vertex   -1.666500e+02 1.525020e+02 7.877976e+02
      vertex   -1.666500e+02 1.525020e+02 7.891500e+02
      vertex   -1.666120e+02 1.525020e+02 7.877976e+02
    endloop
  endfacet
  facet normal 0.000000e+00 1.000000e+00 -0.000000e+00
    outer loop
      vertex   -1.666120e+02 1.525020e+02 7.877976e+02
      vertex   -1.666500e+02 1.525020e+02 7.891500e+02
      vertex   -1.331500e+02 1.525020e+02 7.877976e+02
    endloop
  endfacet
  facet normal 0.000000e+00 1.000000e+00 -0.000000e+00
    outer loop
      vertex   -1.331500e+02 1.525020e+02 7.877976e+02
      vertex   -1.666500e+02 1.525020e+02 7.891500e+02
      vertex   -1.329000e+02 1.525020e+02 7.891500e+02
    endloop
  endfacet
  facet normal 0.000000e+00 1.000000e+00 0.000000e+00
    outer loop
      vertex   -1.331500e+02 1.525020e+02 7.877976e+02
      vertex   -1.329000e+02 1.525020e+02 7.891500e+02
      vertex   -1.328865e+02 1.525020e+02 7.878235e+02
    endloop
  endfacet
  facet normal 0.000000e+00 1.000000e+00 -0.000000e+00
    outer loop
      vertex   -1.328865e+02 1.525020e+02 7.878235e+02
      vertex   -1.329000e+02 1.525020e+02 7.891500e+02
      vertex   -1.328862e+02 1.525020e+02 7.878235e+02
    endloop
  endfacet
  facet normal 0.000000e+00 1.000000e+00 -0.000000e+00
    outer loop
      vertex   -1.328862e+02 1.525020e+02 7.878235e+02
      vertex   -1.329000e+02 1.525020e+02 7.891500e+02
      vertex   -1.326327e+02 1.525020e+02 7.879004e+02
    endloop
  endfacet
  facet normal 0.000000e+00 1.000000e+00 -0.000000e+00
    outer loop
      vertex   -1.326327e+02 1.525020e+02 7.879004e+02
      vertex   -1.329000e+02 1.525020e+02 7.891500e+02
      vertex   -1.326324e+02 1.525020e+02 7.879005e+02
    endloop
  endfacet
  facet normal 0.000000e+00 1.000000e+00 -0.000000e+00
    outer loop
      vertex   -1.326324e+02 1.525020e+02 7.879005e+02
      vertex   -1.329000e+02 1.525020e+02 7.891500e+02
      vertex   -1.323989e+02 1.525020e+02 7.880254e+02
    endloop
  endfacet
  facet normal 0.000000e+00 1.000000e+00 -0.000000e+00
    outer loop
      vertex   -1.323989e+02 1.525020e+02 7.880254e+02
      vertex   -1.329000e+02 1.525020e+02 7.891500e+02
      vertex   -1.323986e+02 1.525020e+02 7.880255e+02
    endloop
  endfacet
  facet normal 0.000000e+00 1.000000e+00 -0.000000e+00
    outer loop
      vertex   -1.323986e+02 1.525020e+02 7.880255e+02
      vertex   -1.329000e+02 1.525020e+02 7.891500e+02
      vertex   -1.321939e+02 1.525020e+02 7.881935e+02
    endloop
  endfacet
  facet normal 0.000000e+00 1.000000e+00 -0.000000e+00
    outer loop
      vertex   -1.321939e+02 1.525020e+02 7.881935e+02
      vertex   -1.329000e+02 1.525020e+02 7.891500e+02
      vertex   -1.321937e+02 1.525020e+02 7.881937e+02
    endloop
  endfacet
  facet normal 0.000000e+00 1.000000e+00 -0.000000e+00
    outer loop
      vertex   -1.321937e+02 1.525020e+02 7.881937e+02
      vertex   -1.329000e+02 1.525020e+02 7.891500e+02
      vertex   -1.320257e+02 1.525020e+02 7.883984e+02
    endloop
  endfacet
  facet normal 0.000000e+00 1.000000e+00 -0.000000e+00
    outer loop
      vertex   -1.320257e+02 1.525020e+02 7.883984e+02
      vertex   -1.329000e+02 1.525020e+02 7.891500e+02
      vertex   -1.317976e+02 1.525020e+02 7.891500e+02
    endloop
  endfacet
  facet normal 0.000000e+00 1.000000e+00 0.000000e+00
    outer loop
      vertex   -1.320257e+02 1.525020e+02 7.883984e+02
      vertex   -1.317976e+02 1.525020e+02 7.891500e+02
      vertex   -1.317976e+02 1.525020e+02 7.891497e+02
    endloop
  endfacet
  facet normal 0.000000e+00 1.000000e+00 -0.000000e+00
    outer loop
      vertex   -1.317976e+02 1.525020e+02 7.891500e+02
      vertex   -1.329000e+02 1.525020e+02 7.891500e+02
      vertex   -1.317976e+02 1.525020e+02 8.645645e+02
    endloop
  endfacet
  facet normal 0.000000e+00 1.000000e+00 0.000000e+00
    outer loop
      vertex   -1.317976e+02 1.525020e+02 8.645645e+02
      vertex   -1.329000e+02 1.525020e+02 7.891500e+02
      vertex   -1.329000e+02 1.525020e+02 8.650000e+02
    endloop
  endfacet
  facet normal 0.000000e+00 1.000000e+00 0.000000e+00
    outer loop
      vertex   -1.317976e+02 1.525020e+02 8.645645e+02
      vertex   -1.329000e+02 1.525020e+02 8.650000e+02
      vertex   -1.320254e+02 1.525020e+02 8.654011e+02
    endloop
  endfacet
  facet normal 0.000000e+00 1.000000e+00 0.000000e+00
    outer loop
      vertex   -1.320254e+02 1.525020e+02 8.654011e+02
      vertex   -1.329000e+02 1.525020e+02 8.650000e+02
      vertex   -1.321935e+02 1.525020e+02 8.656061e+02
    endloop
  endfacet
  facet normal 0.000000e+00 1.000000e+00 0.000000e+00
    outer loop
      vertex   -1.320254e+02 1.525020e+02 8.654011e+02
      vertex   -1.321935e+02 1.525020e+02 8.656061e+02
      vertex   -1.320255e+02 1.525020e+02 8.654014e+02
    endloop
  endfacet
  facet normal 0.000000e+00 1.000000e+00 0.000000e+00
    outer loop
      vertex   -1.666500e+02 1.525020e+02 8.650000e+02
      vertex   -1.331500e+02 1.525020e+02 8.660024e+02
      vertex   -1.329000e+02 1.525020e+02 8.650000e+02
    endloop
  endfacet
  facet normal 0.000000e+00 1.000000e+00 0.000000e+00
    outer loop
      vertex   -1.329000e+02 1.525020e+02 8.650000e+02
      vertex   -1.331500e+02 1.525020e+02 8.660024e+02
      vertex   -1.331497e+02 1.525020e+02 8.660024e+02
    endloop
  endfacet
  facet normal 0.000000e+00 1.000000e+00 -0.000000e+00
    outer loop
      vertex   -1.329000e+02 1.525020e+02 8.650000e+02
      vertex   -1.331497e+02 1.525020e+02 8.660024e+02
      vertex   -1.328862e+02 1.525020e+02 8.659764e+02
    endloop
  endfacet
  facet normal -0.000000e+00 1.000000e+00 0.000000e+00
    outer loop
      vertex   -1.666500e+02 1.525020e+02 8.660024e+02
      vertex   -1.666120e+02 1.525020e+02 8.660024e+02
      vertex   -1.666500e+02 1.525020e+02 8.650000e+02
    endloop
  endfacet
  facet normal 0.000000e+00 1.000000e+00 0.000000e+00
    outer loop
      vertex   -1.666500e+02 1.525020e+02 8.650000e+02
      vertex   -1.666120e+02 1.525020e+02 8.660024e+02
      vertex   -1.331500e+02 1.525020e+02 8.660024e+02
    endloop
  endfacet
  facet normal 0.000000e+00 1.000000e+00 0.000000e+00
    outer loop
      vertex   -1.328862e+02 1.525020e+02 8.659764e+02
      vertex   -1.328859e+02 1.525020e+02 8.659764e+02
      vertex   -1.329000e+02 1.525020e+02 8.650000e+02
    endloop
  endfacet
  facet normal 0.000000e+00 1.000000e+00 0.000000e+00
    outer loop
      vertex   -1.329000e+02 1.525020e+02 8.650000e+02
      vertex   -1.328859e+02 1.525020e+02 8.659764e+02
      vertex   -1.326324e+02 1.525020e+02 8.658995e+02
    endloop
  endfacet
  facet normal 0.000000e+00 1.000000e+00 0.000000e+00
    outer loop
      vertex   -1.329000e+02 1.525020e+02 8.650000e+02
      vertex   -1.326324e+02 1.525020e+02 8.658995e+02
      vertex   -1.326322e+02 1.525020e+02 8.658993e+02
    endloop
  endfacet
  facet normal 0.000000e+00 1.000000e+00 0.000000e+00
    outer loop
      vertex   -1.326322e+02 1.525020e+02 8.658993e+02
      vertex   -1.323986e+02 1.525020e+02 8.657745e+02
      vertex   -1.329000e+02 1.525020e+02 8.650000e+02
    endloop
  endfacet
  facet normal 0.000000e+00 1.000000e+00 0.000000e+00
    outer loop
      vertex   -1.329000e+02 1.525020e+02 8.650000e+02
      vertex   -1.323986e+02 1.525020e+02 8.657745e+02
      vertex   -1.323984e+02 1.525020e+02 8.657743e+02
    endloop
  endfacet
  facet normal 0.000000e+00 1.000000e+00 0.000000e+00
    outer loop
      vertex   -1.329000e+02 1.525020e+02 8.650000e+02
      vertex   -1.323984e+02 1.525020e+02 8.657743e+02
      vertex   -1.321937e+02 1.525020e+02 8.656063e+02
    endloop
  endfacet
  facet normal 0.000000e+00 1.000000e+00 0.000000e+00
    outer loop
      vertex   -1.321937e+02 1.525020e+02 8.656063e+02
      vertex   -1.321935e+02 1.525020e+02 8.656061e+02
      vertex   -1.329000e+02 1.525020e+02 8.650000e+02
    endloop
  endfacet
  facet normal 0.000000e+00 1.000000e+00 0.000000e+00
    outer loop
      vertex   -1.319005e+02 1.525020e+02 8.651676e+02
      vertex   -1.319004e+02 1.525020e+02 8.651673e+02
      vertex   -1.320254e+02 1.525020e+02 8.654011e+02
    endloop
  endfacet
  facet normal 0.000000e+00 1.000000e+00 0.000000e+00
    outer loop
      vertex   -1.320254e+02 1.525020e+02 8.654011e+02
      vertex   -1.319004e+02 1.525020e+02 8.651673e+02
      vertex   -1.317976e+02 1.525020e+02 8.645645e+02
    endloop
  endfacet
  facet normal 0.000000e+00 1.000000e+00 0.000000e+00
    outer loop
      vertex   -1.318236e+02 1.525020e+02 8.649138e+02
      vertex   -1.318235e+02 1.525020e+02 8.649135e+02
      vertex   -1.319004e+02 1.525020e+02 8.651673e+02
    endloop
  endfacet
  facet normal 0.000000e+00 1.000000e+00 0.000000e+00
    outer loop
      vertex   -1.319004e+02 1.525020e+02 8.651673e+02
      vertex   -1.318235e+02 1.525020e+02 8.649135e+02
      vertex   -1.317976e+02 1.525020e+02 8.646500e+02
    endloop
  endfacet
  facet normal 0.000000e+00 1.000000e+00 0.000000e+00
    outer loop
      vertex   -1.319004e+02 1.525020e+02 8.651673e+02
      vertex   -1.317976e+02 1.525020e+02 8.646500e+02
      vertex   -1.317976e+02 1.525020e+02 8.645645e+02
    endloop
  endfacet
  facet normal 0.000000e+00 1.000000e+00 -0.000000e+00
    outer loop
      vertex   -1.318236e+02 1.525020e+02 7.888861e+02
      vertex   -1.318236e+02 1.525020e+02 7.888859e+02
      vertex   -1.317976e+02 1.525020e+02 7.891497e+02
    endloop
  endfacet
  facet normal 0.000000e+00 1.000000e+00 0.000000e+00
    outer loop
      vertex   -1.317976e+02 1.525020e+02 7.891497e+02
      vertex   -1.318236e+02 1.525020e+02 7.888859e+02
      vertex   -1.319007e+02 1.525020e+02 7.886322e+02
    endloop
  endfacet
  facet normal 0.000000e+00 1.000000e+00 0.000000e+00
    outer loop
      vertex   -1.317976e+02 1.525020e+02 7.891497e+02
      vertex   -1.319007e+02 1.525020e+02 7.886322e+02
      vertex   -1.320257e+02 1.525020e+02 7.883984e+02
    endloop
  endfacet
  facet normal 0.000000e+00 1.000000e+00 0.000000e+00
    outer loop
      vertex   -1.320257e+02 1.525020e+02 7.883984e+02
      vertex   -1.319007e+02 1.525020e+02 7.886322e+02
      vertex   -1.320255e+02 1.525020e+02 7.883986e+02
    endloop
  endfacet
  facet normal 0.000000e+00 1.000000e+00 0.000000e+00
    outer loop
      vertex   -1.318236e+02 1.525020e+02 7.888859e+02
      vertex   -1.319005e+02 1.525020e+02 7.886324e+02
      vertex   -1.319007e+02 1.525020e+02 7.886322e+02
    endloop
  endfacet
  facet normal 0.000000e+00 1.000000e+00 0.000000e+00
    outer loop
      vertex   -1.324201e+02 1.525020e+02 7.852204e+02
      vertex   -1.324839e+02 1.525020e+02 7.852120e+02
      vertex   -1.331277e+02 1.525020e+02 7.851507e+02
    endloop
  endfacet
  facet normal 0.000000e+00 1.000000e+00 0.000000e+00
    outer loop
      vertex   -1.331277e+02 1.525020e+02 7.851507e+02
      vertex   -1.324839e+02 1.525020e+02 7.852120e+02
      vertex   -1.330960e+02 1.525020e+02 7.851517e+02
    endloop
  endfacet
  facet normal 0.000000e+00 1.000000e+00 0.000000e+00
    outer loop
      vertex   -1.316513e+02 1.525020e+02 7.854433e+02
      vertex   -1.322531e+02 1.525020e+02 7.852587e+02
      vertex   -1.323216e+02 1.525020e+02 7.852400e+02
    endloop
  endfacet
  facet normal -0.000000e+00 1.000000e+00 0.000000e+00
    outer loop
      vertex   -1.323216e+02 1.525020e+02 7.852400e+02
      vertex   -1.322531e+02 1.525020e+02 7.852587e+02
      vertex   -1.323669e+02 1.525020e+02 7.852274e+02
    endloop
  endfacet
  facet normal 0.000000e+00 1.000000e+00 0.000000e+00
    outer loop
      vertex   -1.323216e+02 1.525020e+02 7.852400e+02
      vertex   -1.323669e+02 1.525020e+02 7.852274e+02
      vertex   -1.323677e+02 1.525020e+02 7.852273e+02
    endloop
  endfacet
  facet normal 0.000000e+00 1.000000e+00 0.000000e+00
    outer loop
      vertex   -1.316513e+02 1.525020e+02 7.854433e+02
      vertex   -1.316642e+02 1.525020e+02 7.854373e+02
      vertex   -1.322531e+02 1.525020e+02 7.852587e+02
    endloop
  endfacet
  facet normal 0.000000e+00 1.000000e+00 0.000000e+00
    outer loop
      vertex   -1.315443e+02 1.525020e+02 7.854929e+02
      vertex   -1.309575e+02 1.525020e+02 7.858066e+02
      vertex   -1.315121e+02 1.525020e+02 7.855079e+02
    endloop
  endfacet
  facet normal 0.000000e+00 1.000000e+00 0.000000e+00
    outer loop
      vertex   -1.315121e+02 1.525020e+02 7.855079e+02
      vertex   -1.309575e+02 1.525020e+02 7.858066e+02
      vertex   -1.309693e+02 1.525020e+02 7.857980e+02
    endloop
  endfacet
  facet normal 0.000000e+00 1.000000e+00 0.000000e+00
    outer loop
      vertex   -1.308621e+02 1.525020e+02 7.858762e+02
      vertex   -1.303478e+02 1.525020e+02 7.862982e+02
      vertex   -1.308336e+02 1.525020e+02 7.858969e+02
    endloop
  endfacet
  facet normal 0.000000e+00 1.000000e+00 0.000000e+00
    outer loop
      vertex   -1.308336e+02 1.525020e+02 7.858969e+02
      vertex   -1.303478e+02 1.525020e+02 7.862982e+02
      vertex   -1.303578e+02 1.525020e+02 7.862874e+02
    endloop
  endfacet
  facet normal 0.000000e+00 1.000000e+00 0.000000e+00
    outer loop
      vertex   -1.302676e+02 1.525020e+02 7.863850e+02
      vertex   -1.298456e+02 1.525020e+02 7.868993e+02
      vertex   -1.302439e+02 1.525020e+02 7.864107e+02
    endloop
  endfacet
  facet normal 0.000000e+00 1.000000e+00 0.000000e+00
    outer loop
      vertex   -1.302439e+02 1.525020e+02 7.864107e+02
      vertex   -1.298456e+02 1.525020e+02 7.868993e+02
      vertex   -1.298534e+02 1.525020e+02 7.868865e+02
    endloop
  endfacet
  facet normal 0.000000e+00 1.000000e+00 0.000000e+00
    outer loop
      vertex   -1.297839e+02 1.525020e+02 7.869999e+02
      vertex   -1.294703e+02 1.525020e+02 7.875866e+02
      vertex   -1.297657e+02 1.525020e+02 7.870296e+02
    endloop
  endfacet
  facet normal 0.000000e+00 1.000000e+00 0.000000e+00
    outer loop
      vertex   -1.297657e+02 1.525020e+02 7.870296e+02
      vertex   -1.294703e+02 1.525020e+02 7.875866e+02
      vertex   -1.294756e+02 1.525020e+02 7.875724e+02
    endloop
  endfacet
  facet normal 7.730124e-01 3.926993e-04 -6.343907e-01
    outer loop
      vertex   -1.298459e+02 1.523022e+02 7.868988e+02
      vertex   -1.298456e+02 1.525020e+02 7.868993e+02
      vertex   -1.298369e+02 1.523022e+02 7.869098e+02
    endloop
  endfacet
  facet normal 7.730124e-01 3.926993e-04 -6.343907e-01
    outer loop
      vertex   -1.298369e+02 1.523022e+02 7.869098e+02
      vertex   -1.298456e+02 1.525020e+02 7.868993e+02
      vertex   -1.298241e+02 1.561522e+02 7.869277e+02
    endloop
  endfacet
  facet normal 7.730124e-01 3.926993e-04 -6.343907e-01
    outer loop
      vertex   -1.298241e+02 1.561522e+02 7.869277e+02
      vertex   -1.298456e+02 1.525020e+02 7.868993e+02
      vertex   -1.302676e+02 1.525020e+02 7.863850e+02
    endloop
  endfacet
  facet normal 7.730124e-01 3.926993e-04 -6.343907e-01
    outer loop
      vertex   -1.298241e+02 1.561522e+02 7.869277e+02
      vertex   -1.302676e+02 1.525020e+02 7.863850e+02
      vertex   -1.303216e+02 1.561522e+02 7.863216e+02
    endloop
  endfacet
  facet normal 7.730124e-01 3.926993e-04 -6.343907e-01
    outer loop
      vertex   -1.303216e+02 1.561522e+02 7.863216e+02
      vertex   -1.302676e+02 1.525020e+02 7.863850e+02
      vertex   -1.302878e+02 1.523022e+02 7.863604e+02
    endloop
  endfacet
  facet normal 7.730124e-01 3.926993e-04 -6.343907e-01
    outer loop
      vertex   -1.302878e+02 1.523022e+02 7.863604e+02
      vertex   -1.302676e+02 1.525020e+02 7.863850e+02
      vertex   -1.302667e+02 1.523022e+02 7.863860e+02
    endloop
  endfacet
  facet normal 6.343822e-01 3.892032e-04 -7.730195e-01
    outer loop
      vertex   -1.303482e+02 1.523022e+02 7.862978e+02
      vertex   -1.303478e+02 1.525020e+02 7.862982e+02
      vertex   -1.303373e+02 1.523022e+02 7.863067e+02
    endloop
  endfacet
  facet normal 6.343822e-01 3.892032e-04 -7.730195e-01
    outer loop
      vertex   -1.303373e+02 1.523022e+02 7.863067e+02
      vertex   -1.303478e+02 1.525020e+02 7.862982e+02
      vertex   -1.303216e+02 1.561522e+02 7.863216e+02
    endloop
  endfacet
  facet normal 6.343822e-01 3.892032e-04 -7.730195e-01
    outer loop
      vertex   -1.303216e+02 1.561522e+02 7.863216e+02
      vertex   -1.303478e+02 1.525020e+02 7.862982e+02
      vertex   -1.308621e+02 1.525020e+02 7.858762e+02
    endloop
  endfacet
  facet normal 6.343822e-01 3.892032e-04 -7.730195e-01
    outer loop
      vertex   -1.303216e+02 1.561522e+02 7.863216e+02
      vertex   -1.308621e+02 1.525020e+02 7.858762e+02
      vertex   -1.309277e+02 1.561522e+02 7.858241e+02
    endloop
  endfacet
  facet normal 6.343822e-01 3.892032e-04 -7.730195e-01
    outer loop
      vertex   -1.309277e+02 1.561522e+02 7.858241e+02
      vertex   -1.308621e+02 1.525020e+02 7.858762e+02
      vertex   -1.308868e+02 1.523022e+02 7.858558e+02
    endloop
  endfacet
  facet normal 6.343822e-01 3.892032e-04 -7.730195e-01
    outer loop
      vertex   -1.308868e+02 1.523022e+02 7.858558e+02
      vertex   -1.308621e+02 1.525020e+02 7.858762e+02
      vertex   -1.308610e+02 1.523022e+02 7.858770e+02
    endloop
  endfacet
  facet normal 4.713960e-01 3.860810e-04 -8.819216e-01
    outer loop
      vertex   -1.309580e+02 1.523022e+02 7.858063e+02
      vertex   -1.309575e+02 1.525020e+02 7.858066e+02
      vertex   -1.309458e+02 1.523022e+02 7.858128e+02
    endloop
  endfacet
  facet normal 4.713960e-01 3.860810e-04 -8.819216e-01
    outer loop
      vertex   -1.309458e+02 1.523022e+02 7.858128e+02
      vertex   -1.309575e+02 1.525020e+02 7.858066e+02
      vertex   -1.309277e+02 1.561522e+02 7.858241e+02
    endloop
  endfacet
  facet normal 4.713960e-01 3.860810e-04 -8.819216e-01
    outer loop
      vertex   -1.309277e+02 1.561522e+02 7.858241e+02
      vertex   -1.309575e+02 1.525020e+02 7.858066e+02
      vertex   -1.315443e+02 1.525020e+02 7.854929e+02
    endloop
  endfacet
  facet normal 4.713960e-01 3.860810e-04 -8.819216e-01
    outer loop
      vertex   -1.309277e+02 1.561522e+02 7.858241e+02
      vertex   -1.315443e+02 1.525020e+02 7.854929e+02
      vertex   -1.316193e+02 1.561522e+02 7.854545e+02
    endloop
  endfacet
  facet normal 4.713960e-01 3.860810e-04 -8.819216e-01
    outer loop
      vertex   -1.316193e+02 1.561522e+02 7.854545e+02
      vertex   -1.315443e+02 1.525020e+02 7.854929e+02
      vertex   -1.315726e+02 1.523022e+02 7.854777e+02
    endloop
  endfacet
  facet normal 4.713960e-01 3.860810e-04 -8.819216e-01
    outer loop
      vertex   -1.315726e+02 1.523022e+02 7.854777e+02
      vertex   -1.315443e+02 1.525020e+02 7.854929e+02
      vertex   -1.315431e+02 1.523022e+02 7.854935e+02
    endloop
  endfacet
  facet normal 2.902855e-01 3.814389e-04 -9.569400e-01
    outer loop
      vertex   -1.316518e+02 1.523022e+02 7.854431e+02
      vertex   -1.316513e+02 1.525020e+02 7.854433e+02
      vertex   -1.316388e+02 1.523022e+02 7.854470e+02
    endloop
  endfacet
  facet normal 2.902855e-01 3.814389e-04 -9.569400e-01
    outer loop
      vertex   -1.316388e+02 1.523022e+02 7.854470e+02
      vertex   -1.316513e+02 1.525020e+02 7.854433e+02
      vertex   -1.316193e+02 1.561522e+02 7.854545e+02
    endloop
  endfacet
  facet normal 2.902855e-01 3.814389e-04 -9.569400e-01
    outer loop
      vertex   -1.316193e+02 1.561522e+02 7.854545e+02
      vertex   -1.316513e+02 1.525020e+02 7.854433e+02
      vertex   -1.323216e+02 1.525020e+02 7.852400e+02
    endloop
  endfacet
  facet normal 2.902855e-01 3.814389e-04 -9.569400e-01
    outer loop
      vertex   -1.316193e+02 1.561522e+02 7.854545e+02
      vertex   -1.323216e+02 1.525020e+02 7.852400e+02
      vertex   -1.323696e+02 1.561522e+02 7.852269e+02
    endloop
  endfacet
  facet normal 2.650314e-01 2.253847e-05 -9.642398e-01
    outer loop
      vertex   -1.323216e+02 1.525020e+02 7.852400e+02
      vertex   -1.323677e+02 1.525020e+02 7.852273e+02
      vertex   -1.323696e+02 1.561522e+02 7.852269e+02
    endloop
  endfacet
  facet normal 2.650314e-01 2.253847e-05 -9.642398e-01
    outer loop
      vertex   -1.323696e+02 1.561522e+02 7.852269e+02
      vertex   -1.323677e+02 1.525020e+02 7.852273e+02
      vertex   -1.323684e+02 1.523022e+02 7.852271e+02
    endloop
  endfacet
  facet normal 2.650314e-01 2.253847e-05 -9.642398e-01
    outer loop
      vertex   -1.323684e+02 1.523022e+02 7.852271e+02
      vertex   -1.323677e+02 1.525020e+02 7.852273e+02
      vertex   -1.323677e+02 1.523022e+02 7.852273e+02
    endloop
  endfacet
  facet normal 9.802728e-02 4.076044e-04 -9.951836e-01
    outer loop
      vertex   -1.324226e+02 1.523022e+02 7.852201e+02
      vertex   -1.324201e+02 1.525020e+02 7.852204e+02
      vertex   -1.324193e+02 1.523022e+02 7.852204e+02
    endloop
  endfacet
  facet normal 9.802728e-02 4.076044e-04 -9.951836e-01
    outer loop
      vertex   -1.324193e+02 1.523022e+02 7.852204e+02
      vertex   -1.324201e+02 1.525020e+02 7.852204e+02
      vertex   -1.323696e+02 1.561522e+02 7.852269e+02
    endloop
  endfacet
  facet normal 9.802728e-02 4.076044e-04 -9.951836e-01
    outer loop
      vertex   -1.323696e+02 1.561522e+02 7.852269e+02
      vertex   -1.324201e+02 1.525020e+02 7.852204e+02
      vertex   -1.331500e+02 1.561522e+02 7.851500e+02
    endloop
  endfacet
  facet normal 9.802728e-02 4.076044e-04 -9.951836e-01
    outer loop
      vertex   -1.331500e+02 1.561522e+02 7.851500e+02
      vertex   -1.324201e+02 1.525020e+02 7.852204e+02
      vertex   -1.331277e+02 1.525020e+02 7.851507e+02
    endloop
  endfacet
  facet normal 3.135474e-02 3.812529e-15 -9.995083e-01
    outer loop
      vertex   -1.328995e+02 9.384165e+01 7.851579e+02
      vertex   -1.331500e+02 9.384950e+01 7.851500e+02
      vertex   -1.330960e+02 1.260500e+02 7.851517e+02
    endloop
  endfacet
  facet normal 3.135474e-02 0.000000e+00 -9.995083e-01
    outer loop
      vertex   -1.330960e+02 1.260500e+02 7.851517e+02
      vertex   -1.331500e+02 9.384950e+01 7.851500e+02
      vertex   -1.331500e+02 1.561522e+02 7.851500e+02
    endloop
  endfacet
  facet normal 3.135474e-02 -1.630369e-14 -9.995083e-01
    outer loop
      vertex   -1.330960e+02 1.260500e+02 7.851517e+02
      vertex   -1.331500e+02 1.561522e+02 7.851500e+02
      vertex   -1.331277e+02 1.525020e+02 7.851507e+02
    endloop
  endfacet
  facet normal 3.135474e-02 0.000000e+00 -9.995083e-01
    outer loop
      vertex   -1.331277e+02 1.525020e+02 7.851507e+02
      vertex   -1.330960e+02 1.525020e+02 7.851517e+02
      vertex   -1.330960e+02 1.260500e+02 7.851517e+02
    endloop
  endfacet
  facet normal 0.000000e+00 0.000000e+00 -1.000000e+00
    outer loop
      vertex   -1.666500e+02 1.561522e+02 7.851500e+02
      vertex   -1.331500e+02 1.561522e+02 7.851500e+02
      vertex   -1.635081e+02 1.523022e+02 7.851500e+02
    endloop
  endfacet
  facet normal 0.000000e+00 0.000000e+00 -1.000000e+00
    outer loop
      vertex   -1.635081e+02 1.523022e+02 7.851500e+02
      vertex   -1.331500e+02 1.561522e+02 7.851500e+02
      vertex   -1.594278e+02 1.260500e+02 7.851500e+02
    endloop
  endfacet
  facet normal -0.000000e+00 -0.000000e+00 -1.000000e+00
    outer loop
      vertex   -1.635081e+02 1.523022e+02 7.851500e+02
      vertex   -1.594278e+02 1.260500e+02 7.851500e+02
      vertex   -1.666500e+02 1.525020e+02 7.851500e+02
    endloop
  endfacet
  facet normal 0.000000e+00 0.000000e+00 -1.000000e+00
    outer loop
      vertex   -1.666500e+02 1.525020e+02 7.851500e+02
      vertex   -1.594278e+02 1.260500e+02 7.851500e+02
      vertex   -1.666500e+02 9.384950e+01 7.851500e+02
    endloop
  endfacet
  facet normal 0.000000e+00 0.000000e+00 -1.000000e+00
    outer loop
      vertex   -1.666500e+02 9.384950e+01 7.851500e+02
      vertex   -1.594278e+02 1.260500e+02 7.851500e+02
      vertex   -1.331500e+02 9.384950e+01 7.851500e+02
    endloop
  endfacet
  facet normal 0.000000e+00 -0.000000e+00 -1.000000e+00
    outer loop
      vertex   -1.331500e+02 1.561522e+02 7.851500e+02
      vertex   -1.331500e+02 9.384950e+01 7.851500e+02
      vertex   -1.594278e+02 1.260500e+02 7.851500e+02
    endloop
  endfacet
  facet normal 0.000000e+00 0.000000e+00 -1.000000e+00
    outer loop
      vertex   -1.666500e+02 1.525020e+02 7.851500e+02
      vertex   -1.666500e+02 1.561522e+02 7.851500e+02
      vertex   -1.635081e+02 1.523022e+02 7.851500e+02
    endloop
  endfacet
  facet normal -1.000000e+00 -0.000000e+00 -0.000000e+00
    outer loop
      vertex   -1.666500e+02 1.525022e+02 7.877976e+02
      vertex   -1.666500e+02 1.531952e+02 7.871046e+02
      vertex   -1.666500e+02 1.525020e+02 7.877976e+02
    endloop
  endfacet
  facet normal -1.000000e+00 1.758298e-06 1.758824e-06
    outer loop
      vertex   -1.666500e+02 1.525020e+02 7.877976e+02
      vertex   -1.666500e+02 1.531952e+02 7.871046e+02
      vertex   -1.666500e+02 1.525020e+02 7.851500e+02
    endloop
  endfacet
  facet normal -1.000000e+00 4.213657e-08 1.758824e-06
    outer loop
      vertex   -1.666500e+02 1.525020e+02 7.877976e+02
      vertex   -1.666500e+02 1.525020e+02 7.851500e+02
      vertex   -1.666500e+02 9.605000e+01 7.891500e+02
    endloop
  endfacet
  facet normal -1.000000e+00 -7.939326e-08 4.367612e-08
    outer loop
      vertex   -1.666500e+02 9.605000e+01 7.891500e+02
      vertex   -1.666500e+02 1.525020e+02 7.851500e+02
      vertex   -1.666500e+02 9.384950e+01 7.851500e+02
    endloop
  endfacet
  facet normal -1.000000e+00 -0.000000e+00 0.000000e+00
    outer loop
      vertex   -1.666500e+02 9.605000e+01 7.891500e+02
      vertex   -1.666500e+02 9.384950e+01 7.851500e+02
      vertex   -1.666500e+02 9.384950e+01 8.266500e+02
    endloop
  endfacet
  facet normal -1.000000e+00 0.000000e+00 2.382394e-06
    outer loop
      vertex   -1.666500e+02 1.531952e+02 7.871046e+02
      vertex   -1.666500e+02 1.549952e+02 7.871046e+02
      vertex   -1.666500e+02 1.525020e+02 7.851500e+02
    endloop
  endfacet
  facet normal -1.000000e+00 1.275706e-06 7.551634e-07
    outer loop
      vertex   -1.666500e+02 1.525020e+02 7.851500e+02
      vertex   -1.666500e+02 1.549952e+02 7.871046e+02
      vertex   -1.666500e+02 1.561522e+02 7.851500e+02
    endloop
  endfacet
  facet normal -1.000000e+00 0.000000e+00 0.000000e+00
    outer loop
      vertex   -1.666500e+02 1.561522e+02 7.851500e+02
      vertex   -1.666500e+02 1.549952e+02 7.871046e+02
      vertex   -1.666500e+02 1.561522e+02 7.859476e+02
    endloop
  endfacet
  facet normal -1.000000e+00 0.000000e+00 0.000000e+00
    outer loop
      vertex   -1.666500e+02 9.384950e+01 8.266500e+02
      vertex   -1.666500e+02 9.408182e+01 8.268823e+02
      vertex   -1.666500e+02 9.605000e+01 7.891500e+02
    endloop
  endfacet
  facet normal -1.000000e+00 0.000000e+00 0.000000e+00
    outer loop
      vertex   -1.666500e+02 9.605000e+01 7.891500e+02
      vertex   -1.666500e+02 9.408182e+01 8.268823e+02
      vertex   -1.666500e+02 9.409950e+01 8.269000e+02
    endloop
  endfacet
  facet normal -1.000000e+00 0.000000e+00 0.000000e+00
    outer loop
      vertex   -1.666500e+02 9.605000e+01 7.891500e+02
      vertex   -1.666500e+02 9.409950e+01 8.269000e+02
      vertex   -1.666500e+02 9.605000e+01 8.650000e+02
    endloop
  endfacet
  facet normal -1.000000e+00 0.000000e+00 0.000000e+00
    outer loop
      vertex   -1.666500e+02 9.605000e+01 8.650000e+02
      vertex   -1.666500e+02 9.409950e+01 8.269000e+02
      vertex   -1.666500e+02 9.384950e+01 8.271500e+02
    endloop
  endfacet
  facet normal -1.000000e+00 -0.000000e+00 0.000000e+00
    outer loop
      vertex   -1.666500e+02 9.605000e+01 8.650000e+02
      vertex   -1.666500e+02 9.384950e+01 8.271500e+02
      vertex   -1.666500e+02 9.384950e+01 8.686500e+02
    endloop
  endfacet
  facet normal -1.000000e+00 -7.939326e-08 -4.786429e-08
    outer loop
      vertex   -1.666500e+02 9.384950e+01 8.686500e+02
      vertex   -1.666500e+02 1.525020e+02 8.686500e+02
      vertex   -1.666500e+02 9.605000e+01 8.650000e+02
    endloop
  endfacet
  facet normal -1.000000e+00 3.123263e-08 -1.758837e-06
    outer loop
      vertex   -1.666500e+02 9.605000e+01 8.650000e+02
      vertex   -1.666500e+02 1.525020e+02 8.686500e+02
      vertex   -1.666500e+02 1.525020e+02 8.660024e+02
    endloop
  endfacet
  facet normal -1.000000e+00 -8.248801e-08 4.645236e-06
    outer loop
      vertex   -1.666500e+02 9.605000e+01 8.650000e+02
      vertex   -1.666500e+02 1.525020e+02 8.660024e+02
      vertex   -1.666500e+02 1.525020e+02 8.650000e+02
    endloop
  endfacet
  facet normal -1.000000e+00 1.275706e-06 -7.551634e-07
    outer loop
      vertex   -1.666500e+02 1.561522e+02 8.686500e+02
      vertex   -1.666500e+02 1.549952e+02 8.666954e+02
      vertex   -1.666500e+02 1.525020e+02 8.686500e+02
    endloop
  endfacet
  facet normal -1.000000e+00 0.000000e+00 -2.382394e-06
    outer loop
      vertex   -1.666500e+02 1.525020e+02 8.686500e+02
      vertex   -1.666500e+02 1.549952e+02 8.666954e+02
      vertex   -1.666500e+02 1.531952e+02 8.666954e+02
    endloop
  endfacet
  facet normal -1.000000e+00 1.758262e-06 -1.758837e-06
    outer loop
      vertex   -1.666500e+02 1.525020e+02 8.686500e+02
      vertex   -1.666500e+02 1.531952e+02 8.666954e+02
      vertex   -1.666500e+02 1.525020e+02 8.660024e+02
    endloop
  endfacet
  facet normal -1.000000e+00 0.000000e+00 0.000000e+00
    outer loop
      vertex   -1.666500e+02 1.525020e+02 8.660024e+02
      vertex   -1.666500e+02 1.531952e+02 8.666954e+02
      vertex   -1.666500e+02 1.525022e+02 8.660024e+02
    endloop
  endfacet
  facet normal -1.000000e+00 0.000000e+00 -0.000000e+00
    outer loop
      vertex   -1.666500e+02 1.561522e+02 8.686500e+02
      vertex   -1.666500e+02 1.561522e+02 8.678524e+02
      vertex   -1.666500e+02 1.549952e+02 8.666954e+02
    endloop
  endfacet
  facet normal -1.000000e+00 -8.248801e-08 -3.443135e-06
    outer loop
      vertex   -1.666500e+02 9.605000e+01 7.891500e+02
      vertex   -1.666500e+02 1.525020e+02 7.891500e+02
      vertex   -1.666500e+02 1.525020e+02 7.877976e+02
    endloop
  endfacet
  facet normal 0.000000e+00 0.000000e+00 1.000000e+00
    outer loop
      vertex   -1.666500e+02 1.525020e+02 7.877976e+02
      vertex   -1.666120e+02 1.525020e+02 7.877976e+02
      vertex   -1.666500e+02 1.525022e+02 7.877976e+02
    endloop
  endfacet
  facet normal 0.000000e+00 -0.000000e+00 1.000000e+00
    outer loop
      vertex   -1.331500e+02 1.525020e+02 7.877976e+02
      vertex   -1.331500e+02 1.525022e+02 7.877976e+02
      vertex   -1.666120e+02 1.525020e+02 7.877976e+02
    endloop
  endfacet
  facet normal 0.000000e+00 -0.000000e+00 1.000000e+00
    outer loop
      vertex   -1.666120e+02 1.525020e+02 7.877976e+02
      vertex   -1.331500e+02 1.525022e+02 7.877976e+02
      vertex   -1.666500e+02 1.525022e+02 7.877976e+02
    endloop
  endfacet
  facet normal -9.798639e-02 0.000000e+00 9.951878e-01
    outer loop
      vertex   -1.331500e+02 1.525020e+02 7.877976e+02
      vertex   -1.328865e+02 1.525020e+02 7.878235e+02
      vertex   -1.331500e+02 1.525022e+02 7.877976e+02
    endloop
  endfacet
  facet normal -9.798639e-02 -9.963017e-12 9.951878e-01
    outer loop
      vertex   -1.331500e+02 1.525022e+02 7.877976e+02
      vertex   -1.328865e+02 1.525020e+02 7.878235e+02
      vertex   -1.328862e+02 1.525022e+02 7.878235e+02
    endloop
  endfacet
  facet normal -9.798639e-02 0.000000e+00 9.951878e-01
    outer loop
      vertex   -1.328865e+02 1.525020e+02 7.878235e+02
      vertex   -1.328862e+02 1.525020e+02 7.878235e+02
      vertex   -1.328862e+02 1.525022e+02 7.878235e+02
    endloop
  endfacet
  facet normal -2.902769e-01 0.000000e+00 9.569427e-01
    outer loop
      vertex   -1.328862e+02 1.525020e+02 7.878235e+02
      vertex   -1.326327e+02 1.525020e+02 7.879004e+02
      vertex   -1.328862e+02 1.525022e+02 7.878235e+02
    endloop
  endfacet
  facet normal -2.902769e-01 -1.033219e-10 9.569427e-01
    outer loop
      vertex   -1.328862e+02 1.525022e+02 7.878235e+02
      vertex   -1.326327e+02 1.525020e+02 7.879004e+02
      vertex   -1.326324e+02 1.525022e+02 7.879005e+02
    endloop
  endfacet
  facet normal -2.902769e-01 0.000000e+00 9.569427e-01
    outer loop
      vertex   -1.326327e+02 1.525020e+02 7.879004e+02
      vertex   -1.326324e+02 1.525020e+02 7.879005e+02
      vertex   -1.326324e+02 1.525022e+02 7.879005e+02
    endloop
  endfacet
  facet normal -4.714207e-01 0.000000e+00 8.819085e-01
    outer loop
      vertex   -1.326324e+02 1.525020e+02 7.879005e+02
      vertex   -1.323989e+02 1.525020e+02 7.880254e+02
      vertex   -1.326324e+02 1.525022e+02 7.879005e+02
    endloop
  endfacet
  facet normal -4.714207e-01 -9.818169e-11 8.819085e-01
    outer loop
      vertex   -1.326324e+02 1.525022e+02 7.879005e+02
      vertex   -1.323989e+02 1.525020e+02 7.880254e+02
      vertex   -1.323986e+02 1.525022e+02 7.880255e+02
    endloop
  endfacet
  facet normal -4.714207e-01 0.000000e+00 8.819085e-01
    outer loop
      vertex   -1.323989e+02 1.525020e+02 7.880254e+02
      vertex   -1.323986e+02 1.525020e+02 7.880255e+02
      vertex   -1.323986e+02 1.525022e+02 7.880255e+02
    endloop
  endfacet
  facet normal -6.344026e-01 0.000000e+00 7.730028e-01
    outer loop
      vertex   -1.323986e+02 1.525020e+02 7.880255e+02
      vertex   -1.321939e+02 1.525020e+02 7.881935e+02
      vertex   -1.323986e+02 1.525022e+02 7.880255e+02
    endloop
  endfacet
  facet normal -6.344026e-01 2.416572e-10 7.730028e-01
    outer loop
      vertex   -1.323986e+02 1.525022e+02 7.880255e+02
      vertex   -1.321939e+02 1.525020e+02 7.881935e+02
      vertex   -1.321937e+02 1.525022e+02 7.881937e+02
    endloop
  endfacet
  facet normal -6.344026e-01 0.000000e+00 7.730028e-01
    outer loop
      vertex   -1.321939e+02 1.525020e+02 7.881935e+02
      vertex   -1.321937e+02 1.525020e+02 7.881937e+02
      vertex   -1.321937e+02 1.525022e+02 7.881937e+02
    endloop
  endfacet
  facet normal -7.730028e-01 0.000000e+00 6.344026e-01
    outer loop
      vertex   -1.321937e+02 1.525020e+02 7.881937e+02
      vertex   -1.320257e+02 1.525020e+02 7.883984e+02
      vertex   -1.321937e+02 1.525022e+02 7.881937e+02
    endloop
  endfacet
  facet normal -7.730028e-01 -1.099702e-10 6.344026e-01
    outer loop
      vertex   -1.321937e+02 1.525022e+02 7.881937e+02
      vertex   -1.320257e+02 1.525020e+02 7.883984e+02
      vertex   -1.320255e+02 1.525022e+02 7.883986e+02
    endloop
  endfacet
  facet normal -7.730028e-01 0.000000e+00 6.344026e-01
    outer loop
      vertex   -1.320257e+02 1.525020e+02 7.883984e+02
      vertex   -1.320255e+02 1.525020e+02 7.883986e+02
      vertex   -1.320255e+02 1.525022e+02 7.883986e+02
    endloop
  endfacet
  facet normal -8.819234e-01 0.000000e+00 4.713927e-01
    outer loop
      vertex   -1.320255e+02 1.525020e+02 7.883986e+02
      vertex   -1.319007e+02 1.525020e+02 7.886322e+02
      vertex   -1.320255e+02 1.525022e+02 7.883986e+02
    endloop
  endfacet
  facet normal -8.819234e-01 1.605587e-10 4.713927e-01
    outer loop
      vertex   -1.320255e+02 1.525022e+02 7.883986e+02
      vertex   -1.319007e+02 1.525020e+02 7.886322e+02
      vertex   -1.319005e+02 1.525022e+02 7.886324e+02
    endloop
  endfacet
  facet normal -8.819234e-01 0.000000e+00 4.713927e-01
    outer loop
      vertex   -1.319007e+02 1.525020e+02 7.886322e+02
      vertex   -1.319005e+02 1.525020e+02 7.886324e+02
      vertex   -1.319005e+02 1.525022e+02 7.886324e+02
    endloop
  endfacet
  facet normal -9.569397e-01 0.000000e+00 2.902869e-01
    outer loop
      vertex   -1.319005e+02 1.525020e+02 7.886324e+02
      vertex   -1.318236e+02 1.525020e+02 7.888859e+02
      vertex   -1.319005e+02 1.525022e+02 7.886324e+02
    endloop
  endfacet
  facet normal -9.569397e-01 -7.115538e-11 2.902869e-01
    outer loop
      vertex   -1.319005e+02 1.525022e+02 7.886324e+02
      vertex   -1.318236e+02 1.525020e+02 7.888859e+02
      vertex   -1.318236e+02 1.525022e+02 7.888861e+02
    endloop
  endfacet
  facet normal -9.569397e-01 0.000000e+00 2.902869e-01
    outer loop
      vertex   -1.318236e+02 1.525020e+02 7.888859e+02
      vertex   -1.318236e+02 1.525020e+02 7.888861e+02
      vertex   -1.318236e+02 1.525022e+02 7.888861e+02
    endloop
  endfacet
  facet normal -9.951846e-01 0.000000e+00 9.801851e-02
    outer loop
      vertex   -1.318236e+02 1.525020e+02 7.888861e+02
      vertex   -1.317976e+02 1.525020e+02 7.891497e+02
      vertex   -1.318236e+02 1.525022e+02 7.888861e+02
    endloop
  endfacet
  facet normal -9.951846e-01 -3.342533e-11 9.801851e-02
    outer loop
      vertex   -1.318236e+02 1.525022e+02 7.888861e+02
      vertex   -1.317976e+02 1.525020e+02 7.891497e+02
      vertex   -1.317976e+02 1.525022e+02 7.891500e+02
    endloop
  endfacet
  facet normal -9.951846e-01 0.000000e+00 9.801851e-02
    outer loop
      vertex   -1.317976e+02 1.525020e+02 7.891497e+02
      vertex   -1.317976e+02 1.525020e+02 7.891500e+02
      vertex   -1.317976e+02 1.525022e+02 7.891500e+02
    endloop
  endfacet
  facet normal -1.000000e+00 0.000000e+00 0.000000e+00
    outer loop
      vertex   -1.317976e+02 1.525020e+02 7.891500e+02
      vertex   -1.317976e+02 1.525020e+02 8.645645e+02
      vertex   -1.317976e+02 1.525022e+02 7.891500e+02
    endloop
  endfacet
  facet normal -1.000000e+00 0.000000e+00 0.000000e+00
    outer loop
      vertex   -1.317976e+02 1.525022e+02 7.891500e+02
      vertex   -1.317976e+02 1.525020e+02 8.645645e+02
      vertex   -1.317976e+02 1.525022e+02 8.646500e+02
    endloop
  endfacet
  facet normal -1.000000e+00 0.000000e+00 0.000000e+00
    outer loop
      vertex   -1.317976e+02 1.525020e+02 8.645645e+02
      vertex   -1.317976e+02 1.525020e+02 8.646500e+02
      vertex   -1.317976e+02 1.525022e+02 8.646500e+02
    endloop
  endfacet
  facet normal -9.951842e-01 0.000000e+00 -9.802202e-02
    outer loop
      vertex   -1.317976e+02 1.525020e+02 8.646500e+02
      vertex   -1.318235e+02 1.525020e+02 8.649135e+02
      vertex   -1.317976e+02 1.525022e+02 8.646500e+02
    endloop
  endfacet
  facet normal -9.951842e-01 5.180751e-11 -9.802202e-02
    outer loop
      vertex   -1.317976e+02 1.525022e+02 8.646500e+02
      vertex   -1.318235e+02 1.525020e+02 8.649135e+02
      vertex   -1.318236e+02 1.525022e+02 8.649138e+02
    endloop
  endfacet
  facet normal -9.951842e-01 0.000000e+00 -9.802202e-02
    outer loop
      vertex   -1.318235e+02 1.525020e+02 8.649135e+02
      vertex   -1.318236e+02 1.525020e+02 8.649138e+02
      vertex   -1.318236e+02 1.525022e+02 8.649138e+02
    endloop
  endfacet
  facet normal 0.000000e+00 -1.000000e+00 0.000000e+00
    outer loop
      vertex   -1.302667e+02 1.523022e+02 7.863860e+02
      vertex   -1.303482e+02 1.523022e+02 7.862978e+02
      vertex   -1.302878e+02 1.523022e+02 7.863604e+02
    endloop
  endfacet
  facet normal 0.000000e+00 -1.000000e+00 0.000000e+00
    outer loop
      vertex   -1.302878e+02 1.523022e+02 7.863604e+02
      vertex   -1.303482e+02 1.523022e+02 7.862978e+02
      vertex   -1.303373e+02 1.523022e+02 7.863067e+02
    endloop
  endfacet
  facet normal 0.000000e+00 -1.000000e+00 0.000000e+00
    outer loop
      vertex   -1.308610e+02 1.523022e+02 7.858770e+02
      vertex   -1.309580e+02 1.523022e+02 7.858063e+02
      vertex   -1.308868e+02 1.523022e+02 7.858558e+02
    endloop
  endfacet
  facet normal 0.000000e+00 -1.000000e+00 0.000000e+00
    outer loop
      vertex   -1.308868e+02 1.523022e+02 7.858558e+02
      vertex   -1.309580e+02 1.523022e+02 7.858063e+02
      vertex   -1.309458e+02 1.523022e+02 7.858128e+02
    endloop
  endfacet
  facet normal 0.000000e+00 -1.000000e+00 0.000000e+00
    outer loop
      vertex   -1.315431e+02 1.523022e+02 7.854935e+02
      vertex   -1.316518e+02 1.523022e+02 7.854431e+02
      vertex   -1.315726e+02 1.523022e+02 7.854777e+02
    endloop
  endfacet
  facet normal 0.000000e+00 -1.000000e+00 0.000000e+00
    outer loop
      vertex   -1.315726e+02 1.523022e+02 7.854777e+02
      vertex   -1.316518e+02 1.523022e+02 7.854431e+02
      vertex   -1.316388e+02 1.523022e+02 7.854470e+02
    endloop
  endfacet
  facet normal 0.000000e+00 -1.000000e+00 0.000000e+00
    outer loop
      vertex   -1.324226e+02 1.523022e+02 7.852201e+02
      vertex   -1.324193e+02 1.523022e+02 7.852204e+02
      vertex   -1.323677e+02 1.523022e+02 7.852273e+02
    endloop
  endfacet
  facet normal 0.000000e+00 -1.000000e+00 0.000000e+00
    outer loop
      vertex   -1.323677e+02 1.523022e+02 7.852273e+02
      vertex   -1.324193e+02 1.523022e+02 7.852204e+02
      vertex   -1.323684e+02 1.523022e+02 7.852271e+02
    endloop
  endfacet
  facet normal 0.000000e+00 -1.000000e+00 0.000000e+00
    outer loop
      vertex   -1.324513e+02 1.523022e+02 8.685827e+02
      vertex   -1.323332e+02 1.523022e+02 8.685637e+02
      vertex   -1.324193e+02 1.523022e+02 8.685796e+02
    endloop
  endfacet
  facet normal 0.000000e+00 -1.000000e+00 0.000000e+00
    outer loop
      vertex   -1.324193e+02 1.523022e+02 8.685796e+02
      vertex   -1.323332e+02 1.523022e+02 8.685637e+02
      vertex   -1.323474e+02 1.523022e+02 8.685680e+02
    endloop
  endfacet
  facet normal 0.000000e+00 -1.000000e+00 0.000000e+00
    outer loop
      vertex   -1.316985e+02 1.523022e+02 8.683712e+02
      vertex   -1.315861e+02 1.523022e+02 8.683295e+02
      vertex   -1.316673e+02 1.523022e+02 8.683617e+02
    endloop
  endfacet
  facet normal 0.000000e+00 -1.000000e+00 0.000000e+00
    outer loop
      vertex   -1.316673e+02 1.523022e+02 8.683617e+02
      vertex   -1.315861e+02 1.523022e+02 8.683295e+02
      vertex   -1.315989e+02 1.523022e+02 8.683364e+02
    endloop
  endfacet
  facet normal 0.000000e+00 -1.000000e+00 0.000000e+00
    outer loop
      vertex   -1.310011e+02 1.523022e+02 8.680168e+02
      vertex   -1.308988e+02 1.523022e+02 8.679541e+02
      vertex   -1.309720e+02 1.523022e+02 8.680013e+02
    endloop
  endfacet
  facet normal 0.000000e+00 -1.000000e+00 0.000000e+00
    outer loop
      vertex   -1.309720e+02 1.523022e+02 8.680013e+02
      vertex   -1.308988e+02 1.523022e+02 8.679541e+02
      vertex   -1.309098e+02 1.523022e+02 8.679631e+02
    endloop
  endfacet
  facet normal 0.000000e+00 -1.000000e+00 0.000000e+00
    outer loop
      vertex   -1.303860e+02 1.523022e+02 8.675333e+02
      vertex   -1.302978e+02 1.523022e+02 8.674518e+02
      vertex   -1.303604e+02 1.523022e+02 8.675122e+02
    endloop
  endfacet
  facet normal 0.000000e+00 -1.000000e+00 0.000000e+00
    outer loop
      vertex   -1.303604e+02 1.523022e+02 8.675122e+02
      vertex   -1.302978e+02 1.523022e+02 8.674518e+02
      vertex   -1.303067e+02 1.523022e+02 8.674627e+02
    endloop
  endfacet
  facet normal 0.000000e+00 -1.000000e+00 0.000000e+00
    outer loop
      vertex   -1.298769e+02 1.523022e+02 8.669390e+02
      vertex   -1.298062e+02 1.523022e+02 8.668420e+02
      vertex   -1.298558e+02 1.523022e+02 8.669132e+02
    endloop
  endfacet
  facet normal 0.000000e+00 -1.000000e+00 0.000000e+00
    outer loop
      vertex   -1.298558e+02 1.523022e+02 8.669132e+02
      vertex   -1.298062e+02 1.523022e+02 8.668420e+02
      vertex   -1.298128e+02 1.523022e+02 8.668542e+02
    endloop
  endfacet
  facet normal 0.000000e+00 -1.000000e+00 0.000000e+00
    outer loop
      vertex   -1.294935e+02 1.523022e+02 8.662569e+02
      vertex   -1.294431e+02 1.523022e+02 8.661482e+02
      vertex   -1.294777e+02 1.523022e+02 8.662274e+02
    endloop
  endfacet
  facet normal 0.000000e+00 -1.000000e+00 0.000000e+00
    outer loop
      vertex   -1.294777e+02 1.523022e+02 8.662274e+02
      vertex   -1.294431e+02 1.523022e+02 8.661482e+02
      vertex   -1.294470e+02 1.523022e+02 8.661612e+02
    endloop
  endfacet
  facet normal 0.000000e+00 -1.000000e+00 0.000000e+00
    outer loop
      vertex   -1.292201e+02 1.523022e+02 8.653774e+02
      vertex   -1.292204e+02 1.523022e+02 8.653807e+02
      vertex   -1.292273e+02 1.523022e+02 8.654323e+02
    endloop
  endfacet
  facet normal 0.000000e+00 -1.000000e+00 0.000000e+00
    outer loop
      vertex   -1.292273e+02 1.523022e+02 8.654323e+02
      vertex   -1.292204e+02 1.523022e+02 8.653807e+02
      vertex   -1.292271e+02 1.523022e+02 8.654316e+02
    endloop
  endfacet
  facet normal 0.000000e+00 -1.000000e+00 0.000000e+00
    outer loop
      vertex   -1.292172e+02 1.523022e+02 7.884513e+02
      vertex   -1.292363e+02 1.523022e+02 7.883332e+02
      vertex   -1.292204e+02 1.523022e+02 7.884193e+02
    endloop
  endfacet
  facet normal 0.000000e+00 -1.000000e+00 0.000000e+00
    outer loop
      vertex   -1.292204e+02 1.523022e+02 7.884193e+02
      vertex   -1.292363e+02 1.523022e+02 7.883332e+02
      vertex   -1.292320e+02 1.523022e+02 7.883474e+02
    endloop
  endfacet
  facet normal 0.000000e+00 -1.000000e+00 0.000000e+00
    outer loop
      vertex   -1.294288e+02 1.523022e+02 7.876984e+02
      vertex   -1.294705e+02 1.523022e+02 7.875861e+02
      vertex   -1.294383e+02 1.523022e+02 7.876673e+02
    endloop
  endfacet
  facet normal 0.000000e+00 -1.000000e+00 0.000000e+00
    outer loop
      vertex   -1.294383e+02 1.523022e+02 7.876673e+02
      vertex   -1.294705e+02 1.523022e+02 7.875861e+02
      vertex   -1.294637e+02 1.523022e+02 7.875989e+02
    endloop
  endfacet
  facet normal 0.000000e+00 -1.000000e+00 0.000000e+00
    outer loop
      vertex   -1.297832e+02 1.523022e+02 7.870011e+02
      vertex   -1.298459e+02 1.523022e+02 7.868988e+02
      vertex   -1.297987e+02 1.523022e+02 7.869720e+02
    endloop
  endfacet
  facet normal 0.000000e+00 -1.000000e+00 0.000000e+00
    outer loop
      vertex   -1.297987e+02 1.523022e+02 7.869720e+02
      vertex   -1.298459e+02 1.523022e+02 7.868988e+02
      vertex   -1.298369e+02 1.523022e+02 7.869098e+02
    endloop
  endfacet
  facet normal -9.569427e-01 0.000000e+00 -2.902769e-01
    outer loop
      vertex   -1.318236e+02 1.525020e+02 8.649138e+02
      vertex   -1.319004e+02 1.525020e+02 8.651673e+02
      vertex   -1.318236e+02 1.525022e+02 8.649138e+02
    endloop
  endfacet
  facet normal -9.569427e-01 1.674866e-11 -2.902769e-01
    outer loop
      vertex   -1.318236e+02 1.525022e+02 8.649138e+02
      vertex   -1.319004e+02 1.525020e+02 8.651673e+02
      vertex   -1.319005e+02 1.525022e+02 8.651676e+02
    endloop
  endfacet
  facet normal -9.569427e-01 0.000000e+00 -2.902769e-01
    outer loop
      vertex   -1.319004e+02 1.525020e+02 8.651673e+02
      vertex   -1.319005e+02 1.525020e+02 8.651676e+02
      vertex   -1.319005e+02 1.525022e+02 8.651676e+02
    endloop
  endfacet
  facet normal -8.819234e-01 0.000000e+00 -4.713927e-01
    outer loop
      vertex   -1.319005e+02 1.525020e+02 8.651676e+02
      vertex   -1.320254e+02 1.525020e+02 8.654011e+02
      vertex   -1.319005e+02 1.525022e+02 8.651676e+02
    endloop
  endfacet
  facet normal -8.819234e-01 -1.605587e-10 -4.713927e-01
    outer loop
      vertex   -1.319005e+02 1.525022e+02 8.651676e+02
      vertex   -1.320254e+02 1.525020e+02 8.654011e+02
      vertex   -1.320255e+02 1.525022e+02 8.654014e+02
    endloop
  endfacet
  facet normal -8.819234e-01 0.000000e+00 -4.713927e-01
    outer loop
      vertex   -1.320254e+02 1.525020e+02 8.654011e+02
      vertex   -1.320255e+02 1.525020e+02 8.654014e+02
      vertex   -1.320255e+02 1.525022e+02 8.654014e+02
    endloop
  endfacet
  facet normal -7.730173e-01 0.000000e+00 -6.343850e-01
    outer loop
      vertex   -1.320255e+02 1.525020e+02 8.654014e+02
      vertex   -1.321935e+02 1.525020e+02 8.656061e+02
      vertex   -1.320255e+02 1.525022e+02 8.654014e+02
    endloop
  endfacet
  facet normal -7.730173e-01 -9.009911e-12 -6.343850e-01
    outer loop
      vertex   -1.320255e+02 1.525022e+02 8.654014e+02
      vertex   -1.321935e+02 1.525020e+02 8.656061e+02
      vertex   -1.321937e+02 1.525022e+02 8.656063e+02
    endloop
  endfacet
  facet normal -7.730173e-01 0.000000e+00 -6.343850e-01
    outer loop
      vertex   -1.321935e+02 1.525020e+02 8.656061e+02
      vertex   -1.321937e+02 1.525020e+02 8.656063e+02
      vertex   -1.321937e+02 1.525022e+02 8.656063e+02
    endloop
  endfacet
  facet normal -6.344026e-01 0.000000e+00 -7.730028e-01
    outer loop
      vertex   -1.321937e+02 1.525020e+02 8.656063e+02
      vertex   -1.323984e+02 1.525020e+02 8.657743e+02
      vertex   -1.321937e+02 1.525022e+02 8.656063e+02
    endloop
  endfacet
  facet normal -6.344026e-01 -2.416572e-10 -7.730028e-01
    outer loop
      vertex   -1.321937e+02 1.525022e+02 8.656063e+02
      vertex   -1.323984e+02 1.525020e+02 8.657743e+02
      vertex   -1.323986e+02 1.525022e+02 8.657745e+02
    endloop
  endfacet
  facet normal -6.344026e-01 0.000000e+00 -7.730028e-01
    outer loop
      vertex   -1.323984e+02 1.525020e+02 8.657743e+02
      vertex   -1.323986e+02 1.525020e+02 8.657745e+02
      vertex   -1.323986e+02 1.525022e+02 8.657745e+02
    endloop
  endfacet
  facet normal -4.713647e-01 0.000000e+00 -8.819384e-01
    outer loop
      vertex   -1.323986e+02 1.525020e+02 8.657745e+02
      vertex   -1.326322e+02 1.525020e+02 8.658993e+02
      vertex   -1.323986e+02 1.525022e+02 8.657745e+02
    endloop
  endfacet
  facet normal -4.713647e-01 -1.363039e-11 -8.819384e-01
    outer loop
      vertex   -1.323986e+02 1.525022e+02 8.657745e+02
      vertex   -1.326322e+02 1.525020e+02 8.658993e+02
      vertex   -1.326324e+02 1.525022e+02 8.658995e+02
    endloop
  endfacet
  facet normal -4.713647e-01 0.000000e+00 -8.819384e-01
    outer loop
      vertex   -1.326322e+02 1.525020e+02 8.658993e+02
      vertex   -1.326324e+02 1.525020e+02 8.658995e+02
      vertex   -1.326324e+02 1.525022e+02 8.658995e+02
    endloop
  endfacet
  facet normal -2.902769e-01 0.000000e+00 -9.569427e-01
    outer loop
      vertex   -1.326324e+02 1.525020e+02 8.658995e+02
      vertex   -1.328859e+02 1.525020e+02 8.659764e+02
      vertex   -1.326324e+02 1.525022e+02 8.658995e+02
    endloop
  endfacet
  facet normal -2.902769e-01 6.693689e-11 -9.569427e-01
    outer loop
      vertex   -1.326324e+02 1.525022e+02 8.658995e+02
      vertex   -1.328859e+02 1.525020e+02 8.659764e+02
      vertex   -1.328862e+02 1.525022e+02 8.659764e+02
    endloop
  endfacet
  facet normal 9.872260e-01 -3.968514e-04 -1.593255e-01
    outer loop
      vertex   -1.292204e+02 1.523022e+02 7.884193e+02
      vertex   -1.292320e+02 1.523022e+02 7.883474e+02
      vertex   -1.292269e+02 1.561522e+02 7.883696e+02
    endloop
  endfacet
  facet normal 9.951849e-01 4.077546e-04 -9.801405e-02
    outer loop
      vertex   -1.292172e+02 1.523022e+02 7.884513e+02
      vertex   -1.292204e+02 1.523022e+02 7.884193e+02
      vertex   -1.292175e+02 1.525020e+02 7.884500e+02
    endloop
  endfacet
  facet normal 9.951849e-01 4.077546e-04 -9.801405e-02
    outer loop
      vertex   -1.292175e+02 1.525020e+02 7.884500e+02
      vertex   -1.292204e+02 1.523022e+02 7.884193e+02
      vertex   -1.292269e+02 1.561522e+02 7.883696e+02
    endloop
  endfacet
  facet normal 9.951849e-01 4.077546e-04 -9.801405e-02
    outer loop
      vertex   -1.292175e+02 1.525020e+02 7.884500e+02
      vertex   -1.292269e+02 1.561522e+02 7.883696e+02
      vertex   -1.291500e+02 1.561522e+02 7.891500e+02
    endloop
  endfacet
  facet normal 9.951849e-01 4.077546e-04 -9.801405e-02
    outer loop
      vertex   -1.291500e+02 1.561522e+02 7.891500e+02
      vertex   -1.291507e+02 1.525020e+02 7.891277e+02
      vertex   -1.292175e+02 1.525020e+02 7.884500e+02
    endloop
  endfacet
  facet normal 9.569400e-01 4.013494e-04 -2.902855e-01
    outer loop
      vertex   -1.294288e+02 1.523022e+02 7.876984e+02
      vertex   -1.294383e+02 1.523022e+02 7.876673e+02
      vertex   -1.294293e+02 1.525020e+02 7.876972e+02
    endloop
  endfacet
  facet normal 9.569400e-01 4.013494e-04 -2.902855e-01
    outer loop
      vertex   -1.294293e+02 1.525020e+02 7.876972e+02
      vertex   -1.294383e+02 1.523022e+02 7.876673e+02
      vertex   -1.294545e+02 1.561522e+02 7.876193e+02
    endloop
  endfacet
  facet normal 9.569400e-01 4.013494e-04 -2.902855e-01
    outer loop
      vertex   -1.294293e+02 1.525020e+02 7.876972e+02
      vertex   -1.294545e+02 1.561522e+02 7.876193e+02
      vertex   -1.292269e+02 1.561522e+02 7.883696e+02
    endloop
  endfacet
  facet normal 9.569400e-01 4.013494e-04 -2.902855e-01
    outer loop
      vertex   -1.294293e+02 1.525020e+02 7.876972e+02
      vertex   -1.292269e+02 1.561522e+02 7.883696e+02
      vertex   -1.292362e+02 1.525020e+02 7.883338e+02
    endloop
  endfacet
  facet normal 9.569400e-01 4.013494e-04 -2.902855e-01
    outer loop
      vertex   -1.292362e+02 1.525020e+02 7.883338e+02
      vertex   -1.292269e+02 1.561522e+02 7.883696e+02
      vertex   -1.292320e+02 1.523022e+02 7.883474e+02
    endloop
  endfacet
  facet normal 9.569400e-01 4.013494e-04 -2.902855e-01
    outer loop
      vertex   -1.292362e+02 1.525020e+02 7.883338e+02
      vertex   -1.292320e+02 1.523022e+02 7.883474e+02
      vertex   -1.292363e+02 1.523022e+02 7.883332e+02
    endloop
  endfacet
  facet normal 9.995095e-01 0.000000e+00 -3.131672e-02
    outer loop
      vertex   -1.291517e+02 1.525020e+02 7.890960e+02
      vertex   -1.291507e+02 1.525020e+02 7.891277e+02
      vertex   -1.291517e+02 1.260500e+02 7.890960e+02
    endloop
  endfacet
  facet normal 9.995095e-01 5.397217e-16 -3.131672e-02
    outer loop
      vertex   -1.291517e+02 1.260500e+02 7.890960e+02
      vertex   -1.291507e+02 1.525020e+02 7.891277e+02
      vertex   -1.291500e+02 1.561522e+02 7.891500e+02
    endloop
  endfacet
  facet normal 9.995095e-01 0.000000e+00 -3.131672e-02
    outer loop
      vertex   -1.291517e+02 1.260500e+02 7.890960e+02
      vertex   -1.291500e+02 1.561522e+02 7.891500e+02
      vertex   -1.291500e+02 9.384950e+01 7.891500e+02
    endloop
  endfacet
  facet normal 9.995095e-01 2.040941e-16 -3.131672e-02
    outer loop
      vertex   -1.291500e+02 9.384950e+01 7.891500e+02
      vertex   -1.291579e+02 9.384165e+01 7.888995e+02
      vertex   -1.291517e+02 1.260500e+02 7.890960e+02
    endloop
  endfacet
  facet normal 9.376803e-01 -3.930549e-04 -3.474989e-01
    outer loop
      vertex   -1.294383e+02 1.523022e+02 7.876673e+02
      vertex   -1.294637e+02 1.523022e+02 7.875989e+02
      vertex   -1.294545e+02 1.561522e+02 7.876193e+02
    endloop
  endfacet
  facet normal 1.000000e+00 0.000000e+00 0.000000e+00
    outer loop
      vertex   -1.291500e+02 9.384950e+01 8.229005e+02
      vertex   -1.291500e+02 9.384950e+01 7.891500e+02
      vertex   -1.291500e+02 1.260500e+02 7.964262e+02
    endloop
  endfacet
  facet normal 1.000000e+00 0.000000e+00 0.000000e+00
    outer loop
      vertex   -1.291500e+02 1.260500e+02 7.964262e+02
      vertex   -1.291500e+02 9.384950e+01 7.891500e+02
      vertex   -1.291500e+02 1.561522e+02 7.891500e+02
    endloop
  endfacet
  facet normal 1.000000e+00 0.000000e+00 0.000000e+00
    outer loop
      vertex   -1.291500e+02 1.260500e+02 7.964262e+02
      vertex   -1.291500e+02 1.561522e+02 7.891500e+02
      vertex   -1.291500e+02 1.523022e+02 7.923154e+02
    endloop
  endfacet
  facet normal 1.000000e+00 0.000000e+00 0.000000e+00
    outer loop
      vertex   -1.291500e+02 1.561522e+02 7.891500e+02
      vertex   -1.291500e+02 1.523022e+02 7.924663e+02
      vertex   -1.291500e+02 1.523022e+02 7.923154e+02
    endloop
  endfacet
  facet normal 1.000000e+00 0.000000e+00 -0.000000e+00
    outer loop
      vertex   -1.291500e+02 1.523022e+02 7.923154e+02
      vertex   -1.291500e+02 1.523022e+02 7.924663e+02
      vertex   -1.291500e+02 1.260500e+02 7.964262e+02
    endloop
  endfacet
  facet normal 1.000000e+00 0.000000e+00 0.000000e+00
    outer loop
      vertex   -1.291500e+02 1.561522e+02 7.891500e+02
      vertex   -1.291500e+02 1.523022e+02 8.608419e+02
      vertex   -1.291500e+02 1.523022e+02 7.924663e+02
    endloop
  endfacet
  facet normal 1.000000e+00 0.000000e+00 -0.000000e+00
    outer loop
      vertex   -1.291500e+02 1.523022e+02 7.924663e+02
      vertex   -1.291500e+02 1.523022e+02 8.608419e+02
      vertex   -1.291500e+02 1.260500e+02 8.558963e+02
    endloop
  endfacet
  facet normal 1.000000e+00 0.000000e+00 0.000000e+00
    outer loop
      vertex   -1.291500e+02 1.523022e+02 7.924663e+02
      vertex   -1.291500e+02 1.260500e+02 8.558963e+02
      vertex   -1.291500e+02 1.260500e+02 7.967731e+02
    endloop
  endfacet
  facet normal 1.000000e+00 0.000000e+00 -0.000000e+00
    outer loop
      vertex   -1.291500e+02 1.260500e+02 7.967731e+02
      vertex   -1.291500e+02 1.260500e+02 8.558963e+02
      vertex   -1.291500e+02 9.410000e+01 8.242938e+02
    endloop
  endfacet
  facet normal 1.000000e+00 0.000000e+00 -0.000000e+00
    outer loop
      vertex   -1.291500e+02 1.561522e+02 7.891500e+02
      vertex   -1.291500e+02 1.561522e+02 8.646500e+02
      vertex   -1.291500e+02 1.523022e+02 8.608419e+02
    endloop
  endfacet
  facet normal 1.000000e+00 0.000000e+00 0.000000e+00
    outer loop
      vertex   -1.291500e+02 1.561522e+02 8.646500e+02
      vertex   -1.291500e+02 1.523022e+02 8.613337e+02
      vertex   -1.291500e+02 1.523022e+02 8.608419e+02
    endloop
  endfacet
  facet normal 1.000000e+00 0.000000e+00 -0.000000e+00
    outer loop
      vertex   -1.291500e+02 1.523022e+02 8.608419e+02
      vertex   -1.291500e+02 1.523022e+02 8.613337e+02
      vertex   -1.291500e+02 1.260500e+02 8.573738e+02
    endloop
  endfacet
  facet normal 1.000000e+00 0.000000e+00 0.000000e+00
    outer loop
      vertex   -1.291500e+02 1.523022e+02 8.608419e+02
      vertex   -1.291500e+02 1.260500e+02 8.573738e+02
      vertex   -1.291500e+02 1.260500e+02 8.570269e+02
    endloop
  endfacet
  facet normal 1.000000e+00 0.000000e+00 -0.000000e+00
    outer loop
      vertex   -1.291500e+02 1.260500e+02 8.570269e+02
      vertex   -1.291500e+02 1.260500e+02 8.573738e+02
      vertex   -1.291500e+02 9.384950e+01 8.308995e+02
    endloop
  endfacet
  facet normal 1.000000e+00 0.000000e+00 0.000000e+00
    outer loop
      vertex   -1.291500e+02 1.260500e+02 8.570269e+02
      vertex   -1.291500e+02 9.384950e+01 8.308995e+02
      vertex   -1.291500e+02 9.410000e+01 8.295062e+02
    endloop
  endfacet
  facet normal 1.000000e+00 0.000000e+00 0.000000e+00
    outer loop
      vertex   -1.291500e+02 1.561522e+02 8.646500e+02
      vertex   -1.291500e+02 1.523022e+02 8.614846e+02
      vertex   -1.291500e+02 1.523022e+02 8.613337e+02
    endloop
  endfacet
  facet normal 1.000000e+00 0.000000e+00 -0.000000e+00
    outer loop
      vertex   -1.291500e+02 1.523022e+02 8.613337e+02
      vertex   -1.291500e+02 1.523022e+02 8.614846e+02
      vertex   -1.291500e+02 1.260500e+02 8.573738e+02
    endloop
  endfacet
  facet normal 1.000000e+00 0.000000e+00 -0.000000e+00
    outer loop
      vertex   -1.291500e+02 1.523022e+02 8.614846e+02
      vertex   -1.291500e+02 1.561522e+02 8.646500e+02
      vertex   -1.291500e+02 1.260500e+02 8.573738e+02
    endloop
  endfacet
  facet normal 1.000000e+00 0.000000e+00 -0.000000e+00
    outer loop
      vertex   -1.291500e+02 1.260500e+02 8.573738e+02
      vertex   -1.291500e+02 1.561522e+02 8.646500e+02
      vertex   -1.291500e+02 9.384950e+01 8.646500e+02
    endloop
  endfacet
  facet normal 1.000000e+00 0.000000e+00 0.000000e+00
    outer loop
      vertex   -1.291500e+02 1.260500e+02 8.573738e+02
      vertex   -1.291500e+02 9.384950e+01 8.646500e+02
      vertex   -1.291500e+02 9.384950e+01 8.308995e+02
    endloop
  endfacet
  facet normal 1.000000e+00 0.000000e+00 0.000000e+00
    outer loop
      vertex   -1.291500e+02 1.523022e+02 8.608419e+02
      vertex   -1.291500e+02 1.260500e+02 8.570269e+02
      vertex   -1.291500e+02 1.260500e+02 8.558963e+02
    endloop
  endfacet
  facet normal 1.000000e+00 0.000000e+00 -0.000000e+00
    outer loop
      vertex   -1.291500e+02 1.260500e+02 8.558963e+02
      vertex   -1.291500e+02 1.260500e+02 8.570269e+02
      vertex   -1.291500e+02 9.410000e+01 8.295062e+02
    endloop
  endfacet
  facet normal 1.000000e+00 0.000000e+00 0.000000e+00
    outer loop
      vertex   -1.291500e+02 1.260500e+02 8.558963e+02
      vertex   -1.291500e+02 9.410000e+01 8.295062e+02
      vertex   -1.291500e+02 9.410000e+01 8.242938e+02
    endloop
  endfacet
  facet normal 1.000000e+00 0.000000e+00 0.000000e+00
    outer loop
      vertex   -1.291500e+02 9.410000e+01 8.242938e+02
      vertex   -1.291500e+02 9.384950e+01 8.229005e+02
      vertex   -1.291500e+02 1.260500e+02 7.967731e+02
    endloop
  endfacet
  facet normal 1.000000e+00 0.000000e+00 0.000000e+00
    outer loop
      vertex   -1.291500e+02 1.260500e+02 7.967731e+02
      vertex   -1.291500e+02 9.384950e+01 8.229005e+02
      vertex   -1.291500e+02 1.260500e+02 7.964262e+02
    endloop
  endfacet
  facet normal 1.000000e+00 0.000000e+00 0.000000e+00
    outer loop
      vertex   -1.291500e+02 1.260500e+02 7.967731e+02
      vertex   -1.291500e+02 1.260500e+02 7.964262e+02
      vertex   -1.291500e+02 1.523022e+02 7.924663e+02
    endloop
  endfacet
  facet normal 8.819239e-01 3.964135e-04 -4.713916e-01
    outer loop
      vertex   -1.297832e+02 1.523022e+02 7.870011e+02
      vertex   -1.297987e+02 1.523022e+02 7.869720e+02
      vertex   -1.297839e+02 1.525020e+02 7.869999e+02
    endloop
  endfacet
  facet normal 8.819239e-01 3.964135e-04 -4.713916e-01
    outer loop
      vertex   -1.297839e+02 1.525020e+02 7.869999e+02
      vertex   -1.297987e+02 1.523022e+02 7.869720e+02
      vertex   -1.298241e+02 1.561522e+02 7.869277e+02
    endloop
  endfacet
  facet normal 8.819239e-01 3.964135e-04 -4.713916e-01
    outer loop
      vertex   -1.297839e+02 1.525020e+02 7.869999e+02
      vertex   -1.298241e+02 1.561522e+02 7.869277e+02
      vertex   -1.294545e+02 1.561522e+02 7.876193e+02
    endloop
  endfacet
  facet normal 8.819239e-01 3.964135e-04 -4.713916e-01
    outer loop
      vertex   -1.297839e+02 1.525020e+02 7.869999e+02
      vertex   -1.294545e+02 1.561522e+02 7.876193e+02
      vertex   -1.294703e+02 1.525020e+02 7.875866e+02
    endloop
  endfacet
  facet normal 8.819239e-01 3.964135e-04 -4.713916e-01
    outer loop
      vertex   -1.294703e+02 1.525020e+02 7.875866e+02
      vertex   -1.294545e+02 1.561522e+02 7.876193e+02
      vertex   -1.294637e+02 1.523022e+02 7.875989e+02
    endloop
  endfacet
  facet normal 8.819239e-01 3.964135e-04 -4.713916e-01
    outer loop
      vertex   -1.294703e+02 1.525020e+02 7.875866e+02
      vertex   -1.294637e+02 1.523022e+02 7.875989e+02
      vertex   -1.294705e+02 1.523022e+02 7.875861e+02
    endloop
  endfacet
  facet normal 8.524592e-01 -3.899271e-04 -5.227935e-01
    outer loop
      vertex   -1.297987e+02 1.523022e+02 7.869720e+02
      vertex   -1.298369e+02 1.523022e+02 7.869098e+02
      vertex   -1.298241e+02 1.561522e+02 7.869277e+02
    endloop
  endfacet
  facet normal 7.346911e-01 -3.870462e-04 -6.784017e-01
    outer loop
      vertex   -1.302878e+02 1.523022e+02 7.863604e+02
      vertex   -1.303373e+02 1.523022e+02 7.863067e+02
      vertex   -1.303216e+02 1.561522e+02 7.863216e+02
    endloop
  endfacet
  facet normal 5.889441e-01 -3.831130e-04 -8.081737e-01
    outer loop
      vertex   -1.308868e+02 1.523022e+02 7.858558e+02
      vertex   -1.309458e+02 1.523022e+02 7.858128e+02
      vertex   -1.309277e+02 1.561522e+02 7.858241e+02
    endloop
  endfacet
  facet normal 9.995095e-01 1.798327e-16 3.131791e-02
    outer loop
      vertex   -1.291579e+02 9.384165e+01 8.649005e+02
      vertex   -1.291500e+02 9.384950e+01 8.646500e+02
      vertex   -1.291517e+02 1.260500e+02 8.647040e+02
    endloop
  endfacet
  facet normal 9.995095e-01 0.000000e+00 3.131791e-02
    outer loop
      vertex   -1.291517e+02 1.260500e+02 8.647040e+02
      vertex   -1.291500e+02 9.384950e+01 8.646500e+02
      vertex   -1.291500e+02 1.561522e+02 8.646500e+02
    endloop
  endfacet
  facet normal 9.995095e-01 8.066653e-16 3.131791e-02
    outer loop
      vertex   -1.291517e+02 1.260500e+02 8.647040e+02
      vertex   -1.291500e+02 1.561522e+02 8.646500e+02
      vertex   -1.291507e+02 1.525020e+02 8.646723e+02
    endloop
  endfacet
  facet normal 9.995095e-01 0.000000e+00 3.131791e-02
    outer loop
      vertex   -1.291507e+02 1.525020e+02 8.646723e+02
      vertex   -1.291517e+02 1.525020e+02 8.647040e+02
      vertex   -1.291517e+02 1.260500e+02 8.647040e+02
    endloop
  endfacet
  facet normal 9.951848e-01 4.077391e-04 9.801523e-02
    outer loop
      vertex   -1.291507e+02 1.525020e+02 8.646723e+02
      vertex   -1.291500e+02 1.561522e+02 8.646500e+02
      vertex   -1.292204e+02 1.525020e+02 8.653799e+02
    endloop
  endfacet
  facet normal 9.951848e-01 4.077391e-04 9.801523e-02
    outer loop
      vertex   -1.292204e+02 1.525020e+02 8.653799e+02
      vertex   -1.291500e+02 1.561522e+02 8.646500e+02
      vertex   -1.292269e+02 1.561522e+02 8.654304e+02
    endloop
  endfacet
  facet normal 9.951848e-01 4.077391e-04 9.801523e-02
    outer loop
      vertex   -1.292204e+02 1.525020e+02 8.653799e+02
      vertex   -1.292269e+02 1.561522e+02 8.654304e+02
      vertex   -1.292204e+02 1.523022e+02 8.653807e+02
    endloop
  endfacet
  facet normal 9.951848e-01 4.077391e-04 9.801523e-02
    outer loop
      vertex   -1.292204e+02 1.523022e+02 8.653807e+02
      vertex   -1.292201e+02 1.523022e+02 8.653774e+02
      vertex   -1.292204e+02 1.525020e+02 8.653799e+02
    endloop
  endfacet
  facet normal 4.208627e-01 -3.782614e-04 -9.071243e-01
    outer loop
      vertex   -1.315726e+02 1.523022e+02 7.854777e+02
      vertex   -1.316388e+02 1.523022e+02 7.854470e+02
      vertex   -1.316193e+02 1.561522e+02 7.854545e+02
    endloop
  endfacet
  facet normal 9.914115e-01 -2.142851e-05 1.307795e-01
    outer loop
      vertex   -1.292271e+02 1.523022e+02 8.654316e+02
      vertex   -1.292204e+02 1.523022e+02 8.653807e+02
      vertex   -1.292269e+02 1.561522e+02 8.654304e+02
    endloop
  endfacet
  facet normal 9.642398e-01 2.253847e-05 2.650314e-01
    outer loop
      vertex   -1.292273e+02 1.523022e+02 8.654323e+02
      vertex   -1.292271e+02 1.523022e+02 8.654316e+02
      vertex   -1.292273e+02 1.525020e+02 8.654323e+02
    endloop
  endfacet
  facet normal 9.642398e-01 2.253847e-05 2.650314e-01
    outer loop
      vertex   -1.292273e+02 1.525020e+02 8.654323e+02
      vertex   -1.292271e+02 1.523022e+02 8.654316e+02
      vertex   -1.292269e+02 1.561522e+02 8.654304e+02
    endloop
  endfacet
  facet normal 9.642398e-01 2.253847e-05 2.650314e-01
    outer loop
      vertex   -1.292273e+02 1.525020e+02 8.654323e+02
      vertex   -1.292269e+02 1.561522e+02 8.654304e+02
      vertex   -1.292400e+02 1.525020e+02 8.654784e+02
    endloop
  endfacet
  facet normal 9.569400e-01 3.814389e-04 2.902855e-01
    outer loop
      vertex   -1.292400e+02 1.525020e+02 8.654784e+02
      vertex   -1.294545e+02 1.561522e+02 8.661807e+02
      vertex   -1.294433e+02 1.525020e+02 8.661487e+02
    endloop
  endfacet
  facet normal 9.569400e-01 3.814389e-04 2.902855e-01
    outer loop
      vertex   -1.294433e+02 1.525020e+02 8.661487e+02
      vertex   -1.294545e+02 1.561522e+02 8.661807e+02
      vertex   -1.294470e+02 1.523022e+02 8.661612e+02
    endloop
  endfacet
  facet normal 9.569400e-01 3.814389e-04 2.902855e-01
    outer loop
      vertex   -1.294433e+02 1.525020e+02 8.661487e+02
      vertex   -1.294470e+02 1.523022e+02 8.661612e+02
      vertex   -1.294431e+02 1.523022e+02 8.661482e+02
    endloop
  endfacet
  facet normal 9.569400e-01 3.814389e-04 2.902855e-01
    outer loop
      vertex   -1.292400e+02 1.525020e+02 8.654784e+02
      vertex   -1.292269e+02 1.561522e+02 8.654304e+02
      vertex   -1.294545e+02 1.561522e+02 8.661807e+02
    endloop
  endfacet
  facet normal 1.307818e-01 -2.142778e-05 -9.914112e-01
    outer loop
      vertex   -1.323684e+02 1.523022e+02 7.852271e+02
      vertex   -1.324193e+02 1.523022e+02 7.852204e+02
      vertex   -1.323696e+02 1.561522e+02 7.852269e+02
    endloop
  endfacet
  facet normal 9.071243e-01 -3.782614e-04 4.208627e-01
    outer loop
      vertex   -1.294777e+02 1.523022e+02 8.662274e+02
      vertex   -1.294470e+02 1.523022e+02 8.661612e+02
      vertex   -1.294545e+02 1.561522e+02 8.661807e+02
    endloop
  endfacet
  facet normal 8.819239e-01 3.860134e-04 4.713916e-01
    outer loop
      vertex   -1.294935e+02 1.523022e+02 8.662569e+02
      vertex   -1.294777e+02 1.523022e+02 8.662274e+02
      vertex   -1.294929e+02 1.525020e+02 8.662557e+02
    endloop
  endfacet
  facet normal 8.819239e-01 3.860134e-04 4.713916e-01
    outer loop
      vertex   -1.294929e+02 1.525020e+02 8.662557e+02
      vertex   -1.294777e+02 1.523022e+02 8.662274e+02
      vertex   -1.294545e+02 1.561522e+02 8.661807e+02
    endloop
  endfacet
  facet normal 8.819239e-01 3.860134e-04 4.713916e-01
    outer loop
      vertex   -1.294929e+02 1.525020e+02 8.662557e+02
      vertex   -1.294545e+02 1.561522e+02 8.661807e+02
      vertex   -1.298241e+02 1.561522e+02 8.668723e+02
    endloop
  endfacet
  facet normal 8.819239e-01 3.860134e-04 4.713916e-01
    outer loop
      vertex   -1.294929e+02 1.525020e+02 8.662557e+02
      vertex   -1.298241e+02 1.561522e+02 8.668723e+02
      vertex   -1.298066e+02 1.525020e+02 8.668424e+02
    endloop
  endfacet
  facet normal 8.819239e-01 3.860134e-04 4.713916e-01
    outer loop
      vertex   -1.298066e+02 1.525020e+02 8.668424e+02
      vertex   -1.298241e+02 1.561522e+02 8.668723e+02
      vertex   -1.298128e+02 1.523022e+02 8.668542e+02
    endloop
  endfacet
  facet normal 8.819239e-01 3.860134e-04 4.713916e-01
    outer loop
      vertex   -1.298066e+02 1.525020e+02 8.668424e+02
      vertex   -1.298128e+02 1.523022e+02 8.668542e+02
      vertex   -1.298062e+02 1.523022e+02 8.668420e+02
    endloop
  endfacet
  facet normal 8.081795e-01 -3.831092e-04 5.889361e-01
    outer loop
      vertex   -1.298558e+02 1.523022e+02 8.669132e+02
      vertex   -1.298128e+02 1.523022e+02 8.668542e+02
      vertex   -1.298241e+02 1.561522e+02 8.668723e+02
    endloop
  endfacet
  facet normal 7.730124e-01 3.894992e-04 6.343907e-01
    outer loop
      vertex   -1.298769e+02 1.523022e+02 8.669390e+02
      vertex   -1.298558e+02 1.523022e+02 8.669132e+02
      vertex   -1.298761e+02 1.525020e+02 8.669379e+02
    endloop
  endfacet
  facet normal 7.730124e-01 3.894992e-04 6.343907e-01
    outer loop
      vertex   -1.298761e+02 1.525020e+02 8.669379e+02
      vertex   -1.298558e+02 1.523022e+02 8.669132e+02
      vertex   -1.298241e+02 1.561522e+02 8.668723e+02
    endloop
  endfacet
  facet normal 7.730124e-01 3.894992e-04 6.343907e-01
    outer loop
      vertex   -1.298761e+02 1.525020e+02 8.669379e+02
      vertex   -1.298241e+02 1.561522e+02 8.668723e+02
      vertex   -1.303216e+02 1.561522e+02 8.674784e+02
    endloop
  endfacet
  facet normal 7.730124e-01 3.894992e-04 6.343907e-01
    outer loop
      vertex   -1.298761e+02 1.525020e+02 8.669379e+02
      vertex   -1.303216e+02 1.561522e+02 8.674784e+02
      vertex   -1.302982e+02 1.525020e+02 8.674522e+02
    endloop
  endfacet
  facet normal 7.730124e-01 3.894992e-04 6.343907e-01
    outer loop
      vertex   -1.302982e+02 1.525020e+02 8.674522e+02
      vertex   -1.303216e+02 1.561522e+02 8.674784e+02
      vertex   -1.303067e+02 1.523022e+02 8.674627e+02
    endloop
  endfacet
  facet normal 7.730124e-01 3.894992e-04 6.343907e-01
    outer loop
      vertex   -1.302982e+02 1.525020e+02 8.674522e+02
      vertex   -1.303067e+02 1.523022e+02 8.674627e+02
      vertex   -1.302978e+02 1.523022e+02 8.674518e+02
    endloop
  endfacet
  facet normal 6.783895e-01 -3.868248e-04 7.347023e-01
    outer loop
      vertex   -1.303604e+02 1.523022e+02 8.675122e+02
      vertex   -1.303067e+02 1.523022e+02 8.674627e+02
      vertex   -1.303216e+02 1.561522e+02 8.674784e+02
    endloop
  endfacet
  facet normal 6.343967e-01 3.925962e-04 7.730076e-01
    outer loop
      vertex   -1.303860e+02 1.523022e+02 8.675333e+02
      vertex   -1.303604e+02 1.523022e+02 8.675122e+02
      vertex   -1.303850e+02 1.525020e+02 8.675323e+02
    endloop
  endfacet
  facet normal 6.343967e-01 3.925962e-04 7.730076e-01
    outer loop
      vertex   -1.303850e+02 1.525020e+02 8.675323e+02
      vertex   -1.303604e+02 1.523022e+02 8.675122e+02
      vertex   -1.303216e+02 1.561522e+02 8.674784e+02
    endloop
  endfacet
  facet normal 6.343967e-01 3.925962e-04 7.730076e-01
    outer loop
      vertex   -1.303850e+02 1.525020e+02 8.675323e+02
      vertex   -1.303216e+02 1.561522e+02 8.674784e+02
      vertex   -1.309277e+02 1.561522e+02 8.679759e+02
    endloop
  endfacet
  facet normal 6.343967e-01 3.925962e-04 7.730076e-01
    outer loop
      vertex   -1.303850e+02 1.525020e+02 8.675323e+02
      vertex   -1.309277e+02 1.561522e+02 8.679759e+02
      vertex   -1.308993e+02 1.525020e+02 8.679544e+02
    endloop
  endfacet
  facet normal 6.343967e-01 3.925962e-04 7.730076e-01
    outer loop
      vertex   -1.308993e+02 1.525020e+02 8.679544e+02
      vertex   -1.309277e+02 1.561522e+02 8.679759e+02
      vertex   -1.309098e+02 1.523022e+02 8.679631e+02
    endloop
  endfacet
  facet normal 6.343967e-01 3.925962e-04 7.730076e-01
    outer loop
      vertex   -1.308993e+02 1.525020e+02 8.679544e+02
      vertex   -1.309098e+02 1.523022e+02 8.679631e+02
      vertex   -1.308988e+02 1.523022e+02 8.679541e+02
    endloop
  endfacet
  facet normal 5.227935e-01 -3.900482e-04 8.524592e-01
    outer loop
      vertex   -1.309720e+02 1.523022e+02 8.680013e+02
      vertex   -1.309098e+02 1.523022e+02 8.679631e+02
      vertex   -1.309277e+02 1.561522e+02 8.679759e+02
    endloop
  endfacet
  facet normal 4.713960e-01 3.962379e-04 8.819216e-01
    outer loop
      vertex   -1.310011e+02 1.523022e+02 8.680168e+02
      vertex   -1.309720e+02 1.523022e+02 8.680013e+02
      vertex   -1.309999e+02 1.525020e+02 8.680161e+02
    endloop
  endfacet
  facet normal 4.713960e-01 3.962379e-04 8.819216e-01
    outer loop
      vertex   -1.309999e+02 1.525020e+02 8.680161e+02
      vertex   -1.309720e+02 1.523022e+02 8.680013e+02
      vertex   -1.309277e+02 1.561522e+02 8.679759e+02
    endloop
  endfacet
  facet normal 4.713960e-01 3.962379e-04 8.819216e-01
    outer loop
      vertex   -1.309999e+02 1.525020e+02 8.680161e+02
      vertex   -1.309277e+02 1.561522e+02 8.679759e+02
      vertex   -1.316193e+02 1.561522e+02 8.683455e+02
    endloop
  endfacet
  facet normal 4.713960e-01 3.962379e-04 8.819216e-01
    outer loop
      vertex   -1.309999e+02 1.525020e+02 8.680161e+02
      vertex   -1.316193e+02 1.561522e+02 8.683455e+02
      vertex   -1.315866e+02 1.525020e+02 8.683297e+02
    endloop
  endfacet
  facet normal 4.713960e-01 3.962379e-04 8.819216e-01
    outer loop
      vertex   -1.315866e+02 1.525020e+02 8.683297e+02
      vertex   -1.316193e+02 1.561522e+02 8.683455e+02
      vertex   -1.315989e+02 1.523022e+02 8.683364e+02
    endloop
  endfacet
  facet normal 4.713960e-01 3.962379e-04 8.819216e-01
    outer loop
      vertex   -1.315866e+02 1.525020e+02 8.683297e+02
      vertex   -1.315989e+02 1.523022e+02 8.683364e+02
      vertex   -1.315861e+02 1.523022e+02 8.683295e+02
    endloop
  endfacet
  facet normal 3.475028e-01 -3.932477e-04 9.376788e-01
    outer loop
      vertex   -1.316673e+02 1.523022e+02 8.683617e+02
      vertex   -1.315989e+02 1.523022e+02 8.683364e+02
      vertex   -1.316193e+02 1.561522e+02 8.683455e+02
    endloop
  endfacet
  facet normal 2.902632e-01 4.015009e-04 9.569468e-01
    outer loop
      vertex   -1.316985e+02 1.523022e+02 8.683712e+02
      vertex   -1.316673e+02 1.523022e+02 8.683617e+02
      vertex   -1.316972e+02 1.525020e+02 8.683707e+02
    endloop
  endfacet
  facet normal 2.902632e-01 4.015009e-04 9.569468e-01
    outer loop
      vertex   -1.316972e+02 1.525020e+02 8.683707e+02
      vertex   -1.316673e+02 1.523022e+02 8.683617e+02
      vertex   -1.316193e+02 1.561522e+02 8.683455e+02
    endloop
  endfacet
  facet normal 2.902632e-01 4.015009e-04 9.569468e-01
    outer loop
      vertex   -1.316972e+02 1.525020e+02 8.683707e+02
      vertex   -1.316193e+02 1.561522e+02 8.683455e+02
      vertex   -1.323696e+02 1.561522e+02 8.685731e+02
    endloop
  endfacet
  facet normal 2.902632e-01 4.015009e-04 9.569468e-01
    outer loop
      vertex   -1.316972e+02 1.525020e+02 8.683707e+02
      vertex   -1.323696e+02 1.561522e+02 8.685731e+02
      vertex   -1.323338e+02 1.525020e+02 8.685638e+02
    endloop
  endfacet
  facet normal 2.902632e-01 4.015009e-04 9.569468e-01
    outer loop
      vertex   -1.323338e+02 1.525020e+02 8.685638e+02
      vertex   -1.323696e+02 1.561522e+02 8.685731e+02
      vertex   -1.323474e+02 1.523022e+02 8.685680e+02
    endloop
  endfacet
  facet normal 2.902632e-01 4.015009e-04 9.569468e-01
    outer loop
      vertex   -1.323338e+02 1.525020e+02 8.685638e+02
      vertex   -1.323474e+02 1.523022e+02 8.685680e+02
      vertex   -1.323332e+02 1.523022e+02 8.685637e+02
    endloop
  endfacet
  facet normal 1.593375e-01 -3.965135e-04 9.872241e-01
    outer loop
      vertex   -1.324193e+02 1.523022e+02 8.685796e+02
      vertex   -1.323474e+02 1.523022e+02 8.685680e+02
      vertex   -1.323696e+02 1.561522e+02 8.685731e+02
    endloop
  endfacet
  facet normal 9.802728e-02 4.080667e-04 9.951836e-01
    outer loop
      vertex   -1.324513e+02 1.523022e+02 8.685827e+02
      vertex   -1.324193e+02 1.523022e+02 8.685796e+02
      vertex   -1.324500e+02 1.525020e+02 8.685825e+02
    endloop
  endfacet
  facet normal 9.802728e-02 4.080667e-04 9.951836e-01
    outer loop
      vertex   -1.324500e+02 1.525020e+02 8.685825e+02
      vertex   -1.324193e+02 1.523022e+02 8.685796e+02
      vertex   -1.323696e+02 1.561522e+02 8.685731e+02
    endloop
  endfacet
  facet normal 9.802728e-02 4.080667e-04 9.951836e-01
    outer loop
      vertex   -1.324500e+02 1.525020e+02 8.685825e+02
      vertex   -1.323696e+02 1.561522e+02 8.685731e+02
      vertex   -1.331500e+02 1.561522e+02 8.686500e+02
    endloop
  endfacet
  facet normal 9.802728e-02 4.080667e-04 9.951836e-01
    outer loop
      vertex   -1.331500e+02 1.561522e+02 8.686500e+02
      vertex   -1.331277e+02 1.525020e+02 8.686493e+02
      vertex   -1.324500e+02 1.525020e+02 8.685825e+02
    endloop
  endfacet
  facet normal 0.000000e+00 -0.000000e+00 1.000000e+00
    outer loop
      vertex   -1.331500e+02 9.384950e+01 8.686500e+02
      vertex   -1.331500e+02 1.561522e+02 8.686500e+02
      vertex   -1.594278e+02 1.260500e+02 8.686500e+02
    endloop
  endfacet
  facet normal 0.000000e+00 -0.000000e+00 1.000000e+00
    outer loop
      vertex   -1.594278e+02 1.260500e+02 8.686500e+02
      vertex   -1.331500e+02 1.561522e+02 8.686500e+02
      vertex   -1.635081e+02 1.523022e+02 8.686500e+02
    endloop
  endfacet
  facet normal 0.000000e+00 0.000000e+00 1.000000e+00
    outer loop
      vertex   -1.594278e+02 1.260500e+02 8.686500e+02
      vertex   -1.635081e+02 1.523022e+02 8.686500e+02
      vertex   -1.666500e+02 1.525020e+02 8.686500e+02
    endloop
  endfacet
  facet normal -0.000000e+00 0.000000e+00 1.000000e+00
    outer loop
      vertex   -1.666500e+02 1.525020e+02 8.686500e+02
      vertex   -1.635081e+02 1.523022e+02 8.686500e+02
      vertex   -1.666500e+02 1.561522e+02 8.686500e+02
    endloop
  endfacet
  facet normal 0.000000e+00 0.000000e+00 1.000000e+00
    outer loop
      vertex   -1.331500e+02 1.561522e+02 8.686500e+02
      vertex   -1.666500e+02 1.561522e+02 8.686500e+02
      vertex   -1.635081e+02 1.523022e+02 8.686500e+02
    endloop
  endfacet
  facet normal 0.000000e+00 0.000000e+00 1.000000e+00
    outer loop
      vertex   -1.666500e+02 1.525020e+02 8.686500e+02
      vertex   -1.666500e+02 9.384950e+01 8.686500e+02
      vertex   -1.594278e+02 1.260500e+02 8.686500e+02
    endloop
  endfacet
  facet normal 0.000000e+00 0.000000e+00 1.000000e+00
    outer loop
      vertex   -1.594278e+02 1.260500e+02 8.686500e+02
      vertex   -1.666500e+02 9.384950e+01 8.686500e+02
      vertex   -1.331500e+02 9.384950e+01 8.686500e+02
    endloop
  endfacet
  facet normal 3.127871e-02 0.000000e+00 9.995107e-01
    outer loop
      vertex   -1.330960e+02 1.525020e+02 8.686483e+02
      vertex   -1.331277e+02 1.525020e+02 8.686493e+02
      vertex   -1.330960e+02 1.260500e+02 8.686483e+02
    endloop
  endfacet
  facet normal 3.127871e-02 -1.514272e-14 9.995107e-01
    outer loop
      vertex   -1.330960e+02 1.260500e+02 8.686483e+02
      vertex   -1.331277e+02 1.525020e+02 8.686493e+02
      vertex   -1.331500e+02 1.561522e+02 8.686500e+02
    endloop
  endfacet
  facet normal 3.127871e-02 0.000000e+00 9.995107e-01
    outer loop
      vertex   -1.330960e+02 1.260500e+02 8.686483e+02
      vertex   -1.331500e+02 1.561522e+02 8.686500e+02
      vertex   -1.331500e+02 9.384950e+01 8.686500e+02
    endloop
  endfacet
  facet normal 3.127871e-02 1.833390e-15 9.995107e-01
    outer loop
      vertex   -1.331500e+02 9.384950e+01 8.686500e+02
      vertex   -1.328995e+02 9.384165e+01 8.686422e+02
      vertex   -1.330960e+02 1.260500e+02 8.686483e+02
    endloop
  endfacet
  facet normal -2.902769e-01 0.000000e+00 -9.569427e-01
    outer loop
      vertex   -1.328859e+02 1.525020e+02 8.659764e+02
      vertex   -1.328862e+02 1.525020e+02 8.659764e+02
      vertex   -1.328862e+02 1.525022e+02 8.659764e+02
    endloop
  endfacet
  facet normal -9.805764e-02 0.000000e+00 -9.951807e-01
    outer loop
      vertex   -1.328862e+02 1.525020e+02 8.659764e+02
      vertex   -1.331497e+02 1.525020e+02 8.660024e+02
      vertex   -1.328862e+02 1.525022e+02 8.659764e+02
    endloop
  endfacet
  facet normal -9.805764e-02 1.360736e-10 -9.951807e-01
    outer loop
      vertex   -1.328862e+02 1.525022e+02 8.659764e+02
      vertex   -1.331497e+02 1.525020e+02 8.660024e+02
      vertex   -1.331500e+02 1.525022e+02 8.660024e+02
    endloop
  endfacet
  facet normal -9.805764e-02 0.000000e+00 -9.951807e-01
    outer loop
      vertex   -1.331497e+02 1.525020e+02 8.660024e+02
      vertex   -1.331500e+02 1.525020e+02 8.660024e+02
      vertex   -1.331500e+02 1.525022e+02 8.660024e+02
    endloop
  endfacet
  facet normal 0.000000e+00 0.000000e+00 -1.000000e+00
    outer loop
      vertex   -1.331500e+02 1.525020e+02 8.660024e+02
      vertex   -1.666120e+02 1.525020e+02 8.660024e+02
      vertex   -1.331500e+02 1.525022e+02 8.660024e+02
    endloop
  endfacet
  facet normal -0.000000e+00 0.000000e+00 -1.000000e+00
    outer loop
      vertex   -1.331500e+02 1.525022e+02 8.660024e+02
      vertex   -1.666120e+02 1.525020e+02 8.660024e+02
      vertex   -1.666500e+02 1.525022e+02 8.660024e+02
    endloop
  endfacet
  facet normal 0.000000e+00 0.000000e+00 -1.000000e+00
    outer loop
      vertex   -1.666120e+02 1.525020e+02 8.660024e+02
      vertex   -1.666500e+02 1.525020e+02 8.660024e+02
      vertex   -1.666500e+02 1.525022e+02 8.660024e+02
    endloop
  endfacet
  facet normal 0.000000e+00 7.071165e-01 7.070970e-01
    outer loop
      vertex   -1.331500e+02 1.531952e+02 7.871046e+02
      vertex   -1.666500e+02 1.525022e+02 7.877976e+02
      vertex   -1.331500e+02 1.525022e+02 7.877976e+02
    endloop
  endfacet
  facet normal 0.000000e+00 7.071165e-01 7.070970e-01
    outer loop
      vertex   -1.331500e+02 1.531952e+02 7.871046e+02
      vertex   -1.666500e+02 1.531952e+02 7.871046e+02
      vertex   -1.666500e+02 1.525022e+02 7.877976e+02
    endloop
  endfacet
  facet normal -7.053922e-01 7.054041e-01 6.947604e-02
    outer loop
      vertex   -1.317976e+02 1.525022e+02 7.891500e+02
      vertex   -1.311439e+02 1.531952e+02 7.887510e+02
      vertex   -1.318236e+02 1.525022e+02 7.888861e+02
    endloop
  endfacet
  facet normal -7.053878e-01 7.054072e-01 6.948853e-02
    outer loop
      vertex   -1.317976e+02 1.525022e+02 7.891500e+02
      vertex   -1.311046e+02 1.531952e+02 7.891500e+02
      vertex   -1.311439e+02 1.531952e+02 7.887510e+02
    endloop
  endfacet
  facet normal -6.782842e-01 7.054039e-01 2.057570e-01
    outer loop
      vertex   -1.318236e+02 1.525022e+02 7.888861e+02
      vertex   -1.312603e+02 1.531952e+02 7.883673e+02
      vertex   -1.319005e+02 1.525022e+02 7.886324e+02
    endloop
  endfacet
  facet normal -6.782838e-01 7.054041e-01 2.057577e-01
    outer loop
      vertex   -1.318236e+02 1.525022e+02 7.888861e+02
      vertex   -1.311439e+02 1.531952e+02 7.887510e+02
      vertex   -1.312603e+02 1.531952e+02 7.883673e+02
    endloop
  endfacet
  facet normal -6.251142e-01 7.054016e-01 3.341268e-01
    outer loop
      vertex   -1.319005e+02 1.525022e+02 7.886324e+02
      vertex   -1.314493e+02 1.531952e+02 7.880136e+02
      vertex   -1.320255e+02 1.525022e+02 7.883986e+02
    endloop
  endfacet
  facet normal -6.251087e-01 7.054036e-01 3.341331e-01
    outer loop
      vertex   -1.319005e+02 1.525022e+02 7.886324e+02
      vertex   -1.312603e+02 1.531952e+02 7.883673e+02
      vertex   -1.314493e+02 1.531952e+02 7.880136e+02
    endloop
  endfacet
  facet normal -5.479117e-01 7.054000e-01 4.496706e-01
    outer loop
      vertex   -1.320255e+02 1.525022e+02 7.883986e+02
      vertex   -1.317037e+02 1.531952e+02 7.877037e+02
      vertex   -1.321937e+02 1.525022e+02 7.881937e+02
    endloop
  endfacet
  facet normal -5.479087e-01 7.054009e-01 4.496728e-01
    outer loop
      vertex   -1.320255e+02 1.525022e+02 7.883986e+02
      vertex   -1.314493e+02 1.531952e+02 7.880136e+02
      vertex   -1.317037e+02 1.531952e+02 7.877037e+02
    endloop
  endfacet
  facet normal -4.496675e-01 7.054049e-01 5.479079e-01
    outer loop
      vertex   -1.321937e+02 1.525022e+02 7.881937e+02
      vertex   -1.320136e+02 1.531952e+02 7.874493e+02
      vertex   -1.323986e+02 1.525022e+02 7.880255e+02
    endloop
  endfacet
  facet normal -4.496830e-01 7.054008e-01 5.479004e-01
    outer loop
      vertex   -1.321937e+02 1.525022e+02 7.881937e+02
      vertex   -1.317037e+02 1.531952e+02 7.877037e+02
      vertex   -1.320136e+02 1.531952e+02 7.874493e+02
    endloop
  endfacet
  facet normal -3.341472e-01 7.054006e-01 6.251046e-01
    outer loop
      vertex   -1.323986e+02 1.525022e+02 7.880255e+02
      vertex   -1.323673e+02 1.531952e+02 7.872603e+02
      vertex   -1.326324e+02 1.525022e+02 7.879005e+02
    endloop
  endfacet
  facet normal -3.341249e-01 7.054060e-01 6.251104e-01
    outer loop
      vertex   -1.323986e+02 1.525022e+02 7.880255e+02
      vertex   -1.320136e+02 1.531952e+02 7.874493e+02
      vertex   -1.323673e+02 1.531952e+02 7.872603e+02
    endloop
  endfacet
  facet normal -2.057511e-01 7.053998e-01 6.782902e-01
    outer loop
      vertex   -1.326324e+02 1.525022e+02 7.879005e+02
      vertex   -1.327510e+02 1.531952e+02 7.871439e+02
      vertex   -1.328862e+02 1.525022e+02 7.878235e+02
    endloop
  endfacet
  facet normal -2.057429e-01 7.054017e-01 6.782907e-01
    outer loop
      vertex   -1.326324e+02 1.525022e+02 7.879005e+02
      vertex   -1.323673e+02 1.531952e+02 7.872603e+02
      vertex   -1.327510e+02 1.531952e+02 7.871439e+02
    endloop
  endfacet
  facet normal -6.949088e-02 7.054000e-01 7.053949e-01
    outer loop
      vertex   -1.328862e+02 1.525022e+02 7.878235e+02
      vertex   -1.327510e+02 1.531952e+02 7.871439e+02
      vertex   -1.331500e+02 1.531952e+02 7.871046e+02
    endloop
  endfacet
  facet normal -6.945280e-02 7.054090e-01 7.053896e-01
    outer loop
      vertex   -1.328862e+02 1.525022e+02 7.878235e+02
      vertex   -1.331500e+02 1.531952e+02 7.871046e+02
      vertex   -1.331500e+02 1.525022e+02 7.877976e+02
    endloop
  endfacet
  facet normal -7.070970e-01 7.071165e-01 0.000000e+00
    outer loop
      vertex   -1.311046e+02 1.531952e+02 8.646500e+02
      vertex   -1.317976e+02 1.525022e+02 7.891500e+02
      vertex   -1.317976e+02 1.525022e+02 8.646500e+02
    endloop
  endfacet
  facet normal -7.070970e-01 7.071165e-01 0.000000e+00
    outer loop
      vertex   -1.311046e+02 1.531952e+02 8.646500e+02
      vertex   -1.311046e+02 1.531952e+02 7.891500e+02
      vertex   -1.317976e+02 1.525022e+02 7.891500e+02
    endloop
  endfacet
  facet normal -6.950450e-02 7.053967e-01 -7.053967e-01
    outer loop
      vertex   -1.331500e+02 1.525022e+02 8.660024e+02
      vertex   -1.331500e+02 1.531952e+02 8.666954e+02
      vertex   -1.328862e+02 1.525022e+02 8.659764e+02
    endloop
  endfacet
  facet normal -2.057504e-01 7.054021e-01 -6.782880e-01
    outer loop
      vertex   -1.328862e+02 1.525022e+02 8.659764e+02
      vertex   -1.323673e+02 1.531952e+02 8.665397e+02
      vertex   -1.326324e+02 1.525022e+02 8.658995e+02
    endloop
  endfacet
  facet normal -6.949088e-02 7.054000e-01 -7.053949e-01
    outer loop
      vertex   -1.328862e+02 1.525022e+02 8.659764e+02
      vertex   -1.331500e+02 1.531952e+02 8.666954e+02
      vertex   -1.327510e+02 1.531952e+02 8.666561e+02
    endloop
  endfacet
  facet normal -2.057433e-01 7.054002e-01 -6.782922e-01
    outer loop
      vertex   -1.328862e+02 1.525022e+02 8.659764e+02
      vertex   -1.327510e+02 1.531952e+02 8.666561e+02
      vertex   -1.323673e+02 1.531952e+02 8.665397e+02
    endloop
  endfacet
  facet normal -3.341096e-01 7.053962e-01 -6.251296e-01
    outer loop
      vertex   -1.326324e+02 1.525022e+02 8.658995e+02
      vertex   -1.320136e+02 1.531952e+02 8.663507e+02
      vertex   -1.323986e+02 1.525022e+02 8.657745e+02
    endloop
  endfacet
  facet normal -3.341270e-01 7.054017e-01 -6.251141e-01
    outer loop
      vertex   -1.326324e+02 1.525022e+02 8.658995e+02
      vertex   -1.323673e+02 1.531952e+02 8.665397e+02
      vertex   -1.320136e+02 1.531952e+02 8.663507e+02
    endloop
  endfacet
  facet normal -4.496706e-01 7.054000e-01 -5.479117e-01
    outer loop
      vertex   -1.323986e+02 1.525022e+02 8.657745e+02
      vertex   -1.317037e+02 1.531952e+02 8.660963e+02
      vertex   -1.321937e+02 1.525022e+02 8.656063e+02
    endloop
  endfacet
  facet normal -4.496648e-01 7.053978e-01 -5.479193e-01
    outer loop
      vertex   -1.323986e+02 1.525022e+02 8.657745e+02
      vertex   -1.320136e+02 1.531952e+02 8.663507e+02
      vertex   -1.317037e+02 1.531952e+02 8.660963e+02
    endloop
  endfacet
  facet normal -5.479229e-01 7.053988e-01 -4.496588e-01
    outer loop
      vertex   -1.321937e+02 1.525022e+02 8.656063e+02
      vertex   -1.314493e+02 1.531952e+02 8.657864e+02
      vertex   -1.320255e+02 1.525022e+02 8.654014e+02
    endloop
  endfacet
  facet normal -5.479236e-01 7.053991e-01 -4.496574e-01
    outer loop
      vertex   -1.321937e+02 1.525022e+02 8.656063e+02
      vertex   -1.317037e+02 1.531952e+02 8.660963e+02
      vertex   -1.314493e+02 1.531952e+02 8.657864e+02
    endloop
  endfacet
  facet normal -6.251142e-01 7.054017e-01 -3.341268e-01
    outer loop
      vertex   -1.320255e+02 1.525022e+02 8.654014e+02
      vertex   -1.312603e+02 1.531952e+02 8.654327e+02
      vertex   -1.319005e+02 1.525022e+02 8.651676e+02
    endloop
  endfacet
  facet normal -6.251121e-01 7.053997e-01 -3.341349e-01
    outer loop
      vertex   -1.320255e+02 1.525022e+02 8.654014e+02
      vertex   -1.314493e+02 1.531952e+02 8.657864e+02
      vertex   -1.312603e+02 1.531952e+02 8.654327e+02
    endloop
  endfacet
  facet normal -6.782858e-01 7.054045e-01 -2.057497e-01
    outer loop
      vertex   -1.319005e+02 1.525022e+02 8.651676e+02
      vertex   -1.311439e+02 1.531952e+02 8.650490e+02
      vertex   -1.318236e+02 1.525022e+02 8.649138e+02
    endloop
  endfacet
  facet normal -6.782853e-01 7.054025e-01 -2.057581e-01
    outer loop
      vertex   -1.319005e+02 1.525022e+02 8.651676e+02
      vertex   -1.312603e+02 1.531952e+02 8.654327e+02
      vertex   -1.311439e+02 1.531952e+02 8.650490e+02
    endloop
  endfacet
  facet normal -7.053900e-01 7.054048e-01 -6.949041e-02
    outer loop
      vertex   -1.318236e+02 1.525022e+02 8.649138e+02
      vertex   -1.311439e+02 1.531952e+02 8.650490e+02
      vertex   -1.311046e+02 1.531952e+02 8.646500e+02
    endloop
  endfacet
  facet normal -7.053883e-01 7.054077e-01 -6.947818e-02
    outer loop
      vertex   -1.318236e+02 1.525022e+02 8.649138e+02
      vertex   -1.311046e+02 1.531952e+02 8.646500e+02
      vertex   -1.317976e+02 1.525022e+02 8.646500e+02
    endloop
  endfacet
  facet normal 0.000000e+00 7.071068e-01 -7.071068e-01
    outer loop
      vertex   -1.666500e+02 1.531952e+02 8.666954e+02
      vertex   -1.331500e+02 1.525022e+02 8.660024e+02
      vertex   -1.666500e+02 1.525022e+02 8.660024e+02
    endloop
  endfacet
  facet normal 0.000000e+00 7.071068e-01 -7.071068e-01
    outer loop
      vertex   -1.666500e+02 1.531952e+02 8.666954e+02
      vertex   -1.331500e+02 1.531952e+02 8.666954e+02
      vertex   -1.331500e+02 1.525022e+02 8.660024e+02
    endloop
  endfacet
  facet normal 0.000000e+00 -0.000000e+00 1.000000e+00
    outer loop
      vertex   -1.331500e+02 1.531952e+02 7.871046e+02
      vertex   -1.331500e+02 1.549952e+02 7.871046e+02
      vertex   -1.666500e+02 1.531952e+02 7.871046e+02
    endloop
  endfacet
  facet normal 0.000000e+00 0.000000e+00 1.000000e+00
    outer loop
      vertex   -1.331500e+02 1.549952e+02 7.871046e+02
      vertex   -1.666500e+02 1.549952e+02 7.871046e+02
      vertex   -1.666500e+02 1.531952e+02 7.871046e+02
    endloop
  endfacet
  facet normal -9.951828e-01 0.000000e+00 9.803655e-02
    outer loop
      vertex   -1.311046e+02 1.531952e+02 7.891500e+02
      vertex   -1.311439e+02 1.549952e+02 7.887510e+02
      vertex   -1.311439e+02 1.531952e+02 7.887510e+02
    endloop
  endfacet
  facet normal -9.951828e-01 0.000000e+00 9.803655e-02
    outer loop
      vertex   -1.311046e+02 1.531952e+02 7.891500e+02
      vertex   -1.311046e+02 1.549952e+02 7.891500e+02
      vertex   -1.311439e+02 1.549952e+02 7.887510e+02
    endloop
  endfacet
  facet normal -9.569393e-01 0.000000e+00 2.902879e-01
    outer loop
      vertex   -1.311439e+02 1.531952e+02 7.887510e+02
      vertex   -1.312603e+02 1.549952e+02 7.883673e+02
      vertex   -1.312603e+02 1.531952e+02 7.883673e+02
    endloop
  endfacet
  facet normal -9.569393e-01 0.000000e+00 2.902879e-01
    outer loop
      vertex   -1.311439e+02 1.531952e+02 7.887510e+02
      vertex   -1.311439e+02 1.549952e+02 7.887510e+02
      vertex   -1.312603e+02 1.549952e+02 7.883673e+02
    endloop
  endfacet
  facet normal -8.819180e-01 0.000000e+00 4.714028e-01
    outer loop
      vertex   -1.312603e+02 1.531952e+02 7.883673e+02
      vertex   -1.314493e+02 1.549952e+02 7.880136e+02
      vertex   -1.314493e+02 1.531952e+02 7.880136e+02
    endloop
  endfacet
  facet normal -8.819180e-01 0.000000e+00 4.714028e-01
    outer loop
      vertex   -1.312603e+02 1.531952e+02 7.883673e+02
      vertex   -1.312603e+02 1.549952e+02 7.883673e+02
      vertex   -1.314493e+02 1.549952e+02 7.880136e+02
    endloop
  endfacet
  facet normal -7.729995e-01 0.000000e+00 6.344066e-01
    outer loop
      vertex   -1.314493e+02 1.531952e+02 7.880136e+02
      vertex   -1.317037e+02 1.549952e+02 7.877037e+02
      vertex   -1.317037e+02 1.531952e+02 7.877037e+02
    endloop
  endfacet
  facet normal -7.729995e-01 0.000000e+00 6.344066e-01
    outer loop
      vertex   -1.314493e+02 1.531952e+02 7.880136e+02
      vertex   -1.314493e+02 1.549952e+02 7.880136e+02
      vertex   -1.317037e+02 1.549952e+02 7.877037e+02
    endloop
  endfacet
  facet normal -6.344208e-01 0.000000e+00 7.729878e-01
    outer loop
      vertex   -1.317037e+02 1.531952e+02 7.877037e+02
      vertex   -1.320136e+02 1.549952e+02 7.874493e+02
      vertex   -1.320136e+02 1.531952e+02 7.874493e+02
    endloop
  endfacet
  facet normal -6.344208e-01 0.000000e+00 7.729878e-01
    outer loop
      vertex   -1.317037e+02 1.531952e+02 7.877037e+02
      vertex   -1.317037e+02 1.549952e+02 7.877037e+02
      vertex   -1.320136e+02 1.549952e+02 7.874493e+02
    endloop
  endfacet
  facet normal -4.713929e-01 0.000000e+00 8.819233e-01
    outer loop
      vertex   -1.320136e+02 1.531952e+02 7.874493e+02
      vertex   -1.323673e+02 1.549952e+02 7.872603e+02
      vertex   -1.323673e+02 1.531952e+02 7.872603e+02
    endloop
  endfacet
  facet normal -4.713929e-01 0.000000e+00 8.819233e-01
    outer loop
      vertex   -1.320136e+02 1.531952e+02 7.874493e+02
      vertex   -1.320136e+02 1.549952e+02 7.874493e+02
      vertex   -1.323673e+02 1.549952e+02 7.872603e+02
    endloop
  endfacet
  facet normal -2.902662e-01 0.000000e+00 9.569460e-01
    outer loop
      vertex   -1.323673e+02 1.531952e+02 7.872603e+02
      vertex   -1.327510e+02 1.549952e+02 7.871439e+02
      vertex   -1.327510e+02 1.531952e+02 7.871439e+02
    endloop
  endfacet
  facet normal -2.902662e-01 0.000000e+00 9.569460e-01
    outer loop
      vertex   -1.323673e+02 1.531952e+02 7.872603e+02
      vertex   -1.323673e+02 1.549952e+02 7.872603e+02
      vertex   -1.327510e+02 1.549952e+02 7.871439e+02
    endloop
  endfacet
  facet normal -9.803888e-02 0.000000e+00 9.951826e-01
    outer loop
      vertex   -1.327510e+02 1.531952e+02 7.871439e+02
      vertex   -1.327510e+02 1.549952e+02 7.871439e+02
      vertex   -1.331500e+02 1.549952e+02 7.871046e+02
    endloop
  endfacet
  facet normal -9.803888e-02 0.000000e+00 9.951826e-01
    outer loop
      vertex   -1.327510e+02 1.531952e+02 7.871439e+02
      vertex   -1.331500e+02 1.549952e+02 7.871046e+02
      vertex   -1.331500e+02 1.531952e+02 7.871046e+02
    endloop
  endfacet
  facet normal -1.000000e+00 0.000000e+00 0.000000e+00
    outer loop
      vertex   -1.311046e+02 1.531952e+02 8.646500e+02
      vertex   -1.311046e+02 1.549952e+02 8.646500e+02
      vertex   -1.311046e+02 1.549952e+02 7.891500e+02
    endloop
  endfacet
  facet normal -1.000000e+00 0.000000e+00 0.000000e+00
    outer loop
      vertex   -1.311046e+02 1.531952e+02 8.646500e+02
      vertex   -1.311046e+02 1.549952e+02 7.891500e+02
      vertex   -1.311046e+02 1.531952e+02 7.891500e+02
    endloop
  endfacet
  facet normal -9.803888e-02 0.000000e+00 -9.951826e-01
    outer loop
      vertex   -1.331500e+02 1.531952e+02 8.666954e+02
      vertex   -1.327510e+02 1.549952e+02 8.666561e+02
      vertex   -1.327510e+02 1.531952e+02 8.666561e+02
    endloop
  endfacet
  facet normal -9.803888e-02 0.000000e+00 -9.951826e-01
    outer loop
      vertex   -1.331500e+02 1.531952e+02 8.666954e+02
      vertex   -1.331500e+02 1.549952e+02 8.666954e+02
      vertex   -1.327510e+02 1.549952e+02 8.666561e+02
    endloop
  endfacet
  facet normal -2.902662e-01 0.000000e+00 -9.569460e-01
    outer loop
      vertex   -1.327510e+02 1.531952e+02 8.666561e+02
      vertex   -1.323673e+02 1.549952e+02 8.665397e+02
      vertex   -1.323673e+02 1.531952e+02 8.665397e+02
    endloop
  endfacet
  facet normal -2.902662e-01 0.000000e+00 -9.569460e-01
    outer loop
      vertex   -1.327510e+02 1.531952e+02 8.666561e+02
      vertex   -1.327510e+02 1.549952e+02 8.666561e+02
      vertex   -1.323673e+02 1.549952e+02 8.665397e+02
    endloop
  endfacet
  facet normal -4.713929e-01 0.000000e+00 -8.819233e-01
    outer loop
      vertex   -1.323673e+02 1.531952e+02 8.665397e+02
      vertex   -1.323673e+02 1.549952e+02 8.665397e+02
      vertex   -1.320136e+02 1.531952e+02 8.663507e+02
    endloop
  endfacet
  facet normal -6.343924e-01 0.000000e+00 -7.730112e-01
    outer loop
      vertex   -1.320136e+02 1.531952e+02 8.663507e+02
      vertex   -1.317037e+02 1.549952e+02 8.660963e+02
      vertex   -1.317037e+02 1.531952e+02 8.660963e+02
    endloop
  endfacet
  facet normal -4.713929e-01 0.000000e+00 -8.819233e-01
    outer loop
      vertex   -1.320136e+02 1.531952e+02 8.663507e+02
      vertex   -1.323673e+02 1.549952e+02 8.665397e+02
      vertex   -1.320136e+02 1.549952e+02 8.663507e+02
    endloop
  endfacet
  facet normal -6.343924e-01 0.000000e+00 -7.730112e-01
    outer loop
      vertex   -1.320136e+02 1.531952e+02 8.663507e+02
      vertex   -1.320136e+02 1.549952e+02 8.663507e+02
      vertex   -1.317037e+02 1.549952e+02 8.660963e+02
    endloop
  endfacet
  facet normal -7.730186e-01 0.000000e+00 -6.343833e-01
    outer loop
      vertex   -1.317037e+02 1.531952e+02 8.660963e+02
      vertex   -1.314493e+02 1.549952e+02 8.657864e+02
      vertex   -1.314493e+02 1.531952e+02 8.657864e+02
    endloop
  endfacet
  facet normal -7.730186e-01 0.000000e+00 -6.343833e-01
    outer loop
      vertex   -1.317037e+02 1.531952e+02 8.660963e+02
      vertex   -1.317037e+02 1.549952e+02 8.660963e+02
      vertex   -1.314493e+02 1.549952e+02 8.657864e+02
    endloop
  endfacet
  facet normal -8.819180e-01 0.000000e+00 -4.714028e-01
    outer loop
      vertex   -1.314493e+02 1.531952e+02 8.657864e+02
      vertex   -1.312603e+02 1.549952e+02 8.654327e+02
      vertex   -1.312603e+02 1.531952e+02 8.654327e+02
    endloop
  endfacet
  facet normal -8.819180e-01 0.000000e+00 -4.714028e-01
    outer loop
      vertex   -1.314493e+02 1.531952e+02 8.657864e+02
      vertex   -1.314493e+02 1.549952e+02 8.657864e+02
      vertex   -1.312603e+02 1.549952e+02 8.654327e+02
    endloop
  endfacet
  facet normal -9.569393e-01 0.000000e+00 -2.902879e-01
    outer loop
      vertex   -1.312603e+02 1.531952e+02 8.654327e+02
      vertex   -1.311439e+02 1.549952e+02 8.650490e+02
      vertex   -1.311439e+02 1.531952e+02 8.650490e+02
    endloop
  endfacet
  facet normal -9.569393e-01 0.000000e+00 -2.902879e-01
    outer loop
      vertex   -1.312603e+02 1.531952e+02 8.654327e+02
      vertex   -1.312603e+02 1.549952e+02 8.654327e+02
      vertex   -1.311439e+02 1.549952e+02 8.650490e+02
    endloop
  endfacet
  facet normal -9.951826e-01 0.000000e+00 -9.803888e-02
    outer loop
      vertex   -1.311439e+02 1.531952e+02 8.650490e+02
      vertex   -1.311439e+02 1.549952e+02 8.650490e+02
      vertex   -1.311046e+02 1.549952e+02 8.646500e+02
    endloop
  endfacet
  facet normal -9.951826e-01 0.000000e+00 -9.803888e-02
    outer loop
      vertex   -1.311439e+02 1.531952e+02 8.650490e+02
      vertex   -1.311046e+02 1.549952e+02 8.646500e+02
      vertex   -1.311046e+02 1.531952e+02 8.646500e+02
    endloop
  endfacet
  facet normal 0.000000e+00 0.000000e+00 -1.000000e+00
    outer loop
      vertex   -1.666500e+02 1.531952e+02 8.666954e+02
      vertex   -1.666500e+02 1.549952e+02 8.666954e+02
      vertex   -1.331500e+02 1.531952e+02 8.666954e+02
    endloop
  endfacet
  facet normal 0.000000e+00 0.000000e+00 -1.000000e+00
    outer loop
      vertex   -1.666500e+02 1.549952e+02 8.666954e+02
      vertex   -1.331500e+02 1.549952e+02 8.666954e+02
      vertex   -1.331500e+02 1.531952e+02 8.666954e+02
    endloop
  endfacet
  facet normal 0.000000e+00 7.071039e-01 7.071097e-01
    outer loop
      vertex   -1.331500e+02 1.561522e+02 7.859476e+02
      vertex   -1.666500e+02 1.561522e+02 7.859476e+02
      vertex   -1.331500e+02 1.549952e+02 7.871046e+02
    endloop
  endfacet
  facet normal 0.000000e+00 7.071039e-01 7.071097e-01
    outer loop
      vertex   -1.331500e+02 1.549952e+02 7.871046e+02
      vertex   -1.666500e+02 1.561522e+02 7.859476e+02
      vertex   -1.666500e+02 1.549952e+02 7.871046e+02
    endloop
  endfacet
  facet normal -7.053956e-01 7.053994e-01 6.948929e-02
    outer loop
      vertex   -1.311046e+02 1.549952e+02 7.891500e+02
      vertex   -1.300091e+02 1.561522e+02 7.885252e+02
      vertex   -1.311439e+02 1.549952e+02 7.887510e+02
    endloop
  endfacet
  facet normal -7.054012e-01 7.053954e-01 6.947199e-02
    outer loop
      vertex   -1.311046e+02 1.549952e+02 7.891500e+02
      vertex   -1.299476e+02 1.561522e+02 7.891500e+02
      vertex   -1.300091e+02 1.561522e+02 7.885252e+02
    endloop
  endfacet
  facet normal -6.782892e-01 7.053984e-01 2.057593e-01
    outer loop
      vertex   -1.311439e+02 1.549952e+02 7.887510e+02
      vertex   -1.301913e+02 1.561522e+02 7.879245e+02
      vertex   -1.312603e+02 1.549952e+02 7.883673e+02
    endloop
  endfacet
  facet normal -6.782890e-01 7.053985e-01 2.057597e-01
    outer loop
      vertex   -1.311439e+02 1.549952e+02 7.887510e+02
      vertex   -1.300091e+02 1.561522e+02 7.885252e+02
      vertex   -1.301913e+02 1.561522e+02 7.879245e+02
    endloop
  endfacet
  facet normal -6.251137e-01 7.053978e-01 3.341358e-01
    outer loop
      vertex   -1.312603e+02 1.549952e+02 7.883673e+02
      vertex   -1.304873e+02 1.561522e+02 7.873708e+02
      vertex   -1.314493e+02 1.549952e+02 7.880136e+02
    endloop
  endfacet
  facet normal -6.251143e-01 7.053976e-01 3.341351e-01
    outer loop
      vertex   -1.312603e+02 1.549952e+02 7.883673e+02
      vertex   -1.301913e+02 1.561522e+02 7.879245e+02
      vertex   -1.304873e+02 1.561522e+02 7.873708e+02
    endloop
  endfacet
  facet normal -5.479116e-01 7.053971e-01 4.496753e-01
    outer loop
      vertex   -1.314493e+02 1.549952e+02 7.880136e+02
      vertex   -1.304873e+02 1.561522e+02 7.873708e+02
      vertex   -1.317037e+02 1.549952e+02 7.877037e+02
    endloop
  endfacet
  facet normal -4.496884e-01 7.053923e-01 5.479070e-01
    outer loop
      vertex   -1.317037e+02 1.549952e+02 7.877037e+02
      vertex   -1.313708e+02 1.561522e+02 7.864873e+02
      vertex   -1.320136e+02 1.549952e+02 7.874493e+02
    endloop
  endfacet
  facet normal -5.479214e-01 7.054018e-01 4.496560e-01
    outer loop
      vertex   -1.317037e+02 1.549952e+02 7.877037e+02
      vertex   -1.304873e+02 1.561522e+02 7.873708e+02
      vertex   -1.308855e+02 1.561522e+02 7.868855e+02
    endloop
  endfacet
  facet normal -4.496509e-01 7.054014e-01 5.479260e-01
    outer loop
      vertex   -1.317037e+02 1.549952e+02 7.877037e+02
      vertex   -1.308855e+02 1.561522e+02 7.868855e+02
      vertex   -1.313708e+02 1.561522e+02 7.864873e+02
    endloop
  endfacet
  facet normal -3.341293e-01 7.053968e-01 6.251184e-01
    outer loop
      vertex   -1.320136e+02 1.549952e+02 7.874493e+02
      vertex   -1.319245e+02 1.561522e+02 7.861913e+02
      vertex   -1.323673e+02 1.549952e+02 7.872603e+02
    endloop
  endfacet
  facet normal -3.341413e-01 7.053941e-01 6.251151e-01
    outer loop
      vertex   -1.320136e+02 1.549952e+02 7.874493e+02
      vertex   -1.313708e+02 1.561522e+02 7.864873e+02
      vertex   -1.319245e+02 1.561522e+02 7.861913e+02
    endloop
  endfacet
  facet normal -2.057425e-01 7.054030e-01 6.782895e-01
    outer loop
      vertex   -1.323673e+02 1.549952e+02 7.872603e+02
      vertex   -1.325252e+02 1.561522e+02 7.860091e+02
      vertex   -1.327510e+02 1.549952e+02 7.871439e+02
    endloop
  endfacet
  facet normal -2.057701e-01 7.053969e-01 6.782874e-01
    outer loop
      vertex   -1.323673e+02 1.549952e+02 7.872603e+02
      vertex   -1.319245e+02 1.561522e+02 7.861913e+02
      vertex   -1.325252e+02 1.561522e+02 7.860091e+02
    endloop
  endfacet
  facet normal -6.946076e-02 7.054012e-01 7.053966e-01
    outer loop
      vertex   -1.327510e+02 1.549952e+02 7.871439e+02
      vertex   -1.325252e+02 1.561522e+02 7.860091e+02
      vertex   -1.331500e+02 1.561522e+02 7.859476e+02
    endloop
  endfacet
  facet normal -6.949142e-02 7.053945e-01 7.054003e-01
    outer loop
      vertex   -1.327510e+02 1.549952e+02 7.871439e+02
      vertex   -1.331500e+02 1.561522e+02 7.859476e+02
      vertex   -1.331500e+02 1.549952e+02 7.871046e+02
    endloop
  endfacet
  facet normal -7.071097e-01 7.071039e-01 0.000000e+00
    outer loop
      vertex   -1.299476e+02 1.561522e+02 8.646500e+02
      vertex   -1.299476e+02 1.561522e+02 7.891500e+02
      vertex   -1.311046e+02 1.549952e+02 7.891500e+02
    endloop
  endfacet
  facet normal -7.071097e-01 7.071039e-01 0.000000e+00
    outer loop
      vertex   -1.299476e+02 1.561522e+02 8.646500e+02
      vertex   -1.311046e+02 1.549952e+02 7.891500e+02
      vertex   -1.311046e+02 1.549952e+02 8.646500e+02
    endloop
  endfacet
  facet normal -6.949062e-02 7.054027e-01 -7.053922e-01
    outer loop
      vertex   -1.331500e+02 1.549952e+02 8.666954e+02
      vertex   -1.325252e+02 1.561522e+02 8.677909e+02
      vertex   -1.327510e+02 1.549952e+02 8.666561e+02
    endloop
  endfacet
  facet normal -6.947170e-02 7.053984e-01 -7.053984e-01
    outer loop
      vertex   -1.331500e+02 1.549952e+02 8.666954e+02
      vertex   -1.331500e+02 1.561522e+02 8.678524e+02
      vertex   -1.325252e+02 1.561522e+02 8.677909e+02
    endloop
  endfacet
  facet normal -2.057425e-01 7.054030e-01 -6.782895e-01
    outer loop
      vertex   -1.327510e+02 1.549952e+02 8.666561e+02
      vertex   -1.325252e+02 1.561522e+02 8.677909e+02
      vertex   -1.323673e+02 1.549952e+02 8.665397e+02
    endloop
  endfacet
  facet normal -3.341284e-01 7.053986e-01 -6.251168e-01
    outer loop
      vertex   -1.323673e+02 1.549952e+02 8.665397e+02
      vertex   -1.313708e+02 1.561522e+02 8.673127e+02
      vertex   -1.320136e+02 1.549952e+02 8.663507e+02
    endloop
  endfacet
  facet normal -2.057701e-01 7.053969e-01 -6.782874e-01
    outer loop
      vertex   -1.323673e+02 1.549952e+02 8.665397e+02
      vertex   -1.325252e+02 1.561522e+02 8.677909e+02
      vertex   -1.319245e+02 1.561522e+02 8.676087e+02
    endloop
  endfacet
  facet normal -3.341231e-01 7.053971e-01 -6.251213e-01
    outer loop
      vertex   -1.323673e+02 1.549952e+02 8.665397e+02
      vertex   -1.319245e+02 1.561522e+02 8.676087e+02
      vertex   -1.313708e+02 1.561522e+02 8.673127e+02
    endloop
  endfacet
  facet normal -4.496648e-01 7.053976e-01 -5.479194e-01
    outer loop
      vertex   -1.320136e+02 1.549952e+02 8.663507e+02
      vertex   -1.308855e+02 1.561522e+02 8.669145e+02
      vertex   -1.317037e+02 1.549952e+02 8.660963e+02
    endloop
  endfacet
  facet normal -4.496660e-01 7.053980e-01 -5.479180e-01
    outer loop
      vertex   -1.320136e+02 1.549952e+02 8.663507e+02
      vertex   -1.313708e+02 1.561522e+02 8.673127e+02
      vertex   -1.308855e+02 1.561522e+02 8.669145e+02
    endloop
  endfacet
  facet normal -5.479244e-01 7.053981e-01 -4.496581e-01
    outer loop
      vertex   -1.317037e+02 1.549952e+02 8.660963e+02
      vertex   -1.304873e+02 1.561522e+02 8.664292e+02
      vertex   -1.314493e+02 1.549952e+02 8.657864e+02
    endloop
  endfacet
  facet normal -5.479242e-01 7.053980e-01 -4.496584e-01
    outer loop
      vertex   -1.317037e+02 1.549952e+02 8.660963e+02
      vertex   -1.308855e+02 1.561522e+02 8.669145e+02
      vertex   -1.304873e+02 1.561522e+02 8.664292e+02
    endloop
  endfacet
  facet normal -6.251139e-01 7.053976e-01 -3.341359e-01
    outer loop
      vertex   -1.314493e+02 1.549952e+02 8.657864e+02
      vertex   -1.301913e+02 1.561522e+02 8.658755e+02
      vertex   -1.312603e+02 1.549952e+02 8.654327e+02
    endloop
  endfacet
  facet normal -6.251142e-01 7.053978e-01 -3.341350e-01
    outer loop
      vertex   -1.314493e+02 1.549952e+02 8.657864e+02
      vertex   -1.304873e+02 1.561522e+02 8.664292e+02
      vertex   -1.301913e+02 1.561522e+02 8.658755e+02
    endloop
  endfacet
  facet normal -6.782883e-01 7.053994e-01 -2.057590e-01
    outer loop
      vertex   -1.312603e+02 1.549952e+02 8.654327e+02
      vertex   -1.300091e+02 1.561522e+02 8.652748e+02
      vertex   -1.311439e+02 1.549952e+02 8.650490e+02
    endloop
  endfacet
  facet normal -6.782880e-01 7.053985e-01 -2.057627e-01
    outer loop
      vertex   -1.312603e+02 1.549952e+02 8.654327e+02
      vertex   -1.301913e+02 1.561522e+02 8.658755e+02
      vertex   -1.300091e+02 1.561522e+02 8.652748e+02
    endloop
  endfacet
  facet normal -7.053979e-01 7.053988e-01 -6.947166e-02
    outer loop
      vertex   -1.311439e+02 1.549952e+02 8.650490e+02
      vertex   -1.300091e+02 1.561522e+02 8.652748e+02
      vertex   -1.299476e+02 1.561522e+02 8.646500e+02
    endloop
  endfacet
  facet normal -7.054003e-01 7.053945e-01 -6.949142e-02
    outer loop
      vertex   -1.311439e+02 1.549952e+02 8.650490e+02
      vertex   -1.299476e+02 1.561522e+02 8.646500e+02
      vertex   -1.311046e+02 1.549952e+02 8.646500e+02
    endloop
  endfacet
  facet normal 0.000000e+00 7.071068e-01 -7.071068e-01
    outer loop
      vertex   -1.666500e+02 1.561522e+02 8.678524e+02
      vertex   -1.331500e+02 1.561522e+02 8.678524e+02
      vertex   -1.666500e+02 1.549952e+02 8.666954e+02
    endloop
  endfacet
  facet normal 0.000000e+00 7.071068e-01 -7.071068e-01
    outer loop
      vertex   -1.666500e+02 1.549952e+02 8.666954e+02
      vertex   -1.331500e+02 1.561522e+02 8.678524e+02
      vertex   -1.331500e+02 1.549952e+02 8.666954e+02
    endloop
  endfacet
  facet normal 0.000000e+00 1.000000e+00 0.000000e+00
    outer loop
      vertex   -1.303216e+02 1.561522e+02 7.863216e+02
      vertex   -1.309277e+02 1.561522e+02 7.858241e+02
      vertex   -1.308855e+02 1.561522e+02 7.868855e+02
    endloop
  endfacet
  facet normal 0.000000e+00 1.000000e+00 -0.000000e+00
    outer loop
      vertex   -1.303216e+02 1.561522e+02 7.863216e+02
      vertex   -1.308855e+02 1.561522e+02 7.868855e+02
      vertex   -1.298241e+02 1.561522e+02 7.869277e+02
    endloop
  endfacet
  facet normal 0.000000e+00 1.000000e+00 0.000000e+00
    outer loop
      vertex   -1.309277e+02 1.561522e+02 7.858241e+02
      vertex   -1.316193e+02 1.561522e+02 7.854545e+02
      vertex   -1.319245e+02 1.561522e+02 7.861913e+02
    endloop
  endfacet
  facet normal 0.000000e+00 1.000000e+00 -0.000000e+00
    outer loop
      vertex   -1.309277e+02 1.561522e+02 7.858241e+02
      vertex   -1.313708e+02 1.561522e+02 7.864873e+02
      vertex   -1.308855e+02 1.561522e+02 7.868855e+02
    endloop
  endfacet
  facet normal 0.000000e+00 1.000000e+00 0.000000e+00
    outer loop
      vertex   -1.309277e+02 1.561522e+02 7.858241e+02
      vertex   -1.319245e+02 1.561522e+02 7.861913e+02
      vertex   -1.313708e+02 1.561522e+02 7.864873e+02
    endloop
  endfacet
  facet normal 0.000000e+00 1.000000e+00 0.000000e+00
    outer loop
      vertex   -1.298241e+02 1.561522e+02 7.869277e+02
      vertex   -1.308855e+02 1.561522e+02 7.868855e+02
      vertex   -1.304873e+02 1.561522e+02 7.873708e+02
    endloop
  endfacet
  facet normal 0.000000e+00 1.000000e+00 -0.000000e+00
    outer loop
      vertex   -1.298241e+02 1.561522e+02 7.869277e+02
      vertex   -1.304873e+02 1.561522e+02 7.873708e+02
      vertex   -1.294545e+02 1.561522e+02 7.876193e+02
    endloop
  endfacet
  facet normal 0.000000e+00 1.000000e+00 0.000000e+00
    outer loop
      vertex   -1.316193e+02 1.561522e+02 7.854545e+02
      vertex   -1.323696e+02 1.561522e+02 7.852269e+02
      vertex   -1.325252e+02 1.561522e+02 7.860091e+02
    endloop
  endfacet
  facet normal 0.000000e+00 1.000000e+00 0.000000e+00
    outer loop
      vertex   -1.316193e+02 1.561522e+02 7.854545e+02
      vertex   -1.325252e+02 1.561522e+02 7.860091e+02
      vertex   -1.319245e+02 1.561522e+02 7.861913e+02
    endloop
  endfacet
  facet normal 0.000000e+00 1.000000e+00 -0.000000e+00
    outer loop
      vertex   -1.294545e+02 1.561522e+02 7.876193e+02
      vertex   -1.301913e+02 1.561522e+02 7.879245e+02
      vertex   -1.292269e+02 1.561522e+02 7.883696e+02
    endloop
  endfacet
  facet normal 0.000000e+00 1.000000e+00 0.000000e+00
    outer loop
      vertex   -1.294545e+02 1.561522e+02 7.876193e+02
      vertex   -1.304873e+02 1.561522e+02 7.873708e+02
      vertex   -1.301913e+02 1.561522e+02 7.879245e+02
    endloop
  endfacet
  facet normal 0.000000e+00 1.000000e+00 0.000000e+00
    outer loop
      vertex   -1.323696e+02 1.561522e+02 7.852269e+02
      vertex   -1.331500e+02 1.561522e+02 7.851500e+02
      vertex   -1.331500e+02 1.561522e+02 7.859476e+02
    endloop
  endfacet
  facet normal 0.000000e+00 1.000000e+00 0.000000e+00
    outer loop
      vertex   -1.323696e+02 1.561522e+02 7.852269e+02
      vertex   -1.331500e+02 1.561522e+02 7.859476e+02
      vertex   -1.325252e+02 1.561522e+02 7.860091e+02
    endloop
  endfacet
  facet normal 0.000000e+00 1.000000e+00 -0.000000e+00
    outer loop
      vertex   -1.292269e+02 1.561522e+02 7.883696e+02
      vertex   -1.299476e+02 1.561522e+02 7.891500e+02
      vertex   -1.291500e+02 1.561522e+02 7.891500e+02
    endloop
  endfacet
  facet normal 0.000000e+00 1.000000e+00 0.000000e+00
    outer loop
      vertex   -1.292269e+02 1.561522e+02 7.883696e+02
      vertex   -1.300091e+02 1.561522e+02 7.885252e+02
      vertex   -1.299476e+02 1.561522e+02 7.891500e+02
    endloop
  endfacet
  facet normal 0.000000e+00 1.000000e+00 0.000000e+00
    outer loop
      vertex   -1.292269e+02 1.561522e+02 7.883696e+02
      vertex   -1.301913e+02 1.561522e+02 7.879245e+02
      vertex   -1.300091e+02 1.561522e+02 7.885252e+02
    endloop
  endfacet
  facet normal 0.000000e+00 1.000000e+00 0.000000e+00
    outer loop
      vertex   -1.331500e+02 1.561522e+02 7.851500e+02
      vertex   -1.666500e+02 1.561522e+02 7.851500e+02
      vertex   -1.666500e+02 1.561522e+02 7.859476e+02
    endloop
  endfacet
  facet normal 0.000000e+00 1.000000e+00 -0.000000e+00
    outer loop
      vertex   -1.331500e+02 1.561522e+02 7.851500e+02
      vertex   -1.666500e+02 1.561522e+02 7.859476e+02
      vertex   -1.331500e+02 1.561522e+02 7.859476e+02
    endloop
  endfacet
  facet normal 0.000000e+00 1.000000e+00 0.000000e+00
    outer loop
      vertex   -1.291500e+02 1.561522e+02 7.891500e+02
      vertex   -1.299476e+02 1.561522e+02 7.891500e+02
      vertex   -1.299476e+02 1.561522e+02 8.646500e+02
    endloop
  endfacet
  facet normal 0.000000e+00 1.000000e+00 -0.000000e+00
    outer loop
      vertex   -1.291500e+02 1.561522e+02 7.891500e+02
      vertex   -1.299476e+02 1.561522e+02 8.646500e+02
      vertex   -1.291500e+02 1.561522e+02 8.646500e+02
    endloop
  endfacet
  facet normal 0.000000e+00 1.000000e+00 0.000000e+00
    outer loop
      vertex   -1.291500e+02 1.561522e+02 8.646500e+02
      vertex   -1.299476e+02 1.561522e+02 8.646500e+02
      vertex   -1.292269e+02 1.561522e+02 8.654304e+02
    endloop
  endfacet
  facet normal 0.000000e+00 1.000000e+00 -0.000000e+00
    outer loop
      vertex   -1.299476e+02 1.561522e+02 8.646500e+02
      vertex   -1.300091e+02 1.561522e+02 8.652748e+02
      vertex   -1.292269e+02 1.561522e+02 8.654304e+02
    endloop
  endfacet
  facet normal 0.000000e+00 1.000000e+00 0.000000e+00
    outer loop
      vertex   -1.292269e+02 1.561522e+02 8.654304e+02
      vertex   -1.300091e+02 1.561522e+02 8.652748e+02
      vertex   -1.294545e+02 1.561522e+02 8.661807e+02
    endloop
  endfacet
  facet normal 0.000000e+00 1.000000e+00 -0.000000e+00
    outer loop
      vertex   -1.300091e+02 1.561522e+02 8.652748e+02
      vertex   -1.301913e+02 1.561522e+02 8.658755e+02
      vertex   -1.294545e+02 1.561522e+02 8.661807e+02
    endloop
  endfacet
  facet normal 0.000000e+00 1.000000e+00 0.000000e+00
    outer loop
      vertex   -1.294545e+02 1.561522e+02 8.661807e+02
      vertex   -1.301913e+02 1.561522e+02 8.658755e+02
      vertex   -1.304873e+02 1.561522e+02 8.664292e+02
    endloop
  endfacet
  facet normal 0.000000e+00 1.000000e+00 0.000000e+00
    outer loop
      vertex   -1.294545e+02 1.561522e+02 8.661807e+02
      vertex   -1.304873e+02 1.561522e+02 8.664292e+02
      vertex   -1.298241e+02 1.561522e+02 8.668723e+02
    endloop
  endfacet
  facet normal 0.000000e+00 1.000000e+00 0.000000e+00
    outer loop
      vertex   -1.298241e+02 1.561522e+02 8.668723e+02
      vertex   -1.304873e+02 1.561522e+02 8.664292e+02
      vertex   -1.308855e+02 1.561522e+02 8.669145e+02
    endloop
  endfacet
  facet normal 0.000000e+00 1.000000e+00 0.000000e+00
    outer loop
      vertex   -1.298241e+02 1.561522e+02 8.668723e+02
      vertex   -1.308855e+02 1.561522e+02 8.669145e+02
      vertex   -1.303216e+02 1.561522e+02 8.674784e+02
    endloop
  endfacet
  facet normal 0.000000e+00 1.000000e+00 0.000000e+00
    outer loop
      vertex   -1.308855e+02 1.561522e+02 8.669145e+02
      vertex   -1.313708e+02 1.561522e+02 8.673127e+02
      vertex   -1.309277e+02 1.561522e+02 8.679759e+02
    endloop
  endfacet
  facet normal 0.000000e+00 1.000000e+00 -0.000000e+00
    outer loop
      vertex   -1.308855e+02 1.561522e+02 8.669145e+02
      vertex   -1.309277e+02 1.561522e+02 8.679759e+02
      vertex   -1.303216e+02 1.561522e+02 8.674784e+02
    endloop
  endfacet
  facet normal 0.000000e+00 1.000000e+00 -0.000000e+00
    outer loop
      vertex   -1.313708e+02 1.561522e+02 8.673127e+02
      vertex   -1.319245e+02 1.561522e+02 8.676087e+02
      vertex   -1.309277e+02 1.561522e+02 8.679759e+02
    endloop
  endfacet
  facet normal 0.000000e+00 1.000000e+00 0.000000e+00
    outer loop
      vertex   -1.309277e+02 1.561522e+02 8.679759e+02
      vertex   -1.319245e+02 1.561522e+02 8.676087e+02
      vertex   -1.316193e+02 1.561522e+02 8.683455e+02
    endloop
  endfacet
  facet normal 0.000000e+00 1.000000e+00 0.000000e+00
    outer loop
      vertex   -1.319245e+02 1.561522e+02 8.676087e+02
      vertex   -1.325252e+02 1.561522e+02 8.677909e+02
      vertex   -1.323696e+02 1.561522e+02 8.685731e+02
    endloop
  endfacet
  facet normal 0.000000e+00 1.000000e+00 -0.000000e+00
    outer loop
      vertex   -1.319245e+02 1.561522e+02 8.676087e+02
      vertex   -1.323696e+02 1.561522e+02 8.685731e+02
      vertex   -1.316193e+02 1.561522e+02 8.683455e+02
    endloop
  endfacet
  facet normal 0.000000e+00 1.000000e+00 0.000000e+00
    outer loop
      vertex   -1.325252e+02 1.561522e+02 8.677909e+02
      vertex   -1.331500e+02 1.561522e+02 8.678524e+02
      vertex   -1.331500e+02 1.561522e+02 8.686500e+02
    endloop
  endfacet
  facet normal 0.000000e+00 1.000000e+00 -0.000000e+00
    outer loop
      vertex   -1.325252e+02 1.561522e+02 8.677909e+02
      vertex   -1.331500e+02 1.561522e+02 8.686500e+02
      vertex   -1.323696e+02 1.561522e+02 8.685731e+02
    endloop
  endfacet
  facet normal 0.000000e+00 1.000000e+00 -0.000000e+00
    outer loop
      vertex   -1.331500e+02 1.561522e+02 8.678524e+02
      vertex   -1.666500e+02 1.561522e+02 8.678524e+02
      vertex   -1.331500e+02 1.561522e+02 8.686500e+02
    endloop
  endfacet
  facet normal 0.000000e+00 1.000000e+00 0.000000e+00
    outer loop
      vertex   -1.331500e+02 1.561522e+02 8.686500e+02
      vertex   -1.666500e+02 1.561522e+02 8.678524e+02
      vertex   -1.666500e+02 1.561522e+02 8.686500e+02
    endloop
  endfacet
  facet normal -7.071068e-01 -7.071068e-01 -2.691997e-05
    outer loop
      vertex   -1.684995e+02 9.169903e+01 7.888995e+02
      vertex   -1.706500e+02 9.384950e+01 7.891500e+02
      vertex   -1.706421e+02 9.384165e+01 7.888995e+02
    endloop
  endfacet
  facet normal -7.071052e-01 -7.071083e-01 0.000000e+00
    outer loop
      vertex   -1.684995e+02 9.169903e+01 8.229005e+02
      vertex   -1.706500e+02 9.384950e+01 8.229005e+02
      vertex   -1.706500e+02 9.384950e+01 7.891500e+02
    endloop
  endfacet
  facet normal -7.071052e-01 -7.071083e-01 -0.000000e+00
    outer loop
      vertex   -1.684995e+02 9.169903e+01 8.229005e+02
      vertex   -1.706500e+02 9.384950e+01 7.891500e+02
      vertex   -1.684995e+02 9.169903e+01 7.888995e+02
    endloop
  endfacet
  facet normal -7.002122e-01 -7.002153e-01 1.392892e-01
    outer loop
      vertex   -1.694869e+02 9.289951e+01 8.239718e+02
      vertex   -1.706500e+02 9.384950e+01 8.229005e+02
      vertex   -1.684995e+02 9.169903e+01 8.229005e+02
    endloop
  endfacet
  facet normal -7.375115e-01 -6.714164e-01 7.264191e-02
    outer loop
      vertex   -1.694869e+02 9.289951e+01 8.239718e+02
      vertex   -1.684995e+02 9.169903e+01 8.229005e+02
      vertex   -1.684688e+02 9.169903e+01 8.232125e+02
    endloop
  endfacet
  facet normal -6.782843e-01 -7.053990e-01 2.057733e-01
    outer loop
      vertex   -1.694869e+02 9.289951e+01 8.239718e+02
      vertex   -1.684688e+02 9.169903e+01 8.232125e+02
      vertex   -1.683778e+02 9.169903e+01 8.235124e+02
    endloop
  endfacet
  facet normal -6.251192e-01 -7.053984e-01 3.341244e-01
    outer loop
      vertex   -1.694869e+02 9.289951e+01 8.239718e+02
      vertex   -1.683778e+02 9.169903e+01 8.235124e+02
      vertex   -1.682300e+02 9.169903e+01 8.237889e+02
    endloop
  endfacet
  facet normal -5.479240e-01 -7.053996e-01 4.496561e-01
    outer loop
      vertex   -1.688801e+02 9.289951e+01 8.248801e+02
      vertex   -1.682300e+02 9.169903e+01 8.237889e+02
      vertex   -1.680312e+02 9.169903e+01 8.240312e+02
    endloop
  endfacet
  facet normal -4.496668e-01 -7.053995e-01 5.479154e-01
    outer loop
      vertex   -1.688801e+02 9.289951e+01 8.248801e+02
      vertex   -1.680312e+02 9.169903e+01 8.240312e+02
      vertex   -1.677889e+02 9.169903e+01 8.242301e+02
    endloop
  endfacet
  facet normal -6.012589e-01 -6.907214e-01 4.017358e-01
    outer loop
      vertex   -1.688801e+02 9.289951e+01 8.248801e+02
      vertex   -1.694869e+02 9.289951e+01 8.239718e+02
      vertex   -1.682300e+02 9.169903e+01 8.237889e+02
    endloop
  endfacet
  facet normal -3.341071e-01 -7.053993e-01 6.251273e-01
    outer loop
      vertex   -1.679718e+02 9.289951e+01 8.254869e+02
      vertex   -1.677889e+02 9.169903e+01 8.242301e+02
      vertex   -1.675124e+02 9.169903e+01 8.243778e+02
    endloop
  endfacet
  facet normal -2.057792e-01 -7.053993e-01 6.782822e-01
    outer loop
      vertex   -1.679718e+02 9.289951e+01 8.254869e+02
      vertex   -1.675124e+02 9.169903e+01 8.243778e+02
      vertex   -1.672125e+02 9.169903e+01 8.244688e+02
    endloop
  endfacet
  facet normal -7.264194e-02 -6.714160e-01 7.375118e-01
    outer loop
      vertex   -1.679718e+02 9.289951e+01 8.254869e+02
      vertex   -1.672125e+02 9.169903e+01 8.244688e+02
      vertex   -1.669005e+02 9.169903e+01 8.244995e+02
    endloop
  endfacet
  facet normal -4.017388e-01 -6.907185e-01 6.012603e-01
    outer loop
      vertex   -1.679718e+02 9.289951e+01 8.254869e+02
      vertex   -1.688801e+02 9.289951e+01 8.248801e+02
      vertex   -1.677889e+02 9.169903e+01 8.242301e+02
    endloop
  endfacet
  facet normal -1.392873e-01 -7.002139e-01 -7.002139e-01
    outer loop
      vertex   -1.669005e+02 9.384950e+01 8.271500e+02
      vertex   -1.669005e+02 9.169903e+01 8.293005e+02
      vertex   -1.671237e+02 9.384950e+01 8.271944e+02
    endloop
  endfacet
  facet normal -1.392873e-01 -7.002139e-01 -7.002139e-01
    outer loop
      vertex   -1.671237e+02 9.384950e+01 8.271944e+02
      vertex   -1.669005e+02 9.169903e+01 8.293005e+02
      vertex   -1.679718e+02 9.289951e+01 8.283131e+02
    endloop
  endfacet
  facet normal -5.960752e-03 -7.599959e-01 -6.499006e-01
    outer loop
      vertex   -1.671741e+02 9.384950e+01 8.271949e+02
      vertex   -1.671237e+02 9.384950e+01 8.271944e+02
      vertex   -1.679718e+02 9.289951e+01 8.283131e+02
    endloop
  endfacet
  facet normal -7.876373e-02 -7.313174e-01 -6.774740e-01
    outer loop
      vertex   -1.678015e+02 9.384950e+01 8.272678e+02
      vertex   -1.671741e+02 9.384950e+01 8.271949e+02
      vertex   -1.679718e+02 9.289951e+01 8.283131e+02
    endloop
  endfacet
  facet normal -2.205520e-01 -7.036566e-01 -6.754437e-01
    outer loop
      vertex   -1.684019e+02 9.384950e+01 8.274639e+02
      vertex   -1.678015e+02 9.384950e+01 8.272678e+02
      vertex   -1.679718e+02 9.289951e+01 8.283131e+02
    endloop
  endfacet
  facet normal -3.484073e-01 -7.074399e-01 -6.149318e-01
    outer loop
      vertex   -1.689514e+02 9.384950e+01 8.277752e+02
      vertex   -1.684019e+02 9.384950e+01 8.274639e+02
      vertex   -1.679718e+02 9.289951e+01 8.283131e+02
    endloop
  endfacet
  facet normal -7.262049e-02 -6.714061e-01 -7.375230e-01
    outer loop
      vertex   -1.679718e+02 9.289951e+01 8.283131e+02
      vertex   -1.669005e+02 9.169903e+01 8.293005e+02
      vertex   -1.672125e+02 9.169903e+01 8.293312e+02
    endloop
  endfacet
  facet normal -2.057800e-01 -7.053966e-01 -6.782848e-01
    outer loop
      vertex   -1.679718e+02 9.289951e+01 8.283131e+02
      vertex   -1.672125e+02 9.169903e+01 8.293312e+02
      vertex   -1.675124e+02 9.169903e+01 8.294222e+02
    endloop
  endfacet
  facet normal -3.341255e-01 -7.053959e-01 -6.251214e-01
    outer loop
      vertex   -1.679718e+02 9.289951e+01 8.283131e+02
      vertex   -1.675124e+02 9.169903e+01 8.294222e+02
      vertex   -1.677889e+02 9.169903e+01 8.295700e+02
    endloop
  endfacet
  facet normal -4.663260e-01 -7.032140e-01 -5.366844e-01
    outer loop
      vertex   -1.696177e+02 9.384950e+01 8.283161e+02
      vertex   -1.691409e+02 9.384950e+01 8.279018e+02
      vertex   -1.688801e+02 9.289951e+01 8.289199e+02
    endloop
  endfacet
  facet normal -5.596742e-01 -7.081581e-01 -4.304381e-01
    outer loop
      vertex   -1.700027e+02 9.384950e+01 8.288167e+02
      vertex   -1.696177e+02 9.384950e+01 8.283161e+02
      vertex   -1.688801e+02 9.289951e+01 8.289199e+02
    endloop
  endfacet
  facet normal -4.496654e-01 -7.054017e-01 -5.479138e-01
    outer loop
      vertex   -1.688801e+02 9.289951e+01 8.289199e+02
      vertex   -1.677889e+02 9.169903e+01 8.295700e+02
      vertex   -1.680312e+02 9.169903e+01 8.297688e+02
    endloop
  endfacet
  facet normal -5.479227e-01 -7.054014e-01 -4.496550e-01
    outer loop
      vertex   -1.688801e+02 9.289951e+01 8.289199e+02
      vertex   -1.680312e+02 9.169903e+01 8.297688e+02
      vertex   -1.682300e+02 9.169903e+01 8.300111e+02
    endloop
  endfacet
  facet normal -3.843579e-01 -7.220452e-01 -5.752563e-01
    outer loop
      vertex   -1.691409e+02 9.384950e+01 8.279018e+02
      vertex   -1.689514e+02 9.384950e+01 8.277752e+02
      vertex   -1.688801e+02 9.289951e+01 8.289199e+02
    endloop
  endfacet
  facet normal -3.843579e-01 -7.220452e-01 -5.752563e-01
    outer loop
      vertex   -1.688801e+02 9.289951e+01 8.289199e+02
      vertex   -1.689514e+02 9.384950e+01 8.277752e+02
      vertex   -1.679718e+02 9.289951e+01 8.283131e+02
    endloop
  endfacet
  facet normal -4.017337e-01 -6.907198e-01 -6.012622e-01
    outer loop
      vertex   -1.688801e+02 9.289951e+01 8.289199e+02
      vertex   -1.679718e+02 9.289951e+01 8.283131e+02
      vertex   -1.677889e+02 9.169903e+01 8.295700e+02
    endloop
  endfacet
  facet normal -6.387607e-01 -7.028318e-01 -3.130691e-01
    outer loop
      vertex   -1.704073e+02 9.384950e+01 8.295734e+02
      vertex   -1.701293e+02 9.384950e+01 8.290063e+02
      vertex   -1.694869e+02 9.289951e+01 8.298282e+02
    endloop
  endfacet
  facet normal -6.776840e-01 -7.089515e-01 -1.952746e-01
    outer loop
      vertex   -1.705631e+02 9.384950e+01 8.301140e+02
      vertex   -1.704073e+02 9.384950e+01 8.295734e+02
      vertex   -1.694869e+02 9.289951e+01 8.298282e+02
    endloop
  endfacet
  facet normal -6.740165e-01 -7.305070e-01 -1.098233e-01
    outer loop
      vertex   -1.706270e+02 9.384950e+01 8.305066e+02
      vertex   -1.705631e+02 9.384950e+01 8.301140e+02
      vertex   -1.694869e+02 9.289951e+01 8.298282e+02
    endloop
  endfacet
  facet normal -6.529675e-01 -7.564243e-01 -3.815502e-02
    outer loop
      vertex   -1.706500e+02 9.384950e+01 8.308995e+02
      vertex   -1.706270e+02 9.384950e+01 8.305066e+02
      vertex   -1.694869e+02 9.289951e+01 8.298282e+02
    endloop
  endfacet
  facet normal -7.002122e-01 -7.002153e-01 -1.392892e-01
    outer loop
      vertex   -1.694869e+02 9.289951e+01 8.298282e+02
      vertex   -1.684995e+02 9.169903e+01 8.308995e+02
      vertex   -1.706500e+02 9.384950e+01 8.308995e+02
    endloop
  endfacet
  facet normal -6.251180e-01 -7.053997e-01 -3.341237e-01
    outer loop
      vertex   -1.694869e+02 9.289951e+01 8.298282e+02
      vertex   -1.682300e+02 9.169903e+01 8.300111e+02
      vertex   -1.683778e+02 9.169903e+01 8.302876e+02
    endloop
  endfacet
  facet normal -6.782835e-01 -7.053998e-01 -2.057731e-01
    outer loop
      vertex   -1.694869e+02 9.289951e+01 8.298282e+02
      vertex   -1.683778e+02 9.169903e+01 8.302876e+02
      vertex   -1.684688e+02 9.169903e+01 8.305875e+02
    endloop
  endfacet
  facet normal -7.375104e-01 -6.714173e-01 -7.264402e-02
    outer loop
      vertex   -1.694869e+02 9.289951e+01 8.298282e+02
      vertex   -1.684688e+02 9.169903e+01 8.305875e+02
      vertex   -1.684995e+02 9.169903e+01 8.308995e+02
    endloop
  endfacet
  facet normal -5.754539e-01 -7.218152e-01 -3.844940e-01
    outer loop
      vertex   -1.701293e+02 9.384950e+01 8.290063e+02
      vertex   -1.700027e+02 9.384950e+01 8.288167e+02
      vertex   -1.694869e+02 9.289951e+01 8.298282e+02
    endloop
  endfacet
  facet normal -5.754539e-01 -7.218152e-01 -3.844940e-01
    outer loop
      vertex   -1.694869e+02 9.289951e+01 8.298282e+02
      vertex   -1.700027e+02 9.384950e+01 8.288167e+02
      vertex   -1.688801e+02 9.289951e+01 8.289199e+02
    endloop
  endfacet
  facet normal -6.012576e-01 -6.907231e-01 -4.017349e-01
    outer loop
      vertex   -1.694869e+02 9.289951e+01 8.298282e+02
      vertex   -1.688801e+02 9.289951e+01 8.289199e+02
      vertex   -1.682300e+02 9.169903e+01 8.300111e+02
    endloop
  endfacet
  facet normal -7.071052e-01 -7.071083e-01 -0.000000e+00
    outer loop
      vertex   -1.706500e+02 9.384950e+01 8.646500e+02
      vertex   -1.706500e+02 9.384950e+01 8.308995e+02
      vertex   -1.684995e+02 9.169903e+01 8.308995e+02
    endloop
  endfacet
  facet normal -7.071068e-01 -7.071068e-01 2.692099e-05
    outer loop
      vertex   -1.684995e+02 9.169903e+01 8.649005e+02
      vertex   -1.706421e+02 9.384165e+01 8.649005e+02
      vertex   -1.706500e+02 9.384950e+01 8.646500e+02
    endloop
  endfacet
  facet normal -7.071052e-01 -7.071083e-01 -0.000000e+00
    outer loop
      vertex   -1.684995e+02 9.169903e+01 8.649005e+02
      vertex   -1.706500e+02 9.384950e+01 8.646500e+02
      vertex   -1.684995e+02 9.169903e+01 8.308995e+02
    endloop
  endfacet
  facet normal -9.951836e-01 4.075817e-04 9.802728e-02
    outer loop
      vertex   -1.706421e+02 9.384950e+01 8.649006e+02
      vertex   -1.706422e+02 9.384950e+01 8.649004e+02
      vertex   -1.706421e+02 9.384165e+01 8.649005e+02
    endloop
  endfacet
  facet normal -9.995083e-01 8.817998e-13 3.135593e-02
    outer loop
      vertex   -1.706422e+02 9.384950e+01 8.649004e+02
      vertex   -1.706500e+02 9.384950e+01 8.646500e+02
      vertex   -1.706421e+02 9.384165e+01 8.649005e+02
    endloop
  endfacet
  facet normal -9.569400e-01 4.016388e-04 2.902855e-01
    outer loop
      vertex   -1.705180e+02 9.384950e+01 8.656688e+02
      vertex   -1.705183e+02 9.384950e+01 8.656679e+02
      vertex   -1.705182e+02 9.379829e+01 8.656682e+02
    endloop
  endfacet
  facet normal -9.872283e-01 -3.966686e-04 1.593116e-01
    outer loop
      vertex   -1.706421e+02 9.384950e+01 8.649006e+02
      vertex   -1.706421e+02 9.384165e+01 8.649005e+02
      vertex   -1.705183e+02 9.384950e+01 8.656679e+02
    endloop
  endfacet
  facet normal -9.872283e-01 -3.966686e-04 1.593116e-01
    outer loop
      vertex   -1.705183e+02 9.384950e+01 8.656679e+02
      vertex   -1.706421e+02 9.384165e+01 8.649005e+02
      vertex   -1.705182e+02 9.379829e+01 8.656682e+02
    endloop
  endfacet
  facet normal -8.819189e-01 3.962712e-04 4.714010e-01
    outer loop
      vertex   -1.702469e+02 9.384950e+01 8.663997e+02
      vertex   -1.702477e+02 9.384950e+01 8.663983e+02
      vertex   -1.702475e+02 9.376702e+01 8.663987e+02
    endloop
  endfacet
  facet normal -9.376709e-01 -3.931145e-04 3.475244e-01
    outer loop
      vertex   -1.705180e+02 9.384950e+01 8.656688e+02
      vertex   -1.705182e+02 9.379829e+01 8.656682e+02
      vertex   -1.702477e+02 9.384950e+01 8.663983e+02
    endloop
  endfacet
  facet normal -9.376709e-01 -3.931145e-04 3.475244e-01
    outer loop
      vertex   -1.702477e+02 9.384950e+01 8.663983e+02
      vertex   -1.705182e+02 9.379829e+01 8.656682e+02
      vertex   -1.702475e+02 9.376702e+01 8.663987e+02
    endloop
  endfacet
  facet normal -7.730244e-01 3.925921e-04 6.343762e-01
    outer loop
      vertex   -1.698387e+02 9.384950e+01 8.670648e+02
      vertex   -1.698399e+02 9.384950e+01 8.670634e+02
      vertex   -1.698396e+02 9.374941e+01 8.670638e+02
    endloop
  endfacet
  facet normal -8.524592e-01 -3.899271e-04 5.227935e-01
    outer loop
      vertex   -1.702469e+02 9.384950e+01 8.663997e+02
      vertex   -1.702475e+02 9.376702e+01 8.663987e+02
      vertex   -1.698399e+02 9.384950e+01 8.670634e+02
    endloop
  endfacet
  facet normal -8.524592e-01 -3.899271e-04 5.227935e-01
    outer loop
      vertex   -1.698399e+02 9.384950e+01 8.670634e+02
      vertex   -1.702475e+02 9.376702e+01 8.663987e+02
      vertex   -1.698396e+02 9.374941e+01 8.670638e+02
    endloop
  endfacet
  facet normal -6.343907e-01 3.892052e-04 7.730124e-01
    outer loop
      vertex   -1.693088e+02 9.384950e+01 8.676383e+02
      vertex   -1.693103e+02 9.384950e+01 8.676370e+02
      vertex   -1.693099e+02 9.374639e+01 8.676374e+02
    endloop
  endfacet
  facet normal -7.347023e-01 -3.871653e-04 6.783895e-01
    outer loop
      vertex   -1.698387e+02 9.384950e+01 8.670648e+02
      vertex   -1.698396e+02 9.374941e+01 8.670638e+02
      vertex   -1.693103e+02 9.384950e+01 8.676370e+02
    endloop
  endfacet
  facet normal -7.347023e-01 -3.871653e-04 6.783895e-01
    outer loop
      vertex   -1.693103e+02 9.384950e+01 8.676370e+02
      vertex   -1.698396e+02 9.374941e+01 8.670638e+02
      vertex   -1.693099e+02 9.374639e+01 8.676374e+02
    endloop
  endfacet
  facet normal -4.714010e-01 3.855311e-04 8.819189e-01
    outer loop
      vertex   -1.686780e+02 9.384950e+01 8.680977e+02
      vertex   -1.686796e+02 9.384950e+01 8.680968e+02
      vertex   -1.686791e+02 9.375813e+01 8.680971e+02
    endloop
  endfacet
  facet normal -5.889281e-01 -3.835149e-04 8.081853e-01
    outer loop
      vertex   -1.686796e+02 9.384950e+01 8.680968e+02
      vertex   -1.693088e+02 9.384950e+01 8.676383e+02
      vertex   -1.686791e+02 9.375813e+01 8.680971e+02
    endloop
  endfacet
  facet normal -5.889281e-01 -3.835149e-04 8.081853e-01
    outer loop
      vertex   -1.686791e+02 9.375813e+01 8.680971e+02
      vertex   -1.693088e+02 9.384950e+01 8.676383e+02
      vertex   -1.693099e+02 9.374639e+01 8.676374e+02
    endloop
  endfacet
  facet normal -2.902632e-01 3.815652e-04 9.569468e-01
    outer loop
      vertex   -1.679711e+02 9.384950e+01 8.684255e+02
      vertex   -1.679723e+02 9.384950e+01 8.684251e+02
      vertex   -1.679719e+02 9.378399e+01 8.684253e+02
    endloop
  endfacet
  facet normal -4.208921e-01 -3.784376e-04 9.071106e-01
    outer loop
      vertex   -1.679723e+02 9.384950e+01 8.684251e+02
      vertex   -1.686780e+02 9.384950e+01 8.680977e+02
      vertex   -1.679719e+02 9.378399e+01 8.684253e+02
    endloop
  endfacet
  facet normal -4.208921e-01 -3.784376e-04 9.071106e-01
    outer loop
      vertex   -1.679719e+02 9.378399e+01 8.684253e+02
      vertex   -1.686780e+02 9.384950e+01 8.680977e+02
      vertex   -1.686791e+02 9.375813e+01 8.680971e+02
    endloop
  endfacet
  facet normal -2.650314e-01 2.298607e-05 9.642398e-01
    outer loop
      vertex   -1.674433e+02 9.384950e+01 8.685706e+02
      vertex   -1.679711e+02 9.384950e+01 8.684255e+02
      vertex   -1.674433e+02 9.380997e+01 8.685706e+02
    endloop
  endfacet
  facet normal -2.650314e-01 2.298607e-05 9.642398e-01
    outer loop
      vertex   -1.674433e+02 9.380997e+01 8.685706e+02
      vertex   -1.679711e+02 9.384950e+01 8.684255e+02
      vertex   -1.679719e+02 9.378399e+01 8.684253e+02
    endloop
  endfacet
  facet normal -9.802491e-02 4.080750e-04 9.951839e-01
    outer loop
      vertex   -1.669005e+02 9.384950e+01 8.686422e+02
      vertex   -1.669006e+02 9.384950e+01 8.686421e+02
      vertex   -1.669005e+02 9.384165e+01 8.686422e+02
    endloop
  endfacet
  facet normal -1.307795e-01 -2.096831e-05 9.914115e-01
    outer loop
      vertex   -1.669006e+02 9.384950e+01 8.686421e+02
      vertex   -1.674433e+02 9.384950e+01 8.685706e+02
      vertex   -1.669005e+02 9.384165e+01 8.686422e+02
    endloop
  endfacet
  facet normal -1.307795e-01 -2.096830e-05 9.914115e-01
    outer loop
      vertex   -1.669005e+02 9.384165e+01 8.686422e+02
      vertex   -1.674433e+02 9.384950e+01 8.685706e+02
      vertex   -1.674433e+02 9.380997e+01 8.685706e+02
    endloop
  endfacet
  facet normal -3.127752e-02 -1.617872e-11 9.995107e-01
    outer loop
      vertex   -1.666500e+02 9.384950e+01 8.686500e+02
      vertex   -1.669005e+02 9.384950e+01 8.686422e+02
      vertex   -1.669005e+02 9.384165e+01 8.686422e+02
    endloop
  endfacet
  facet normal 9.951849e-01 4.077546e-04 -9.801405e-02
    outer loop
      vertex   -1.292120e+02 1.260500e+02 7.884838e+02
      vertex   -1.291517e+02 1.260500e+02 7.890960e+02
      vertex   -1.291579e+02 9.384165e+01 7.888995e+02
    endloop
  endfacet
  facet normal 9.872260e-01 -3.968514e-04 -1.593255e-01
    outer loop
      vertex   -1.292387e+02 1.260500e+02 7.883184e+02
      vertex   -1.292120e+02 1.260500e+02 7.884838e+02
      vertex   -1.292818e+02 9.379829e+01 7.881318e+02
    endloop
  endfacet
  facet normal 9.872260e-01 -3.968514e-04 -1.593255e-01
    outer loop
      vertex   -1.292818e+02 9.379829e+01 7.881318e+02
      vertex   -1.292120e+02 1.260500e+02 7.884838e+02
      vertex   -1.291579e+02 9.384165e+01 7.888995e+02
    endloop
  endfacet
  facet normal 1.000000e+00 0.000000e+00 0.000000e+00
    outer loop
      vertex   -1.291500e+02 9.392623e+01 8.301371e+02
      vertex   -1.291500e+02 9.384950e+01 8.308995e+02
      vertex   -1.291500e+02 9.386863e+01 8.305202e+02
    endloop
  endfacet
  facet normal 1.000000e+00 0.000000e+00 0.000000e+00
    outer loop
      vertex   -1.291500e+02 9.410000e+01 8.295062e+02
      vertex   -1.291500e+02 9.384950e+01 8.308995e+02
      vertex   -1.291500e+02 9.392623e+01 8.301371e+02
    endloop
  endfacet
  facet normal 1.000000e+00 0.000000e+00 0.000000e+00
    outer loop
      vertex   -1.291500e+02 9.384950e+01 8.229005e+02
      vertex   -1.291500e+02 9.396015e+01 8.238181e+02
      vertex   -1.291500e+02 9.387706e+01 8.233560e+02
    endloop
  endfacet
  facet normal 1.000000e+00 0.000000e+00 0.000000e+00
    outer loop
      vertex   -1.291500e+02 9.384950e+01 8.229005e+02
      vertex   -1.291500e+02 9.410000e+01 8.242938e+02
      vertex   -1.291500e+02 9.396015e+01 8.238181e+02
    endloop
  endfacet
  facet normal -1.392822e-01 -7.002144e-01 -7.002144e-01
    outer loop
      vertex   -1.679224e+02 9.277034e+01 7.864324e+02
      vertex   -1.669005e+02 9.384165e+01 7.851579e+02
      vertex   -1.669005e+02 9.169903e+01 7.873005e+02
    endloop
  endfacet
  facet normal -6.700423e-02 -7.366787e-01 -6.729152e-01
    outer loop
      vertex   -1.679224e+02 9.277034e+01 7.864324e+02
      vertex   -1.676682e+02 9.379829e+01 7.852818e+02
      vertex   -1.669005e+02 9.384165e+01 7.851579e+02
    endloop
  endfacet
  facet normal -2.206329e-01 -7.026544e-01 -6.764598e-01
    outer loop
      vertex   -1.679224e+02 9.277034e+01 7.864324e+02
      vertex   -1.683987e+02 9.376702e+01 7.855525e+02
      vertex   -1.676682e+02 9.379829e+01 7.852818e+02
    endloop
  endfacet
  facet normal -3.553262e-01 -7.083104e-01 -6.099505e-01
    outer loop
      vertex   -1.679224e+02 9.277034e+01 7.864324e+02
      vertex   -1.690638e+02 9.374941e+01 7.859604e+02
      vertex   -1.683987e+02 9.376702e+01 7.855525e+02
    endloop
  endfacet
  facet normal -7.284250e-02 -6.688968e-01 -7.397777e-01
    outer loop
      vertex   -1.679224e+02 9.277034e+01 7.864324e+02
      vertex   -1.669005e+02 9.169903e+01 7.873005e+02
      vertex   -1.672125e+02 9.169903e+01 7.873312e+02
    endloop
  endfacet
  facet normal -2.057794e-01 -7.053986e-01 -6.782828e-01
    outer loop
      vertex   -1.679224e+02 9.277034e+01 7.864324e+02
      vertex   -1.672125e+02 9.169903e+01 7.873312e+02
      vertex   -1.675124e+02 9.169903e+01 7.874222e+02
    endloop
  endfacet
  facet normal -3.341076e-01 -7.053983e-01 -6.251282e-01
    outer loop
      vertex   -1.679224e+02 9.277034e+01 7.864324e+02
      vertex   -1.675124e+02 9.169903e+01 7.874222e+02
      vertex   -1.677889e+02 9.169903e+01 7.875699e+02
    endloop
  endfacet
  facet normal -4.822414e-01 -7.003525e-01 -5.262600e-01
    outer loop
      vertex   -1.687887e+02 9.277034e+01 7.870113e+02
      vertex   -1.696374e+02 9.374639e+01 7.864901e+02
      vertex   -1.690638e+02 9.374941e+01 7.859604e+02
    endloop
  endfacet
  facet normal -5.725002e-01 -7.135066e-01 -4.039206e-01
    outer loop
      vertex   -1.687887e+02 9.277034e+01 7.870113e+02
      vertex   -1.700971e+02 9.375813e+01 7.871209e+02
      vertex   -1.696374e+02 9.374639e+01 7.864901e+02
    endloop
  endfacet
  facet normal -4.496673e-01 -7.053986e-01 -5.479162e-01
    outer loop
      vertex   -1.687887e+02 9.277034e+01 7.870113e+02
      vertex   -1.677889e+02 9.169903e+01 7.875699e+02
      vertex   -1.680312e+02 9.169903e+01 7.877688e+02
    endloop
  endfacet
  facet normal -5.479339e-01 -7.053981e-01 -4.496465e-01
    outer loop
      vertex   -1.687887e+02 9.277034e+01 7.870113e+02
      vertex   -1.680312e+02 9.169903e+01 7.877688e+02
      vertex   -1.682300e+02 9.169903e+01 7.880111e+02
    endloop
  endfacet
  facet normal -3.834223e-01 -7.236615e-01 -5.738479e-01
    outer loop
      vertex   -1.687887e+02 9.277034e+01 7.870113e+02
      vertex   -1.690638e+02 9.374941e+01 7.859604e+02
      vertex   -1.679224e+02 9.277034e+01 7.864324e+02
    endloop
  endfacet
  facet normal -4.023587e-01 -6.895476e-01 -6.021890e-01
    outer loop
      vertex   -1.687887e+02 9.277034e+01 7.870113e+02
      vertex   -1.679224e+02 9.277034e+01 7.864324e+02
      vertex   -1.677889e+02 9.169903e+01 7.875699e+02
    endloop
  endfacet
  facet normal -6.574916e-01 -6.997140e-01 -2.794729e-01
    outer loop
      vertex   -1.693676e+02 9.277034e+01 7.878776e+02
      vertex   -1.704252e+02 9.378399e+01 7.878281e+02
      vertex   -1.700971e+02 9.375813e+01 7.871209e+02
    endloop
  endfacet
  facet normal -6.801954e-01 -7.171586e-01 -1.517159e-01
    outer loop
      vertex   -1.693676e+02 9.277034e+01 7.878776e+02
      vertex   -1.705705e+02 9.380997e+01 7.883567e+02
      vertex   -1.704252e+02 9.378399e+01 7.878281e+02
    endloop
  endfacet
  facet normal -6.631832e-01 -7.471701e-01 -4.387309e-02
    outer loop
      vertex   -1.693676e+02 9.277034e+01 7.878776e+02
      vertex   -1.706421e+02 9.384165e+01 7.888995e+02
      vertex   -1.705705e+02 9.380997e+01 7.883567e+02
    endloop
  endfacet
  facet normal -7.002138e-01 -7.002138e-01 -1.392886e-01
    outer loop
      vertex   -1.693676e+02 9.277034e+01 7.878776e+02
      vertex   -1.684995e+02 9.169903e+01 7.888995e+02
      vertex   -1.706421e+02 9.384165e+01 7.888995e+02
    endloop
  endfacet
  facet normal -6.251201e-01 -7.053974e-01 -3.341248e-01
    outer loop
      vertex   -1.693676e+02 9.277034e+01 7.878776e+02
      vertex   -1.682300e+02 9.169903e+01 7.880111e+02
      vertex   -1.683778e+02 9.169903e+01 7.882876e+02
    endloop
  endfacet
  facet normal -6.782828e-01 -7.053986e-01 -2.057794e-01
    outer loop
      vertex   -1.693676e+02 9.277034e+01 7.878776e+02
      vertex   -1.683778e+02 9.169903e+01 7.882876e+02
      vertex   -1.684688e+02 9.169903e+01 7.885875e+02
    endloop
  endfacet
  facet normal -7.397690e-01 -6.689040e-01 -7.286427e-02
    outer loop
      vertex   -1.693676e+02 9.277034e+01 7.878776e+02
      vertex   -1.684688e+02 9.169903e+01 7.885875e+02
      vertex   -1.684995e+02 9.169903e+01 7.888995e+02
    endloop
  endfacet
  facet normal -6.021888e-01 -6.895518e-01 -4.023519e-01
    outer loop
      vertex   -1.693676e+02 9.277034e+01 7.878776e+02
      vertex   -1.687887e+02 9.277034e+01 7.870113e+02
      vertex   -1.682300e+02 9.169903e+01 7.880111e+02
    endloop
  endfacet
  facet normal -5.763863e-01 -7.207410e-01 -3.851120e-01
    outer loop
      vertex   -1.693676e+02 9.277034e+01 7.878776e+02
      vertex   -1.700971e+02 9.375813e+01 7.871209e+02
      vertex   -1.687887e+02 9.277034e+01 7.870113e+02
    endloop
  endfacet
  facet normal 2.691997e-05 -7.071068e-01 -7.071068e-01
    outer loop
      vertex   -1.328995e+02 9.169903e+01 7.873005e+02
      vertex   -1.331500e+02 9.384950e+01 7.851500e+02
      vertex   -1.328995e+02 9.384165e+01 7.851579e+02
    endloop
  endfacet
  facet normal -2.691894e-05 -7.071068e-01 -7.071068e-01
    outer loop
      vertex   -1.669005e+02 9.169903e+01 7.873005e+02
      vertex   -1.669005e+02 9.384165e+01 7.851579e+02
      vertex   -1.666500e+02 9.384950e+01 7.851500e+02
    endloop
  endfacet
  facet normal 0.000000e+00 -7.071083e-01 -7.071052e-01
    outer loop
      vertex   -1.669005e+02 9.169903e+01 7.873005e+02
      vertex   -1.666500e+02 9.384950e+01 7.851500e+02
      vertex   -1.331500e+02 9.384950e+01 7.851500e+02
    endloop
  endfacet
  facet normal 0.000000e+00 -7.071083e-01 -7.071052e-01
    outer loop
      vertex   -1.669005e+02 9.169903e+01 7.873005e+02
      vertex   -1.331500e+02 9.384950e+01 7.851500e+02
      vertex   -1.328995e+02 9.169903e+01 7.873005e+02
    endloop
  endfacet
  facet normal -1.000000e+00 0.000000e+00 -0.000000e+00
    outer loop
      vertex   -1.684995e+02 9.169903e+01 8.229005e+02
      vertex   -1.684995e+02 9.169903e+01 7.888995e+02
      vertex   -1.684995e+02 8.989902e+01 7.888995e+02
    endloop
  endfacet
  facet normal -1.000000e+00 -0.000000e+00 0.000000e+00
    outer loop
      vertex   -1.684995e+02 9.169903e+01 8.229005e+02
      vertex   -1.684995e+02 8.989902e+01 7.888995e+02
      vertex   -1.684995e+02 8.989902e+01 8.229005e+02
    endloop
  endfacet
  facet normal -9.951843e-01 0.000000e+00 9.802164e-02
    outer loop
      vertex   -1.684688e+02 9.169903e+01 8.232125e+02
      vertex   -1.684995e+02 9.169903e+01 8.229005e+02
      vertex   -1.684995e+02 8.989902e+01 8.229005e+02
    endloop
  endfacet
  facet normal -9.951843e-01 0.000000e+00 9.802164e-02
    outer loop
      vertex   -1.684688e+02 9.169903e+01 8.232125e+02
      vertex   -1.684995e+02 8.989902e+01 8.229005e+02
      vertex   -1.684688e+02 8.989902e+01 8.232125e+02
    endloop
  endfacet
  facet normal -9.569333e-01 0.000000e+00 2.903080e-01
    outer loop
      vertex   -1.683778e+02 9.169903e+01 8.235124e+02
      vertex   -1.684688e+02 8.989902e+01 8.232125e+02
      vertex   -1.683778e+02 8.989902e+01 8.235124e+02
    endloop
  endfacet
  facet normal -9.569333e-01 0.000000e+00 2.903080e-01
    outer loop
      vertex   -1.683778e+02 9.169903e+01 8.235124e+02
      vertex   -1.684688e+02 9.169903e+01 8.232125e+02
      vertex   -1.684688e+02 8.989902e+01 8.232125e+02
    endloop
  endfacet
  facet normal -8.819264e-01 0.000000e+00 4.713871e-01
    outer loop
      vertex   -1.682300e+02 9.169903e+01 8.237889e+02
      vertex   -1.683778e+02 8.989902e+01 8.235124e+02
      vertex   -1.682300e+02 8.989902e+01 8.237889e+02
    endloop
  endfacet
  facet normal -8.819264e-01 0.000000e+00 4.713871e-01
    outer loop
      vertex   -1.682300e+02 9.169903e+01 8.237889e+02
      vertex   -1.683778e+02 9.169903e+01 8.235124e+02
      vertex   -1.683778e+02 8.989902e+01 8.235124e+02
    endloop
  endfacet
  facet normal -7.730198e-01 0.000000e+00 6.343819e-01
    outer loop
      vertex   -1.680312e+02 9.169903e+01 8.240312e+02
      vertex   -1.682300e+02 8.989902e+01 8.237889e+02
      vertex   -1.680312e+02 8.989902e+01 8.240312e+02
    endloop
  endfacet
  facet normal -7.730198e-01 0.000000e+00 6.343819e-01
    outer loop
      vertex   -1.680312e+02 9.169903e+01 8.240312e+02
      vertex   -1.682300e+02 9.169903e+01 8.237889e+02
      vertex   -1.682300e+02 8.989902e+01 8.237889e+02
    endloop
  endfacet
  facet normal -6.343968e-01 0.000000e+00 7.730076e-01
    outer loop
      vertex   -1.677889e+02 9.169903e+01 8.242301e+02
      vertex   -1.680312e+02 8.989902e+01 8.240312e+02
      vertex   -1.677889e+02 8.989902e+01 8.242301e+02
    endloop
  endfacet
  facet normal -4.713634e-01 0.000000e+00 8.819391e-01
    outer loop
      vertex   -1.677889e+02 9.169903e+01 8.242301e+02
      vertex   -1.677889e+02 8.989902e+01 8.242301e+02
      vertex   -1.675124e+02 8.989902e+01 8.243778e+02
    endloop
  endfacet
  facet normal -6.343968e-01 0.000000e+00 7.730076e-01
    outer loop
      vertex   -1.677889e+02 9.169903e+01 8.242301e+02
      vertex   -1.680312e+02 9.169903e+01 8.240312e+02
      vertex   -1.680312e+02 8.989902e+01 8.240312e+02
    endloop
  endfacet
  facet normal -4.713634e-01 0.000000e+00 8.819391e-01
    outer loop
      vertex   -1.675124e+02 9.169903e+01 8.243778e+02
      vertex   -1.677889e+02 9.169903e+01 8.242301e+02
      vertex   -1.675124e+02 8.989902e+01 8.243778e+02
    endloop
  endfacet
  facet normal -2.903164e-01 0.000000e+00 9.569307e-01
    outer loop
      vertex   -1.672125e+02 9.169903e+01 8.244688e+02
      vertex   -1.675124e+02 8.989902e+01 8.243778e+02
      vertex   -1.672125e+02 8.989902e+01 8.244688e+02
    endloop
  endfacet
  facet normal -2.903164e-01 0.000000e+00 9.569307e-01
    outer loop
      vertex   -1.672125e+02 9.169903e+01 8.244688e+02
      vertex   -1.675124e+02 9.169903e+01 8.243778e+02
      vertex   -1.675124e+02 8.989902e+01 8.243778e+02
    endloop
  endfacet
  facet normal -9.802164e-02 0.000000e+00 9.951843e-01
    outer loop
      vertex   -1.669005e+02 9.169903e+01 8.244995e+02
      vertex   -1.672125e+02 8.989902e+01 8.244688e+02
      vertex   -1.669005e+02 8.989902e+01 8.244995e+02
    endloop
  endfacet
  facet normal -9.802164e-02 0.000000e+00 9.951843e-01
    outer loop
      vertex   -1.669005e+02 9.169903e+01 8.244995e+02
      vertex   -1.672125e+02 9.169903e+01 8.244688e+02
      vertex   -1.672125e+02 8.989902e+01 8.244688e+02
    endloop
  endfacet
  facet normal 0.000000e+00 -7.071068e-01 -7.071068e-01
    outer loop
      vertex   -1.669005e+02 9.169903e+01 8.293005e+02
      vertex   -1.328995e+02 9.409950e+01 8.269000e+02
      vertex   -1.328995e+02 9.169903e+01 8.293005e+02
    endloop
  endfacet
  facet normal -9.799151e-02 0.000000e+00 -9.951873e-01
    outer loop
      vertex   -1.672125e+02 9.169903e+01 8.293312e+02
      vertex   -1.669005e+02 9.169903e+01 8.293005e+02
      vertex   -1.669005e+02 8.989902e+01 8.293005e+02
    endloop
  endfacet
  facet normal -9.799151e-02 -0.000000e+00 -9.951873e-01
    outer loop
      vertex   -1.672125e+02 9.169903e+01 8.293312e+02
      vertex   -1.669005e+02 8.989902e+01 8.293005e+02
      vertex   -1.672125e+02 8.989902e+01 8.293312e+02
    endloop
  endfacet
  facet normal -2.903164e-01 -0.000000e+00 -9.569307e-01
    outer loop
      vertex   -1.675124e+02 9.169903e+01 8.294222e+02
      vertex   -1.672125e+02 8.989902e+01 8.293312e+02
      vertex   -1.675124e+02 8.989902e+01 8.294222e+02
    endloop
  endfacet
  facet normal -2.903164e-01 0.000000e+00 -9.569307e-01
    outer loop
      vertex   -1.675124e+02 9.169903e+01 8.294222e+02
      vertex   -1.672125e+02 9.169903e+01 8.293312e+02
      vertex   -1.672125e+02 8.989902e+01 8.293312e+02
    endloop
  endfacet
  facet normal -4.713871e-01 -0.000000e+00 -8.819264e-01
    outer loop
      vertex   -1.677889e+02 9.169903e+01 8.295700e+02
      vertex   -1.675124e+02 8.989902e+01 8.294222e+02
      vertex   -1.677889e+02 8.989902e+01 8.295700e+02
    endloop
  endfacet
  facet normal -4.713871e-01 0.000000e+00 -8.819264e-01
    outer loop
      vertex   -1.677889e+02 9.169903e+01 8.295700e+02
      vertex   -1.675124e+02 9.169903e+01 8.294222e+02
      vertex   -1.675124e+02 8.989902e+01 8.294222e+02
    endloop
  endfacet
  facet normal -6.343968e-01 -0.000000e+00 -7.730076e-01
    outer loop
      vertex   -1.680312e+02 9.169903e+01 8.297688e+02
      vertex   -1.677889e+02 8.989902e+01 8.295700e+02
      vertex   -1.680312e+02 8.989902e+01 8.297688e+02
    endloop
  endfacet
  facet normal -7.730198e-01 -0.000000e+00 -6.343819e-01
    outer loop
      vertex   -1.680312e+02 9.169903e+01 8.297688e+02
      vertex   -1.680312e+02 8.989902e+01 8.297688e+02
      vertex   -1.682300e+02 8.989902e+01 8.300111e+02
    endloop
  endfacet
  facet normal -6.343968e-01 0.000000e+00 -7.730076e-01
    outer loop
      vertex   -1.680312e+02 9.169903e+01 8.297688e+02
      vertex   -1.677889e+02 9.169903e+01 8.295700e+02
      vertex   -1.677889e+02 8.989902e+01 8.295700e+02
    endloop
  endfacet
  facet normal -7.730198e-01 -0.000000e+00 -6.343819e-01
    outer loop
      vertex   -1.682300e+02 9.169903e+01 8.300111e+02
      vertex   -1.680312e+02 9.169903e+01 8.297688e+02
      vertex   -1.682300e+02 8.989902e+01 8.300111e+02
    endloop
  endfacet
  facet normal -8.819264e-01 -0.000000e+00 -4.713871e-01
    outer loop
      vertex   -1.683778e+02 9.169903e+01 8.302876e+02
      vertex   -1.682300e+02 8.989902e+01 8.300111e+02
      vertex   -1.683778e+02 8.989902e+01 8.302876e+02
    endloop
  endfacet
  facet normal -8.819264e-01 0.000000e+00 -4.713871e-01
    outer loop
      vertex   -1.683778e+02 9.169903e+01 8.302876e+02
      vertex   -1.682300e+02 9.169903e+01 8.300111e+02
      vertex   -1.682300e+02 8.989902e+01 8.300111e+02
    endloop
  endfacet
  facet normal -9.569333e-01 -0.000000e+00 -2.903080e-01
    outer loop
      vertex   -1.684688e+02 9.169903e+01 8.305875e+02
      vertex   -1.683778e+02 8.989902e+01 8.302876e+02
      vertex   -1.684688e+02 8.989902e+01 8.305875e+02
    endloop
  endfacet
  facet normal -9.569333e-01 0.000000e+00 -2.903080e-01
    outer loop
      vertex   -1.684688e+02 9.169903e+01 8.305875e+02
      vertex   -1.683778e+02 9.169903e+01 8.302876e+02
      vertex   -1.683778e+02 8.989902e+01 8.302876e+02
    endloop
  endfacet
  facet normal -9.951840e-01 -0.000000e+00 -9.802460e-02
    outer loop
      vertex   -1.684995e+02 9.169903e+01 8.308995e+02
      vertex   -1.684688e+02 8.989902e+01 8.305875e+02
      vertex   -1.684995e+02 8.989902e+01 8.308995e+02
    endloop
  endfacet
  facet normal -9.951840e-01 0.000000e+00 -9.802460e-02
    outer loop
      vertex   -1.684995e+02 9.169903e+01 8.308995e+02
      vertex   -1.684688e+02 9.169903e+01 8.305875e+02
      vertex   -1.684688e+02 8.989902e+01 8.305875e+02
    endloop
  endfacet
  facet normal -7.002140e-01 -7.002140e-01 1.392861e-01
    outer loop
      vertex   -1.693676e+02 9.277034e+01 8.659224e+02
      vertex   -1.706421e+02 9.384165e+01 8.649005e+02
      vertex   -1.684995e+02 9.169903e+01 8.649005e+02
    endloop
  endfacet
  facet normal -6.729119e-01 -7.366819e-01 6.700186e-02
    outer loop
      vertex   -1.693676e+02 9.277034e+01 8.659224e+02
      vertex   -1.705182e+02 9.379829e+01 8.656682e+02
      vertex   -1.706421e+02 9.384165e+01 8.649005e+02
    endloop
  endfacet
  facet normal -6.764564e-01 -7.026535e-01 2.206463e-01
    outer loop
      vertex   -1.693676e+02 9.277034e+01 8.659224e+02
      vertex   -1.702475e+02 9.376702e+01 8.663987e+02
      vertex   -1.705182e+02 9.379829e+01 8.656682e+02
    endloop
  endfacet
  facet normal -6.099570e-01 -7.083072e-01 3.553216e-01
    outer loop
      vertex   -1.693676e+02 9.277034e+01 8.659224e+02
      vertex   -1.698396e+02 9.374941e+01 8.670638e+02
      vertex   -1.702475e+02 9.376702e+01 8.663987e+02
    endloop
  endfacet
  facet normal -7.397684e-01 -6.689047e-01 7.286420e-02
    outer loop
      vertex   -1.693676e+02 9.277034e+01 8.659224e+02
      vertex   -1.684995e+02 9.169903e+01 8.649005e+02
      vertex   -1.684688e+02 9.169903e+01 8.652125e+02
    endloop
  endfacet
  facet normal -6.782871e-01 -7.053980e-01 2.057676e-01
    outer loop
      vertex   -1.693676e+02 9.277034e+01 8.659224e+02
      vertex   -1.684688e+02 9.169903e+01 8.652125e+02
      vertex   -1.683778e+02 9.169903e+01 8.655124e+02
    endloop
  endfacet
  facet normal -6.251201e-01 -7.053974e-01 3.341248e-01
    outer loop
      vertex   -1.693676e+02 9.277034e+01 8.659224e+02
      vertex   -1.683778e+02 9.169903e+01 8.655124e+02
      vertex   -1.682300e+02 9.169903e+01 8.657889e+02
    endloop
  endfacet
  facet normal -5.262626e-01 -7.003539e-01 4.822365e-01
    outer loop
      vertex   -1.687887e+02 9.277034e+01 8.667887e+02
      vertex   -1.693099e+02 9.374639e+01 8.676374e+02
      vertex   -1.698396e+02 9.374941e+01 8.670638e+02
    endloop
  endfacet
  facet normal -4.039108e-01 -7.135105e-01 5.725023e-01
    outer loop
      vertex   -1.687887e+02 9.277034e+01 8.667887e+02
      vertex   -1.686791e+02 9.375813e+01 8.680971e+02
      vertex   -1.693099e+02 9.374639e+01 8.676374e+02
    endloop
  endfacet
  facet normal -5.479155e-01 -7.053995e-01 4.496668e-01
    outer loop
      vertex   -1.687887e+02 9.277034e+01 8.667887e+02
      vertex   -1.682300e+02 9.169903e+01 8.657889e+02
      vertex   -1.680312e+02 9.169903e+01 8.660312e+02
    endloop
  endfacet
  facet normal -4.496673e-01 -7.053986e-01 5.479162e-01
    outer loop
      vertex   -1.687887e+02 9.277034e+01 8.667887e+02
      vertex   -1.680312e+02 9.169903e+01 8.660312e+02
      vertex   -1.677889e+02 9.169903e+01 8.662300e+02
    endloop
  endfacet
  facet normal -5.738472e-01 -7.236612e-01 3.834239e-01
    outer loop
      vertex   -1.687887e+02 9.277034e+01 8.667887e+02
      vertex   -1.698396e+02 9.374941e+01 8.670638e+02
      vertex   -1.693676e+02 9.277034e+01 8.659224e+02
    endloop
  endfacet
  facet normal -6.021862e-01 -6.895499e-01 4.023590e-01
    outer loop
      vertex   -1.687887e+02 9.277034e+01 8.667887e+02
      vertex   -1.693676e+02 9.277034e+01 8.659224e+02
      vertex   -1.682300e+02 9.169903e+01 8.657889e+02
    endloop
  endfacet
  facet normal -2.794890e-01 -6.997110e-01 6.574879e-01
    outer loop
      vertex   -1.679224e+02 9.277034e+01 8.673676e+02
      vertex   -1.679719e+02 9.378399e+01 8.684253e+02
      vertex   -1.686791e+02 9.375813e+01 8.680971e+02
    endloop
  endfacet
  facet normal -1.517159e-01 -7.171586e-01 6.801954e-01
    outer loop
      vertex   -1.679224e+02 9.277034e+01 8.673676e+02
      vertex   -1.674433e+02 9.380997e+01 8.685706e+02
      vertex   -1.679719e+02 9.378399e+01 8.684253e+02
    endloop
  endfacet
  facet normal -4.387309e-02 -7.471701e-01 6.631832e-01
    outer loop
      vertex   -1.679224e+02 9.277034e+01 8.673676e+02
      vertex   -1.669005e+02 9.384165e+01 8.686422e+02
      vertex   -1.674433e+02 9.380997e+01 8.685706e+02
    endloop
  endfacet
  facet normal -1.392816e-01 -7.002176e-01 7.002114e-01
    outer loop
      vertex   -1.679224e+02 9.277034e+01 8.673676e+02
      vertex   -1.669005e+02 9.169903e+01 8.664995e+02
      vertex   -1.669005e+02 9.384165e+01 8.686422e+02
    endloop
  endfacet
  facet normal -3.341248e-01 -7.053974e-01 6.251201e-01
    outer loop
      vertex   -1.679224e+02 9.277034e+01 8.673676e+02
      vertex   -1.677889e+02 9.169903e+01 8.662300e+02
      vertex   -1.675124e+02 9.169903e+01 8.663778e+02
    endloop
  endfacet
  facet normal -2.057794e-01 -7.053986e-01 6.782828e-01
    outer loop
      vertex   -1.679224e+02 9.277034e+01 8.673676e+02
      vertex   -1.675124e+02 9.169903e+01 8.663778e+02
      vertex   -1.672125e+02 9.169903e+01 8.664688e+02
    endloop
  endfacet
  facet normal -7.282074e-02 -6.688896e-01 7.397863e-01
    outer loop
      vertex   -1.679224e+02 9.277034e+01 8.673676e+02
      vertex   -1.672125e+02 9.169903e+01 8.664688e+02
      vertex   -1.669005e+02 9.169903e+01 8.664995e+02
    endloop
  endfacet
  facet normal -4.023625e-01 -6.895490e-01 6.021849e-01
    outer loop
      vertex   -1.679224e+02 9.277034e+01 8.673676e+02
      vertex   -1.687887e+02 9.277034e+01 8.667887e+02
      vertex   -1.677889e+02 9.169903e+01 8.662300e+02
    endloop
  endfacet
  facet normal -3.851232e-01 -7.207368e-01 5.763841e-01
    outer loop
      vertex   -1.679224e+02 9.277034e+01 8.673676e+02
      vertex   -1.686791e+02 9.375813e+01 8.680971e+02
      vertex   -1.687887e+02 9.277034e+01 8.667887e+02
    endloop
  endfacet
  facet normal -1.000000e+00 0.000000e+00 -0.000000e+00
    outer loop
      vertex   -1.684995e+02 9.169903e+01 8.649005e+02
      vertex   -1.684995e+02 9.169903e+01 8.308995e+02
      vertex   -1.684995e+02 8.989902e+01 8.308995e+02
    endloop
  endfacet
  facet normal -1.000000e+00 -0.000000e+00 0.000000e+00
    outer loop
      vertex   -1.684995e+02 9.169903e+01 8.649005e+02
      vertex   -1.684995e+02 8.989902e+01 8.308995e+02
      vertex   -1.684995e+02 8.989902e+01 8.649005e+02
    endloop
  endfacet
  facet normal 2.711604e-05 -7.071099e-01 7.071036e-01
    outer loop
      vertex   -1.669005e+02 9.169903e+01 8.664995e+02
      vertex   -1.666500e+02 9.384950e+01 8.686500e+02
      vertex   -1.669005e+02 9.384165e+01 8.686422e+02
    endloop
  endfacet
  facet normal -2.711707e-05 -7.071099e-01 7.071036e-01
    outer loop
      vertex   -1.328995e+02 9.169903e+01 8.664995e+02
      vertex   -1.328995e+02 9.384165e+01 8.686422e+02
      vertex   -1.331500e+02 9.384950e+01 8.686500e+02
    endloop
  endfacet
  facet normal 0.000000e+00 -7.071083e-01 7.071052e-01
    outer loop
      vertex   -1.328995e+02 9.169903e+01 8.664995e+02
      vertex   -1.331500e+02 9.384950e+01 8.686500e+02
      vertex   -1.666500e+02 9.384950e+01 8.686500e+02
    endloop
  endfacet
  facet normal 0.000000e+00 -7.071083e-01 7.071052e-01
    outer loop
      vertex   -1.328995e+02 9.169903e+01 8.664995e+02
      vertex   -1.666500e+02 9.384950e+01 8.686500e+02
      vertex   -1.669005e+02 9.169903e+01 8.664995e+02
    endloop
  endfacet
  facet normal 7.071068e-01 -7.071068e-01 0.000000e+00
    outer loop
      vertex   -1.313005e+02 9.169903e+01 8.649005e+02
      vertex   -1.291500e+02 9.384950e+01 8.646500e+02
      vertex   -1.291579e+02 9.384165e+01 8.649005e+02
    endloop
  endfacet
  facet normal 7.071068e-01 -7.071068e-01 0.000000e+00
    outer loop
      vertex   -1.313005e+02 9.169903e+01 8.308995e+02
      vertex   -1.291500e+02 9.384950e+01 8.308995e+02
      vertex   -1.291500e+02 9.384950e+01 8.646500e+02
    endloop
  endfacet
  facet normal 7.071068e-01 -7.071068e-01 0.000000e+00
    outer loop
      vertex   -1.313005e+02 9.169903e+01 8.308995e+02
      vertex   -1.291500e+02 9.384950e+01 8.646500e+02
      vertex   -1.313005e+02 9.169903e+01 8.649005e+02
    endloop
  endfacet
  facet normal 1.392804e-01 -7.002177e-01 7.002115e-01
    outer loop
      vertex   -1.318776e+02 9.277034e+01 8.673676e+02
      vertex   -1.328995e+02 9.384165e+01 8.686422e+02
      vertex   -1.328995e+02 9.169903e+01 8.664995e+02
    endloop
  endfacet
  facet normal 6.702114e-02 -7.366732e-01 6.729196e-01
    outer loop
      vertex   -1.318776e+02 9.277034e+01 8.673676e+02
      vertex   -1.321318e+02 9.379829e+01 8.685182e+02
      vertex   -1.328995e+02 9.384165e+01 8.686422e+02
    endloop
  endfacet
  facet normal 2.206311e-01 -7.026520e-01 6.764629e-01
    outer loop
      vertex   -1.318776e+02 9.277034e+01 8.673676e+02
      vertex   -1.314013e+02 9.376702e+01 8.682475e+02
      vertex   -1.321318e+02 9.379829e+01 8.685182e+02
    endloop
  endfacet
  facet normal 3.553216e-01 -7.083072e-01 6.099570e-01
    outer loop
      vertex   -1.318776e+02 9.277034e+01 8.673676e+02
      vertex   -1.307362e+02 9.374941e+01 8.678396e+02
      vertex   -1.314013e+02 9.376702e+01 8.682475e+02
    endloop
  endfacet
  facet normal 7.282282e-02 -6.688911e-01 7.397848e-01
    outer loop
      vertex   -1.318776e+02 9.277034e+01 8.673676e+02
      vertex   -1.328995e+02 9.169903e+01 8.664995e+02
      vertex   -1.325875e+02 9.169903e+01 8.664688e+02
    endloop
  endfacet
  facet normal 2.057733e-01 -7.053992e-01 6.782841e-01
    outer loop
      vertex   -1.318776e+02 9.277034e+01 8.673676e+02
      vertex   -1.325875e+02 9.169903e+01 8.664688e+02
      vertex   -1.322876e+02 9.169903e+01 8.663778e+02
    endloop
  endfacet
  facet normal 3.341241e-01 -7.053989e-01 6.251188e-01
    outer loop
      vertex   -1.318776e+02 9.277034e+01 8.673676e+02
      vertex   -1.322876e+02 9.169903e+01 8.663778e+02
      vertex   -1.320111e+02 9.169903e+01 8.662300e+02
    endloop
  endfacet
  facet normal 4.822346e-01 -7.003568e-01 5.262606e-01
    outer loop
      vertex   -1.310113e+02 9.277034e+01 8.667887e+02
      vertex   -1.301626e+02 9.374639e+01 8.673099e+02
      vertex   -1.307362e+02 9.374941e+01 8.678396e+02
    endloop
  endfacet
  facet normal 5.724975e-01 -7.135114e-01 4.039160e-01
    outer loop
      vertex   -1.310113e+02 9.277034e+01 8.667887e+02
      vertex   -1.297029e+02 9.375813e+01 8.666791e+02
      vertex   -1.301626e+02 9.374639e+01 8.673099e+02
    endloop
  endfacet
  facet normal 4.496585e-01 -7.053959e-01 5.479269e-01
    outer loop
      vertex   -1.310113e+02 9.277034e+01 8.667887e+02
      vertex   -1.320111e+02 9.169903e+01 8.662300e+02
      vertex   -1.317688e+02 9.169903e+01 8.660312e+02
    endloop
  endfacet
  facet normal 5.479174e-01 -7.053970e-01 4.496683e-01
    outer loop
      vertex   -1.310113e+02 9.277034e+01 8.667887e+02
      vertex   -1.317688e+02 9.169903e+01 8.660312e+02
      vertex   -1.315700e+02 9.169903e+01 8.657889e+02
    endloop
  endfacet
  facet normal 3.834284e-01 -7.236636e-01 5.738412e-01
    outer loop
      vertex   -1.310113e+02 9.277034e+01 8.667887e+02
      vertex   -1.307362e+02 9.374941e+01 8.678396e+02
      vertex   -1.318776e+02 9.277034e+01 8.673676e+02
    endloop
  endfacet
  facet normal 4.023651e-01 -6.895499e-01 6.021821e-01
    outer loop
      vertex   -1.310113e+02 9.277034e+01 8.667887e+02
      vertex   -1.318776e+02 9.277034e+01 8.673676e+02
      vertex   -1.320111e+02 9.169903e+01 8.662300e+02
    endloop
  endfacet
  facet normal 6.574983e-01 -6.997094e-01 2.794686e-01
    outer loop
      vertex   -1.304324e+02 9.277034e+01 8.659224e+02
      vertex   -1.293748e+02 9.378399e+01 8.659719e+02
      vertex   -1.297029e+02 9.375813e+01 8.666791e+02
    endloop
  endfacet
  facet normal 6.801999e-01 -7.171541e-01 1.517174e-01
    outer loop
      vertex   -1.304324e+02 9.277034e+01 8.659224e+02
      vertex   -1.292295e+02 9.380997e+01 8.654433e+02
      vertex   -1.293748e+02 9.378399e+01 8.659719e+02
    endloop
  endfacet
  facet normal 6.631867e-01 -7.471669e-01 4.387373e-02
    outer loop
      vertex   -1.304324e+02 9.277034e+01 8.659224e+02
      vertex   -1.291579e+02 9.384165e+01 8.649005e+02
      vertex   -1.292295e+02 9.380997e+01 8.654433e+02
    endloop
  endfacet
  facet normal 7.002147e-01 -7.002147e-01 1.392797e-01
    outer loop
      vertex   -1.304324e+02 9.277034e+01 8.659224e+02
      vertex   -1.313005e+02 9.169903e+01 8.649005e+02
      vertex   -1.291579e+02 9.384165e+01 8.649005e+02
    endloop
  endfacet
  facet normal 6.251201e-01 -7.053974e-01 3.341248e-01
    outer loop
      vertex   -1.304324e+02 9.277034e+01 8.659224e+02
      vertex   -1.315700e+02 9.169903e+01 8.657889e+02
      vertex   -1.314222e+02 9.169903e+01 8.655124e+02
    endloop
  endfacet
  facet normal 6.782871e-01 -7.053980e-01 2.057676e-01
    outer loop
      vertex   -1.304324e+02 9.277034e+01 8.659224e+02
      vertex   -1.314222e+02 9.169903e+01 8.655124e+02
      vertex   -1.313312e+02 9.169903e+01 8.652125e+02
    endloop
  endfacet
  facet normal 7.397770e-01 -6.688975e-01 7.284244e-02
    outer loop
      vertex   -1.304324e+02 9.277034e+01 8.659224e+02
      vertex   -1.313312e+02 9.169903e+01 8.652125e+02
      vertex   -1.313005e+02 9.169903e+01 8.649005e+02
    endloop
  endfacet
  facet normal 6.021842e-01 -6.895485e-01 4.023643e-01
    outer loop
      vertex   -1.304324e+02 9.277034e+01 8.659224e+02
      vertex   -1.310113e+02 9.277034e+01 8.667887e+02
      vertex   -1.315700e+02 9.169903e+01 8.657889e+02
    endloop
  endfacet
  facet normal 5.763806e-01 -7.207397e-01 3.851230e-01
    outer loop
      vertex   -1.304324e+02 9.277034e+01 8.659224e+02
      vertex   -1.297029e+02 9.375813e+01 8.666791e+02
      vertex   -1.310113e+02 9.277034e+01 8.667887e+02
    endloop
  endfacet
  facet normal 7.002144e-01 -7.002144e-01 -1.392822e-01
    outer loop
      vertex   -1.304324e+02 9.277034e+01 7.878776e+02
      vertex   -1.291579e+02 9.384165e+01 7.888995e+02
      vertex   -1.313005e+02 9.169903e+01 7.888995e+02
    endloop
  endfacet
  facet normal 6.729186e-01 -7.366749e-01 -6.701253e-02
    outer loop
      vertex   -1.304324e+02 9.277034e+01 7.878776e+02
      vertex   -1.292818e+02 9.379829e+01 7.881318e+02
      vertex   -1.291579e+02 9.384165e+01 7.888995e+02
    endloop
  endfacet
  facet normal 6.764620e-01 -7.026539e-01 -2.206278e-01
    outer loop
      vertex   -1.304324e+02 9.277034e+01 7.878776e+02
      vertex   -1.295525e+02 9.376702e+01 7.874013e+02
      vertex   -1.292818e+02 9.379829e+01 7.881318e+02
    endloop
  endfacet
  facet normal 6.099541e-01 -7.083106e-01 -3.553197e-01
    outer loop
      vertex   -1.304324e+02 9.277034e+01 7.878776e+02
      vertex   -1.299604e+02 9.374941e+01 7.867362e+02
      vertex   -1.295525e+02 9.376702e+01 7.874013e+02
    endloop
  endfacet
  facet normal 7.397777e-01 -6.688968e-01 -7.284250e-02
    outer loop
      vertex   -1.304324e+02 9.277034e+01 7.878776e+02
      vertex   -1.313005e+02 9.169903e+01 7.888995e+02
      vertex   -1.313312e+02 9.169903e+01 7.885875e+02
    endloop
  endfacet
  facet normal 6.782828e-01 -7.053986e-01 -2.057794e-01
    outer loop
      vertex   -1.304324e+02 9.277034e+01 7.878776e+02
      vertex   -1.313312e+02 9.169903e+01 7.885875e+02
      vertex   -1.314222e+02 9.169903e+01 7.882876e+02
    endloop
  endfacet
  facet normal 6.251201e-01 -7.053974e-01 -3.341248e-01
    outer loop
      vertex   -1.304324e+02 9.277034e+01 7.878776e+02
      vertex   -1.314222e+02 9.169903e+01 7.882876e+02
      vertex   -1.315700e+02 9.169903e+01 7.880111e+02
    endloop
  endfacet
  facet normal 5.262550e-01 -7.003534e-01 -4.822455e-01
    outer loop
      vertex   -1.310113e+02 9.277034e+01 7.870113e+02
      vertex   -1.304901e+02 9.374639e+01 7.861626e+02
      vertex   -1.299604e+02 9.374941e+01 7.867362e+02
    endloop
  endfacet
  facet normal 4.039247e-01 -7.135065e-01 -5.724974e-01
    outer loop
      vertex   -1.310113e+02 9.277034e+01 7.870113e+02
      vertex   -1.311209e+02 9.375813e+01 7.857029e+02
      vertex   -1.304901e+02 9.374639e+01 7.861626e+02
    endloop
  endfacet
  facet normal 5.479358e-01 -7.053957e-01 -4.496480e-01
    outer loop
      vertex   -1.310113e+02 9.277034e+01 7.870113e+02
      vertex   -1.315700e+02 9.169903e+01 7.880111e+02
      vertex   -1.317688e+02 9.169903e+01 7.877688e+02
    endloop
  endfacet
  facet normal 4.496585e-01 -7.053959e-01 -5.479269e-01
    outer loop
      vertex   -1.310113e+02 9.277034e+01 7.870113e+02
      vertex   -1.317688e+02 9.169903e+01 7.877688e+02
      vertex   -1.320111e+02 9.169903e+01 7.875699e+02
    endloop
  endfacet
  facet normal 5.738456e-01 -7.236642e-01 -3.834207e-01
    outer loop
      vertex   -1.310113e+02 9.277034e+01 7.870113e+02
      vertex   -1.299604e+02 9.374941e+01 7.867362e+02
      vertex   -1.304324e+02 9.277034e+01 7.878776e+02
    endloop
  endfacet
  facet normal 6.021868e-01 -6.895504e-01 -4.023572e-01
    outer loop
      vertex   -1.310113e+02 9.277034e+01 7.870113e+02
      vertex   -1.304324e+02 9.277034e+01 7.878776e+02
      vertex   -1.315700e+02 9.169903e+01 7.880111e+02
    endloop
  endfacet
  facet normal 2.794686e-01 -6.997094e-01 -6.574983e-01
    outer loop
      vertex   -1.318776e+02 9.277034e+01 7.864324e+02
      vertex   -1.318281e+02 9.378399e+01 7.853748e+02
      vertex   -1.311209e+02 9.375813e+01 7.857029e+02
    endloop
  endfacet
  facet normal 1.517174e-01 -7.171541e-01 -6.801999e-01
    outer loop
      vertex   -1.318776e+02 9.277034e+01 7.864324e+02
      vertex   -1.323567e+02 9.380997e+01 7.852295e+02
      vertex   -1.318281e+02 9.378399e+01 7.853748e+02
    endloop
  endfacet
  facet normal 4.387454e-02 -7.471668e-01 -6.631869e-01
    outer loop
      vertex   -1.318776e+02 9.277034e+01 7.864324e+02
      vertex   -1.328995e+02 9.384165e+01 7.851579e+02
      vertex   -1.323567e+02 9.380997e+01 7.852295e+02
    endloop
  endfacet
  facet normal 1.392810e-01 -7.002145e-01 -7.002145e-01
    outer loop
      vertex   -1.318776e+02 9.277034e+01 7.864324e+02
      vertex   -1.328995e+02 9.169903e+01 7.873005e+02
      vertex   -1.328995e+02 9.384165e+01 7.851579e+02
    endloop
  endfacet
  facet normal 3.341069e-01 -7.053998e-01 -6.251269e-01
    outer loop
      vertex   -1.318776e+02 9.277034e+01 7.864324e+02
      vertex   -1.320111e+02 9.169903e+01 7.875699e+02
      vertex   -1.322876e+02 9.169903e+01 7.874222e+02
    endloop
  endfacet
  facet normal 2.057733e-01 -7.053992e-01 -6.782841e-01
    outer loop
      vertex   -1.318776e+02 9.277034e+01 7.864324e+02
      vertex   -1.322876e+02 9.169903e+01 7.874222e+02
      vertex   -1.325875e+02 9.169903e+01 7.873312e+02
    endloop
  endfacet
  facet normal 7.284458e-02 -6.688982e-01 -7.397762e-01
    outer loop
      vertex   -1.318776e+02 9.277034e+01 7.864324e+02
      vertex   -1.325875e+02 9.169903e+01 7.873312e+02
      vertex   -1.328995e+02 9.169903e+01 7.873005e+02
    endloop
  endfacet
  facet normal 4.023613e-01 -6.895485e-01 -6.021863e-01
    outer loop
      vertex   -1.318776e+02 9.277034e+01 7.864324e+02
      vertex   -1.310113e+02 9.277034e+01 7.870113e+02
      vertex   -1.320111e+02 9.169903e+01 7.875699e+02
    endloop
  endfacet
  facet normal 3.851203e-01 -7.207393e-01 -5.763829e-01
    outer loop
      vertex   -1.318776e+02 9.277034e+01 7.864324e+02
      vertex   -1.311209e+02 9.375813e+01 7.857029e+02
      vertex   -1.310113e+02 9.277034e+01 7.870113e+02
    endloop
  endfacet
  facet normal 7.071068e-01 -7.071068e-01 0.000000e+00
    outer loop
      vertex   -1.291500e+02 9.384950e+01 7.891500e+02
      vertex   -1.291500e+02 9.384950e+01 8.229005e+02
      vertex   -1.313005e+02 9.169903e+01 8.229005e+02
    endloop
  endfacet
  facet normal 7.071068e-01 -7.071068e-01 0.000000e+00
    outer loop
      vertex   -1.313005e+02 9.169903e+01 7.888995e+02
      vertex   -1.291579e+02 9.384165e+01 7.888995e+02
      vertex   -1.291500e+02 9.384950e+01 7.891500e+02
    endloop
  endfacet
  facet normal 7.071068e-01 -7.071068e-01 0.000000e+00
    outer loop
      vertex   -1.313005e+02 9.169903e+01 7.888995e+02
      vertex   -1.291500e+02 9.384950e+01 7.891500e+02
      vertex   -1.313005e+02 9.169903e+01 8.229005e+02
    endloop
  endfacet
  facet normal 4.988106e-01 -8.315171e-01 2.444736e-01
    outer loop
      vertex   -1.291500e+02 9.396015e+01 8.238181e+02
      vertex   -1.291500e+02 9.410000e+01 8.242938e+02
      vertex   -1.295013e+02 9.410000e+01 8.250105e+02
    endloop
  endfacet
  facet normal 1.392833e-01 -7.002129e-01 7.002157e-01
    outer loop
      vertex   -1.318282e+02 9.289951e+01 8.254869e+02
      vertex   -1.328995e+02 9.409950e+01 8.269000e+02
      vertex   -1.328995e+02 9.169903e+01 8.244995e+02
    endloop
  endfacet
  facet normal 5.959839e-03 -7.599940e-01 6.499027e-01
    outer loop
      vertex   -1.318282e+02 9.289951e+01 8.254869e+02
      vertex   -1.328363e+02 9.410000e+01 8.269000e+02
      vertex   -1.328995e+02 9.409950e+01 8.269000e+02
    endloop
  endfacet
  facet normal 7.876503e-02 -7.313145e-01 6.774771e-01
    outer loop
      vertex   -1.318282e+02 9.289951e+01 8.254869e+02
      vertex   -1.320435e+02 9.410000e+01 8.268078e+02
      vertex   -1.328363e+02 9.410000e+01 8.269000e+02
    endloop
  endfacet
  facet normal 2.205558e-01 -7.036523e-01 6.754469e-01
    outer loop
      vertex   -1.318282e+02 9.289951e+01 8.254869e+02
      vertex   -1.312847e+02 9.410000e+01 8.265601e+02
      vertex   -1.320435e+02 9.410000e+01 8.268078e+02
    endloop
  endfacet
  facet normal 3.483997e-01 -7.074350e-01 6.149418e-01
    outer loop
      vertex   -1.318282e+02 9.289951e+01 8.254869e+02
      vertex   -1.305903e+02 9.410000e+01 8.261666e+02
      vertex   -1.312847e+02 9.410000e+01 8.265601e+02
    endloop
  endfacet
  facet normal 7.264402e-02 -6.714173e-01 7.375104e-01
    outer loop
      vertex   -1.318282e+02 9.289951e+01 8.254869e+02
      vertex   -1.328995e+02 9.169903e+01 8.244995e+02
      vertex   -1.325875e+02 9.169903e+01 8.244688e+02
    endloop
  endfacet
  facet normal 2.057731e-01 -7.053998e-01 6.782835e-01
    outer loop
      vertex   -1.318282e+02 9.289951e+01 8.254869e+02
      vertex   -1.325875e+02 9.169903e+01 8.244688e+02
      vertex   -1.322876e+02 9.169903e+01 8.243778e+02
    endloop
  endfacet
  facet normal 3.341065e-01 -7.054007e-01 6.251262e-01
    outer loop
      vertex   -1.318282e+02 9.289951e+01 8.254869e+02
      vertex   -1.322876e+02 9.169903e+01 8.243778e+02
      vertex   -1.320111e+02 9.169903e+01 8.242301e+02
    endloop
  endfacet
  facet normal 4.663246e-01 -7.032161e-01 5.366828e-01
    outer loop
      vertex   -1.309199e+02 9.289951e+01 8.248801e+02
      vertex   -1.299878e+02 9.410000e+01 8.256431e+02
      vertex   -1.305903e+02 9.410000e+01 8.261666e+02
    endloop
  endfacet
  facet normal 5.596770e-01 -7.081597e-01 4.304318e-01
    outer loop
      vertex   -1.309199e+02 9.289951e+01 8.248801e+02
      vertex   -1.295013e+02 9.410000e+01 8.250105e+02
      vertex   -1.299878e+02 9.410000e+01 8.256431e+02
    endloop
  endfacet
  facet normal 4.496577e-01 -7.053970e-01 5.479260e-01
    outer loop
      vertex   -1.309199e+02 9.289951e+01 8.248801e+02
      vertex   -1.320111e+02 9.169903e+01 8.242301e+02
      vertex   -1.317688e+02 9.169903e+01 8.240312e+02
    endloop
  endfacet
  facet normal 5.479257e-01 -7.053974e-01 4.496575e-01
    outer loop
      vertex   -1.309199e+02 9.289951e+01 8.248801e+02
      vertex   -1.317688e+02 9.169903e+01 8.240312e+02
      vertex   -1.315700e+02 9.169903e+01 8.237889e+02
    endloop
  endfacet
  facet normal 3.843644e-01 -7.220459e-01 5.752510e-01
    outer loop
      vertex   -1.309199e+02 9.289951e+01 8.248801e+02
      vertex   -1.305903e+02 9.410000e+01 8.261666e+02
      vertex   -1.318282e+02 9.289951e+01 8.254869e+02
    endloop
  endfacet
  facet normal 4.017412e-01 -6.907193e-01 6.012576e-01
    outer loop
      vertex   -1.309199e+02 9.289951e+01 8.248801e+02
      vertex   -1.318282e+02 9.289951e+01 8.254869e+02
      vertex   -1.320111e+02 9.169903e+01 8.242301e+02
    endloop
  endfacet
  facet normal 6.567596e-01 -7.527232e-01 4.554795e-02
    outer loop
      vertex   -1.303131e+02 9.289951e+01 8.239718e+02
      vertex   -1.291500e+02 9.384950e+01 8.229005e+02
      vertex   -1.291500e+02 9.387706e+01 8.233560e+02
    endloop
  endfacet
  facet normal 6.774171e-01 -7.239903e-01 1.301692e-01
    outer loop
      vertex   -1.303131e+02 9.289951e+01 8.239718e+02
      vertex   -1.291500e+02 9.387706e+01 8.233560e+02
      vertex   -1.291500e+02 9.396015e+01 8.238181e+02
    endloop
  endfacet
  facet normal 7.002140e-01 -7.002140e-01 1.392861e-01
    outer loop
      vertex   -1.303131e+02 9.289951e+01 8.239718e+02
      vertex   -1.313005e+02 9.169903e+01 8.229005e+02
      vertex   -1.291500e+02 9.384950e+01 8.229005e+02
    endloop
  endfacet
  facet normal 6.251214e-01 -7.053959e-01 3.341255e-01
    outer loop
      vertex   -1.303131e+02 9.289951e+01 8.239718e+02
      vertex   -1.315700e+02 9.169903e+01 8.237889e+02
      vertex   -1.314222e+02 9.169903e+01 8.235124e+02
    endloop
  endfacet
  facet normal 6.782869e-01 -7.053963e-01 2.057741e-01
    outer loop
      vertex   -1.303131e+02 9.289951e+01 8.239718e+02
      vertex   -1.314222e+02 9.169903e+01 8.235124e+02
      vertex   -1.313312e+02 9.169903e+01 8.232125e+02
    endloop
  endfacet
  facet normal 7.375227e-01 -6.714064e-01 7.262046e-02
    outer loop
      vertex   -1.303131e+02 9.289951e+01 8.239718e+02
      vertex   -1.313312e+02 9.169903e+01 8.232125e+02
      vertex   -1.313005e+02 9.169903e+01 8.229005e+02
    endloop
  endfacet
  facet normal 5.754546e-01 -7.218145e-01 3.844944e-01
    outer loop
      vertex   -1.303131e+02 9.289951e+01 8.239718e+02
      vertex   -1.295013e+02 9.410000e+01 8.250105e+02
      vertex   -1.309199e+02 9.289951e+01 8.248801e+02
    endloop
  endfacet
  facet normal 6.012609e-01 -6.907189e-01 4.017371e-01
    outer loop
      vertex   -1.303131e+02 9.289951e+01 8.239718e+02
      vertex   -1.309199e+02 9.289951e+01 8.248801e+02
      vertex   -1.315700e+02 9.169903e+01 8.237889e+02
    endloop
  endfacet
  facet normal 6.671000e-01 -6.913119e-01 2.776065e-01
    outer loop
      vertex   -1.303131e+02 9.289951e+01 8.239718e+02
      vertex   -1.291500e+02 9.396015e+01 8.238181e+02
      vertex   -1.295013e+02 9.410000e+01 8.250105e+02
    endloop
  endfacet
  facet normal 0.000000e+00 -1.000000e+00 0.000000e+00
    outer loop
      vertex   -1.320435e+02 9.410000e+01 8.268078e+02
      vertex   -1.320435e+02 9.410000e+01 8.269922e+02
      vertex   -1.328363e+02 9.410000e+01 8.269000e+02
    endloop
  endfacet
  facet normal 0.000000e+00 -1.000000e+00 0.000000e+00
    outer loop
      vertex   -1.312847e+02 9.410000e+01 8.272399e+02
      vertex   -1.320435e+02 9.410000e+01 8.269922e+02
      vertex   -1.320435e+02 9.410000e+01 8.268078e+02
    endloop
  endfacet
  facet normal 0.000000e+00 -1.000000e+00 0.000000e+00
    outer loop
      vertex   -1.312847e+02 9.410000e+01 8.265601e+02
      vertex   -1.305903e+02 9.410000e+01 8.276334e+02
      vertex   -1.312847e+02 9.410000e+01 8.272399e+02
    endloop
  endfacet
  facet normal 0.000000e+00 -1.000000e+00 0.000000e+00
    outer loop
      vertex   -1.312847e+02 9.410000e+01 8.265601e+02
      vertex   -1.312847e+02 9.410000e+01 8.272399e+02
      vertex   -1.320435e+02 9.410000e+01 8.268078e+02
    endloop
  endfacet
  facet normal 0.000000e+00 -1.000000e+00 0.000000e+00
    outer loop
      vertex   -1.305903e+02 9.410000e+01 8.261666e+02
      vertex   -1.299878e+02 9.410000e+01 8.281569e+02
      vertex   -1.305903e+02 9.410000e+01 8.276334e+02
    endloop
  endfacet
  facet normal 0.000000e+00 -1.000000e+00 0.000000e+00
    outer loop
      vertex   -1.305903e+02 9.410000e+01 8.261666e+02
      vertex   -1.305903e+02 9.410000e+01 8.276334e+02
      vertex   -1.312847e+02 9.410000e+01 8.265601e+02
    endloop
  endfacet
  facet normal 0.000000e+00 -1.000000e+00 0.000000e+00
    outer loop
      vertex   -1.299878e+02 9.410000e+01 8.256431e+02
      vertex   -1.295013e+02 9.410000e+01 8.287895e+02
      vertex   -1.299878e+02 9.410000e+01 8.281569e+02
    endloop
  endfacet
  facet normal 0.000000e+00 -1.000000e+00 0.000000e+00
    outer loop
      vertex   -1.299878e+02 9.410000e+01 8.256431e+02
      vertex   -1.299878e+02 9.410000e+01 8.281569e+02
      vertex   -1.305903e+02 9.410000e+01 8.261666e+02
    endloop
  endfacet
  facet normal 0.000000e+00 -1.000000e+00 0.000000e+00
    outer loop
      vertex   -1.295013e+02 9.410000e+01 8.250105e+02
      vertex   -1.295013e+02 9.410000e+01 8.287895e+02
      vertex   -1.299878e+02 9.410000e+01 8.256431e+02
    endloop
  endfacet
  facet normal 0.000000e+00 -1.000000e+00 0.000000e+00
    outer loop
      vertex   -1.291500e+02 9.410000e+01 8.242938e+02
      vertex   -1.291500e+02 9.410000e+01 8.295062e+02
      vertex   -1.295013e+02 9.410000e+01 8.287895e+02
    endloop
  endfacet
  facet normal 0.000000e+00 -1.000000e+00 0.000000e+00
    outer loop
      vertex   -1.291500e+02 9.410000e+01 8.242938e+02
      vertex   -1.295013e+02 9.410000e+01 8.287895e+02
      vertex   -1.295013e+02 9.410000e+01 8.250105e+02
    endloop
  endfacet
  facet normal 7.002140e-01 -7.002140e-01 -1.392861e-01
    outer loop
      vertex   -1.303131e+02 9.289951e+01 8.298282e+02
      vertex   -1.291500e+02 9.384950e+01 8.308995e+02
      vertex   -1.313005e+02 9.169903e+01 8.308995e+02
    endloop
  endfacet
  facet normal 6.776870e-01 -7.089488e-01 -1.952739e-01
    outer loop
      vertex   -1.303131e+02 9.289951e+01 8.298282e+02
      vertex   -1.291500e+02 9.410000e+01 8.295062e+02
      vertex   -1.291500e+02 9.392623e+01 8.301371e+02
    endloop
  endfacet
  facet normal 6.740195e-01 -7.305043e-01 -1.098229e-01
    outer loop
      vertex   -1.303131e+02 9.289951e+01 8.298282e+02
      vertex   -1.291500e+02 9.392623e+01 8.301371e+02
      vertex   -1.291500e+02 9.386863e+01 8.305202e+02
    endloop
  endfacet
  facet normal 6.529705e-01 -7.564216e-01 -3.815489e-02
    outer loop
      vertex   -1.303131e+02 9.289951e+01 8.298282e+02
      vertex   -1.291500e+02 9.386863e+01 8.305202e+02
      vertex   -1.291500e+02 9.384950e+01 8.308995e+02
    endloop
  endfacet
  facet normal 6.387629e-01 -7.028292e-01 -3.130703e-01
    outer loop
      vertex   -1.303131e+02 9.289951e+01 8.298282e+02
      vertex   -1.295013e+02 9.410000e+01 8.287895e+02
      vertex   -1.291500e+02 9.410000e+01 8.295062e+02
    endloop
  endfacet
  facet normal 7.375216e-01 -6.714074e-01 -7.262257e-02
    outer loop
      vertex   -1.303131e+02 9.289951e+01 8.298282e+02
      vertex   -1.313005e+02 9.169903e+01 8.308995e+02
      vertex   -1.313312e+02 9.169903e+01 8.305875e+02
    endloop
  endfacet
  facet normal 6.782861e-01 -7.053971e-01 -2.057739e-01
    outer loop
      vertex   -1.303131e+02 9.289951e+01 8.298282e+02
      vertex   -1.313312e+02 9.169903e+01 8.305875e+02
      vertex   -1.314222e+02 9.169903e+01 8.302876e+02
    endloop
  endfacet
  facet normal 6.251202e-01 -7.053972e-01 -3.341249e-01
    outer loop
      vertex   -1.303131e+02 9.289951e+01 8.298282e+02
      vertex   -1.314222e+02 9.169903e+01 8.302876e+02
      vertex   -1.315700e+02 9.169903e+01 8.300111e+02
    endloop
  endfacet
  facet normal 5.596783e-01 -7.081580e-01 -4.304329e-01
    outer loop
      vertex   -1.309199e+02 9.289951e+01 8.289199e+02
      vertex   -1.299878e+02 9.410000e+01 8.281569e+02
      vertex   -1.295013e+02 9.410000e+01 8.287895e+02
    endloop
  endfacet
  facet normal 4.663260e-01 -7.032140e-01 -5.366844e-01
    outer loop
      vertex   -1.309199e+02 9.289951e+01 8.289199e+02
      vertex   -1.305903e+02 9.410000e+01 8.276334e+02
      vertex   -1.299878e+02 9.410000e+01 8.281569e+02
    endloop
  endfacet
  facet normal 5.479243e-01 -7.053992e-01 -4.496564e-01
    outer loop
      vertex   -1.309199e+02 9.289951e+01 8.289199e+02
      vertex   -1.315700e+02 9.169903e+01 8.300111e+02
      vertex   -1.317688e+02 9.169903e+01 8.297688e+02
    endloop
  endfacet
  facet normal 4.496564e-01 -7.053992e-01 -5.479243e-01
    outer loop
      vertex   -1.309199e+02 9.289951e+01 8.289199e+02
      vertex   -1.317688e+02 9.169903e+01 8.297688e+02
      vertex   -1.320111e+02 9.169903e+01 8.295700e+02
    endloop
  endfacet
  facet normal 5.754558e-01 -7.218130e-01 -3.844952e-01
    outer loop
      vertex   -1.309199e+02 9.289951e+01 8.289199e+02
      vertex   -1.295013e+02 9.410000e+01 8.287895e+02
      vertex   -1.303131e+02 9.289951e+01 8.298282e+02
    endloop
  endfacet
  facet normal 6.012596e-01 -6.907206e-01 -4.017362e-01
    outer loop
      vertex   -1.309199e+02 9.289951e+01 8.289199e+02
      vertex   -1.303131e+02 9.289951e+01 8.298282e+02
      vertex   -1.315700e+02 9.169903e+01 8.300111e+02
    endloop
  endfacet
  facet normal 3.484050e-01 -7.074372e-01 -6.149362e-01
    outer loop
      vertex   -1.318282e+02 9.289951e+01 8.283131e+02
      vertex   -1.312847e+02 9.410000e+01 8.272399e+02
      vertex   -1.305903e+02 9.410000e+01 8.276334e+02
    endloop
  endfacet
  facet normal 2.205550e-01 -7.036550e-01 -6.754444e-01
    outer loop
      vertex   -1.318282e+02 9.289951e+01 8.283131e+02
      vertex   -1.320435e+02 9.410000e+01 8.269922e+02
      vertex   -1.312847e+02 9.410000e+01 8.272399e+02
    endloop
  endfacet
  facet normal 7.876472e-02 -7.313170e-01 -6.774744e-01
    outer loop
      vertex   -1.318282e+02 9.289951e+01 8.283131e+02
      vertex   -1.328363e+02 9.410000e+01 8.269000e+02
      vertex   -1.320435e+02 9.410000e+01 8.269922e+02
    endloop
  endfacet
  facet normal 5.959855e-03 -7.599962e-01 -6.499002e-01
    outer loop
      vertex   -1.318282e+02 9.289951e+01 8.283131e+02
      vertex   -1.328995e+02 9.409950e+01 8.269000e+02
      vertex   -1.328363e+02 9.410000e+01 8.269000e+02
    endloop
  endfacet
  facet normal 1.392861e-01 -7.002140e-01 -7.002140e-01
    outer loop
      vertex   -1.318282e+02 9.289951e+01 8.283131e+02
      vertex   -1.328995e+02 9.169903e+01 8.293005e+02
      vertex   -1.328995e+02 9.409950e+01 8.269000e+02
    endloop
  endfacet
  facet normal 3.341249e-01 -7.053972e-01 -6.251202e-01
    outer loop
      vertex   -1.318282e+02 9.289951e+01 8.283131e+02
      vertex   -1.320111e+02 9.169903e+01 8.295700e+02
      vertex   -1.322876e+02 9.169903e+01 8.294222e+02
    endloop
  endfacet
  facet normal 2.057739e-01 -7.053971e-01 -6.782861e-01
    outer loop
      vertex   -1.318282e+02 9.289951e+01 8.283131e+02
      vertex   -1.322876e+02 9.169903e+01 8.294222e+02
      vertex   -1.325875e+02 9.169903e+01 8.293312e+02
    endloop
  endfacet
  facet normal 7.262257e-02 -6.714074e-01 -7.375216e-01
    outer loop
      vertex   -1.318282e+02 9.289951e+01 8.283131e+02
      vertex   -1.325875e+02 9.169903e+01 8.293312e+02
      vertex   -1.328995e+02 9.169903e+01 8.293005e+02
    endloop
  endfacet
  facet normal 3.843610e-01 -7.220446e-01 -5.752549e-01
    outer loop
      vertex   -1.318282e+02 9.289951e+01 8.283131e+02
      vertex   -1.305903e+02 9.410000e+01 8.276334e+02
      vertex   -1.309199e+02 9.289951e+01 8.289199e+02
    endloop
  endfacet
  facet normal 4.017362e-01 -6.907206e-01 -6.012596e-01
    outer loop
      vertex   -1.318282e+02 9.289951e+01 8.283131e+02
      vertex   -1.309199e+02 9.289951e+01 8.289199e+02
      vertex   -1.320111e+02 9.169903e+01 8.295700e+02
    endloop
  endfacet
  facet normal -9.799151e-02 0.000000e+00 -9.951873e-01
    outer loop
      vertex   -1.672125e+02 9.169903e+01 7.873312e+02
      vertex   -1.669005e+02 9.169903e+01 7.873005e+02
      vertex   -1.669005e+02 8.989902e+01 7.873005e+02
    endloop
  endfacet
  facet normal -9.799151e-02 -0.000000e+00 -9.951873e-01
    outer loop
      vertex   -1.672125e+02 9.169903e+01 7.873312e+02
      vertex   -1.669005e+02 8.989902e+01 7.873005e+02
      vertex   -1.672125e+02 8.989902e+01 7.873312e+02
    endloop
  endfacet
  facet normal -2.903164e-01 -0.000000e+00 -9.569307e-01
    outer loop
      vertex   -1.675124e+02 9.169903e+01 7.874222e+02
      vertex   -1.672125e+02 8.989902e+01 7.873312e+02
      vertex   -1.675124e+02 8.989902e+01 7.874222e+02
    endloop
  endfacet
  facet normal -2.903164e-01 0.000000e+00 -9.569307e-01
    outer loop
      vertex   -1.675124e+02 9.169903e+01 7.874222e+02
      vertex   -1.672125e+02 9.169903e+01 7.873312e+02
      vertex   -1.672125e+02 8.989902e+01 7.873312e+02
    endloop
  endfacet
  facet normal -4.713634e-01 -0.000000e+00 -8.819391e-01
    outer loop
      vertex   -1.677889e+02 9.169903e+01 7.875699e+02
      vertex   -1.675124e+02 8.989902e+01 7.874222e+02
      vertex   -1.677889e+02 8.989902e+01 7.875699e+02
    endloop
  endfacet
  facet normal -4.713634e-01 0.000000e+00 -8.819391e-01
    outer loop
      vertex   -1.677889e+02 9.169903e+01 7.875699e+02
      vertex   -1.675124e+02 9.169903e+01 7.874222e+02
      vertex   -1.675124e+02 8.989902e+01 7.874222e+02
    endloop
  endfacet
  facet normal -6.343968e-01 -0.000000e+00 -7.730076e-01
    outer loop
      vertex   -1.680312e+02 9.169903e+01 7.877688e+02
      vertex   -1.677889e+02 8.989902e+01 7.875699e+02
      vertex   -1.680312e+02 8.989902e+01 7.877688e+02
    endloop
  endfacet
  facet normal -7.730321e-01 -0.000000e+00 -6.343670e-01
    outer loop
      vertex   -1.680312e+02 9.169903e+01 7.877688e+02
      vertex   -1.680312e+02 8.989902e+01 7.877688e+02
      vertex   -1.682300e+02 8.989902e+01 7.880111e+02
    endloop
  endfacet
  facet normal -6.343968e-01 0.000000e+00 -7.730076e-01
    outer loop
      vertex   -1.680312e+02 9.169903e+01 7.877688e+02
      vertex   -1.677889e+02 9.169903e+01 7.875699e+02
      vertex   -1.677889e+02 8.989902e+01 7.875699e+02
    endloop
  endfacet
  facet normal -7.730321e-01 -0.000000e+00 -6.343670e-01
    outer loop
      vertex   -1.682300e+02 9.169903e+01 7.880111e+02
      vertex   -1.680312e+02 9.169903e+01 7.877688e+02
      vertex   -1.682300e+02 8.989902e+01 7.880111e+02
    endloop
  endfacet
  facet normal -8.819264e-01 -0.000000e+00 -4.713871e-01
    outer loop
      vertex   -1.683778e+02 9.169903e+01 7.882876e+02
      vertex   -1.682300e+02 8.989902e+01 7.880111e+02
      vertex   -1.683778e+02 8.989902e+01 7.882876e+02
    endloop
  endfacet
  facet normal -8.819264e-01 0.000000e+00 -4.713871e-01
    outer loop
      vertex   -1.683778e+02 9.169903e+01 7.882876e+02
      vertex   -1.682300e+02 9.169903e+01 7.880111e+02
      vertex   -1.682300e+02 8.989902e+01 7.880111e+02
    endloop
  endfacet
  facet normal -9.569307e-01 -0.000000e+00 -2.903164e-01
    outer loop
      vertex   -1.684688e+02 9.169903e+01 7.885875e+02
      vertex   -1.683778e+02 8.989902e+01 7.882876e+02
      vertex   -1.684688e+02 8.989902e+01 7.885875e+02
    endloop
  endfacet
  facet normal -9.569307e-01 0.000000e+00 -2.903164e-01
    outer loop
      vertex   -1.684688e+02 9.169903e+01 7.885875e+02
      vertex   -1.683778e+02 9.169903e+01 7.882876e+02
      vertex   -1.683778e+02 8.989902e+01 7.882876e+02
    endloop
  endfacet
  facet normal -9.951843e-01 -0.000000e+00 -9.802164e-02
    outer loop
      vertex   -1.684995e+02 9.169903e+01 7.888995e+02
      vertex   -1.684688e+02 8.989902e+01 7.885875e+02
      vertex   -1.684995e+02 8.989902e+01 7.888995e+02
    endloop
  endfacet
  facet normal -9.951843e-01 0.000000e+00 -9.802164e-02
    outer loop
      vertex   -1.684995e+02 9.169903e+01 7.888995e+02
      vertex   -1.684688e+02 9.169903e+01 7.885875e+02
      vertex   -1.684688e+02 8.989902e+01 7.885875e+02
    endloop
  endfacet
  facet normal 0.000000e+00 0.000000e+00 -1.000000e+00
    outer loop
      vertex   -1.669005e+02 9.169903e+01 7.873005e+02
      vertex   -1.328995e+02 9.169903e+01 7.873005e+02
      vertex   -1.328995e+02 8.989902e+01 7.873005e+02
    endloop
  endfacet
  facet normal 0.000000e+00 0.000000e+00 -1.000000e+00
    outer loop
      vertex   -1.669005e+02 9.169903e+01 7.873005e+02
      vertex   -1.328995e+02 8.989902e+01 7.873005e+02
      vertex   -1.669005e+02 8.989902e+01 7.873005e+02
    endloop
  endfacet
  facet normal -7.071068e-01 -7.071068e-01 -0.000000e+00
    outer loop
      vertex   -1.677005e+02 8.910000e+01 8.229005e+02
      vertex   -1.684995e+02 8.989902e+01 7.888995e+02
      vertex   -1.677005e+02 8.910000e+01 7.888995e+02
    endloop
  endfacet
  facet normal -7.071068e-01 -7.071068e-01 0.000000e+00
    outer loop
      vertex   -1.677005e+02 8.910000e+01 8.229005e+02
      vertex   -1.684995e+02 8.989902e+01 8.229005e+02
      vertex   -1.684995e+02 8.989902e+01 7.888995e+02
    endloop
  endfacet
  facet normal 0.000000e+00 0.000000e+00 1.000000e+00
    outer loop
      vertex   -1.328995e+02 9.169903e+01 8.244995e+02
      vertex   -1.669005e+02 9.169903e+01 8.244995e+02
      vertex   -1.669005e+02 8.989902e+01 8.244995e+02
    endloop
  endfacet
  facet normal 0.000000e+00 0.000000e+00 1.000000e+00
    outer loop
      vertex   -1.328995e+02 9.169903e+01 8.244995e+02
      vertex   -1.669005e+02 8.989902e+01 8.244995e+02
      vertex   -1.328995e+02 8.989902e+01 8.244995e+02
    endloop
  endfacet
  facet normal -7.002149e-01 -7.002149e-01 1.392778e-01
    outer loop
      vertex   -1.680087e+02 8.949951e+01 8.233595e+02
      vertex   -1.684995e+02 8.989902e+01 8.229005e+02
      vertex   -1.677005e+02 8.910000e+01 8.229005e+02
    endloop
  endfacet
  facet normal -6.661114e-01 -7.429609e-01 6.560929e-02
    outer loop
      vertex   -1.680087e+02 8.949951e+01 8.233595e+02
      vertex   -1.684688e+02 8.989902e+01 8.232125e+02
      vertex   -1.684995e+02 8.989902e+01 8.229005e+02
    endloop
  endfacet
  facet normal -6.782918e-01 -7.053911e-01 2.057756e-01
    outer loop
      vertex   -1.680087e+02 8.949951e+01 8.233595e+02
      vertex   -1.683778e+02 8.989902e+01 8.235124e+02
      vertex   -1.684688e+02 8.989902e+01 8.232125e+02
    endloop
  endfacet
  facet normal -6.251245e-01 -7.053923e-01 3.341272e-01
    outer loop
      vertex   -1.680087e+02 8.949951e+01 8.233595e+02
      vertex   -1.682300e+02 8.989902e+01 8.237889e+02
      vertex   -1.683778e+02 8.989902e+01 8.235124e+02
    endloop
  endfacet
  facet normal -7.469582e-01 -6.607873e-01 7.357755e-02
    outer loop
      vertex   -1.680087e+02 8.949951e+01 8.233595e+02
      vertex   -1.677005e+02 8.910000e+01 8.229005e+02
      vertex   -1.676851e+02 8.910000e+01 8.230566e+02
    endloop
  endfacet
  facet normal -6.782878e-01 -7.054015e-01 2.057533e-01
    outer loop
      vertex   -1.680087e+02 8.949951e+01 8.233595e+02
      vertex   -1.676851e+02 8.910000e+01 8.230566e+02
      vertex   -1.676396e+02 8.910000e+01 8.232067e+02
    endloop
  endfacet
  facet normal -6.251066e-01 -7.053980e-01 3.341488e-01
    outer loop
      vertex   -1.680087e+02 8.949951e+01 8.233595e+02
      vertex   -1.676396e+02 8.910000e+01 8.232067e+02
      vertex   -1.675657e+02 8.910000e+01 8.233450e+02
    endloop
  endfacet
  facet normal -5.479225e-01 -7.054016e-01 4.496548e-01
    outer loop
      vertex   -1.677487e+02 8.949951e+01 8.237487e+02
      vertex   -1.680312e+02 8.989902e+01 8.240312e+02
      vertex   -1.682300e+02 8.989902e+01 8.237889e+02
    endloop
  endfacet
  facet normal -4.496642e-01 -7.054035e-01 5.479124e-01
    outer loop
      vertex   -1.677487e+02 8.949951e+01 8.237487e+02
      vertex   -1.677889e+02 8.989902e+01 8.242301e+02
      vertex   -1.680312e+02 8.989902e+01 8.240312e+02
    endloop
  endfacet
  facet normal -5.479301e-01 -7.053960e-01 4.496544e-01
    outer loop
      vertex   -1.677487e+02 8.949951e+01 8.237487e+02
      vertex   -1.675657e+02 8.910000e+01 8.233450e+02
      vertex   -1.674662e+02 8.910000e+01 8.234662e+02
    endloop
  endfacet
  facet normal -4.496544e-01 -7.053960e-01 5.479301e-01
    outer loop
      vertex   -1.677487e+02 8.949951e+01 8.237487e+02
      vertex   -1.674662e+02 8.910000e+01 8.234662e+02
      vertex   -1.673450e+02 8.910000e+01 8.235657e+02
    endloop
  endfacet
  facet normal -5.712285e-01 -7.266451e-01 3.816869e-01
    outer loop
      vertex   -1.677487e+02 8.949951e+01 8.237487e+02
      vertex   -1.682300e+02 8.989902e+01 8.237889e+02
      vertex   -1.680087e+02 8.949951e+01 8.233595e+02
    endloop
  endfacet
  facet normal -6.051296e-01 -6.858047e-01 4.043391e-01
    outer loop
      vertex   -1.677487e+02 8.949951e+01 8.237487e+02
      vertex   -1.680087e+02 8.949951e+01 8.233595e+02
      vertex   -1.675657e+02 8.910000e+01 8.233450e+02
    endloop
  endfacet
  facet normal -3.341100e-01 -7.053933e-01 6.251327e-01
    outer loop
      vertex   -1.673595e+02 8.949951e+01 8.240087e+02
      vertex   -1.675124e+02 8.989902e+01 8.243778e+02
      vertex   -1.677889e+02 8.989902e+01 8.242301e+02
    endloop
  endfacet
  facet normal -2.057815e-01 -7.053914e-01 6.782897e-01
    outer loop
      vertex   -1.673595e+02 8.949951e+01 8.240087e+02
      vertex   -1.672125e+02 8.989902e+01 8.244688e+02
      vertex   -1.675124e+02 8.989902e+01 8.243778e+02
    endloop
  endfacet
  facet normal -6.560921e-02 -7.429616e-01 6.661107e-01
    outer loop
      vertex   -1.673595e+02 8.949951e+01 8.240087e+02
      vertex   -1.669005e+02 8.989902e+01 8.244995e+02
      vertex   -1.672125e+02 8.989902e+01 8.244688e+02
    endloop
  endfacet
  facet normal -1.392806e-01 -7.002146e-01 7.002146e-01
    outer loop
      vertex   -1.673595e+02 8.949951e+01 8.240087e+02
      vertex   -1.669005e+02 8.910000e+01 8.237005e+02
      vertex   -1.669005e+02 8.989902e+01 8.244995e+02
    endloop
  endfacet
  facet normal -3.341488e-01 -7.053980e-01 6.251066e-01
    outer loop
      vertex   -1.673595e+02 8.949951e+01 8.240087e+02
      vertex   -1.673450e+02 8.910000e+01 8.235657e+02
      vertex   -1.672067e+02 8.910000e+01 8.236396e+02
    endloop
  endfacet
  facet normal -2.057533e-01 -7.054015e-01 6.782878e-01
    outer loop
      vertex   -1.673595e+02 8.949951e+01 8.240087e+02
      vertex   -1.672067e+02 8.910000e+01 8.236396e+02
      vertex   -1.670566e+02 8.910000e+01 8.236851e+02
    endloop
  endfacet
  facet normal -7.358185e-02 -6.607890e-01 7.469562e-01
    outer loop
      vertex   -1.673595e+02 8.949951e+01 8.240087e+02
      vertex   -1.670566e+02 8.910000e+01 8.236851e+02
      vertex   -1.669005e+02 8.910000e+01 8.237005e+02
    endloop
  endfacet
  facet normal -4.043391e-01 -6.858047e-01 6.051296e-01
    outer loop
      vertex   -1.673595e+02 8.949951e+01 8.240087e+02
      vertex   -1.677487e+02 8.949951e+01 8.237487e+02
      vertex   -1.673450e+02 8.910000e+01 8.235657e+02
    endloop
  endfacet
  facet normal -3.816831e-01 -7.266515e-01 5.712228e-01
    outer loop
      vertex   -1.673595e+02 8.949951e+01 8.240087e+02
      vertex   -1.677889e+02 8.989902e+01 8.242301e+02
      vertex   -1.677487e+02 8.949951e+01 8.237487e+02
    endloop
  endfacet
  facet normal 0.000000e+00 0.000000e+00 -1.000000e+00
    outer loop
      vertex   -1.669005e+02 9.169903e+01 8.293005e+02
      vertex   -1.328995e+02 9.169903e+01 8.293005e+02
      vertex   -1.328995e+02 8.989902e+01 8.293005e+02
    endloop
  endfacet
  facet normal 0.000000e+00 0.000000e+00 -1.000000e+00
    outer loop
      vertex   -1.669005e+02 9.169903e+01 8.293005e+02
      vertex   -1.328995e+02 8.989902e+01 8.293005e+02
      vertex   -1.669005e+02 8.989902e+01 8.293005e+02
    endloop
  endfacet
  facet normal -1.392806e-01 -7.002146e-01 -7.002146e-01
    outer loop
      vertex   -1.673595e+02 8.949951e+01 8.297913e+02
      vertex   -1.669005e+02 8.989902e+01 8.293005e+02
      vertex   -1.669005e+02 8.910000e+01 8.300995e+02
    endloop
  endfacet
  facet normal -6.558780e-02 -7.429731e-01 -6.661000e-01
    outer loop
      vertex   -1.673595e+02 8.949951e+01 8.297913e+02
      vertex   -1.672125e+02 8.989902e+01 8.293312e+02
      vertex   -1.669005e+02 8.989902e+01 8.293005e+02
    endloop
  endfacet
  facet normal -2.057792e-01 -7.053996e-01 -6.782820e-01
    outer loop
      vertex   -1.673595e+02 8.949951e+01 8.297913e+02
      vertex   -1.675124e+02 8.989902e+01 8.294222e+02
      vertex   -1.672125e+02 8.989902e+01 8.293312e+02
    endloop
  endfacet
  facet normal -3.341237e-01 -7.053998e-01 -6.251179e-01
    outer loop
      vertex   -1.673595e+02 8.949951e+01 8.297913e+02
      vertex   -1.677889e+02 8.989902e+01 8.295700e+02
      vertex   -1.675124e+02 8.989902e+01 8.294222e+02
    endloop
  endfacet
  facet normal -7.358185e-02 -6.607890e-01 -7.469562e-01
    outer loop
      vertex   -1.673595e+02 8.949951e+01 8.297913e+02
      vertex   -1.669005e+02 8.910000e+01 8.300995e+02
      vertex   -1.670566e+02 8.910000e+01 8.301149e+02
    endloop
  endfacet
  facet normal -2.057533e-01 -7.054015e-01 -6.782878e-01
    outer loop
      vertex   -1.673595e+02 8.949951e+01 8.297913e+02
      vertex   -1.670566e+02 8.910000e+01 8.301149e+02
      vertex   -1.672067e+02 8.910000e+01 8.301604e+02
    endloop
  endfacet
  facet normal -3.341144e-01 -7.053998e-01 -6.251229e-01
    outer loop
      vertex   -1.673595e+02 8.949951e+01 8.297913e+02
      vertex   -1.672067e+02 8.910000e+01 8.301604e+02
      vertex   -1.673450e+02 8.910000e+01 8.302343e+02
    endloop
  endfacet
  facet normal -4.496684e-01 -7.053969e-01 -5.479174e-01
    outer loop
      vertex   -1.677487e+02 8.949951e+01 8.300513e+02
      vertex   -1.680312e+02 8.989902e+01 8.297688e+02
      vertex   -1.677889e+02 8.989902e+01 8.295700e+02
    endloop
  endfacet
  facet normal -5.479266e-01 -7.053962e-01 -4.496582e-01
    outer loop
      vertex   -1.677487e+02 8.949951e+01 8.300513e+02
      vertex   -1.682300e+02 8.989902e+01 8.300111e+02
      vertex   -1.680312e+02 8.989902e+01 8.297688e+02
    endloop
  endfacet
  facet normal -4.496544e-01 -7.053960e-01 -5.479301e-01
    outer loop
      vertex   -1.677487e+02 8.949951e+01 8.300513e+02
      vertex   -1.673450e+02 8.910000e+01 8.302343e+02
      vertex   -1.674662e+02 8.910000e+01 8.303338e+02
    endloop
  endfacet
  facet normal -5.479301e-01 -7.053960e-01 -4.496544e-01
    outer loop
      vertex   -1.677487e+02 8.949951e+01 8.300513e+02
      vertex   -1.674662e+02 8.910000e+01 8.303338e+02
      vertex   -1.675657e+02 8.910000e+01 8.304550e+02
    endloop
  endfacet
  facet normal -3.816754e-01 -7.266483e-01 -5.712321e-01
    outer loop
      vertex   -1.677487e+02 8.949951e+01 8.300513e+02
      vertex   -1.677889e+02 8.989902e+01 8.295700e+02
      vertex   -1.673595e+02 8.949951e+01 8.297913e+02
    endloop
  endfacet
  facet normal -4.043309e-01 -6.858009e-01 -6.051394e-01
    outer loop
      vertex   -1.677487e+02 8.949951e+01 8.300513e+02
      vertex   -1.673595e+02 8.949951e+01 8.297913e+02
      vertex   -1.673450e+02 8.910000e+01 8.302343e+02
    endloop
  endfacet
  facet normal -6.251245e-01 -7.053923e-01 -3.341272e-01
    outer loop
      vertex   -1.680087e+02 8.949951e+01 8.304405e+02
      vertex   -1.683778e+02 8.989902e+01 8.302876e+02
      vertex   -1.682300e+02 8.989902e+01 8.300111e+02
    endloop
  endfacet
  facet normal -6.782918e-01 -7.053911e-01 -2.057756e-01
    outer loop
      vertex   -1.680087e+02 8.949951e+01 8.304405e+02
      vertex   -1.684688e+02 8.989902e+01 8.305875e+02
      vertex   -1.683778e+02 8.989902e+01 8.302876e+02
    endloop
  endfacet
  facet normal -6.661117e-01 -7.429605e-01 -6.561132e-02
    outer loop
      vertex   -1.680087e+02 8.949951e+01 8.304405e+02
      vertex   -1.684995e+02 8.989902e+01 8.308995e+02
      vertex   -1.684688e+02 8.989902e+01 8.305875e+02
    endloop
  endfacet
  facet normal -7.002146e-01 -7.002146e-01 -1.392806e-01
    outer loop
      vertex   -1.680087e+02 8.949951e+01 8.304405e+02
      vertex   -1.677005e+02 8.910000e+01 8.308995e+02
      vertex   -1.684995e+02 8.989902e+01 8.308995e+02
    endloop
  endfacet
  facet normal -6.251153e-01 -7.053990e-01 -3.341304e-01
    outer loop
      vertex   -1.680087e+02 8.949951e+01 8.304405e+02
      vertex   -1.675657e+02 8.910000e+01 8.304550e+02
      vertex   -1.676396e+02 8.910000e+01 8.305933e+02
    endloop
  endfacet
  facet normal -6.782836e-01 -7.054021e-01 -2.057651e-01
    outer loop
      vertex   -1.680087e+02 8.949951e+01 8.304405e+02
      vertex   -1.676396e+02 8.910000e+01 8.305933e+02
      vertex   -1.676851e+02 8.910000e+01 8.307434e+02
    endloop
  endfacet
  facet normal -7.469590e-01 -6.607863e-01 -7.357763e-02
    outer loop
      vertex   -1.680087e+02 8.949951e+01 8.304405e+02
      vertex   -1.676851e+02 8.910000e+01 8.307434e+02
      vertex   -1.677005e+02 8.910000e+01 8.308995e+02
    endloop
  endfacet
  facet normal -6.051362e-01 -6.858021e-01 -4.043336e-01
    outer loop
      vertex   -1.680087e+02 8.949951e+01 8.304405e+02
      vertex   -1.677487e+02 8.949951e+01 8.300513e+02
      vertex   -1.675657e+02 8.910000e+01 8.304550e+02
    endloop
  endfacet
  facet normal -5.712347e-01 -7.266429e-01 -3.816817e-01
    outer loop
      vertex   -1.680087e+02 8.949951e+01 8.304405e+02
      vertex   -1.682300e+02 8.989902e+01 8.300111e+02
      vertex   -1.677487e+02 8.949951e+01 8.300513e+02
    endloop
  endfacet
  facet normal -9.951843e-01 0.000000e+00 9.802164e-02
    outer loop
      vertex   -1.684688e+02 9.169903e+01 8.652125e+02
      vertex   -1.684995e+02 9.169903e+01 8.649005e+02
      vertex   -1.684995e+02 8.989902e+01 8.649005e+02
    endloop
  endfacet
  facet normal -9.951843e-01 0.000000e+00 9.802164e-02
    outer loop
      vertex   -1.684688e+02 9.169903e+01 8.652125e+02
      vertex   -1.684995e+02 8.989902e+01 8.649005e+02
      vertex   -1.684688e+02 8.989902e+01 8.652125e+02
    endloop
  endfacet
  facet normal -9.569358e-01 0.000000e+00 2.902995e-01
    outer loop
      vertex   -1.683778e+02 9.169903e+01 8.655124e+02
      vertex   -1.684688e+02 8.989902e+01 8.652125e+02
      vertex   -1.683778e+02 8.989902e+01 8.655124e+02
    endloop
  endfacet
  facet normal -9.569358e-01 0.000000e+00 2.902995e-01
    outer loop
      vertex   -1.683778e+02 9.169903e+01 8.655124e+02
      vertex   -1.684688e+02 9.169903e+01 8.652125e+02
      vertex   -1.684688e+02 8.989902e+01 8.652125e+02
    endloop
  endfacet
  facet normal -8.819264e-01 0.000000e+00 4.713871e-01
    outer loop
      vertex   -1.682300e+02 9.169903e+01 8.657889e+02
      vertex   -1.683778e+02 8.989902e+01 8.655124e+02
      vertex   -1.682300e+02 8.989902e+01 8.657889e+02
    endloop
  endfacet
  facet normal -8.819264e-01 0.000000e+00 4.713871e-01
    outer loop
      vertex   -1.682300e+02 9.169903e+01 8.657889e+02
      vertex   -1.683778e+02 9.169903e+01 8.655124e+02
      vertex   -1.683778e+02 8.989902e+01 8.655124e+02
    endloop
  endfacet
  facet normal -7.730076e-01 0.000000e+00 6.343968e-01
    outer loop
      vertex   -1.680312e+02 9.169903e+01 8.660312e+02
      vertex   -1.682300e+02 8.989902e+01 8.657889e+02
      vertex   -1.680312e+02 8.989902e+01 8.660312e+02
    endloop
  endfacet
  facet normal -7.730076e-01 0.000000e+00 6.343968e-01
    outer loop
      vertex   -1.680312e+02 9.169903e+01 8.660312e+02
      vertex   -1.682300e+02 9.169903e+01 8.657889e+02
      vertex   -1.682300e+02 8.989902e+01 8.657889e+02
    endloop
  endfacet
  facet normal -6.343968e-01 0.000000e+00 7.730076e-01
    outer loop
      vertex   -1.677889e+02 9.169903e+01 8.662300e+02
      vertex   -1.680312e+02 8.989902e+01 8.660312e+02
      vertex   -1.677889e+02 8.989902e+01 8.662300e+02
    endloop
  endfacet
  facet normal -4.713871e-01 0.000000e+00 8.819264e-01
    outer loop
      vertex   -1.677889e+02 9.169903e+01 8.662300e+02
      vertex   -1.677889e+02 8.989902e+01 8.662300e+02
      vertex   -1.675124e+02 8.989902e+01 8.663778e+02
    endloop
  endfacet
  facet normal -6.343968e-01 0.000000e+00 7.730076e-01
    outer loop
      vertex   -1.677889e+02 9.169903e+01 8.662300e+02
      vertex   -1.680312e+02 9.169903e+01 8.660312e+02
      vertex   -1.680312e+02 8.989902e+01 8.660312e+02
    endloop
  endfacet
  facet normal -4.713871e-01 0.000000e+00 8.819264e-01
    outer loop
      vertex   -1.675124e+02 9.169903e+01 8.663778e+02
      vertex   -1.677889e+02 9.169903e+01 8.662300e+02
      vertex   -1.675124e+02 8.989902e+01 8.663778e+02
    endloop
  endfacet
  facet normal -2.903164e-01 0.000000e+00 9.569307e-01
    outer loop
      vertex   -1.672125e+02 9.169903e+01 8.664688e+02
      vertex   -1.675124e+02 8.989902e+01 8.663778e+02
      vertex   -1.672125e+02 8.989902e+01 8.664688e+02
    endloop
  endfacet
  facet normal -2.903164e-01 0.000000e+00 9.569307e-01
    outer loop
      vertex   -1.672125e+02 9.169903e+01 8.664688e+02
      vertex   -1.675124e+02 9.169903e+01 8.663778e+02
      vertex   -1.675124e+02 8.989902e+01 8.663778e+02
    endloop
  endfacet
  facet normal -9.796138e-02 0.000000e+00 9.951902e-01
    outer loop
      vertex   -1.669005e+02 9.169903e+01 8.664995e+02
      vertex   -1.672125e+02 8.989902e+01 8.664688e+02
      vertex   -1.669005e+02 8.989902e+01 8.664995e+02
    endloop
  endfacet
  facet normal -9.796138e-02 0.000000e+00 9.951902e-01
    outer loop
      vertex   -1.669005e+02 9.169903e+01 8.664995e+02
      vertex   -1.672125e+02 9.169903e+01 8.664688e+02
      vertex   -1.672125e+02 8.989902e+01 8.664688e+02
    endloop
  endfacet
  facet normal -7.071068e-01 -7.071068e-01 -0.000000e+00
    outer loop
      vertex   -1.677005e+02 8.910000e+01 8.649005e+02
      vertex   -1.684995e+02 8.989902e+01 8.308995e+02
      vertex   -1.677005e+02 8.910000e+01 8.308995e+02
    endloop
  endfacet
  facet normal -7.071068e-01 -7.071068e-01 0.000000e+00
    outer loop
      vertex   -1.677005e+02 8.910000e+01 8.649005e+02
      vertex   -1.684995e+02 8.989902e+01 8.649005e+02
      vertex   -1.684995e+02 8.989902e+01 8.308995e+02
    endloop
  endfacet
  facet normal 0.000000e+00 0.000000e+00 1.000000e+00
    outer loop
      vertex   -1.328995e+02 9.169903e+01 8.664995e+02
      vertex   -1.669005e+02 9.169903e+01 8.664995e+02
      vertex   -1.669005e+02 8.989902e+01 8.664995e+02
    endloop
  endfacet
  facet normal 0.000000e+00 0.000000e+00 1.000000e+00
    outer loop
      vertex   -1.328995e+02 9.169903e+01 8.664995e+02
      vertex   -1.669005e+02 8.989902e+01 8.664995e+02
      vertex   -1.328995e+02 8.989902e+01 8.664995e+02
    endloop
  endfacet
  facet normal 1.000000e+00 0.000000e+00 -0.000000e+00
    outer loop
      vertex   -1.313005e+02 9.169903e+01 8.308995e+02
      vertex   -1.313005e+02 9.169903e+01 8.649005e+02
      vertex   -1.313005e+02 8.989902e+01 8.649005e+02
    endloop
  endfacet
  facet normal 1.000000e+00 0.000000e+00 0.000000e+00
    outer loop
      vertex   -1.313005e+02 9.169903e+01 8.308995e+02
      vertex   -1.313005e+02 8.989902e+01 8.649005e+02
      vertex   -1.313005e+02 8.989902e+01 8.308995e+02
    endloop
  endfacet
  facet normal 9.796434e-02 0.000000e+00 9.951899e-01
    outer loop
      vertex   -1.325875e+02 9.169903e+01 8.664688e+02
      vertex   -1.328995e+02 9.169903e+01 8.664995e+02
      vertex   -1.328995e+02 8.989902e+01 8.664995e+02
    endloop
  endfacet
  facet normal 9.796434e-02 0.000000e+00 9.951899e-01
    outer loop
      vertex   -1.325875e+02 9.169903e+01 8.664688e+02
      vertex   -1.328995e+02 8.989902e+01 8.664995e+02
      vertex   -1.325875e+02 8.989902e+01 8.664688e+02
    endloop
  endfacet
  facet normal 2.903080e-01 0.000000e+00 9.569333e-01
    outer loop
      vertex   -1.322876e+02 9.169903e+01 8.663778e+02
      vertex   -1.325875e+02 8.989902e+01 8.664688e+02
      vertex   -1.322876e+02 8.989902e+01 8.663778e+02
    endloop
  endfacet
  facet normal 2.903080e-01 0.000000e+00 9.569333e-01
    outer loop
      vertex   -1.322876e+02 9.169903e+01 8.663778e+02
      vertex   -1.325875e+02 9.169903e+01 8.664688e+02
      vertex   -1.325875e+02 8.989902e+01 8.664688e+02
    endloop
  endfacet
  facet normal 4.713871e-01 0.000000e+00 8.819264e-01
    outer loop
      vertex   -1.320111e+02 9.169903e+01 8.662300e+02
      vertex   -1.322876e+02 8.989902e+01 8.663778e+02
      vertex   -1.320111e+02 8.989902e+01 8.662300e+02
    endloop
  endfacet
  facet normal 4.713871e-01 0.000000e+00 8.819264e-01
    outer loop
      vertex   -1.320111e+02 9.169903e+01 8.662300e+02
      vertex   -1.322876e+02 9.169903e+01 8.663778e+02
      vertex   -1.322876e+02 8.989902e+01 8.663778e+02
    endloop
  endfacet
  facet normal 6.343819e-01 0.000000e+00 7.730198e-01
    outer loop
      vertex   -1.317688e+02 9.169903e+01 8.660312e+02
      vertex   -1.320111e+02 8.989902e+01 8.662300e+02
      vertex   -1.317688e+02 8.989902e+01 8.660312e+02
    endloop
  endfacet
  facet normal 6.343819e-01 0.000000e+00 7.730198e-01
    outer loop
      vertex   -1.317688e+02 9.169903e+01 8.660312e+02
      vertex   -1.320111e+02 9.169903e+01 8.662300e+02
      vertex   -1.320111e+02 8.989902e+01 8.662300e+02
    endloop
  endfacet
  facet normal 7.730076e-01 0.000000e+00 6.343968e-01
    outer loop
      vertex   -1.315700e+02 9.169903e+01 8.657889e+02
      vertex   -1.317688e+02 8.989902e+01 8.660312e+02
      vertex   -1.315700e+02 8.989902e+01 8.657889e+02
    endloop
  endfacet
  facet normal 8.819264e-01 0.000000e+00 4.713871e-01
    outer loop
      vertex   -1.315700e+02 9.169903e+01 8.657889e+02
      vertex   -1.315700e+02 8.989902e+01 8.657889e+02
      vertex   -1.314222e+02 8.989902e+01 8.655124e+02
    endloop
  endfacet
  facet normal 7.730076e-01 0.000000e+00 6.343968e-01
    outer loop
      vertex   -1.315700e+02 9.169903e+01 8.657889e+02
      vertex   -1.317688e+02 9.169903e+01 8.660312e+02
      vertex   -1.317688e+02 8.989902e+01 8.660312e+02
    endloop
  endfacet
  facet normal 8.819264e-01 0.000000e+00 4.713871e-01
    outer loop
      vertex   -1.314222e+02 9.169903e+01 8.655124e+02
      vertex   -1.315700e+02 9.169903e+01 8.657889e+02
      vertex   -1.314222e+02 8.989902e+01 8.655124e+02
    endloop
  endfacet
  facet normal 9.569358e-01 0.000000e+00 2.902995e-01
    outer loop
      vertex   -1.313312e+02 9.169903e+01 8.652125e+02
      vertex   -1.314222e+02 8.989902e+01 8.655124e+02
      vertex   -1.313312e+02 8.989902e+01 8.652125e+02
    endloop
  endfacet
  facet normal 9.569358e-01 0.000000e+00 2.902995e-01
    outer loop
      vertex   -1.313312e+02 9.169903e+01 8.652125e+02
      vertex   -1.314222e+02 9.169903e+01 8.655124e+02
      vertex   -1.314222e+02 8.989902e+01 8.655124e+02
    endloop
  endfacet
  facet normal 9.951873e-01 0.000000e+00 9.799151e-02
    outer loop
      vertex   -1.313005e+02 9.169903e+01 8.649005e+02
      vertex   -1.313312e+02 8.989902e+01 8.652125e+02
      vertex   -1.313005e+02 8.989902e+01 8.649005e+02
    endloop
  endfacet
  facet normal 9.951873e-01 0.000000e+00 9.799151e-02
    outer loop
      vertex   -1.313005e+02 9.169903e+01 8.649005e+02
      vertex   -1.313312e+02 9.169903e+01 8.652125e+02
      vertex   -1.313312e+02 8.989902e+01 8.652125e+02
    endloop
  endfacet
  facet normal 9.951873e-01 0.000000e+00 -9.799151e-02
    outer loop
      vertex   -1.313312e+02 9.169903e+01 7.885875e+02
      vertex   -1.313005e+02 9.169903e+01 7.888995e+02
      vertex   -1.313005e+02 8.989902e+01 7.888995e+02
    endloop
  endfacet
  facet normal 9.951873e-01 0.000000e+00 -9.799151e-02
    outer loop
      vertex   -1.313312e+02 9.169903e+01 7.885875e+02
      vertex   -1.313005e+02 8.989902e+01 7.888995e+02
      vertex   -1.313312e+02 8.989902e+01 7.885875e+02
    endloop
  endfacet
  facet normal 9.569307e-01 0.000000e+00 -2.903164e-01
    outer loop
      vertex   -1.314222e+02 9.169903e+01 7.882876e+02
      vertex   -1.313312e+02 8.989902e+01 7.885875e+02
      vertex   -1.314222e+02 8.989902e+01 7.882876e+02
    endloop
  endfacet
  facet normal 9.569307e-01 0.000000e+00 -2.903164e-01
    outer loop
      vertex   -1.314222e+02 9.169903e+01 7.882876e+02
      vertex   -1.313312e+02 9.169903e+01 7.885875e+02
      vertex   -1.313312e+02 8.989902e+01 7.885875e+02
    endloop
  endfacet
  facet normal 8.819264e-01 0.000000e+00 -4.713871e-01
    outer loop
      vertex   -1.315700e+02 9.169903e+01 7.880111e+02
      vertex   -1.314222e+02 8.989902e+01 7.882876e+02
      vertex   -1.315700e+02 8.989902e+01 7.880111e+02
    endloop
  endfacet
  facet normal 8.819264e-01 0.000000e+00 -4.713871e-01
    outer loop
      vertex   -1.315700e+02 9.169903e+01 7.880111e+02
      vertex   -1.314222e+02 9.169903e+01 7.882876e+02
      vertex   -1.314222e+02 8.989902e+01 7.882876e+02
    endloop
  endfacet
  facet normal 7.730321e-01 0.000000e+00 -6.343670e-01
    outer loop
      vertex   -1.317688e+02 9.169903e+01 7.877688e+02
      vertex   -1.315700e+02 8.989902e+01 7.880111e+02
      vertex   -1.317688e+02 8.989902e+01 7.877688e+02
    endloop
  endfacet
  facet normal 7.730321e-01 0.000000e+00 -6.343670e-01
    outer loop
      vertex   -1.317688e+02 9.169903e+01 7.877688e+02
      vertex   -1.315700e+02 9.169903e+01 7.880111e+02
      vertex   -1.315700e+02 8.989902e+01 7.880111e+02
    endloop
  endfacet
  facet normal 6.343819e-01 0.000000e+00 -7.730198e-01
    outer loop
      vertex   -1.320111e+02 9.169903e+01 7.875699e+02
      vertex   -1.317688e+02 8.989902e+01 7.877688e+02
      vertex   -1.320111e+02 8.989902e+01 7.875699e+02
    endloop
  endfacet
  facet normal 6.343819e-01 0.000000e+00 -7.730198e-01
    outer loop
      vertex   -1.320111e+02 9.169903e+01 7.875699e+02
      vertex   -1.317688e+02 9.169903e+01 7.877688e+02
      vertex   -1.317688e+02 8.989902e+01 7.877688e+02
    endloop
  endfacet
  facet normal 4.713634e-01 0.000000e+00 -8.819391e-01
    outer loop
      vertex   -1.322876e+02 9.169903e+01 7.874222e+02
      vertex   -1.320111e+02 8.989902e+01 7.875699e+02
      vertex   -1.322876e+02 8.989902e+01 7.874222e+02
    endloop
  endfacet
  facet normal 4.713634e-01 0.000000e+00 -8.819391e-01
    outer loop
      vertex   -1.322876e+02 9.169903e+01 7.874222e+02
      vertex   -1.320111e+02 9.169903e+01 7.875699e+02
      vertex   -1.320111e+02 8.989902e+01 7.875699e+02
    endloop
  endfacet
  facet normal 2.903080e-01 0.000000e+00 -9.569333e-01
    outer loop
      vertex   -1.325875e+02 9.169903e+01 7.873312e+02
      vertex   -1.322876e+02 8.989902e+01 7.874222e+02
      vertex   -1.325875e+02 8.989902e+01 7.873312e+02
    endloop
  endfacet
  facet normal 2.903080e-01 0.000000e+00 -9.569333e-01
    outer loop
      vertex   -1.325875e+02 9.169903e+01 7.873312e+02
      vertex   -1.322876e+02 9.169903e+01 7.874222e+02
      vertex   -1.322876e+02 8.989902e+01 7.874222e+02
    endloop
  endfacet
  facet normal 9.799447e-02 0.000000e+00 -9.951870e-01
    outer loop
      vertex   -1.328995e+02 9.169903e+01 7.873005e+02
      vertex   -1.325875e+02 8.989902e+01 7.873312e+02
      vertex   -1.328995e+02 8.989902e+01 7.873005e+02
    endloop
  endfacet
  facet normal 9.799447e-02 0.000000e+00 -9.951870e-01
    outer loop
      vertex   -1.328995e+02 9.169903e+01 7.873005e+02
      vertex   -1.325875e+02 9.169903e+01 7.873312e+02
      vertex   -1.325875e+02 8.989902e+01 7.873312e+02
    endloop
  endfacet
  facet normal 1.000000e+00 0.000000e+00 -0.000000e+00
    outer loop
      vertex   -1.313005e+02 9.169903e+01 7.888995e+02
      vertex   -1.313005e+02 9.169903e+01 8.229005e+02
      vertex   -1.313005e+02 8.989902e+01 8.229005e+02
    endloop
  endfacet
  facet normal 1.000000e+00 0.000000e+00 0.000000e+00
    outer loop
      vertex   -1.313005e+02 9.169903e+01 7.888995e+02
      vertex   -1.313005e+02 8.989902e+01 8.229005e+02
      vertex   -1.313005e+02 8.989902e+01 7.888995e+02
    endloop
  endfacet
  facet normal 9.802460e-02 0.000000e+00 9.951840e-01
    outer loop
      vertex   -1.325875e+02 9.169903e+01 8.244688e+02
      vertex   -1.328995e+02 9.169903e+01 8.244995e+02
      vertex   -1.328995e+02 8.989902e+01 8.244995e+02
    endloop
  endfacet
  facet normal 9.802460e-02 0.000000e+00 9.951840e-01
    outer loop
      vertex   -1.325875e+02 9.169903e+01 8.244688e+02
      vertex   -1.328995e+02 8.989902e+01 8.244995e+02
      vertex   -1.325875e+02 8.989902e+01 8.244688e+02
    endloop
  endfacet
  facet normal 2.903080e-01 0.000000e+00 9.569333e-01
    outer loop
      vertex   -1.322876e+02 9.169903e+01 8.243778e+02
      vertex   -1.325875e+02 8.989902e+01 8.244688e+02
      vertex   -1.322876e+02 8.989902e+01 8.243778e+02
    endloop
  endfacet
  facet normal 2.903080e-01 0.000000e+00 9.569333e-01
    outer loop
      vertex   -1.322876e+02 9.169903e+01 8.243778e+02
      vertex   -1.325875e+02 9.169903e+01 8.244688e+02
      vertex   -1.325875e+02 8.989902e+01 8.244688e+02
    endloop
  endfacet
  facet normal 4.713634e-01 0.000000e+00 8.819391e-01
    outer loop
      vertex   -1.320111e+02 9.169903e+01 8.242301e+02
      vertex   -1.322876e+02 8.989902e+01 8.243778e+02
      vertex   -1.320111e+02 8.989902e+01 8.242301e+02
    endloop
  endfacet
  facet normal 4.713634e-01 0.000000e+00 8.819391e-01
    outer loop
      vertex   -1.320111e+02 9.169903e+01 8.242301e+02
      vertex   -1.322876e+02 9.169903e+01 8.243778e+02
      vertex   -1.322876e+02 8.989902e+01 8.243778e+02
    endloop
  endfacet
  facet normal 6.343819e-01 0.000000e+00 7.730198e-01
    outer loop
      vertex   -1.317688e+02 9.169903e+01 8.240312e+02
      vertex   -1.320111e+02 8.989902e+01 8.242301e+02
      vertex   -1.317688e+02 8.989902e+01 8.240312e+02
    endloop
  endfacet
  facet normal 6.343819e-01 0.000000e+00 7.730198e-01
    outer loop
      vertex   -1.317688e+02 9.169903e+01 8.240312e+02
      vertex   -1.320111e+02 9.169903e+01 8.242301e+02
      vertex   -1.320111e+02 8.989902e+01 8.242301e+02
    endloop
  endfacet
  facet normal 7.730198e-01 0.000000e+00 6.343819e-01
    outer loop
      vertex   -1.315700e+02 9.169903e+01 8.237889e+02
      vertex   -1.317688e+02 8.989902e+01 8.240312e+02
      vertex   -1.315700e+02 8.989902e+01 8.237889e+02
    endloop
  endfacet
  facet normal 8.819264e-01 0.000000e+00 4.713871e-01
    outer loop
      vertex   -1.315700e+02 9.169903e+01 8.237889e+02
      vertex   -1.315700e+02 8.989902e+01 8.237889e+02
      vertex   -1.314222e+02 8.989902e+01 8.235124e+02
    endloop
  endfacet
  facet normal 7.730198e-01 0.000000e+00 6.343819e-01
    outer loop
      vertex   -1.315700e+02 9.169903e+01 8.237889e+02
      vertex   -1.317688e+02 9.169903e+01 8.240312e+02
      vertex   -1.317688e+02 8.989902e+01 8.240312e+02
    endloop
  endfacet
  facet normal 8.819264e-01 0.000000e+00 4.713871e-01
    outer loop
      vertex   -1.314222e+02 9.169903e+01 8.235124e+02
      vertex   -1.315700e+02 9.169903e+01 8.237889e+02
      vertex   -1.314222e+02 8.989902e+01 8.235124e+02
    endloop
  endfacet
  facet normal 9.569333e-01 0.000000e+00 2.903080e-01
    outer loop
      vertex   -1.313312e+02 9.169903e+01 8.232125e+02
      vertex   -1.314222e+02 8.989902e+01 8.235124e+02
      vertex   -1.313312e+02 8.989902e+01 8.232125e+02
    endloop
  endfacet
  facet normal 9.569333e-01 0.000000e+00 2.903080e-01
    outer loop
      vertex   -1.313312e+02 9.169903e+01 8.232125e+02
      vertex   -1.314222e+02 9.169903e+01 8.235124e+02
      vertex   -1.314222e+02 8.989902e+01 8.235124e+02
    endloop
  endfacet
  facet normal 9.951873e-01 0.000000e+00 9.799151e-02
    outer loop
      vertex   -1.313005e+02 9.169903e+01 8.229005e+02
      vertex   -1.313312e+02 8.989902e+01 8.232125e+02
      vertex   -1.313005e+02 8.989902e+01 8.229005e+02
    endloop
  endfacet
  facet normal 9.951873e-01 0.000000e+00 9.799151e-02
    outer loop
      vertex   -1.313005e+02 9.169903e+01 8.229005e+02
      vertex   -1.313312e+02 9.169903e+01 8.232125e+02
      vertex   -1.313312e+02 8.989902e+01 8.232125e+02
    endloop
  endfacet
  facet normal 9.951870e-01 0.000000e+00 -9.799447e-02
    outer loop
      vertex   -1.313312e+02 9.169903e+01 8.305875e+02
      vertex   -1.313005e+02 9.169903e+01 8.308995e+02
      vertex   -1.313005e+02 8.989902e+01 8.308995e+02
    endloop
  endfacet
  facet normal 9.951870e-01 0.000000e+00 -9.799447e-02
    outer loop
      vertex   -1.313312e+02 9.169903e+01 8.305875e+02
      vertex   -1.313005e+02 8.989902e+01 8.308995e+02
      vertex   -1.313312e+02 8.989902e+01 8.305875e+02
    endloop
  endfacet
  facet normal 9.569333e-01 0.000000e+00 -2.903080e-01
    outer loop
      vertex   -1.314222e+02 9.169903e+01 8.302876e+02
      vertex   -1.313312e+02 8.989902e+01 8.305875e+02
      vertex   -1.314222e+02 8.989902e+01 8.302876e+02
    endloop
  endfacet
  facet normal 9.569333e-01 0.000000e+00 -2.903080e-01
    outer loop
      vertex   -1.314222e+02 9.169903e+01 8.302876e+02
      vertex   -1.313312e+02 9.169903e+01 8.305875e+02
      vertex   -1.313312e+02 8.989902e+01 8.305875e+02
    endloop
  endfacet
  facet normal 8.819264e-01 0.000000e+00 -4.713871e-01
    outer loop
      vertex   -1.315700e+02 9.169903e+01 8.300111e+02
      vertex   -1.314222e+02 8.989902e+01 8.302876e+02
      vertex   -1.315700e+02 8.989902e+01 8.300111e+02
    endloop
  endfacet
  facet normal 8.819264e-01 0.000000e+00 -4.713871e-01
    outer loop
      vertex   -1.315700e+02 9.169903e+01 8.300111e+02
      vertex   -1.314222e+02 9.169903e+01 8.302876e+02
      vertex   -1.314222e+02 8.989902e+01 8.302876e+02
    endloop
  endfacet
  facet normal 7.730198e-01 0.000000e+00 -6.343819e-01
    outer loop
      vertex   -1.317688e+02 9.169903e+01 8.297688e+02
      vertex   -1.315700e+02 8.989902e+01 8.300111e+02
      vertex   -1.317688e+02 8.989902e+01 8.297688e+02
    endloop
  endfacet
  facet normal 7.730198e-01 0.000000e+00 -6.343819e-01
    outer loop
      vertex   -1.317688e+02 9.169903e+01 8.297688e+02
      vertex   -1.315700e+02 9.169903e+01 8.300111e+02
      vertex   -1.315700e+02 8.989902e+01 8.300111e+02
    endloop
  endfacet
  facet normal 6.343819e-01 0.000000e+00 -7.730198e-01
    outer loop
      vertex   -1.320111e+02 9.169903e+01 8.295700e+02
      vertex   -1.317688e+02 8.989902e+01 8.297688e+02
      vertex   -1.320111e+02 8.989902e+01 8.295700e+02
    endloop
  endfacet
  facet normal 6.343819e-01 0.000000e+00 -7.730198e-01
    outer loop
      vertex   -1.320111e+02 9.169903e+01 8.295700e+02
      vertex   -1.317688e+02 9.169903e+01 8.297688e+02
      vertex   -1.317688e+02 8.989902e+01 8.297688e+02
    endloop
  endfacet
  facet normal 4.713871e-01 0.000000e+00 -8.819264e-01
    outer loop
      vertex   -1.322876e+02 9.169903e+01 8.294222e+02
      vertex   -1.320111e+02 8.989902e+01 8.295700e+02
      vertex   -1.322876e+02 8.989902e+01 8.294222e+02
    endloop
  endfacet
  facet normal 4.713871e-01 0.000000e+00 -8.819264e-01
    outer loop
      vertex   -1.322876e+02 9.169903e+01 8.294222e+02
      vertex   -1.320111e+02 9.169903e+01 8.295700e+02
      vertex   -1.320111e+02 8.989902e+01 8.295700e+02
    endloop
  endfacet
  facet normal 2.903080e-01 0.000000e+00 -9.569333e-01
    outer loop
      vertex   -1.325875e+02 9.169903e+01 8.293312e+02
      vertex   -1.322876e+02 8.989902e+01 8.294222e+02
      vertex   -1.325875e+02 8.989902e+01 8.293312e+02
    endloop
  endfacet
  facet normal 2.903080e-01 0.000000e+00 -9.569333e-01
    outer loop
      vertex   -1.325875e+02 9.169903e+01 8.293312e+02
      vertex   -1.322876e+02 9.169903e+01 8.294222e+02
      vertex   -1.322876e+02 8.989902e+01 8.294222e+02
    endloop
  endfacet
  facet normal 9.799447e-02 0.000000e+00 -9.951870e-01
    outer loop
      vertex   -1.328995e+02 9.169903e+01 8.293005e+02
      vertex   -1.325875e+02 8.989902e+01 8.293312e+02
      vertex   -1.328995e+02 8.989902e+01 8.293005e+02
    endloop
  endfacet
  facet normal 9.799447e-02 0.000000e+00 -9.951870e-01
    outer loop
      vertex   -1.328995e+02 9.169903e+01 8.293005e+02
      vertex   -1.325875e+02 9.169903e+01 8.293312e+02
      vertex   -1.325875e+02 8.989902e+01 8.293312e+02
    endloop
  endfacet
  facet normal -1.392806e-01 -7.002146e-01 -7.002146e-01
    outer loop
      vertex   -1.673595e+02 8.949951e+01 7.877913e+02
      vertex   -1.669005e+02 8.989902e+01 7.873005e+02
      vertex   -1.669005e+02 8.910000e+01 7.880995e+02
    endloop
  endfacet
  facet normal -6.558780e-02 -7.429731e-01 -6.661000e-01
    outer loop
      vertex   -1.673595e+02 8.949951e+01 7.877913e+02
      vertex   -1.672125e+02 8.989902e+01 7.873312e+02
      vertex   -1.669005e+02 8.989902e+01 7.873005e+02
    endloop
  endfacet
  facet normal -2.057792e-01 -7.053996e-01 -6.782820e-01
    outer loop
      vertex   -1.673595e+02 8.949951e+01 7.877913e+02
      vertex   -1.675124e+02 8.989902e+01 7.874222e+02
      vertex   -1.672125e+02 8.989902e+01 7.873312e+02
    endloop
  endfacet
  facet normal -3.341065e-01 -7.054008e-01 -6.251261e-01
    outer loop
      vertex   -1.673595e+02 8.949951e+01 7.877913e+02
      vertex   -1.677889e+02 8.989902e+01 7.875699e+02
      vertex   -1.675124e+02 8.989902e+01 7.874222e+02
    endloop
  endfacet
  facet normal -7.358185e-02 -6.607890e-01 -7.469562e-01
    outer loop
      vertex   -1.673595e+02 8.949951e+01 7.877913e+02
      vertex   -1.669005e+02 8.910000e+01 7.880995e+02
      vertex   -1.670566e+02 8.910000e+01 7.881149e+02
    endloop
  endfacet
  facet normal -2.057533e-01 -7.054015e-01 -6.782878e-01
    outer loop
      vertex   -1.673595e+02 8.949951e+01 7.877913e+02
      vertex   -1.670566e+02 8.910000e+01 7.881149e+02
      vertex   -1.672067e+02 8.910000e+01 7.881604e+02
    endloop
  endfacet
  facet normal -3.341144e-01 -7.053998e-01 -6.251229e-01
    outer loop
      vertex   -1.673595e+02 8.949951e+01 7.877913e+02
      vertex   -1.672067e+02 8.910000e+01 7.881604e+02
      vertex   -1.673450e+02 8.910000e+01 7.882343e+02
    endloop
  endfacet
  facet normal -4.496642e-01 -7.054035e-01 -5.479124e-01
    outer loop
      vertex   -1.677487e+02 8.949951e+01 7.880513e+02
      vertex   -1.680312e+02 8.989902e+01 7.877688e+02
      vertex   -1.677889e+02 8.989902e+01 7.875699e+02
    endloop
  endfacet
  facet normal -5.479317e-01 -7.054010e-01 -4.496447e-01
    outer loop
      vertex   -1.677487e+02 8.949951e+01 7.880513e+02
      vertex   -1.682300e+02 8.989902e+01 7.880111e+02
      vertex   -1.680312e+02 8.989902e+01 7.877688e+02
    endloop
  endfacet
  facet normal -4.496750e-01 -7.054042e-01 -5.479027e-01
    outer loop
      vertex   -1.677487e+02 8.949951e+01 7.880513e+02
      vertex   -1.673450e+02 8.910000e+01 7.882343e+02
      vertex   -1.674662e+02 8.910000e+01 7.883338e+02
    endloop
  endfacet
  facet normal -5.479076e-01 -7.054027e-01 -4.496713e-01
    outer loop
      vertex   -1.677487e+02 8.949951e+01 7.880513e+02
      vertex   -1.674662e+02 8.910000e+01 7.883338e+02
      vertex   -1.675657e+02 8.910000e+01 7.884550e+02
    endloop
  endfacet
  facet normal -3.816716e-01 -7.266547e-01 -5.712265e-01
    outer loop
      vertex   -1.677487e+02 8.949951e+01 7.880513e+02
      vertex   -1.677889e+02 8.989902e+01 7.875699e+02
      vertex   -1.673595e+02 8.949951e+01 7.877913e+02
    endloop
  endfacet
  facet normal -4.043309e-01 -6.858009e-01 -6.051394e-01
    outer loop
      vertex   -1.677487e+02 8.949951e+01 7.880513e+02
      vertex   -1.673595e+02 8.949951e+01 7.877913e+02
      vertex   -1.673450e+02 8.910000e+01 7.882343e+02
    endloop
  endfacet
  facet normal -6.251245e-01 -7.053923e-01 -3.341272e-01
    outer loop
      vertex   -1.680087e+02 8.949951e+01 7.884405e+02
      vertex   -1.683778e+02 8.989902e+01 7.882876e+02
      vertex   -1.682300e+02 8.989902e+01 7.880111e+02
    endloop
  endfacet
  facet normal -6.782897e-01 -7.053914e-01 -2.057815e-01
    outer loop
      vertex   -1.680087e+02 8.949951e+01 7.884405e+02
      vertex   -1.684688e+02 8.989902e+01 7.885875e+02
      vertex   -1.683778e+02 8.989902e+01 7.882876e+02
    endloop
  endfacet
  facet normal -6.661107e-01 -7.429616e-01 -6.560921e-02
    outer loop
      vertex   -1.680087e+02 8.949951e+01 7.884405e+02
      vertex   -1.684995e+02 8.989902e+01 7.888995e+02
      vertex   -1.684688e+02 8.989902e+01 7.885875e+02
    endloop
  endfacet
  facet normal -7.002146e-01 -7.002146e-01 -1.392806e-01
    outer loop
      vertex   -1.680087e+02 8.949951e+01 7.884405e+02
      vertex   -1.677005e+02 8.910000e+01 7.888995e+02
      vertex   -1.684995e+02 8.989902e+01 7.888995e+02
    endloop
  endfacet
  facet normal -6.251153e-01 -7.053990e-01 -3.341304e-01
    outer loop
      vertex   -1.680087e+02 8.949951e+01 7.884405e+02
      vertex   -1.675657e+02 8.910000e+01 7.884550e+02
      vertex   -1.676396e+02 8.910000e+01 7.885933e+02
    endloop
  endfacet
  facet normal -6.782836e-01 -7.054021e-01 -2.057651e-01
    outer loop
      vertex   -1.680087e+02 8.949951e+01 7.884405e+02
      vertex   -1.676396e+02 8.910000e+01 7.885933e+02
      vertex   -1.676851e+02 8.910000e+01 7.887434e+02
    endloop
  endfacet
  facet normal -7.469590e-01 -6.607863e-01 -7.357763e-02
    outer loop
      vertex   -1.680087e+02 8.949951e+01 7.884405e+02
      vertex   -1.676851e+02 8.910000e+01 7.887434e+02
      vertex   -1.677005e+02 8.910000e+01 7.888995e+02
    endloop
  endfacet
  facet normal -6.051362e-01 -6.858021e-01 -4.043336e-01
    outer loop
      vertex   -1.680087e+02 8.949951e+01 7.884405e+02
      vertex   -1.677487e+02 8.949951e+01 7.880513e+02
      vertex   -1.675657e+02 8.910000e+01 7.884550e+02
    endloop
  endfacet
  facet normal -5.712347e-01 -7.266429e-01 -3.816817e-01
    outer loop
      vertex   -1.680087e+02 8.949951e+01 7.884405e+02
      vertex   -1.682300e+02 8.989902e+01 7.880111e+02
      vertex   -1.677487e+02 8.949951e+01 7.880513e+02
    endloop
  endfacet
  facet normal 0.000000e+00 -7.071068e-01 -7.071068e-01
    outer loop
      vertex   -1.669005e+02 8.910000e+01 7.880995e+02
      vertex   -1.669005e+02 8.989902e+01 7.873005e+02
      vertex   -1.328995e+02 8.989902e+01 7.873005e+02
    endloop
  endfacet
  facet normal 0.000000e+00 -7.071068e-01 -7.071068e-01
    outer loop
      vertex   -1.669005e+02 8.910000e+01 7.880995e+02
      vertex   -1.328995e+02 8.989902e+01 7.873005e+02
      vertex   -1.328995e+02 8.910000e+01 7.880995e+02
    endloop
  endfacet
  facet normal 0.000000e+00 -1.000000e+00 0.000000e+00
    outer loop
      vertex   -1.672067e+02 8.910000e+01 8.236396e+02
      vertex   -1.673450e+02 8.910000e+01 8.235657e+02
      vertex   -1.674662e+02 8.910000e+01 8.234662e+02
    endloop
  endfacet
  facet normal 0.000000e+00 -1.000000e+00 0.000000e+00
    outer loop
      vertex   -1.676396e+02 8.910000e+01 8.232067e+02
      vertex   -1.674662e+02 8.910000e+01 8.234662e+02
      vertex   -1.675657e+02 8.910000e+01 8.233450e+02
    endloop
  endfacet
  facet normal 0.000000e+00 -1.000000e+00 0.000000e+00
    outer loop
      vertex   -1.676396e+02 8.910000e+01 8.232067e+02
      vertex   -1.672067e+02 8.910000e+01 8.236396e+02
      vertex   -1.674662e+02 8.910000e+01 8.234662e+02
    endloop
  endfacet
  facet normal 0.000000e+00 -1.000000e+00 0.000000e+00
    outer loop
      vertex   -1.669005e+02 8.910000e+01 8.237005e+02
      vertex   -1.670566e+02 8.910000e+01 8.236851e+02
      vertex   -1.672067e+02 8.910000e+01 8.236396e+02
    endloop
  endfacet
  facet normal 0.000000e+00 -1.000000e+00 0.000000e+00
    outer loop
      vertex   -1.677005e+02 8.910000e+01 8.229005e+02
      vertex   -1.676396e+02 8.910000e+01 8.232067e+02
      vertex   -1.676851e+02 8.910000e+01 8.230566e+02
    endloop
  endfacet
  facet normal 0.000000e+00 -1.000000e+00 0.000000e+00
    outer loop
      vertex   -1.677005e+02 8.910000e+01 8.229005e+02
      vertex   -1.669005e+02 8.910000e+01 8.237005e+02
      vertex   -1.672067e+02 8.910000e+01 8.236396e+02
    endloop
  endfacet
  facet normal 0.000000e+00 -1.000000e+00 0.000000e+00
    outer loop
      vertex   -1.677005e+02 8.910000e+01 8.229005e+02
      vertex   -1.672067e+02 8.910000e+01 8.236396e+02
      vertex   -1.676396e+02 8.910000e+01 8.232067e+02
    endloop
  endfacet
  facet normal 0.000000e+00 -1.000000e+00 0.000000e+00
    outer loop
      vertex   -1.651981e+02 8.910000e+01 8.211981e+02
      vertex   -1.669005e+02 8.910000e+01 8.237005e+02
      vertex   -1.677005e+02 8.910000e+01 8.229005e+02
    endloop
  endfacet
  facet normal -0.000000e+00 -1.000000e+00 0.000000e+00
    outer loop
      vertex   -1.647056e+02 8.910000e+01 8.216023e+02
      vertex   -1.669005e+02 8.910000e+01 8.237005e+02
      vertex   -1.651981e+02 8.910000e+01 8.211981e+02
    endloop
  endfacet
  facet normal 0.000000e+00 -1.000000e+00 0.000000e+00
    outer loop
      vertex   -1.656023e+02 8.910000e+01 8.207056e+02
      vertex   -1.651981e+02 8.910000e+01 8.211981e+02
      vertex   -1.677005e+02 8.910000e+01 8.229005e+02
    endloop
  endfacet
  facet normal -0.000000e+00 -1.000000e+00 0.000000e+00
    outer loop
      vertex   -1.641437e+02 8.910000e+01 8.219026e+02
      vertex   -1.669005e+02 8.910000e+01 8.237005e+02
      vertex   -1.647056e+02 8.910000e+01 8.216023e+02
    endloop
  endfacet
  facet normal 0.000000e+00 -1.000000e+00 0.000000e+00
    outer loop
      vertex   -1.659026e+02 8.910000e+01 8.201437e+02
      vertex   -1.656023e+02 8.910000e+01 8.207056e+02
      vertex   -1.677005e+02 8.910000e+01 8.229005e+02
    endloop
  endfacet
  facet normal -0.000000e+00 -1.000000e+00 0.000000e+00
    outer loop
      vertex   -1.635340e+02 8.910000e+01 8.220875e+02
      vertex   -1.669005e+02 8.910000e+01 8.237005e+02
      vertex   -1.641437e+02 8.910000e+01 8.219026e+02
    endloop
  endfacet
  facet normal 0.000000e+00 -1.000000e+00 0.000000e+00
    outer loop
      vertex   -1.660876e+02 8.910000e+01 8.195340e+02
      vertex   -1.659026e+02 8.910000e+01 8.201437e+02
      vertex   -1.677005e+02 8.910000e+01 8.229005e+02
    endloop
  endfacet
  facet normal -0.000000e+00 -1.000000e+00 0.000000e+00
    outer loop
      vertex   -1.629000e+02 8.910000e+01 8.221500e+02
      vertex   -1.669005e+02 8.910000e+01 8.237005e+02
      vertex   -1.635340e+02 8.910000e+01 8.220875e+02
    endloop
  endfacet
  facet normal 0.000000e+00 -1.000000e+00 0.000000e+00
    outer loop
      vertex   -1.661500e+02 8.910000e+01 8.189000e+02
      vertex   -1.660876e+02 8.910000e+01 8.195340e+02
      vertex   -1.677005e+02 8.910000e+01 8.229005e+02
    endloop
  endfacet
  facet normal 0.000000e+00 -1.000000e+00 0.000000e+00
    outer loop
      vertex   -1.660876e+02 8.910000e+01 8.182660e+02
      vertex   -1.661500e+02 8.910000e+01 8.189000e+02
      vertex   -1.677005e+02 8.910000e+01 8.229005e+02
    endloop
  endfacet
  facet normal 0.000000e+00 -1.000000e+00 0.000000e+00
    outer loop
      vertex   -1.622660e+02 8.910000e+01 8.220875e+02
      vertex   -1.669005e+02 8.910000e+01 8.237005e+02
      vertex   -1.629000e+02 8.910000e+01 8.221500e+02
    endloop
  endfacet
  facet normal 0.000000e+00 -1.000000e+00 0.000000e+00
    outer loop
      vertex   -1.651981e+02 8.910000e+01 7.951981e+02
      vertex   -1.651981e+02 8.910000e+01 8.166019e+02
      vertex   -1.656023e+02 8.910000e+01 8.170944e+02
    endloop
  endfacet
  facet normal 0.000000e+00 -1.000000e+00 0.000000e+00
    outer loop
      vertex   -1.396023e+02 8.910000e+01 8.207056e+02
      vertex   -1.391981e+02 8.910000e+01 8.211981e+02
      vertex   -1.606019e+02 8.910000e+01 8.211981e+02
    endloop
  endfacet
  facet normal 0.000000e+00 -1.000000e+00 0.000000e+00
    outer loop
      vertex   -1.396023e+02 8.910000e+01 8.207056e+02
      vertex   -1.606019e+02 8.910000e+01 8.211981e+02
      vertex   -1.601977e+02 8.910000e+01 8.207056e+02
    endloop
  endfacet
  facet normal 0.000000e+00 -1.000000e+00 0.000000e+00
    outer loop
      vertex   -1.387056e+02 8.910000e+01 8.216023e+02
      vertex   -1.606019e+02 8.910000e+01 8.211981e+02
      vertex   -1.391981e+02 8.910000e+01 8.211981e+02
    endloop
  endfacet
  facet normal -0.000000e+00 -1.000000e+00 0.000000e+00
    outer loop
      vertex   -1.387056e+02 8.910000e+01 8.216023e+02
      vertex   -1.610944e+02 8.910000e+01 8.216023e+02
      vertex   -1.606019e+02 8.910000e+01 8.211981e+02
    endloop
  endfacet
  facet normal 0.000000e+00 -1.000000e+00 0.000000e+00
    outer loop
      vertex   -1.656023e+02 8.910000e+01 7.947056e+02
      vertex   -1.651981e+02 8.910000e+01 7.951981e+02
      vertex   -1.656023e+02 8.910000e+01 8.170944e+02
    endloop
  endfacet
  facet normal -0.000000e+00 -1.000000e+00 0.000000e+00
    outer loop
      vertex   -1.647056e+02 8.910000e+01 7.956023e+02
      vertex   -1.651981e+02 8.910000e+01 8.166019e+02
      vertex   -1.651981e+02 8.910000e+01 7.951981e+02
    endloop
  endfacet
  facet normal 0.000000e+00 -1.000000e+00 0.000000e+00
    outer loop
      vertex   -1.647056e+02 8.910000e+01 7.956023e+02
      vertex   -1.647056e+02 8.910000e+01 8.161977e+02
      vertex   -1.651981e+02 8.910000e+01 8.166019e+02
    endloop
  endfacet
  facet normal 0.000000e+00 -1.000000e+00 0.000000e+00
    outer loop
      vertex   -1.381437e+02 8.910000e+01 8.219026e+02
      vertex   -1.610944e+02 8.910000e+01 8.216023e+02
      vertex   -1.387056e+02 8.910000e+01 8.216023e+02
    endloop
  endfacet
  facet normal -0.000000e+00 -1.000000e+00 0.000000e+00
    outer loop
      vertex   -1.381437e+02 8.910000e+01 8.219026e+02
      vertex   -1.616563e+02 8.910000e+01 8.219026e+02
      vertex   -1.610944e+02 8.910000e+01 8.216023e+02
    endloop
  endfacet
  facet normal 0.000000e+00 -1.000000e+00 0.000000e+00
    outer loop
      vertex   -1.399026e+02 8.910000e+01 8.201437e+02
      vertex   -1.396023e+02 8.910000e+01 8.207056e+02
      vertex   -1.601977e+02 8.910000e+01 8.207056e+02
    endloop
  endfacet
  facet normal 0.000000e+00 -1.000000e+00 0.000000e+00
    outer loop
      vertex   -1.399026e+02 8.910000e+01 8.201437e+02
      vertex   -1.601977e+02 8.910000e+01 8.207056e+02
      vertex   -1.598974e+02 8.910000e+01 8.201437e+02
    endloop
  endfacet
  facet normal -0.000000e+00 -1.000000e+00 0.000000e+00
    outer loop
      vertex   -1.641437e+02 8.910000e+01 7.959026e+02
      vertex   -1.647056e+02 8.910000e+01 8.161977e+02
      vertex   -1.647056e+02 8.910000e+01 7.956023e+02
    endloop
  endfacet
  facet normal 0.000000e+00 -1.000000e+00 0.000000e+00
    outer loop
      vertex   -1.641437e+02 8.910000e+01 7.959026e+02
      vertex   -1.635340e+02 8.910000e+01 8.157125e+02
      vertex   -1.641437e+02 8.910000e+01 8.158974e+02
    endloop
  endfacet
  facet normal 0.000000e+00 -1.000000e+00 0.000000e+00
    outer loop
      vertex   -1.641437e+02 8.910000e+01 7.959026e+02
      vertex   -1.641437e+02 8.910000e+01 8.158974e+02
      vertex   -1.647056e+02 8.910000e+01 8.161977e+02
    endloop
  endfacet
  facet normal 0.000000e+00 -1.000000e+00 0.000000e+00
    outer loop
      vertex   -1.659026e+02 8.910000e+01 7.941437e+02
      vertex   -1.656023e+02 8.910000e+01 7.947056e+02
      vertex   -1.656023e+02 8.910000e+01 8.170944e+02
    endloop
  endfacet
  facet normal 0.000000e+00 -1.000000e+00 0.000000e+00
    outer loop
      vertex   -1.659026e+02 8.910000e+01 7.941437e+02
      vertex   -1.656023e+02 8.910000e+01 8.170944e+02
      vertex   -1.659026e+02 8.910000e+01 8.176563e+02
    endloop
  endfacet
  facet normal 0.000000e+00 -1.000000e+00 0.000000e+00
    outer loop
      vertex   -1.375340e+02 8.910000e+01 8.220875e+02
      vertex   -1.616563e+02 8.910000e+01 8.219026e+02
      vertex   -1.381437e+02 8.910000e+01 8.219026e+02
    endloop
  endfacet
  facet normal -0.000000e+00 -1.000000e+00 0.000000e+00
    outer loop
      vertex   -1.375340e+02 8.910000e+01 8.220875e+02
      vertex   -1.622660e+02 8.910000e+01 8.220875e+02
      vertex   -1.616563e+02 8.910000e+01 8.219026e+02
    endloop
  endfacet
  facet normal 0.000000e+00 -1.000000e+00 0.000000e+00
    outer loop
      vertex   -1.400875e+02 8.910000e+01 8.195340e+02
      vertex   -1.598974e+02 8.910000e+01 8.201437e+02
      vertex   -1.597125e+02 8.910000e+01 8.195340e+02
    endloop
  endfacet
  facet normal 0.000000e+00 -1.000000e+00 0.000000e+00
    outer loop
      vertex   -1.400875e+02 8.910000e+01 8.195340e+02
      vertex   -1.399026e+02 8.910000e+01 8.201437e+02
      vertex   -1.598974e+02 8.910000e+01 8.201437e+02
    endloop
  endfacet
  facet normal -0.000000e+00 -1.000000e+00 0.000000e+00
    outer loop
      vertex   -1.635340e+02 8.910000e+01 7.960876e+02
      vertex   -1.635340e+02 8.910000e+01 8.157125e+02
      vertex   -1.641437e+02 8.910000e+01 7.959026e+02
    endloop
  endfacet
  facet normal 0.000000e+00 -1.000000e+00 0.000000e+00
    outer loop
      vertex   -1.635340e+02 8.910000e+01 7.960876e+02
      vertex   -1.629000e+02 8.910000e+01 8.156500e+02
      vertex   -1.635340e+02 8.910000e+01 8.157125e+02
    endloop
  endfacet
  facet normal 0.000000e+00 -1.000000e+00 0.000000e+00
    outer loop
      vertex   -1.660876e+02 8.910000e+01 7.935340e+02
      vertex   -1.659026e+02 8.910000e+01 7.941437e+02
      vertex   -1.659026e+02 8.910000e+01 8.176563e+02
    endloop
  endfacet
  facet normal 0.000000e+00 -1.000000e+00 0.000000e+00
    outer loop
      vertex   -1.660876e+02 8.910000e+01 7.935340e+02
      vertex   -1.659026e+02 8.910000e+01 8.176563e+02
      vertex   -1.660876e+02 8.910000e+01 8.182660e+02
    endloop
  endfacet
  facet normal 0.000000e+00 -1.000000e+00 0.000000e+00
    outer loop
      vertex   -1.660876e+02 8.910000e+01 7.935340e+02
      vertex   -1.660876e+02 8.910000e+01 8.182660e+02
      vertex   -1.677005e+02 8.910000e+01 8.229005e+02
    endloop
  endfacet
  facet normal 0.000000e+00 -1.000000e+00 0.000000e+00
    outer loop
      vertex   -1.401500e+02 8.910000e+01 8.189000e+02
      vertex   -1.400875e+02 8.910000e+01 8.195340e+02
      vertex   -1.597125e+02 8.910000e+01 8.195340e+02
    endloop
  endfacet
  facet normal 0.000000e+00 -1.000000e+00 0.000000e+00
    outer loop
      vertex   -1.401500e+02 8.910000e+01 8.189000e+02
      vertex   -1.597125e+02 8.910000e+01 8.195340e+02
      vertex   -1.596500e+02 8.910000e+01 8.189000e+02
    endloop
  endfacet
  facet normal -0.000000e+00 -1.000000e+00 0.000000e+00
    outer loop
      vertex   -1.629000e+02 8.910000e+01 7.961500e+02
      vertex   -1.629000e+02 8.910000e+01 8.156500e+02
      vertex   -1.635340e+02 8.910000e+01 7.960876e+02
    endloop
  endfacet
  facet normal 0.000000e+00 -1.000000e+00 0.000000e+00
    outer loop
      vertex   -1.400875e+02 8.910000e+01 8.182660e+02
      vertex   -1.596500e+02 8.910000e+01 8.189000e+02
      vertex   -1.597125e+02 8.910000e+01 8.182660e+02
    endloop
  endfacet
  facet normal 0.000000e+00 -1.000000e+00 0.000000e+00
    outer loop
      vertex   -1.400875e+02 8.910000e+01 8.182660e+02
      vertex   -1.401500e+02 8.910000e+01 8.189000e+02
      vertex   -1.596500e+02 8.910000e+01 8.189000e+02
    endloop
  endfacet
  facet normal 0.000000e+00 -1.000000e+00 0.000000e+00
    outer loop
      vertex   -1.622660e+02 8.910000e+01 7.960876e+02
      vertex   -1.622660e+02 8.910000e+01 8.157125e+02
      vertex   -1.629000e+02 8.910000e+01 8.156500e+02
    endloop
  endfacet
  facet normal 0.000000e+00 -1.000000e+00 0.000000e+00
    outer loop
      vertex   -1.622660e+02 8.910000e+01 7.960876e+02
      vertex   -1.629000e+02 8.910000e+01 8.156500e+02
      vertex   -1.629000e+02 8.910000e+01 7.961500e+02
    endloop
  endfacet
  facet normal 0.000000e+00 -1.000000e+00 0.000000e+00
    outer loop
      vertex   -1.399026e+02 8.910000e+01 8.176563e+02
      vertex   -1.597125e+02 8.910000e+01 8.182660e+02
      vertex   -1.598974e+02 8.910000e+01 8.176563e+02
    endloop
  endfacet
  facet normal 0.000000e+00 -1.000000e+00 0.000000e+00
    outer loop
      vertex   -1.399026e+02 8.910000e+01 8.176563e+02
      vertex   -1.400875e+02 8.910000e+01 8.182660e+02
      vertex   -1.597125e+02 8.910000e+01 8.182660e+02
    endloop
  endfacet
  facet normal 0.000000e+00 -1.000000e+00 0.000000e+00
    outer loop
      vertex   -1.616563e+02 8.910000e+01 7.959026e+02
      vertex   -1.622660e+02 8.910000e+01 8.157125e+02
      vertex   -1.622660e+02 8.910000e+01 7.960876e+02
    endloop
  endfacet
  facet normal 0.000000e+00 -1.000000e+00 0.000000e+00
    outer loop
      vertex   -1.616563e+02 8.910000e+01 7.959026e+02
      vertex   -1.616563e+02 8.910000e+01 8.158974e+02
      vertex   -1.622660e+02 8.910000e+01 8.157125e+02
    endloop
  endfacet
  facet normal 0.000000e+00 -1.000000e+00 0.000000e+00
    outer loop
      vertex   -1.396023e+02 8.910000e+01 8.170944e+02
      vertex   -1.598974e+02 8.910000e+01 8.176563e+02
      vertex   -1.601977e+02 8.910000e+01 8.170944e+02
    endloop
  endfacet
  facet normal 0.000000e+00 -1.000000e+00 0.000000e+00
    outer loop
      vertex   -1.396023e+02 8.910000e+01 8.170944e+02
      vertex   -1.399026e+02 8.910000e+01 8.176563e+02
      vertex   -1.598974e+02 8.910000e+01 8.176563e+02
    endloop
  endfacet
  facet normal 0.000000e+00 -1.000000e+00 0.000000e+00
    outer loop
      vertex   -1.610944e+02 8.910000e+01 7.956023e+02
      vertex   -1.616563e+02 8.910000e+01 8.158974e+02
      vertex   -1.616563e+02 8.910000e+01 7.959026e+02
    endloop
  endfacet
  facet normal 0.000000e+00 -1.000000e+00 0.000000e+00
    outer loop
      vertex   -1.610944e+02 8.910000e+01 7.956023e+02
      vertex   -1.610944e+02 8.910000e+01 8.161977e+02
      vertex   -1.616563e+02 8.910000e+01 8.158974e+02
    endloop
  endfacet
  facet normal 0.000000e+00 -1.000000e+00 0.000000e+00
    outer loop
      vertex   -1.328995e+02 8.910000e+01 8.237005e+02
      vertex   -1.622660e+02 8.910000e+01 8.220875e+02
      vertex   -1.375340e+02 8.910000e+01 8.220875e+02
    endloop
  endfacet
  facet normal 0.000000e+00 -1.000000e+00 0.000000e+00
    outer loop
      vertex   -1.328995e+02 8.910000e+01 8.237005e+02
      vertex   -1.375340e+02 8.910000e+01 8.220875e+02
      vertex   -1.369000e+02 8.910000e+01 8.221500e+02
    endloop
  endfacet
  facet normal 0.000000e+00 -1.000000e+00 0.000000e+00
    outer loop
      vertex   -1.328995e+02 8.910000e+01 8.237005e+02
      vertex   -1.369000e+02 8.910000e+01 8.221500e+02
      vertex   -1.362660e+02 8.910000e+01 8.220875e+02
    endloop
  endfacet
  facet normal 0.000000e+00 -1.000000e+00 0.000000e+00
    outer loop
      vertex   -1.328995e+02 8.910000e+01 8.237005e+02
      vertex   -1.362660e+02 8.910000e+01 8.220875e+02
      vertex   -1.356563e+02 8.910000e+01 8.219026e+02
    endloop
  endfacet
  facet normal 0.000000e+00 -1.000000e+00 0.000000e+00
    outer loop
      vertex   -1.328995e+02 8.910000e+01 8.237005e+02
      vertex   -1.356563e+02 8.910000e+01 8.219026e+02
      vertex   -1.350944e+02 8.910000e+01 8.216023e+02
    endloop
  endfacet
  facet normal -0.000000e+00 -1.000000e+00 0.000000e+00
    outer loop
      vertex   -1.328995e+02 8.910000e+01 8.237005e+02
      vertex   -1.669005e+02 8.910000e+01 8.237005e+02
      vertex   -1.622660e+02 8.910000e+01 8.220875e+02
    endloop
  endfacet
  facet normal 0.000000e+00 -1.000000e+00 0.000000e+00
    outer loop
      vertex   -1.677005e+02 8.910000e+01 7.888995e+02
      vertex   -1.661500e+02 8.910000e+01 7.929000e+02
      vertex   -1.660876e+02 8.910000e+01 7.935340e+02
    endloop
  endfacet
  facet normal 0.000000e+00 -1.000000e+00 0.000000e+00
    outer loop
      vertex   -1.677005e+02 8.910000e+01 7.888995e+02
      vertex   -1.656023e+02 8.910000e+01 7.910944e+02
      vertex   -1.659026e+02 8.910000e+01 7.916563e+02
    endloop
  endfacet
  facet normal 0.000000e+00 -1.000000e+00 0.000000e+00
    outer loop
      vertex   -1.677005e+02 8.910000e+01 7.888995e+02
      vertex   -1.659026e+02 8.910000e+01 7.916563e+02
      vertex   -1.660876e+02 8.910000e+01 7.922660e+02
    endloop
  endfacet
  facet normal 0.000000e+00 -1.000000e+00 0.000000e+00
    outer loop
      vertex   -1.677005e+02 8.910000e+01 7.888995e+02
      vertex   -1.660876e+02 8.910000e+01 7.922660e+02
      vertex   -1.661500e+02 8.910000e+01 7.929000e+02
    endloop
  endfacet
  facet normal 0.000000e+00 -1.000000e+00 0.000000e+00
    outer loop
      vertex   -1.677005e+02 8.910000e+01 7.888995e+02
      vertex   -1.660876e+02 8.910000e+01 7.935340e+02
      vertex   -1.677005e+02 8.910000e+01 8.229005e+02
    endloop
  endfacet
  facet normal 0.000000e+00 -1.000000e+00 0.000000e+00
    outer loop
      vertex   -1.325933e+02 8.910000e+01 8.236396e+02
      vertex   -1.327434e+02 8.910000e+01 8.236851e+02
      vertex   -1.328995e+02 8.910000e+01 8.237005e+02
    endloop
  endfacet
  facet normal 0.000000e+00 -1.000000e+00 0.000000e+00
    outer loop
      vertex   -1.676396e+02 8.910000e+01 7.885933e+02
      vertex   -1.677005e+02 8.910000e+01 7.888995e+02
      vertex   -1.676851e+02 8.910000e+01 7.887434e+02
    endloop
  endfacet
  facet normal 0.000000e+00 -1.000000e+00 0.000000e+00
    outer loop
      vertex   -1.324550e+02 8.910000e+01 8.235657e+02
      vertex   -1.325933e+02 8.910000e+01 8.236396e+02
      vertex   -1.328995e+02 8.910000e+01 8.237005e+02
    endloop
  endfacet
  facet normal 0.000000e+00 -1.000000e+00 0.000000e+00
    outer loop
      vertex   -1.391981e+02 8.910000e+01 8.166019e+02
      vertex   -1.601977e+02 8.910000e+01 8.170944e+02
      vertex   -1.606019e+02 8.910000e+01 8.166019e+02
    endloop
  endfacet
  facet normal 0.000000e+00 -1.000000e+00 0.000000e+00
    outer loop
      vertex   -1.391981e+02 8.910000e+01 8.166019e+02
      vertex   -1.396023e+02 8.910000e+01 8.170944e+02
      vertex   -1.601977e+02 8.910000e+01 8.170944e+02
    endloop
  endfacet
  facet normal -0.000000e+00 -1.000000e+00 0.000000e+00
    outer loop
      vertex   -1.651981e+02 8.910000e+01 7.906019e+02
      vertex   -1.656023e+02 8.910000e+01 7.910944e+02
      vertex   -1.677005e+02 8.910000e+01 7.888995e+02
    endloop
  endfacet
  facet normal 0.000000e+00 -1.000000e+00 0.000000e+00
    outer loop
      vertex   -1.346019e+02 8.910000e+01 8.211981e+02
      vertex   -1.328995e+02 8.910000e+01 8.237005e+02
      vertex   -1.350944e+02 8.910000e+01 8.216023e+02
    endloop
  endfacet
  facet normal 0.000000e+00 -1.000000e+00 0.000000e+00
    outer loop
      vertex   -1.674662e+02 8.910000e+01 7.883338e+02
      vertex   -1.677005e+02 8.910000e+01 7.888995e+02
      vertex   -1.676396e+02 8.910000e+01 7.885933e+02
    endloop
  endfacet
  facet normal 0.000000e+00 -1.000000e+00 0.000000e+00
    outer loop
      vertex   -1.674662e+02 8.910000e+01 7.883338e+02
      vertex   -1.676396e+02 8.910000e+01 7.885933e+02
      vertex   -1.675657e+02 8.910000e+01 7.884550e+02
    endloop
  endfacet
  facet normal 0.000000e+00 -1.000000e+00 0.000000e+00
    outer loop
      vertex   -1.606019e+02 8.910000e+01 7.951981e+02
      vertex   -1.606019e+02 8.910000e+01 8.166019e+02
      vertex   -1.610944e+02 8.910000e+01 8.161977e+02
    endloop
  endfacet
  facet normal 0.000000e+00 -1.000000e+00 0.000000e+00
    outer loop
      vertex   -1.606019e+02 8.910000e+01 7.951981e+02
      vertex   -1.610944e+02 8.910000e+01 8.161977e+02
      vertex   -1.610944e+02 8.910000e+01 7.956023e+02
    endloop
  endfacet
  facet normal 0.000000e+00 -1.000000e+00 0.000000e+00
    outer loop
      vertex   -1.673450e+02 8.910000e+01 7.882343e+02
      vertex   -1.677005e+02 8.910000e+01 7.888995e+02
      vertex   -1.674662e+02 8.910000e+01 7.883338e+02
    endloop
  endfacet
  facet normal 0.000000e+00 -1.000000e+00 0.000000e+00
    outer loop
      vertex   -1.321604e+02 8.910000e+01 8.232067e+02
      vertex   -1.323338e+02 8.910000e+01 8.234662e+02
      vertex   -1.324550e+02 8.910000e+01 8.235657e+02
    endloop
  endfacet
  facet normal 0.000000e+00 -1.000000e+00 0.000000e+00
    outer loop
      vertex   -1.321604e+02 8.910000e+01 8.232067e+02
      vertex   -1.322343e+02 8.910000e+01 8.233450e+02
      vertex   -1.323338e+02 8.910000e+01 8.234662e+02
    endloop
  endfacet
  facet normal 0.000000e+00 -1.000000e+00 0.000000e+00
    outer loop
      vertex   -1.321149e+02 8.910000e+01 8.230566e+02
      vertex   -1.324550e+02 8.910000e+01 8.235657e+02
      vertex   -1.328995e+02 8.910000e+01 8.237005e+02
    endloop
  endfacet
  facet normal 0.000000e+00 -1.000000e+00 0.000000e+00
    outer loop
      vertex   -1.321149e+02 8.910000e+01 8.230566e+02
      vertex   -1.321604e+02 8.910000e+01 8.232067e+02
      vertex   -1.324550e+02 8.910000e+01 8.235657e+02
    endloop
  endfacet
  facet normal -0.000000e+00 -1.000000e+00 0.000000e+00
    outer loop
      vertex   -1.320995e+02 8.910000e+01 8.229005e+02
      vertex   -1.328995e+02 8.910000e+01 8.237005e+02
      vertex   -1.346019e+02 8.910000e+01 8.211981e+02
    endloop
  endfacet
  facet normal 0.000000e+00 -1.000000e+00 0.000000e+00
    outer loop
      vertex   -1.320995e+02 8.910000e+01 8.229005e+02
      vertex   -1.321149e+02 8.910000e+01 8.230566e+02
      vertex   -1.328995e+02 8.910000e+01 8.237005e+02
    endloop
  endfacet
  facet normal 0.000000e+00 -1.000000e+00 0.000000e+00
    outer loop
      vertex   -1.669005e+02 8.910000e+01 7.880995e+02
      vertex   -1.651981e+02 8.910000e+01 7.906019e+02
      vertex   -1.677005e+02 8.910000e+01 7.888995e+02
    endloop
  endfacet
  facet normal 0.000000e+00 -1.000000e+00 0.000000e+00
    outer loop
      vertex   -1.669005e+02 8.910000e+01 7.880995e+02
      vertex   -1.672067e+02 8.910000e+01 7.881604e+02
      vertex   -1.670566e+02 8.910000e+01 7.881149e+02
    endloop
  endfacet
  facet normal 0.000000e+00 -1.000000e+00 0.000000e+00
    outer loop
      vertex   -1.669005e+02 8.910000e+01 7.880995e+02
      vertex   -1.673450e+02 8.910000e+01 7.882343e+02
      vertex   -1.672067e+02 8.910000e+01 7.881604e+02
    endloop
  endfacet
  facet normal 0.000000e+00 -1.000000e+00 0.000000e+00
    outer loop
      vertex   -1.669005e+02 8.910000e+01 7.880995e+02
      vertex   -1.677005e+02 8.910000e+01 7.888995e+02
      vertex   -1.673450e+02 8.910000e+01 7.882343e+02
    endloop
  endfacet
  facet normal -0.000000e+00 -1.000000e+00 0.000000e+00
    outer loop
      vertex   -1.647056e+02 8.910000e+01 7.901977e+02
      vertex   -1.651981e+02 8.910000e+01 7.906019e+02
      vertex   -1.669005e+02 8.910000e+01 7.880995e+02
    endloop
  endfacet
  facet normal 0.000000e+00 -1.000000e+00 0.000000e+00
    outer loop
      vertex   -1.341977e+02 8.910000e+01 8.207056e+02
      vertex   -1.320995e+02 8.910000e+01 8.229005e+02
      vertex   -1.346019e+02 8.910000e+01 8.211981e+02
    endloop
  endfacet
  facet normal 0.000000e+00 -1.000000e+00 0.000000e+00
    outer loop
      vertex   -1.338974e+02 8.910000e+01 8.201437e+02
      vertex   -1.320995e+02 8.910000e+01 8.229005e+02
      vertex   -1.341977e+02 8.910000e+01 8.207056e+02
    endloop
  endfacet
  facet normal -0.000000e+00 -1.000000e+00 0.000000e+00
    outer loop
      vertex   -1.641437e+02 8.910000e+01 7.898974e+02
      vertex   -1.647056e+02 8.910000e+01 7.901977e+02
      vertex   -1.669005e+02 8.910000e+01 7.880995e+02
    endloop
  endfacet
  facet normal -0.000000e+00 -1.000000e+00 0.000000e+00
    outer loop
      vertex   -1.635340e+02 8.910000e+01 7.897124e+02
      vertex   -1.641437e+02 8.910000e+01 7.898974e+02
      vertex   -1.669005e+02 8.910000e+01 7.880995e+02
    endloop
  endfacet
  facet normal 0.000000e+00 -1.000000e+00 0.000000e+00
    outer loop
      vertex   -1.337124e+02 8.910000e+01 8.195340e+02
      vertex   -1.320995e+02 8.910000e+01 8.229005e+02
      vertex   -1.338974e+02 8.910000e+01 8.201437e+02
    endloop
  endfacet
  facet normal 0.000000e+00 -1.000000e+00 0.000000e+00
    outer loop
      vertex   -1.336500e+02 8.910000e+01 8.189000e+02
      vertex   -1.320995e+02 8.910000e+01 8.229005e+02
      vertex   -1.337124e+02 8.910000e+01 8.195340e+02
    endloop
  endfacet
  facet normal -0.000000e+00 -1.000000e+00 0.000000e+00
    outer loop
      vertex   -1.629000e+02 8.910000e+01 7.896500e+02
      vertex   -1.635340e+02 8.910000e+01 7.897124e+02
      vertex   -1.669005e+02 8.910000e+01 7.880995e+02
    endloop
  endfacet
  facet normal 0.000000e+00 -1.000000e+00 0.000000e+00
    outer loop
      vertex   -1.337124e+02 8.910000e+01 8.182660e+02
      vertex   -1.320995e+02 8.910000e+01 8.229005e+02
      vertex   -1.336500e+02 8.910000e+01 8.189000e+02
    endloop
  endfacet
  facet normal 0.000000e+00 -1.000000e+00 0.000000e+00
    outer loop
      vertex   -1.622660e+02 8.910000e+01 7.897124e+02
      vertex   -1.629000e+02 8.910000e+01 7.896500e+02
      vertex   -1.669005e+02 8.910000e+01 7.880995e+02
    endloop
  endfacet
  facet normal -0.000000e+00 -1.000000e+00 0.000000e+00
    outer loop
      vertex   -1.391981e+02 8.910000e+01 7.951981e+02
      vertex   -1.606019e+02 8.910000e+01 7.951981e+02
      vertex   -1.601977e+02 8.910000e+01 7.947056e+02
    endloop
  endfacet
  facet normal 0.000000e+00 -1.000000e+00 0.000000e+00
    outer loop
      vertex   -1.391981e+02 8.910000e+01 7.951981e+02
      vertex   -1.606019e+02 8.910000e+01 8.166019e+02
      vertex   -1.606019e+02 8.910000e+01 7.951981e+02
    endloop
  endfacet
  facet normal 0.000000e+00 -1.000000e+00 0.000000e+00
    outer loop
      vertex   -1.391981e+02 8.910000e+01 7.951981e+02
      vertex   -1.387056e+02 8.910000e+01 8.161977e+02
      vertex   -1.391981e+02 8.910000e+01 8.166019e+02
    endloop
  endfacet
  facet normal 0.000000e+00 -1.000000e+00 0.000000e+00
    outer loop
      vertex   -1.391981e+02 8.910000e+01 7.951981e+02
      vertex   -1.391981e+02 8.910000e+01 8.166019e+02
      vertex   -1.606019e+02 8.910000e+01 8.166019e+02
    endloop
  endfacet
  facet normal -0.000000e+00 -1.000000e+00 0.000000e+00
    outer loop
      vertex   -1.396023e+02 8.910000e+01 7.947056e+02
      vertex   -1.601977e+02 8.910000e+01 7.947056e+02
      vertex   -1.598974e+02 8.910000e+01 7.941437e+02
    endloop
  endfacet
  facet normal 0.000000e+00 -1.000000e+00 0.000000e+00
    outer loop
      vertex   -1.396023e+02 8.910000e+01 7.947056e+02
      vertex   -1.391981e+02 8.910000e+01 7.951981e+02
      vertex   -1.601977e+02 8.910000e+01 7.947056e+02
    endloop
  endfacet
  facet normal -0.000000e+00 -1.000000e+00 0.000000e+00
    outer loop
      vertex   -1.387056e+02 8.910000e+01 7.956023e+02
      vertex   -1.387056e+02 8.910000e+01 8.161977e+02
      vertex   -1.391981e+02 8.910000e+01 7.951981e+02
    endloop
  endfacet
  facet normal -0.000000e+00 -1.000000e+00 0.000000e+00
    outer loop
      vertex   -1.381437e+02 8.910000e+01 7.959026e+02
      vertex   -1.387056e+02 8.910000e+01 8.161977e+02
      vertex   -1.387056e+02 8.910000e+01 7.956023e+02
    endloop
  endfacet
  facet normal 0.000000e+00 -1.000000e+00 0.000000e+00
    outer loop
      vertex   -1.381437e+02 8.910000e+01 7.959026e+02
      vertex   -1.375340e+02 8.910000e+01 8.157125e+02
      vertex   -1.381437e+02 8.910000e+01 8.158974e+02
    endloop
  endfacet
  facet normal 0.000000e+00 -1.000000e+00 0.000000e+00
    outer loop
      vertex   -1.381437e+02 8.910000e+01 7.959026e+02
      vertex   -1.381437e+02 8.910000e+01 8.158974e+02
      vertex   -1.387056e+02 8.910000e+01 8.161977e+02
    endloop
  endfacet
  facet normal -0.000000e+00 -1.000000e+00 0.000000e+00
    outer loop
      vertex   -1.399026e+02 8.910000e+01 7.941437e+02
      vertex   -1.598974e+02 8.910000e+01 7.941437e+02
      vertex   -1.597125e+02 8.910000e+01 7.935340e+02
    endloop
  endfacet
  facet normal 0.000000e+00 -1.000000e+00 0.000000e+00
    outer loop
      vertex   -1.399026e+02 8.910000e+01 7.941437e+02
      vertex   -1.396023e+02 8.910000e+01 7.947056e+02
      vertex   -1.598974e+02 8.910000e+01 7.941437e+02
    endloop
  endfacet
  facet normal -0.000000e+00 -1.000000e+00 0.000000e+00
    outer loop
      vertex   -1.375340e+02 8.910000e+01 7.960876e+02
      vertex   -1.375340e+02 8.910000e+01 8.157125e+02
      vertex   -1.381437e+02 8.910000e+01 7.959026e+02
    endloop
  endfacet
  facet normal 0.000000e+00 -1.000000e+00 0.000000e+00
    outer loop
      vertex   -1.375340e+02 8.910000e+01 7.960876e+02
      vertex   -1.369000e+02 8.910000e+01 8.156500e+02
      vertex   -1.375340e+02 8.910000e+01 8.157125e+02
    endloop
  endfacet
  facet normal 0.000000e+00 -1.000000e+00 0.000000e+00
    outer loop
      vertex   -1.400875e+02 8.910000e+01 7.935340e+02
      vertex   -1.399026e+02 8.910000e+01 7.941437e+02
      vertex   -1.597125e+02 8.910000e+01 7.935340e+02
    endloop
  endfacet
  facet normal -0.000000e+00 -1.000000e+00 0.000000e+00
    outer loop
      vertex   -1.400875e+02 8.910000e+01 7.935340e+02
      vertex   -1.597125e+02 8.910000e+01 7.935340e+02
      vertex   -1.596500e+02 8.910000e+01 7.929000e+02
    endloop
  endfacet
  facet normal 0.000000e+00 -1.000000e+00 0.000000e+00
    outer loop
      vertex   -1.401500e+02 8.910000e+01 7.929000e+02
      vertex   -1.400875e+02 8.910000e+01 7.935340e+02
      vertex   -1.596500e+02 8.910000e+01 7.929000e+02
    endloop
  endfacet
  facet normal -0.000000e+00 -1.000000e+00 0.000000e+00
    outer loop
      vertex   -1.369000e+02 8.910000e+01 7.961500e+02
      vertex   -1.369000e+02 8.910000e+01 8.156500e+02
      vertex   -1.375340e+02 8.910000e+01 7.960876e+02
    endloop
  endfacet
  facet normal 0.000000e+00 -1.000000e+00 0.000000e+00
    outer loop
      vertex   -1.369000e+02 8.910000e+01 7.961500e+02
      vertex   -1.362660e+02 8.910000e+01 8.157125e+02
      vertex   -1.369000e+02 8.910000e+01 8.156500e+02
    endloop
  endfacet
  facet normal 0.000000e+00 -1.000000e+00 0.000000e+00
    outer loop
      vertex   -1.362660e+02 8.910000e+01 7.960876e+02
      vertex   -1.362660e+02 8.910000e+01 8.157125e+02
      vertex   -1.369000e+02 8.910000e+01 7.961500e+02
    endloop
  endfacet
  facet normal 0.000000e+00 -1.000000e+00 0.000000e+00
    outer loop
      vertex   -1.362660e+02 8.910000e+01 7.960876e+02
      vertex   -1.356563e+02 8.910000e+01 8.158974e+02
      vertex   -1.362660e+02 8.910000e+01 8.157125e+02
    endloop
  endfacet
  facet normal 0.000000e+00 -1.000000e+00 0.000000e+00
    outer loop
      vertex   -1.400875e+02 8.910000e+01 7.922660e+02
      vertex   -1.596500e+02 8.910000e+01 7.929000e+02
      vertex   -1.597125e+02 8.910000e+01 7.922660e+02
    endloop
  endfacet
  facet normal 0.000000e+00 -1.000000e+00 0.000000e+00
    outer loop
      vertex   -1.400875e+02 8.910000e+01 7.922660e+02
      vertex   -1.401500e+02 8.910000e+01 7.929000e+02
      vertex   -1.596500e+02 8.910000e+01 7.929000e+02
    endloop
  endfacet
  facet normal 0.000000e+00 -1.000000e+00 0.000000e+00
    outer loop
      vertex   -1.356563e+02 8.910000e+01 7.959026e+02
      vertex   -1.356563e+02 8.910000e+01 8.158974e+02
      vertex   -1.362660e+02 8.910000e+01 7.960876e+02
    endloop
  endfacet
  facet normal 0.000000e+00 -1.000000e+00 0.000000e+00
    outer loop
      vertex   -1.399026e+02 8.910000e+01 7.916563e+02
      vertex   -1.597125e+02 8.910000e+01 7.922660e+02
      vertex   -1.598974e+02 8.910000e+01 7.916563e+02
    endloop
  endfacet
  facet normal 0.000000e+00 -1.000000e+00 0.000000e+00
    outer loop
      vertex   -1.399026e+02 8.910000e+01 7.916563e+02
      vertex   -1.400875e+02 8.910000e+01 7.922660e+02
      vertex   -1.597125e+02 8.910000e+01 7.922660e+02
    endloop
  endfacet
  facet normal 0.000000e+00 -1.000000e+00 0.000000e+00
    outer loop
      vertex   -1.396023e+02 8.910000e+01 7.910944e+02
      vertex   -1.598974e+02 8.910000e+01 7.916563e+02
      vertex   -1.601977e+02 8.910000e+01 7.910944e+02
    endloop
  endfacet
  facet normal 0.000000e+00 -1.000000e+00 0.000000e+00
    outer loop
      vertex   -1.396023e+02 8.910000e+01 7.910944e+02
      vertex   -1.399026e+02 8.910000e+01 7.916563e+02
      vertex   -1.598974e+02 8.910000e+01 7.916563e+02
    endloop
  endfacet
  facet normal 0.000000e+00 -1.000000e+00 0.000000e+00
    outer loop
      vertex   -1.350944e+02 8.910000e+01 7.956023e+02
      vertex   -1.356563e+02 8.910000e+01 8.158974e+02
      vertex   -1.356563e+02 8.910000e+01 7.959026e+02
    endloop
  endfacet
  facet normal 0.000000e+00 -1.000000e+00 0.000000e+00
    outer loop
      vertex   -1.350944e+02 8.910000e+01 7.956023e+02
      vertex   -1.350944e+02 8.910000e+01 8.161977e+02
      vertex   -1.356563e+02 8.910000e+01 8.158974e+02
    endloop
  endfacet
  facet normal 0.000000e+00 -1.000000e+00 0.000000e+00
    outer loop
      vertex   -1.391981e+02 8.910000e+01 7.906019e+02
      vertex   -1.601977e+02 8.910000e+01 7.910944e+02
      vertex   -1.606019e+02 8.910000e+01 7.906019e+02
    endloop
  endfacet
  facet normal 0.000000e+00 -1.000000e+00 0.000000e+00
    outer loop
      vertex   -1.391981e+02 8.910000e+01 7.906019e+02
      vertex   -1.396023e+02 8.910000e+01 7.910944e+02
      vertex   -1.601977e+02 8.910000e+01 7.910944e+02
    endloop
  endfacet
  facet normal 0.000000e+00 -1.000000e+00 0.000000e+00
    outer loop
      vertex   -1.346019e+02 8.910000e+01 7.951981e+02
      vertex   -1.350944e+02 8.910000e+01 8.161977e+02
      vertex   -1.350944e+02 8.910000e+01 7.956023e+02
    endloop
  endfacet
  facet normal 0.000000e+00 -1.000000e+00 0.000000e+00
    outer loop
      vertex   -1.346019e+02 8.910000e+01 7.951981e+02
      vertex   -1.346019e+02 8.910000e+01 8.166019e+02
      vertex   -1.350944e+02 8.910000e+01 8.161977e+02
    endloop
  endfacet
  facet normal 0.000000e+00 -1.000000e+00 0.000000e+00
    outer loop
      vertex   -1.387056e+02 8.910000e+01 7.901977e+02
      vertex   -1.606019e+02 8.910000e+01 7.906019e+02
      vertex   -1.610944e+02 8.910000e+01 7.901977e+02
    endloop
  endfacet
  facet normal 0.000000e+00 -1.000000e+00 0.000000e+00
    outer loop
      vertex   -1.387056e+02 8.910000e+01 7.901977e+02
      vertex   -1.391981e+02 8.910000e+01 7.906019e+02
      vertex   -1.606019e+02 8.910000e+01 7.906019e+02
    endloop
  endfacet
  facet normal 0.000000e+00 -1.000000e+00 0.000000e+00
    outer loop
      vertex   -1.341977e+02 8.910000e+01 7.947056e+02
      vertex   -1.346019e+02 8.910000e+01 8.166019e+02
      vertex   -1.346019e+02 8.910000e+01 7.951981e+02
    endloop
  endfacet
  facet normal 0.000000e+00 -1.000000e+00 0.000000e+00
    outer loop
      vertex   -1.341977e+02 8.910000e+01 7.947056e+02
      vertex   -1.341977e+02 8.910000e+01 8.170944e+02
      vertex   -1.346019e+02 8.910000e+01 8.166019e+02
    endloop
  endfacet
  facet normal 0.000000e+00 -1.000000e+00 0.000000e+00
    outer loop
      vertex   -1.338974e+02 8.910000e+01 7.941437e+02
      vertex   -1.341977e+02 8.910000e+01 8.170944e+02
      vertex   -1.341977e+02 8.910000e+01 7.947056e+02
    endloop
  endfacet
  facet normal 0.000000e+00 -1.000000e+00 0.000000e+00
    outer loop
      vertex   -1.338974e+02 8.910000e+01 7.941437e+02
      vertex   -1.338974e+02 8.910000e+01 8.176563e+02
      vertex   -1.341977e+02 8.910000e+01 8.170944e+02
    endloop
  endfacet
  facet normal 0.000000e+00 -1.000000e+00 0.000000e+00
    outer loop
      vertex   -1.337124e+02 8.910000e+01 7.935340e+02
      vertex   -1.338974e+02 8.910000e+01 8.176563e+02
      vertex   -1.338974e+02 8.910000e+01 7.941437e+02
    endloop
  endfacet
  facet normal 0.000000e+00 -1.000000e+00 0.000000e+00
    outer loop
      vertex   -1.337124e+02 8.910000e+01 7.935340e+02
      vertex   -1.337124e+02 8.910000e+01 8.182660e+02
      vertex   -1.338974e+02 8.910000e+01 8.176563e+02
    endloop
  endfacet
  facet normal 0.000000e+00 -1.000000e+00 0.000000e+00
    outer loop
      vertex   -1.320995e+02 8.910000e+01 7.888995e+02
      vertex   -1.337124e+02 8.910000e+01 7.935340e+02
      vertex   -1.336500e+02 8.910000e+01 7.929000e+02
    endloop
  endfacet
  facet normal 0.000000e+00 -1.000000e+00 0.000000e+00
    outer loop
      vertex   -1.320995e+02 8.910000e+01 7.888995e+02
      vertex   -1.336500e+02 8.910000e+01 7.929000e+02
      vertex   -1.337124e+02 8.910000e+01 7.922660e+02
    endloop
  endfacet
  facet normal 0.000000e+00 -1.000000e+00 0.000000e+00
    outer loop
      vertex   -1.320995e+02 8.910000e+01 7.888995e+02
      vertex   -1.337124e+02 8.910000e+01 7.922660e+02
      vertex   -1.338974e+02 8.910000e+01 7.916563e+02
    endloop
  endfacet
  facet normal 0.000000e+00 -1.000000e+00 0.000000e+00
    outer loop
      vertex   -1.320995e+02 8.910000e+01 7.888995e+02
      vertex   -1.338974e+02 8.910000e+01 7.916563e+02
      vertex   -1.341977e+02 8.910000e+01 7.910944e+02
    endloop
  endfacet
  facet normal 0.000000e+00 -1.000000e+00 0.000000e+00
    outer loop
      vertex   -1.320995e+02 8.910000e+01 7.888995e+02
      vertex   -1.341977e+02 8.910000e+01 7.910944e+02
      vertex   -1.346019e+02 8.910000e+01 7.906019e+02
    endloop
  endfacet
  facet normal 0.000000e+00 -1.000000e+00 0.000000e+00
    outer loop
      vertex   -1.320995e+02 8.910000e+01 7.888995e+02
      vertex   -1.337124e+02 8.910000e+01 8.182660e+02
      vertex   -1.337124e+02 8.910000e+01 7.935340e+02
    endloop
  endfacet
  facet normal 0.000000e+00 -1.000000e+00 0.000000e+00
    outer loop
      vertex   -1.320995e+02 8.910000e+01 7.888995e+02
      vertex   -1.320995e+02 8.910000e+01 8.229005e+02
      vertex   -1.337124e+02 8.910000e+01 8.182660e+02
    endloop
  endfacet
  facet normal 0.000000e+00 -1.000000e+00 0.000000e+00
    outer loop
      vertex   -1.328995e+02 8.910000e+01 7.880995e+02
      vertex   -1.346019e+02 8.910000e+01 7.906019e+02
      vertex   -1.350944e+02 8.910000e+01 7.901977e+02
    endloop
  endfacet
  facet normal 0.000000e+00 -1.000000e+00 0.000000e+00
    outer loop
      vertex   -1.328995e+02 8.910000e+01 7.880995e+02
      vertex   -1.350944e+02 8.910000e+01 7.901977e+02
      vertex   -1.356563e+02 8.910000e+01 7.898974e+02
    endloop
  endfacet
  facet normal 0.000000e+00 -1.000000e+00 0.000000e+00
    outer loop
      vertex   -1.328995e+02 8.910000e+01 7.880995e+02
      vertex   -1.356563e+02 8.910000e+01 7.898974e+02
      vertex   -1.362660e+02 8.910000e+01 7.897124e+02
    endloop
  endfacet
  facet normal 0.000000e+00 -1.000000e+00 0.000000e+00
    outer loop
      vertex   -1.328995e+02 8.910000e+01 7.880995e+02
      vertex   -1.362660e+02 8.910000e+01 7.897124e+02
      vertex   -1.369000e+02 8.910000e+01 7.896500e+02
    endloop
  endfacet
  facet normal 0.000000e+00 -1.000000e+00 0.000000e+00
    outer loop
      vertex   -1.328995e+02 8.910000e+01 7.880995e+02
      vertex   -1.369000e+02 8.910000e+01 7.896500e+02
      vertex   -1.375340e+02 8.910000e+01 7.897124e+02
    endloop
  endfacet
  facet normal 0.000000e+00 -1.000000e+00 0.000000e+00
    outer loop
      vertex   -1.328995e+02 8.910000e+01 7.880995e+02
      vertex   -1.320995e+02 8.910000e+01 7.888995e+02
      vertex   -1.346019e+02 8.910000e+01 7.906019e+02
    endloop
  endfacet
  facet normal -0.000000e+00 -1.000000e+00 0.000000e+00
    outer loop
      vertex   -1.321149e+02 8.910000e+01 7.887434e+02
      vertex   -1.320995e+02 8.910000e+01 7.888995e+02
      vertex   -1.328995e+02 8.910000e+01 7.880995e+02
    endloop
  endfacet
  facet normal 0.000000e+00 -1.000000e+00 0.000000e+00
    outer loop
      vertex   -1.322343e+02 8.910000e+01 7.884550e+02
      vertex   -1.321604e+02 8.910000e+01 7.885933e+02
      vertex   -1.321149e+02 8.910000e+01 7.887434e+02
    endloop
  endfacet
  facet normal 0.000000e+00 -1.000000e+00 0.000000e+00
    outer loop
      vertex   -1.322343e+02 8.910000e+01 7.884550e+02
      vertex   -1.328995e+02 8.910000e+01 7.880995e+02
      vertex   -1.327434e+02 8.910000e+01 7.881149e+02
    endloop
  endfacet
  facet normal -0.000000e+00 -1.000000e+00 0.000000e+00
    outer loop
      vertex   -1.322343e+02 8.910000e+01 7.884550e+02
      vertex   -1.321149e+02 8.910000e+01 7.887434e+02
      vertex   -1.328995e+02 8.910000e+01 7.880995e+02
    endloop
  endfacet
  facet normal 0.000000e+00 -1.000000e+00 0.000000e+00
    outer loop
      vertex   -1.324550e+02 8.910000e+01 7.882343e+02
      vertex   -1.327434e+02 8.910000e+01 7.881149e+02
      vertex   -1.325933e+02 8.910000e+01 7.881604e+02
    endloop
  endfacet
  facet normal 0.000000e+00 -1.000000e+00 0.000000e+00
    outer loop
      vertex   -1.323338e+02 8.910000e+01 7.883338e+02
      vertex   -1.327434e+02 8.910000e+01 7.881149e+02
      vertex   -1.324550e+02 8.910000e+01 7.882343e+02
    endloop
  endfacet
  facet normal -0.000000e+00 -1.000000e+00 0.000000e+00
    outer loop
      vertex   -1.323338e+02 8.910000e+01 7.883338e+02
      vertex   -1.322343e+02 8.910000e+01 7.884550e+02
      vertex   -1.327434e+02 8.910000e+01 7.881149e+02
    endloop
  endfacet
  facet normal 0.000000e+00 -1.000000e+00 0.000000e+00
    outer loop
      vertex   -1.328995e+02 8.910000e+01 7.880995e+02
      vertex   -1.622660e+02 8.910000e+01 7.897124e+02
      vertex   -1.669005e+02 8.910000e+01 7.880995e+02
    endloop
  endfacet
  facet normal 0.000000e+00 -1.000000e+00 0.000000e+00
    outer loop
      vertex   -1.328995e+02 8.910000e+01 7.880995e+02
      vertex   -1.616563e+02 8.910000e+01 7.898974e+02
      vertex   -1.622660e+02 8.910000e+01 7.897124e+02
    endloop
  endfacet
  facet normal 0.000000e+00 -1.000000e+00 0.000000e+00
    outer loop
      vertex   -1.328995e+02 8.910000e+01 7.880995e+02
      vertex   -1.610944e+02 8.910000e+01 7.901977e+02
      vertex   -1.616563e+02 8.910000e+01 7.898974e+02
    endloop
  endfacet
  facet normal 0.000000e+00 -1.000000e+00 0.000000e+00
    outer loop
      vertex   -1.328995e+02 8.910000e+01 7.880995e+02
      vertex   -1.375340e+02 8.910000e+01 7.897124e+02
      vertex   -1.610944e+02 8.910000e+01 7.901977e+02
    endloop
  endfacet
  facet normal 0.000000e+00 -1.000000e+00 0.000000e+00
    outer loop
      vertex   -1.375340e+02 8.910000e+01 7.897124e+02
      vertex   -1.381437e+02 8.910000e+01 7.898974e+02
      vertex   -1.610944e+02 8.910000e+01 7.901977e+02
    endloop
  endfacet
  facet normal 0.000000e+00 -1.000000e+00 0.000000e+00
    outer loop
      vertex   -1.381437e+02 8.910000e+01 7.898974e+02
      vertex   -1.387056e+02 8.910000e+01 7.901977e+02
      vertex   -1.610944e+02 8.910000e+01 7.901977e+02
    endloop
  endfacet
  facet normal 0.000000e+00 -7.071068e-01 7.071068e-01
    outer loop
      vertex   -1.328995e+02 8.910000e+01 8.237005e+02
      vertex   -1.669005e+02 8.989902e+01 8.244995e+02
      vertex   -1.669005e+02 8.910000e+01 8.237005e+02
    endloop
  endfacet
  facet normal 0.000000e+00 -7.071068e-01 7.071068e-01
    outer loop
      vertex   -1.328995e+02 8.910000e+01 8.237005e+02
      vertex   -1.328995e+02 8.989902e+01 8.244995e+02
      vertex   -1.669005e+02 8.989902e+01 8.244995e+02
    endloop
  endfacet
  facet normal 0.000000e+00 -7.071068e-01 -7.071068e-01
    outer loop
      vertex   -1.669005e+02 8.910000e+01 8.300995e+02
      vertex   -1.669005e+02 8.989902e+01 8.293005e+02
      vertex   -1.328995e+02 8.989902e+01 8.293005e+02
    endloop
  endfacet
  facet normal 0.000000e+00 -7.071068e-01 -7.071068e-01
    outer loop
      vertex   -1.669005e+02 8.910000e+01 8.300995e+02
      vertex   -1.328995e+02 8.989902e+01 8.293005e+02
      vertex   -1.328995e+02 8.910000e+01 8.300995e+02
    endloop
  endfacet
  facet normal 0.000000e+00 -1.000000e+00 0.000000e+00
    outer loop
      vertex   -1.676396e+02 8.910000e+01 8.652066e+02
      vertex   -1.674662e+02 8.910000e+01 8.654662e+02
      vertex   -1.675657e+02 8.910000e+01 8.653450e+02
    endloop
  endfacet
  facet normal 0.000000e+00 -1.000000e+00 0.000000e+00
    outer loop
      vertex   -1.672067e+02 8.910000e+01 8.656396e+02
      vertex   -1.673450e+02 8.910000e+01 8.655657e+02
      vertex   -1.674662e+02 8.910000e+01 8.654662e+02
    endloop
  endfacet
  facet normal 0.000000e+00 -1.000000e+00 0.000000e+00
    outer loop
      vertex   -1.672067e+02 8.910000e+01 8.656396e+02
      vertex   -1.674662e+02 8.910000e+01 8.654662e+02
      vertex   -1.676396e+02 8.910000e+01 8.652066e+02
    endloop
  endfacet
  facet normal 0.000000e+00 -1.000000e+00 0.000000e+00
    outer loop
      vertex   -1.677005e+02 8.910000e+01 8.649005e+02
      vertex   -1.676396e+02 8.910000e+01 8.652066e+02
      vertex   -1.676851e+02 8.910000e+01 8.650566e+02
    endloop
  endfacet
  facet normal 0.000000e+00 -1.000000e+00 0.000000e+00
    outer loop
      vertex   -1.669005e+02 8.910000e+01 8.657005e+02
      vertex   -1.670566e+02 8.910000e+01 8.656851e+02
      vertex   -1.672067e+02 8.910000e+01 8.656396e+02
    endloop
  endfacet
  facet normal 0.000000e+00 -1.000000e+00 0.000000e+00
    outer loop
      vertex   -1.669005e+02 8.910000e+01 8.657005e+02
      vertex   -1.672067e+02 8.910000e+01 8.656396e+02
      vertex   -1.676396e+02 8.910000e+01 8.652066e+02
    endloop
  endfacet
  facet normal 0.000000e+00 -1.000000e+00 0.000000e+00
    outer loop
      vertex   -1.669005e+02 8.910000e+01 8.657005e+02
      vertex   -1.676396e+02 8.910000e+01 8.652066e+02
      vertex   -1.677005e+02 8.910000e+01 8.649005e+02
    endloop
  endfacet
  facet normal 0.000000e+00 -1.000000e+00 0.000000e+00
    outer loop
      vertex   -1.651981e+02 8.910000e+01 8.631981e+02
      vertex   -1.669005e+02 8.910000e+01 8.657005e+02
      vertex   -1.677005e+02 8.910000e+01 8.649005e+02
    endloop
  endfacet
  facet normal -0.000000e+00 -1.000000e+00 0.000000e+00
    outer loop
      vertex   -1.647056e+02 8.910000e+01 8.636023e+02
      vertex   -1.669005e+02 8.910000e+01 8.657005e+02
      vertex   -1.651981e+02 8.910000e+01 8.631981e+02
    endloop
  endfacet
  facet normal 0.000000e+00 -1.000000e+00 0.000000e+00
    outer loop
      vertex   -1.656023e+02 8.910000e+01 8.627056e+02
      vertex   -1.651981e+02 8.910000e+01 8.631981e+02
      vertex   -1.677005e+02 8.910000e+01 8.649005e+02
    endloop
  endfacet
  facet normal -0.000000e+00 -1.000000e+00 0.000000e+00
    outer loop
      vertex   -1.641437e+02 8.910000e+01 8.639026e+02
      vertex   -1.669005e+02 8.910000e+01 8.657005e+02
      vertex   -1.647056e+02 8.910000e+01 8.636023e+02
    endloop
  endfacet
  facet normal 0.000000e+00 -1.000000e+00 0.000000e+00
    outer loop
      vertex   -1.659026e+02 8.910000e+01 8.621437e+02
      vertex   -1.656023e+02 8.910000e+01 8.627056e+02
      vertex   -1.677005e+02 8.910000e+01 8.649005e+02
    endloop
  endfacet
  facet normal -0.000000e+00 -1.000000e+00 0.000000e+00
    outer loop
      vertex   -1.635340e+02 8.910000e+01 8.640875e+02
      vertex   -1.669005e+02 8.910000e+01 8.657005e+02
      vertex   -1.641437e+02 8.910000e+01 8.639026e+02
    endloop
  endfacet
  facet normal 0.000000e+00 -1.000000e+00 0.000000e+00
    outer loop
      vertex   -1.660876e+02 8.910000e+01 8.615340e+02
      vertex   -1.659026e+02 8.910000e+01 8.621437e+02
      vertex   -1.677005e+02 8.910000e+01 8.649005e+02
    endloop
  endfacet
  facet normal 0.000000e+00 -1.000000e+00 0.000000e+00
    outer loop
      vertex   -1.661500e+02 8.910000e+01 8.609000e+02
      vertex   -1.660876e+02 8.910000e+01 8.615340e+02
      vertex   -1.677005e+02 8.910000e+01 8.649005e+02
    endloop
  endfacet
  facet normal -0.000000e+00 -1.000000e+00 0.000000e+00
    outer loop
      vertex   -1.629000e+02 8.910000e+01 8.641500e+02
      vertex   -1.669005e+02 8.910000e+01 8.657005e+02
      vertex   -1.635340e+02 8.910000e+01 8.640875e+02
    endloop
  endfacet
  facet normal 0.000000e+00 -1.000000e+00 0.000000e+00
    outer loop
      vertex   -1.660876e+02 8.910000e+01 8.602660e+02
      vertex   -1.661500e+02 8.910000e+01 8.609000e+02
      vertex   -1.677005e+02 8.910000e+01 8.649005e+02
    endloop
  endfacet
  facet normal 0.000000e+00 -1.000000e+00 0.000000e+00
    outer loop
      vertex   -1.622660e+02 8.910000e+01 8.640875e+02
      vertex   -1.669005e+02 8.910000e+01 8.657005e+02
      vertex   -1.629000e+02 8.910000e+01 8.641500e+02
    endloop
  endfacet
  facet normal 0.000000e+00 -1.000000e+00 0.000000e+00
    outer loop
      vertex   -1.651981e+02 8.910000e+01 8.371981e+02
      vertex   -1.647056e+02 8.910000e+01 8.581977e+02
      vertex   -1.651981e+02 8.910000e+01 8.586019e+02
    endloop
  endfacet
  facet normal 0.000000e+00 -1.000000e+00 0.000000e+00
    outer loop
      vertex   -1.387056e+02 8.910000e+01 8.636023e+02
      vertex   -1.606019e+02 8.910000e+01 8.631981e+02
      vertex   -1.391981e+02 8.910000e+01 8.631981e+02
    endloop
  endfacet
  facet normal -0.000000e+00 -1.000000e+00 0.000000e+00
    outer loop
      vertex   -1.387056e+02 8.910000e+01 8.636023e+02
      vertex   -1.610944e+02 8.910000e+01 8.636023e+02
      vertex   -1.606019e+02 8.910000e+01 8.631981e+02
    endloop
  endfacet
  facet normal 0.000000e+00 -1.000000e+00 0.000000e+00
    outer loop
      vertex   -1.396023e+02 8.910000e+01 8.627056e+02
      vertex   -1.391981e+02 8.910000e+01 8.631981e+02
      vertex   -1.606019e+02 8.910000e+01 8.631981e+02
    endloop
  endfacet
  facet normal 0.000000e+00 -1.000000e+00 0.000000e+00
    outer loop
      vertex   -1.396023e+02 8.910000e+01 8.627056e+02
      vertex   -1.606019e+02 8.910000e+01 8.631981e+02
      vertex   -1.601977e+02 8.910000e+01 8.627056e+02
    endloop
  endfacet
  facet normal 0.000000e+00 -1.000000e+00 0.000000e+00
    outer loop
      vertex   -1.656023e+02 8.910000e+01 8.367056e+02
      vertex   -1.651981e+02 8.910000e+01 8.371981e+02
      vertex   -1.651981e+02 8.910000e+01 8.586019e+02
    endloop
  endfacet
  facet normal 0.000000e+00 -1.000000e+00 0.000000e+00
    outer loop
      vertex   -1.656023e+02 8.910000e+01 8.367056e+02
      vertex   -1.651981e+02 8.910000e+01 8.586019e+02
      vertex   -1.656023e+02 8.910000e+01 8.590944e+02
    endloop
  endfacet
  facet normal -0.000000e+00 -1.000000e+00 0.000000e+00
    outer loop
      vertex   -1.647056e+02 8.910000e+01 8.376023e+02
      vertex   -1.647056e+02 8.910000e+01 8.581977e+02
      vertex   -1.651981e+02 8.910000e+01 8.371981e+02
    endloop
  endfacet
  facet normal -0.000000e+00 -1.000000e+00 0.000000e+00
    outer loop
      vertex   -1.381437e+02 8.910000e+01 8.639026e+02
      vertex   -1.616563e+02 8.910000e+01 8.639026e+02
      vertex   -1.610944e+02 8.910000e+01 8.636023e+02
    endloop
  endfacet
  facet normal 0.000000e+00 -1.000000e+00 0.000000e+00
    outer loop
      vertex   -1.381437e+02 8.910000e+01 8.639026e+02
      vertex   -1.610944e+02 8.910000e+01 8.636023e+02
      vertex   -1.387056e+02 8.910000e+01 8.636023e+02
    endloop
  endfacet
  facet normal 0.000000e+00 -1.000000e+00 0.000000e+00
    outer loop
      vertex   -1.659026e+02 8.910000e+01 8.361437e+02
      vertex   -1.656023e+02 8.910000e+01 8.367056e+02
      vertex   -1.656023e+02 8.910000e+01 8.590944e+02
    endloop
  endfacet
  facet normal 0.000000e+00 -1.000000e+00 0.000000e+00
    outer loop
      vertex   -1.659026e+02 8.910000e+01 8.361437e+02
      vertex   -1.656023e+02 8.910000e+01 8.590944e+02
      vertex   -1.659026e+02 8.910000e+01 8.596563e+02
    endloop
  endfacet
  facet normal 0.000000e+00 -1.000000e+00 0.000000e+00
    outer loop
      vertex   -1.399026e+02 8.910000e+01 8.621437e+02
      vertex   -1.396023e+02 8.910000e+01 8.627056e+02
      vertex   -1.601977e+02 8.910000e+01 8.627056e+02
    endloop
  endfacet
  facet normal 0.000000e+00 -1.000000e+00 0.000000e+00
    outer loop
      vertex   -1.399026e+02 8.910000e+01 8.621437e+02
      vertex   -1.601977e+02 8.910000e+01 8.627056e+02
      vertex   -1.598974e+02 8.910000e+01 8.621437e+02
    endloop
  endfacet
  facet normal -0.000000e+00 -1.000000e+00 0.000000e+00
    outer loop
      vertex   -1.641437e+02 8.910000e+01 8.379026e+02
      vertex   -1.647056e+02 8.910000e+01 8.581977e+02
      vertex   -1.647056e+02 8.910000e+01 8.376023e+02
    endloop
  endfacet
  facet normal 0.000000e+00 -1.000000e+00 0.000000e+00
    outer loop
      vertex   -1.641437e+02 8.910000e+01 8.379026e+02
      vertex   -1.641437e+02 8.910000e+01 8.578974e+02
      vertex   -1.647056e+02 8.910000e+01 8.581977e+02
    endloop
  endfacet
  facet normal 0.000000e+00 -1.000000e+00 0.000000e+00
    outer loop
      vertex   -1.375340e+02 8.910000e+01 8.640875e+02
      vertex   -1.616563e+02 8.910000e+01 8.639026e+02
      vertex   -1.381437e+02 8.910000e+01 8.639026e+02
    endloop
  endfacet
  facet normal -0.000000e+00 -1.000000e+00 0.000000e+00
    outer loop
      vertex   -1.375340e+02 8.910000e+01 8.640875e+02
      vertex   -1.622660e+02 8.910000e+01 8.640875e+02
      vertex   -1.616563e+02 8.910000e+01 8.639026e+02
    endloop
  endfacet
  facet normal 0.000000e+00 -1.000000e+00 0.000000e+00
    outer loop
      vertex   -1.660876e+02 8.910000e+01 8.355340e+02
      vertex   -1.659026e+02 8.910000e+01 8.361437e+02
      vertex   -1.659026e+02 8.910000e+01 8.596563e+02
    endloop
  endfacet
  facet normal 0.000000e+00 -1.000000e+00 0.000000e+00
    outer loop
      vertex   -1.660876e+02 8.910000e+01 8.355340e+02
      vertex   -1.659026e+02 8.910000e+01 8.596563e+02
      vertex   -1.660876e+02 8.910000e+01 8.602660e+02
    endloop
  endfacet
  facet normal 0.000000e+00 -1.000000e+00 0.000000e+00
    outer loop
      vertex   -1.660876e+02 8.910000e+01 8.355340e+02
      vertex   -1.660876e+02 8.910000e+01 8.602660e+02
      vertex   -1.677005e+02 8.910000e+01 8.649005e+02
    endloop
  endfacet
  facet normal 0.000000e+00 -1.000000e+00 0.000000e+00
    outer loop
      vertex   -1.635340e+02 8.910000e+01 8.380875e+02
      vertex   -1.635340e+02 8.910000e+01 8.577124e+02
      vertex   -1.641437e+02 8.910000e+01 8.578974e+02
    endloop
  endfacet
  facet normal -0.000000e+00 -1.000000e+00 0.000000e+00
    outer loop
      vertex   -1.635340e+02 8.910000e+01 8.380875e+02
      vertex   -1.641437e+02 8.910000e+01 8.578974e+02
      vertex   -1.641437e+02 8.910000e+01 8.379026e+02
    endloop
  endfacet
  facet normal 0.000000e+00 -1.000000e+00 0.000000e+00
    outer loop
      vertex   -1.400875e+02 8.910000e+01 8.615340e+02
      vertex   -1.598974e+02 8.910000e+01 8.621437e+02
      vertex   -1.597125e+02 8.910000e+01 8.615340e+02
    endloop
  endfacet
  facet normal 0.000000e+00 -1.000000e+00 0.000000e+00
    outer loop
      vertex   -1.400875e+02 8.910000e+01 8.615340e+02
      vertex   -1.399026e+02 8.910000e+01 8.621437e+02
      vertex   -1.598974e+02 8.910000e+01 8.621437e+02
    endloop
  endfacet
  facet normal 0.000000e+00 -1.000000e+00 0.000000e+00
    outer loop
      vertex   -1.401500e+02 8.910000e+01 8.609000e+02
      vertex   -1.400875e+02 8.910000e+01 8.615340e+02
      vertex   -1.597125e+02 8.910000e+01 8.615340e+02
    endloop
  endfacet
  facet normal 0.000000e+00 -1.000000e+00 0.000000e+00
    outer loop
      vertex   -1.401500e+02 8.910000e+01 8.609000e+02
      vertex   -1.597125e+02 8.910000e+01 8.615340e+02
      vertex   -1.596500e+02 8.910000e+01 8.609000e+02
    endloop
  endfacet
  facet normal 0.000000e+00 -1.000000e+00 0.000000e+00
    outer loop
      vertex   -1.629000e+02 8.910000e+01 8.381500e+02
      vertex   -1.629000e+02 8.910000e+01 8.576500e+02
      vertex   -1.635340e+02 8.910000e+01 8.577124e+02
    endloop
  endfacet
  facet normal -0.000000e+00 -1.000000e+00 0.000000e+00
    outer loop
      vertex   -1.629000e+02 8.910000e+01 8.381500e+02
      vertex   -1.635340e+02 8.910000e+01 8.577124e+02
      vertex   -1.635340e+02 8.910000e+01 8.380875e+02
    endloop
  endfacet
  facet normal 0.000000e+00 -1.000000e+00 0.000000e+00
    outer loop
      vertex   -1.400875e+02 8.910000e+01 8.602660e+02
      vertex   -1.401500e+02 8.910000e+01 8.609000e+02
      vertex   -1.596500e+02 8.910000e+01 8.609000e+02
    endloop
  endfacet
  facet normal 0.000000e+00 -1.000000e+00 0.000000e+00
    outer loop
      vertex   -1.400875e+02 8.910000e+01 8.602660e+02
      vertex   -1.596500e+02 8.910000e+01 8.609000e+02
      vertex   -1.597125e+02 8.910000e+01 8.602660e+02
    endloop
  endfacet
  facet normal 0.000000e+00 -1.000000e+00 0.000000e+00
    outer loop
      vertex   -1.622660e+02 8.910000e+01 8.380875e+02
      vertex   -1.622660e+02 8.910000e+01 8.577124e+02
      vertex   -1.629000e+02 8.910000e+01 8.576500e+02
    endloop
  endfacet
  facet normal 0.000000e+00 -1.000000e+00 0.000000e+00
    outer loop
      vertex   -1.622660e+02 8.910000e+01 8.380875e+02
      vertex   -1.629000e+02 8.910000e+01 8.576500e+02
      vertex   -1.629000e+02 8.910000e+01 8.381500e+02
    endloop
  endfacet
  facet normal 0.000000e+00 -1.000000e+00 0.000000e+00
    outer loop
      vertex   -1.399026e+02 8.910000e+01 8.596563e+02
      vertex   -1.400875e+02 8.910000e+01 8.602660e+02
      vertex   -1.597125e+02 8.910000e+01 8.602660e+02
    endloop
  endfacet
  facet normal 0.000000e+00 -1.000000e+00 0.000000e+00
    outer loop
      vertex   -1.399026e+02 8.910000e+01 8.596563e+02
      vertex   -1.597125e+02 8.910000e+01 8.602660e+02
      vertex   -1.598974e+02 8.910000e+01 8.596563e+02
    endloop
  endfacet
  facet normal 0.000000e+00 -1.000000e+00 0.000000e+00
    outer loop
      vertex   -1.616563e+02 8.910000e+01 8.379026e+02
      vertex   -1.616563e+02 8.910000e+01 8.578974e+02
      vertex   -1.622660e+02 8.910000e+01 8.577124e+02
    endloop
  endfacet
  facet normal 0.000000e+00 -1.000000e+00 0.000000e+00
    outer loop
      vertex   -1.616563e+02 8.910000e+01 8.379026e+02
      vertex   -1.622660e+02 8.910000e+01 8.577124e+02
      vertex   -1.622660e+02 8.910000e+01 8.380875e+02
    endloop
  endfacet
  facet normal 0.000000e+00 -1.000000e+00 0.000000e+00
    outer loop
      vertex   -1.396023e+02 8.910000e+01 8.590944e+02
      vertex   -1.598974e+02 8.910000e+01 8.596563e+02
      vertex   -1.601977e+02 8.910000e+01 8.590944e+02
    endloop
  endfacet
  facet normal 0.000000e+00 -1.000000e+00 0.000000e+00
    outer loop
      vertex   -1.396023e+02 8.910000e+01 8.590944e+02
      vertex   -1.399026e+02 8.910000e+01 8.596563e+02
      vertex   -1.598974e+02 8.910000e+01 8.596563e+02
    endloop
  endfacet
  facet normal 0.000000e+00 -1.000000e+00 0.000000e+00
    outer loop
      vertex   -1.610944e+02 8.910000e+01 8.376023e+02
      vertex   -1.610944e+02 8.910000e+01 8.581977e+02
      vertex   -1.616563e+02 8.910000e+01 8.578974e+02
    endloop
  endfacet
  facet normal 0.000000e+00 -1.000000e+00 0.000000e+00
    outer loop
      vertex   -1.610944e+02 8.910000e+01 8.376023e+02
      vertex   -1.616563e+02 8.910000e+01 8.578974e+02
      vertex   -1.616563e+02 8.910000e+01 8.379026e+02
    endloop
  endfacet
  facet normal -0.000000e+00 -1.000000e+00 0.000000e+00
    outer loop
      vertex   -1.328995e+02 8.910000e+01 8.657005e+02
      vertex   -1.669005e+02 8.910000e+01 8.657005e+02
      vertex   -1.622660e+02 8.910000e+01 8.640875e+02
    endloop
  endfacet
  facet normal 0.000000e+00 -1.000000e+00 0.000000e+00
    outer loop
      vertex   -1.328995e+02 8.910000e+01 8.657005e+02
      vertex   -1.622660e+02 8.910000e+01 8.640875e+02
      vertex   -1.375340e+02 8.910000e+01 8.640875e+02
    endloop
  endfacet
  facet normal 0.000000e+00 -1.000000e+00 0.000000e+00
    outer loop
      vertex   -1.328995e+02 8.910000e+01 8.657005e+02
      vertex   -1.375340e+02 8.910000e+01 8.640875e+02
      vertex   -1.369000e+02 8.910000e+01 8.641500e+02
    endloop
  endfacet
  facet normal 0.000000e+00 -1.000000e+00 0.000000e+00
    outer loop
      vertex   -1.328995e+02 8.910000e+01 8.657005e+02
      vertex   -1.369000e+02 8.910000e+01 8.641500e+02
      vertex   -1.362660e+02 8.910000e+01 8.640875e+02
    endloop
  endfacet
  facet normal 0.000000e+00 -1.000000e+00 0.000000e+00
    outer loop
      vertex   -1.328995e+02 8.910000e+01 8.657005e+02
      vertex   -1.362660e+02 8.910000e+01 8.640875e+02
      vertex   -1.356563e+02 8.910000e+01 8.639026e+02
    endloop
  endfacet
  facet normal 0.000000e+00 -1.000000e+00 0.000000e+00
    outer loop
      vertex   -1.328995e+02 8.910000e+01 8.657005e+02
      vertex   -1.356563e+02 8.910000e+01 8.639026e+02
      vertex   -1.350944e+02 8.910000e+01 8.636023e+02
    endloop
  endfacet
  facet normal 0.000000e+00 -1.000000e+00 0.000000e+00
    outer loop
      vertex   -1.677005e+02 8.910000e+01 8.308995e+02
      vertex   -1.661500e+02 8.910000e+01 8.349000e+02
      vertex   -1.660876e+02 8.910000e+01 8.355340e+02
    endloop
  endfacet
  facet normal 0.000000e+00 -1.000000e+00 0.000000e+00
    outer loop
      vertex   -1.677005e+02 8.910000e+01 8.308995e+02
      vertex   -1.656023e+02 8.910000e+01 8.330944e+02
      vertex   -1.659026e+02 8.910000e+01 8.336563e+02
    endloop
  endfacet
  facet normal 0.000000e+00 -1.000000e+00 0.000000e+00
    outer loop
      vertex   -1.677005e+02 8.910000e+01 8.308995e+02
      vertex   -1.659026e+02 8.910000e+01 8.336563e+02
      vertex   -1.660876e+02 8.910000e+01 8.342660e+02
    endloop
  endfacet
  facet normal 0.000000e+00 -1.000000e+00 0.000000e+00
    outer loop
      vertex   -1.677005e+02 8.910000e+01 8.308995e+02
      vertex   -1.660876e+02 8.910000e+01 8.342660e+02
      vertex   -1.661500e+02 8.910000e+01 8.349000e+02
    endloop
  endfacet
  facet normal 0.000000e+00 -1.000000e+00 0.000000e+00
    outer loop
      vertex   -1.677005e+02 8.910000e+01 8.308995e+02
      vertex   -1.660876e+02 8.910000e+01 8.355340e+02
      vertex   -1.677005e+02 8.910000e+01 8.649005e+02
    endloop
  endfacet
  facet normal 0.000000e+00 -1.000000e+00 0.000000e+00
    outer loop
      vertex   -1.324550e+02 8.910000e+01 8.655657e+02
      vertex   -1.325933e+02 8.910000e+01 8.656396e+02
      vertex   -1.327434e+02 8.910000e+01 8.656851e+02
    endloop
  endfacet
  facet normal -0.000000e+00 -1.000000e+00 0.000000e+00
    outer loop
      vertex   -1.651981e+02 8.910000e+01 8.326019e+02
      vertex   -1.656023e+02 8.910000e+01 8.330944e+02
      vertex   -1.677005e+02 8.910000e+01 8.308995e+02
    endloop
  endfacet
  facet normal 0.000000e+00 -1.000000e+00 0.000000e+00
    outer loop
      vertex   -1.391981e+02 8.910000e+01 8.586019e+02
      vertex   -1.601977e+02 8.910000e+01 8.590944e+02
      vertex   -1.606019e+02 8.910000e+01 8.586019e+02
    endloop
  endfacet
  facet normal 0.000000e+00 -1.000000e+00 0.000000e+00
    outer loop
      vertex   -1.391981e+02 8.910000e+01 8.586019e+02
      vertex   -1.396023e+02 8.910000e+01 8.590944e+02
      vertex   -1.601977e+02 8.910000e+01 8.590944e+02
    endloop
  endfacet
  facet normal 0.000000e+00 -1.000000e+00 0.000000e+00
    outer loop
      vertex   -1.674662e+02 8.910000e+01 8.303338e+02
      vertex   -1.676396e+02 8.910000e+01 8.305933e+02
      vertex   -1.675657e+02 8.910000e+01 8.304550e+02
    endloop
  endfacet
  facet normal 0.000000e+00 -1.000000e+00 0.000000e+00
    outer loop
      vertex   -1.674662e+02 8.910000e+01 8.303338e+02
      vertex   -1.676851e+02 8.910000e+01 8.307434e+02
      vertex   -1.676396e+02 8.910000e+01 8.305933e+02
    endloop
  endfacet
  facet normal 0.000000e+00 -1.000000e+00 0.000000e+00
    outer loop
      vertex   -1.674662e+02 8.910000e+01 8.303338e+02
      vertex   -1.677005e+02 8.910000e+01 8.308995e+02
      vertex   -1.676851e+02 8.910000e+01 8.307434e+02
    endloop
  endfacet
  facet normal 0.000000e+00 -1.000000e+00 0.000000e+00
    outer loop
      vertex   -1.346019e+02 8.910000e+01 8.631981e+02
      vertex   -1.328995e+02 8.910000e+01 8.657005e+02
      vertex   -1.350944e+02 8.910000e+01 8.636023e+02
    endloop
  endfacet
  facet normal 0.000000e+00 -1.000000e+00 0.000000e+00
    outer loop
      vertex   -1.606019e+02 8.910000e+01 8.371981e+02
      vertex   -1.606019e+02 8.910000e+01 8.586019e+02
      vertex   -1.610944e+02 8.910000e+01 8.581977e+02
    endloop
  endfacet
  facet normal 0.000000e+00 -1.000000e+00 0.000000e+00
    outer loop
      vertex   -1.606019e+02 8.910000e+01 8.371981e+02
      vertex   -1.610944e+02 8.910000e+01 8.581977e+02
      vertex   -1.610944e+02 8.910000e+01 8.376023e+02
    endloop
  endfacet
  facet normal 0.000000e+00 -1.000000e+00 0.000000e+00
    outer loop
      vertex   -1.323338e+02 8.910000e+01 8.654662e+02
      vertex   -1.324550e+02 8.910000e+01 8.655657e+02
      vertex   -1.327434e+02 8.910000e+01 8.656851e+02
    endloop
  endfacet
  facet normal 0.000000e+00 -1.000000e+00 0.000000e+00
    outer loop
      vertex   -1.321604e+02 8.910000e+01 8.652066e+02
      vertex   -1.322343e+02 8.910000e+01 8.653450e+02
      vertex   -1.323338e+02 8.910000e+01 8.654662e+02
    endloop
  endfacet
  facet normal 0.000000e+00 -1.000000e+00 0.000000e+00
    outer loop
      vertex   -1.670566e+02 8.910000e+01 8.301149e+02
      vertex   -1.673450e+02 8.910000e+01 8.302343e+02
      vertex   -1.672067e+02 8.910000e+01 8.301604e+02
    endloop
  endfacet
  facet normal 0.000000e+00 -1.000000e+00 0.000000e+00
    outer loop
      vertex   -1.670566e+02 8.910000e+01 8.301149e+02
      vertex   -1.674662e+02 8.910000e+01 8.303338e+02
      vertex   -1.673450e+02 8.910000e+01 8.302343e+02
    endloop
  endfacet
  facet normal 0.000000e+00 -1.000000e+00 0.000000e+00
    outer loop
      vertex   -1.320995e+02 8.910000e+01 8.649005e+02
      vertex   -1.327434e+02 8.910000e+01 8.656851e+02
      vertex   -1.328995e+02 8.910000e+01 8.657005e+02
    endloop
  endfacet
  facet normal 0.000000e+00 -1.000000e+00 0.000000e+00
    outer loop
      vertex   -1.320995e+02 8.910000e+01 8.649005e+02
      vertex   -1.321149e+02 8.910000e+01 8.650566e+02
      vertex   -1.321604e+02 8.910000e+01 8.652066e+02
    endloop
  endfacet
  facet normal 0.000000e+00 -1.000000e+00 0.000000e+00
    outer loop
      vertex   -1.320995e+02 8.910000e+01 8.649005e+02
      vertex   -1.323338e+02 8.910000e+01 8.654662e+02
      vertex   -1.327434e+02 8.910000e+01 8.656851e+02
    endloop
  endfacet
  facet normal 0.000000e+00 -1.000000e+00 0.000000e+00
    outer loop
      vertex   -1.320995e+02 8.910000e+01 8.649005e+02
      vertex   -1.321604e+02 8.910000e+01 8.652066e+02
      vertex   -1.323338e+02 8.910000e+01 8.654662e+02
    endloop
  endfacet
  facet normal -0.000000e+00 -1.000000e+00 0.000000e+00
    outer loop
      vertex   -1.320995e+02 8.910000e+01 8.649005e+02
      vertex   -1.328995e+02 8.910000e+01 8.657005e+02
      vertex   -1.346019e+02 8.910000e+01 8.631981e+02
    endloop
  endfacet
  facet normal 0.000000e+00 -1.000000e+00 0.000000e+00
    outer loop
      vertex   -1.669005e+02 8.910000e+01 8.300995e+02
      vertex   -1.677005e+02 8.910000e+01 8.308995e+02
      vertex   -1.674662e+02 8.910000e+01 8.303338e+02
    endloop
  endfacet
  facet normal 0.000000e+00 -1.000000e+00 0.000000e+00
    outer loop
      vertex   -1.669005e+02 8.910000e+01 8.300995e+02
      vertex   -1.651981e+02 8.910000e+01 8.326019e+02
      vertex   -1.677005e+02 8.910000e+01 8.308995e+02
    endloop
  endfacet
  facet normal 0.000000e+00 -1.000000e+00 0.000000e+00
    outer loop
      vertex   -1.669005e+02 8.910000e+01 8.300995e+02
      vertex   -1.674662e+02 8.910000e+01 8.303338e+02
      vertex   -1.670566e+02 8.910000e+01 8.301149e+02
    endloop
  endfacet
  facet normal -0.000000e+00 -1.000000e+00 0.000000e+00
    outer loop
      vertex   -1.647056e+02 8.910000e+01 8.321977e+02
      vertex   -1.651981e+02 8.910000e+01 8.326019e+02
      vertex   -1.669005e+02 8.910000e+01 8.300995e+02
    endloop
  endfacet
  facet normal 0.000000e+00 -1.000000e+00 0.000000e+00
    outer loop
      vertex   -1.341977e+02 8.910000e+01 8.627056e+02
      vertex   -1.320995e+02 8.910000e+01 8.649005e+02
      vertex   -1.346019e+02 8.910000e+01 8.631981e+02
    endloop
  endfacet
  facet normal -0.000000e+00 -1.000000e+00 0.000000e+00
    outer loop
      vertex   -1.641437e+02 8.910000e+01 8.318974e+02
      vertex   -1.647056e+02 8.910000e+01 8.321977e+02
      vertex   -1.669005e+02 8.910000e+01 8.300995e+02
    endloop
  endfacet
  facet normal 0.000000e+00 -1.000000e+00 0.000000e+00
    outer loop
      vertex   -1.338974e+02 8.910000e+01 8.621437e+02
      vertex   -1.320995e+02 8.910000e+01 8.649005e+02
      vertex   -1.341977e+02 8.910000e+01 8.627056e+02
    endloop
  endfacet
  facet normal -0.000000e+00 -1.000000e+00 0.000000e+00
    outer loop
      vertex   -1.635340e+02 8.910000e+01 8.317124e+02
      vertex   -1.641437e+02 8.910000e+01 8.318974e+02
      vertex   -1.669005e+02 8.910000e+01 8.300995e+02
    endloop
  endfacet
  facet normal 0.000000e+00 -1.000000e+00 0.000000e+00
    outer loop
      vertex   -1.337124e+02 8.910000e+01 8.615340e+02
      vertex   -1.320995e+02 8.910000e+01 8.649005e+02
      vertex   -1.338974e+02 8.910000e+01 8.621437e+02
    endloop
  endfacet
  facet normal -0.000000e+00 -1.000000e+00 0.000000e+00
    outer loop
      vertex   -1.629000e+02 8.910000e+01 8.316500e+02
      vertex   -1.635340e+02 8.910000e+01 8.317124e+02
      vertex   -1.669005e+02 8.910000e+01 8.300995e+02
    endloop
  endfacet
  facet normal 0.000000e+00 -1.000000e+00 0.000000e+00
    outer loop
      vertex   -1.336500e+02 8.910000e+01 8.609000e+02
      vertex   -1.320995e+02 8.910000e+01 8.649005e+02
      vertex   -1.337124e+02 8.910000e+01 8.615340e+02
    endloop
  endfacet
  facet normal 0.000000e+00 -1.000000e+00 0.000000e+00
    outer loop
      vertex   -1.622660e+02 8.910000e+01 8.317124e+02
      vertex   -1.629000e+02 8.910000e+01 8.316500e+02
      vertex   -1.669005e+02 8.910000e+01 8.300995e+02
    endloop
  endfacet
  facet normal 0.000000e+00 -1.000000e+00 0.000000e+00
    outer loop
      vertex   -1.337124e+02 8.910000e+01 8.602660e+02
      vertex   -1.320995e+02 8.910000e+01 8.649005e+02
      vertex   -1.336500e+02 8.910000e+01 8.609000e+02
    endloop
  endfacet
  facet normal 0.000000e+00 -1.000000e+00 0.000000e+00
    outer loop
      vertex   -1.391981e+02 8.910000e+01 8.371981e+02
      vertex   -1.391981e+02 8.910000e+01 8.586019e+02
      vertex   -1.606019e+02 8.910000e+01 8.586019e+02
    endloop
  endfacet
  facet normal -0.000000e+00 -1.000000e+00 0.000000e+00
    outer loop
      vertex   -1.391981e+02 8.910000e+01 8.371981e+02
      vertex   -1.606019e+02 8.910000e+01 8.371981e+02
      vertex   -1.601977e+02 8.910000e+01 8.367056e+02
    endloop
  endfacet
  facet normal 0.000000e+00 -1.000000e+00 0.000000e+00
    outer loop
      vertex   -1.391981e+02 8.910000e+01 8.371981e+02
      vertex   -1.606019e+02 8.910000e+01 8.586019e+02
      vertex   -1.606019e+02 8.910000e+01 8.371981e+02
    endloop
  endfacet
  facet normal 0.000000e+00 -1.000000e+00 0.000000e+00
    outer loop
      vertex   -1.391981e+02 8.910000e+01 8.371981e+02
      vertex   -1.387056e+02 8.910000e+01 8.581977e+02
      vertex   -1.391981e+02 8.910000e+01 8.586019e+02
    endloop
  endfacet
  facet normal 0.000000e+00 -1.000000e+00 0.000000e+00
    outer loop
      vertex   -1.396023e+02 8.910000e+01 8.367056e+02
      vertex   -1.391981e+02 8.910000e+01 8.371981e+02
      vertex   -1.601977e+02 8.910000e+01 8.367056e+02
    endloop
  endfacet
  facet normal -0.000000e+00 -1.000000e+00 0.000000e+00
    outer loop
      vertex   -1.387056e+02 8.910000e+01 8.376023e+02
      vertex   -1.387056e+02 8.910000e+01 8.581977e+02
      vertex   -1.391981e+02 8.910000e+01 8.371981e+02
    endloop
  endfacet
  facet normal 0.000000e+00 -1.000000e+00 0.000000e+00
    outer loop
      vertex   -1.387056e+02 8.910000e+01 8.376023e+02
      vertex   -1.381437e+02 8.910000e+01 8.578974e+02
      vertex   -1.387056e+02 8.910000e+01 8.581977e+02
    endloop
  endfacet
  facet normal 0.000000e+00 -1.000000e+00 0.000000e+00
    outer loop
      vertex   -1.399026e+02 8.910000e+01 8.361437e+02
      vertex   -1.601977e+02 8.910000e+01 8.367056e+02
      vertex   -1.598974e+02 8.910000e+01 8.361437e+02
    endloop
  endfacet
  facet normal 0.000000e+00 -1.000000e+00 0.000000e+00
    outer loop
      vertex   -1.399026e+02 8.910000e+01 8.361437e+02
      vertex   -1.396023e+02 8.910000e+01 8.367056e+02
      vertex   -1.601977e+02 8.910000e+01 8.367056e+02
    endloop
  endfacet
  facet normal -0.000000e+00 -1.000000e+00 0.000000e+00
    outer loop
      vertex   -1.381437e+02 8.910000e+01 8.379026e+02
      vertex   -1.381437e+02 8.910000e+01 8.578974e+02
      vertex   -1.387056e+02 8.910000e+01 8.376023e+02
    endloop
  endfacet
  facet normal 0.000000e+00 -1.000000e+00 0.000000e+00
    outer loop
      vertex   -1.381437e+02 8.910000e+01 8.379026e+02
      vertex   -1.375340e+02 8.910000e+01 8.577124e+02
      vertex   -1.381437e+02 8.910000e+01 8.578974e+02
    endloop
  endfacet
  facet normal 0.000000e+00 -1.000000e+00 0.000000e+00
    outer loop
      vertex   -1.400875e+02 8.910000e+01 8.355340e+02
      vertex   -1.598974e+02 8.910000e+01 8.361437e+02
      vertex   -1.597125e+02 8.910000e+01 8.355340e+02
    endloop
  endfacet
  facet normal 0.000000e+00 -1.000000e+00 0.000000e+00
    outer loop
      vertex   -1.400875e+02 8.910000e+01 8.355340e+02
      vertex   -1.399026e+02 8.910000e+01 8.361437e+02
      vertex   -1.598974e+02 8.910000e+01 8.361437e+02
    endloop
  endfacet
  facet normal -0.000000e+00 -1.000000e+00 0.000000e+00
    outer loop
      vertex   -1.375340e+02 8.910000e+01 8.380875e+02
      vertex   -1.375340e+02 8.910000e+01 8.577124e+02
      vertex   -1.381437e+02 8.910000e+01 8.379026e+02
    endloop
  endfacet
  facet normal 0.000000e+00 -1.000000e+00 0.000000e+00
    outer loop
      vertex   -1.375340e+02 8.910000e+01 8.380875e+02
      vertex   -1.369000e+02 8.910000e+01 8.576500e+02
      vertex   -1.375340e+02 8.910000e+01 8.577124e+02
    endloop
  endfacet
  facet normal 0.000000e+00 -1.000000e+00 0.000000e+00
    outer loop
      vertex   -1.401500e+02 8.910000e+01 8.349000e+02
      vertex   -1.597125e+02 8.910000e+01 8.355340e+02
      vertex   -1.596500e+02 8.910000e+01 8.349000e+02
    endloop
  endfacet
  facet normal 0.000000e+00 -1.000000e+00 0.000000e+00
    outer loop
      vertex   -1.401500e+02 8.910000e+01 8.349000e+02
      vertex   -1.400875e+02 8.910000e+01 8.355340e+02
      vertex   -1.597125e+02 8.910000e+01 8.355340e+02
    endloop
  endfacet
  facet normal -0.000000e+00 -1.000000e+00 0.000000e+00
    outer loop
      vertex   -1.369000e+02 8.910000e+01 8.381500e+02
      vertex   -1.369000e+02 8.910000e+01 8.576500e+02
      vertex   -1.375340e+02 8.910000e+01 8.380875e+02
    endloop
  endfacet
  facet normal 0.000000e+00 -1.000000e+00 0.000000e+00
    outer loop
      vertex   -1.369000e+02 8.910000e+01 8.381500e+02
      vertex   -1.362660e+02 8.910000e+01 8.577124e+02
      vertex   -1.369000e+02 8.910000e+01 8.576500e+02
    endloop
  endfacet
  facet normal 0.000000e+00 -1.000000e+00 0.000000e+00
    outer loop
      vertex   -1.400875e+02 8.910000e+01 8.342660e+02
      vertex   -1.401500e+02 8.910000e+01 8.349000e+02
      vertex   -1.596500e+02 8.910000e+01 8.349000e+02
    endloop
  endfacet
  facet normal 0.000000e+00 -1.000000e+00 0.000000e+00
    outer loop
      vertex   -1.400875e+02 8.910000e+01 8.342660e+02
      vertex   -1.596500e+02 8.910000e+01 8.349000e+02
      vertex   -1.597125e+02 8.910000e+01 8.342660e+02
    endloop
  endfacet
  facet normal 0.000000e+00 -1.000000e+00 0.000000e+00
    outer loop
      vertex   -1.362660e+02 8.910000e+01 8.380875e+02
      vertex   -1.362660e+02 8.910000e+01 8.577124e+02
      vertex   -1.369000e+02 8.910000e+01 8.381500e+02
    endloop
  endfacet
  facet normal 0.000000e+00 -1.000000e+00 0.000000e+00
    outer loop
      vertex   -1.362660e+02 8.910000e+01 8.380875e+02
      vertex   -1.356563e+02 8.910000e+01 8.578974e+02
      vertex   -1.362660e+02 8.910000e+01 8.577124e+02
    endloop
  endfacet
  facet normal 0.000000e+00 -1.000000e+00 0.000000e+00
    outer loop
      vertex   -1.399026e+02 8.910000e+01 8.336563e+02
      vertex   -1.597125e+02 8.910000e+01 8.342660e+02
      vertex   -1.598974e+02 8.910000e+01 8.336563e+02
    endloop
  endfacet
  facet normal 0.000000e+00 -1.000000e+00 0.000000e+00
    outer loop
      vertex   -1.399026e+02 8.910000e+01 8.336563e+02
      vertex   -1.400875e+02 8.910000e+01 8.342660e+02
      vertex   -1.597125e+02 8.910000e+01 8.342660e+02
    endloop
  endfacet
  facet normal 0.000000e+00 -1.000000e+00 0.000000e+00
    outer loop
      vertex   -1.356563e+02 8.910000e+01 8.379026e+02
      vertex   -1.356563e+02 8.910000e+01 8.578974e+02
      vertex   -1.362660e+02 8.910000e+01 8.380875e+02
    endloop
  endfacet
  facet normal 0.000000e+00 -1.000000e+00 0.000000e+00
    outer loop
      vertex   -1.396023e+02 8.910000e+01 8.330944e+02
      vertex   -1.598974e+02 8.910000e+01 8.336563e+02
      vertex   -1.601977e+02 8.910000e+01 8.330944e+02
    endloop
  endfacet
  facet normal 0.000000e+00 -1.000000e+00 0.000000e+00
    outer loop
      vertex   -1.396023e+02 8.910000e+01 8.330944e+02
      vertex   -1.399026e+02 8.910000e+01 8.336563e+02
      vertex   -1.598974e+02 8.910000e+01 8.336563e+02
    endloop
  endfacet
  facet normal 0.000000e+00 -1.000000e+00 0.000000e+00
    outer loop
      vertex   -1.350944e+02 8.910000e+01 8.376023e+02
      vertex   -1.356563e+02 8.910000e+01 8.578974e+02
      vertex   -1.356563e+02 8.910000e+01 8.379026e+02
    endloop
  endfacet
  facet normal 0.000000e+00 -1.000000e+00 0.000000e+00
    outer loop
      vertex   -1.350944e+02 8.910000e+01 8.376023e+02
      vertex   -1.346019e+02 8.910000e+01 8.586019e+02
      vertex   -1.350944e+02 8.910000e+01 8.581977e+02
    endloop
  endfacet
  facet normal 0.000000e+00 -1.000000e+00 0.000000e+00
    outer loop
      vertex   -1.350944e+02 8.910000e+01 8.376023e+02
      vertex   -1.350944e+02 8.910000e+01 8.581977e+02
      vertex   -1.356563e+02 8.910000e+01 8.578974e+02
    endloop
  endfacet
  facet normal 0.000000e+00 -1.000000e+00 0.000000e+00
    outer loop
      vertex   -1.391981e+02 8.910000e+01 8.326019e+02
      vertex   -1.601977e+02 8.910000e+01 8.330944e+02
      vertex   -1.606019e+02 8.910000e+01 8.326019e+02
    endloop
  endfacet
  facet normal 0.000000e+00 -1.000000e+00 0.000000e+00
    outer loop
      vertex   -1.391981e+02 8.910000e+01 8.326019e+02
      vertex   -1.396023e+02 8.910000e+01 8.330944e+02
      vertex   -1.601977e+02 8.910000e+01 8.330944e+02
    endloop
  endfacet
  facet normal 0.000000e+00 -1.000000e+00 0.000000e+00
    outer loop
      vertex   -1.346019e+02 8.910000e+01 8.371981e+02
      vertex   -1.346019e+02 8.910000e+01 8.586019e+02
      vertex   -1.350944e+02 8.910000e+01 8.376023e+02
    endloop
  endfacet
  facet normal 0.000000e+00 -1.000000e+00 0.000000e+00
    outer loop
      vertex   -1.346019e+02 8.910000e+01 8.371981e+02
      vertex   -1.341977e+02 8.910000e+01 8.590944e+02
      vertex   -1.346019e+02 8.910000e+01 8.586019e+02
    endloop
  endfacet
  facet normal 0.000000e+00 -1.000000e+00 0.000000e+00
    outer loop
      vertex   -1.387056e+02 8.910000e+01 8.321977e+02
      vertex   -1.606019e+02 8.910000e+01 8.326019e+02
      vertex   -1.610944e+02 8.910000e+01 8.321977e+02
    endloop
  endfacet
  facet normal 0.000000e+00 -1.000000e+00 0.000000e+00
    outer loop
      vertex   -1.387056e+02 8.910000e+01 8.321977e+02
      vertex   -1.391981e+02 8.910000e+01 8.326019e+02
      vertex   -1.606019e+02 8.910000e+01 8.326019e+02
    endloop
  endfacet
  facet normal 0.000000e+00 -1.000000e+00 0.000000e+00
    outer loop
      vertex   -1.341977e+02 8.910000e+01 8.367056e+02
      vertex   -1.341977e+02 8.910000e+01 8.590944e+02
      vertex   -1.346019e+02 8.910000e+01 8.371981e+02
    endloop
  endfacet
  facet normal 0.000000e+00 -1.000000e+00 0.000000e+00
    outer loop
      vertex   -1.338974e+02 8.910000e+01 8.361437e+02
      vertex   -1.341977e+02 8.910000e+01 8.590944e+02
      vertex   -1.341977e+02 8.910000e+01 8.367056e+02
    endloop
  endfacet
  facet normal 0.000000e+00 -1.000000e+00 0.000000e+00
    outer loop
      vertex   -1.338974e+02 8.910000e+01 8.361437e+02
      vertex   -1.338974e+02 8.910000e+01 8.596563e+02
      vertex   -1.341977e+02 8.910000e+01 8.590944e+02
    endloop
  endfacet
  facet normal 0.000000e+00 -1.000000e+00 0.000000e+00
    outer loop
      vertex   -1.337124e+02 8.910000e+01 8.355340e+02
      vertex   -1.338974e+02 8.910000e+01 8.596563e+02
      vertex   -1.338974e+02 8.910000e+01 8.361437e+02
    endloop
  endfacet
  facet normal 0.000000e+00 -1.000000e+00 0.000000e+00
    outer loop
      vertex   -1.337124e+02 8.910000e+01 8.355340e+02
      vertex   -1.320995e+02 8.910000e+01 8.649005e+02
      vertex   -1.337124e+02 8.910000e+01 8.602660e+02
    endloop
  endfacet
  facet normal 0.000000e+00 -1.000000e+00 0.000000e+00
    outer loop
      vertex   -1.337124e+02 8.910000e+01 8.355340e+02
      vertex   -1.337124e+02 8.910000e+01 8.602660e+02
      vertex   -1.338974e+02 8.910000e+01 8.596563e+02
    endloop
  endfacet
  facet normal 0.000000e+00 -1.000000e+00 0.000000e+00
    outer loop
      vertex   -1.320995e+02 8.910000e+01 8.308995e+02
      vertex   -1.320995e+02 8.910000e+01 8.649005e+02
      vertex   -1.337124e+02 8.910000e+01 8.355340e+02
    endloop
  endfacet
  facet normal 0.000000e+00 -1.000000e+00 0.000000e+00
    outer loop
      vertex   -1.320995e+02 8.910000e+01 8.308995e+02
      vertex   -1.337124e+02 8.910000e+01 8.355340e+02
      vertex   -1.336500e+02 8.910000e+01 8.349000e+02
    endloop
  endfacet
  facet normal 0.000000e+00 -1.000000e+00 0.000000e+00
    outer loop
      vertex   -1.320995e+02 8.910000e+01 8.308995e+02
      vertex   -1.336500e+02 8.910000e+01 8.349000e+02
      vertex   -1.337124e+02 8.910000e+01 8.342660e+02
    endloop
  endfacet
  facet normal 0.000000e+00 -1.000000e+00 0.000000e+00
    outer loop
      vertex   -1.320995e+02 8.910000e+01 8.308995e+02
      vertex   -1.337124e+02 8.910000e+01 8.342660e+02
      vertex   -1.338974e+02 8.910000e+01 8.336563e+02
    endloop
  endfacet
  facet normal 0.000000e+00 -1.000000e+00 0.000000e+00
    outer loop
      vertex   -1.320995e+02 8.910000e+01 8.308995e+02
      vertex   -1.338974e+02 8.910000e+01 8.336563e+02
      vertex   -1.341977e+02 8.910000e+01 8.330944e+02
    endloop
  endfacet
  facet normal 0.000000e+00 -1.000000e+00 0.000000e+00
    outer loop
      vertex   -1.320995e+02 8.910000e+01 8.308995e+02
      vertex   -1.341977e+02 8.910000e+01 8.330944e+02
      vertex   -1.346019e+02 8.910000e+01 8.326019e+02
    endloop
  endfacet
  facet normal 0.000000e+00 -1.000000e+00 0.000000e+00
    outer loop
      vertex   -1.328995e+02 8.910000e+01 8.300995e+02
      vertex   -1.346019e+02 8.910000e+01 8.326019e+02
      vertex   -1.350944e+02 8.910000e+01 8.321977e+02
    endloop
  endfacet
  facet normal 0.000000e+00 -1.000000e+00 0.000000e+00
    outer loop
      vertex   -1.328995e+02 8.910000e+01 8.300995e+02
      vertex   -1.350944e+02 8.910000e+01 8.321977e+02
      vertex   -1.356563e+02 8.910000e+01 8.318974e+02
    endloop
  endfacet
  facet normal 0.000000e+00 -1.000000e+00 0.000000e+00
    outer loop
      vertex   -1.328995e+02 8.910000e+01 8.300995e+02
      vertex   -1.356563e+02 8.910000e+01 8.318974e+02
      vertex   -1.362660e+02 8.910000e+01 8.317124e+02
    endloop
  endfacet
  facet normal 0.000000e+00 -1.000000e+00 0.000000e+00
    outer loop
      vertex   -1.328995e+02 8.910000e+01 8.300995e+02
      vertex   -1.362660e+02 8.910000e+01 8.317124e+02
      vertex   -1.369000e+02 8.910000e+01 8.316500e+02
    endloop
  endfacet
  facet normal 0.000000e+00 -1.000000e+00 0.000000e+00
    outer loop
      vertex   -1.328995e+02 8.910000e+01 8.300995e+02
      vertex   -1.369000e+02 8.910000e+01 8.316500e+02
      vertex   -1.375340e+02 8.910000e+01 8.317124e+02
    endloop
  endfacet
  facet normal 0.000000e+00 -1.000000e+00 0.000000e+00
    outer loop
      vertex   -1.328995e+02 8.910000e+01 8.300995e+02
      vertex   -1.320995e+02 8.910000e+01 8.308995e+02
      vertex   -1.346019e+02 8.910000e+01 8.326019e+02
    endloop
  endfacet
  facet normal 0.000000e+00 -1.000000e+00 0.000000e+00
    outer loop
      vertex   -1.322343e+02 8.910000e+01 8.304550e+02
      vertex   -1.321149e+02 8.910000e+01 8.307434e+02
      vertex   -1.320995e+02 8.910000e+01 8.308995e+02
    endloop
  endfacet
  facet normal 0.000000e+00 -1.000000e+00 0.000000e+00
    outer loop
      vertex   -1.322343e+02 8.910000e+01 8.304550e+02
      vertex   -1.321604e+02 8.910000e+01 8.305933e+02
      vertex   -1.321149e+02 8.910000e+01 8.307434e+02
    endloop
  endfacet
  facet normal 0.000000e+00 -1.000000e+00 0.000000e+00
    outer loop
      vertex   -1.324550e+02 8.910000e+01 8.302343e+02
      vertex   -1.327434e+02 8.910000e+01 8.301149e+02
      vertex   -1.325933e+02 8.910000e+01 8.301604e+02
    endloop
  endfacet
  facet normal 0.000000e+00 -1.000000e+00 0.000000e+00
    outer loop
      vertex   -1.324550e+02 8.910000e+01 8.302343e+02
      vertex   -1.328995e+02 8.910000e+01 8.300995e+02
      vertex   -1.327434e+02 8.910000e+01 8.301149e+02
    endloop
  endfacet
  facet normal -0.000000e+00 -1.000000e+00 0.000000e+00
    outer loop
      vertex   -1.324550e+02 8.910000e+01 8.302343e+02
      vertex   -1.320995e+02 8.910000e+01 8.308995e+02
      vertex   -1.328995e+02 8.910000e+01 8.300995e+02
    endloop
  endfacet
  facet normal 0.000000e+00 -1.000000e+00 0.000000e+00
    outer loop
      vertex   -1.323338e+02 8.910000e+01 8.303338e+02
      vertex   -1.322343e+02 8.910000e+01 8.304550e+02
      vertex   -1.320995e+02 8.910000e+01 8.308995e+02
    endloop
  endfacet
  facet normal -0.000000e+00 -1.000000e+00 0.000000e+00
    outer loop
      vertex   -1.323338e+02 8.910000e+01 8.303338e+02
      vertex   -1.320995e+02 8.910000e+01 8.308995e+02
      vertex   -1.324550e+02 8.910000e+01 8.302343e+02
    endloop
  endfacet
  facet normal 0.000000e+00 -1.000000e+00 0.000000e+00
    outer loop
      vertex   -1.328995e+02 8.910000e+01 8.300995e+02
      vertex   -1.622660e+02 8.910000e+01 8.317124e+02
      vertex   -1.669005e+02 8.910000e+01 8.300995e+02
    endloop
  endfacet
  facet normal 0.000000e+00 -1.000000e+00 0.000000e+00
    outer loop
      vertex   -1.328995e+02 8.910000e+01 8.300995e+02
      vertex   -1.616563e+02 8.910000e+01 8.318974e+02
      vertex   -1.622660e+02 8.910000e+01 8.317124e+02
    endloop
  endfacet
  facet normal 0.000000e+00 -1.000000e+00 0.000000e+00
    outer loop
      vertex   -1.328995e+02 8.910000e+01 8.300995e+02
      vertex   -1.610944e+02 8.910000e+01 8.321977e+02
      vertex   -1.616563e+02 8.910000e+01 8.318974e+02
    endloop
  endfacet
  facet normal 0.000000e+00 -1.000000e+00 0.000000e+00
    outer loop
      vertex   -1.328995e+02 8.910000e+01 8.300995e+02
      vertex   -1.375340e+02 8.910000e+01 8.317124e+02
      vertex   -1.610944e+02 8.910000e+01 8.321977e+02
    endloop
  endfacet
  facet normal 0.000000e+00 -1.000000e+00 0.000000e+00
    outer loop
      vertex   -1.375340e+02 8.910000e+01 8.317124e+02
      vertex   -1.381437e+02 8.910000e+01 8.318974e+02
      vertex   -1.610944e+02 8.910000e+01 8.321977e+02
    endloop
  endfacet
  facet normal 0.000000e+00 -1.000000e+00 0.000000e+00
    outer loop
      vertex   -1.381437e+02 8.910000e+01 8.318974e+02
      vertex   -1.387056e+02 8.910000e+01 8.321977e+02
      vertex   -1.610944e+02 8.910000e+01 8.321977e+02
    endloop
  endfacet
  facet normal -7.002151e-01 -7.002151e-01 1.392749e-01
    outer loop
      vertex   -1.680087e+02 8.949951e+01 8.653595e+02
      vertex   -1.684995e+02 8.989902e+01 8.649005e+02
      vertex   -1.677005e+02 8.910000e+01 8.649005e+02
    endloop
  endfacet
  facet normal -6.661122e-01 -7.429602e-01 6.560937e-02
    outer loop
      vertex   -1.680087e+02 8.949951e+01 8.653595e+02
      vertex   -1.684688e+02 8.989902e+01 8.652125e+02
      vertex   -1.684995e+02 8.989902e+01 8.649005e+02
    endloop
  endfacet
  facet normal -6.782939e-01 -7.053908e-01 2.057697e-01
    outer loop
      vertex   -1.680087e+02 8.949951e+01 8.653595e+02
      vertex   -1.683778e+02 8.989902e+01 8.655124e+02
      vertex   -1.684688e+02 8.989902e+01 8.652125e+02
    endloop
  endfacet
  facet normal -6.251245e-01 -7.053923e-01 3.341272e-01
    outer loop
      vertex   -1.680087e+02 8.949951e+01 8.653595e+02
      vertex   -1.682300e+02 8.989902e+01 8.657889e+02
      vertex   -1.683778e+02 8.989902e+01 8.655124e+02
    endloop
  endfacet
  facet normal -7.469601e-01 -6.607856e-01 7.357324e-02
    outer loop
      vertex   -1.680087e+02 8.949951e+01 8.653595e+02
      vertex   -1.677005e+02 8.910000e+01 8.649005e+02
      vertex   -1.676851e+02 8.910000e+01 8.650566e+02
    endloop
  endfacet
  facet normal -6.782747e-01 -7.054076e-01 2.057755e-01
    outer loop
      vertex   -1.680087e+02 8.949951e+01 8.653595e+02
      vertex   -1.676851e+02 8.910000e+01 8.650566e+02
      vertex   -1.676396e+02 8.910000e+01 8.652066e+02
    endloop
  endfacet
  facet normal -6.251170e-01 -7.054080e-01 3.341083e-01
    outer loop
      vertex   -1.680087e+02 8.949951e+01 8.653595e+02
      vertex   -1.676396e+02 8.910000e+01 8.652066e+02
      vertex   -1.675657e+02 8.910000e+01 8.653450e+02
    endloop
  endfacet
  facet normal -5.479174e-01 -7.053969e-01 4.496684e-01
    outer loop
      vertex   -1.677487e+02 8.949951e+01 8.657487e+02
      vertex   -1.680312e+02 8.989902e+01 8.660312e+02
      vertex   -1.682300e+02 8.989902e+01 8.657889e+02
    endloop
  endfacet
  facet normal -4.496684e-01 -7.053969e-01 5.479174e-01
    outer loop
      vertex   -1.677487e+02 8.949951e+01 8.657487e+02
      vertex   -1.677889e+02 8.989902e+01 8.662300e+02
      vertex   -1.680312e+02 8.989902e+01 8.660312e+02
    endloop
  endfacet
  facet normal -5.479301e-01 -7.053960e-01 4.496544e-01
    outer loop
      vertex   -1.677487e+02 8.949951e+01 8.657487e+02
      vertex   -1.675657e+02 8.910000e+01 8.653450e+02
      vertex   -1.674662e+02 8.910000e+01 8.654662e+02
    endloop
  endfacet
  facet normal -4.496544e-01 -7.053960e-01 5.479301e-01
    outer loop
      vertex   -1.677487e+02 8.949951e+01 8.657487e+02
      vertex   -1.674662e+02 8.910000e+01 8.654662e+02
      vertex   -1.673450e+02 8.910000e+01 8.655657e+02
    endloop
  endfacet
  facet normal -5.712285e-01 -7.266451e-01 3.816869e-01
    outer loop
      vertex   -1.677487e+02 8.949951e+01 8.657487e+02
      vertex   -1.682300e+02 8.989902e+01 8.657889e+02
      vertex   -1.680087e+02 8.949951e+01 8.653595e+02
    endloop
  endfacet
  facet normal -6.051296e-01 -6.858047e-01 4.043391e-01
    outer loop
      vertex   -1.677487e+02 8.949951e+01 8.657487e+02
      vertex   -1.680087e+02 8.949951e+01 8.653595e+02
      vertex   -1.675657e+02 8.910000e+01 8.653450e+02
    endloop
  endfacet
  facet normal -3.341202e-01 -7.054073e-01 6.251114e-01
    outer loop
      vertex   -1.673595e+02 8.949951e+01 8.660087e+02
      vertex   -1.675124e+02 8.989902e+01 8.663778e+02
      vertex   -1.677889e+02 8.989902e+01 8.662300e+02
    endloop
  endfacet
  facet normal -2.057768e-01 -7.054077e-01 6.782742e-01
    outer loop
      vertex   -1.673595e+02 8.949951e+01 8.660087e+02
      vertex   -1.672125e+02 8.989902e+01 8.664688e+02
      vertex   -1.675124e+02 8.989902e+01 8.663778e+02
    endloop
  endfacet
  facet normal -6.556638e-02 -7.429846e-01 6.660893e-01
    outer loop
      vertex   -1.673595e+02 8.949951e+01 8.660087e+02
      vertex   -1.669005e+02 8.989902e+01 8.664995e+02
      vertex   -1.672125e+02 8.989902e+01 8.664688e+02
    endloop
  endfacet
  facet normal -1.392806e-01 -7.002146e-01 7.002146e-01
    outer loop
      vertex   -1.673595e+02 8.949951e+01 8.660087e+02
      vertex   -1.669005e+02 8.910000e+01 8.657005e+02
      vertex   -1.669005e+02 8.989902e+01 8.664995e+02
    endloop
  endfacet
  facet normal -3.340800e-01 -7.054017e-01 6.251392e-01
    outer loop
      vertex   -1.673595e+02 8.949951e+01 8.660087e+02
      vertex   -1.673450e+02 8.910000e+01 8.655657e+02
      vertex   -1.672067e+02 8.910000e+01 8.656396e+02
    endloop
  endfacet
  facet normal -2.057533e-01 -7.054015e-01 6.782878e-01
    outer loop
      vertex   -1.673595e+02 8.949951e+01 8.660087e+02
      vertex   -1.672067e+02 8.910000e+01 8.656396e+02
      vertex   -1.670566e+02 8.910000e+01 8.656851e+02
    endloop
  endfacet
  facet normal -7.358185e-02 -6.607890e-01 7.469562e-01
    outer loop
      vertex   -1.673595e+02 8.949951e+01 8.660087e+02
      vertex   -1.670566e+02 8.910000e+01 8.656851e+02
      vertex   -1.669005e+02 8.910000e+01 8.657005e+02
    endloop
  endfacet
  facet normal -4.043226e-01 -6.857970e-01 6.051493e-01
    outer loop
      vertex   -1.673595e+02 8.949951e+01 8.660087e+02
      vertex   -1.677487e+02 8.949951e+01 8.657487e+02
      vertex   -1.673450e+02 8.910000e+01 8.655657e+02
    endloop
  endfacet
  facet normal -3.816638e-01 -7.266515e-01 5.712358e-01
    outer loop
      vertex   -1.673595e+02 8.949951e+01 8.660087e+02
      vertex   -1.677889e+02 8.989902e+01 8.662300e+02
      vertex   -1.677487e+02 8.949951e+01 8.657487e+02
    endloop
  endfacet
  facet normal 0.000000e+00 -7.071068e-01 7.071068e-01
    outer loop
      vertex   -1.328995e+02 8.910000e+01 8.657005e+02
      vertex   -1.669005e+02 8.989902e+01 8.664995e+02
      vertex   -1.669005e+02 8.910000e+01 8.657005e+02
    endloop
  endfacet
  facet normal 0.000000e+00 -7.071068e-01 7.071068e-01
    outer loop
      vertex   -1.328995e+02 8.910000e+01 8.657005e+02
      vertex   -1.328995e+02 8.989902e+01 8.664995e+02
      vertex   -1.669005e+02 8.989902e+01 8.664995e+02
    endloop
  endfacet
  facet normal 7.071068e-01 -7.071068e-01 0.000000e+00
    outer loop
      vertex   -1.320995e+02 8.910000e+01 8.308995e+02
      vertex   -1.313005e+02 8.989902e+01 8.649005e+02
      vertex   -1.320995e+02 8.910000e+01 8.649005e+02
    endloop
  endfacet
  facet normal 7.071068e-01 -7.071068e-01 0.000000e+00
    outer loop
      vertex   -1.320995e+02 8.910000e+01 8.308995e+02
      vertex   -1.313005e+02 8.989902e+01 8.308995e+02
      vertex   -1.313005e+02 8.989902e+01 8.649005e+02
    endloop
  endfacet
  facet normal 1.392806e-01 -7.002146e-01 7.002146e-01
    outer loop
      vertex   -1.324405e+02 8.949951e+01 8.660087e+02
      vertex   -1.328995e+02 8.989902e+01 8.664995e+02
      vertex   -1.328995e+02 8.910000e+01 8.657005e+02
    endloop
  endfacet
  facet normal 6.556849e-02 -7.429835e-01 6.660903e-01
    outer loop
      vertex   -1.324405e+02 8.949951e+01 8.660087e+02
      vertex   -1.325875e+02 8.989902e+01 8.664688e+02
      vertex   -1.328995e+02 8.989902e+01 8.664995e+02
    endloop
  endfacet
  facet normal 2.057709e-01 -7.054074e-01 6.782763e-01
    outer loop
      vertex   -1.324405e+02 8.949951e+01 8.660087e+02
      vertex   -1.322876e+02 8.989902e+01 8.663778e+02
      vertex   -1.325875e+02 8.989902e+01 8.664688e+02
    endloop
  endfacet
  facet normal 3.341202e-01 -7.054073e-01 6.251114e-01
    outer loop
      vertex   -1.324405e+02 8.949951e+01 8.660087e+02
      vertex   -1.320111e+02 8.989902e+01 8.662300e+02
      vertex   -1.322876e+02 8.989902e+01 8.663778e+02
    endloop
  endfacet
  facet normal 7.357763e-02 -6.607863e-01 7.469590e-01
    outer loop
      vertex   -1.324405e+02 8.949951e+01 8.660087e+02
      vertex   -1.328995e+02 8.910000e+01 8.657005e+02
      vertex   -1.327434e+02 8.910000e+01 8.656851e+02
    endloop
  endfacet
  facet normal 2.057651e-01 -7.054021e-01 6.782836e-01
    outer loop
      vertex   -1.324405e+02 8.949951e+01 8.660087e+02
      vertex   -1.327434e+02 8.910000e+01 8.656851e+02
      vertex   -1.325933e+02 8.910000e+01 8.656396e+02
    endloop
  endfacet
  facet normal 3.340616e-01 -7.054027e-01 6.251479e-01
    outer loop
      vertex   -1.324405e+02 8.949951e+01 8.660087e+02
      vertex   -1.325933e+02 8.910000e+01 8.656396e+02
      vertex   -1.324550e+02 8.910000e+01 8.655657e+02
    endloop
  endfacet
  facet normal 4.496582e-01 -7.053962e-01 5.479266e-01
    outer loop
      vertex   -1.320513e+02 8.949951e+01 8.657487e+02
      vertex   -1.317688e+02 8.989902e+01 8.660312e+02
      vertex   -1.320111e+02 8.989902e+01 8.662300e+02
    endloop
  endfacet
  facet normal 5.479174e-01 -7.053969e-01 4.496684e-01
    outer loop
      vertex   -1.320513e+02 8.949951e+01 8.657487e+02
      vertex   -1.315700e+02 8.989902e+01 8.657889e+02
      vertex   -1.317688e+02 8.989902e+01 8.660312e+02
    endloop
  endfacet
  facet normal 4.496544e-01 -7.053960e-01 5.479301e-01
    outer loop
      vertex   -1.320513e+02 8.949951e+01 8.657487e+02
      vertex   -1.324550e+02 8.910000e+01 8.655657e+02
      vertex   -1.323338e+02 8.910000e+01 8.654662e+02
    endloop
  endfacet
  facet normal 5.479301e-01 -7.053960e-01 4.496544e-01
    outer loop
      vertex   -1.320513e+02 8.949951e+01 8.657487e+02
      vertex   -1.323338e+02 8.910000e+01 8.654662e+02
      vertex   -1.322343e+02 8.910000e+01 8.653450e+02
    endloop
  endfacet
  facet normal 3.816586e-01 -7.266494e-01 5.712420e-01
    outer loop
      vertex   -1.320513e+02 8.949951e+01 8.657487e+02
      vertex   -1.320111e+02 8.989902e+01 8.662300e+02
      vertex   -1.324405e+02 8.949951e+01 8.660087e+02
    endloop
  endfacet
  facet normal 4.043171e-01 -6.857945e-01 6.051558e-01
    outer loop
      vertex   -1.320513e+02 8.949951e+01 8.657487e+02
      vertex   -1.324405e+02 8.949951e+01 8.660087e+02
      vertex   -1.324550e+02 8.910000e+01 8.655657e+02
    endloop
  endfacet
  facet normal 6.251179e-01 -7.053998e-01 3.341237e-01
    outer loop
      vertex   -1.317913e+02 8.949951e+01 8.653595e+02
      vertex   -1.314222e+02 8.989902e+01 8.655124e+02
      vertex   -1.315700e+02 8.989902e+01 8.657889e+02
    endloop
  endfacet
  facet normal 6.782862e-01 -7.053989e-01 2.057674e-01
    outer loop
      vertex   -1.317913e+02 8.949951e+01 8.653595e+02
      vertex   -1.313312e+02 8.989902e+01 8.652125e+02
      vertex   -1.314222e+02 8.989902e+01 8.655124e+02
    endloop
  endfacet
  facet normal 6.661015e-01 -7.429717e-01 6.558795e-02
    outer loop
      vertex   -1.317913e+02 8.949951e+01 8.653595e+02
      vertex   -1.313005e+02 8.989902e+01 8.649005e+02
      vertex   -1.313312e+02 8.989902e+01 8.652125e+02
    endloop
  endfacet
  facet normal 7.002151e-01 -7.002151e-01 1.392749e-01
    outer loop
      vertex   -1.317913e+02 8.949951e+01 8.653595e+02
      vertex   -1.320995e+02 8.910000e+01 8.649005e+02
      vertex   -1.313005e+02 8.989902e+01 8.649005e+02
    endloop
  endfacet
  facet normal 6.251332e-01 -7.054099e-01 3.340739e-01
    outer loop
      vertex   -1.317913e+02 8.949951e+01 8.653595e+02
      vertex   -1.322343e+02 8.910000e+01 8.653450e+02
      vertex   -1.321604e+02 8.910000e+01 8.652066e+02
    endloop
  endfacet
  facet normal 6.782747e-01 -7.054076e-01 2.057755e-01
    outer loop
      vertex   -1.317913e+02 8.949951e+01 8.653595e+02
      vertex   -1.321604e+02 8.910000e+01 8.652066e+02
      vertex   -1.321149e+02 8.910000e+01 8.650566e+02
    endloop
  endfacet
  facet normal 7.469601e-01 -6.607856e-01 7.357324e-02
    outer loop
      vertex   -1.317913e+02 8.949951e+01 8.653595e+02
      vertex   -1.321149e+02 8.910000e+01 8.650566e+02
      vertex   -1.320995e+02 8.910000e+01 8.649005e+02
    endloop
  endfacet
  facet normal 6.051394e-01 -6.858009e-01 4.043309e-01
    outer loop
      vertex   -1.317913e+02 8.949951e+01 8.653595e+02
      vertex   -1.320513e+02 8.949951e+01 8.657487e+02
      vertex   -1.322343e+02 8.910000e+01 8.653450e+02
    endloop
  endfacet
  facet normal 5.712321e-01 -7.266483e-01 3.816754e-01
    outer loop
      vertex   -1.317913e+02 8.949951e+01 8.653595e+02
      vertex   -1.315700e+02 8.989902e+01 8.657889e+02
      vertex   -1.320513e+02 8.949951e+01 8.657487e+02
    endloop
  endfacet
  facet normal 7.002146e-01 -7.002146e-01 -1.392806e-01
    outer loop
      vertex   -1.317913e+02 8.949951e+01 7.884405e+02
      vertex   -1.313005e+02 8.989902e+01 7.888995e+02
      vertex   -1.320995e+02 8.910000e+01 7.888995e+02
    endloop
  endfacet
  facet normal 6.661000e-01 -7.429731e-01 -6.558780e-02
    outer loop
      vertex   -1.317913e+02 8.949951e+01 7.884405e+02
      vertex   -1.313312e+02 8.989902e+01 7.885875e+02
      vertex   -1.313005e+02 8.989902e+01 7.888995e+02
    endloop
  endfacet
  facet normal 6.782820e-01 -7.053996e-01 -2.057792e-01
    outer loop
      vertex   -1.317913e+02 8.949951e+01 7.884405e+02
      vertex   -1.314222e+02 8.989902e+01 7.882876e+02
      vertex   -1.313312e+02 8.989902e+01 7.885875e+02
    endloop
  endfacet
  facet normal 6.251179e-01 -7.053998e-01 -3.341237e-01
    outer loop
      vertex   -1.317913e+02 8.949951e+01 7.884405e+02
      vertex   -1.315700e+02 8.989902e+01 7.880111e+02
      vertex   -1.314222e+02 8.989902e+01 7.882876e+02
    endloop
  endfacet
  facet normal 7.469590e-01 -6.607863e-01 -7.357763e-02
    outer loop
      vertex   -1.317913e+02 8.949951e+01 7.884405e+02
      vertex   -1.320995e+02 8.910000e+01 7.888995e+02
      vertex   -1.321149e+02 8.910000e+01 7.887434e+02
    endloop
  endfacet
  facet normal 6.782836e-01 -7.054021e-01 -2.057651e-01
    outer loop
      vertex   -1.317913e+02 8.949951e+01 7.884405e+02
      vertex   -1.321149e+02 8.910000e+01 7.887434e+02
      vertex   -1.321604e+02 8.910000e+01 7.885933e+02
    endloop
  endfacet
  facet normal 6.251316e-01 -7.054008e-01 -3.340960e-01
    outer loop
      vertex   -1.317913e+02 8.949951e+01 7.884405e+02
      vertex   -1.321604e+02 8.910000e+01 7.885933e+02
      vertex   -1.322343e+02 8.910000e+01 7.884550e+02
    endloop
  endfacet
  facet normal 5.479317e-01 -7.054010e-01 -4.496447e-01
    outer loop
      vertex   -1.320513e+02 8.949951e+01 7.880513e+02
      vertex   -1.317688e+02 8.989902e+01 7.877688e+02
      vertex   -1.315700e+02 8.989902e+01 7.880111e+02
    endloop
  endfacet
  facet normal 4.496541e-01 -7.054028e-01 -5.479216e-01
    outer loop
      vertex   -1.320513e+02 8.949951e+01 7.880513e+02
      vertex   -1.320111e+02 8.989902e+01 7.875699e+02
      vertex   -1.317688e+02 8.989902e+01 7.877688e+02
    endloop
  endfacet
  facet normal 5.479076e-01 -7.054027e-01 -4.496713e-01
    outer loop
      vertex   -1.320513e+02 8.949951e+01 7.880513e+02
      vertex   -1.322343e+02 8.910000e+01 7.884550e+02
      vertex   -1.323338e+02 8.910000e+01 7.883338e+02
    endloop
  endfacet
  facet normal 4.496750e-01 -7.054042e-01 -5.479027e-01
    outer loop
      vertex   -1.320513e+02 8.949951e+01 7.880513e+02
      vertex   -1.323338e+02 8.910000e+01 7.883338e+02
      vertex   -1.324550e+02 8.910000e+01 7.882343e+02
    endloop
  endfacet
  facet normal 5.712384e-01 -7.266462e-01 -3.816701e-01
    outer loop
      vertex   -1.320513e+02 8.949951e+01 7.880513e+02
      vertex   -1.315700e+02 8.989902e+01 7.880111e+02
      vertex   -1.317913e+02 8.949951e+01 7.884405e+02
    endloop
  endfacet
  facet normal 6.051460e-01 -6.857983e-01 -4.043254e-01
    outer loop
      vertex   -1.320513e+02 8.949951e+01 7.880513e+02
      vertex   -1.317913e+02 8.949951e+01 7.884405e+02
      vertex   -1.322343e+02 8.910000e+01 7.884550e+02
    endloop
  endfacet
  facet normal 3.341065e-01 -7.054008e-01 -6.251261e-01
    outer loop
      vertex   -1.324405e+02 8.949951e+01 7.877913e+02
      vertex   -1.322876e+02 8.989902e+01 7.874222e+02
      vertex   -1.320111e+02 8.989902e+01 7.875699e+02
    endloop
  endfacet
  facet normal 2.057733e-01 -7.053992e-01 -6.782841e-01
    outer loop
      vertex   -1.324405e+02 8.949951e+01 7.877913e+02
      vertex   -1.325875e+02 8.989902e+01 7.873312e+02
      vertex   -1.322876e+02 8.989902e+01 7.874222e+02
    endloop
  endfacet
  facet normal 6.558991e-02 -7.429720e-01 -6.661010e-01
    outer loop
      vertex   -1.324405e+02 8.949951e+01 7.877913e+02
      vertex   -1.328995e+02 8.989902e+01 7.873005e+02
      vertex   -1.325875e+02 8.989902e+01 7.873312e+02
    endloop
  endfacet
  facet normal 1.392806e-01 -7.002146e-01 -7.002146e-01
    outer loop
      vertex   -1.324405e+02 8.949951e+01 7.877913e+02
      vertex   -1.328995e+02 8.910000e+01 7.880995e+02
      vertex   -1.328995e+02 8.989902e+01 7.873005e+02
    endloop
  endfacet
  facet normal 3.340960e-01 -7.054008e-01 -6.251316e-01
    outer loop
      vertex   -1.324405e+02 8.949951e+01 7.877913e+02
      vertex   -1.324550e+02 8.910000e+01 7.882343e+02
      vertex   -1.325933e+02 8.910000e+01 7.881604e+02
    endloop
  endfacet
  facet normal 2.057651e-01 -7.054021e-01 -6.782836e-01
    outer loop
      vertex   -1.324405e+02 8.949951e+01 7.877913e+02
      vertex   -1.325933e+02 8.910000e+01 7.881604e+02
      vertex   -1.327434e+02 8.910000e+01 7.881149e+02
    endloop
  endfacet
  facet normal 7.357763e-02 -6.607863e-01 -7.469590e-01
    outer loop
      vertex   -1.324405e+02 8.949951e+01 7.877913e+02
      vertex   -1.327434e+02 8.910000e+01 7.881149e+02
      vertex   -1.328995e+02 8.910000e+01 7.880995e+02
    endloop
  endfacet
  facet normal 4.043254e-01 -6.857983e-01 -6.051460e-01
    outer loop
      vertex   -1.324405e+02 8.949951e+01 7.877913e+02
      vertex   -1.320513e+02 8.949951e+01 7.880513e+02
      vertex   -1.324550e+02 8.910000e+01 7.882343e+02
    endloop
  endfacet
  facet normal 3.816664e-01 -7.266526e-01 -5.712327e-01
    outer loop
      vertex   -1.324405e+02 8.949951e+01 7.877913e+02
      vertex   -1.320111e+02 8.989902e+01 7.875699e+02
      vertex   -1.320513e+02 8.949951e+01 7.880513e+02
    endloop
  endfacet
  facet normal 7.071068e-01 -7.071068e-01 0.000000e+00
    outer loop
      vertex   -1.320995e+02 8.910000e+01 7.888995e+02
      vertex   -1.313005e+02 8.989902e+01 8.229005e+02
      vertex   -1.320995e+02 8.910000e+01 8.229005e+02
    endloop
  endfacet
  facet normal 7.071068e-01 -7.071068e-01 0.000000e+00
    outer loop
      vertex   -1.320995e+02 8.910000e+01 7.888995e+02
      vertex   -1.313005e+02 8.989902e+01 7.888995e+02
      vertex   -1.313005e+02 8.989902e+01 8.229005e+02
    endloop
  endfacet
  facet normal 1.392806e-01 -7.002146e-01 7.002146e-01
    outer loop
      vertex   -1.324405e+02 8.949951e+01 8.240087e+02
      vertex   -1.328995e+02 8.989902e+01 8.244995e+02
      vertex   -1.328995e+02 8.910000e+01 8.237005e+02
    endloop
  endfacet
  facet normal 6.561132e-02 -7.429605e-01 6.661117e-01
    outer loop
      vertex   -1.324405e+02 8.949951e+01 8.240087e+02
      vertex   -1.325875e+02 8.989902e+01 8.244688e+02
      vertex   -1.328995e+02 8.989902e+01 8.244995e+02
    endloop
  endfacet
  facet normal 2.057756e-01 -7.053911e-01 6.782918e-01
    outer loop
      vertex   -1.324405e+02 8.949951e+01 8.240087e+02
      vertex   -1.322876e+02 8.989902e+01 8.243778e+02
      vertex   -1.325875e+02 8.989902e+01 8.244688e+02
    endloop
  endfacet
  facet normal 3.341100e-01 -7.053933e-01 6.251327e-01
    outer loop
      vertex   -1.324405e+02 8.949951e+01 8.240087e+02
      vertex   -1.320111e+02 8.989902e+01 8.242301e+02
      vertex   -1.322876e+02 8.989902e+01 8.243778e+02
    endloop
  endfacet
  facet normal 7.357763e-02 -6.607863e-01 7.469590e-01
    outer loop
      vertex   -1.324405e+02 8.949951e+01 8.240087e+02
      vertex   -1.328995e+02 8.910000e+01 8.237005e+02
      vertex   -1.327434e+02 8.910000e+01 8.236851e+02
    endloop
  endfacet
  facet normal 2.057651e-01 -7.054021e-01 6.782836e-01
    outer loop
      vertex   -1.324405e+02 8.949951e+01 8.240087e+02
      vertex   -1.327434e+02 8.910000e+01 8.236851e+02
      vertex   -1.325933e+02 8.910000e+01 8.236396e+02
    endloop
  endfacet
  facet normal 3.341304e-01 -7.053990e-01 6.251153e-01
    outer loop
      vertex   -1.324405e+02 8.949951e+01 8.240087e+02
      vertex   -1.325933e+02 8.910000e+01 8.236396e+02
      vertex   -1.324550e+02 8.910000e+01 8.235657e+02
    endloop
  endfacet
  facet normal 4.496541e-01 -7.054028e-01 5.479216e-01
    outer loop
      vertex   -1.320513e+02 8.949951e+01 8.237487e+02
      vertex   -1.317688e+02 8.989902e+01 8.240312e+02
      vertex   -1.320111e+02 8.989902e+01 8.242301e+02
    endloop
  endfacet
  facet normal 5.479225e-01 -7.054016e-01 4.496548e-01
    outer loop
      vertex   -1.320513e+02 8.949951e+01 8.237487e+02
      vertex   -1.315700e+02 8.989902e+01 8.237889e+02
      vertex   -1.317688e+02 8.989902e+01 8.240312e+02
    endloop
  endfacet
  facet normal 4.496544e-01 -7.053960e-01 5.479301e-01
    outer loop
      vertex   -1.320513e+02 8.949951e+01 8.237487e+02
      vertex   -1.324550e+02 8.910000e+01 8.235657e+02
      vertex   -1.323338e+02 8.910000e+01 8.234662e+02
    endloop
  endfacet
  facet normal 5.479301e-01 -7.053960e-01 4.496544e-01
    outer loop
      vertex   -1.320513e+02 8.949951e+01 8.237487e+02
      vertex   -1.323338e+02 8.910000e+01 8.234662e+02
      vertex   -1.322343e+02 8.910000e+01 8.233450e+02
    endloop
  endfacet
  facet normal 3.816779e-01 -7.266494e-01 5.712291e-01
    outer loop
      vertex   -1.320513e+02 8.949951e+01 8.237487e+02
      vertex   -1.320111e+02 8.989902e+01 8.242301e+02
      vertex   -1.324405e+02 8.949951e+01 8.240087e+02
    endloop
  endfacet
  facet normal 4.043336e-01 -6.858021e-01 6.051362e-01
    outer loop
      vertex   -1.320513e+02 8.949951e+01 8.237487e+02
      vertex   -1.324405e+02 8.949951e+01 8.240087e+02
      vertex   -1.324550e+02 8.910000e+01 8.235657e+02
    endloop
  endfacet
  facet normal 6.251179e-01 -7.053998e-01 3.341237e-01
    outer loop
      vertex   -1.317913e+02 8.949951e+01 8.233595e+02
      vertex   -1.314222e+02 8.989902e+01 8.235124e+02
      vertex   -1.315700e+02 8.989902e+01 8.237889e+02
    endloop
  endfacet
  facet normal 6.782841e-01 -7.053992e-01 2.057733e-01
    outer loop
      vertex   -1.317913e+02 8.949951e+01 8.233595e+02
      vertex   -1.313312e+02 8.989902e+01 8.232125e+02
      vertex   -1.314222e+02 8.989902e+01 8.235124e+02
    endloop
  endfacet
  facet normal 6.661008e-01 -7.429724e-01 6.558787e-02
    outer loop
      vertex   -1.317913e+02 8.949951e+01 8.233595e+02
      vertex   -1.313005e+02 8.989902e+01 8.229005e+02
      vertex   -1.313312e+02 8.989902e+01 8.232125e+02
    endloop
  endfacet
  facet normal 7.002149e-01 -7.002149e-01 1.392778e-01
    outer loop
      vertex   -1.317913e+02 8.949951e+01 8.233595e+02
      vertex   -1.320995e+02 8.910000e+01 8.229005e+02
      vertex   -1.313005e+02 8.989902e+01 8.229005e+02
    endloop
  endfacet
  facet normal 6.251229e-01 -7.053998e-01 3.341144e-01
    outer loop
      vertex   -1.317913e+02 8.949951e+01 8.233595e+02
      vertex   -1.322343e+02 8.910000e+01 8.233450e+02
      vertex   -1.321604e+02 8.910000e+01 8.232067e+02
    endloop
  endfacet
  facet normal 6.782878e-01 -7.054015e-01 2.057533e-01
    outer loop
      vertex   -1.317913e+02 8.949951e+01 8.233595e+02
      vertex   -1.321604e+02 8.910000e+01 8.232067e+02
      vertex   -1.321149e+02 8.910000e+01 8.230566e+02
    endloop
  endfacet
  facet normal 7.469582e-01 -6.607873e-01 7.357755e-02
    outer loop
      vertex   -1.317913e+02 8.949951e+01 8.233595e+02
      vertex   -1.321149e+02 8.910000e+01 8.230566e+02
      vertex   -1.320995e+02 8.910000e+01 8.229005e+02
    endloop
  endfacet
  facet normal 6.051394e-01 -6.858009e-01 4.043309e-01
    outer loop
      vertex   -1.317913e+02 8.949951e+01 8.233595e+02
      vertex   -1.320513e+02 8.949951e+01 8.237487e+02
      vertex   -1.322343e+02 8.910000e+01 8.233450e+02
    endloop
  endfacet
  facet normal 5.712321e-01 -7.266483e-01 3.816754e-01
    outer loop
      vertex   -1.317913e+02 8.949951e+01 8.233595e+02
      vertex   -1.315700e+02 8.989902e+01 8.237889e+02
      vertex   -1.320513e+02 8.949951e+01 8.237487e+02
    endloop
  endfacet
  facet normal 7.002146e-01 -7.002146e-01 -1.392806e-01
    outer loop
      vertex   -1.317913e+02 8.949951e+01 8.304405e+02
      vertex   -1.313005e+02 8.989902e+01 8.308995e+02
      vertex   -1.320995e+02 8.910000e+01 8.308995e+02
    endloop
  endfacet
  facet normal 6.661010e-01 -7.429720e-01 -6.558991e-02
    outer loop
      vertex   -1.317913e+02 8.949951e+01 8.304405e+02
      vertex   -1.313312e+02 8.989902e+01 8.305875e+02
      vertex   -1.313005e+02 8.989902e+01 8.308995e+02
    endloop
  endfacet
  facet normal 6.782841e-01 -7.053992e-01 -2.057733e-01
    outer loop
      vertex   -1.317913e+02 8.949951e+01 8.304405e+02
      vertex   -1.314222e+02 8.989902e+01 8.302876e+02
      vertex   -1.313312e+02 8.989902e+01 8.305875e+02
    endloop
  endfacet
  facet normal 6.251179e-01 -7.053998e-01 -3.341237e-01
    outer loop
      vertex   -1.317913e+02 8.949951e+01 8.304405e+02
      vertex   -1.315700e+02 8.989902e+01 8.300111e+02
      vertex   -1.314222e+02 8.989902e+01 8.302876e+02
    endloop
  endfacet
  facet normal 7.469590e-01 -6.607863e-01 -7.357763e-02
    outer loop
      vertex   -1.317913e+02 8.949951e+01 8.304405e+02
      vertex   -1.320995e+02 8.910000e+01 8.308995e+02
      vertex   -1.321149e+02 8.910000e+01 8.307434e+02
    endloop
  endfacet
  facet normal 6.782836e-01 -7.054021e-01 -2.057651e-01
    outer loop
      vertex   -1.317913e+02 8.949951e+01 8.304405e+02
      vertex   -1.321149e+02 8.910000e+01 8.307434e+02
      vertex   -1.321604e+02 8.910000e+01 8.305933e+02
    endloop
  endfacet
  facet normal 6.251316e-01 -7.054008e-01 -3.340960e-01
    outer loop
      vertex   -1.317913e+02 8.949951e+01 8.304405e+02
      vertex   -1.321604e+02 8.910000e+01 8.305933e+02
      vertex   -1.322343e+02 8.910000e+01 8.304550e+02
    endloop
  endfacet
  facet normal 5.479266e-01 -7.053962e-01 -4.496582e-01
    outer loop
      vertex   -1.320513e+02 8.949951e+01 8.300513e+02
      vertex   -1.317688e+02 8.989902e+01 8.297688e+02
      vertex   -1.315700e+02 8.989902e+01 8.300111e+02
    endloop
  endfacet
  facet normal 4.496582e-01 -7.053962e-01 -5.479266e-01
    outer loop
      vertex   -1.320513e+02 8.949951e+01 8.300513e+02
      vertex   -1.320111e+02 8.989902e+01 8.295700e+02
      vertex   -1.317688e+02 8.989902e+01 8.297688e+02
    endloop
  endfacet
  facet normal 5.479301e-01 -7.053960e-01 -4.496544e-01
    outer loop
      vertex   -1.320513e+02 8.949951e+01 8.300513e+02
      vertex   -1.322343e+02 8.910000e+01 8.304550e+02
      vertex   -1.323338e+02 8.910000e+01 8.303338e+02
    endloop
  endfacet
  facet normal 4.496544e-01 -7.053960e-01 -5.479301e-01
    outer loop
      vertex   -1.320513e+02 8.949951e+01 8.300513e+02
      vertex   -1.323338e+02 8.910000e+01 8.303338e+02
      vertex   -1.324550e+02 8.910000e+01 8.302343e+02
    endloop
  endfacet
  facet normal 5.712384e-01 -7.266462e-01 -3.816701e-01
    outer loop
      vertex   -1.320513e+02 8.949951e+01 8.300513e+02
      vertex   -1.315700e+02 8.989902e+01 8.300111e+02
      vertex   -1.317913e+02 8.949951e+01 8.304405e+02
    endloop
  endfacet
  facet normal 6.051460e-01 -6.857983e-01 -4.043254e-01
    outer loop
      vertex   -1.320513e+02 8.949951e+01 8.300513e+02
      vertex   -1.317913e+02 8.949951e+01 8.304405e+02
      vertex   -1.322343e+02 8.910000e+01 8.304550e+02
    endloop
  endfacet
  facet normal 3.341237e-01 -7.053998e-01 -6.251179e-01
    outer loop
      vertex   -1.324405e+02 8.949951e+01 8.297913e+02
      vertex   -1.322876e+02 8.989902e+01 8.294222e+02
      vertex   -1.320111e+02 8.989902e+01 8.295700e+02
    endloop
  endfacet
  facet normal 2.057733e-01 -7.053992e-01 -6.782841e-01
    outer loop
      vertex   -1.324405e+02 8.949951e+01 8.297913e+02
      vertex   -1.325875e+02 8.989902e+01 8.293312e+02
      vertex   -1.322876e+02 8.989902e+01 8.294222e+02
    endloop
  endfacet
  facet normal 6.558991e-02 -7.429720e-01 -6.661010e-01
    outer loop
      vertex   -1.324405e+02 8.949951e+01 8.297913e+02
      vertex   -1.328995e+02 8.989902e+01 8.293005e+02
      vertex   -1.325875e+02 8.989902e+01 8.293312e+02
    endloop
  endfacet
  facet normal 1.392806e-01 -7.002146e-01 -7.002146e-01
    outer loop
      vertex   -1.324405e+02 8.949951e+01 8.297913e+02
      vertex   -1.328995e+02 8.910000e+01 8.300995e+02
      vertex   -1.328995e+02 8.989902e+01 8.293005e+02
    endloop
  endfacet
  facet normal 3.340960e-01 -7.054008e-01 -6.251316e-01
    outer loop
      vertex   -1.324405e+02 8.949951e+01 8.297913e+02
      vertex   -1.324550e+02 8.910000e+01 8.302343e+02
      vertex   -1.325933e+02 8.910000e+01 8.301604e+02
    endloop
  endfacet
  facet normal 2.057651e-01 -7.054021e-01 -6.782836e-01
    outer loop
      vertex   -1.324405e+02 8.949951e+01 8.297913e+02
      vertex   -1.325933e+02 8.910000e+01 8.301604e+02
      vertex   -1.327434e+02 8.910000e+01 8.301149e+02
    endloop
  endfacet
  facet normal 7.357763e-02 -6.607863e-01 -7.469590e-01
    outer loop
      vertex   -1.324405e+02 8.949951e+01 8.297913e+02
      vertex   -1.327434e+02 8.910000e+01 8.301149e+02
      vertex   -1.328995e+02 8.910000e+01 8.300995e+02
    endloop
  endfacet
  facet normal 4.043254e-01 -6.857983e-01 -6.051460e-01
    outer loop
      vertex   -1.324405e+02 8.949951e+01 8.297913e+02
      vertex   -1.320513e+02 8.949951e+01 8.300513e+02
      vertex   -1.324550e+02 8.910000e+01 8.302343e+02
    endloop
  endfacet
  facet normal 3.816701e-01 -7.266462e-01 -5.712384e-01
    outer loop
      vertex   -1.324405e+02 8.949951e+01 8.297913e+02
      vertex   -1.320111e+02 8.989902e+01 8.295700e+02
      vertex   -1.320513e+02 8.949951e+01 8.300513e+02
    endloop
  endfacet
  facet normal 9.951849e-01 0.000000e+00 -9.801562e-02
    outer loop
      vertex   -1.660876e+02 9.150000e+01 8.195340e+02
      vertex   -1.661500e+02 8.910000e+01 8.189000e+02
      vertex   -1.661500e+02 9.150000e+01 8.189000e+02
    endloop
  endfacet
  facet normal 9.951849e-01 0.000000e+00 -9.801562e-02
    outer loop
      vertex   -1.660876e+02 9.150000e+01 8.195340e+02
      vertex   -1.660876e+02 8.910000e+01 8.195340e+02
      vertex   -1.661500e+02 8.910000e+01 8.189000e+02
    endloop
  endfacet
  facet normal 9.569443e-01 0.000000e+00 -2.902716e-01
    outer loop
      vertex   -1.659026e+02 9.150000e+01 8.201437e+02
      vertex   -1.659026e+02 8.910000e+01 8.201437e+02
      vertex   -1.660876e+02 8.910000e+01 8.195340e+02
    endloop
  endfacet
  facet normal 9.569443e-01 0.000000e+00 -2.902716e-01
    outer loop
      vertex   -1.659026e+02 9.150000e+01 8.201437e+02
      vertex   -1.660876e+02 8.910000e+01 8.195340e+02
      vertex   -1.660876e+02 9.150000e+01 8.195340e+02
    endloop
  endfacet
  facet normal 8.819200e-01 0.000000e+00 -4.713992e-01
    outer loop
      vertex   -1.656023e+02 9.150000e+01 8.207056e+02
      vertex   -1.656023e+02 8.910000e+01 8.207056e+02
      vertex   -1.659026e+02 8.910000e+01 8.201437e+02
    endloop
  endfacet
  facet normal 8.819200e-01 0.000000e+00 -4.713992e-01
    outer loop
      vertex   -1.656023e+02 9.150000e+01 8.207056e+02
      vertex   -1.659026e+02 8.910000e+01 8.201437e+02
      vertex   -1.659026e+02 9.150000e+01 8.201437e+02
    endloop
  endfacet
  facet normal 7.730128e-01 0.000000e+00 -6.343905e-01
    outer loop
      vertex   -1.651981e+02 9.150000e+01 8.211981e+02
      vertex   -1.651981e+02 8.910000e+01 8.211981e+02
      vertex   -1.656023e+02 8.910000e+01 8.207056e+02
    endloop
  endfacet
  facet normal 7.730128e-01 0.000000e+00 -6.343905e-01
    outer loop
      vertex   -1.651981e+02 9.150000e+01 8.211981e+02
      vertex   -1.656023e+02 8.910000e+01 8.207056e+02
      vertex   -1.656023e+02 9.150000e+01 8.207056e+02
    endloop
  endfacet
  facet normal 6.343889e-01 0.000000e+00 -7.730141e-01
    outer loop
      vertex   -1.647056e+02 9.150000e+01 8.216023e+02
      vertex   -1.647056e+02 8.910000e+01 8.216023e+02
      vertex   -1.651981e+02 8.910000e+01 8.211981e+02
    endloop
  endfacet
  facet normal 4.713929e-01 0.000000e+00 -8.819233e-01
    outer loop
      vertex   -1.647056e+02 9.150000e+01 8.216023e+02
      vertex   -1.641437e+02 8.910000e+01 8.219026e+02
      vertex   -1.647056e+02 8.910000e+01 8.216023e+02
    endloop
  endfacet
  facet normal 6.343889e-01 0.000000e+00 -7.730141e-01
    outer loop
      vertex   -1.647056e+02 9.150000e+01 8.216023e+02
      vertex   -1.651981e+02 8.910000e+01 8.211981e+02
      vertex   -1.651981e+02 9.150000e+01 8.211981e+02
    endloop
  endfacet
  facet normal 4.713929e-01 0.000000e+00 -8.819233e-01
    outer loop
      vertex   -1.641437e+02 9.150000e+01 8.219026e+02
      vertex   -1.641437e+02 8.910000e+01 8.219026e+02
      vertex   -1.647056e+02 9.150000e+01 8.216023e+02
    endloop
  endfacet
  facet normal 2.902716e-01 0.000000e+00 -9.569443e-01
    outer loop
      vertex   -1.635340e+02 9.150000e+01 8.220875e+02
      vertex   -1.635340e+02 8.910000e+01 8.220875e+02
      vertex   -1.641437e+02 8.910000e+01 8.219026e+02
    endloop
  endfacet
  facet normal 2.902716e-01 0.000000e+00 -9.569443e-01
    outer loop
      vertex   -1.635340e+02 9.150000e+01 8.220875e+02
      vertex   -1.641437e+02 8.910000e+01 8.219026e+02
      vertex   -1.641437e+02 9.150000e+01 8.219026e+02
    endloop
  endfacet
  facet normal 9.803045e-02 0.000000e+00 -9.951834e-01
    outer loop
      vertex   -1.629000e+02 9.150000e+01 8.221500e+02
      vertex   -1.629000e+02 8.910000e+01 8.221500e+02
      vertex   -1.635340e+02 8.910000e+01 8.220875e+02
    endloop
  endfacet
  facet normal 9.803045e-02 0.000000e+00 -9.951834e-01
    outer loop
      vertex   -1.629000e+02 9.150000e+01 8.221500e+02
      vertex   -1.635340e+02 8.910000e+01 8.220875e+02
      vertex   -1.635340e+02 9.150000e+01 8.220875e+02
    endloop
  endfacet
  facet normal -9.803045e-02 0.000000e+00 -9.951834e-01
    outer loop
      vertex   -1.622660e+02 9.150000e+01 8.220875e+02
      vertex   -1.629000e+02 8.910000e+01 8.221500e+02
      vertex   -1.629000e+02 9.150000e+01 8.221500e+02
    endloop
  endfacet
  facet normal -9.803045e-02 -0.000000e+00 -9.951834e-01
    outer loop
      vertex   -1.622660e+02 9.150000e+01 8.220875e+02
      vertex   -1.622660e+02 8.910000e+01 8.220875e+02
      vertex   -1.629000e+02 8.910000e+01 8.221500e+02
    endloop
  endfacet
  facet normal -2.902799e-01 0.000000e+00 -9.569418e-01
    outer loop
      vertex   -1.616563e+02 9.150000e+01 8.219026e+02
      vertex   -1.622660e+02 8.910000e+01 8.220875e+02
      vertex   -1.622660e+02 9.150000e+01 8.220875e+02
    endloop
  endfacet
  facet normal -2.902799e-01 -0.000000e+00 -9.569418e-01
    outer loop
      vertex   -1.616563e+02 9.150000e+01 8.219026e+02
      vertex   -1.616563e+02 8.910000e+01 8.219026e+02
      vertex   -1.622660e+02 8.910000e+01 8.220875e+02
    endloop
  endfacet
  facet normal -4.713929e-01 0.000000e+00 -8.819233e-01
    outer loop
      vertex   -1.610944e+02 9.150000e+01 8.216023e+02
      vertex   -1.616563e+02 8.910000e+01 8.219026e+02
      vertex   -1.616563e+02 9.150000e+01 8.219026e+02
    endloop
  endfacet
  facet normal -4.713929e-01 -0.000000e+00 -8.819233e-01
    outer loop
      vertex   -1.610944e+02 9.150000e+01 8.216023e+02
      vertex   -1.610944e+02 8.910000e+01 8.216023e+02
      vertex   -1.616563e+02 8.910000e+01 8.219026e+02
    endloop
  endfacet
  facet normal -6.343889e-01 -0.000000e+00 -7.730141e-01
    outer loop
      vertex   -1.610944e+02 9.150000e+01 8.216023e+02
      vertex   -1.606019e+02 8.910000e+01 8.211981e+02
      vertex   -1.610944e+02 8.910000e+01 8.216023e+02
    endloop
  endfacet
  facet normal -6.343889e-01 -0.000000e+00 -7.730141e-01
    outer loop
      vertex   -1.606019e+02 9.150000e+01 8.211981e+02
      vertex   -1.606019e+02 8.910000e+01 8.211981e+02
      vertex   -1.610944e+02 9.150000e+01 8.216023e+02
    endloop
  endfacet
  facet normal -7.730128e-01 0.000000e+00 -6.343905e-01
    outer loop
      vertex   -1.601977e+02 9.150000e+01 8.207056e+02
      vertex   -1.606019e+02 8.910000e+01 8.211981e+02
      vertex   -1.606019e+02 9.150000e+01 8.211981e+02
    endloop
  endfacet
  facet normal -7.730128e-01 -0.000000e+00 -6.343905e-01
    outer loop
      vertex   -1.601977e+02 9.150000e+01 8.207056e+02
      vertex   -1.601977e+02 8.910000e+01 8.207056e+02
      vertex   -1.606019e+02 8.910000e+01 8.211981e+02
    endloop
  endfacet
  facet normal -8.819200e-01 0.000000e+00 -4.713992e-01
    outer loop
      vertex   -1.598974e+02 9.150000e+01 8.201437e+02
      vertex   -1.601977e+02 8.910000e+01 8.207056e+02
      vertex   -1.601977e+02 9.150000e+01 8.207056e+02
    endloop
  endfacet
  facet normal -8.819200e-01 -0.000000e+00 -4.713992e-01
    outer loop
      vertex   -1.598974e+02 9.150000e+01 8.201437e+02
      vertex   -1.598974e+02 8.910000e+01 8.201437e+02
      vertex   -1.601977e+02 8.910000e+01 8.207056e+02
    endloop
  endfacet
  facet normal -9.569443e-01 0.000000e+00 -2.902716e-01
    outer loop
      vertex   -1.597125e+02 9.150000e+01 8.195340e+02
      vertex   -1.598974e+02 8.910000e+01 8.201437e+02
      vertex   -1.598974e+02 9.150000e+01 8.201437e+02
    endloop
  endfacet
  facet normal -9.569443e-01 -0.000000e+00 -2.902716e-01
    outer loop
      vertex   -1.597125e+02 9.150000e+01 8.195340e+02
      vertex   -1.597125e+02 8.910000e+01 8.195340e+02
      vertex   -1.598974e+02 8.910000e+01 8.201437e+02
    endloop
  endfacet
  facet normal -9.951849e-01 -0.000000e+00 -9.801562e-02
    outer loop
      vertex   -1.597125e+02 9.150000e+01 8.195340e+02
      vertex   -1.596500e+02 8.910000e+01 8.189000e+02
      vertex   -1.597125e+02 8.910000e+01 8.195340e+02
    endloop
  endfacet
  facet normal -9.951849e-01 -0.000000e+00 -9.801562e-02
    outer loop
      vertex   -1.596500e+02 9.150000e+01 8.189000e+02
      vertex   -1.596500e+02 8.910000e+01 8.189000e+02
      vertex   -1.597125e+02 9.150000e+01 8.195340e+02
    endloop
  endfacet
  facet normal -9.951849e-01 0.000000e+00 9.801562e-02
    outer loop
      vertex   -1.597125e+02 9.150000e+01 8.182660e+02
      vertex   -1.596500e+02 8.910000e+01 8.189000e+02
      vertex   -1.596500e+02 9.150000e+01 8.189000e+02
    endloop
  endfacet
  facet normal -9.951849e-01 0.000000e+00 9.801562e-02
    outer loop
      vertex   -1.597125e+02 9.150000e+01 8.182660e+02
      vertex   -1.597125e+02 8.910000e+01 8.182660e+02
      vertex   -1.596500e+02 8.910000e+01 8.189000e+02
    endloop
  endfacet
  facet normal -9.569430e-01 0.000000e+00 2.902758e-01
    outer loop
      vertex   -1.597125e+02 9.150000e+01 8.182660e+02
      vertex   -1.598974e+02 8.910000e+01 8.176563e+02
      vertex   -1.597125e+02 8.910000e+01 8.182660e+02
    endloop
  endfacet
  facet normal -9.569430e-01 0.000000e+00 2.902758e-01
    outer loop
      vertex   -1.598974e+02 9.150000e+01 8.176563e+02
      vertex   -1.598974e+02 8.910000e+01 8.176563e+02
      vertex   -1.597125e+02 9.150000e+01 8.182660e+02
    endloop
  endfacet
  facet normal -8.819200e-01 0.000000e+00 4.713992e-01
    outer loop
      vertex   -1.601977e+02 9.150000e+01 8.170944e+02
      vertex   -1.598974e+02 8.910000e+01 8.176563e+02
      vertex   -1.598974e+02 9.150000e+01 8.176563e+02
    endloop
  endfacet
  facet normal -8.819200e-01 0.000000e+00 4.713992e-01
    outer loop
      vertex   -1.601977e+02 9.150000e+01 8.170944e+02
      vertex   -1.601977e+02 8.910000e+01 8.170944e+02
      vertex   -1.598974e+02 8.910000e+01 8.176563e+02
    endloop
  endfacet
  facet normal -7.730128e-01 0.000000e+00 6.343905e-01
    outer loop
      vertex   -1.606019e+02 9.150000e+01 8.166019e+02
      vertex   -1.601977e+02 8.910000e+01 8.170944e+02
      vertex   -1.601977e+02 9.150000e+01 8.170944e+02
    endloop
  endfacet
  facet normal -7.730128e-01 0.000000e+00 6.343905e-01
    outer loop
      vertex   -1.606019e+02 9.150000e+01 8.166019e+02
      vertex   -1.606019e+02 8.910000e+01 8.166019e+02
      vertex   -1.601977e+02 8.910000e+01 8.170944e+02
    endloop
  endfacet
  facet normal -6.343889e-01 0.000000e+00 7.730141e-01
    outer loop
      vertex   -1.606019e+02 9.150000e+01 8.166019e+02
      vertex   -1.610944e+02 8.910000e+01 8.161977e+02
      vertex   -1.606019e+02 8.910000e+01 8.166019e+02
    endloop
  endfacet
  facet normal -6.343889e-01 0.000000e+00 7.730141e-01
    outer loop
      vertex   -1.610944e+02 9.150000e+01 8.161977e+02
      vertex   -1.610944e+02 8.910000e+01 8.161977e+02
      vertex   -1.606019e+02 9.150000e+01 8.166019e+02
    endloop
  endfacet
  facet normal -4.713929e-01 0.000000e+00 8.819233e-01
    outer loop
      vertex   -1.616563e+02 9.150000e+01 8.158974e+02
      vertex   -1.610944e+02 8.910000e+01 8.161977e+02
      vertex   -1.610944e+02 9.150000e+01 8.161977e+02
    endloop
  endfacet
  facet normal -4.713929e-01 0.000000e+00 8.819233e-01
    outer loop
      vertex   -1.616563e+02 9.150000e+01 8.158974e+02
      vertex   -1.616563e+02 8.910000e+01 8.158974e+02
      vertex   -1.610944e+02 8.910000e+01 8.161977e+02
    endloop
  endfacet
  facet normal -2.902799e-01 0.000000e+00 9.569418e-01
    outer loop
      vertex   -1.622660e+02 9.150000e+01 8.157125e+02
      vertex   -1.622660e+02 8.910000e+01 8.157125e+02
      vertex   -1.616563e+02 8.910000e+01 8.158974e+02
    endloop
  endfacet
  facet normal -9.803045e-02 0.000000e+00 9.951834e-01
    outer loop
      vertex   -1.622660e+02 9.150000e+01 8.157125e+02
      vertex   -1.629000e+02 8.910000e+01 8.156500e+02
      vertex   -1.622660e+02 8.910000e+01 8.157125e+02
    endloop
  endfacet
  facet normal -2.902799e-01 0.000000e+00 9.569418e-01
    outer loop
      vertex   -1.622660e+02 9.150000e+01 8.157125e+02
      vertex   -1.616563e+02 8.910000e+01 8.158974e+02
      vertex   -1.616563e+02 9.150000e+01 8.158974e+02
    endloop
  endfacet
  facet normal -9.803045e-02 0.000000e+00 9.951834e-01
    outer loop
      vertex   -1.629000e+02 9.150000e+01 8.156500e+02
      vertex   -1.629000e+02 8.910000e+01 8.156500e+02
      vertex   -1.622660e+02 9.150000e+01 8.157125e+02
    endloop
  endfacet
  facet normal 9.803045e-02 0.000000e+00 9.951834e-01
    outer loop
      vertex   -1.635340e+02 9.150000e+01 8.157125e+02
      vertex   -1.635340e+02 8.910000e+01 8.157125e+02
      vertex   -1.629000e+02 8.910000e+01 8.156500e+02
    endloop
  endfacet
  facet normal 2.902716e-01 0.000000e+00 9.569443e-01
    outer loop
      vertex   -1.635340e+02 9.150000e+01 8.157125e+02
      vertex   -1.641437e+02 8.910000e+01 8.158974e+02
      vertex   -1.635340e+02 8.910000e+01 8.157125e+02
    endloop
  endfacet
  facet normal 9.803045e-02 0.000000e+00 9.951834e-01
    outer loop
      vertex   -1.635340e+02 9.150000e+01 8.157125e+02
      vertex   -1.629000e+02 8.910000e+01 8.156500e+02
      vertex   -1.629000e+02 9.150000e+01 8.156500e+02
    endloop
  endfacet
  facet normal 2.902716e-01 0.000000e+00 9.569443e-01
    outer loop
      vertex   -1.641437e+02 9.150000e+01 8.158974e+02
      vertex   -1.641437e+02 8.910000e+01 8.158974e+02
      vertex   -1.635340e+02 9.150000e+01 8.157125e+02
    endloop
  endfacet
  facet normal 4.713929e-01 0.000000e+00 8.819233e-01
    outer loop
      vertex   -1.647056e+02 9.150000e+01 8.161977e+02
      vertex   -1.647056e+02 8.910000e+01 8.161977e+02
      vertex   -1.641437e+02 8.910000e+01 8.158974e+02
    endloop
  endfacet
  facet normal 6.343889e-01 0.000000e+00 7.730141e-01
    outer loop
      vertex   -1.647056e+02 9.150000e+01 8.161977e+02
      vertex   -1.651981e+02 8.910000e+01 8.166019e+02
      vertex   -1.647056e+02 8.910000e+01 8.161977e+02
    endloop
  endfacet
  facet normal 4.713929e-01 0.000000e+00 8.819233e-01
    outer loop
      vertex   -1.647056e+02 9.150000e+01 8.161977e+02
      vertex   -1.641437e+02 8.910000e+01 8.158974e+02
      vertex   -1.641437e+02 9.150000e+01 8.158974e+02
    endloop
  endfacet
  facet normal 6.343889e-01 0.000000e+00 7.730141e-01
    outer loop
      vertex   -1.651981e+02 9.150000e+01 8.166019e+02
      vertex   -1.651981e+02 8.910000e+01 8.166019e+02
      vertex   -1.647056e+02 9.150000e+01 8.161977e+02
    endloop
  endfacet
  facet normal 7.730128e-01 0.000000e+00 6.343905e-01
    outer loop
      vertex   -1.656023e+02 9.150000e+01 8.170944e+02
      vertex   -1.656023e+02 8.910000e+01 8.170944e+02
      vertex   -1.651981e+02 8.910000e+01 8.166019e+02
    endloop
  endfacet
  facet normal 7.730128e-01 0.000000e+00 6.343905e-01
    outer loop
      vertex   -1.656023e+02 9.150000e+01 8.170944e+02
      vertex   -1.651981e+02 8.910000e+01 8.166019e+02
      vertex   -1.651981e+02 9.150000e+01 8.166019e+02
    endloop
  endfacet
  facet normal 8.819200e-01 0.000000e+00 4.713992e-01
    outer loop
      vertex   -1.659026e+02 9.150000e+01 8.176563e+02
      vertex   -1.659026e+02 8.910000e+01 8.176563e+02
      vertex   -1.656023e+02 8.910000e+01 8.170944e+02
    endloop
  endfacet
  facet normal 9.569430e-01 0.000000e+00 2.902758e-01
    outer loop
      vertex   -1.659026e+02 9.150000e+01 8.176563e+02
      vertex   -1.660876e+02 8.910000e+01 8.182660e+02
      vertex   -1.659026e+02 8.910000e+01 8.176563e+02
    endloop
  endfacet
  facet normal 8.819200e-01 0.000000e+00 4.713992e-01
    outer loop
      vertex   -1.659026e+02 9.150000e+01 8.176563e+02
      vertex   -1.656023e+02 8.910000e+01 8.170944e+02
      vertex   -1.656023e+02 9.150000e+01 8.170944e+02
    endloop
  endfacet
  facet normal 9.569430e-01 0.000000e+00 2.902758e-01
    outer loop
      vertex   -1.660876e+02 9.150000e+01 8.182660e+02
      vertex   -1.660876e+02 8.910000e+01 8.182660e+02
      vertex   -1.659026e+02 9.150000e+01 8.176563e+02
    endloop
  endfacet
  facet normal 9.951849e-01 0.000000e+00 9.801562e-02
    outer loop
      vertex   -1.661500e+02 9.150000e+01 8.189000e+02
      vertex   -1.661500e+02 8.910000e+01 8.189000e+02
      vertex   -1.660876e+02 8.910000e+01 8.182660e+02
    endloop
  endfacet
  facet normal 9.951849e-01 0.000000e+00 9.801562e-02
    outer loop
      vertex   -1.661500e+02 9.150000e+01 8.189000e+02
      vertex   -1.660876e+02 8.910000e+01 8.182660e+02
      vertex   -1.660876e+02 9.150000e+01 8.182660e+02
    endloop
  endfacet
  facet normal 9.951849e-01 0.000000e+00 -9.801562e-02
    outer loop
      vertex   -1.400875e+02 9.150000e+01 8.195340e+02
      vertex   -1.401500e+02 8.910000e+01 8.189000e+02
      vertex   -1.401500e+02 9.150000e+01 8.189000e+02
    endloop
  endfacet
  facet normal 9.951849e-01 0.000000e+00 -9.801562e-02
    outer loop
      vertex   -1.400875e+02 9.150000e+01 8.195340e+02
      vertex   -1.400875e+02 8.910000e+01 8.195340e+02
      vertex   -1.401500e+02 8.910000e+01 8.189000e+02
    endloop
  endfacet
  facet normal 9.569443e-01 0.000000e+00 -2.902716e-01
    outer loop
      vertex   -1.399026e+02 9.150000e+01 8.201437e+02
      vertex   -1.399026e+02 8.910000e+01 8.201437e+02
      vertex   -1.400875e+02 8.910000e+01 8.195340e+02
    endloop
  endfacet
  facet normal 9.569443e-01 0.000000e+00 -2.902716e-01
    outer loop
      vertex   -1.399026e+02 9.150000e+01 8.201437e+02
      vertex   -1.400875e+02 8.910000e+01 8.195340e+02
      vertex   -1.400875e+02 9.150000e+01 8.195340e+02
    endloop
  endfacet
  facet normal 8.819200e-01 0.000000e+00 -4.713992e-01
    outer loop
      vertex   -1.396023e+02 9.150000e+01 8.207056e+02
      vertex   -1.396023e+02 8.910000e+01 8.207056e+02
      vertex   -1.399026e+02 8.910000e+01 8.201437e+02
    endloop
  endfacet
  facet normal 8.819200e-01 0.000000e+00 -4.713992e-01
    outer loop
      vertex   -1.396023e+02 9.150000e+01 8.207056e+02
      vertex   -1.399026e+02 8.910000e+01 8.201437e+02
      vertex   -1.399026e+02 9.150000e+01 8.201437e+02
    endloop
  endfacet
  facet normal 7.730128e-01 0.000000e+00 -6.343905e-01
    outer loop
      vertex   -1.391981e+02 9.150000e+01 8.211981e+02
      vertex   -1.391981e+02 8.910000e+01 8.211981e+02
      vertex   -1.396023e+02 8.910000e+01 8.207056e+02
    endloop
  endfacet
  facet normal 7.730128e-01 0.000000e+00 -6.343905e-01
    outer loop
      vertex   -1.391981e+02 9.150000e+01 8.211981e+02
      vertex   -1.396023e+02 8.910000e+01 8.207056e+02
      vertex   -1.396023e+02 9.150000e+01 8.207056e+02
    endloop
  endfacet
  facet normal 6.343889e-01 0.000000e+00 -7.730141e-01
    outer loop
      vertex   -1.387056e+02 9.150000e+01 8.216023e+02
      vertex   -1.387056e+02 8.910000e+01 8.216023e+02
      vertex   -1.391981e+02 8.910000e+01 8.211981e+02
    endloop
  endfacet
  facet normal 4.713992e-01 0.000000e+00 -8.819200e-01
    outer loop
      vertex   -1.387056e+02 9.150000e+01 8.216023e+02
      vertex   -1.381437e+02 8.910000e+01 8.219026e+02
      vertex   -1.387056e+02 8.910000e+01 8.216023e+02
    endloop
  endfacet
  facet normal 6.343889e-01 0.000000e+00 -7.730141e-01
    outer loop
      vertex   -1.387056e+02 9.150000e+01 8.216023e+02
      vertex   -1.391981e+02 8.910000e+01 8.211981e+02
      vertex   -1.391981e+02 9.150000e+01 8.211981e+02
    endloop
  endfacet
  facet normal 4.713992e-01 0.000000e+00 -8.819200e-01
    outer loop
      vertex   -1.381437e+02 9.150000e+01 8.219026e+02
      vertex   -1.381437e+02 8.910000e+01 8.219026e+02
      vertex   -1.387056e+02 9.150000e+01 8.216023e+02
    endloop
  endfacet
  facet normal 2.902716e-01 0.000000e+00 -9.569443e-01
    outer loop
      vertex   -1.375340e+02 9.150000e+01 8.220875e+02
      vertex   -1.375340e+02 8.910000e+01 8.220875e+02
      vertex   -1.381437e+02 8.910000e+01 8.219026e+02
    endloop
  endfacet
  facet normal 2.902716e-01 0.000000e+00 -9.569443e-01
    outer loop
      vertex   -1.375340e+02 9.150000e+01 8.220875e+02
      vertex   -1.381437e+02 8.910000e+01 8.219026e+02
      vertex   -1.381437e+02 9.150000e+01 8.219026e+02
    endloop
  endfacet
  facet normal 9.803045e-02 0.000000e+00 -9.951834e-01
    outer loop
      vertex   -1.369000e+02 9.150000e+01 8.221500e+02
      vertex   -1.369000e+02 8.910000e+01 8.221500e+02
      vertex   -1.375340e+02 8.910000e+01 8.220875e+02
    endloop
  endfacet
  facet normal 9.803045e-02 0.000000e+00 -9.951834e-01
    outer loop
      vertex   -1.369000e+02 9.150000e+01 8.221500e+02
      vertex   -1.375340e+02 8.910000e+01 8.220875e+02
      vertex   -1.375340e+02 9.150000e+01 8.220875e+02
    endloop
  endfacet
  facet normal -9.803045e-02 0.000000e+00 -9.951834e-01
    outer loop
      vertex   -1.362660e+02 9.150000e+01 8.220875e+02
      vertex   -1.369000e+02 8.910000e+01 8.221500e+02
      vertex   -1.369000e+02 9.150000e+01 8.221500e+02
    endloop
  endfacet
  facet normal -9.803045e-02 -0.000000e+00 -9.951834e-01
    outer loop
      vertex   -1.362660e+02 9.150000e+01 8.220875e+02
      vertex   -1.362660e+02 8.910000e+01 8.220875e+02
      vertex   -1.369000e+02 8.910000e+01 8.221500e+02
    endloop
  endfacet
  facet normal -2.902758e-01 0.000000e+00 -9.569430e-01
    outer loop
      vertex   -1.356563e+02 9.150000e+01 8.219026e+02
      vertex   -1.362660e+02 8.910000e+01 8.220875e+02
      vertex   -1.362660e+02 9.150000e+01 8.220875e+02
    endloop
  endfacet
  facet normal -2.902758e-01 -0.000000e+00 -9.569430e-01
    outer loop
      vertex   -1.356563e+02 9.150000e+01 8.219026e+02
      vertex   -1.356563e+02 8.910000e+01 8.219026e+02
      vertex   -1.362660e+02 8.910000e+01 8.220875e+02
    endloop
  endfacet
  facet normal -4.713929e-01 0.000000e+00 -8.819233e-01
    outer loop
      vertex   -1.350944e+02 9.150000e+01 8.216023e+02
      vertex   -1.356563e+02 8.910000e+01 8.219026e+02
      vertex   -1.356563e+02 9.150000e+01 8.219026e+02
    endloop
  endfacet
  facet normal -4.713929e-01 -0.000000e+00 -8.819233e-01
    outer loop
      vertex   -1.350944e+02 9.150000e+01 8.216023e+02
      vertex   -1.350944e+02 8.910000e+01 8.216023e+02
      vertex   -1.356563e+02 8.910000e+01 8.219026e+02
    endloop
  endfacet
  facet normal -6.343889e-01 -0.000000e+00 -7.730141e-01
    outer loop
      vertex   -1.350944e+02 9.150000e+01 8.216023e+02
      vertex   -1.346019e+02 8.910000e+01 8.211981e+02
      vertex   -1.350944e+02 8.910000e+01 8.216023e+02
    endloop
  endfacet
  facet normal -6.343889e-01 -0.000000e+00 -7.730141e-01
    outer loop
      vertex   -1.346019e+02 9.150000e+01 8.211981e+02
      vertex   -1.346019e+02 8.910000e+01 8.211981e+02
      vertex   -1.350944e+02 9.150000e+01 8.216023e+02
    endloop
  endfacet
  facet normal -7.730201e-01 0.000000e+00 -6.343815e-01
    outer loop
      vertex   -1.341977e+02 9.150000e+01 8.207056e+02
      vertex   -1.346019e+02 8.910000e+01 8.211981e+02
      vertex   -1.346019e+02 9.150000e+01 8.211981e+02
    endloop
  endfacet
  facet normal -7.730201e-01 -0.000000e+00 -6.343815e-01
    outer loop
      vertex   -1.341977e+02 9.150000e+01 8.207056e+02
      vertex   -1.341977e+02 8.910000e+01 8.207056e+02
      vertex   -1.346019e+02 8.910000e+01 8.211981e+02
    endloop
  endfacet
  facet normal -8.819200e-01 0.000000e+00 -4.713992e-01
    outer loop
      vertex   -1.338974e+02 9.150000e+01 8.201437e+02
      vertex   -1.341977e+02 8.910000e+01 8.207056e+02
      vertex   -1.341977e+02 9.150000e+01 8.207056e+02
    endloop
  endfacet
  facet normal -8.819200e-01 -0.000000e+00 -4.713992e-01
    outer loop
      vertex   -1.338974e+02 9.150000e+01 8.201437e+02
      vertex   -1.338974e+02 8.910000e+01 8.201437e+02
      vertex   -1.341977e+02 8.910000e+01 8.207056e+02
    endloop
  endfacet
  facet normal -9.569401e-01 0.000000e+00 -2.902853e-01
    outer loop
      vertex   -1.337124e+02 9.150000e+01 8.195340e+02
      vertex   -1.338974e+02 8.910000e+01 8.201437e+02
      vertex   -1.338974e+02 9.150000e+01 8.201437e+02
    endloop
  endfacet
  facet normal -9.569401e-01 -0.000000e+00 -2.902853e-01
    outer loop
      vertex   -1.337124e+02 9.150000e+01 8.195340e+02
      vertex   -1.337124e+02 8.910000e+01 8.195340e+02
      vertex   -1.338974e+02 8.910000e+01 8.201437e+02
    endloop
  endfacet
  facet normal -9.951849e-01 -0.000000e+00 -9.801562e-02
    outer loop
      vertex   -1.337124e+02 9.150000e+01 8.195340e+02
      vertex   -1.336500e+02 8.910000e+01 8.189000e+02
      vertex   -1.337124e+02 8.910000e+01 8.195340e+02
    endloop
  endfacet
  facet normal -9.951849e-01 -0.000000e+00 -9.801562e-02
    outer loop
      vertex   -1.336500e+02 9.150000e+01 8.189000e+02
      vertex   -1.336500e+02 8.910000e+01 8.189000e+02
      vertex   -1.337124e+02 9.150000e+01 8.195340e+02
    endloop
  endfacet
  facet normal -9.951849e-01 0.000000e+00 9.801562e-02
    outer loop
      vertex   -1.337124e+02 9.150000e+01 8.182660e+02
      vertex   -1.336500e+02 8.910000e+01 8.189000e+02
      vertex   -1.336500e+02 9.150000e+01 8.189000e+02
    endloop
  endfacet
  facet normal -9.951849e-01 0.000000e+00 9.801562e-02
    outer loop
      vertex   -1.337124e+02 9.150000e+01 8.182660e+02
      vertex   -1.337124e+02 8.910000e+01 8.182660e+02
      vertex   -1.336500e+02 8.910000e+01 8.189000e+02
    endloop
  endfacet
  facet normal -9.569389e-01 0.000000e+00 2.902895e-01
    outer loop
      vertex   -1.337124e+02 9.150000e+01 8.182660e+02
      vertex   -1.338974e+02 8.910000e+01 8.176563e+02
      vertex   -1.337124e+02 8.910000e+01 8.182660e+02
    endloop
  endfacet
  facet normal -9.569389e-01 0.000000e+00 2.902895e-01
    outer loop
      vertex   -1.338974e+02 9.150000e+01 8.176563e+02
      vertex   -1.338974e+02 8.910000e+01 8.176563e+02
      vertex   -1.337124e+02 9.150000e+01 8.182660e+02
    endloop
  endfacet
  facet normal -8.819200e-01 0.000000e+00 4.713992e-01
    outer loop
      vertex   -1.341977e+02 9.150000e+01 8.170944e+02
      vertex   -1.338974e+02 8.910000e+01 8.176563e+02
      vertex   -1.338974e+02 9.150000e+01 8.176563e+02
    endloop
  endfacet
  facet normal -8.819200e-01 0.000000e+00 4.713992e-01
    outer loop
      vertex   -1.341977e+02 9.150000e+01 8.170944e+02
      vertex   -1.341977e+02 8.910000e+01 8.170944e+02
      vertex   -1.338974e+02 8.910000e+01 8.176563e+02
    endloop
  endfacet
  facet normal -7.730201e-01 0.000000e+00 6.343815e-01
    outer loop
      vertex   -1.346019e+02 9.150000e+01 8.166019e+02
      vertex   -1.341977e+02 8.910000e+01 8.170944e+02
      vertex   -1.341977e+02 9.150000e+01 8.170944e+02
    endloop
  endfacet
  facet normal -7.730201e-01 0.000000e+00 6.343815e-01
    outer loop
      vertex   -1.346019e+02 9.150000e+01 8.166019e+02
      vertex   -1.346019e+02 8.910000e+01 8.166019e+02
      vertex   -1.341977e+02 8.910000e+01 8.170944e+02
    endloop
  endfacet
  facet normal -6.343889e-01 0.000000e+00 7.730141e-01
    outer loop
      vertex   -1.346019e+02 9.150000e+01 8.166019e+02
      vertex   -1.350944e+02 8.910000e+01 8.161977e+02
      vertex   -1.346019e+02 8.910000e+01 8.166019e+02
    endloop
  endfacet
  facet normal -6.343889e-01 0.000000e+00 7.730141e-01
    outer loop
      vertex   -1.350944e+02 9.150000e+01 8.161977e+02
      vertex   -1.350944e+02 8.910000e+01 8.161977e+02
      vertex   -1.346019e+02 9.150000e+01 8.166019e+02
    endloop
  endfacet
  facet normal -4.713929e-01 0.000000e+00 8.819233e-01
    outer loop
      vertex   -1.356563e+02 9.150000e+01 8.158974e+02
      vertex   -1.350944e+02 8.910000e+01 8.161977e+02
      vertex   -1.350944e+02 9.150000e+01 8.161977e+02
    endloop
  endfacet
  facet normal -4.713929e-01 0.000000e+00 8.819233e-01
    outer loop
      vertex   -1.356563e+02 9.150000e+01 8.158974e+02
      vertex   -1.356563e+02 8.910000e+01 8.158974e+02
      vertex   -1.350944e+02 8.910000e+01 8.161977e+02
    endloop
  endfacet
  facet normal -2.902758e-01 0.000000e+00 9.569430e-01
    outer loop
      vertex   -1.362660e+02 9.150000e+01 8.157125e+02
      vertex   -1.362660e+02 8.910000e+01 8.157125e+02
      vertex   -1.356563e+02 8.910000e+01 8.158974e+02
    endloop
  endfacet
  facet normal -9.803045e-02 0.000000e+00 9.951834e-01
    outer loop
      vertex   -1.362660e+02 9.150000e+01 8.157125e+02
      vertex   -1.369000e+02 8.910000e+01 8.156500e+02
      vertex   -1.362660e+02 8.910000e+01 8.157125e+02
    endloop
  endfacet
  facet normal -2.902758e-01 0.000000e+00 9.569430e-01
    outer loop
      vertex   -1.362660e+02 9.150000e+01 8.157125e+02
      vertex   -1.356563e+02 8.910000e+01 8.158974e+02
      vertex   -1.356563e+02 9.150000e+01 8.158974e+02
    endloop
  endfacet
  facet normal -9.803045e-02 0.000000e+00 9.951834e-01
    outer loop
      vertex   -1.369000e+02 9.150000e+01 8.156500e+02
      vertex   -1.369000e+02 8.910000e+01 8.156500e+02
      vertex   -1.362660e+02 9.150000e+01 8.157125e+02
    endloop
  endfacet
  facet normal 9.803045e-02 0.000000e+00 9.951834e-01
    outer loop
      vertex   -1.375340e+02 9.150000e+01 8.157125e+02
      vertex   -1.375340e+02 8.910000e+01 8.157125e+02
      vertex   -1.369000e+02 8.910000e+01 8.156500e+02
    endloop
  endfacet
  facet normal 2.902716e-01 0.000000e+00 9.569443e-01
    outer loop
      vertex   -1.375340e+02 9.150000e+01 8.157125e+02
      vertex   -1.381437e+02 8.910000e+01 8.158974e+02
      vertex   -1.375340e+02 8.910000e+01 8.157125e+02
    endloop
  endfacet
  facet normal 9.803045e-02 0.000000e+00 9.951834e-01
    outer loop
      vertex   -1.375340e+02 9.150000e+01 8.157125e+02
      vertex   -1.369000e+02 8.910000e+01 8.156500e+02
      vertex   -1.369000e+02 9.150000e+01 8.156500e+02
    endloop
  endfacet
  facet normal 2.902716e-01 0.000000e+00 9.569443e-01
    outer loop
      vertex   -1.381437e+02 9.150000e+01 8.158974e+02
      vertex   -1.381437e+02 8.910000e+01 8.158974e+02
      vertex   -1.375340e+02 9.150000e+01 8.157125e+02
    endloop
  endfacet
  facet normal 4.713992e-01 0.000000e+00 8.819200e-01
    outer loop
      vertex   -1.387056e+02 9.150000e+01 8.161977e+02
      vertex   -1.387056e+02 8.910000e+01 8.161977e+02
      vertex   -1.381437e+02 8.910000e+01 8.158974e+02
    endloop
  endfacet
  facet normal 6.343889e-01 0.000000e+00 7.730141e-01
    outer loop
      vertex   -1.387056e+02 9.150000e+01 8.161977e+02
      vertex   -1.391981e+02 8.910000e+01 8.166019e+02
      vertex   -1.387056e+02 8.910000e+01 8.161977e+02
    endloop
  endfacet
  facet normal 4.713992e-01 0.000000e+00 8.819200e-01
    outer loop
      vertex   -1.387056e+02 9.150000e+01 8.161977e+02
      vertex   -1.381437e+02 8.910000e+01 8.158974e+02
      vertex   -1.381437e+02 9.150000e+01 8.158974e+02
    endloop
  endfacet
  facet normal 6.343889e-01 0.000000e+00 7.730141e-01
    outer loop
      vertex   -1.391981e+02 9.150000e+01 8.166019e+02
      vertex   -1.391981e+02 8.910000e+01 8.166019e+02
      vertex   -1.387056e+02 9.150000e+01 8.161977e+02
    endloop
  endfacet
  facet normal 7.730128e-01 0.000000e+00 6.343905e-01
    outer loop
      vertex   -1.396023e+02 9.150000e+01 8.170944e+02
      vertex   -1.396023e+02 8.910000e+01 8.170944e+02
      vertex   -1.391981e+02 8.910000e+01 8.166019e+02
    endloop
  endfacet
  facet normal 7.730128e-01 0.000000e+00 6.343905e-01
    outer loop
      vertex   -1.396023e+02 9.150000e+01 8.170944e+02
      vertex   -1.391981e+02 8.910000e+01 8.166019e+02
      vertex   -1.391981e+02 9.150000e+01 8.166019e+02
    endloop
  endfacet
  facet normal 8.819200e-01 0.000000e+00 4.713992e-01
    outer loop
      vertex   -1.399026e+02 9.150000e+01 8.176563e+02
      vertex   -1.399026e+02 8.910000e+01 8.176563e+02
      vertex   -1.396023e+02 8.910000e+01 8.170944e+02
    endloop
  endfacet
  facet normal 9.569430e-01 0.000000e+00 2.902758e-01
    outer loop
      vertex   -1.399026e+02 9.150000e+01 8.176563e+02
      vertex   -1.400875e+02 8.910000e+01 8.182660e+02
      vertex   -1.399026e+02 8.910000e+01 8.176563e+02
    endloop
  endfacet
  facet normal 8.819200e-01 0.000000e+00 4.713992e-01
    outer loop
      vertex   -1.399026e+02 9.150000e+01 8.176563e+02
      vertex   -1.396023e+02 8.910000e+01 8.170944e+02
      vertex   -1.396023e+02 9.150000e+01 8.170944e+02
    endloop
  endfacet
  facet normal 9.569430e-01 0.000000e+00 2.902758e-01
    outer loop
      vertex   -1.400875e+02 9.150000e+01 8.182660e+02
      vertex   -1.400875e+02 8.910000e+01 8.182660e+02
      vertex   -1.399026e+02 9.150000e+01 8.176563e+02
    endloop
  endfacet
  facet normal 9.951849e-01 0.000000e+00 9.801562e-02
    outer loop
      vertex   -1.401500e+02 9.150000e+01 8.189000e+02
      vertex   -1.401500e+02 8.910000e+01 8.189000e+02
      vertex   -1.400875e+02 8.910000e+01 8.182660e+02
    endloop
  endfacet
  facet normal 9.951849e-01 0.000000e+00 9.801562e-02
    outer loop
      vertex   -1.401500e+02 9.150000e+01 8.189000e+02
      vertex   -1.400875e+02 8.910000e+01 8.182660e+02
      vertex   -1.400875e+02 9.150000e+01 8.182660e+02
    endloop
  endfacet
  facet normal 9.951849e-01 0.000000e+00 -9.801562e-02
    outer loop
      vertex   -1.660876e+02 9.150000e+01 7.935340e+02
      vertex   -1.661500e+02 8.910000e+01 7.929000e+02
      vertex   -1.661500e+02 9.150000e+01 7.929000e+02
    endloop
  endfacet
  facet normal 9.951849e-01 0.000000e+00 -9.801562e-02
    outer loop
      vertex   -1.660876e+02 9.150000e+01 7.935340e+02
      vertex   -1.660876e+02 8.910000e+01 7.935340e+02
      vertex   -1.661500e+02 8.910000e+01 7.929000e+02
    endloop
  endfacet
  facet normal 9.569430e-01 0.000000e+00 -2.902758e-01
    outer loop
      vertex   -1.659026e+02 9.150000e+01 7.941437e+02
      vertex   -1.659026e+02 8.910000e+01 7.941437e+02
      vertex   -1.660876e+02 8.910000e+01 7.935340e+02
    endloop
  endfacet
  facet normal 9.569430e-01 0.000000e+00 -2.902758e-01
    outer loop
      vertex   -1.659026e+02 9.150000e+01 7.941437e+02
      vertex   -1.660876e+02 8.910000e+01 7.935340e+02
      vertex   -1.660876e+02 9.150000e+01 7.935340e+02
    endloop
  endfacet
  facet normal 8.819233e-01 0.000000e+00 -4.713929e-01
    outer loop
      vertex   -1.656023e+02 9.150000e+01 7.947056e+02
      vertex   -1.656023e+02 8.910000e+01 7.947056e+02
      vertex   -1.659026e+02 8.910000e+01 7.941437e+02
    endloop
  endfacet
  facet normal 8.819233e-01 0.000000e+00 -4.713929e-01
    outer loop
      vertex   -1.656023e+02 9.150000e+01 7.947056e+02
      vertex   -1.659026e+02 8.910000e+01 7.941437e+02
      vertex   -1.659026e+02 9.150000e+01 7.941437e+02
    endloop
  endfacet
  facet normal 7.730067e-01 0.000000e+00 -6.343978e-01
    outer loop
      vertex   -1.651981e+02 9.150000e+01 7.951981e+02
      vertex   -1.651981e+02 8.910000e+01 7.951981e+02
      vertex   -1.656023e+02 8.910000e+01 7.947056e+02
    endloop
  endfacet
  facet normal 7.730067e-01 0.000000e+00 -6.343978e-01
    outer loop
      vertex   -1.651981e+02 9.150000e+01 7.951981e+02
      vertex   -1.656023e+02 8.910000e+01 7.947056e+02
      vertex   -1.656023e+02 9.150000e+01 7.947056e+02
    endloop
  endfacet
  facet normal 6.343978e-01 0.000000e+00 -7.730067e-01
    outer loop
      vertex   -1.647056e+02 9.150000e+01 7.956023e+02
      vertex   -1.647056e+02 8.910000e+01 7.956023e+02
      vertex   -1.651981e+02 8.910000e+01 7.951981e+02
    endloop
  endfacet
  facet normal 4.713929e-01 0.000000e+00 -8.819233e-01
    outer loop
      vertex   -1.647056e+02 9.150000e+01 7.956023e+02
      vertex   -1.641437e+02 8.910000e+01 7.959026e+02
      vertex   -1.647056e+02 8.910000e+01 7.956023e+02
    endloop
  endfacet
  facet normal 6.343978e-01 0.000000e+00 -7.730067e-01
    outer loop
      vertex   -1.647056e+02 9.150000e+01 7.956023e+02
      vertex   -1.651981e+02 8.910000e+01 7.951981e+02
      vertex   -1.651981e+02 9.150000e+01 7.951981e+02
    endloop
  endfacet
  facet normal 4.713929e-01 0.000000e+00 -8.819233e-01
    outer loop
      vertex   -1.641437e+02 9.150000e+01 7.959026e+02
      vertex   -1.641437e+02 8.910000e+01 7.959026e+02
      vertex   -1.647056e+02 9.150000e+01 7.956023e+02
    endloop
  endfacet
  facet normal 2.902716e-01 0.000000e+00 -9.569443e-01
    outer loop
      vertex   -1.635340e+02 9.150000e+01 7.960876e+02
      vertex   -1.635340e+02 8.910000e+01 7.960876e+02
      vertex   -1.641437e+02 8.910000e+01 7.959026e+02
    endloop
  endfacet
  facet normal 2.902716e-01 0.000000e+00 -9.569443e-01
    outer loop
      vertex   -1.635340e+02 9.150000e+01 7.960876e+02
      vertex   -1.641437e+02 8.910000e+01 7.959026e+02
      vertex   -1.641437e+02 9.150000e+01 7.959026e+02
    endloop
  endfacet
  facet normal 9.801562e-02 0.000000e+00 -9.951849e-01
    outer loop
      vertex   -1.629000e+02 9.150000e+01 7.961500e+02
      vertex   -1.629000e+02 8.910000e+01 7.961500e+02
      vertex   -1.635340e+02 8.910000e+01 7.960876e+02
    endloop
  endfacet
  facet normal 9.801562e-02 0.000000e+00 -9.951849e-01
    outer loop
      vertex   -1.629000e+02 9.150000e+01 7.961500e+02
      vertex   -1.635340e+02 8.910000e+01 7.960876e+02
      vertex   -1.635340e+02 9.150000e+01 7.960876e+02
    endloop
  endfacet
  facet normal -9.801562e-02 0.000000e+00 -9.951849e-01
    outer loop
      vertex   -1.622660e+02 9.150000e+01 7.960876e+02
      vertex   -1.629000e+02 8.910000e+01 7.961500e+02
      vertex   -1.629000e+02 9.150000e+01 7.961500e+02
    endloop
  endfacet
  facet normal -9.801562e-02 -0.000000e+00 -9.951849e-01
    outer loop
      vertex   -1.622660e+02 9.150000e+01 7.960876e+02
      vertex   -1.622660e+02 8.910000e+01 7.960876e+02
      vertex   -1.629000e+02 8.910000e+01 7.961500e+02
    endloop
  endfacet
  facet normal -2.902799e-01 0.000000e+00 -9.569418e-01
    outer loop
      vertex   -1.616563e+02 9.150000e+01 7.959026e+02
      vertex   -1.622660e+02 8.910000e+01 7.960876e+02
      vertex   -1.622660e+02 9.150000e+01 7.960876e+02
    endloop
  endfacet
  facet normal -2.902799e-01 -0.000000e+00 -9.569418e-01
    outer loop
      vertex   -1.616563e+02 9.150000e+01 7.959026e+02
      vertex   -1.616563e+02 8.910000e+01 7.959026e+02
      vertex   -1.622660e+02 8.910000e+01 7.960876e+02
    endloop
  endfacet
  facet normal -4.713929e-01 0.000000e+00 -8.819233e-01
    outer loop
      vertex   -1.610944e+02 9.150000e+01 7.956023e+02
      vertex   -1.616563e+02 8.910000e+01 7.959026e+02
      vertex   -1.616563e+02 9.150000e+01 7.959026e+02
    endloop
  endfacet
  facet normal -4.713929e-01 -0.000000e+00 -8.819233e-01
    outer loop
      vertex   -1.610944e+02 9.150000e+01 7.956023e+02
      vertex   -1.610944e+02 8.910000e+01 7.956023e+02
      vertex   -1.616563e+02 8.910000e+01 7.959026e+02
    endloop
  endfacet
  facet normal -6.343978e-01 -0.000000e+00 -7.730067e-01
    outer loop
      vertex   -1.610944e+02 9.150000e+01 7.956023e+02
      vertex   -1.606019e+02 8.910000e+01 7.951981e+02
      vertex   -1.610944e+02 8.910000e+01 7.956023e+02
    endloop
  endfacet
  facet normal -6.343978e-01 -0.000000e+00 -7.730067e-01
    outer loop
      vertex   -1.606019e+02 9.150000e+01 7.951981e+02
      vertex   -1.606019e+02 8.910000e+01 7.951981e+02
      vertex   -1.610944e+02 9.150000e+01 7.956023e+02
    endloop
  endfacet
  facet normal -7.730067e-01 0.000000e+00 -6.343978e-01
    outer loop
      vertex   -1.601977e+02 9.150000e+01 7.947056e+02
      vertex   -1.606019e+02 8.910000e+01 7.951981e+02
      vertex   -1.606019e+02 9.150000e+01 7.951981e+02
    endloop
  endfacet
  facet normal -7.730067e-01 -0.000000e+00 -6.343978e-01
    outer loop
      vertex   -1.601977e+02 9.150000e+01 7.947056e+02
      vertex   -1.601977e+02 8.910000e+01 7.947056e+02
      vertex   -1.606019e+02 8.910000e+01 7.951981e+02
    endloop
  endfacet
  facet normal -8.819233e-01 0.000000e+00 -4.713929e-01
    outer loop
      vertex   -1.598974e+02 9.150000e+01 7.941437e+02
      vertex   -1.601977e+02 8.910000e+01 7.947056e+02
      vertex   -1.601977e+02 9.150000e+01 7.947056e+02
    endloop
  endfacet
  facet normal -8.819233e-01 -0.000000e+00 -4.713929e-01
    outer loop
      vertex   -1.598974e+02 9.150000e+01 7.941437e+02
      vertex   -1.598974e+02 8.910000e+01 7.941437e+02
      vertex   -1.601977e+02 8.910000e+01 7.947056e+02
    endloop
  endfacet
  facet normal -9.569430e-01 0.000000e+00 -2.902758e-01
    outer loop
      vertex   -1.597125e+02 9.150000e+01 7.935340e+02
      vertex   -1.598974e+02 8.910000e+01 7.941437e+02
      vertex   -1.598974e+02 9.150000e+01 7.941437e+02
    endloop
  endfacet
  facet normal -9.569430e-01 -0.000000e+00 -2.902758e-01
    outer loop
      vertex   -1.597125e+02 9.150000e+01 7.935340e+02
      vertex   -1.597125e+02 8.910000e+01 7.935340e+02
      vertex   -1.598974e+02 8.910000e+01 7.941437e+02
    endloop
  endfacet
  facet normal -9.951849e-01 -0.000000e+00 -9.801562e-02
    outer loop
      vertex   -1.597125e+02 9.150000e+01 7.935340e+02
      vertex   -1.596500e+02 8.910000e+01 7.929000e+02
      vertex   -1.597125e+02 8.910000e+01 7.935340e+02
    endloop
  endfacet
  facet normal -9.951849e-01 -0.000000e+00 -9.801562e-02
    outer loop
      vertex   -1.596500e+02 9.150000e+01 7.929000e+02
      vertex   -1.596500e+02 8.910000e+01 7.929000e+02
      vertex   -1.597125e+02 9.150000e+01 7.935340e+02
    endloop
  endfacet
  facet normal -9.951849e-01 0.000000e+00 9.801562e-02
    outer loop
      vertex   -1.597125e+02 9.150000e+01 7.922660e+02
      vertex   -1.596500e+02 8.910000e+01 7.929000e+02
      vertex   -1.596500e+02 9.150000e+01 7.929000e+02
    endloop
  endfacet
  facet normal -9.951849e-01 0.000000e+00 9.801562e-02
    outer loop
      vertex   -1.597125e+02 9.150000e+01 7.922660e+02
      vertex   -1.597125e+02 8.910000e+01 7.922660e+02
      vertex   -1.596500e+02 8.910000e+01 7.929000e+02
    endloop
  endfacet
  facet normal -9.569430e-01 0.000000e+00 2.902758e-01
    outer loop
      vertex   -1.597125e+02 9.150000e+01 7.922660e+02
      vertex   -1.598974e+02 8.910000e+01 7.916563e+02
      vertex   -1.597125e+02 8.910000e+01 7.922660e+02
    endloop
  endfacet
  facet normal -9.569430e-01 0.000000e+00 2.902758e-01
    outer loop
      vertex   -1.598974e+02 9.150000e+01 7.916563e+02
      vertex   -1.598974e+02 8.910000e+01 7.916563e+02
      vertex   -1.597125e+02 9.150000e+01 7.922660e+02
    endloop
  endfacet
  facet normal -8.819233e-01 0.000000e+00 4.713929e-01
    outer loop
      vertex   -1.601977e+02 9.150000e+01 7.910944e+02
      vertex   -1.598974e+02 8.910000e+01 7.916563e+02
      vertex   -1.598974e+02 9.150000e+01 7.916563e+02
    endloop
  endfacet
  facet normal -8.819233e-01 0.000000e+00 4.713929e-01
    outer loop
      vertex   -1.601977e+02 9.150000e+01 7.910944e+02
      vertex   -1.601977e+02 8.910000e+01 7.910944e+02
      vertex   -1.598974e+02 8.910000e+01 7.916563e+02
    endloop
  endfacet
  facet normal -7.730067e-01 0.000000e+00 6.343978e-01
    outer loop
      vertex   -1.606019e+02 9.150000e+01 7.906019e+02
      vertex   -1.601977e+02 8.910000e+01 7.910944e+02
      vertex   -1.601977e+02 9.150000e+01 7.910944e+02
    endloop
  endfacet
  facet normal -7.730067e-01 0.000000e+00 6.343978e-01
    outer loop
      vertex   -1.606019e+02 9.150000e+01 7.906019e+02
      vertex   -1.606019e+02 8.910000e+01 7.906019e+02
      vertex   -1.601977e+02 8.910000e+01 7.910944e+02
    endloop
  endfacet
  facet normal -6.343978e-01 0.000000e+00 7.730067e-01
    outer loop
      vertex   -1.606019e+02 9.150000e+01 7.906019e+02
      vertex   -1.610944e+02 8.910000e+01 7.901977e+02
      vertex   -1.606019e+02 8.910000e+01 7.906019e+02
    endloop
  endfacet
  facet normal -6.343978e-01 0.000000e+00 7.730067e-01
    outer loop
      vertex   -1.610944e+02 9.150000e+01 7.901977e+02
      vertex   -1.610944e+02 8.910000e+01 7.901977e+02
      vertex   -1.606019e+02 9.150000e+01 7.906019e+02
    endloop
  endfacet
  facet normal -4.713929e-01 0.000000e+00 8.819233e-01
    outer loop
      vertex   -1.616563e+02 9.150000e+01 7.898974e+02
      vertex   -1.610944e+02 8.910000e+01 7.901977e+02
      vertex   -1.610944e+02 9.150000e+01 7.901977e+02
    endloop
  endfacet
  facet normal -4.713929e-01 0.000000e+00 8.819233e-01
    outer loop
      vertex   -1.616563e+02 9.150000e+01 7.898974e+02
      vertex   -1.616563e+02 8.910000e+01 7.898974e+02
      vertex   -1.610944e+02 8.910000e+01 7.901977e+02
    endloop
  endfacet
  facet normal -2.902799e-01 0.000000e+00 9.569418e-01
    outer loop
      vertex   -1.622660e+02 9.150000e+01 7.897124e+02
      vertex   -1.622660e+02 8.910000e+01 7.897124e+02
      vertex   -1.616563e+02 8.910000e+01 7.898974e+02
    endloop
  endfacet
  facet normal -9.801562e-02 0.000000e+00 9.951849e-01
    outer loop
      vertex   -1.622660e+02 9.150000e+01 7.897124e+02
      vertex   -1.629000e+02 8.910000e+01 7.896500e+02
      vertex   -1.622660e+02 8.910000e+01 7.897124e+02
    endloop
  endfacet
  facet normal -2.902799e-01 0.000000e+00 9.569418e-01
    outer loop
      vertex   -1.622660e+02 9.150000e+01 7.897124e+02
      vertex   -1.616563e+02 8.910000e+01 7.898974e+02
      vertex   -1.616563e+02 9.150000e+01 7.898974e+02
    endloop
  endfacet
  facet normal -9.801562e-02 0.000000e+00 9.951849e-01
    outer loop
      vertex   -1.629000e+02 9.150000e+01 7.896500e+02
      vertex   -1.629000e+02 8.910000e+01 7.896500e+02
      vertex   -1.622660e+02 9.150000e+01 7.897124e+02
    endloop
  endfacet
  facet normal 9.801562e-02 0.000000e+00 9.951849e-01
    outer loop
      vertex   -1.635340e+02 9.150000e+01 7.897124e+02
      vertex   -1.635340e+02 8.910000e+01 7.897124e+02
      vertex   -1.629000e+02 8.910000e+01 7.896500e+02
    endloop
  endfacet
  facet normal 2.902716e-01 0.000000e+00 9.569443e-01
    outer loop
      vertex   -1.635340e+02 9.150000e+01 7.897124e+02
      vertex   -1.641437e+02 8.910000e+01 7.898974e+02
      vertex   -1.635340e+02 8.910000e+01 7.897124e+02
    endloop
  endfacet
  facet normal 9.801562e-02 0.000000e+00 9.951849e-01
    outer loop
      vertex   -1.635340e+02 9.150000e+01 7.897124e+02
      vertex   -1.629000e+02 8.910000e+01 7.896500e+02
      vertex   -1.629000e+02 9.150000e+01 7.896500e+02
    endloop
  endfacet
  facet normal 2.902716e-01 0.000000e+00 9.569443e-01
    outer loop
      vertex   -1.641437e+02 9.150000e+01 7.898974e+02
      vertex   -1.641437e+02 8.910000e+01 7.898974e+02
      vertex   -1.635340e+02 9.150000e+01 7.897124e+02
    endloop
  endfacet
  facet normal 4.713929e-01 0.000000e+00 8.819233e-01
    outer loop
      vertex   -1.647056e+02 9.150000e+01 7.901977e+02
      vertex   -1.647056e+02 8.910000e+01 7.901977e+02
      vertex   -1.641437e+02 8.910000e+01 7.898974e+02
    endloop
  endfacet
  facet normal 6.343978e-01 0.000000e+00 7.730067e-01
    outer loop
      vertex   -1.647056e+02 9.150000e+01 7.901977e+02
      vertex   -1.651981e+02 8.910000e+01 7.906019e+02
      vertex   -1.647056e+02 8.910000e+01 7.901977e+02
    endloop
  endfacet
  facet normal 4.713929e-01 0.000000e+00 8.819233e-01
    outer loop
      vertex   -1.647056e+02 9.150000e+01 7.901977e+02
      vertex   -1.641437e+02 8.910000e+01 7.898974e+02
      vertex   -1.641437e+02 9.150000e+01 7.898974e+02
    endloop
  endfacet
  facet normal 6.343978e-01 0.000000e+00 7.730067e-01
    outer loop
      vertex   -1.651981e+02 9.150000e+01 7.906019e+02
      vertex   -1.651981e+02 8.910000e+01 7.906019e+02
      vertex   -1.647056e+02 9.150000e+01 7.901977e+02
    endloop
  endfacet
  facet normal 7.730067e-01 0.000000e+00 6.343978e-01
    outer loop
      vertex   -1.656023e+02 9.150000e+01 7.910944e+02
      vertex   -1.656023e+02 8.910000e+01 7.910944e+02
      vertex   -1.651981e+02 8.910000e+01 7.906019e+02
    endloop
  endfacet
  facet normal 7.730067e-01 0.000000e+00 6.343978e-01
    outer loop
      vertex   -1.656023e+02 9.150000e+01 7.910944e+02
      vertex   -1.651981e+02 8.910000e+01 7.906019e+02
      vertex   -1.651981e+02 9.150000e+01 7.906019e+02
    endloop
  endfacet
  facet normal 8.819233e-01 0.000000e+00 4.713929e-01
    outer loop
      vertex   -1.659026e+02 9.150000e+01 7.916563e+02
      vertex   -1.659026e+02 8.910000e+01 7.916563e+02
      vertex   -1.656023e+02 8.910000e+01 7.910944e+02
    endloop
  endfacet
  facet normal 9.569430e-01 0.000000e+00 2.902758e-01
    outer loop
      vertex   -1.659026e+02 9.150000e+01 7.916563e+02
      vertex   -1.660876e+02 8.910000e+01 7.922660e+02
      vertex   -1.659026e+02 8.910000e+01 7.916563e+02
    endloop
  endfacet
  facet normal 8.819233e-01 0.000000e+00 4.713929e-01
    outer loop
      vertex   -1.659026e+02 9.150000e+01 7.916563e+02
      vertex   -1.656023e+02 8.910000e+01 7.910944e+02
      vertex   -1.656023e+02 9.150000e+01 7.910944e+02
    endloop
  endfacet
  facet normal 9.569430e-01 0.000000e+00 2.902758e-01
    outer loop
      vertex   -1.660876e+02 9.150000e+01 7.922660e+02
      vertex   -1.660876e+02 8.910000e+01 7.922660e+02
      vertex   -1.659026e+02 9.150000e+01 7.916563e+02
    endloop
  endfacet
  facet normal 9.951849e-01 0.000000e+00 9.801562e-02
    outer loop
      vertex   -1.661500e+02 9.150000e+01 7.929000e+02
      vertex   -1.661500e+02 8.910000e+01 7.929000e+02
      vertex   -1.660876e+02 8.910000e+01 7.922660e+02
    endloop
  endfacet
  facet normal 9.951849e-01 0.000000e+00 9.801562e-02
    outer loop
      vertex   -1.661500e+02 9.150000e+01 7.929000e+02
      vertex   -1.660876e+02 8.910000e+01 7.922660e+02
      vertex   -1.660876e+02 9.150000e+01 7.922660e+02
    endloop
  endfacet
  facet normal 9.951849e-01 0.000000e+00 -9.801562e-02
    outer loop
      vertex   -1.400875e+02 9.150000e+01 7.935340e+02
      vertex   -1.401500e+02 8.910000e+01 7.929000e+02
      vertex   -1.401500e+02 9.150000e+01 7.929000e+02
    endloop
  endfacet
  facet normal 9.951849e-01 0.000000e+00 -9.801562e-02
    outer loop
      vertex   -1.400875e+02 9.150000e+01 7.935340e+02
      vertex   -1.400875e+02 8.910000e+01 7.935340e+02
      vertex   -1.401500e+02 8.910000e+01 7.929000e+02
    endloop
  endfacet
  facet normal 9.569430e-01 0.000000e+00 -2.902758e-01
    outer loop
      vertex   -1.399026e+02 9.150000e+01 7.941437e+02
      vertex   -1.399026e+02 8.910000e+01 7.941437e+02
      vertex   -1.400875e+02 8.910000e+01 7.935340e+02
    endloop
  endfacet
  facet normal 9.569430e-01 0.000000e+00 -2.902758e-01
    outer loop
      vertex   -1.399026e+02 9.150000e+01 7.941437e+02
      vertex   -1.400875e+02 8.910000e+01 7.935340e+02
      vertex   -1.400875e+02 9.150000e+01 7.935340e+02
    endloop
  endfacet
  facet normal 8.819233e-01 0.000000e+00 -4.713929e-01
    outer loop
      vertex   -1.396023e+02 9.150000e+01 7.947056e+02
      vertex   -1.396023e+02 8.910000e+01 7.947056e+02
      vertex   -1.399026e+02 8.910000e+01 7.941437e+02
    endloop
  endfacet
  facet normal 8.819233e-01 0.000000e+00 -4.713929e-01
    outer loop
      vertex   -1.396023e+02 9.150000e+01 7.947056e+02
      vertex   -1.399026e+02 8.910000e+01 7.941437e+02
      vertex   -1.399026e+02 9.150000e+01 7.941437e+02
    endloop
  endfacet
  facet normal 7.730067e-01 0.000000e+00 -6.343978e-01
    outer loop
      vertex   -1.391981e+02 9.150000e+01 7.951981e+02
      vertex   -1.391981e+02 8.910000e+01 7.951981e+02
      vertex   -1.396023e+02 8.910000e+01 7.947056e+02
    endloop
  endfacet
  facet normal 7.730067e-01 0.000000e+00 -6.343978e-01
    outer loop
      vertex   -1.391981e+02 9.150000e+01 7.951981e+02
      vertex   -1.396023e+02 8.910000e+01 7.947056e+02
      vertex   -1.396023e+02 9.150000e+01 7.947056e+02
    endloop
  endfacet
  facet normal 6.343978e-01 0.000000e+00 -7.730067e-01
    outer loop
      vertex   -1.387056e+02 9.150000e+01 7.956023e+02
      vertex   -1.387056e+02 8.910000e+01 7.956023e+02
      vertex   -1.391981e+02 8.910000e+01 7.951981e+02
    endloop
  endfacet
  facet normal 4.713992e-01 0.000000e+00 -8.819200e-01
    outer loop
      vertex   -1.387056e+02 9.150000e+01 7.956023e+02
      vertex   -1.381437e+02 8.910000e+01 7.959026e+02
      vertex   -1.387056e+02 8.910000e+01 7.956023e+02
    endloop
  endfacet
  facet normal 6.343978e-01 0.000000e+00 -7.730067e-01
    outer loop
      vertex   -1.387056e+02 9.150000e+01 7.956023e+02
      vertex   -1.391981e+02 8.910000e+01 7.951981e+02
      vertex   -1.391981e+02 9.150000e+01 7.951981e+02
    endloop
  endfacet
  facet normal 4.713992e-01 0.000000e+00 -8.819200e-01
    outer loop
      vertex   -1.381437e+02 9.150000e+01 7.959026e+02
      vertex   -1.381437e+02 8.910000e+01 7.959026e+02
      vertex   -1.387056e+02 9.150000e+01 7.956023e+02
    endloop
  endfacet
  facet normal 2.902716e-01 0.000000e+00 -9.569443e-01
    outer loop
      vertex   -1.375340e+02 9.150000e+01 7.960876e+02
      vertex   -1.375340e+02 8.910000e+01 7.960876e+02
      vertex   -1.381437e+02 8.910000e+01 7.959026e+02
    endloop
  endfacet
  facet normal 2.902716e-01 0.000000e+00 -9.569443e-01
    outer loop
      vertex   -1.375340e+02 9.150000e+01 7.960876e+02
      vertex   -1.381437e+02 8.910000e+01 7.959026e+02
      vertex   -1.381437e+02 9.150000e+01 7.959026e+02
    endloop
  endfacet
  facet normal 9.801562e-02 0.000000e+00 -9.951849e-01
    outer loop
      vertex   -1.369000e+02 9.150000e+01 7.961500e+02
      vertex   -1.369000e+02 8.910000e+01 7.961500e+02
      vertex   -1.375340e+02 8.910000e+01 7.960876e+02
    endloop
  endfacet
  facet normal 9.801562e-02 0.000000e+00 -9.951849e-01
    outer loop
      vertex   -1.369000e+02 9.150000e+01 7.961500e+02
      vertex   -1.375340e+02 8.910000e+01 7.960876e+02
      vertex   -1.375340e+02 9.150000e+01 7.960876e+02
    endloop
  endfacet
  facet normal -9.801562e-02 0.000000e+00 -9.951849e-01
    outer loop
      vertex   -1.362660e+02 9.150000e+01 7.960876e+02
      vertex   -1.369000e+02 8.910000e+01 7.961500e+02
      vertex   -1.369000e+02 9.150000e+01 7.961500e+02
    endloop
  endfacet
  facet normal -9.801562e-02 -0.000000e+00 -9.951849e-01
    outer loop
      vertex   -1.362660e+02 9.150000e+01 7.960876e+02
      vertex   -1.362660e+02 8.910000e+01 7.960876e+02
      vertex   -1.369000e+02 8.910000e+01 7.961500e+02
    endloop
  endfacet
  facet normal -2.902758e-01 0.000000e+00 -9.569430e-01
    outer loop
      vertex   -1.356563e+02 9.150000e+01 7.959026e+02
      vertex   -1.362660e+02 8.910000e+01 7.960876e+02
      vertex   -1.362660e+02 9.150000e+01 7.960876e+02
    endloop
  endfacet
  facet normal -2.902758e-01 -0.000000e+00 -9.569430e-01
    outer loop
      vertex   -1.356563e+02 9.150000e+01 7.959026e+02
      vertex   -1.356563e+02 8.910000e+01 7.959026e+02
      vertex   -1.362660e+02 8.910000e+01 7.960876e+02
    endloop
  endfacet
  facet normal -4.713929e-01 0.000000e+00 -8.819233e-01
    outer loop
      vertex   -1.350944e+02 9.150000e+01 7.956023e+02
      vertex   -1.356563e+02 8.910000e+01 7.959026e+02
      vertex   -1.356563e+02 9.150000e+01 7.959026e+02
    endloop
  endfacet
  facet normal -4.713929e-01 -0.000000e+00 -8.819233e-01
    outer loop
      vertex   -1.350944e+02 9.150000e+01 7.956023e+02
      vertex   -1.350944e+02 8.910000e+01 7.956023e+02
      vertex   -1.356563e+02 8.910000e+01 7.959026e+02
    endloop
  endfacet
  facet normal -6.343978e-01 -0.000000e+00 -7.730067e-01
    outer loop
      vertex   -1.350944e+02 9.150000e+01 7.956023e+02
      vertex   -1.346019e+02 8.910000e+01 7.951981e+02
      vertex   -1.350944e+02 8.910000e+01 7.956023e+02
    endloop
  endfacet
  facet normal -6.343978e-01 -0.000000e+00 -7.730067e-01
    outer loop
      vertex   -1.346019e+02 9.150000e+01 7.951981e+02
      vertex   -1.346019e+02 8.910000e+01 7.951981e+02
      vertex   -1.350944e+02 9.150000e+01 7.956023e+02
    endloop
  endfacet
  facet normal -7.730141e-01 0.000000e+00 -6.343889e-01
    outer loop
      vertex   -1.341977e+02 9.150000e+01 7.947056e+02
      vertex   -1.346019e+02 8.910000e+01 7.951981e+02
      vertex   -1.346019e+02 9.150000e+01 7.951981e+02
    endloop
  endfacet
  facet normal -7.730141e-01 -0.000000e+00 -6.343889e-01
    outer loop
      vertex   -1.341977e+02 9.150000e+01 7.947056e+02
      vertex   -1.341977e+02 8.910000e+01 7.947056e+02
      vertex   -1.346019e+02 8.910000e+01 7.951981e+02
    endloop
  endfacet
  facet normal -8.819233e-01 0.000000e+00 -4.713929e-01
    outer loop
      vertex   -1.338974e+02 9.150000e+01 7.941437e+02
      vertex   -1.341977e+02 8.910000e+01 7.947056e+02
      vertex   -1.341977e+02 9.150000e+01 7.947056e+02
    endloop
  endfacet
  facet normal -8.819233e-01 -0.000000e+00 -4.713929e-01
    outer loop
      vertex   -1.338974e+02 9.150000e+01 7.941437e+02
      vertex   -1.338974e+02 8.910000e+01 7.941437e+02
      vertex   -1.341977e+02 8.910000e+01 7.947056e+02
    endloop
  endfacet
  facet normal -9.569389e-01 0.000000e+00 -2.902895e-01
    outer loop
      vertex   -1.337124e+02 9.150000e+01 7.935340e+02
      vertex   -1.338974e+02 8.910000e+01 7.941437e+02
      vertex   -1.338974e+02 9.150000e+01 7.941437e+02
    endloop
  endfacet
  facet normal -9.569389e-01 -0.000000e+00 -2.902895e-01
    outer loop
      vertex   -1.337124e+02 9.150000e+01 7.935340e+02
      vertex   -1.337124e+02 8.910000e+01 7.935340e+02
      vertex   -1.338974e+02 8.910000e+01 7.941437e+02
    endloop
  endfacet
  facet normal -9.951849e-01 -0.000000e+00 -9.801562e-02
    outer loop
      vertex   -1.337124e+02 9.150000e+01 7.935340e+02
      vertex   -1.336500e+02 8.910000e+01 7.929000e+02
      vertex   -1.337124e+02 8.910000e+01 7.935340e+02
    endloop
  endfacet
  facet normal -9.951849e-01 -0.000000e+00 -9.801562e-02
    outer loop
      vertex   -1.336500e+02 9.150000e+01 7.929000e+02
      vertex   -1.336500e+02 8.910000e+01 7.929000e+02
      vertex   -1.337124e+02 9.150000e+01 7.935340e+02
    endloop
  endfacet
  facet normal -9.951849e-01 0.000000e+00 9.801562e-02
    outer loop
      vertex   -1.337124e+02 9.150000e+01 7.922660e+02
      vertex   -1.336500e+02 8.910000e+01 7.929000e+02
      vertex   -1.336500e+02 9.150000e+01 7.929000e+02
    endloop
  endfacet
  facet normal -9.951849e-01 0.000000e+00 9.801562e-02
    outer loop
      vertex   -1.337124e+02 9.150000e+01 7.922660e+02
      vertex   -1.337124e+02 8.910000e+01 7.922660e+02
      vertex   -1.336500e+02 8.910000e+01 7.929000e+02
    endloop
  endfacet
  facet normal -9.569389e-01 0.000000e+00 2.902895e-01
    outer loop
      vertex   -1.337124e+02 9.150000e+01 7.922660e+02
      vertex   -1.338974e+02 8.910000e+01 7.916563e+02
      vertex   -1.337124e+02 8.910000e+01 7.922660e+02
    endloop
  endfacet
  facet normal -9.569389e-01 0.000000e+00 2.902895e-01
    outer loop
      vertex   -1.338974e+02 9.150000e+01 7.916563e+02
      vertex   -1.338974e+02 8.910000e+01 7.916563e+02
      vertex   -1.337124e+02 9.150000e+01 7.922660e+02
    endloop
  endfacet
  facet normal -8.819233e-01 0.000000e+00 4.713929e-01
    outer loop
      vertex   -1.341977e+02 9.150000e+01 7.910944e+02
      vertex   -1.338974e+02 8.910000e+01 7.916563e+02
      vertex   -1.338974e+02 9.150000e+01 7.916563e+02
    endloop
  endfacet
  facet normal -8.819233e-01 0.000000e+00 4.713929e-01
    outer loop
      vertex   -1.341977e+02 9.150000e+01 7.910944e+02
      vertex   -1.341977e+02 8.910000e+01 7.910944e+02
      vertex   -1.338974e+02 8.910000e+01 7.916563e+02
    endloop
  endfacet
  facet normal -7.730141e-01 0.000000e+00 6.343889e-01
    outer loop
      vertex   -1.346019e+02 9.150000e+01 7.906019e+02
      vertex   -1.341977e+02 8.910000e+01 7.910944e+02
      vertex   -1.341977e+02 9.150000e+01 7.910944e+02
    endloop
  endfacet
  facet normal -7.730141e-01 0.000000e+00 6.343889e-01
    outer loop
      vertex   -1.346019e+02 9.150000e+01 7.906019e+02
      vertex   -1.346019e+02 8.910000e+01 7.906019e+02
      vertex   -1.341977e+02 8.910000e+01 7.910944e+02
    endloop
  endfacet
  facet normal -6.343978e-01 0.000000e+00 7.730067e-01
    outer loop
      vertex   -1.346019e+02 9.150000e+01 7.906019e+02
      vertex   -1.350944e+02 8.910000e+01 7.901977e+02
      vertex   -1.346019e+02 8.910000e+01 7.906019e+02
    endloop
  endfacet
  facet normal -6.343978e-01 0.000000e+00 7.730067e-01
    outer loop
      vertex   -1.350944e+02 9.150000e+01 7.901977e+02
      vertex   -1.350944e+02 8.910000e+01 7.901977e+02
      vertex   -1.346019e+02 9.150000e+01 7.906019e+02
    endloop
  endfacet
  facet normal -4.713929e-01 0.000000e+00 8.819233e-01
    outer loop
      vertex   -1.356563e+02 9.150000e+01 7.898974e+02
      vertex   -1.350944e+02 8.910000e+01 7.901977e+02
      vertex   -1.350944e+02 9.150000e+01 7.901977e+02
    endloop
  endfacet
  facet normal -4.713929e-01 0.000000e+00 8.819233e-01
    outer loop
      vertex   -1.356563e+02 9.150000e+01 7.898974e+02
      vertex   -1.356563e+02 8.910000e+01 7.898974e+02
      vertex   -1.350944e+02 8.910000e+01 7.901977e+02
    endloop
  endfacet
  facet normal -2.902758e-01 0.000000e+00 9.569430e-01
    outer loop
      vertex   -1.362660e+02 9.150000e+01 7.897124e+02
      vertex   -1.362660e+02 8.910000e+01 7.897124e+02
      vertex   -1.356563e+02 8.910000e+01 7.898974e+02
    endloop
  endfacet
  facet normal -9.801562e-02 0.000000e+00 9.951849e-01
    outer loop
      vertex   -1.362660e+02 9.150000e+01 7.897124e+02
      vertex   -1.369000e+02 8.910000e+01 7.896500e+02
      vertex   -1.362660e+02 8.910000e+01 7.897124e+02
    endloop
  endfacet
  facet normal -2.902758e-01 0.000000e+00 9.569430e-01
    outer loop
      vertex   -1.362660e+02 9.150000e+01 7.897124e+02
      vertex   -1.356563e+02 8.910000e+01 7.898974e+02
      vertex   -1.356563e+02 9.150000e+01 7.898974e+02
    endloop
  endfacet
  facet normal -9.801562e-02 0.000000e+00 9.951849e-01
    outer loop
      vertex   -1.369000e+02 9.150000e+01 7.896500e+02
      vertex   -1.369000e+02 8.910000e+01 7.896500e+02
      vertex   -1.362660e+02 9.150000e+01 7.897124e+02
    endloop
  endfacet
  facet normal 9.801562e-02 0.000000e+00 9.951849e-01
    outer loop
      vertex   -1.375340e+02 9.150000e+01 7.897124e+02
      vertex   -1.375340e+02 8.910000e+01 7.897124e+02
      vertex   -1.369000e+02 8.910000e+01 7.896500e+02
    endloop
  endfacet
  facet normal 2.902716e-01 0.000000e+00 9.569443e-01
    outer loop
      vertex   -1.375340e+02 9.150000e+01 7.897124e+02
      vertex   -1.381437e+02 8.910000e+01 7.898974e+02
      vertex   -1.375340e+02 8.910000e+01 7.897124e+02
    endloop
  endfacet
  facet normal 9.801562e-02 0.000000e+00 9.951849e-01
    outer loop
      vertex   -1.375340e+02 9.150000e+01 7.897124e+02
      vertex   -1.369000e+02 8.910000e+01 7.896500e+02
      vertex   -1.369000e+02 9.150000e+01 7.896500e+02
    endloop
  endfacet
  facet normal 2.902716e-01 0.000000e+00 9.569443e-01
    outer loop
      vertex   -1.381437e+02 9.150000e+01 7.898974e+02
      vertex   -1.381437e+02 8.910000e+01 7.898974e+02
      vertex   -1.375340e+02 9.150000e+01 7.897124e+02
    endloop
  endfacet
  facet normal 4.713992e-01 0.000000e+00 8.819200e-01
    outer loop
      vertex   -1.387056e+02 9.150000e+01 7.901977e+02
      vertex   -1.387056e+02 8.910000e+01 7.901977e+02
      vertex   -1.381437e+02 8.910000e+01 7.898974e+02
    endloop
  endfacet
  facet normal 6.343978e-01 0.000000e+00 7.730067e-01
    outer loop
      vertex   -1.387056e+02 9.150000e+01 7.901977e+02
      vertex   -1.391981e+02 8.910000e+01 7.906019e+02
      vertex   -1.387056e+02 8.910000e+01 7.901977e+02
    endloop
  endfacet
  facet normal 4.713992e-01 0.000000e+00 8.819200e-01
    outer loop
      vertex   -1.387056e+02 9.150000e+01 7.901977e+02
      vertex   -1.381437e+02 8.910000e+01 7.898974e+02
      vertex   -1.381437e+02 9.150000e+01 7.898974e+02
    endloop
  endfacet
  facet normal 6.343978e-01 0.000000e+00 7.730067e-01
    outer loop
      vertex   -1.391981e+02 9.150000e+01 7.906019e+02
      vertex   -1.391981e+02 8.910000e+01 7.906019e+02
      vertex   -1.387056e+02 9.150000e+01 7.901977e+02
    endloop
  endfacet
  facet normal 7.730067e-01 0.000000e+00 6.343978e-01
    outer loop
      vertex   -1.396023e+02 9.150000e+01 7.910944e+02
      vertex   -1.396023e+02 8.910000e+01 7.910944e+02
      vertex   -1.391981e+02 8.910000e+01 7.906019e+02
    endloop
  endfacet
  facet normal 7.730067e-01 0.000000e+00 6.343978e-01
    outer loop
      vertex   -1.396023e+02 9.150000e+01 7.910944e+02
      vertex   -1.391981e+02 8.910000e+01 7.906019e+02
      vertex   -1.391981e+02 9.150000e+01 7.906019e+02
    endloop
  endfacet
  facet normal 8.819233e-01 0.000000e+00 4.713929e-01
    outer loop
      vertex   -1.399026e+02 9.150000e+01 7.916563e+02
      vertex   -1.399026e+02 8.910000e+01 7.916563e+02
      vertex   -1.396023e+02 8.910000e+01 7.910944e+02
    endloop
  endfacet
  facet normal 9.569430e-01 0.000000e+00 2.902758e-01
    outer loop
      vertex   -1.399026e+02 9.150000e+01 7.916563e+02
      vertex   -1.400875e+02 8.910000e+01 7.922660e+02
      vertex   -1.399026e+02 8.910000e+01 7.916563e+02
    endloop
  endfacet
  facet normal 8.819233e-01 0.000000e+00 4.713929e-01
    outer loop
      vertex   -1.399026e+02 9.150000e+01 7.916563e+02
      vertex   -1.396023e+02 8.910000e+01 7.910944e+02
      vertex   -1.396023e+02 9.150000e+01 7.910944e+02
    endloop
  endfacet
  facet normal 9.569430e-01 0.000000e+00 2.902758e-01
    outer loop
      vertex   -1.400875e+02 9.150000e+01 7.922660e+02
      vertex   -1.400875e+02 8.910000e+01 7.922660e+02
      vertex   -1.399026e+02 9.150000e+01 7.916563e+02
    endloop
  endfacet
  facet normal 9.951849e-01 0.000000e+00 9.801562e-02
    outer loop
      vertex   -1.401500e+02 9.150000e+01 7.929000e+02
      vertex   -1.401500e+02 8.910000e+01 7.929000e+02
      vertex   -1.400875e+02 8.910000e+01 7.922660e+02
    endloop
  endfacet
  facet normal 9.951849e-01 0.000000e+00 9.801562e-02
    outer loop
      vertex   -1.401500e+02 9.150000e+01 7.929000e+02
      vertex   -1.400875e+02 8.910000e+01 7.922660e+02
      vertex   -1.400875e+02 9.150000e+01 7.922660e+02
    endloop
  endfacet
  facet normal 9.951849e-01 0.000000e+00 -9.801562e-02
    outer loop
      vertex   -1.660876e+02 9.150000e+01 8.615340e+02
      vertex   -1.661500e+02 8.910000e+01 8.609000e+02
      vertex   -1.661500e+02 9.150000e+01 8.609000e+02
    endloop
  endfacet
  facet normal 9.951849e-01 0.000000e+00 -9.801562e-02
    outer loop
      vertex   -1.660876e+02 9.150000e+01 8.615340e+02
      vertex   -1.660876e+02 8.910000e+01 8.615340e+02
      vertex   -1.661500e+02 8.910000e+01 8.609000e+02
    endloop
  endfacet
  facet normal 9.569443e-01 0.000000e+00 -2.902716e-01
    outer loop
      vertex   -1.659026e+02 9.150000e+01 8.621437e+02
      vertex   -1.659026e+02 8.910000e+01 8.621437e+02
      vertex   -1.660876e+02 8.910000e+01 8.615340e+02
    endloop
  endfacet
  facet normal 9.569443e-01 0.000000e+00 -2.902716e-01
    outer loop
      vertex   -1.659026e+02 9.150000e+01 8.621437e+02
      vertex   -1.660876e+02 8.910000e+01 8.615340e+02
      vertex   -1.660876e+02 9.150000e+01 8.615340e+02
    endloop
  endfacet
  facet normal 8.819166e-01 0.000000e+00 -4.714054e-01
    outer loop
      vertex   -1.656023e+02 9.150000e+01 8.627056e+02
      vertex   -1.656023e+02 8.910000e+01 8.627056e+02
      vertex   -1.659026e+02 8.910000e+01 8.621437e+02
    endloop
  endfacet
  facet normal 8.819166e-01 0.000000e+00 -4.714054e-01
    outer loop
      vertex   -1.656023e+02 9.150000e+01 8.627056e+02
      vertex   -1.659026e+02 8.910000e+01 8.621437e+02
      vertex   -1.659026e+02 9.150000e+01 8.621437e+02
    endloop
  endfacet
  facet normal 7.730188e-01 0.000000e+00 -6.343831e-01
    outer loop
      vertex   -1.651981e+02 9.150000e+01 8.631981e+02
      vertex   -1.651981e+02 8.910000e+01 8.631981e+02
      vertex   -1.656023e+02 8.910000e+01 8.627056e+02
    endloop
  endfacet
  facet normal 7.730188e-01 0.000000e+00 -6.343831e-01
    outer loop
      vertex   -1.651981e+02 9.150000e+01 8.631981e+02
      vertex   -1.656023e+02 8.910000e+01 8.627056e+02
      vertex   -1.656023e+02 9.150000e+01 8.627056e+02
    endloop
  endfacet
  facet normal 6.343799e-01 0.000000e+00 -7.730214e-01
    outer loop
      vertex   -1.647056e+02 9.150000e+01 8.636023e+02
      vertex   -1.647056e+02 8.910000e+01 8.636023e+02
      vertex   -1.651981e+02 8.910000e+01 8.631981e+02
    endloop
  endfacet
  facet normal 4.713929e-01 0.000000e+00 -8.819233e-01
    outer loop
      vertex   -1.647056e+02 9.150000e+01 8.636023e+02
      vertex   -1.641437e+02 8.910000e+01 8.639026e+02
      vertex   -1.647056e+02 8.910000e+01 8.636023e+02
    endloop
  endfacet
  facet normal 6.343799e-01 0.000000e+00 -7.730214e-01
    outer loop
      vertex   -1.647056e+02 9.150000e+01 8.636023e+02
      vertex   -1.651981e+02 8.910000e+01 8.631981e+02
      vertex   -1.651981e+02 9.150000e+01 8.631981e+02
    endloop
  endfacet
  facet normal 4.713929e-01 0.000000e+00 -8.819233e-01
    outer loop
      vertex   -1.641437e+02 9.150000e+01 8.639026e+02
      vertex   -1.641437e+02 8.910000e+01 8.639026e+02
      vertex   -1.647056e+02 9.150000e+01 8.636023e+02
    endloop
  endfacet
  facet normal 2.902716e-01 0.000000e+00 -9.569443e-01
    outer loop
      vertex   -1.635340e+02 9.150000e+01 8.640875e+02
      vertex   -1.635340e+02 8.910000e+01 8.640875e+02
      vertex   -1.641437e+02 8.910000e+01 8.639026e+02
    endloop
  endfacet
  facet normal 2.902716e-01 0.000000e+00 -9.569443e-01
    outer loop
      vertex   -1.635340e+02 9.150000e+01 8.640875e+02
      vertex   -1.641437e+02 8.910000e+01 8.639026e+02
      vertex   -1.641437e+02 9.150000e+01 8.639026e+02
    endloop
  endfacet
  facet normal 9.804527e-02 0.000000e+00 -9.951820e-01
    outer loop
      vertex   -1.629000e+02 9.150000e+01 8.641500e+02
      vertex   -1.629000e+02 8.910000e+01 8.641500e+02
      vertex   -1.635340e+02 8.910000e+01 8.640875e+02
    endloop
  endfacet
  facet normal 9.804527e-02 0.000000e+00 -9.951820e-01
    outer loop
      vertex   -1.629000e+02 9.150000e+01 8.641500e+02
      vertex   -1.635340e+02 8.910000e+01 8.640875e+02
      vertex   -1.635340e+02 9.150000e+01 8.640875e+02
    endloop
  endfacet
  facet normal -9.804527e-02 0.000000e+00 -9.951820e-01
    outer loop
      vertex   -1.622660e+02 9.150000e+01 8.640875e+02
      vertex   -1.629000e+02 8.910000e+01 8.641500e+02
      vertex   -1.629000e+02 9.150000e+01 8.641500e+02
    endloop
  endfacet
  facet normal -9.804527e-02 -0.000000e+00 -9.951820e-01
    outer loop
      vertex   -1.622660e+02 9.150000e+01 8.640875e+02
      vertex   -1.622660e+02 8.910000e+01 8.640875e+02
      vertex   -1.629000e+02 8.910000e+01 8.641500e+02
    endloop
  endfacet
  facet normal -2.902799e-01 0.000000e+00 -9.569418e-01
    outer loop
      vertex   -1.616563e+02 9.150000e+01 8.639026e+02
      vertex   -1.622660e+02 8.910000e+01 8.640875e+02
      vertex   -1.622660e+02 9.150000e+01 8.640875e+02
    endloop
  endfacet
  facet normal -2.902799e-01 -0.000000e+00 -9.569418e-01
    outer loop
      vertex   -1.616563e+02 9.150000e+01 8.639026e+02
      vertex   -1.616563e+02 8.910000e+01 8.639026e+02
      vertex   -1.622660e+02 8.910000e+01 8.640875e+02
    endloop
  endfacet
  facet normal -4.713929e-01 0.000000e+00 -8.819233e-01
    outer loop
      vertex   -1.610944e+02 9.150000e+01 8.636023e+02
      vertex   -1.616563e+02 8.910000e+01 8.639026e+02
      vertex   -1.616563e+02 9.150000e+01 8.639026e+02
    endloop
  endfacet
  facet normal -4.713929e-01 -0.000000e+00 -8.819233e-01
    outer loop
      vertex   -1.610944e+02 9.150000e+01 8.636023e+02
      vertex   -1.610944e+02 8.910000e+01 8.636023e+02
      vertex   -1.616563e+02 8.910000e+01 8.639026e+02
    endloop
  endfacet
  facet normal -6.343799e-01 -0.000000e+00 -7.730214e-01
    outer loop
      vertex   -1.610944e+02 9.150000e+01 8.636023e+02
      vertex   -1.606019e+02 8.910000e+01 8.631981e+02
      vertex   -1.610944e+02 8.910000e+01 8.636023e+02
    endloop
  endfacet
  facet normal -6.343799e-01 -0.000000e+00 -7.730214e-01
    outer loop
      vertex   -1.606019e+02 9.150000e+01 8.631981e+02
      vertex   -1.606019e+02 8.910000e+01 8.631981e+02
      vertex   -1.610944e+02 9.150000e+01 8.636023e+02
    endloop
  endfacet
  facet normal -7.730188e-01 0.000000e+00 -6.343831e-01
    outer loop
      vertex   -1.601977e+02 9.150000e+01 8.627056e+02
      vertex   -1.606019e+02 8.910000e+01 8.631981e+02
      vertex   -1.606019e+02 9.150000e+01 8.631981e+02
    endloop
  endfacet
  facet normal -7.730188e-01 -0.000000e+00 -6.343831e-01
    outer loop
      vertex   -1.601977e+02 9.150000e+01 8.627056e+02
      vertex   -1.601977e+02 8.910000e+01 8.627056e+02
      vertex   -1.606019e+02 8.910000e+01 8.631981e+02
    endloop
  endfacet
  facet normal -8.819166e-01 0.000000e+00 -4.714054e-01
    outer loop
      vertex   -1.598974e+02 9.150000e+01 8.621437e+02
      vertex   -1.601977e+02 8.910000e+01 8.627056e+02
      vertex   -1.601977e+02 9.150000e+01 8.627056e+02
    endloop
  endfacet
  facet normal -8.819166e-01 -0.000000e+00 -4.714054e-01
    outer loop
      vertex   -1.598974e+02 9.150000e+01 8.621437e+02
      vertex   -1.598974e+02 8.910000e+01 8.621437e+02
      vertex   -1.601977e+02 8.910000e+01 8.627056e+02
    endloop
  endfacet
  facet normal -9.569443e-01 0.000000e+00 -2.902716e-01
    outer loop
      vertex   -1.597125e+02 9.150000e+01 8.615340e+02
      vertex   -1.598974e+02 8.910000e+01 8.621437e+02
      vertex   -1.598974e+02 9.150000e+01 8.621437e+02
    endloop
  endfacet
  facet normal -9.569443e-01 -0.000000e+00 -2.902716e-01
    outer loop
      vertex   -1.597125e+02 9.150000e+01 8.615340e+02
      vertex   -1.597125e+02 8.910000e+01 8.615340e+02
      vertex   -1.598974e+02 8.910000e+01 8.621437e+02
    endloop
  endfacet
  facet normal -9.951849e-01 -0.000000e+00 -9.801562e-02
    outer loop
      vertex   -1.597125e+02 9.150000e+01 8.615340e+02
      vertex   -1.596500e+02 8.910000e+01 8.609000e+02
      vertex   -1.597125e+02 8.910000e+01 8.615340e+02
    endloop
  endfacet
  facet normal -9.951849e-01 -0.000000e+00 -9.801562e-02
    outer loop
      vertex   -1.596500e+02 9.150000e+01 8.609000e+02
      vertex   -1.596500e+02 8.910000e+01 8.609000e+02
      vertex   -1.597125e+02 9.150000e+01 8.615340e+02
    endloop
  endfacet
  facet normal -9.951849e-01 0.000000e+00 9.801562e-02
    outer loop
      vertex   -1.597125e+02 9.150000e+01 8.602660e+02
      vertex   -1.596500e+02 8.910000e+01 8.609000e+02
      vertex   -1.596500e+02 9.150000e+01 8.609000e+02
    endloop
  endfacet
  facet normal -9.951849e-01 0.000000e+00 9.801562e-02
    outer loop
      vertex   -1.597125e+02 9.150000e+01 8.602660e+02
      vertex   -1.597125e+02 8.910000e+01 8.602660e+02
      vertex   -1.596500e+02 8.910000e+01 8.609000e+02
    endloop
  endfacet
  facet normal -9.569443e-01 0.000000e+00 2.902716e-01
    outer loop
      vertex   -1.597125e+02 9.150000e+01 8.602660e+02
      vertex   -1.598974e+02 8.910000e+01 8.596563e+02
      vertex   -1.597125e+02 8.910000e+01 8.602660e+02
    endloop
  endfacet
  facet normal -9.569443e-01 0.000000e+00 2.902716e-01
    outer loop
      vertex   -1.598974e+02 9.150000e+01 8.596563e+02
      vertex   -1.598974e+02 8.910000e+01 8.596563e+02
      vertex   -1.597125e+02 9.150000e+01 8.602660e+02
    endloop
  endfacet
  facet normal -8.819233e-01 0.000000e+00 4.713929e-01
    outer loop
      vertex   -1.601977e+02 9.150000e+01 8.590944e+02
      vertex   -1.598974e+02 8.910000e+01 8.596563e+02
      vertex   -1.598974e+02 9.150000e+01 8.596563e+02
    endloop
  endfacet
  facet normal -8.819233e-01 0.000000e+00 4.713929e-01
    outer loop
      vertex   -1.601977e+02 9.150000e+01 8.590944e+02
      vertex   -1.601977e+02 8.910000e+01 8.590944e+02
      vertex   -1.598974e+02 8.910000e+01 8.596563e+02
    endloop
  endfacet
  facet normal -7.730067e-01 0.000000e+00 6.343978e-01
    outer loop
      vertex   -1.606019e+02 9.150000e+01 8.586019e+02
      vertex   -1.601977e+02 8.910000e+01 8.590944e+02
      vertex   -1.601977e+02 9.150000e+01 8.590944e+02
    endloop
  endfacet
  facet normal -7.730067e-01 0.000000e+00 6.343978e-01
    outer loop
      vertex   -1.606019e+02 9.150000e+01 8.586019e+02
      vertex   -1.606019e+02 8.910000e+01 8.586019e+02
      vertex   -1.601977e+02 8.910000e+01 8.590944e+02
    endloop
  endfacet
  facet normal -6.343799e-01 0.000000e+00 7.730214e-01
    outer loop
      vertex   -1.606019e+02 9.150000e+01 8.586019e+02
      vertex   -1.610944e+02 8.910000e+01 8.581977e+02
      vertex   -1.606019e+02 8.910000e+01 8.586019e+02
    endloop
  endfacet
  facet normal -6.343799e-01 0.000000e+00 7.730214e-01
    outer loop
      vertex   -1.610944e+02 9.150000e+01 8.581977e+02
      vertex   -1.610944e+02 8.910000e+01 8.581977e+02
      vertex   -1.606019e+02 9.150000e+01 8.586019e+02
    endloop
  endfacet
  facet normal -4.713929e-01 0.000000e+00 8.819233e-01
    outer loop
      vertex   -1.616563e+02 9.150000e+01 8.578974e+02
      vertex   -1.610944e+02 8.910000e+01 8.581977e+02
      vertex   -1.610944e+02 9.150000e+01 8.581977e+02
    endloop
  endfacet
  facet normal -4.713929e-01 0.000000e+00 8.819233e-01
    outer loop
      vertex   -1.616563e+02 9.150000e+01 8.578974e+02
      vertex   -1.616563e+02 8.910000e+01 8.578974e+02
      vertex   -1.610944e+02 8.910000e+01 8.581977e+02
    endloop
  endfacet
  facet normal -2.903073e-01 0.000000e+00 9.569335e-01
    outer loop
      vertex   -1.622660e+02 9.150000e+01 8.577124e+02
      vertex   -1.622660e+02 8.910000e+01 8.577124e+02
      vertex   -1.616563e+02 8.910000e+01 8.578974e+02
    endloop
  endfacet
  facet normal -9.801562e-02 0.000000e+00 9.951849e-01
    outer loop
      vertex   -1.622660e+02 9.150000e+01 8.577124e+02
      vertex   -1.629000e+02 8.910000e+01 8.576500e+02
      vertex   -1.622660e+02 8.910000e+01 8.577124e+02
    endloop
  endfacet
  facet normal -2.903073e-01 0.000000e+00 9.569335e-01
    outer loop
      vertex   -1.622660e+02 9.150000e+01 8.577124e+02
      vertex   -1.616563e+02 8.910000e+01 8.578974e+02
      vertex   -1.616563e+02 9.150000e+01 8.578974e+02
    endloop
  endfacet
  facet normal -9.801562e-02 0.000000e+00 9.951849e-01
    outer loop
      vertex   -1.629000e+02 9.150000e+01 8.576500e+02
      vertex   -1.629000e+02 8.910000e+01 8.576500e+02
      vertex   -1.622660e+02 9.150000e+01 8.577124e+02
    endloop
  endfacet
  facet normal 9.801562e-02 0.000000e+00 9.951849e-01
    outer loop
      vertex   -1.635340e+02 9.150000e+01 8.577124e+02
      vertex   -1.635340e+02 8.910000e+01 8.577124e+02
      vertex   -1.629000e+02 8.910000e+01 8.576500e+02
    endloop
  endfacet
  facet normal 2.902990e-01 0.000000e+00 9.569360e-01
    outer loop
      vertex   -1.635340e+02 9.150000e+01 8.577124e+02
      vertex   -1.641437e+02 8.910000e+01 8.578974e+02
      vertex   -1.635340e+02 8.910000e+01 8.577124e+02
    endloop
  endfacet
  facet normal 9.801562e-02 0.000000e+00 9.951849e-01
    outer loop
      vertex   -1.635340e+02 9.150000e+01 8.577124e+02
      vertex   -1.629000e+02 8.910000e+01 8.576500e+02
      vertex   -1.629000e+02 9.150000e+01 8.576500e+02
    endloop
  endfacet
  facet normal 2.902990e-01 0.000000e+00 9.569360e-01
    outer loop
      vertex   -1.641437e+02 9.150000e+01 8.578974e+02
      vertex   -1.641437e+02 8.910000e+01 8.578974e+02
      vertex   -1.635340e+02 9.150000e+01 8.577124e+02
    endloop
  endfacet
  facet normal 4.713929e-01 0.000000e+00 8.819233e-01
    outer loop
      vertex   -1.647056e+02 9.150000e+01 8.581977e+02
      vertex   -1.647056e+02 8.910000e+01 8.581977e+02
      vertex   -1.641437e+02 8.910000e+01 8.578974e+02
    endloop
  endfacet
  facet normal 6.343799e-01 0.000000e+00 7.730214e-01
    outer loop
      vertex   -1.647056e+02 9.150000e+01 8.581977e+02
      vertex   -1.651981e+02 8.910000e+01 8.586019e+02
      vertex   -1.647056e+02 8.910000e+01 8.581977e+02
    endloop
  endfacet
  facet normal 4.713929e-01 0.000000e+00 8.819233e-01
    outer loop
      vertex   -1.647056e+02 9.150000e+01 8.581977e+02
      vertex   -1.641437e+02 8.910000e+01 8.578974e+02
      vertex   -1.641437e+02 9.150000e+01 8.578974e+02
    endloop
  endfacet
  facet normal 6.343799e-01 0.000000e+00 7.730214e-01
    outer loop
      vertex   -1.651981e+02 9.150000e+01 8.586019e+02
      vertex   -1.651981e+02 8.910000e+01 8.586019e+02
      vertex   -1.647056e+02 9.150000e+01 8.581977e+02
    endloop
  endfacet
  facet normal 7.730067e-01 0.000000e+00 6.343978e-01
    outer loop
      vertex   -1.656023e+02 9.150000e+01 8.590944e+02
      vertex   -1.656023e+02 8.910000e+01 8.590944e+02
      vertex   -1.651981e+02 8.910000e+01 8.586019e+02
    endloop
  endfacet
  facet normal 7.730067e-01 0.000000e+00 6.343978e-01
    outer loop
      vertex   -1.656023e+02 9.150000e+01 8.590944e+02
      vertex   -1.651981e+02 8.910000e+01 8.586019e+02
      vertex   -1.651981e+02 9.150000e+01 8.586019e+02
    endloop
  endfacet
  facet normal 8.819233e-01 0.000000e+00 4.713929e-01
    outer loop
      vertex   -1.659026e+02 9.150000e+01 8.596563e+02
      vertex   -1.659026e+02 8.910000e+01 8.596563e+02
      vertex   -1.656023e+02 8.910000e+01 8.590944e+02
    endloop
  endfacet
  facet normal 9.569443e-01 0.000000e+00 2.902716e-01
    outer loop
      vertex   -1.659026e+02 9.150000e+01 8.596563e+02
      vertex   -1.660876e+02 8.910000e+01 8.602660e+02
      vertex   -1.659026e+02 8.910000e+01 8.596563e+02
    endloop
  endfacet
  facet normal 8.819233e-01 0.000000e+00 4.713929e-01
    outer loop
      vertex   -1.659026e+02 9.150000e+01 8.596563e+02
      vertex   -1.656023e+02 8.910000e+01 8.590944e+02
      vertex   -1.656023e+02 9.150000e+01 8.590944e+02
    endloop
  endfacet
  facet normal 9.569443e-01 0.000000e+00 2.902716e-01
    outer loop
      vertex   -1.660876e+02 9.150000e+01 8.602660e+02
      vertex   -1.660876e+02 8.910000e+01 8.602660e+02
      vertex   -1.659026e+02 9.150000e+01 8.596563e+02
    endloop
  endfacet
  facet normal 9.951849e-01 0.000000e+00 9.801562e-02
    outer loop
      vertex   -1.661500e+02 9.150000e+01 8.609000e+02
      vertex   -1.661500e+02 8.910000e+01 8.609000e+02
      vertex   -1.660876e+02 8.910000e+01 8.602660e+02
    endloop
  endfacet
  facet normal 9.951849e-01 0.000000e+00 9.801562e-02
    outer loop
      vertex   -1.661500e+02 9.150000e+01 8.609000e+02
      vertex   -1.660876e+02 8.910000e+01 8.602660e+02
      vertex   -1.660876e+02 9.150000e+01 8.602660e+02
    endloop
  endfacet
  facet normal 9.951849e-01 0.000000e+00 -9.801562e-02
    outer loop
      vertex   -1.400875e+02 9.150000e+01 8.615340e+02
      vertex   -1.401500e+02 8.910000e+01 8.609000e+02
      vertex   -1.401500e+02 9.150000e+01 8.609000e+02
    endloop
  endfacet
  facet normal 9.951849e-01 0.000000e+00 -9.801562e-02
    outer loop
      vertex   -1.400875e+02 9.150000e+01 8.615340e+02
      vertex   -1.400875e+02 8.910000e+01 8.615340e+02
      vertex   -1.401500e+02 8.910000e+01 8.609000e+02
    endloop
  endfacet
  facet normal 9.569443e-01 0.000000e+00 -2.902716e-01
    outer loop
      vertex   -1.399026e+02 9.150000e+01 8.621437e+02
      vertex   -1.399026e+02 8.910000e+01 8.621437e+02
      vertex   -1.400875e+02 8.910000e+01 8.615340e+02
    endloop
  endfacet
  facet normal 9.569443e-01 0.000000e+00 -2.902716e-01
    outer loop
      vertex   -1.399026e+02 9.150000e+01 8.621437e+02
      vertex   -1.400875e+02 8.910000e+01 8.615340e+02
      vertex   -1.400875e+02 9.150000e+01 8.615340e+02
    endloop
  endfacet
  facet normal 8.819166e-01 0.000000e+00 -4.714054e-01
    outer loop
      vertex   -1.396023e+02 9.150000e+01 8.627056e+02
      vertex   -1.396023e+02 8.910000e+01 8.627056e+02
      vertex   -1.399026e+02 8.910000e+01 8.621437e+02
    endloop
  endfacet
  facet normal 8.819166e-01 0.000000e+00 -4.714054e-01
    outer loop
      vertex   -1.396023e+02 9.150000e+01 8.627056e+02
      vertex   -1.399026e+02 8.910000e+01 8.621437e+02
      vertex   -1.399026e+02 9.150000e+01 8.621437e+02
    endloop
  endfacet
  facet normal 7.730188e-01 0.000000e+00 -6.343831e-01
    outer loop
      vertex   -1.391981e+02 9.150000e+01 8.631981e+02
      vertex   -1.391981e+02 8.910000e+01 8.631981e+02
      vertex   -1.396023e+02 8.910000e+01 8.627056e+02
    endloop
  endfacet
  facet normal 7.730188e-01 0.000000e+00 -6.343831e-01
    outer loop
      vertex   -1.391981e+02 9.150000e+01 8.631981e+02
      vertex   -1.396023e+02 8.910000e+01 8.627056e+02
      vertex   -1.396023e+02 9.150000e+01 8.627056e+02
    endloop
  endfacet
  facet normal 6.343799e-01 0.000000e+00 -7.730214e-01
    outer loop
      vertex   -1.387056e+02 9.150000e+01 8.636023e+02
      vertex   -1.387056e+02 8.910000e+01 8.636023e+02
      vertex   -1.391981e+02 8.910000e+01 8.631981e+02
    endloop
  endfacet
  facet normal 4.713992e-01 0.000000e+00 -8.819200e-01
    outer loop
      vertex   -1.387056e+02 9.150000e+01 8.636023e+02
      vertex   -1.381437e+02 8.910000e+01 8.639026e+02
      vertex   -1.387056e+02 8.910000e+01 8.636023e+02
    endloop
  endfacet
  facet normal 6.343799e-01 0.000000e+00 -7.730214e-01
    outer loop
      vertex   -1.387056e+02 9.150000e+01 8.636023e+02
      vertex   -1.391981e+02 8.910000e+01 8.631981e+02
      vertex   -1.391981e+02 9.150000e+01 8.631981e+02
    endloop
  endfacet
  facet normal 4.713992e-01 0.000000e+00 -8.819200e-01
    outer loop
      vertex   -1.381437e+02 9.150000e+01 8.639026e+02
      vertex   -1.381437e+02 8.910000e+01 8.639026e+02
      vertex   -1.387056e+02 9.150000e+01 8.636023e+02
    endloop
  endfacet
  facet normal 2.902716e-01 0.000000e+00 -9.569443e-01
    outer loop
      vertex   -1.375340e+02 9.150000e+01 8.640875e+02
      vertex   -1.375340e+02 8.910000e+01 8.640875e+02
      vertex   -1.381437e+02 8.910000e+01 8.639026e+02
    endloop
  endfacet
  facet normal 2.902716e-01 0.000000e+00 -9.569443e-01
    outer loop
      vertex   -1.375340e+02 9.150000e+01 8.640875e+02
      vertex   -1.381437e+02 8.910000e+01 8.639026e+02
      vertex   -1.381437e+02 9.150000e+01 8.639026e+02
    endloop
  endfacet
  facet normal 9.804527e-02 0.000000e+00 -9.951820e-01
    outer loop
      vertex   -1.369000e+02 9.150000e+01 8.641500e+02
      vertex   -1.369000e+02 8.910000e+01 8.641500e+02
      vertex   -1.375340e+02 8.910000e+01 8.640875e+02
    endloop
  endfacet
  facet normal 9.804527e-02 0.000000e+00 -9.951820e-01
    outer loop
      vertex   -1.369000e+02 9.150000e+01 8.641500e+02
      vertex   -1.375340e+02 8.910000e+01 8.640875e+02
      vertex   -1.375340e+02 9.150000e+01 8.640875e+02
    endloop
  endfacet
  facet normal -9.804527e-02 0.000000e+00 -9.951820e-01
    outer loop
      vertex   -1.362660e+02 9.150000e+01 8.640875e+02
      vertex   -1.369000e+02 8.910000e+01 8.641500e+02
      vertex   -1.369000e+02 9.150000e+01 8.641500e+02
    endloop
  endfacet
  facet normal -9.804527e-02 -0.000000e+00 -9.951820e-01
    outer loop
      vertex   -1.362660e+02 9.150000e+01 8.640875e+02
      vertex   -1.362660e+02 8.910000e+01 8.640875e+02
      vertex   -1.369000e+02 8.910000e+01 8.641500e+02
    endloop
  endfacet
  facet normal -2.902758e-01 0.000000e+00 -9.569430e-01
    outer loop
      vertex   -1.356563e+02 9.150000e+01 8.639026e+02
      vertex   -1.362660e+02 8.910000e+01 8.640875e+02
      vertex   -1.362660e+02 9.150000e+01 8.640875e+02
    endloop
  endfacet
  facet normal -2.902758e-01 -0.000000e+00 -9.569430e-01
    outer loop
      vertex   -1.356563e+02 9.150000e+01 8.639026e+02
      vertex   -1.356563e+02 8.910000e+01 8.639026e+02
      vertex   -1.362660e+02 8.910000e+01 8.640875e+02
    endloop
  endfacet
  facet normal -4.713929e-01 0.000000e+00 -8.819233e-01
    outer loop
      vertex   -1.350944e+02 9.150000e+01 8.636023e+02
      vertex   -1.356563e+02 8.910000e+01 8.639026e+02
      vertex   -1.356563e+02 9.150000e+01 8.639026e+02
    endloop
  endfacet
  facet normal -4.713929e-01 -0.000000e+00 -8.819233e-01
    outer loop
      vertex   -1.350944e+02 9.150000e+01 8.636023e+02
      vertex   -1.350944e+02 8.910000e+01 8.636023e+02
      vertex   -1.356563e+02 8.910000e+01 8.639026e+02
    endloop
  endfacet
  facet normal -6.343799e-01 -0.000000e+00 -7.730214e-01
    outer loop
      vertex   -1.350944e+02 9.150000e+01 8.636023e+02
      vertex   -1.346019e+02 8.910000e+01 8.631981e+02
      vertex   -1.350944e+02 8.910000e+01 8.636023e+02
    endloop
  endfacet
  facet normal -6.343799e-01 -0.000000e+00 -7.730214e-01
    outer loop
      vertex   -1.346019e+02 9.150000e+01 8.631981e+02
      vertex   -1.346019e+02 8.910000e+01 8.631981e+02
      vertex   -1.350944e+02 9.150000e+01 8.636023e+02
    endloop
  endfacet
  facet normal -7.730261e-01 0.000000e+00 -6.343742e-01
    outer loop
      vertex   -1.341977e+02 9.150000e+01 8.627056e+02
      vertex   -1.346019e+02 8.910000e+01 8.631981e+02
      vertex   -1.346019e+02 9.150000e+01 8.631981e+02
    endloop
  endfacet
  facet normal -7.730261e-01 -0.000000e+00 -6.343742e-01
    outer loop
      vertex   -1.341977e+02 9.150000e+01 8.627056e+02
      vertex   -1.341977e+02 8.910000e+01 8.627056e+02
      vertex   -1.346019e+02 8.910000e+01 8.631981e+02
    endloop
  endfacet
  facet normal -8.819166e-01 0.000000e+00 -4.714054e-01
    outer loop
      vertex   -1.338974e+02 9.150000e+01 8.621437e+02
      vertex   -1.341977e+02 8.910000e+01 8.627056e+02
      vertex   -1.341977e+02 9.150000e+01 8.627056e+02
    endloop
  endfacet
  facet normal -8.819166e-01 -0.000000e+00 -4.714054e-01
    outer loop
      vertex   -1.338974e+02 9.150000e+01 8.621437e+02
      vertex   -1.338974e+02 8.910000e+01 8.621437e+02
      vertex   -1.341977e+02 8.910000e+01 8.627056e+02
    endloop
  endfacet
  facet normal -9.569401e-01 0.000000e+00 -2.902853e-01
    outer loop
      vertex   -1.337124e+02 9.150000e+01 8.615340e+02
      vertex   -1.338974e+02 8.910000e+01 8.621437e+02
      vertex   -1.338974e+02 9.150000e+01 8.621437e+02
    endloop
  endfacet
  facet normal -9.569401e-01 -0.000000e+00 -2.902853e-01
    outer loop
      vertex   -1.337124e+02 9.150000e+01 8.615340e+02
      vertex   -1.337124e+02 8.910000e+01 8.615340e+02
      vertex   -1.338974e+02 8.910000e+01 8.621437e+02
    endloop
  endfacet
  facet normal -9.951849e-01 -0.000000e+00 -9.801562e-02
    outer loop
      vertex   -1.337124e+02 9.150000e+01 8.615340e+02
      vertex   -1.336500e+02 8.910000e+01 8.609000e+02
      vertex   -1.337124e+02 8.910000e+01 8.615340e+02
    endloop
  endfacet
  facet normal -9.951849e-01 -0.000000e+00 -9.801562e-02
    outer loop
      vertex   -1.336500e+02 9.150000e+01 8.609000e+02
      vertex   -1.336500e+02 8.910000e+01 8.609000e+02
      vertex   -1.337124e+02 9.150000e+01 8.615340e+02
    endloop
  endfacet
  facet normal -9.951849e-01 0.000000e+00 9.801562e-02
    outer loop
      vertex   -1.337124e+02 9.150000e+01 8.602660e+02
      vertex   -1.336500e+02 8.910000e+01 8.609000e+02
      vertex   -1.336500e+02 9.150000e+01 8.609000e+02
    endloop
  endfacet
  facet normal -9.951849e-01 0.000000e+00 9.801562e-02
    outer loop
      vertex   -1.337124e+02 9.150000e+01 8.602660e+02
      vertex   -1.337124e+02 8.910000e+01 8.602660e+02
      vertex   -1.336500e+02 8.910000e+01 8.609000e+02
    endloop
  endfacet
  facet normal -9.569401e-01 0.000000e+00 2.902853e-01
    outer loop
      vertex   -1.337124e+02 9.150000e+01 8.602660e+02
      vertex   -1.338974e+02 8.910000e+01 8.596563e+02
      vertex   -1.337124e+02 8.910000e+01 8.602660e+02
    endloop
  endfacet
  facet normal -9.569401e-01 0.000000e+00 2.902853e-01
    outer loop
      vertex   -1.338974e+02 9.150000e+01 8.596563e+02
      vertex   -1.338974e+02 8.910000e+01 8.596563e+02
      vertex   -1.337124e+02 9.150000e+01 8.602660e+02
    endloop
  endfacet
  facet normal -8.819233e-01 0.000000e+00 4.713929e-01
    outer loop
      vertex   -1.341977e+02 9.150000e+01 8.590944e+02
      vertex   -1.338974e+02 8.910000e+01 8.596563e+02
      vertex   -1.338974e+02 9.150000e+01 8.596563e+02
    endloop
  endfacet
  facet normal -8.819233e-01 0.000000e+00 4.713929e-01
    outer loop
      vertex   -1.341977e+02 9.150000e+01 8.590944e+02
      vertex   -1.341977e+02 8.910000e+01 8.590944e+02
      vertex   -1.338974e+02 8.910000e+01 8.596563e+02
    endloop
  endfacet
  facet normal -7.730141e-01 0.000000e+00 6.343889e-01
    outer loop
      vertex   -1.346019e+02 9.150000e+01 8.586019e+02
      vertex   -1.341977e+02 8.910000e+01 8.590944e+02
      vertex   -1.341977e+02 9.150000e+01 8.590944e+02
    endloop
  endfacet
  facet normal -7.730141e-01 0.000000e+00 6.343889e-01
    outer loop
      vertex   -1.346019e+02 9.150000e+01 8.586019e+02
      vertex   -1.346019e+02 8.910000e+01 8.586019e+02
      vertex   -1.341977e+02 8.910000e+01 8.590944e+02
    endloop
  endfacet
  facet normal -6.343799e-01 0.000000e+00 7.730214e-01
    outer loop
      vertex   -1.346019e+02 9.150000e+01 8.586019e+02
      vertex   -1.350944e+02 8.910000e+01 8.581977e+02
      vertex   -1.346019e+02 8.910000e+01 8.586019e+02
    endloop
  endfacet
  facet normal -6.343799e-01 0.000000e+00 7.730214e-01
    outer loop
      vertex   -1.350944e+02 9.150000e+01 8.581977e+02
      vertex   -1.350944e+02 8.910000e+01 8.581977e+02
      vertex   -1.346019e+02 9.150000e+01 8.586019e+02
    endloop
  endfacet
  facet normal -4.713929e-01 0.000000e+00 8.819233e-01
    outer loop
      vertex   -1.356563e+02 9.150000e+01 8.578974e+02
      vertex   -1.350944e+02 8.910000e+01 8.581977e+02
      vertex   -1.350944e+02 9.150000e+01 8.581977e+02
    endloop
  endfacet
  facet normal -4.713929e-01 0.000000e+00 8.819233e-01
    outer loop
      vertex   -1.356563e+02 9.150000e+01 8.578974e+02
      vertex   -1.356563e+02 8.910000e+01 8.578974e+02
      vertex   -1.350944e+02 8.910000e+01 8.581977e+02
    endloop
  endfacet
  facet normal -2.903032e-01 0.000000e+00 9.569347e-01
    outer loop
      vertex   -1.362660e+02 9.150000e+01 8.577124e+02
      vertex   -1.362660e+02 8.910000e+01 8.577124e+02
      vertex   -1.356563e+02 8.910000e+01 8.578974e+02
    endloop
  endfacet
  facet normal -9.801562e-02 0.000000e+00 9.951849e-01
    outer loop
      vertex   -1.362660e+02 9.150000e+01 8.577124e+02
      vertex   -1.369000e+02 8.910000e+01 8.576500e+02
      vertex   -1.362660e+02 8.910000e+01 8.577124e+02
    endloop
  endfacet
  facet normal -2.903032e-01 0.000000e+00 9.569347e-01
    outer loop
      vertex   -1.362660e+02 9.150000e+01 8.577124e+02
      vertex   -1.356563e+02 8.910000e+01 8.578974e+02
      vertex   -1.356563e+02 9.150000e+01 8.578974e+02
    endloop
  endfacet
  facet normal -9.801562e-02 0.000000e+00 9.951849e-01
    outer loop
      vertex   -1.369000e+02 9.150000e+01 8.576500e+02
      vertex   -1.369000e+02 8.910000e+01 8.576500e+02
      vertex   -1.362660e+02 9.150000e+01 8.577124e+02
    endloop
  endfacet
  facet normal 9.801562e-02 0.000000e+00 9.951849e-01
    outer loop
      vertex   -1.375340e+02 9.150000e+01 8.577124e+02
      vertex   -1.375340e+02 8.910000e+01 8.577124e+02
      vertex   -1.369000e+02 8.910000e+01 8.576500e+02
    endloop
  endfacet
  facet normal 2.902990e-01 0.000000e+00 9.569360e-01
    outer loop
      vertex   -1.375340e+02 9.150000e+01 8.577124e+02
      vertex   -1.381437e+02 8.910000e+01 8.578974e+02
      vertex   -1.375340e+02 8.910000e+01 8.577124e+02
    endloop
  endfacet
  facet normal 9.801562e-02 0.000000e+00 9.951849e-01
    outer loop
      vertex   -1.375340e+02 9.150000e+01 8.577124e+02
      vertex   -1.369000e+02 8.910000e+01 8.576500e+02
      vertex   -1.369000e+02 9.150000e+01 8.576500e+02
    endloop
  endfacet
  facet normal 2.902990e-01 0.000000e+00 9.569360e-01
    outer loop
      vertex   -1.381437e+02 9.150000e+01 8.578974e+02
      vertex   -1.381437e+02 8.910000e+01 8.578974e+02
      vertex   -1.375340e+02 9.150000e+01 8.577124e+02
    endloop
  endfacet
  facet normal 4.713992e-01 0.000000e+00 8.819200e-01
    outer loop
      vertex   -1.387056e+02 9.150000e+01 8.581977e+02
      vertex   -1.387056e+02 8.910000e+01 8.581977e+02
      vertex   -1.381437e+02 8.910000e+01 8.578974e+02
    endloop
  endfacet
  facet normal 6.343799e-01 0.000000e+00 7.730214e-01
    outer loop
      vertex   -1.387056e+02 9.150000e+01 8.581977e+02
      vertex   -1.391981e+02 8.910000e+01 8.586019e+02
      vertex   -1.387056e+02 8.910000e+01 8.581977e+02
    endloop
  endfacet
  facet normal 4.713992e-01 0.000000e+00 8.819200e-01
    outer loop
      vertex   -1.387056e+02 9.150000e+01 8.581977e+02
      vertex   -1.381437e+02 8.910000e+01 8.578974e+02
      vertex   -1.381437e+02 9.150000e+01 8.578974e+02
    endloop
  endfacet
  facet normal 6.343799e-01 0.000000e+00 7.730214e-01
    outer loop
      vertex   -1.391981e+02 9.150000e+01 8.586019e+02
      vertex   -1.391981e+02 8.910000e+01 8.586019e+02
      vertex   -1.387056e+02 9.150000e+01 8.581977e+02
    endloop
  endfacet
  facet normal 7.730067e-01 0.000000e+00 6.343978e-01
    outer loop
      vertex   -1.396023e+02 9.150000e+01 8.590944e+02
      vertex   -1.396023e+02 8.910000e+01 8.590944e+02
      vertex   -1.391981e+02 8.910000e+01 8.586019e+02
    endloop
  endfacet
  facet normal 7.730067e-01 0.000000e+00 6.343978e-01
    outer loop
      vertex   -1.396023e+02 9.150000e+01 8.590944e+02
      vertex   -1.391981e+02 8.910000e+01 8.586019e+02
      vertex   -1.391981e+02 9.150000e+01 8.586019e+02
    endloop
  endfacet
  facet normal 8.819233e-01 0.000000e+00 4.713929e-01
    outer loop
      vertex   -1.399026e+02 9.150000e+01 8.596563e+02
      vertex   -1.399026e+02 8.910000e+01 8.596563e+02
      vertex   -1.396023e+02 8.910000e+01 8.590944e+02
    endloop
  endfacet
  facet normal 9.569443e-01 0.000000e+00 2.902716e-01
    outer loop
      vertex   -1.399026e+02 9.150000e+01 8.596563e+02
      vertex   -1.400875e+02 8.910000e+01 8.602660e+02
      vertex   -1.399026e+02 8.910000e+01 8.596563e+02
    endloop
  endfacet
  facet normal 8.819233e-01 0.000000e+00 4.713929e-01
    outer loop
      vertex   -1.399026e+02 9.150000e+01 8.596563e+02
      vertex   -1.396023e+02 8.910000e+01 8.590944e+02
      vertex   -1.396023e+02 9.150000e+01 8.590944e+02
    endloop
  endfacet
  facet normal 9.569443e-01 0.000000e+00 2.902716e-01
    outer loop
      vertex   -1.400875e+02 9.150000e+01 8.602660e+02
      vertex   -1.400875e+02 8.910000e+01 8.602660e+02
      vertex   -1.399026e+02 9.150000e+01 8.596563e+02
    endloop
  endfacet
  facet normal 9.951849e-01 0.000000e+00 9.801562e-02
    outer loop
      vertex   -1.401500e+02 9.150000e+01 8.609000e+02
      vertex   -1.401500e+02 8.910000e+01 8.609000e+02
      vertex   -1.400875e+02 8.910000e+01 8.602660e+02
    endloop
  endfacet
  facet normal 9.951849e-01 0.000000e+00 9.801562e-02
    outer loop
      vertex   -1.401500e+02 9.150000e+01 8.609000e+02
      vertex   -1.400875e+02 8.910000e+01 8.602660e+02
      vertex   -1.400875e+02 9.150000e+01 8.602660e+02
    endloop
  endfacet
  facet normal 9.951849e-01 0.000000e+00 -9.801562e-02
    outer loop
      vertex   -1.660876e+02 9.150000e+01 8.355340e+02
      vertex   -1.661500e+02 8.910000e+01 8.349000e+02
      vertex   -1.661500e+02 9.150000e+01 8.349000e+02
    endloop
  endfacet
  facet normal 9.951849e-01 0.000000e+00 -9.801562e-02
    outer loop
      vertex   -1.660876e+02 9.150000e+01 8.355340e+02
      vertex   -1.660876e+02 8.910000e+01 8.355340e+02
      vertex   -1.661500e+02 8.910000e+01 8.349000e+02
    endloop
  endfacet
  facet normal 9.569443e-01 0.000000e+00 -2.902716e-01
    outer loop
      vertex   -1.659026e+02 9.150000e+01 8.361437e+02
      vertex   -1.659026e+02 8.910000e+01 8.361437e+02
      vertex   -1.660876e+02 8.910000e+01 8.355340e+02
    endloop
  endfacet
  facet normal 9.569443e-01 0.000000e+00 -2.902716e-01
    outer loop
      vertex   -1.659026e+02 9.150000e+01 8.361437e+02
      vertex   -1.660876e+02 8.910000e+01 8.355340e+02
      vertex   -1.660876e+02 9.150000e+01 8.355340e+02
    endloop
  endfacet
  facet normal 8.819200e-01 0.000000e+00 -4.713992e-01
    outer loop
      vertex   -1.656023e+02 9.150000e+01 8.367056e+02
      vertex   -1.656023e+02 8.910000e+01 8.367056e+02
      vertex   -1.659026e+02 8.910000e+01 8.361437e+02
    endloop
  endfacet
  facet normal 8.819200e-01 0.000000e+00 -4.713992e-01
    outer loop
      vertex   -1.656023e+02 9.150000e+01 8.367056e+02
      vertex   -1.659026e+02 8.910000e+01 8.361437e+02
      vertex   -1.659026e+02 9.150000e+01 8.361437e+02
    endloop
  endfacet
  facet normal 7.730128e-01 0.000000e+00 -6.343905e-01
    outer loop
      vertex   -1.651981e+02 9.150000e+01 8.371981e+02
      vertex   -1.651981e+02 8.910000e+01 8.371981e+02
      vertex   -1.656023e+02 8.910000e+01 8.367056e+02
    endloop
  endfacet
  facet normal 7.730128e-01 0.000000e+00 -6.343905e-01
    outer loop
      vertex   -1.651981e+02 9.150000e+01 8.371981e+02
      vertex   -1.656023e+02 8.910000e+01 8.367056e+02
      vertex   -1.656023e+02 9.150000e+01 8.367056e+02
    endloop
  endfacet
  facet normal 6.343889e-01 0.000000e+00 -7.730141e-01
    outer loop
      vertex   -1.647056e+02 9.150000e+01 8.376023e+02
      vertex   -1.647056e+02 8.910000e+01 8.376023e+02
      vertex   -1.651981e+02 8.910000e+01 8.371981e+02
    endloop
  endfacet
  facet normal 4.713813e-01 0.000000e+00 -8.819295e-01
    outer loop
      vertex   -1.647056e+02 9.150000e+01 8.376023e+02
      vertex   -1.641437e+02 8.910000e+01 8.379026e+02
      vertex   -1.647056e+02 8.910000e+01 8.376023e+02
    endloop
  endfacet
  facet normal 6.343889e-01 0.000000e+00 -7.730141e-01
    outer loop
      vertex   -1.647056e+02 9.150000e+01 8.376023e+02
      vertex   -1.651981e+02 8.910000e+01 8.371981e+02
      vertex   -1.651981e+02 9.150000e+01 8.371981e+02
    endloop
  endfacet
  facet normal 4.713813e-01 0.000000e+00 -8.819295e-01
    outer loop
      vertex   -1.641437e+02 9.150000e+01 8.379026e+02
      vertex   -1.641437e+02 8.910000e+01 8.379026e+02
      vertex   -1.647056e+02 9.150000e+01 8.376023e+02
    endloop
  endfacet
  facet normal 2.902853e-01 0.000000e+00 -9.569401e-01
    outer loop
      vertex   -1.635340e+02 9.150000e+01 8.380875e+02
      vertex   -1.635340e+02 8.910000e+01 8.380875e+02
      vertex   -1.641437e+02 8.910000e+01 8.379026e+02
    endloop
  endfacet
  facet normal 2.902853e-01 0.000000e+00 -9.569401e-01
    outer loop
      vertex   -1.635340e+02 9.150000e+01 8.380875e+02
      vertex   -1.641437e+02 8.910000e+01 8.379026e+02
      vertex   -1.641437e+02 9.150000e+01 8.379026e+02
    endloop
  endfacet
  facet normal 9.801562e-02 0.000000e+00 -9.951849e-01
    outer loop
      vertex   -1.629000e+02 9.150000e+01 8.381500e+02
      vertex   -1.629000e+02 8.910000e+01 8.381500e+02
      vertex   -1.635340e+02 8.910000e+01 8.380875e+02
    endloop
  endfacet
  facet normal 9.801562e-02 0.000000e+00 -9.951849e-01
    outer loop
      vertex   -1.629000e+02 9.150000e+01 8.381500e+02
      vertex   -1.635340e+02 8.910000e+01 8.380875e+02
      vertex   -1.635340e+02 9.150000e+01 8.380875e+02
    endloop
  endfacet
  facet normal -9.801562e-02 0.000000e+00 -9.951849e-01
    outer loop
      vertex   -1.622660e+02 9.150000e+01 8.380875e+02
      vertex   -1.629000e+02 8.910000e+01 8.381500e+02
      vertex   -1.629000e+02 9.150000e+01 8.381500e+02
    endloop
  endfacet
  facet normal -9.801562e-02 -0.000000e+00 -9.951849e-01
    outer loop
      vertex   -1.622660e+02 9.150000e+01 8.380875e+02
      vertex   -1.622660e+02 8.910000e+01 8.380875e+02
      vertex   -1.629000e+02 8.910000e+01 8.381500e+02
    endloop
  endfacet
  facet normal -2.902936e-01 0.000000e+00 -9.569376e-01
    outer loop
      vertex   -1.616563e+02 9.150000e+01 8.379026e+02
      vertex   -1.622660e+02 8.910000e+01 8.380875e+02
      vertex   -1.622660e+02 9.150000e+01 8.380875e+02
    endloop
  endfacet
  facet normal -2.902936e-01 -0.000000e+00 -9.569376e-01
    outer loop
      vertex   -1.616563e+02 9.150000e+01 8.379026e+02
      vertex   -1.616563e+02 8.910000e+01 8.379026e+02
      vertex   -1.622660e+02 8.910000e+01 8.380875e+02
    endloop
  endfacet
  facet normal -4.713813e-01 0.000000e+00 -8.819295e-01
    outer loop
      vertex   -1.610944e+02 9.150000e+01 8.376023e+02
      vertex   -1.616563e+02 8.910000e+01 8.379026e+02
      vertex   -1.616563e+02 9.150000e+01 8.379026e+02
    endloop
  endfacet
  facet normal -4.713813e-01 -0.000000e+00 -8.819295e-01
    outer loop
      vertex   -1.610944e+02 9.150000e+01 8.376023e+02
      vertex   -1.610944e+02 8.910000e+01 8.376023e+02
      vertex   -1.616563e+02 8.910000e+01 8.379026e+02
    endloop
  endfacet
  facet normal -6.343889e-01 -0.000000e+00 -7.730141e-01
    outer loop
      vertex   -1.610944e+02 9.150000e+01 8.376023e+02
      vertex   -1.606019e+02 8.910000e+01 8.371981e+02
      vertex   -1.610944e+02 8.910000e+01 8.376023e+02
    endloop
  endfacet
  facet normal -6.343889e-01 -0.000000e+00 -7.730141e-01
    outer loop
      vertex   -1.606019e+02 9.150000e+01 8.371981e+02
      vertex   -1.606019e+02 8.910000e+01 8.371981e+02
      vertex   -1.610944e+02 9.150000e+01 8.376023e+02
    endloop
  endfacet
  facet normal -7.730128e-01 0.000000e+00 -6.343905e-01
    outer loop
      vertex   -1.601977e+02 9.150000e+01 8.367056e+02
      vertex   -1.606019e+02 8.910000e+01 8.371981e+02
      vertex   -1.606019e+02 9.150000e+01 8.371981e+02
    endloop
  endfacet
  facet normal -7.730128e-01 -0.000000e+00 -6.343905e-01
    outer loop
      vertex   -1.601977e+02 9.150000e+01 8.367056e+02
      vertex   -1.601977e+02 8.910000e+01 8.367056e+02
      vertex   -1.606019e+02 8.910000e+01 8.371981e+02
    endloop
  endfacet
  facet normal -8.819200e-01 0.000000e+00 -4.713992e-01
    outer loop
      vertex   -1.598974e+02 9.150000e+01 8.361437e+02
      vertex   -1.601977e+02 8.910000e+01 8.367056e+02
      vertex   -1.601977e+02 9.150000e+01 8.367056e+02
    endloop
  endfacet
  facet normal -8.819200e-01 -0.000000e+00 -4.713992e-01
    outer loop
      vertex   -1.598974e+02 9.150000e+01 8.361437e+02
      vertex   -1.598974e+02 8.910000e+01 8.361437e+02
      vertex   -1.601977e+02 8.910000e+01 8.367056e+02
    endloop
  endfacet
  facet normal -9.569443e-01 0.000000e+00 -2.902716e-01
    outer loop
      vertex   -1.597125e+02 9.150000e+01 8.355340e+02
      vertex   -1.598974e+02 8.910000e+01 8.361437e+02
      vertex   -1.598974e+02 9.150000e+01 8.361437e+02
    endloop
  endfacet
  facet normal -9.569443e-01 -0.000000e+00 -2.902716e-01
    outer loop
      vertex   -1.597125e+02 9.150000e+01 8.355340e+02
      vertex   -1.597125e+02 8.910000e+01 8.355340e+02
      vertex   -1.598974e+02 8.910000e+01 8.361437e+02
    endloop
  endfacet
  facet normal -9.951849e-01 -0.000000e+00 -9.801562e-02
    outer loop
      vertex   -1.597125e+02 9.150000e+01 8.355340e+02
      vertex   -1.596500e+02 8.910000e+01 8.349000e+02
      vertex   -1.597125e+02 8.910000e+01 8.355340e+02
    endloop
  endfacet
  facet normal -9.951849e-01 -0.000000e+00 -9.801562e-02
    outer loop
      vertex   -1.596500e+02 9.150000e+01 8.349000e+02
      vertex   -1.596500e+02 8.910000e+01 8.349000e+02
      vertex   -1.597125e+02 9.150000e+01 8.355340e+02
    endloop
  endfacet
  facet normal -9.951849e-01 0.000000e+00 9.801562e-02
    outer loop
      vertex   -1.597125e+02 9.150000e+01 8.342660e+02
      vertex   -1.596500e+02 8.910000e+01 8.349000e+02
      vertex   -1.596500e+02 9.150000e+01 8.349000e+02
    endloop
  endfacet
  facet normal -9.951849e-01 0.000000e+00 9.801562e-02
    outer loop
      vertex   -1.597125e+02 9.150000e+01 8.342660e+02
      vertex   -1.597125e+02 8.910000e+01 8.342660e+02
      vertex   -1.596500e+02 8.910000e+01 8.349000e+02
    endloop
  endfacet
  facet normal -9.569430e-01 0.000000e+00 2.902758e-01
    outer loop
      vertex   -1.597125e+02 9.150000e+01 8.342660e+02
      vertex   -1.598974e+02 8.910000e+01 8.336563e+02
      vertex   -1.597125e+02 8.910000e+01 8.342660e+02
    endloop
  endfacet
  facet normal -9.569430e-01 0.000000e+00 2.902758e-01
    outer loop
      vertex   -1.598974e+02 9.150000e+01 8.336563e+02
      vertex   -1.598974e+02 8.910000e+01 8.336563e+02
      vertex   -1.597125e+02 9.150000e+01 8.342660e+02
    endloop
  endfacet
  facet normal -8.819233e-01 0.000000e+00 4.713929e-01
    outer loop
      vertex   -1.601977e+02 9.150000e+01 8.330944e+02
      vertex   -1.598974e+02 8.910000e+01 8.336563e+02
      vertex   -1.598974e+02 9.150000e+01 8.336563e+02
    endloop
  endfacet
  facet normal -8.819233e-01 0.000000e+00 4.713929e-01
    outer loop
      vertex   -1.601977e+02 9.150000e+01 8.330944e+02
      vertex   -1.601977e+02 8.910000e+01 8.330944e+02
      vertex   -1.598974e+02 8.910000e+01 8.336563e+02
    endloop
  endfacet
  facet normal -7.730067e-01 0.000000e+00 6.343978e-01
    outer loop
      vertex   -1.606019e+02 9.150000e+01 8.326019e+02
      vertex   -1.601977e+02 8.910000e+01 8.330944e+02
      vertex   -1.601977e+02 9.150000e+01 8.330944e+02
    endloop
  endfacet
  facet normal -7.730067e-01 0.000000e+00 6.343978e-01
    outer loop
      vertex   -1.606019e+02 9.150000e+01 8.326019e+02
      vertex   -1.606019e+02 8.910000e+01 8.326019e+02
      vertex   -1.601977e+02 8.910000e+01 8.330944e+02
    endloop
  endfacet
  facet normal -6.343889e-01 0.000000e+00 7.730141e-01
    outer loop
      vertex   -1.606019e+02 9.150000e+01 8.326019e+02
      vertex   -1.610944e+02 8.910000e+01 8.321977e+02
      vertex   -1.606019e+02 8.910000e+01 8.326019e+02
    endloop
  endfacet
  facet normal -6.343889e-01 0.000000e+00 7.730141e-01
    outer loop
      vertex   -1.610944e+02 9.150000e+01 8.321977e+02
      vertex   -1.610944e+02 8.910000e+01 8.321977e+02
      vertex   -1.606019e+02 9.150000e+01 8.326019e+02
    endloop
  endfacet
  facet normal -4.713929e-01 0.000000e+00 8.819233e-01
    outer loop
      vertex   -1.616563e+02 9.150000e+01 8.318974e+02
      vertex   -1.610944e+02 8.910000e+01 8.321977e+02
      vertex   -1.610944e+02 9.150000e+01 8.321977e+02
    endloop
  endfacet
  facet normal -4.713929e-01 0.000000e+00 8.819233e-01
    outer loop
      vertex   -1.616563e+02 9.150000e+01 8.318974e+02
      vertex   -1.616563e+02 8.910000e+01 8.318974e+02
      vertex   -1.610944e+02 8.910000e+01 8.321977e+02
    endloop
  endfacet
  facet normal -2.902936e-01 0.000000e+00 9.569376e-01
    outer loop
      vertex   -1.622660e+02 9.150000e+01 8.317124e+02
      vertex   -1.622660e+02 8.910000e+01 8.317124e+02
      vertex   -1.616563e+02 8.910000e+01 8.318974e+02
    endloop
  endfacet
  facet normal -9.801562e-02 0.000000e+00 9.951849e-01
    outer loop
      vertex   -1.622660e+02 9.150000e+01 8.317124e+02
      vertex   -1.629000e+02 8.910000e+01 8.316500e+02
      vertex   -1.622660e+02 8.910000e+01 8.317124e+02
    endloop
  endfacet
  facet normal -2.902936e-01 0.000000e+00 9.569376e-01
    outer loop
      vertex   -1.622660e+02 9.150000e+01 8.317124e+02
      vertex   -1.616563e+02 8.910000e+01 8.318974e+02
      vertex   -1.616563e+02 9.150000e+01 8.318974e+02
    endloop
  endfacet
  facet normal -9.801562e-02 0.000000e+00 9.951849e-01
    outer loop
      vertex   -1.629000e+02 9.150000e+01 8.316500e+02
      vertex   -1.629000e+02 8.910000e+01 8.316500e+02
      vertex   -1.622660e+02 9.150000e+01 8.317124e+02
    endloop
  endfacet
  facet normal 9.801562e-02 0.000000e+00 9.951849e-01
    outer loop
      vertex   -1.635340e+02 9.150000e+01 8.317124e+02
      vertex   -1.635340e+02 8.910000e+01 8.317124e+02
      vertex   -1.629000e+02 8.910000e+01 8.316500e+02
    endloop
  endfacet
  facet normal 2.902853e-01 0.000000e+00 9.569401e-01
    outer loop
      vertex   -1.635340e+02 9.150000e+01 8.317124e+02
      vertex   -1.641437e+02 8.910000e+01 8.318974e+02
      vertex   -1.635340e+02 8.910000e+01 8.317124e+02
    endloop
  endfacet
  facet normal 9.801562e-02 0.000000e+00 9.951849e-01
    outer loop
      vertex   -1.635340e+02 9.150000e+01 8.317124e+02
      vertex   -1.629000e+02 8.910000e+01 8.316500e+02
      vertex   -1.629000e+02 9.150000e+01 8.316500e+02
    endloop
  endfacet
  facet normal 2.902853e-01 0.000000e+00 9.569401e-01
    outer loop
      vertex   -1.641437e+02 9.150000e+01 8.318974e+02
      vertex   -1.641437e+02 8.910000e+01 8.318974e+02
      vertex   -1.635340e+02 9.150000e+01 8.317124e+02
    endloop
  endfacet
  facet normal 4.713929e-01 0.000000e+00 8.819233e-01
    outer loop
      vertex   -1.647056e+02 9.150000e+01 8.321977e+02
      vertex   -1.647056e+02 8.910000e+01 8.321977e+02
      vertex   -1.641437e+02 8.910000e+01 8.318974e+02
    endloop
  endfacet
  facet normal 6.343889e-01 0.000000e+00 7.730141e-01
    outer loop
      vertex   -1.647056e+02 9.150000e+01 8.321977e+02
      vertex   -1.651981e+02 8.910000e+01 8.326019e+02
      vertex   -1.647056e+02 8.910000e+01 8.321977e+02
    endloop
  endfacet
  facet normal 4.713929e-01 0.000000e+00 8.819233e-01
    outer loop
      vertex   -1.647056e+02 9.150000e+01 8.321977e+02
      vertex   -1.641437e+02 8.910000e+01 8.318974e+02
      vertex   -1.641437e+02 9.150000e+01 8.318974e+02
    endloop
  endfacet
  facet normal 6.343889e-01 0.000000e+00 7.730141e-01
    outer loop
      vertex   -1.651981e+02 9.150000e+01 8.326019e+02
      vertex   -1.651981e+02 8.910000e+01 8.326019e+02
      vertex   -1.647056e+02 9.150000e+01 8.321977e+02
    endloop
  endfacet
  facet normal 7.730067e-01 0.000000e+00 6.343978e-01
    outer loop
      vertex   -1.656023e+02 9.150000e+01 8.330944e+02
      vertex   -1.656023e+02 8.910000e+01 8.330944e+02
      vertex   -1.651981e+02 8.910000e+01 8.326019e+02
    endloop
  endfacet
  facet normal 7.730067e-01 0.000000e+00 6.343978e-01
    outer loop
      vertex   -1.656023e+02 9.150000e+01 8.330944e+02
      vertex   -1.651981e+02 8.910000e+01 8.326019e+02
      vertex   -1.651981e+02 9.150000e+01 8.326019e+02
    endloop
  endfacet
  facet normal 8.819233e-01 0.000000e+00 4.713929e-01
    outer loop
      vertex   -1.659026e+02 9.150000e+01 8.336563e+02
      vertex   -1.659026e+02 8.910000e+01 8.336563e+02
      vertex   -1.656023e+02 8.910000e+01 8.330944e+02
    endloop
  endfacet
  facet normal 9.569430e-01 0.000000e+00 2.902758e-01
    outer loop
      vertex   -1.659026e+02 9.150000e+01 8.336563e+02
      vertex   -1.660876e+02 8.910000e+01 8.342660e+02
      vertex   -1.659026e+02 8.910000e+01 8.336563e+02
    endloop
  endfacet
  facet normal 8.819233e-01 0.000000e+00 4.713929e-01
    outer loop
      vertex   -1.659026e+02 9.150000e+01 8.336563e+02
      vertex   -1.656023e+02 8.910000e+01 8.330944e+02
      vertex   -1.656023e+02 9.150000e+01 8.330944e+02
    endloop
  endfacet
  facet normal 9.569430e-01 0.000000e+00 2.902758e-01
    outer loop
      vertex   -1.660876e+02 9.150000e+01 8.342660e+02
      vertex   -1.660876e+02 8.910000e+01 8.342660e+02
      vertex   -1.659026e+02 9.150000e+01 8.336563e+02
    endloop
  endfacet
  facet normal 9.951849e-01 0.000000e+00 9.801562e-02
    outer loop
      vertex   -1.661500e+02 9.150000e+01 8.349000e+02
      vertex   -1.661500e+02 8.910000e+01 8.349000e+02
      vertex   -1.660876e+02 8.910000e+01 8.342660e+02
    endloop
  endfacet
  facet normal 9.951849e-01 0.000000e+00 9.801562e-02
    outer loop
      vertex   -1.661500e+02 9.150000e+01 8.349000e+02
      vertex   -1.660876e+02 8.910000e+01 8.342660e+02
      vertex   -1.660876e+02 9.150000e+01 8.342660e+02
    endloop
  endfacet
  facet normal 9.951849e-01 0.000000e+00 -9.801562e-02
    outer loop
      vertex   -1.400875e+02 9.150000e+01 8.355340e+02
      vertex   -1.401500e+02 8.910000e+01 8.349000e+02
      vertex   -1.401500e+02 9.150000e+01 8.349000e+02
    endloop
  endfacet
  facet normal 9.951849e-01 0.000000e+00 -9.801562e-02
    outer loop
      vertex   -1.400875e+02 9.150000e+01 8.355340e+02
      vertex   -1.400875e+02 8.910000e+01 8.355340e+02
      vertex   -1.401500e+02 8.910000e+01 8.349000e+02
    endloop
  endfacet
  facet normal 9.569443e-01 0.000000e+00 -2.902716e-01
    outer loop
      vertex   -1.399026e+02 9.150000e+01 8.361437e+02
      vertex   -1.399026e+02 8.910000e+01 8.361437e+02
      vertex   -1.400875e+02 8.910000e+01 8.355340e+02
    endloop
  endfacet
  facet normal 9.569443e-01 0.000000e+00 -2.902716e-01
    outer loop
      vertex   -1.399026e+02 9.150000e+01 8.361437e+02
      vertex   -1.400875e+02 8.910000e+01 8.355340e+02
      vertex   -1.400875e+02 9.150000e+01 8.355340e+02
    endloop
  endfacet
  facet normal 8.819200e-01 0.000000e+00 -4.713992e-01
    outer loop
      vertex   -1.396023e+02 9.150000e+01 8.367056e+02
      vertex   -1.396023e+02 8.910000e+01 8.367056e+02
      vertex   -1.399026e+02 8.910000e+01 8.361437e+02
    endloop
  endfacet
  facet normal 8.819200e-01 0.000000e+00 -4.713992e-01
    outer loop
      vertex   -1.396023e+02 9.150000e+01 8.367056e+02
      vertex   -1.399026e+02 8.910000e+01 8.361437e+02
      vertex   -1.399026e+02 9.150000e+01 8.361437e+02
    endloop
  endfacet
  facet normal 7.730128e-01 0.000000e+00 -6.343905e-01
    outer loop
      vertex   -1.391981e+02 9.150000e+01 8.371981e+02
      vertex   -1.391981e+02 8.910000e+01 8.371981e+02
      vertex   -1.396023e+02 8.910000e+01 8.367056e+02
    endloop
  endfacet
  facet normal 7.730128e-01 0.000000e+00 -6.343905e-01
    outer loop
      vertex   -1.391981e+02 9.150000e+01 8.371981e+02
      vertex   -1.396023e+02 8.910000e+01 8.367056e+02
      vertex   -1.396023e+02 9.150000e+01 8.367056e+02
    endloop
  endfacet
  facet normal 6.343889e-01 0.000000e+00 -7.730141e-01
    outer loop
      vertex   -1.387056e+02 9.150000e+01 8.376023e+02
      vertex   -1.387056e+02 8.910000e+01 8.376023e+02
      vertex   -1.391981e+02 8.910000e+01 8.371981e+02
    endloop
  endfacet
  facet normal 4.713875e-01 0.000000e+00 -8.819262e-01
    outer loop
      vertex   -1.387056e+02 9.150000e+01 8.376023e+02
      vertex   -1.381437e+02 8.910000e+01 8.379026e+02
      vertex   -1.387056e+02 8.910000e+01 8.376023e+02
    endloop
  endfacet
  facet normal 6.343889e-01 0.000000e+00 -7.730141e-01
    outer loop
      vertex   -1.387056e+02 9.150000e+01 8.376023e+02
      vertex   -1.391981e+02 8.910000e+01 8.371981e+02
      vertex   -1.391981e+02 9.150000e+01 8.371981e+02
    endloop
  endfacet
  facet normal 4.713875e-01 0.000000e+00 -8.819262e-01
    outer loop
      vertex   -1.381437e+02 9.150000e+01 8.379026e+02
      vertex   -1.381437e+02 8.910000e+01 8.379026e+02
      vertex   -1.387056e+02 9.150000e+01 8.376023e+02
    endloop
  endfacet
  facet normal 2.902853e-01 0.000000e+00 -9.569401e-01
    outer loop
      vertex   -1.375340e+02 9.150000e+01 8.380875e+02
      vertex   -1.375340e+02 8.910000e+01 8.380875e+02
      vertex   -1.381437e+02 8.910000e+01 8.379026e+02
    endloop
  endfacet
  facet normal 2.902853e-01 0.000000e+00 -9.569401e-01
    outer loop
      vertex   -1.375340e+02 9.150000e+01 8.380875e+02
      vertex   -1.381437e+02 8.910000e+01 8.379026e+02
      vertex   -1.381437e+02 9.150000e+01 8.379026e+02
    endloop
  endfacet
  facet normal 9.801562e-02 0.000000e+00 -9.951849e-01
    outer loop
      vertex   -1.369000e+02 9.150000e+01 8.381500e+02
      vertex   -1.369000e+02 8.910000e+01 8.381500e+02
      vertex   -1.375340e+02 8.910000e+01 8.380875e+02
    endloop
  endfacet
  facet normal 9.801562e-02 0.000000e+00 -9.951849e-01
    outer loop
      vertex   -1.369000e+02 9.150000e+01 8.381500e+02
      vertex   -1.375340e+02 8.910000e+01 8.380875e+02
      vertex   -1.375340e+02 9.150000e+01 8.380875e+02
    endloop
  endfacet
  facet normal -9.801562e-02 0.000000e+00 -9.951849e-01
    outer loop
      vertex   -1.362660e+02 9.150000e+01 8.380875e+02
      vertex   -1.369000e+02 8.910000e+01 8.381500e+02
      vertex   -1.369000e+02 9.150000e+01 8.381500e+02
    endloop
  endfacet
  facet normal -9.801562e-02 -0.000000e+00 -9.951849e-01
    outer loop
      vertex   -1.362660e+02 9.150000e+01 8.380875e+02
      vertex   -1.362660e+02 8.910000e+01 8.380875e+02
      vertex   -1.369000e+02 8.910000e+01 8.381500e+02
    endloop
  endfacet
  facet normal -2.902895e-01 0.000000e+00 -9.569389e-01
    outer loop
      vertex   -1.356563e+02 9.150000e+01 8.379026e+02
      vertex   -1.362660e+02 8.910000e+01 8.380875e+02
      vertex   -1.362660e+02 9.150000e+01 8.380875e+02
    endloop
  endfacet
  facet normal -2.902895e-01 -0.000000e+00 -9.569389e-01
    outer loop
      vertex   -1.356563e+02 9.150000e+01 8.379026e+02
      vertex   -1.356563e+02 8.910000e+01 8.379026e+02
      vertex   -1.362660e+02 8.910000e+01 8.380875e+02
    endloop
  endfacet
  facet normal -4.713813e-01 0.000000e+00 -8.819295e-01
    outer loop
      vertex   -1.350944e+02 9.150000e+01 8.376023e+02
      vertex   -1.356563e+02 8.910000e+01 8.379026e+02
      vertex   -1.356563e+02 9.150000e+01 8.379026e+02
    endloop
  endfacet
  facet normal -4.713813e-01 -0.000000e+00 -8.819295e-01
    outer loop
      vertex   -1.350944e+02 9.150000e+01 8.376023e+02
      vertex   -1.350944e+02 8.910000e+01 8.376023e+02
      vertex   -1.356563e+02 8.910000e+01 8.379026e+02
    endloop
  endfacet
  facet normal -6.343889e-01 -0.000000e+00 -7.730141e-01
    outer loop
      vertex   -1.350944e+02 9.150000e+01 8.376023e+02
      vertex   -1.346019e+02 8.910000e+01 8.371981e+02
      vertex   -1.350944e+02 8.910000e+01 8.376023e+02
    endloop
  endfacet
  facet normal -6.343889e-01 -0.000000e+00 -7.730141e-01
    outer loop
      vertex   -1.346019e+02 9.150000e+01 8.371981e+02
      vertex   -1.346019e+02 8.910000e+01 8.371981e+02
      vertex   -1.350944e+02 9.150000e+01 8.376023e+02
    endloop
  endfacet
  facet normal -7.730201e-01 0.000000e+00 -6.343815e-01
    outer loop
      vertex   -1.341977e+02 9.150000e+01 8.367056e+02
      vertex   -1.346019e+02 8.910000e+01 8.371981e+02
      vertex   -1.346019e+02 9.150000e+01 8.371981e+02
    endloop
  endfacet
  facet normal -7.730201e-01 -0.000000e+00 -6.343815e-01
    outer loop
      vertex   -1.341977e+02 9.150000e+01 8.367056e+02
      vertex   -1.341977e+02 8.910000e+01 8.367056e+02
      vertex   -1.346019e+02 8.910000e+01 8.371981e+02
    endloop
  endfacet
  facet normal -8.819200e-01 0.000000e+00 -4.713992e-01
    outer loop
      vertex   -1.338974e+02 9.150000e+01 8.361437e+02
      vertex   -1.341977e+02 8.910000e+01 8.367056e+02
      vertex   -1.341977e+02 9.150000e+01 8.367056e+02
    endloop
  endfacet
  facet normal -8.819200e-01 -0.000000e+00 -4.713992e-01
    outer loop
      vertex   -1.338974e+02 9.150000e+01 8.361437e+02
      vertex   -1.338974e+02 8.910000e+01 8.361437e+02
      vertex   -1.341977e+02 8.910000e+01 8.367056e+02
    endloop
  endfacet
  facet normal -9.569401e-01 0.000000e+00 -2.902853e-01
    outer loop
      vertex   -1.337124e+02 9.150000e+01 8.355340e+02
      vertex   -1.338974e+02 8.910000e+01 8.361437e+02
      vertex   -1.338974e+02 9.150000e+01 8.361437e+02
    endloop
  endfacet
  facet normal -9.569401e-01 -0.000000e+00 -2.902853e-01
    outer loop
      vertex   -1.337124e+02 9.150000e+01 8.355340e+02
      vertex   -1.337124e+02 8.910000e+01 8.355340e+02
      vertex   -1.338974e+02 8.910000e+01 8.361437e+02
    endloop
  endfacet
  facet normal -9.951849e-01 -0.000000e+00 -9.801562e-02
    outer loop
      vertex   -1.337124e+02 9.150000e+01 8.355340e+02
      vertex   -1.336500e+02 8.910000e+01 8.349000e+02
      vertex   -1.337124e+02 8.910000e+01 8.355340e+02
    endloop
  endfacet
  facet normal -9.951849e-01 -0.000000e+00 -9.801562e-02
    outer loop
      vertex   -1.336500e+02 9.150000e+01 8.349000e+02
      vertex   -1.336500e+02 8.910000e+01 8.349000e+02
      vertex   -1.337124e+02 9.150000e+01 8.355340e+02
    endloop
  endfacet
  facet normal -9.951849e-01 0.000000e+00 9.801562e-02
    outer loop
      vertex   -1.337124e+02 9.150000e+01 8.342660e+02
      vertex   -1.336500e+02 8.910000e+01 8.349000e+02
      vertex   -1.336500e+02 9.150000e+01 8.349000e+02
    endloop
  endfacet
  facet normal -9.951849e-01 0.000000e+00 9.801562e-02
    outer loop
      vertex   -1.337124e+02 9.150000e+01 8.342660e+02
      vertex   -1.337124e+02 8.910000e+01 8.342660e+02
      vertex   -1.336500e+02 8.910000e+01 8.349000e+02
    endloop
  endfacet
  facet normal -9.569389e-01 0.000000e+00 2.902895e-01
    outer loop
      vertex   -1.337124e+02 9.150000e+01 8.342660e+02
      vertex   -1.338974e+02 8.910000e+01 8.336563e+02
      vertex   -1.337124e+02 8.910000e+01 8.342660e+02
    endloop
  endfacet
  facet normal -9.569389e-01 0.000000e+00 2.902895e-01
    outer loop
      vertex   -1.338974e+02 9.150000e+01 8.336563e+02
      vertex   -1.338974e+02 8.910000e+01 8.336563e+02
      vertex   -1.337124e+02 9.150000e+01 8.342660e+02
    endloop
  endfacet
  facet normal -8.819233e-01 0.000000e+00 4.713929e-01
    outer loop
      vertex   -1.341977e+02 9.150000e+01 8.330944e+02
      vertex   -1.338974e+02 8.910000e+01 8.336563e+02
      vertex   -1.338974e+02 9.150000e+01 8.336563e+02
    endloop
  endfacet
  facet normal -8.819233e-01 0.000000e+00 4.713929e-01
    outer loop
      vertex   -1.341977e+02 9.150000e+01 8.330944e+02
      vertex   -1.341977e+02 8.910000e+01 8.330944e+02
      vertex   -1.338974e+02 8.910000e+01 8.336563e+02
    endloop
  endfacet
  facet normal -7.730141e-01 0.000000e+00 6.343889e-01
    outer loop
      vertex   -1.346019e+02 9.150000e+01 8.326019e+02
      vertex   -1.341977e+02 8.910000e+01 8.330944e+02
      vertex   -1.341977e+02 9.150000e+01 8.330944e+02
    endloop
  endfacet
  facet normal -7.730141e-01 0.000000e+00 6.343889e-01
    outer loop
      vertex   -1.346019e+02 9.150000e+01 8.326019e+02
      vertex   -1.346019e+02 8.910000e+01 8.326019e+02
      vertex   -1.341977e+02 8.910000e+01 8.330944e+02
    endloop
  endfacet
  facet normal -6.343889e-01 0.000000e+00 7.730141e-01
    outer loop
      vertex   -1.346019e+02 9.150000e+01 8.326019e+02
      vertex   -1.350944e+02 8.910000e+01 8.321977e+02
      vertex   -1.346019e+02 8.910000e+01 8.326019e+02
    endloop
  endfacet
  facet normal -6.343889e-01 0.000000e+00 7.730141e-01
    outer loop
      vertex   -1.350944e+02 9.150000e+01 8.321977e+02
      vertex   -1.350944e+02 8.910000e+01 8.321977e+02
      vertex   -1.346019e+02 9.150000e+01 8.326019e+02
    endloop
  endfacet
  facet normal -4.713929e-01 0.000000e+00 8.819233e-01
    outer loop
      vertex   -1.356563e+02 9.150000e+01 8.318974e+02
      vertex   -1.350944e+02 8.910000e+01 8.321977e+02
      vertex   -1.350944e+02 9.150000e+01 8.321977e+02
    endloop
  endfacet
  facet normal -4.713929e-01 0.000000e+00 8.819233e-01
    outer loop
      vertex   -1.356563e+02 9.150000e+01 8.318974e+02
      vertex   -1.356563e+02 8.910000e+01 8.318974e+02
      vertex   -1.350944e+02 8.910000e+01 8.321977e+02
    endloop
  endfacet
  facet normal -2.902895e-01 0.000000e+00 9.569389e-01
    outer loop
      vertex   -1.362660e+02 9.150000e+01 8.317124e+02
      vertex   -1.362660e+02 8.910000e+01 8.317124e+02
      vertex   -1.356563e+02 8.910000e+01 8.318974e+02
    endloop
  endfacet
  facet normal -9.801562e-02 0.000000e+00 9.951849e-01
    outer loop
      vertex   -1.362660e+02 9.150000e+01 8.317124e+02
      vertex   -1.369000e+02 8.910000e+01 8.316500e+02
      vertex   -1.362660e+02 8.910000e+01 8.317124e+02
    endloop
  endfacet
  facet normal -2.902895e-01 0.000000e+00 9.569389e-01
    outer loop
      vertex   -1.362660e+02 9.150000e+01 8.317124e+02
      vertex   -1.356563e+02 8.910000e+01 8.318974e+02
      vertex   -1.356563e+02 9.150000e+01 8.318974e+02
    endloop
  endfacet
  facet normal -9.801562e-02 0.000000e+00 9.951849e-01
    outer loop
      vertex   -1.369000e+02 9.150000e+01 8.316500e+02
      vertex   -1.369000e+02 8.910000e+01 8.316500e+02
      vertex   -1.362660e+02 9.150000e+01 8.317124e+02
    endloop
  endfacet
  facet normal 9.801562e-02 0.000000e+00 9.951849e-01
    outer loop
      vertex   -1.375340e+02 9.150000e+01 8.317124e+02
      vertex   -1.375340e+02 8.910000e+01 8.317124e+02
      vertex   -1.369000e+02 8.910000e+01 8.316500e+02
    endloop
  endfacet
  facet normal 2.902853e-01 0.000000e+00 9.569401e-01
    outer loop
      vertex   -1.375340e+02 9.150000e+01 8.317124e+02
      vertex   -1.381437e+02 8.910000e+01 8.318974e+02
      vertex   -1.375340e+02 8.910000e+01 8.317124e+02
    endloop
  endfacet
  facet normal 9.801562e-02 0.000000e+00 9.951849e-01
    outer loop
      vertex   -1.375340e+02 9.150000e+01 8.317124e+02
      vertex   -1.369000e+02 8.910000e+01 8.316500e+02
      vertex   -1.369000e+02 9.150000e+01 8.316500e+02
    endloop
  endfacet
  facet normal 2.902853e-01 0.000000e+00 9.569401e-01
    outer loop
      vertex   -1.381437e+02 9.150000e+01 8.318974e+02
      vertex   -1.381437e+02 8.910000e+01 8.318974e+02
      vertex   -1.375340e+02 9.150000e+01 8.317124e+02
    endloop
  endfacet
  facet normal 4.713992e-01 0.000000e+00 8.819200e-01
    outer loop
      vertex   -1.387056e+02 9.150000e+01 8.321977e+02
      vertex   -1.387056e+02 8.910000e+01 8.321977e+02
      vertex   -1.381437e+02 8.910000e+01 8.318974e+02
    endloop
  endfacet
  facet normal 6.343889e-01 0.000000e+00 7.730141e-01
    outer loop
      vertex   -1.387056e+02 9.150000e+01 8.321977e+02
      vertex   -1.391981e+02 8.910000e+01 8.326019e+02
      vertex   -1.387056e+02 8.910000e+01 8.321977e+02
    endloop
  endfacet
  facet normal 4.713992e-01 0.000000e+00 8.819200e-01
    outer loop
      vertex   -1.387056e+02 9.150000e+01 8.321977e+02
      vertex   -1.381437e+02 8.910000e+01 8.318974e+02
      vertex   -1.381437e+02 9.150000e+01 8.318974e+02
    endloop
  endfacet
  facet normal 6.343889e-01 0.000000e+00 7.730141e-01
    outer loop
      vertex   -1.391981e+02 9.150000e+01 8.326019e+02
      vertex   -1.391981e+02 8.910000e+01 8.326019e+02
      vertex   -1.387056e+02 9.150000e+01 8.321977e+02
    endloop
  endfacet
  facet normal 7.730067e-01 0.000000e+00 6.343978e-01
    outer loop
      vertex   -1.396023e+02 9.150000e+01 8.330944e+02
      vertex   -1.396023e+02 8.910000e+01 8.330944e+02
      vertex   -1.391981e+02 8.910000e+01 8.326019e+02
    endloop
  endfacet
  facet normal 7.730067e-01 0.000000e+00 6.343978e-01
    outer loop
      vertex   -1.396023e+02 9.150000e+01 8.330944e+02
      vertex   -1.391981e+02 8.910000e+01 8.326019e+02
      vertex   -1.391981e+02 9.150000e+01 8.326019e+02
    endloop
  endfacet
  facet normal 8.819233e-01 0.000000e+00 4.713929e-01
    outer loop
      vertex   -1.399026e+02 9.150000e+01 8.336563e+02
      vertex   -1.399026e+02 8.910000e+01 8.336563e+02
      vertex   -1.396023e+02 8.910000e+01 8.330944e+02
    endloop
  endfacet
  facet normal 9.569430e-01 0.000000e+00 2.902758e-01
    outer loop
      vertex   -1.399026e+02 9.150000e+01 8.336563e+02
      vertex   -1.400875e+02 8.910000e+01 8.342660e+02
      vertex   -1.399026e+02 8.910000e+01 8.336563e+02
    endloop
  endfacet
  facet normal 8.819233e-01 0.000000e+00 4.713929e-01
    outer loop
      vertex   -1.399026e+02 9.150000e+01 8.336563e+02
      vertex   -1.396023e+02 8.910000e+01 8.330944e+02
      vertex   -1.396023e+02 9.150000e+01 8.330944e+02
    endloop
  endfacet
  facet normal 9.569430e-01 0.000000e+00 2.902758e-01
    outer loop
      vertex   -1.400875e+02 9.150000e+01 8.342660e+02
      vertex   -1.400875e+02 8.910000e+01 8.342660e+02
      vertex   -1.399026e+02 9.150000e+01 8.336563e+02
    endloop
  endfacet
  facet normal 9.951849e-01 0.000000e+00 9.801562e-02
    outer loop
      vertex   -1.401500e+02 9.150000e+01 8.349000e+02
      vertex   -1.401500e+02 8.910000e+01 8.349000e+02
      vertex   -1.400875e+02 8.910000e+01 8.342660e+02
    endloop
  endfacet
  facet normal 9.951849e-01 0.000000e+00 9.801562e-02
    outer loop
      vertex   -1.401500e+02 9.150000e+01 8.349000e+02
      vertex   -1.400875e+02 8.910000e+01 8.342660e+02
      vertex   -1.400875e+02 9.150000e+01 8.342660e+02
    endloop
  endfacet
  facet normal 0.000000e+00 -1.000000e+00 0.000000e+00
    outer loop
      vertex   -1.616528e+02 9.150000e+01 8.180666e+02
      vertex   -1.606019e+02 9.150000e+01 8.166019e+02
      vertex   -1.601977e+02 9.150000e+01 8.170944e+02
    endloop
  endfacet
  facet normal 0.000000e+00 -1.000000e+00 -0.000000e+00
    outer loop
      vertex   -1.616528e+02 9.150000e+01 8.180666e+02
      vertex   -1.618393e+02 9.150000e+01 8.178393e+02
      vertex   -1.606019e+02 9.150000e+01 8.166019e+02
    endloop
  endfacet
  facet normal 0.000000e+00 -1.000000e+00 0.000000e+00
    outer loop
      vertex   -1.620666e+02 9.150000e+01 8.176528e+02
      vertex   -1.610944e+02 9.150000e+01 8.161977e+02
      vertex   -1.606019e+02 9.150000e+01 8.166019e+02
    endloop
  endfacet
  facet normal 0.000000e+00 -1.000000e+00 0.000000e+00
    outer loop
      vertex   -1.620666e+02 9.150000e+01 8.176528e+02
      vertex   -1.606019e+02 9.150000e+01 8.166019e+02
      vertex   -1.618393e+02 9.150000e+01 8.178393e+02
    endloop
  endfacet
  facet normal 0.000000e+00 -1.000000e+00 0.000000e+00
    outer loop
      vertex   -1.615142e+02 9.150000e+01 8.183260e+02
      vertex   -1.601977e+02 9.150000e+01 8.170944e+02
      vertex   -1.598974e+02 9.150000e+01 8.176563e+02
    endloop
  endfacet
  facet normal 0.000000e+00 -1.000000e+00 -0.000000e+00
    outer loop
      vertex   -1.615142e+02 9.150000e+01 8.183260e+02
      vertex   -1.616528e+02 9.150000e+01 8.180666e+02
      vertex   -1.601977e+02 9.150000e+01 8.170944e+02
    endloop
  endfacet
  facet normal 0.000000e+00 -1.000000e+00 0.000000e+00
    outer loop
      vertex   -1.623260e+02 9.150000e+01 8.175142e+02
      vertex   -1.616563e+02 9.150000e+01 8.158974e+02
      vertex   -1.610944e+02 9.150000e+01 8.161977e+02
    endloop
  endfacet
  facet normal 0.000000e+00 -1.000000e+00 0.000000e+00
    outer loop
      vertex   -1.623260e+02 9.150000e+01 8.175142e+02
      vertex   -1.610944e+02 9.150000e+01 8.161977e+02
      vertex   -1.620666e+02 9.150000e+01 8.176528e+02
    endloop
  endfacet
  facet normal 0.000000e+00 -1.000000e+00 0.000000e+00
    outer loop
      vertex   -1.614288e+02 9.150000e+01 8.186074e+02
      vertex   -1.598974e+02 9.150000e+01 8.176563e+02
      vertex   -1.597125e+02 9.150000e+01 8.182660e+02
    endloop
  endfacet
  facet normal 0.000000e+00 -1.000000e+00 -0.000000e+00
    outer loop
      vertex   -1.614288e+02 9.150000e+01 8.186074e+02
      vertex   -1.615142e+02 9.150000e+01 8.183260e+02
      vertex   -1.598974e+02 9.150000e+01 8.176563e+02
    endloop
  endfacet
  facet normal 0.000000e+00 -1.000000e+00 0.000000e+00
    outer loop
      vertex   -1.626074e+02 9.150000e+01 8.174288e+02
      vertex   -1.622660e+02 9.150000e+01 8.157125e+02
      vertex   -1.616563e+02 9.150000e+01 8.158974e+02
    endloop
  endfacet
  facet normal 0.000000e+00 -1.000000e+00 0.000000e+00
    outer loop
      vertex   -1.626074e+02 9.150000e+01 8.174288e+02
      vertex   -1.616563e+02 9.150000e+01 8.158974e+02
      vertex   -1.623260e+02 9.150000e+01 8.175142e+02
    endloop
  endfacet
  facet normal 0.000000e+00 -1.000000e+00 0.000000e+00
    outer loop
      vertex   -1.614000e+02 9.150000e+01 8.189000e+02
      vertex   -1.597125e+02 9.150000e+01 8.182660e+02
      vertex   -1.596500e+02 9.150000e+01 8.189000e+02
    endloop
  endfacet
  facet normal 0.000000e+00 -1.000000e+00 -0.000000e+00
    outer loop
      vertex   -1.614000e+02 9.150000e+01 8.189000e+02
      vertex   -1.614288e+02 9.150000e+01 8.186074e+02
      vertex   -1.597125e+02 9.150000e+01 8.182660e+02
    endloop
  endfacet
  facet normal 0.000000e+00 -1.000000e+00 0.000000e+00
    outer loop
      vertex   -1.629000e+02 9.150000e+01 8.174000e+02
      vertex   -1.629000e+02 9.150000e+01 8.156500e+02
      vertex   -1.622660e+02 9.150000e+01 8.157125e+02
    endloop
  endfacet
  facet normal 0.000000e+00 -1.000000e+00 0.000000e+00
    outer loop
      vertex   -1.629000e+02 9.150000e+01 8.174000e+02
      vertex   -1.622660e+02 9.150000e+01 8.157125e+02
      vertex   -1.626074e+02 9.150000e+01 8.174288e+02
    endloop
  endfacet
  facet normal 0.000000e+00 -1.000000e+00 0.000000e+00
    outer loop
      vertex   -1.614288e+02 9.150000e+01 8.191926e+02
      vertex   -1.596500e+02 9.150000e+01 8.189000e+02
      vertex   -1.597125e+02 9.150000e+01 8.195340e+02
    endloop
  endfacet
  facet normal 0.000000e+00 -1.000000e+00 0.000000e+00
    outer loop
      vertex   -1.614288e+02 9.150000e+01 8.191926e+02
      vertex   -1.614000e+02 9.150000e+01 8.189000e+02
      vertex   -1.596500e+02 9.150000e+01 8.189000e+02
    endloop
  endfacet
  facet normal 0.000000e+00 -1.000000e+00 0.000000e+00
    outer loop
      vertex   -1.631926e+02 9.150000e+01 8.174288e+02
      vertex   -1.629000e+02 9.150000e+01 8.156500e+02
      vertex   -1.629000e+02 9.150000e+01 8.174000e+02
    endloop
  endfacet
  facet normal 0.000000e+00 -1.000000e+00 -0.000000e+00
    outer loop
      vertex   -1.631926e+02 9.150000e+01 8.174288e+02
      vertex   -1.635340e+02 9.150000e+01 8.157125e+02
      vertex   -1.629000e+02 9.150000e+01 8.156500e+02
    endloop
  endfacet
  facet normal 0.000000e+00 -1.000000e+00 0.000000e+00
    outer loop
      vertex   -1.615142e+02 9.150000e+01 8.194740e+02
      vertex   -1.614288e+02 9.150000e+01 8.191926e+02
      vertex   -1.597125e+02 9.150000e+01 8.195340e+02
    endloop
  endfacet
  facet normal 0.000000e+00 -1.000000e+00 0.000000e+00
    outer loop
      vertex   -1.615142e+02 9.150000e+01 8.194740e+02
      vertex   -1.597125e+02 9.150000e+01 8.195340e+02
      vertex   -1.598974e+02 9.150000e+01 8.201437e+02
    endloop
  endfacet
  facet normal 0.000000e+00 -1.000000e+00 -0.000000e+00
    outer loop
      vertex   -1.634740e+02 9.150000e+01 8.175142e+02
      vertex   -1.635340e+02 9.150000e+01 8.157125e+02
      vertex   -1.631926e+02 9.150000e+01 8.174288e+02
    endloop
  endfacet
  facet normal 0.000000e+00 -1.000000e+00 0.000000e+00
    outer loop
      vertex   -1.634740e+02 9.150000e+01 8.175142e+02
      vertex   -1.641437e+02 9.150000e+01 8.158974e+02
      vertex   -1.635340e+02 9.150000e+01 8.157125e+02
    endloop
  endfacet
  facet normal 0.000000e+00 -1.000000e+00 0.000000e+00
    outer loop
      vertex   -1.634740e+02 9.150000e+01 8.175142e+02
      vertex   -1.647056e+02 9.150000e+01 8.161977e+02
      vertex   -1.641437e+02 9.150000e+01 8.158974e+02
    endloop
  endfacet
  facet normal 0.000000e+00 -1.000000e+00 0.000000e+00
    outer loop
      vertex   -1.616528e+02 9.150000e+01 8.197334e+02
      vertex   -1.598974e+02 9.150000e+01 8.201437e+02
      vertex   -1.601977e+02 9.150000e+01 8.207056e+02
    endloop
  endfacet
  facet normal 0.000000e+00 -1.000000e+00 0.000000e+00
    outer loop
      vertex   -1.616528e+02 9.150000e+01 8.197334e+02
      vertex   -1.615142e+02 9.150000e+01 8.194740e+02
      vertex   -1.598974e+02 9.150000e+01 8.201437e+02
    endloop
  endfacet
  facet normal 0.000000e+00 -1.000000e+00 -0.000000e+00
    outer loop
      vertex   -1.637334e+02 9.150000e+01 8.176528e+02
      vertex   -1.647056e+02 9.150000e+01 8.161977e+02
      vertex   -1.634740e+02 9.150000e+01 8.175142e+02
    endloop
  endfacet
  facet normal 0.000000e+00 -1.000000e+00 -0.000000e+00
    outer loop
      vertex   -1.606019e+02 9.150000e+01 8.211981e+02
      vertex   -1.616528e+02 9.150000e+01 8.197334e+02
      vertex   -1.601977e+02 9.150000e+01 8.207056e+02
    endloop
  endfacet
  facet normal 0.000000e+00 -1.000000e+00 0.000000e+00
    outer loop
      vertex   -1.606019e+02 9.150000e+01 8.211981e+02
      vertex   -1.618393e+02 9.150000e+01 8.199607e+02
      vertex   -1.616528e+02 9.150000e+01 8.197334e+02
    endloop
  endfacet
  facet normal 0.000000e+00 -1.000000e+00 -0.000000e+00
    outer loop
      vertex   -1.639607e+02 9.150000e+01 8.178393e+02
      vertex   -1.647056e+02 9.150000e+01 8.161977e+02
      vertex   -1.637334e+02 9.150000e+01 8.176528e+02
    endloop
  endfacet
  facet normal 0.000000e+00 -1.000000e+00 0.000000e+00
    outer loop
      vertex   -1.651981e+02 9.150000e+01 8.166019e+02
      vertex   -1.647056e+02 9.150000e+01 8.161977e+02
      vertex   -1.639607e+02 9.150000e+01 8.178393e+02
    endloop
  endfacet
  facet normal 0.000000e+00 -1.000000e+00 -0.000000e+00
    outer loop
      vertex   -1.610944e+02 9.150000e+01 8.216023e+02
      vertex   -1.618393e+02 9.150000e+01 8.199607e+02
      vertex   -1.606019e+02 9.150000e+01 8.211981e+02
    endloop
  endfacet
  facet normal 0.000000e+00 -1.000000e+00 0.000000e+00
    outer loop
      vertex   -1.610944e+02 9.150000e+01 8.216023e+02
      vertex   -1.623260e+02 9.150000e+01 8.202858e+02
      vertex   -1.620666e+02 9.150000e+01 8.201472e+02
    endloop
  endfacet
  facet normal 0.000000e+00 -1.000000e+00 0.000000e+00
    outer loop
      vertex   -1.610944e+02 9.150000e+01 8.216023e+02
      vertex   -1.620666e+02 9.150000e+01 8.201472e+02
      vertex   -1.618393e+02 9.150000e+01 8.199607e+02
    endloop
  endfacet
  facet normal 0.000000e+00 -1.000000e+00 0.000000e+00
    outer loop
      vertex   -1.656023e+02 9.150000e+01 8.170944e+02
      vertex   -1.651981e+02 9.150000e+01 8.166019e+02
      vertex   -1.639607e+02 9.150000e+01 8.178393e+02
    endloop
  endfacet
  facet normal 0.000000e+00 -1.000000e+00 0.000000e+00
    outer loop
      vertex   -1.656023e+02 9.150000e+01 8.170944e+02
      vertex   -1.639607e+02 9.150000e+01 8.178393e+02
      vertex   -1.641472e+02 9.150000e+01 8.180666e+02
    endloop
  endfacet
  facet normal 0.000000e+00 -1.000000e+00 0.000000e+00
    outer loop
      vertex   -1.656023e+02 9.150000e+01 8.170944e+02
      vertex   -1.641472e+02 9.150000e+01 8.180666e+02
      vertex   -1.642858e+02 9.150000e+01 8.183260e+02
    endloop
  endfacet
  facet normal 0.000000e+00 -1.000000e+00 -0.000000e+00
    outer loop
      vertex   -1.616563e+02 9.150000e+01 8.219026e+02
      vertex   -1.623260e+02 9.150000e+01 8.202858e+02
      vertex   -1.610944e+02 9.150000e+01 8.216023e+02
    endloop
  endfacet
  facet normal 0.000000e+00 -1.000000e+00 0.000000e+00
    outer loop
      vertex   -1.659026e+02 9.150000e+01 8.176563e+02
      vertex   -1.656023e+02 9.150000e+01 8.170944e+02
      vertex   -1.642858e+02 9.150000e+01 8.183260e+02
    endloop
  endfacet
  facet normal 0.000000e+00 -1.000000e+00 0.000000e+00
    outer loop
      vertex   -1.622660e+02 9.150000e+01 8.220875e+02
      vertex   -1.626074e+02 9.150000e+01 8.203712e+02
      vertex   -1.623260e+02 9.150000e+01 8.202858e+02
    endloop
  endfacet
  facet normal 0.000000e+00 -1.000000e+00 -0.000000e+00
    outer loop
      vertex   -1.622660e+02 9.150000e+01 8.220875e+02
      vertex   -1.623260e+02 9.150000e+01 8.202858e+02
      vertex   -1.616563e+02 9.150000e+01 8.219026e+02
    endloop
  endfacet
  facet normal 0.000000e+00 -1.000000e+00 0.000000e+00
    outer loop
      vertex   -1.660876e+02 9.150000e+01 8.182660e+02
      vertex   -1.659026e+02 9.150000e+01 8.176563e+02
      vertex   -1.642858e+02 9.150000e+01 8.183260e+02
    endloop
  endfacet
  facet normal 0.000000e+00 -1.000000e+00 0.000000e+00
    outer loop
      vertex   -1.660876e+02 9.150000e+01 8.182660e+02
      vertex   -1.642858e+02 9.150000e+01 8.183260e+02
      vertex   -1.643712e+02 9.150000e+01 8.186074e+02
    endloop
  endfacet
  facet normal 0.000000e+00 -1.000000e+00 0.000000e+00
    outer loop
      vertex   -1.661500e+02 9.150000e+01 8.189000e+02
      vertex   -1.643712e+02 9.150000e+01 8.186074e+02
      vertex   -1.644000e+02 9.150000e+01 8.189000e+02
    endloop
  endfacet
  facet normal 0.000000e+00 -1.000000e+00 0.000000e+00
    outer loop
      vertex   -1.661500e+02 9.150000e+01 8.189000e+02
      vertex   -1.660876e+02 9.150000e+01 8.182660e+02
      vertex   -1.643712e+02 9.150000e+01 8.186074e+02
    endloop
  endfacet
  facet normal 0.000000e+00 -1.000000e+00 0.000000e+00
    outer loop
      vertex   -1.629000e+02 9.150000e+01 8.221500e+02
      vertex   -1.629000e+02 9.150000e+01 8.204000e+02
      vertex   -1.626074e+02 9.150000e+01 8.203712e+02
    endloop
  endfacet
  facet normal 0.000000e+00 -1.000000e+00 0.000000e+00
    outer loop
      vertex   -1.629000e+02 9.150000e+01 8.221500e+02
      vertex   -1.626074e+02 9.150000e+01 8.203712e+02
      vertex   -1.622660e+02 9.150000e+01 8.220875e+02
    endloop
  endfacet
  facet normal 0.000000e+00 -1.000000e+00 0.000000e+00
    outer loop
      vertex   -1.660876e+02 9.150000e+01 8.195340e+02
      vertex   -1.644000e+02 9.150000e+01 8.189000e+02
      vertex   -1.643712e+02 9.150000e+01 8.191926e+02
    endloop
  endfacet
  facet normal 0.000000e+00 -1.000000e+00 0.000000e+00
    outer loop
      vertex   -1.660876e+02 9.150000e+01 8.195340e+02
      vertex   -1.643712e+02 9.150000e+01 8.191926e+02
      vertex   -1.642858e+02 9.150000e+01 8.194740e+02
    endloop
  endfacet
  facet normal 0.000000e+00 -1.000000e+00 -0.000000e+00
    outer loop
      vertex   -1.660876e+02 9.150000e+01 8.195340e+02
      vertex   -1.661500e+02 9.150000e+01 8.189000e+02
      vertex   -1.644000e+02 9.150000e+01 8.189000e+02
    endloop
  endfacet
  facet normal 0.000000e+00 -1.000000e+00 0.000000e+00
    outer loop
      vertex   -1.635340e+02 9.150000e+01 8.220875e+02
      vertex   -1.634740e+02 9.150000e+01 8.202858e+02
      vertex   -1.631926e+02 9.150000e+01 8.203712e+02
    endloop
  endfacet
  facet normal 0.000000e+00 -1.000000e+00 0.000000e+00
    outer loop
      vertex   -1.635340e+02 9.150000e+01 8.220875e+02
      vertex   -1.631926e+02 9.150000e+01 8.203712e+02
      vertex   -1.629000e+02 9.150000e+01 8.204000e+02
    endloop
  endfacet
  facet normal 0.000000e+00 -1.000000e+00 0.000000e+00
    outer loop
      vertex   -1.635340e+02 9.150000e+01 8.220875e+02
      vertex   -1.629000e+02 9.150000e+01 8.204000e+02
      vertex   -1.629000e+02 9.150000e+01 8.221500e+02
    endloop
  endfacet
  facet normal 0.000000e+00 -1.000000e+00 -0.000000e+00
    outer loop
      vertex   -1.659026e+02 9.150000e+01 8.201437e+02
      vertex   -1.660876e+02 9.150000e+01 8.195340e+02
      vertex   -1.642858e+02 9.150000e+01 8.194740e+02
    endloop
  endfacet
  facet normal 0.000000e+00 -1.000000e+00 0.000000e+00
    outer loop
      vertex   -1.641437e+02 9.150000e+01 8.219026e+02
      vertex   -1.637334e+02 9.150000e+01 8.201472e+02
      vertex   -1.634740e+02 9.150000e+01 8.202858e+02
    endloop
  endfacet
  facet normal 0.000000e+00 -1.000000e+00 0.000000e+00
    outer loop
      vertex   -1.641437e+02 9.150000e+01 8.219026e+02
      vertex   -1.634740e+02 9.150000e+01 8.202858e+02
      vertex   -1.635340e+02 9.150000e+01 8.220875e+02
    endloop
  endfacet
  facet normal 0.000000e+00 -1.000000e+00 0.000000e+00
    outer loop
      vertex   -1.656023e+02 9.150000e+01 8.207056e+02
      vertex   -1.642858e+02 9.150000e+01 8.194740e+02
      vertex   -1.641472e+02 9.150000e+01 8.197334e+02
    endloop
  endfacet
  facet normal 0.000000e+00 -1.000000e+00 -0.000000e+00
    outer loop
      vertex   -1.656023e+02 9.150000e+01 8.207056e+02
      vertex   -1.659026e+02 9.150000e+01 8.201437e+02
      vertex   -1.642858e+02 9.150000e+01 8.194740e+02
    endloop
  endfacet
  facet normal 0.000000e+00 -1.000000e+00 0.000000e+00
    outer loop
      vertex   -1.647056e+02 9.150000e+01 8.216023e+02
      vertex   -1.637334e+02 9.150000e+01 8.201472e+02
      vertex   -1.641437e+02 9.150000e+01 8.219026e+02
    endloop
  endfacet
  facet normal 0.000000e+00 -1.000000e+00 0.000000e+00
    outer loop
      vertex   -1.651981e+02 9.150000e+01 8.211981e+02
      vertex   -1.641472e+02 9.150000e+01 8.197334e+02
      vertex   -1.639607e+02 9.150000e+01 8.199607e+02
    endloop
  endfacet
  facet normal 0.000000e+00 -1.000000e+00 0.000000e+00
    outer loop
      vertex   -1.651981e+02 9.150000e+01 8.211981e+02
      vertex   -1.639607e+02 9.150000e+01 8.199607e+02
      vertex   -1.637334e+02 9.150000e+01 8.201472e+02
    endloop
  endfacet
  facet normal 0.000000e+00 -1.000000e+00 -0.000000e+00
    outer loop
      vertex   -1.651981e+02 9.150000e+01 8.211981e+02
      vertex   -1.656023e+02 9.150000e+01 8.207056e+02
      vertex   -1.641472e+02 9.150000e+01 8.197334e+02
    endloop
  endfacet
  facet normal 0.000000e+00 -1.000000e+00 0.000000e+00
    outer loop
      vertex   -1.651981e+02 9.150000e+01 8.211981e+02
      vertex   -1.637334e+02 9.150000e+01 8.201472e+02
      vertex   -1.647056e+02 9.150000e+01 8.216023e+02
    endloop
  endfacet
  facet normal 0.000000e+00 -1.000000e+00 0.000000e+00
    outer loop
      vertex   -1.356528e+02 9.150000e+01 8.180666e+02
      vertex   -1.346019e+02 9.150000e+01 8.166019e+02
      vertex   -1.341977e+02 9.150000e+01 8.170944e+02
    endloop
  endfacet
  facet normal 0.000000e+00 -1.000000e+00 -0.000000e+00
    outer loop
      vertex   -1.356528e+02 9.150000e+01 8.180666e+02
      vertex   -1.358393e+02 9.150000e+01 8.178393e+02
      vertex   -1.346019e+02 9.150000e+01 8.166019e+02
    endloop
  endfacet
  facet normal 0.000000e+00 -1.000000e+00 0.000000e+00
    outer loop
      vertex   -1.360666e+02 9.150000e+01 8.176528e+02
      vertex   -1.350944e+02 9.150000e+01 8.161977e+02
      vertex   -1.346019e+02 9.150000e+01 8.166019e+02
    endloop
  endfacet
  facet normal 0.000000e+00 -1.000000e+00 0.000000e+00
    outer loop
      vertex   -1.360666e+02 9.150000e+01 8.176528e+02
      vertex   -1.346019e+02 9.150000e+01 8.166019e+02
      vertex   -1.358393e+02 9.150000e+01 8.178393e+02
    endloop
  endfacet
  facet normal 0.000000e+00 -1.000000e+00 0.000000e+00
    outer loop
      vertex   -1.355142e+02 9.150000e+01 8.183260e+02
      vertex   -1.341977e+02 9.150000e+01 8.170944e+02
      vertex   -1.338974e+02 9.150000e+01 8.176563e+02
    endloop
  endfacet
  facet normal 0.000000e+00 -1.000000e+00 -0.000000e+00
    outer loop
      vertex   -1.355142e+02 9.150000e+01 8.183260e+02
      vertex   -1.356528e+02 9.150000e+01 8.180666e+02
      vertex   -1.341977e+02 9.150000e+01 8.170944e+02
    endloop
  endfacet
  facet normal 0.000000e+00 -1.000000e+00 0.000000e+00
    outer loop
      vertex   -1.363260e+02 9.150000e+01 8.175142e+02
      vertex   -1.356563e+02 9.150000e+01 8.158974e+02
      vertex   -1.350944e+02 9.150000e+01 8.161977e+02
    endloop
  endfacet
  facet normal 0.000000e+00 -1.000000e+00 0.000000e+00
    outer loop
      vertex   -1.363260e+02 9.150000e+01 8.175142e+02
      vertex   -1.350944e+02 9.150000e+01 8.161977e+02
      vertex   -1.360666e+02 9.150000e+01 8.176528e+02
    endloop
  endfacet
  facet normal 0.000000e+00 -1.000000e+00 0.000000e+00
    outer loop
      vertex   -1.354288e+02 9.150000e+01 8.186074e+02
      vertex   -1.338974e+02 9.150000e+01 8.176563e+02
      vertex   -1.337124e+02 9.150000e+01 8.182660e+02
    endloop
  endfacet
  facet normal 0.000000e+00 -1.000000e+00 -0.000000e+00
    outer loop
      vertex   -1.354288e+02 9.150000e+01 8.186074e+02
      vertex   -1.355142e+02 9.150000e+01 8.183260e+02
      vertex   -1.338974e+02 9.150000e+01 8.176563e+02
    endloop
  endfacet
  facet normal 0.000000e+00 -1.000000e+00 0.000000e+00
    outer loop
      vertex   -1.366074e+02 9.150000e+01 8.174288e+02
      vertex   -1.362660e+02 9.150000e+01 8.157125e+02
      vertex   -1.356563e+02 9.150000e+01 8.158974e+02
    endloop
  endfacet
  facet normal 0.000000e+00 -1.000000e+00 0.000000e+00
    outer loop
      vertex   -1.366074e+02 9.150000e+01 8.174288e+02
      vertex   -1.356563e+02 9.150000e+01 8.158974e+02
      vertex   -1.363260e+02 9.150000e+01 8.175142e+02
    endloop
  endfacet
  facet normal 0.000000e+00 -1.000000e+00 0.000000e+00
    outer loop
      vertex   -1.354000e+02 9.150000e+01 8.189000e+02
      vertex   -1.337124e+02 9.150000e+01 8.182660e+02
      vertex   -1.336500e+02 9.150000e+01 8.189000e+02
    endloop
  endfacet
  facet normal 0.000000e+00 -1.000000e+00 -0.000000e+00
    outer loop
      vertex   -1.354000e+02 9.150000e+01 8.189000e+02
      vertex   -1.354288e+02 9.150000e+01 8.186074e+02
      vertex   -1.337124e+02 9.150000e+01 8.182660e+02
    endloop
  endfacet
  facet normal 0.000000e+00 -1.000000e+00 0.000000e+00
    outer loop
      vertex   -1.369000e+02 9.150000e+01 8.174000e+02
      vertex   -1.369000e+02 9.150000e+01 8.156500e+02
      vertex   -1.362660e+02 9.150000e+01 8.157125e+02
    endloop
  endfacet
  facet normal 0.000000e+00 -1.000000e+00 0.000000e+00
    outer loop
      vertex   -1.369000e+02 9.150000e+01 8.174000e+02
      vertex   -1.362660e+02 9.150000e+01 8.157125e+02
      vertex   -1.366074e+02 9.150000e+01 8.174288e+02
    endloop
  endfacet
  facet normal 0.000000e+00 -1.000000e+00 0.000000e+00
    outer loop
      vertex   -1.354288e+02 9.150000e+01 8.191926e+02
      vertex   -1.336500e+02 9.150000e+01 8.189000e+02
      vertex   -1.337124e+02 9.150000e+01 8.195340e+02
    endloop
  endfacet
  facet normal 0.000000e+00 -1.000000e+00 0.000000e+00
    outer loop
      vertex   -1.354288e+02 9.150000e+01 8.191926e+02
      vertex   -1.354000e+02 9.150000e+01 8.189000e+02
      vertex   -1.336500e+02 9.150000e+01 8.189000e+02
    endloop
  endfacet
  facet normal 0.000000e+00 -1.000000e+00 0.000000e+00
    outer loop
      vertex   -1.371926e+02 9.150000e+01 8.174288e+02
      vertex   -1.369000e+02 9.150000e+01 8.156500e+02
      vertex   -1.369000e+02 9.150000e+01 8.174000e+02
    endloop
  endfacet
  facet normal 0.000000e+00 -1.000000e+00 -0.000000e+00
    outer loop
      vertex   -1.371926e+02 9.150000e+01 8.174288e+02
      vertex   -1.375340e+02 9.150000e+01 8.157125e+02
      vertex   -1.369000e+02 9.150000e+01 8.156500e+02
    endloop
  endfacet
  facet normal 0.000000e+00 -1.000000e+00 0.000000e+00
    outer loop
      vertex   -1.355142e+02 9.150000e+01 8.194740e+02
      vertex   -1.354288e+02 9.150000e+01 8.191926e+02
      vertex   -1.337124e+02 9.150000e+01 8.195340e+02
    endloop
  endfacet
  facet normal 0.000000e+00 -1.000000e+00 0.000000e+00
    outer loop
      vertex   -1.355142e+02 9.150000e+01 8.194740e+02
      vertex   -1.337124e+02 9.150000e+01 8.195340e+02
      vertex   -1.338974e+02 9.150000e+01 8.201437e+02
    endloop
  endfacet
  facet normal 0.000000e+00 -1.000000e+00 -0.000000e+00
    outer loop
      vertex   -1.374740e+02 9.150000e+01 8.175142e+02
      vertex   -1.375340e+02 9.150000e+01 8.157125e+02
      vertex   -1.371926e+02 9.150000e+01 8.174288e+02
    endloop
  endfacet
  facet normal 0.000000e+00 -1.000000e+00 0.000000e+00
    outer loop
      vertex   -1.374740e+02 9.150000e+01 8.175142e+02
      vertex   -1.381437e+02 9.150000e+01 8.158974e+02
      vertex   -1.375340e+02 9.150000e+01 8.157125e+02
    endloop
  endfacet
  facet normal 0.000000e+00 -1.000000e+00 0.000000e+00
    outer loop
      vertex   -1.374740e+02 9.150000e+01 8.175142e+02
      vertex   -1.387056e+02 9.150000e+01 8.161977e+02
      vertex   -1.381437e+02 9.150000e+01 8.158974e+02
    endloop
  endfacet
  facet normal 0.000000e+00 -1.000000e+00 0.000000e+00
    outer loop
      vertex   -1.356528e+02 9.150000e+01 8.197334e+02
      vertex   -1.338974e+02 9.150000e+01 8.201437e+02
      vertex   -1.341977e+02 9.150000e+01 8.207056e+02
    endloop
  endfacet
  facet normal 0.000000e+00 -1.000000e+00 0.000000e+00
    outer loop
      vertex   -1.356528e+02 9.150000e+01 8.197334e+02
      vertex   -1.355142e+02 9.150000e+01 8.194740e+02
      vertex   -1.338974e+02 9.150000e+01 8.201437e+02
    endloop
  endfacet
  facet normal 0.000000e+00 -1.000000e+00 -0.000000e+00
    outer loop
      vertex   -1.377334e+02 9.150000e+01 8.176528e+02
      vertex   -1.387056e+02 9.150000e+01 8.161977e+02
      vertex   -1.374740e+02 9.150000e+01 8.175142e+02
    endloop
  endfacet
  facet normal 0.000000e+00 -1.000000e+00 -0.000000e+00
    outer loop
      vertex   -1.346019e+02 9.150000e+01 8.211981e+02
      vertex   -1.356528e+02 9.150000e+01 8.197334e+02
      vertex   -1.341977e+02 9.150000e+01 8.207056e+02
    endloop
  endfacet
  facet normal 0.000000e+00 -1.000000e+00 0.000000e+00
    outer loop
      vertex   -1.346019e+02 9.150000e+01 8.211981e+02
      vertex   -1.358393e+02 9.150000e+01 8.199607e+02
      vertex   -1.356528e+02 9.150000e+01 8.197334e+02
    endloop
  endfacet
  facet normal 0.000000e+00 -1.000000e+00 -0.000000e+00
    outer loop
      vertex   -1.379607e+02 9.150000e+01 8.178393e+02
      vertex   -1.387056e+02 9.150000e+01 8.161977e+02
      vertex   -1.377334e+02 9.150000e+01 8.176528e+02
    endloop
  endfacet
  facet normal 0.000000e+00 -1.000000e+00 0.000000e+00
    outer loop
      vertex   -1.391981e+02 9.150000e+01 8.166019e+02
      vertex   -1.387056e+02 9.150000e+01 8.161977e+02
      vertex   -1.379607e+02 9.150000e+01 8.178393e+02
    endloop
  endfacet
  facet normal 0.000000e+00 -1.000000e+00 -0.000000e+00
    outer loop
      vertex   -1.350944e+02 9.150000e+01 8.216023e+02
      vertex   -1.358393e+02 9.150000e+01 8.199607e+02
      vertex   -1.346019e+02 9.150000e+01 8.211981e+02
    endloop
  endfacet
  facet normal 0.000000e+00 -1.000000e+00 0.000000e+00
    outer loop
      vertex   -1.350944e+02 9.150000e+01 8.216023e+02
      vertex   -1.363260e+02 9.150000e+01 8.202858e+02
      vertex   -1.360666e+02 9.150000e+01 8.201472e+02
    endloop
  endfacet
  facet normal 0.000000e+00 -1.000000e+00 0.000000e+00
    outer loop
      vertex   -1.350944e+02 9.150000e+01 8.216023e+02
      vertex   -1.360666e+02 9.150000e+01 8.201472e+02
      vertex   -1.358393e+02 9.150000e+01 8.199607e+02
    endloop
  endfacet
  facet normal 0.000000e+00 -1.000000e+00 0.000000e+00
    outer loop
      vertex   -1.396023e+02 9.150000e+01 8.170944e+02
      vertex   -1.391981e+02 9.150000e+01 8.166019e+02
      vertex   -1.379607e+02 9.150000e+01 8.178393e+02
    endloop
  endfacet
  facet normal 0.000000e+00 -1.000000e+00 0.000000e+00
    outer loop
      vertex   -1.396023e+02 9.150000e+01 8.170944e+02
      vertex   -1.379607e+02 9.150000e+01 8.178393e+02
      vertex   -1.381472e+02 9.150000e+01 8.180666e+02
    endloop
  endfacet
  facet normal 0.000000e+00 -1.000000e+00 0.000000e+00
    outer loop
      vertex   -1.396023e+02 9.150000e+01 8.170944e+02
      vertex   -1.381472e+02 9.150000e+01 8.180666e+02
      vertex   -1.382858e+02 9.150000e+01 8.183260e+02
    endloop
  endfacet
  facet normal 0.000000e+00 -1.000000e+00 -0.000000e+00
    outer loop
      vertex   -1.356563e+02 9.150000e+01 8.219026e+02
      vertex   -1.363260e+02 9.150000e+01 8.202858e+02
      vertex   -1.350944e+02 9.150000e+01 8.216023e+02
    endloop
  endfacet
  facet normal 0.000000e+00 -1.000000e+00 0.000000e+00
    outer loop
      vertex   -1.399026e+02 9.150000e+01 8.176563e+02
      vertex   -1.396023e+02 9.150000e+01 8.170944e+02
      vertex   -1.382858e+02 9.150000e+01 8.183260e+02
    endloop
  endfacet
  facet normal 0.000000e+00 -1.000000e+00 0.000000e+00
    outer loop
      vertex   -1.362660e+02 9.150000e+01 8.220875e+02
      vertex   -1.366074e+02 9.150000e+01 8.203712e+02
      vertex   -1.363260e+02 9.150000e+01 8.202858e+02
    endloop
  endfacet
  facet normal 0.000000e+00 -1.000000e+00 -0.000000e+00
    outer loop
      vertex   -1.362660e+02 9.150000e+01 8.220875e+02
      vertex   -1.363260e+02 9.150000e+01 8.202858e+02
      vertex   -1.356563e+02 9.150000e+01 8.219026e+02
    endloop
  endfacet
  facet normal 0.000000e+00 -1.000000e+00 0.000000e+00
    outer loop
      vertex   -1.400875e+02 9.150000e+01 8.182660e+02
      vertex   -1.399026e+02 9.150000e+01 8.176563e+02
      vertex   -1.382858e+02 9.150000e+01 8.183260e+02
    endloop
  endfacet
  facet normal 0.000000e+00 -1.000000e+00 0.000000e+00
    outer loop
      vertex   -1.400875e+02 9.150000e+01 8.182660e+02
      vertex   -1.382858e+02 9.150000e+01 8.183260e+02
      vertex   -1.383712e+02 9.150000e+01 8.186074e+02
    endloop
  endfacet
  facet normal 0.000000e+00 -1.000000e+00 0.000000e+00
    outer loop
      vertex   -1.401500e+02 9.150000e+01 8.189000e+02
      vertex   -1.383712e+02 9.150000e+01 8.186074e+02
      vertex   -1.384000e+02 9.150000e+01 8.189000e+02
    endloop
  endfacet
  facet normal 0.000000e+00 -1.000000e+00 0.000000e+00
    outer loop
      vertex   -1.401500e+02 9.150000e+01 8.189000e+02
      vertex   -1.400875e+02 9.150000e+01 8.182660e+02
      vertex   -1.383712e+02 9.150000e+01 8.186074e+02
    endloop
  endfacet
  facet normal 0.000000e+00 -1.000000e+00 0.000000e+00
    outer loop
      vertex   -1.369000e+02 9.150000e+01 8.221500e+02
      vertex   -1.369000e+02 9.150000e+01 8.204000e+02
      vertex   -1.366074e+02 9.150000e+01 8.203712e+02
    endloop
  endfacet
  facet normal 0.000000e+00 -1.000000e+00 0.000000e+00
    outer loop
      vertex   -1.369000e+02 9.150000e+01 8.221500e+02
      vertex   -1.366074e+02 9.150000e+01 8.203712e+02
      vertex   -1.362660e+02 9.150000e+01 8.220875e+02
    endloop
  endfacet
  facet normal 0.000000e+00 -1.000000e+00 0.000000e+00
    outer loop
      vertex   -1.400875e+02 9.150000e+01 8.195340e+02
      vertex   -1.384000e+02 9.150000e+01 8.189000e+02
      vertex   -1.383712e+02 9.150000e+01 8.191926e+02
    endloop
  endfacet
  facet normal 0.000000e+00 -1.000000e+00 0.000000e+00
    outer loop
      vertex   -1.400875e+02 9.150000e+01 8.195340e+02
      vertex   -1.383712e+02 9.150000e+01 8.191926e+02
      vertex   -1.382858e+02 9.150000e+01 8.194740e+02
    endloop
  endfacet
  facet normal 0.000000e+00 -1.000000e+00 -0.000000e+00
    outer loop
      vertex   -1.400875e+02 9.150000e+01 8.195340e+02
      vertex   -1.401500e+02 9.150000e+01 8.189000e+02
      vertex   -1.384000e+02 9.150000e+01 8.189000e+02
    endloop
  endfacet
  facet normal 0.000000e+00 -1.000000e+00 0.000000e+00
    outer loop
      vertex   -1.375340e+02 9.150000e+01 8.220875e+02
      vertex   -1.374740e+02 9.150000e+01 8.202858e+02
      vertex   -1.371926e+02 9.150000e+01 8.203712e+02
    endloop
  endfacet
  facet normal 0.000000e+00 -1.000000e+00 0.000000e+00
    outer loop
      vertex   -1.375340e+02 9.150000e+01 8.220875e+02
      vertex   -1.371926e+02 9.150000e+01 8.203712e+02
      vertex   -1.369000e+02 9.150000e+01 8.204000e+02
    endloop
  endfacet
  facet normal 0.000000e+00 -1.000000e+00 0.000000e+00
    outer loop
      vertex   -1.375340e+02 9.150000e+01 8.220875e+02
      vertex   -1.369000e+02 9.150000e+01 8.204000e+02
      vertex   -1.369000e+02 9.150000e+01 8.221500e+02
    endloop
  endfacet
  facet normal 0.000000e+00 -1.000000e+00 -0.000000e+00
    outer loop
      vertex   -1.399026e+02 9.150000e+01 8.201437e+02
      vertex   -1.400875e+02 9.150000e+01 8.195340e+02
      vertex   -1.382858e+02 9.150000e+01 8.194740e+02
    endloop
  endfacet
  facet normal 0.000000e+00 -1.000000e+00 0.000000e+00
    outer loop
      vertex   -1.381437e+02 9.150000e+01 8.219026e+02
      vertex   -1.377334e+02 9.150000e+01 8.201472e+02
      vertex   -1.374740e+02 9.150000e+01 8.202858e+02
    endloop
  endfacet
  facet normal 0.000000e+00 -1.000000e+00 0.000000e+00
    outer loop
      vertex   -1.381437e+02 9.150000e+01 8.219026e+02
      vertex   -1.374740e+02 9.150000e+01 8.202858e+02
      vertex   -1.375340e+02 9.150000e+01 8.220875e+02
    endloop
  endfacet
  facet normal 0.000000e+00 -1.000000e+00 0.000000e+00
    outer loop
      vertex   -1.396023e+02 9.150000e+01 8.207056e+02
      vertex   -1.382858e+02 9.150000e+01 8.194740e+02
      vertex   -1.381472e+02 9.150000e+01 8.197334e+02
    endloop
  endfacet
  facet normal 0.000000e+00 -1.000000e+00 -0.000000e+00
    outer loop
      vertex   -1.396023e+02 9.150000e+01 8.207056e+02
      vertex   -1.399026e+02 9.150000e+01 8.201437e+02
      vertex   -1.382858e+02 9.150000e+01 8.194740e+02
    endloop
  endfacet
  facet normal 0.000000e+00 -1.000000e+00 0.000000e+00
    outer loop
      vertex   -1.387056e+02 9.150000e+01 8.216023e+02
      vertex   -1.377334e+02 9.150000e+01 8.201472e+02
      vertex   -1.381437e+02 9.150000e+01 8.219026e+02
    endloop
  endfacet
  facet normal 0.000000e+00 -1.000000e+00 0.000000e+00
    outer loop
      vertex   -1.391981e+02 9.150000e+01 8.211981e+02
      vertex   -1.381472e+02 9.150000e+01 8.197334e+02
      vertex   -1.379607e+02 9.150000e+01 8.199607e+02
    endloop
  endfacet
  facet normal 0.000000e+00 -1.000000e+00 0.000000e+00
    outer loop
      vertex   -1.391981e+02 9.150000e+01 8.211981e+02
      vertex   -1.379607e+02 9.150000e+01 8.199607e+02
      vertex   -1.377334e+02 9.150000e+01 8.201472e+02
    endloop
  endfacet
  facet normal 0.000000e+00 -1.000000e+00 -0.000000e+00
    outer loop
      vertex   -1.391981e+02 9.150000e+01 8.211981e+02
      vertex   -1.396023e+02 9.150000e+01 8.207056e+02
      vertex   -1.381472e+02 9.150000e+01 8.197334e+02
    endloop
  endfacet
  facet normal 0.000000e+00 -1.000000e+00 0.000000e+00
    outer loop
      vertex   -1.391981e+02 9.150000e+01 8.211981e+02
      vertex   -1.377334e+02 9.150000e+01 8.201472e+02
      vertex   -1.387056e+02 9.150000e+01 8.216023e+02
    endloop
  endfacet
  facet normal 0.000000e+00 -1.000000e+00 0.000000e+00
    outer loop
      vertex   -1.616528e+02 9.150000e+01 7.920666e+02
      vertex   -1.606019e+02 9.150000e+01 7.906019e+02
      vertex   -1.601977e+02 9.150000e+01 7.910944e+02
    endloop
  endfacet
  facet normal 0.000000e+00 -1.000000e+00 -0.000000e+00
    outer loop
      vertex   -1.616528e+02 9.150000e+01 7.920666e+02
      vertex   -1.618393e+02 9.150000e+01 7.918393e+02
      vertex   -1.606019e+02 9.150000e+01 7.906019e+02
    endloop
  endfacet
  facet normal 0.000000e+00 -1.000000e+00 0.000000e+00
    outer loop
      vertex   -1.620666e+02 9.150000e+01 7.916528e+02
      vertex   -1.610944e+02 9.150000e+01 7.901977e+02
      vertex   -1.606019e+02 9.150000e+01 7.906019e+02
    endloop
  endfacet
  facet normal 0.000000e+00 -1.000000e+00 0.000000e+00
    outer loop
      vertex   -1.620666e+02 9.150000e+01 7.916528e+02
      vertex   -1.606019e+02 9.150000e+01 7.906019e+02
      vertex   -1.618393e+02 9.150000e+01 7.918393e+02
    endloop
  endfacet
  facet normal 0.000000e+00 -1.000000e+00 0.000000e+00
    outer loop
      vertex   -1.615142e+02 9.150000e+01 7.923260e+02
      vertex   -1.601977e+02 9.150000e+01 7.910944e+02
      vertex   -1.598974e+02 9.150000e+01 7.916563e+02
    endloop
  endfacet
  facet normal 0.000000e+00 -1.000000e+00 -0.000000e+00
    outer loop
      vertex   -1.615142e+02 9.150000e+01 7.923260e+02
      vertex   -1.616528e+02 9.150000e+01 7.920666e+02
      vertex   -1.601977e+02 9.150000e+01 7.910944e+02
    endloop
  endfacet
  facet normal 0.000000e+00 -1.000000e+00 0.000000e+00
    outer loop
      vertex   -1.623260e+02 9.150000e+01 7.915142e+02
      vertex   -1.616563e+02 9.150000e+01 7.898974e+02
      vertex   -1.610944e+02 9.150000e+01 7.901977e+02
    endloop
  endfacet
  facet normal 0.000000e+00 -1.000000e+00 0.000000e+00
    outer loop
      vertex   -1.623260e+02 9.150000e+01 7.915142e+02
      vertex   -1.610944e+02 9.150000e+01 7.901977e+02
      vertex   -1.620666e+02 9.150000e+01 7.916528e+02
    endloop
  endfacet
  facet normal 0.000000e+00 -1.000000e+00 0.000000e+00
    outer loop
      vertex   -1.614288e+02 9.150000e+01 7.926074e+02
      vertex   -1.598974e+02 9.150000e+01 7.916563e+02
      vertex   -1.597125e+02 9.150000e+01 7.922660e+02
    endloop
  endfacet
  facet normal 0.000000e+00 -1.000000e+00 -0.000000e+00
    outer loop
      vertex   -1.614288e+02 9.150000e+01 7.926074e+02
      vertex   -1.615142e+02 9.150000e+01 7.923260e+02
      vertex   -1.598974e+02 9.150000e+01 7.916563e+02
    endloop
  endfacet
  facet normal 0.000000e+00 -1.000000e+00 0.000000e+00
    outer loop
      vertex   -1.626074e+02 9.150000e+01 7.914288e+02
      vertex   -1.622660e+02 9.150000e+01 7.897124e+02
      vertex   -1.616563e+02 9.150000e+01 7.898974e+02
    endloop
  endfacet
  facet normal 0.000000e+00 -1.000000e+00 0.000000e+00
    outer loop
      vertex   -1.626074e+02 9.150000e+01 7.914288e+02
      vertex   -1.616563e+02 9.150000e+01 7.898974e+02
      vertex   -1.623260e+02 9.150000e+01 7.915142e+02
    endloop
  endfacet
  facet normal 0.000000e+00 -1.000000e+00 0.000000e+00
    outer loop
      vertex   -1.614000e+02 9.150000e+01 7.929000e+02
      vertex   -1.597125e+02 9.150000e+01 7.922660e+02
      vertex   -1.596500e+02 9.150000e+01 7.929000e+02
    endloop
  endfacet
  facet normal 0.000000e+00 -1.000000e+00 -0.000000e+00
    outer loop
      vertex   -1.614000e+02 9.150000e+01 7.929000e+02
      vertex   -1.614288e+02 9.150000e+01 7.926074e+02
      vertex   -1.597125e+02 9.150000e+01 7.922660e+02
    endloop
  endfacet
  facet normal 0.000000e+00 -1.000000e+00 0.000000e+00
    outer loop
      vertex   -1.629000e+02 9.150000e+01 7.914000e+02
      vertex   -1.629000e+02 9.150000e+01 7.896500e+02
      vertex   -1.622660e+02 9.150000e+01 7.897124e+02
    endloop
  endfacet
  facet normal 0.000000e+00 -1.000000e+00 0.000000e+00
    outer loop
      vertex   -1.629000e+02 9.150000e+01 7.914000e+02
      vertex   -1.622660e+02 9.150000e+01 7.897124e+02
      vertex   -1.626074e+02 9.150000e+01 7.914288e+02
    endloop
  endfacet
  facet normal 0.000000e+00 -1.000000e+00 0.000000e+00
    outer loop
      vertex   -1.614288e+02 9.150000e+01 7.931926e+02
      vertex   -1.596500e+02 9.150000e+01 7.929000e+02
      vertex   -1.597125e+02 9.150000e+01 7.935340e+02
    endloop
  endfacet
  facet normal 0.000000e+00 -1.000000e+00 0.000000e+00
    outer loop
      vertex   -1.614288e+02 9.150000e+01 7.931926e+02
      vertex   -1.614000e+02 9.150000e+01 7.929000e+02
      vertex   -1.596500e+02 9.150000e+01 7.929000e+02
    endloop
  endfacet
  facet normal 0.000000e+00 -1.000000e+00 0.000000e+00
    outer loop
      vertex   -1.631926e+02 9.150000e+01 7.914288e+02
      vertex   -1.629000e+02 9.150000e+01 7.896500e+02
      vertex   -1.629000e+02 9.150000e+01 7.914000e+02
    endloop
  endfacet
  facet normal 0.000000e+00 -1.000000e+00 -0.000000e+00
    outer loop
      vertex   -1.631926e+02 9.150000e+01 7.914288e+02
      vertex   -1.635340e+02 9.150000e+01 7.897124e+02
      vertex   -1.629000e+02 9.150000e+01 7.896500e+02
    endloop
  endfacet
  facet normal 0.000000e+00 -1.000000e+00 0.000000e+00
    outer loop
      vertex   -1.615142e+02 9.150000e+01 7.934740e+02
      vertex   -1.614288e+02 9.150000e+01 7.931926e+02
      vertex   -1.597125e+02 9.150000e+01 7.935340e+02
    endloop
  endfacet
  facet normal 0.000000e+00 -1.000000e+00 0.000000e+00
    outer loop
      vertex   -1.615142e+02 9.150000e+01 7.934740e+02
      vertex   -1.597125e+02 9.150000e+01 7.935340e+02
      vertex   -1.598974e+02 9.150000e+01 7.941437e+02
    endloop
  endfacet
  facet normal 0.000000e+00 -1.000000e+00 -0.000000e+00
    outer loop
      vertex   -1.634740e+02 9.150000e+01 7.915142e+02
      vertex   -1.635340e+02 9.150000e+01 7.897124e+02
      vertex   -1.631926e+02 9.150000e+01 7.914288e+02
    endloop
  endfacet
  facet normal 0.000000e+00 -1.000000e+00 0.000000e+00
    outer loop
      vertex   -1.634740e+02 9.150000e+01 7.915142e+02
      vertex   -1.641437e+02 9.150000e+01 7.898974e+02
      vertex   -1.635340e+02 9.150000e+01 7.897124e+02
    endloop
  endfacet
  facet normal 0.000000e+00 -1.000000e+00 0.000000e+00
    outer loop
      vertex   -1.634740e+02 9.150000e+01 7.915142e+02
      vertex   -1.647056e+02 9.150000e+01 7.901977e+02
      vertex   -1.641437e+02 9.150000e+01 7.898974e+02
    endloop
  endfacet
  facet normal 0.000000e+00 -1.000000e+00 0.000000e+00
    outer loop
      vertex   -1.616528e+02 9.150000e+01 7.937334e+02
      vertex   -1.598974e+02 9.150000e+01 7.941437e+02
      vertex   -1.601977e+02 9.150000e+01 7.947056e+02
    endloop
  endfacet
  facet normal 0.000000e+00 -1.000000e+00 0.000000e+00
    outer loop
      vertex   -1.616528e+02 9.150000e+01 7.937334e+02
      vertex   -1.615142e+02 9.150000e+01 7.934740e+02
      vertex   -1.598974e+02 9.150000e+01 7.941437e+02
    endloop
  endfacet
  facet normal 0.000000e+00 -1.000000e+00 -0.000000e+00
    outer loop
      vertex   -1.637334e+02 9.150000e+01 7.916528e+02
      vertex   -1.647056e+02 9.150000e+01 7.901977e+02
      vertex   -1.634740e+02 9.150000e+01 7.915142e+02
    endloop
  endfacet
  facet normal 0.000000e+00 -1.000000e+00 -0.000000e+00
    outer loop
      vertex   -1.606019e+02 9.150000e+01 7.951981e+02
      vertex   -1.616528e+02 9.150000e+01 7.937334e+02
      vertex   -1.601977e+02 9.150000e+01 7.947056e+02
    endloop
  endfacet
  facet normal 0.000000e+00 -1.000000e+00 0.000000e+00
    outer loop
      vertex   -1.606019e+02 9.150000e+01 7.951981e+02
      vertex   -1.618393e+02 9.150000e+01 7.939607e+02
      vertex   -1.616528e+02 9.150000e+01 7.937334e+02
    endloop
  endfacet
  facet normal 0.000000e+00 -1.000000e+00 -0.000000e+00
    outer loop
      vertex   -1.639607e+02 9.150000e+01 7.918393e+02
      vertex   -1.647056e+02 9.150000e+01 7.901977e+02
      vertex   -1.637334e+02 9.150000e+01 7.916528e+02
    endloop
  endfacet
  facet normal 0.000000e+00 -1.000000e+00 0.000000e+00
    outer loop
      vertex   -1.651981e+02 9.150000e+01 7.906019e+02
      vertex   -1.647056e+02 9.150000e+01 7.901977e+02
      vertex   -1.639607e+02 9.150000e+01 7.918393e+02
    endloop
  endfacet
  facet normal 0.000000e+00 -1.000000e+00 -0.000000e+00
    outer loop
      vertex   -1.610944e+02 9.150000e+01 7.956023e+02
      vertex   -1.618393e+02 9.150000e+01 7.939607e+02
      vertex   -1.606019e+02 9.150000e+01 7.951981e+02
    endloop
  endfacet
  facet normal 0.000000e+00 -1.000000e+00 0.000000e+00
    outer loop
      vertex   -1.610944e+02 9.150000e+01 7.956023e+02
      vertex   -1.623260e+02 9.150000e+01 7.942858e+02
      vertex   -1.620666e+02 9.150000e+01 7.941472e+02
    endloop
  endfacet
  facet normal 0.000000e+00 -1.000000e+00 0.000000e+00
    outer loop
      vertex   -1.610944e+02 9.150000e+01 7.956023e+02
      vertex   -1.620666e+02 9.150000e+01 7.941472e+02
      vertex   -1.618393e+02 9.150000e+01 7.939607e+02
    endloop
  endfacet
  facet normal 0.000000e+00 -1.000000e+00 0.000000e+00
    outer loop
      vertex   -1.656023e+02 9.150000e+01 7.910944e+02
      vertex   -1.651981e+02 9.150000e+01 7.906019e+02
      vertex   -1.639607e+02 9.150000e+01 7.918393e+02
    endloop
  endfacet
  facet normal 0.000000e+00 -1.000000e+00 0.000000e+00
    outer loop
      vertex   -1.656023e+02 9.150000e+01 7.910944e+02
      vertex   -1.639607e+02 9.150000e+01 7.918393e+02
      vertex   -1.641472e+02 9.150000e+01 7.920666e+02
    endloop
  endfacet
  facet normal 0.000000e+00 -1.000000e+00 0.000000e+00
    outer loop
      vertex   -1.656023e+02 9.150000e+01 7.910944e+02
      vertex   -1.641472e+02 9.150000e+01 7.920666e+02
      vertex   -1.642858e+02 9.150000e+01 7.923260e+02
    endloop
  endfacet
  facet normal 0.000000e+00 -1.000000e+00 -0.000000e+00
    outer loop
      vertex   -1.616563e+02 9.150000e+01 7.959026e+02
      vertex   -1.623260e+02 9.150000e+01 7.942858e+02
      vertex   -1.610944e+02 9.150000e+01 7.956023e+02
    endloop
  endfacet
  facet normal 0.000000e+00 -1.000000e+00 0.000000e+00
    outer loop
      vertex   -1.659026e+02 9.150000e+01 7.916563e+02
      vertex   -1.656023e+02 9.150000e+01 7.910944e+02
      vertex   -1.642858e+02 9.150000e+01 7.923260e+02
    endloop
  endfacet
  facet normal 0.000000e+00 -1.000000e+00 0.000000e+00
    outer loop
      vertex   -1.622660e+02 9.150000e+01 7.960876e+02
      vertex   -1.626074e+02 9.150000e+01 7.943712e+02
      vertex   -1.623260e+02 9.150000e+01 7.942858e+02
    endloop
  endfacet
  facet normal 0.000000e+00 -1.000000e+00 -0.000000e+00
    outer loop
      vertex   -1.622660e+02 9.150000e+01 7.960876e+02
      vertex   -1.623260e+02 9.150000e+01 7.942858e+02
      vertex   -1.616563e+02 9.150000e+01 7.959026e+02
    endloop
  endfacet
  facet normal 0.000000e+00 -1.000000e+00 0.000000e+00
    outer loop
      vertex   -1.660876e+02 9.150000e+01 7.922660e+02
      vertex   -1.659026e+02 9.150000e+01 7.916563e+02
      vertex   -1.642858e+02 9.150000e+01 7.923260e+02
    endloop
  endfacet
  facet normal 0.000000e+00 -1.000000e+00 0.000000e+00
    outer loop
      vertex   -1.660876e+02 9.150000e+01 7.922660e+02
      vertex   -1.642858e+02 9.150000e+01 7.923260e+02
      vertex   -1.643712e+02 9.150000e+01 7.926074e+02
    endloop
  endfacet
  facet normal 0.000000e+00 -1.000000e+00 0.000000e+00
    outer loop
      vertex   -1.661500e+02 9.150000e+01 7.929000e+02
      vertex   -1.643712e+02 9.150000e+01 7.926074e+02
      vertex   -1.644000e+02 9.150000e+01 7.929000e+02
    endloop
  endfacet
  facet normal 0.000000e+00 -1.000000e+00 0.000000e+00
    outer loop
      vertex   -1.661500e+02 9.150000e+01 7.929000e+02
      vertex   -1.660876e+02 9.150000e+01 7.922660e+02
      vertex   -1.643712e+02 9.150000e+01 7.926074e+02
    endloop
  endfacet
  facet normal 0.000000e+00 -1.000000e+00 0.000000e+00
    outer loop
      vertex   -1.629000e+02 9.150000e+01 7.961500e+02
      vertex   -1.629000e+02 9.150000e+01 7.944000e+02
      vertex   -1.626074e+02 9.150000e+01 7.943712e+02
    endloop
  endfacet
  facet normal 0.000000e+00 -1.000000e+00 0.000000e+00
    outer loop
      vertex   -1.629000e+02 9.150000e+01 7.961500e+02
      vertex   -1.626074e+02 9.150000e+01 7.943712e+02
      vertex   -1.622660e+02 9.150000e+01 7.960876e+02
    endloop
  endfacet
  facet normal 0.000000e+00 -1.000000e+00 0.000000e+00
    outer loop
      vertex   -1.660876e+02 9.150000e+01 7.935340e+02
      vertex   -1.644000e+02 9.150000e+01 7.929000e+02
      vertex   -1.643712e+02 9.150000e+01 7.931926e+02
    endloop
  endfacet
  facet normal 0.000000e+00 -1.000000e+00 0.000000e+00
    outer loop
      vertex   -1.660876e+02 9.150000e+01 7.935340e+02
      vertex   -1.643712e+02 9.150000e+01 7.931926e+02
      vertex   -1.642858e+02 9.150000e+01 7.934740e+02
    endloop
  endfacet
  facet normal 0.000000e+00 -1.000000e+00 -0.000000e+00
    outer loop
      vertex   -1.660876e+02 9.150000e+01 7.935340e+02
      vertex   -1.661500e+02 9.150000e+01 7.929000e+02
      vertex   -1.644000e+02 9.150000e+01 7.929000e+02
    endloop
  endfacet
  facet normal 0.000000e+00 -1.000000e+00 0.000000e+00
    outer loop
      vertex   -1.635340e+02 9.150000e+01 7.960876e+02
      vertex   -1.634740e+02 9.150000e+01 7.942858e+02
      vertex   -1.631926e+02 9.150000e+01 7.943712e+02
    endloop
  endfacet
  facet normal 0.000000e+00 -1.000000e+00 0.000000e+00
    outer loop
      vertex   -1.635340e+02 9.150000e+01 7.960876e+02
      vertex   -1.631926e+02 9.150000e+01 7.943712e+02
      vertex   -1.629000e+02 9.150000e+01 7.944000e+02
    endloop
  endfacet
  facet normal 0.000000e+00 -1.000000e+00 0.000000e+00
    outer loop
      vertex   -1.635340e+02 9.150000e+01 7.960876e+02
      vertex   -1.629000e+02 9.150000e+01 7.944000e+02
      vertex   -1.629000e+02 9.150000e+01 7.961500e+02
    endloop
  endfacet
  facet normal 0.000000e+00 -1.000000e+00 -0.000000e+00
    outer loop
      vertex   -1.659026e+02 9.150000e+01 7.941437e+02
      vertex   -1.660876e+02 9.150000e+01 7.935340e+02
      vertex   -1.642858e+02 9.150000e+01 7.934740e+02
    endloop
  endfacet
  facet normal 0.000000e+00 -1.000000e+00 0.000000e+00
    outer loop
      vertex   -1.641437e+02 9.150000e+01 7.959026e+02
      vertex   -1.637334e+02 9.150000e+01 7.941472e+02
      vertex   -1.634740e+02 9.150000e+01 7.942858e+02
    endloop
  endfacet
  facet normal 0.000000e+00 -1.000000e+00 0.000000e+00
    outer loop
      vertex   -1.641437e+02 9.150000e+01 7.959026e+02
      vertex   -1.634740e+02 9.150000e+01 7.942858e+02
      vertex   -1.635340e+02 9.150000e+01 7.960876e+02
    endloop
  endfacet
  facet normal 0.000000e+00 -1.000000e+00 0.000000e+00
    outer loop
      vertex   -1.656023e+02 9.150000e+01 7.947056e+02
      vertex   -1.642858e+02 9.150000e+01 7.934740e+02
      vertex   -1.641472e+02 9.150000e+01 7.937334e+02
    endloop
  endfacet
  facet normal 0.000000e+00 -1.000000e+00 -0.000000e+00
    outer loop
      vertex   -1.656023e+02 9.150000e+01 7.947056e+02
      vertex   -1.659026e+02 9.150000e+01 7.941437e+02
      vertex   -1.642858e+02 9.150000e+01 7.934740e+02
    endloop
  endfacet
  facet normal 0.000000e+00 -1.000000e+00 0.000000e+00
    outer loop
      vertex   -1.647056e+02 9.150000e+01 7.956023e+02
      vertex   -1.637334e+02 9.150000e+01 7.941472e+02
      vertex   -1.641437e+02 9.150000e+01 7.959026e+02
    endloop
  endfacet
  facet normal 0.000000e+00 -1.000000e+00 0.000000e+00
    outer loop
      vertex   -1.651981e+02 9.150000e+01 7.951981e+02
      vertex   -1.641472e+02 9.150000e+01 7.937334e+02
      vertex   -1.639607e+02 9.150000e+01 7.939607e+02
    endloop
  endfacet
  facet normal 0.000000e+00 -1.000000e+00 0.000000e+00
    outer loop
      vertex   -1.651981e+02 9.150000e+01 7.951981e+02
      vertex   -1.639607e+02 9.150000e+01 7.939607e+02
      vertex   -1.637334e+02 9.150000e+01 7.941472e+02
    endloop
  endfacet
  facet normal 0.000000e+00 -1.000000e+00 -0.000000e+00
    outer loop
      vertex   -1.651981e+02 9.150000e+01 7.951981e+02
      vertex   -1.656023e+02 9.150000e+01 7.947056e+02
      vertex   -1.641472e+02 9.150000e+01 7.937334e+02
    endloop
  endfacet
  facet normal 0.000000e+00 -1.000000e+00 0.000000e+00
    outer loop
      vertex   -1.651981e+02 9.150000e+01 7.951981e+02
      vertex   -1.637334e+02 9.150000e+01 7.941472e+02
      vertex   -1.647056e+02 9.150000e+01 7.956023e+02
    endloop
  endfacet
  facet normal 0.000000e+00 -1.000000e+00 0.000000e+00
    outer loop
      vertex   -1.356528e+02 9.150000e+01 7.920666e+02
      vertex   -1.346019e+02 9.150000e+01 7.906019e+02
      vertex   -1.341977e+02 9.150000e+01 7.910944e+02
    endloop
  endfacet
  facet normal 0.000000e+00 -1.000000e+00 -0.000000e+00
    outer loop
      vertex   -1.356528e+02 9.150000e+01 7.920666e+02
      vertex   -1.358393e+02 9.150000e+01 7.918393e+02
      vertex   -1.346019e+02 9.150000e+01 7.906019e+02
    endloop
  endfacet
  facet normal 0.000000e+00 -1.000000e+00 0.000000e+00
    outer loop
      vertex   -1.360666e+02 9.150000e+01 7.916528e+02
      vertex   -1.350944e+02 9.150000e+01 7.901977e+02
      vertex   -1.346019e+02 9.150000e+01 7.906019e+02
    endloop
  endfacet
  facet normal 0.000000e+00 -1.000000e+00 0.000000e+00
    outer loop
      vertex   -1.360666e+02 9.150000e+01 7.916528e+02
      vertex   -1.346019e+02 9.150000e+01 7.906019e+02
      vertex   -1.358393e+02 9.150000e+01 7.918393e+02
    endloop
  endfacet
  facet normal 0.000000e+00 -1.000000e+00 0.000000e+00
    outer loop
      vertex   -1.355142e+02 9.150000e+01 7.923260e+02
      vertex   -1.341977e+02 9.150000e+01 7.910944e+02
      vertex   -1.338974e+02 9.150000e+01 7.916563e+02
    endloop
  endfacet
  facet normal 0.000000e+00 -1.000000e+00 -0.000000e+00
    outer loop
      vertex   -1.355142e+02 9.150000e+01 7.923260e+02
      vertex   -1.356528e+02 9.150000e+01 7.920666e+02
      vertex   -1.341977e+02 9.150000e+01 7.910944e+02
    endloop
  endfacet
  facet normal 0.000000e+00 -1.000000e+00 0.000000e+00
    outer loop
      vertex   -1.363260e+02 9.150000e+01 7.915142e+02
      vertex   -1.356563e+02 9.150000e+01 7.898974e+02
      vertex   -1.350944e+02 9.150000e+01 7.901977e+02
    endloop
  endfacet
  facet normal 0.000000e+00 -1.000000e+00 0.000000e+00
    outer loop
      vertex   -1.363260e+02 9.150000e+01 7.915142e+02
      vertex   -1.350944e+02 9.150000e+01 7.901977e+02
      vertex   -1.360666e+02 9.150000e+01 7.916528e+02
    endloop
  endfacet
  facet normal 0.000000e+00 -1.000000e+00 0.000000e+00
    outer loop
      vertex   -1.354288e+02 9.150000e+01 7.926074e+02
      vertex   -1.338974e+02 9.150000e+01 7.916563e+02
      vertex   -1.337124e+02 9.150000e+01 7.922660e+02
    endloop
  endfacet
  facet normal 0.000000e+00 -1.000000e+00 -0.000000e+00
    outer loop
      vertex   -1.354288e+02 9.150000e+01 7.926074e+02
      vertex   -1.355142e+02 9.150000e+01 7.923260e+02
      vertex   -1.338974e+02 9.150000e+01 7.916563e+02
    endloop
  endfacet
  facet normal 0.000000e+00 -1.000000e+00 0.000000e+00
    outer loop
      vertex   -1.366074e+02 9.150000e+01 7.914288e+02
      vertex   -1.362660e+02 9.150000e+01 7.897124e+02
      vertex   -1.356563e+02 9.150000e+01 7.898974e+02
    endloop
  endfacet
  facet normal 0.000000e+00 -1.000000e+00 0.000000e+00
    outer loop
      vertex   -1.366074e+02 9.150000e+01 7.914288e+02
      vertex   -1.356563e+02 9.150000e+01 7.898974e+02
      vertex   -1.363260e+02 9.150000e+01 7.915142e+02
    endloop
  endfacet
  facet normal 0.000000e+00 -1.000000e+00 0.000000e+00
    outer loop
      vertex   -1.354000e+02 9.150000e+01 7.929000e+02
      vertex   -1.337124e+02 9.150000e+01 7.922660e+02
      vertex   -1.336500e+02 9.150000e+01 7.929000e+02
    endloop
  endfacet
  facet normal 0.000000e+00 -1.000000e+00 -0.000000e+00
    outer loop
      vertex   -1.354000e+02 9.150000e+01 7.929000e+02
      vertex   -1.354288e+02 9.150000e+01 7.926074e+02
      vertex   -1.337124e+02 9.150000e+01 7.922660e+02
    endloop
  endfacet
  facet normal 0.000000e+00 -1.000000e+00 0.000000e+00
    outer loop
      vertex   -1.369000e+02 9.150000e+01 7.914000e+02
      vertex   -1.369000e+02 9.150000e+01 7.896500e+02
      vertex   -1.362660e+02 9.150000e+01 7.897124e+02
    endloop
  endfacet
  facet normal 0.000000e+00 -1.000000e+00 0.000000e+00
    outer loop
      vertex   -1.369000e+02 9.150000e+01 7.914000e+02
      vertex   -1.362660e+02 9.150000e+01 7.897124e+02
      vertex   -1.366074e+02 9.150000e+01 7.914288e+02
    endloop
  endfacet
  facet normal 0.000000e+00 -1.000000e+00 0.000000e+00
    outer loop
      vertex   -1.354288e+02 9.150000e+01 7.931926e+02
      vertex   -1.336500e+02 9.150000e+01 7.929000e+02
      vertex   -1.337124e+02 9.150000e+01 7.935340e+02
    endloop
  endfacet
  facet normal 0.000000e+00 -1.000000e+00 0.000000e+00
    outer loop
      vertex   -1.354288e+02 9.150000e+01 7.931926e+02
      vertex   -1.354000e+02 9.150000e+01 7.929000e+02
      vertex   -1.336500e+02 9.150000e+01 7.929000e+02
    endloop
  endfacet
  facet normal 0.000000e+00 -1.000000e+00 0.000000e+00
    outer loop
      vertex   -1.371926e+02 9.150000e+01 7.914288e+02
      vertex   -1.369000e+02 9.150000e+01 7.896500e+02
      vertex   -1.369000e+02 9.150000e+01 7.914000e+02
    endloop
  endfacet
  facet normal 0.000000e+00 -1.000000e+00 -0.000000e+00
    outer loop
      vertex   -1.371926e+02 9.150000e+01 7.914288e+02
      vertex   -1.375340e+02 9.150000e+01 7.897124e+02
      vertex   -1.369000e+02 9.150000e+01 7.896500e+02
    endloop
  endfacet
  facet normal 0.000000e+00 -1.000000e+00 0.000000e+00
    outer loop
      vertex   -1.355142e+02 9.150000e+01 7.934740e+02
      vertex   -1.354288e+02 9.150000e+01 7.931926e+02
      vertex   -1.337124e+02 9.150000e+01 7.935340e+02
    endloop
  endfacet
  facet normal 0.000000e+00 -1.000000e+00 0.000000e+00
    outer loop
      vertex   -1.355142e+02 9.150000e+01 7.934740e+02
      vertex   -1.337124e+02 9.150000e+01 7.935340e+02
      vertex   -1.338974e+02 9.150000e+01 7.941437e+02
    endloop
  endfacet
  facet normal 0.000000e+00 -1.000000e+00 -0.000000e+00
    outer loop
      vertex   -1.374740e+02 9.150000e+01 7.915142e+02
      vertex   -1.375340e+02 9.150000e+01 7.897124e+02
      vertex   -1.371926e+02 9.150000e+01 7.914288e+02
    endloop
  endfacet
  facet normal 0.000000e+00 -1.000000e+00 0.000000e+00
    outer loop
      vertex   -1.374740e+02 9.150000e+01 7.915142e+02
      vertex   -1.381437e+02 9.150000e+01 7.898974e+02
      vertex   -1.375340e+02 9.150000e+01 7.897124e+02
    endloop
  endfacet
  facet normal 0.000000e+00 -1.000000e+00 0.000000e+00
    outer loop
      vertex   -1.374740e+02 9.150000e+01 7.915142e+02
      vertex   -1.387056e+02 9.150000e+01 7.901977e+02
      vertex   -1.381437e+02 9.150000e+01 7.898974e+02
    endloop
  endfacet
  facet normal 0.000000e+00 -1.000000e+00 0.000000e+00
    outer loop
      vertex   -1.356528e+02 9.150000e+01 7.937334e+02
      vertex   -1.338974e+02 9.150000e+01 7.941437e+02
      vertex   -1.341977e+02 9.150000e+01 7.947056e+02
    endloop
  endfacet
  facet normal 0.000000e+00 -1.000000e+00 0.000000e+00
    outer loop
      vertex   -1.356528e+02 9.150000e+01 7.937334e+02
      vertex   -1.355142e+02 9.150000e+01 7.934740e+02
      vertex   -1.338974e+02 9.150000e+01 7.941437e+02
    endloop
  endfacet
  facet normal 0.000000e+00 -1.000000e+00 -0.000000e+00
    outer loop
      vertex   -1.377334e+02 9.150000e+01 7.916528e+02
      vertex   -1.387056e+02 9.150000e+01 7.901977e+02
      vertex   -1.374740e+02 9.150000e+01 7.915142e+02
    endloop
  endfacet
  facet normal 0.000000e+00 -1.000000e+00 -0.000000e+00
    outer loop
      vertex   -1.346019e+02 9.150000e+01 7.951981e+02
      vertex   -1.356528e+02 9.150000e+01 7.937334e+02
      vertex   -1.341977e+02 9.150000e+01 7.947056e+02
    endloop
  endfacet
  facet normal 0.000000e+00 -1.000000e+00 0.000000e+00
    outer loop
      vertex   -1.346019e+02 9.150000e+01 7.951981e+02
      vertex   -1.358393e+02 9.150000e+01 7.939607e+02
      vertex   -1.356528e+02 9.150000e+01 7.937334e+02
    endloop
  endfacet
  facet normal 0.000000e+00 -1.000000e+00 -0.000000e+00
    outer loop
      vertex   -1.379607e+02 9.150000e+01 7.918393e+02
      vertex   -1.387056e+02 9.150000e+01 7.901977e+02
      vertex   -1.377334e+02 9.150000e+01 7.916528e+02
    endloop
  endfacet
  facet normal 0.000000e+00 -1.000000e+00 0.000000e+00
    outer loop
      vertex   -1.391981e+02 9.150000e+01 7.906019e+02
      vertex   -1.387056e+02 9.150000e+01 7.901977e+02
      vertex   -1.379607e+02 9.150000e+01 7.918393e+02
    endloop
  endfacet
  facet normal 0.000000e+00 -1.000000e+00 -0.000000e+00
    outer loop
      vertex   -1.350944e+02 9.150000e+01 7.956023e+02
      vertex   -1.358393e+02 9.150000e+01 7.939607e+02
      vertex   -1.346019e+02 9.150000e+01 7.951981e+02
    endloop
  endfacet
  facet normal 0.000000e+00 -1.000000e+00 0.000000e+00
    outer loop
      vertex   -1.350944e+02 9.150000e+01 7.956023e+02
      vertex   -1.363260e+02 9.150000e+01 7.942858e+02
      vertex   -1.360666e+02 9.150000e+01 7.941472e+02
    endloop
  endfacet
  facet normal 0.000000e+00 -1.000000e+00 0.000000e+00
    outer loop
      vertex   -1.350944e+02 9.150000e+01 7.956023e+02
      vertex   -1.360666e+02 9.150000e+01 7.941472e+02
      vertex   -1.358393e+02 9.150000e+01 7.939607e+02
    endloop
  endfacet
  facet normal 0.000000e+00 -1.000000e+00 0.000000e+00
    outer loop
      vertex   -1.396023e+02 9.150000e+01 7.910944e+02
      vertex   -1.391981e+02 9.150000e+01 7.906019e+02
      vertex   -1.379607e+02 9.150000e+01 7.918393e+02
    endloop
  endfacet
  facet normal 0.000000e+00 -1.000000e+00 0.000000e+00
    outer loop
      vertex   -1.396023e+02 9.150000e+01 7.910944e+02
      vertex   -1.379607e+02 9.150000e+01 7.918393e+02
      vertex   -1.381472e+02 9.150000e+01 7.920666e+02
    endloop
  endfacet
  facet normal 0.000000e+00 -1.000000e+00 0.000000e+00
    outer loop
      vertex   -1.396023e+02 9.150000e+01 7.910944e+02
      vertex   -1.381472e+02 9.150000e+01 7.920666e+02
      vertex   -1.382858e+02 9.150000e+01 7.923260e+02
    endloop
  endfacet
  facet normal 0.000000e+00 -1.000000e+00 -0.000000e+00
    outer loop
      vertex   -1.356563e+02 9.150000e+01 7.959026e+02
      vertex   -1.363260e+02 9.150000e+01 7.942858e+02
      vertex   -1.350944e+02 9.150000e+01 7.956023e+02
    endloop
  endfacet
  facet normal 0.000000e+00 -1.000000e+00 0.000000e+00
    outer loop
      vertex   -1.399026e+02 9.150000e+01 7.916563e+02
      vertex   -1.396023e+02 9.150000e+01 7.910944e+02
      vertex   -1.382858e+02 9.150000e+01 7.923260e+02
    endloop
  endfacet
  facet normal 0.000000e+00 -1.000000e+00 0.000000e+00
    outer loop
      vertex   -1.362660e+02 9.150000e+01 7.960876e+02
      vertex   -1.366074e+02 9.150000e+01 7.943712e+02
      vertex   -1.363260e+02 9.150000e+01 7.942858e+02
    endloop
  endfacet
  facet normal 0.000000e+00 -1.000000e+00 -0.000000e+00
    outer loop
      vertex   -1.362660e+02 9.150000e+01 7.960876e+02
      vertex   -1.363260e+02 9.150000e+01 7.942858e+02
      vertex   -1.356563e+02 9.150000e+01 7.959026e+02
    endloop
  endfacet
  facet normal 0.000000e+00 -1.000000e+00 0.000000e+00
    outer loop
      vertex   -1.400875e+02 9.150000e+01 7.922660e+02
      vertex   -1.399026e+02 9.150000e+01 7.916563e+02
      vertex   -1.382858e+02 9.150000e+01 7.923260e+02
    endloop
  endfacet
  facet normal 0.000000e+00 -1.000000e+00 0.000000e+00
    outer loop
      vertex   -1.400875e+02 9.150000e+01 7.922660e+02
      vertex   -1.382858e+02 9.150000e+01 7.923260e+02
      vertex   -1.383712e+02 9.150000e+01 7.926074e+02
    endloop
  endfacet
  facet normal 0.000000e+00 -1.000000e+00 0.000000e+00
    outer loop
      vertex   -1.401500e+02 9.150000e+01 7.929000e+02
      vertex   -1.383712e+02 9.150000e+01 7.926074e+02
      vertex   -1.384000e+02 9.150000e+01 7.929000e+02
    endloop
  endfacet
  facet normal 0.000000e+00 -1.000000e+00 0.000000e+00
    outer loop
      vertex   -1.401500e+02 9.150000e+01 7.929000e+02
      vertex   -1.400875e+02 9.150000e+01 7.922660e+02
      vertex   -1.383712e+02 9.150000e+01 7.926074e+02
    endloop
  endfacet
  facet normal 0.000000e+00 -1.000000e+00 0.000000e+00
    outer loop
      vertex   -1.369000e+02 9.150000e+01 7.961500e+02
      vertex   -1.369000e+02 9.150000e+01 7.944000e+02
      vertex   -1.366074e+02 9.150000e+01 7.943712e+02
    endloop
  endfacet
  facet normal 0.000000e+00 -1.000000e+00 0.000000e+00
    outer loop
      vertex   -1.369000e+02 9.150000e+01 7.961500e+02
      vertex   -1.366074e+02 9.150000e+01 7.943712e+02
      vertex   -1.362660e+02 9.150000e+01 7.960876e+02
    endloop
  endfacet
  facet normal 0.000000e+00 -1.000000e+00 0.000000e+00
    outer loop
      vertex   -1.400875e+02 9.150000e+01 7.935340e+02
      vertex   -1.384000e+02 9.150000e+01 7.929000e+02
      vertex   -1.383712e+02 9.150000e+01 7.931926e+02
    endloop
  endfacet
  facet normal 0.000000e+00 -1.000000e+00 0.000000e+00
    outer loop
      vertex   -1.400875e+02 9.150000e+01 7.935340e+02
      vertex   -1.383712e+02 9.150000e+01 7.931926e+02
      vertex   -1.382858e+02 9.150000e+01 7.934740e+02
    endloop
  endfacet
  facet normal 0.000000e+00 -1.000000e+00 -0.000000e+00
    outer loop
      vertex   -1.400875e+02 9.150000e+01 7.935340e+02
      vertex   -1.401500e+02 9.150000e+01 7.929000e+02
      vertex   -1.384000e+02 9.150000e+01 7.929000e+02
    endloop
  endfacet
  facet normal 0.000000e+00 -1.000000e+00 0.000000e+00
    outer loop
      vertex   -1.375340e+02 9.150000e+01 7.960876e+02
      vertex   -1.374740e+02 9.150000e+01 7.942858e+02
      vertex   -1.371926e+02 9.150000e+01 7.943712e+02
    endloop
  endfacet
  facet normal 0.000000e+00 -1.000000e+00 0.000000e+00
    outer loop
      vertex   -1.375340e+02 9.150000e+01 7.960876e+02
      vertex   -1.371926e+02 9.150000e+01 7.943712e+02
      vertex   -1.369000e+02 9.150000e+01 7.944000e+02
    endloop
  endfacet
  facet normal 0.000000e+00 -1.000000e+00 0.000000e+00
    outer loop
      vertex   -1.375340e+02 9.150000e+01 7.960876e+02
      vertex   -1.369000e+02 9.150000e+01 7.944000e+02
      vertex   -1.369000e+02 9.150000e+01 7.961500e+02
    endloop
  endfacet
  facet normal 0.000000e+00 -1.000000e+00 -0.000000e+00
    outer loop
      vertex   -1.399026e+02 9.150000e+01 7.941437e+02
      vertex   -1.400875e+02 9.150000e+01 7.935340e+02
      vertex   -1.382858e+02 9.150000e+01 7.934740e+02
    endloop
  endfacet
  facet normal 0.000000e+00 -1.000000e+00 0.000000e+00
    outer loop
      vertex   -1.381437e+02 9.150000e+01 7.959026e+02
      vertex   -1.377334e+02 9.150000e+01 7.941472e+02
      vertex   -1.374740e+02 9.150000e+01 7.942858e+02
    endloop
  endfacet
  facet normal 0.000000e+00 -1.000000e+00 0.000000e+00
    outer loop
      vertex   -1.381437e+02 9.150000e+01 7.959026e+02
      vertex   -1.374740e+02 9.150000e+01 7.942858e+02
      vertex   -1.375340e+02 9.150000e+01 7.960876e+02
    endloop
  endfacet
  facet normal 0.000000e+00 -1.000000e+00 0.000000e+00
    outer loop
      vertex   -1.396023e+02 9.150000e+01 7.947056e+02
      vertex   -1.382858e+02 9.150000e+01 7.934740e+02
      vertex   -1.381472e+02 9.150000e+01 7.937334e+02
    endloop
  endfacet
  facet normal 0.000000e+00 -1.000000e+00 -0.000000e+00
    outer loop
      vertex   -1.396023e+02 9.150000e+01 7.947056e+02
      vertex   -1.399026e+02 9.150000e+01 7.941437e+02
      vertex   -1.382858e+02 9.150000e+01 7.934740e+02
    endloop
  endfacet
  facet normal 0.000000e+00 -1.000000e+00 0.000000e+00
    outer loop
      vertex   -1.387056e+02 9.150000e+01 7.956023e+02
      vertex   -1.377334e+02 9.150000e+01 7.941472e+02
      vertex   -1.381437e+02 9.150000e+01 7.959026e+02
    endloop
  endfacet
  facet normal 0.000000e+00 -1.000000e+00 0.000000e+00
    outer loop
      vertex   -1.391981e+02 9.150000e+01 7.951981e+02
      vertex   -1.381472e+02 9.150000e+01 7.937334e+02
      vertex   -1.379607e+02 9.150000e+01 7.939607e+02
    endloop
  endfacet
  facet normal 0.000000e+00 -1.000000e+00 0.000000e+00
    outer loop
      vertex   -1.391981e+02 9.150000e+01 7.951981e+02
      vertex   -1.379607e+02 9.150000e+01 7.939607e+02
      vertex   -1.377334e+02 9.150000e+01 7.941472e+02
    endloop
  endfacet
  facet normal 0.000000e+00 -1.000000e+00 -0.000000e+00
    outer loop
      vertex   -1.391981e+02 9.150000e+01 7.951981e+02
      vertex   -1.396023e+02 9.150000e+01 7.947056e+02
      vertex   -1.381472e+02 9.150000e+01 7.937334e+02
    endloop
  endfacet
  facet normal 0.000000e+00 -1.000000e+00 0.000000e+00
    outer loop
      vertex   -1.391981e+02 9.150000e+01 7.951981e+02
      vertex   -1.377334e+02 9.150000e+01 7.941472e+02
      vertex   -1.387056e+02 9.150000e+01 7.956023e+02
    endloop
  endfacet
  facet normal 0.000000e+00 -1.000000e+00 0.000000e+00
    outer loop
      vertex   -1.616528e+02 9.150000e+01 8.600666e+02
      vertex   -1.606019e+02 9.150000e+01 8.586019e+02
      vertex   -1.601977e+02 9.150000e+01 8.590944e+02
    endloop
  endfacet
  facet normal 0.000000e+00 -1.000000e+00 -0.000000e+00
    outer loop
      vertex   -1.616528e+02 9.150000e+01 8.600666e+02
      vertex   -1.618393e+02 9.150000e+01 8.598393e+02
      vertex   -1.606019e+02 9.150000e+01 8.586019e+02
    endloop
  endfacet
  facet normal 0.000000e+00 -1.000000e+00 0.000000e+00
    outer loop
      vertex   -1.620666e+02 9.150000e+01 8.596528e+02
      vertex   -1.610944e+02 9.150000e+01 8.581977e+02
      vertex   -1.606019e+02 9.150000e+01 8.586019e+02
    endloop
  endfacet
  facet normal 0.000000e+00 -1.000000e+00 0.000000e+00
    outer loop
      vertex   -1.620666e+02 9.150000e+01 8.596528e+02
      vertex   -1.606019e+02 9.150000e+01 8.586019e+02
      vertex   -1.618393e+02 9.150000e+01 8.598393e+02
    endloop
  endfacet
  facet normal 0.000000e+00 -1.000000e+00 0.000000e+00
    outer loop
      vertex   -1.615142e+02 9.150000e+01 8.603260e+02
      vertex   -1.601977e+02 9.150000e+01 8.590944e+02
      vertex   -1.598974e+02 9.150000e+01 8.596563e+02
    endloop
  endfacet
  facet normal 0.000000e+00 -1.000000e+00 -0.000000e+00
    outer loop
      vertex   -1.615142e+02 9.150000e+01 8.603260e+02
      vertex   -1.616528e+02 9.150000e+01 8.600666e+02
      vertex   -1.601977e+02 9.150000e+01 8.590944e+02
    endloop
  endfacet
  facet normal 0.000000e+00 -1.000000e+00 0.000000e+00
    outer loop
      vertex   -1.623260e+02 9.150000e+01 8.595142e+02
      vertex   -1.616563e+02 9.150000e+01 8.578974e+02
      vertex   -1.610944e+02 9.150000e+01 8.581977e+02
    endloop
  endfacet
  facet normal 0.000000e+00 -1.000000e+00 0.000000e+00
    outer loop
      vertex   -1.623260e+02 9.150000e+01 8.595142e+02
      vertex   -1.610944e+02 9.150000e+01 8.581977e+02
      vertex   -1.620666e+02 9.150000e+01 8.596528e+02
    endloop
  endfacet
  facet normal 0.000000e+00 -1.000000e+00 0.000000e+00
    outer loop
      vertex   -1.614288e+02 9.150000e+01 8.606074e+02
      vertex   -1.598974e+02 9.150000e+01 8.596563e+02
      vertex   -1.597125e+02 9.150000e+01 8.602660e+02
    endloop
  endfacet
  facet normal 0.000000e+00 -1.000000e+00 -0.000000e+00
    outer loop
      vertex   -1.614288e+02 9.150000e+01 8.606074e+02
      vertex   -1.615142e+02 9.150000e+01 8.603260e+02
      vertex   -1.598974e+02 9.150000e+01 8.596563e+02
    endloop
  endfacet
  facet normal 0.000000e+00 -1.000000e+00 0.000000e+00
    outer loop
      vertex   -1.626074e+02 9.150000e+01 8.594288e+02
      vertex   -1.622660e+02 9.150000e+01 8.577124e+02
      vertex   -1.616563e+02 9.150000e+01 8.578974e+02
    endloop
  endfacet
  facet normal 0.000000e+00 -1.000000e+00 0.000000e+00
    outer loop
      vertex   -1.626074e+02 9.150000e+01 8.594288e+02
      vertex   -1.616563e+02 9.150000e+01 8.578974e+02
      vertex   -1.623260e+02 9.150000e+01 8.595142e+02
    endloop
  endfacet
  facet normal 0.000000e+00 -1.000000e+00 0.000000e+00
    outer loop
      vertex   -1.614000e+02 9.150000e+01 8.609000e+02
      vertex   -1.597125e+02 9.150000e+01 8.602660e+02
      vertex   -1.596500e+02 9.150000e+01 8.609000e+02
    endloop
  endfacet
  facet normal 0.000000e+00 -1.000000e+00 -0.000000e+00
    outer loop
      vertex   -1.614000e+02 9.150000e+01 8.609000e+02
      vertex   -1.614288e+02 9.150000e+01 8.606074e+02
      vertex   -1.597125e+02 9.150000e+01 8.602660e+02
    endloop
  endfacet
  facet normal 0.000000e+00 -1.000000e+00 0.000000e+00
    outer loop
      vertex   -1.629000e+02 9.150000e+01 8.594000e+02
      vertex   -1.629000e+02 9.150000e+01 8.576500e+02
      vertex   -1.622660e+02 9.150000e+01 8.577124e+02
    endloop
  endfacet
  facet normal 0.000000e+00 -1.000000e+00 0.000000e+00
    outer loop
      vertex   -1.629000e+02 9.150000e+01 8.594000e+02
      vertex   -1.622660e+02 9.150000e+01 8.577124e+02
      vertex   -1.626074e+02 9.150000e+01 8.594288e+02
    endloop
  endfacet
  facet normal 0.000000e+00 -1.000000e+00 0.000000e+00
    outer loop
      vertex   -1.614288e+02 9.150000e+01 8.611926e+02
      vertex   -1.596500e+02 9.150000e+01 8.609000e+02
      vertex   -1.597125e+02 9.150000e+01 8.615340e+02
    endloop
  endfacet
  facet normal 0.000000e+00 -1.000000e+00 0.000000e+00
    outer loop
      vertex   -1.614288e+02 9.150000e+01 8.611926e+02
      vertex   -1.614000e+02 9.150000e+01 8.609000e+02
      vertex   -1.596500e+02 9.150000e+01 8.609000e+02
    endloop
  endfacet
  facet normal 0.000000e+00 -1.000000e+00 0.000000e+00
    outer loop
      vertex   -1.631926e+02 9.150000e+01 8.594288e+02
      vertex   -1.629000e+02 9.150000e+01 8.576500e+02
      vertex   -1.629000e+02 9.150000e+01 8.594000e+02
    endloop
  endfacet
  facet normal 0.000000e+00 -1.000000e+00 -0.000000e+00
    outer loop
      vertex   -1.631926e+02 9.150000e+01 8.594288e+02
      vertex   -1.635340e+02 9.150000e+01 8.577124e+02
      vertex   -1.629000e+02 9.150000e+01 8.576500e+02
    endloop
  endfacet
  facet normal 0.000000e+00 -1.000000e+00 0.000000e+00
    outer loop
      vertex   -1.615142e+02 9.150000e+01 8.614740e+02
      vertex   -1.614288e+02 9.150000e+01 8.611926e+02
      vertex   -1.597125e+02 9.150000e+01 8.615340e+02
    endloop
  endfacet
  facet normal 0.000000e+00 -1.000000e+00 0.000000e+00
    outer loop
      vertex   -1.615142e+02 9.150000e+01 8.614740e+02
      vertex   -1.597125e+02 9.150000e+01 8.615340e+02
      vertex   -1.598974e+02 9.150000e+01 8.621437e+02
    endloop
  endfacet
  facet normal 0.000000e+00 -1.000000e+00 -0.000000e+00
    outer loop
      vertex   -1.634740e+02 9.150000e+01 8.595142e+02
      vertex   -1.635340e+02 9.150000e+01 8.577124e+02
      vertex   -1.631926e+02 9.150000e+01 8.594288e+02
    endloop
  endfacet
  facet normal 0.000000e+00 -1.000000e+00 0.000000e+00
    outer loop
      vertex   -1.634740e+02 9.150000e+01 8.595142e+02
      vertex   -1.641437e+02 9.150000e+01 8.578974e+02
      vertex   -1.635340e+02 9.150000e+01 8.577124e+02
    endloop
  endfacet
  facet normal 0.000000e+00 -1.000000e+00 0.000000e+00
    outer loop
      vertex   -1.634740e+02 9.150000e+01 8.595142e+02
      vertex   -1.647056e+02 9.150000e+01 8.581977e+02
      vertex   -1.641437e+02 9.150000e+01 8.578974e+02
    endloop
  endfacet
  facet normal 0.000000e+00 -1.000000e+00 0.000000e+00
    outer loop
      vertex   -1.616528e+02 9.150000e+01 8.617334e+02
      vertex   -1.598974e+02 9.150000e+01 8.621437e+02
      vertex   -1.601977e+02 9.150000e+01 8.627056e+02
    endloop
  endfacet
  facet normal 0.000000e+00 -1.000000e+00 0.000000e+00
    outer loop
      vertex   -1.616528e+02 9.150000e+01 8.617334e+02
      vertex   -1.615142e+02 9.150000e+01 8.614740e+02
      vertex   -1.598974e+02 9.150000e+01 8.621437e+02
    endloop
  endfacet
  facet normal 0.000000e+00 -1.000000e+00 -0.000000e+00
    outer loop
      vertex   -1.637334e+02 9.150000e+01 8.596528e+02
      vertex   -1.647056e+02 9.150000e+01 8.581977e+02
      vertex   -1.634740e+02 9.150000e+01 8.595142e+02
    endloop
  endfacet
  facet normal 0.000000e+00 -1.000000e+00 -0.000000e+00
    outer loop
      vertex   -1.606019e+02 9.150000e+01 8.631981e+02
      vertex   -1.616528e+02 9.150000e+01 8.617334e+02
      vertex   -1.601977e+02 9.150000e+01 8.627056e+02
    endloop
  endfacet
  facet normal 0.000000e+00 -1.000000e+00 0.000000e+00
    outer loop
      vertex   -1.606019e+02 9.150000e+01 8.631981e+02
      vertex   -1.618393e+02 9.150000e+01 8.619607e+02
      vertex   -1.616528e+02 9.150000e+01 8.617334e+02
    endloop
  endfacet
  facet normal 0.000000e+00 -1.000000e+00 -0.000000e+00
    outer loop
      vertex   -1.639607e+02 9.150000e+01 8.598393e+02
      vertex   -1.647056e+02 9.150000e+01 8.581977e+02
      vertex   -1.637334e+02 9.150000e+01 8.596528e+02
    endloop
  endfacet
  facet normal 0.000000e+00 -1.000000e+00 0.000000e+00
    outer loop
      vertex   -1.651981e+02 9.150000e+01 8.586019e+02
      vertex   -1.647056e+02 9.150000e+01 8.581977e+02
      vertex   -1.639607e+02 9.150000e+01 8.598393e+02
    endloop
  endfacet
  facet normal 0.000000e+00 -1.000000e+00 -0.000000e+00
    outer loop
      vertex   -1.610944e+02 9.150000e+01 8.636023e+02
      vertex   -1.618393e+02 9.150000e+01 8.619607e+02
      vertex   -1.606019e+02 9.150000e+01 8.631981e+02
    endloop
  endfacet
  facet normal 0.000000e+00 -1.000000e+00 0.000000e+00
    outer loop
      vertex   -1.610944e+02 9.150000e+01 8.636023e+02
      vertex   -1.623260e+02 9.150000e+01 8.622858e+02
      vertex   -1.620666e+02 9.150000e+01 8.621472e+02
    endloop
  endfacet
  facet normal 0.000000e+00 -1.000000e+00 0.000000e+00
    outer loop
      vertex   -1.610944e+02 9.150000e+01 8.636023e+02
      vertex   -1.620666e+02 9.150000e+01 8.621472e+02
      vertex   -1.618393e+02 9.150000e+01 8.619607e+02
    endloop
  endfacet
  facet normal 0.000000e+00 -1.000000e+00 0.000000e+00
    outer loop
      vertex   -1.656023e+02 9.150000e+01 8.590944e+02
      vertex   -1.651981e+02 9.150000e+01 8.586019e+02
      vertex   -1.639607e+02 9.150000e+01 8.598393e+02
    endloop
  endfacet
  facet normal 0.000000e+00 -1.000000e+00 0.000000e+00
    outer loop
      vertex   -1.656023e+02 9.150000e+01 8.590944e+02
      vertex   -1.639607e+02 9.150000e+01 8.598393e+02
      vertex   -1.641472e+02 9.150000e+01 8.600666e+02
    endloop
  endfacet
  facet normal 0.000000e+00 -1.000000e+00 0.000000e+00
    outer loop
      vertex   -1.656023e+02 9.150000e+01 8.590944e+02
      vertex   -1.641472e+02 9.150000e+01 8.600666e+02
      vertex   -1.642858e+02 9.150000e+01 8.603260e+02
    endloop
  endfacet
  facet normal 0.000000e+00 -1.000000e+00 -0.000000e+00
    outer loop
      vertex   -1.616563e+02 9.150000e+01 8.639026e+02
      vertex   -1.623260e+02 9.150000e+01 8.622858e+02
      vertex   -1.610944e+02 9.150000e+01 8.636023e+02
    endloop
  endfacet
  facet normal 0.000000e+00 -1.000000e+00 0.000000e+00
    outer loop
      vertex   -1.659026e+02 9.150000e+01 8.596563e+02
      vertex   -1.656023e+02 9.150000e+01 8.590944e+02
      vertex   -1.642858e+02 9.150000e+01 8.603260e+02
    endloop
  endfacet
  facet normal 0.000000e+00 -1.000000e+00 0.000000e+00
    outer loop
      vertex   -1.622660e+02 9.150000e+01 8.640875e+02
      vertex   -1.626074e+02 9.150000e+01 8.623712e+02
      vertex   -1.623260e+02 9.150000e+01 8.622858e+02
    endloop
  endfacet
  facet normal 0.000000e+00 -1.000000e+00 -0.000000e+00
    outer loop
      vertex   -1.622660e+02 9.150000e+01 8.640875e+02
      vertex   -1.623260e+02 9.150000e+01 8.622858e+02
      vertex   -1.616563e+02 9.150000e+01 8.639026e+02
    endloop
  endfacet
  facet normal 0.000000e+00 -1.000000e+00 0.000000e+00
    outer loop
      vertex   -1.660876e+02 9.150000e+01 8.602660e+02
      vertex   -1.659026e+02 9.150000e+01 8.596563e+02
      vertex   -1.642858e+02 9.150000e+01 8.603260e+02
    endloop
  endfacet
  facet normal 0.000000e+00 -1.000000e+00 0.000000e+00
    outer loop
      vertex   -1.660876e+02 9.150000e+01 8.602660e+02
      vertex   -1.642858e+02 9.150000e+01 8.603260e+02
      vertex   -1.643712e+02 9.150000e+01 8.606074e+02
    endloop
  endfacet
  facet normal 0.000000e+00 -1.000000e+00 0.000000e+00
    outer loop
      vertex   -1.661500e+02 9.150000e+01 8.609000e+02
      vertex   -1.643712e+02 9.150000e+01 8.606074e+02
      vertex   -1.644000e+02 9.150000e+01 8.609000e+02
    endloop
  endfacet
  facet normal 0.000000e+00 -1.000000e+00 0.000000e+00
    outer loop
      vertex   -1.661500e+02 9.150000e+01 8.609000e+02
      vertex   -1.660876e+02 9.150000e+01 8.602660e+02
      vertex   -1.643712e+02 9.150000e+01 8.606074e+02
    endloop
  endfacet
  facet normal 0.000000e+00 -1.000000e+00 0.000000e+00
    outer loop
      vertex   -1.629000e+02 9.150000e+01 8.641500e+02
      vertex   -1.629000e+02 9.150000e+01 8.624000e+02
      vertex   -1.626074e+02 9.150000e+01 8.623712e+02
    endloop
  endfacet
  facet normal 0.000000e+00 -1.000000e+00 0.000000e+00
    outer loop
      vertex   -1.629000e+02 9.150000e+01 8.641500e+02
      vertex   -1.626074e+02 9.150000e+01 8.623712e+02
      vertex   -1.622660e+02 9.150000e+01 8.640875e+02
    endloop
  endfacet
  facet normal 0.000000e+00 -1.000000e+00 0.000000e+00
    outer loop
      vertex   -1.660876e+02 9.150000e+01 8.615340e+02
      vertex   -1.644000e+02 9.150000e+01 8.609000e+02
      vertex   -1.643712e+02 9.150000e+01 8.611926e+02
    endloop
  endfacet
  facet normal 0.000000e+00 -1.000000e+00 0.000000e+00
    outer loop
      vertex   -1.660876e+02 9.150000e+01 8.615340e+02
      vertex   -1.643712e+02 9.150000e+01 8.611926e+02
      vertex   -1.642858e+02 9.150000e+01 8.614740e+02
    endloop
  endfacet
  facet normal 0.000000e+00 -1.000000e+00 -0.000000e+00
    outer loop
      vertex   -1.660876e+02 9.150000e+01 8.615340e+02
      vertex   -1.661500e+02 9.150000e+01 8.609000e+02
      vertex   -1.644000e+02 9.150000e+01 8.609000e+02
    endloop
  endfacet
  facet normal 0.000000e+00 -1.000000e+00 0.000000e+00
    outer loop
      vertex   -1.635340e+02 9.150000e+01 8.640875e+02
      vertex   -1.634740e+02 9.150000e+01 8.622858e+02
      vertex   -1.631926e+02 9.150000e+01 8.623712e+02
    endloop
  endfacet
  facet normal 0.000000e+00 -1.000000e+00 0.000000e+00
    outer loop
      vertex   -1.635340e+02 9.150000e+01 8.640875e+02
      vertex   -1.631926e+02 9.150000e+01 8.623712e+02
      vertex   -1.629000e+02 9.150000e+01 8.624000e+02
    endloop
  endfacet
  facet normal 0.000000e+00 -1.000000e+00 0.000000e+00
    outer loop
      vertex   -1.635340e+02 9.150000e+01 8.640875e+02
      vertex   -1.629000e+02 9.150000e+01 8.624000e+02
      vertex   -1.629000e+02 9.150000e+01 8.641500e+02
    endloop
  endfacet
  facet normal 0.000000e+00 -1.000000e+00 -0.000000e+00
    outer loop
      vertex   -1.659026e+02 9.150000e+01 8.621437e+02
      vertex   -1.660876e+02 9.150000e+01 8.615340e+02
      vertex   -1.642858e+02 9.150000e+01 8.614740e+02
    endloop
  endfacet
  facet normal 0.000000e+00 -1.000000e+00 0.000000e+00
    outer loop
      vertex   -1.641437e+02 9.150000e+01 8.639026e+02
      vertex   -1.637334e+02 9.150000e+01 8.621472e+02
      vertex   -1.634740e+02 9.150000e+01 8.622858e+02
    endloop
  endfacet
  facet normal 0.000000e+00 -1.000000e+00 0.000000e+00
    outer loop
      vertex   -1.641437e+02 9.150000e+01 8.639026e+02
      vertex   -1.634740e+02 9.150000e+01 8.622858e+02
      vertex   -1.635340e+02 9.150000e+01 8.640875e+02
    endloop
  endfacet
  facet normal 0.000000e+00 -1.000000e+00 0.000000e+00
    outer loop
      vertex   -1.656023e+02 9.150000e+01 8.627056e+02
      vertex   -1.642858e+02 9.150000e+01 8.614740e+02
      vertex   -1.641472e+02 9.150000e+01 8.617334e+02
    endloop
  endfacet
  facet normal 0.000000e+00 -1.000000e+00 -0.000000e+00
    outer loop
      vertex   -1.656023e+02 9.150000e+01 8.627056e+02
      vertex   -1.659026e+02 9.150000e+01 8.621437e+02
      vertex   -1.642858e+02 9.150000e+01 8.614740e+02
    endloop
  endfacet
  facet normal 0.000000e+00 -1.000000e+00 0.000000e+00
    outer loop
      vertex   -1.647056e+02 9.150000e+01 8.636023e+02
      vertex   -1.637334e+02 9.150000e+01 8.621472e+02
      vertex   -1.641437e+02 9.150000e+01 8.639026e+02
    endloop
  endfacet
  facet normal 0.000000e+00 -1.000000e+00 0.000000e+00
    outer loop
      vertex   -1.651981e+02 9.150000e+01 8.631981e+02
      vertex   -1.641472e+02 9.150000e+01 8.617334e+02
      vertex   -1.639607e+02 9.150000e+01 8.619607e+02
    endloop
  endfacet
  facet normal 0.000000e+00 -1.000000e+00 0.000000e+00
    outer loop
      vertex   -1.651981e+02 9.150000e+01 8.631981e+02
      vertex   -1.639607e+02 9.150000e+01 8.619607e+02
      vertex   -1.637334e+02 9.150000e+01 8.621472e+02
    endloop
  endfacet
  facet normal 0.000000e+00 -1.000000e+00 -0.000000e+00
    outer loop
      vertex   -1.651981e+02 9.150000e+01 8.631981e+02
      vertex   -1.656023e+02 9.150000e+01 8.627056e+02
      vertex   -1.641472e+02 9.150000e+01 8.617334e+02
    endloop
  endfacet
  facet normal 0.000000e+00 -1.000000e+00 0.000000e+00
    outer loop
      vertex   -1.651981e+02 9.150000e+01 8.631981e+02
      vertex   -1.637334e+02 9.150000e+01 8.621472e+02
      vertex   -1.647056e+02 9.150000e+01 8.636023e+02
    endloop
  endfacet
  facet normal 0.000000e+00 -1.000000e+00 0.000000e+00
    outer loop
      vertex   -1.356528e+02 9.150000e+01 8.600666e+02
      vertex   -1.346019e+02 9.150000e+01 8.586019e+02
      vertex   -1.341977e+02 9.150000e+01 8.590944e+02
    endloop
  endfacet
  facet normal 0.000000e+00 -1.000000e+00 -0.000000e+00
    outer loop
      vertex   -1.356528e+02 9.150000e+01 8.600666e+02
      vertex   -1.358393e+02 9.150000e+01 8.598393e+02
      vertex   -1.346019e+02 9.150000e+01 8.586019e+02
    endloop
  endfacet
  facet normal 0.000000e+00 -1.000000e+00 0.000000e+00
    outer loop
      vertex   -1.360666e+02 9.150000e+01 8.596528e+02
      vertex   -1.350944e+02 9.150000e+01 8.581977e+02
      vertex   -1.346019e+02 9.150000e+01 8.586019e+02
    endloop
  endfacet
  facet normal 0.000000e+00 -1.000000e+00 0.000000e+00
    outer loop
      vertex   -1.360666e+02 9.150000e+01 8.596528e+02
      vertex   -1.346019e+02 9.150000e+01 8.586019e+02
      vertex   -1.358393e+02 9.150000e+01 8.598393e+02
    endloop
  endfacet
  facet normal 0.000000e+00 -1.000000e+00 0.000000e+00
    outer loop
      vertex   -1.355142e+02 9.150000e+01 8.603260e+02
      vertex   -1.341977e+02 9.150000e+01 8.590944e+02
      vertex   -1.338974e+02 9.150000e+01 8.596563e+02
    endloop
  endfacet
  facet normal 0.000000e+00 -1.000000e+00 -0.000000e+00
    outer loop
      vertex   -1.355142e+02 9.150000e+01 8.603260e+02
      vertex   -1.356528e+02 9.150000e+01 8.600666e+02
      vertex   -1.341977e+02 9.150000e+01 8.590944e+02
    endloop
  endfacet
  facet normal 0.000000e+00 -1.000000e+00 0.000000e+00
    outer loop
      vertex   -1.363260e+02 9.150000e+01 8.595142e+02
      vertex   -1.356563e+02 9.150000e+01 8.578974e+02
      vertex   -1.350944e+02 9.150000e+01 8.581977e+02
    endloop
  endfacet
  facet normal 0.000000e+00 -1.000000e+00 0.000000e+00
    outer loop
      vertex   -1.363260e+02 9.150000e+01 8.595142e+02
      vertex   -1.350944e+02 9.150000e+01 8.581977e+02
      vertex   -1.360666e+02 9.150000e+01 8.596528e+02
    endloop
  endfacet
  facet normal 0.000000e+00 -1.000000e+00 0.000000e+00
    outer loop
      vertex   -1.354288e+02 9.150000e+01 8.606074e+02
      vertex   -1.338974e+02 9.150000e+01 8.596563e+02
      vertex   -1.337124e+02 9.150000e+01 8.602660e+02
    endloop
  endfacet
  facet normal 0.000000e+00 -1.000000e+00 -0.000000e+00
    outer loop
      vertex   -1.354288e+02 9.150000e+01 8.606074e+02
      vertex   -1.355142e+02 9.150000e+01 8.603260e+02
      vertex   -1.338974e+02 9.150000e+01 8.596563e+02
    endloop
  endfacet
  facet normal 0.000000e+00 -1.000000e+00 0.000000e+00
    outer loop
      vertex   -1.366074e+02 9.150000e+01 8.594288e+02
      vertex   -1.362660e+02 9.150000e+01 8.577124e+02
      vertex   -1.356563e+02 9.150000e+01 8.578974e+02
    endloop
  endfacet
  facet normal 0.000000e+00 -1.000000e+00 0.000000e+00
    outer loop
      vertex   -1.366074e+02 9.150000e+01 8.594288e+02
      vertex   -1.356563e+02 9.150000e+01 8.578974e+02
      vertex   -1.363260e+02 9.150000e+01 8.595142e+02
    endloop
  endfacet
  facet normal 0.000000e+00 -1.000000e+00 0.000000e+00
    outer loop
      vertex   -1.354000e+02 9.150000e+01 8.609000e+02
      vertex   -1.337124e+02 9.150000e+01 8.602660e+02
      vertex   -1.336500e+02 9.150000e+01 8.609000e+02
    endloop
  endfacet
  facet normal 0.000000e+00 -1.000000e+00 -0.000000e+00
    outer loop
      vertex   -1.354000e+02 9.150000e+01 8.609000e+02
      vertex   -1.354288e+02 9.150000e+01 8.606074e+02
      vertex   -1.337124e+02 9.150000e+01 8.602660e+02
    endloop
  endfacet
  facet normal 0.000000e+00 -1.000000e+00 0.000000e+00
    outer loop
      vertex   -1.369000e+02 9.150000e+01 8.594000e+02
      vertex   -1.369000e+02 9.150000e+01 8.576500e+02
      vertex   -1.362660e+02 9.150000e+01 8.577124e+02
    endloop
  endfacet
  facet normal 0.000000e+00 -1.000000e+00 0.000000e+00
    outer loop
      vertex   -1.369000e+02 9.150000e+01 8.594000e+02
      vertex   -1.362660e+02 9.150000e+01 8.577124e+02
      vertex   -1.366074e+02 9.150000e+01 8.594288e+02
    endloop
  endfacet
  facet normal 0.000000e+00 -1.000000e+00 0.000000e+00
    outer loop
      vertex   -1.354288e+02 9.150000e+01 8.611926e+02
      vertex   -1.336500e+02 9.150000e+01 8.609000e+02
      vertex   -1.337124e+02 9.150000e+01 8.615340e+02
    endloop
  endfacet
  facet normal 0.000000e+00 -1.000000e+00 0.000000e+00
    outer loop
      vertex   -1.354288e+02 9.150000e+01 8.611926e+02
      vertex   -1.354000e+02 9.150000e+01 8.609000e+02
      vertex   -1.336500e+02 9.150000e+01 8.609000e+02
    endloop
  endfacet
  facet normal 0.000000e+00 -1.000000e+00 0.000000e+00
    outer loop
      vertex   -1.371926e+02 9.150000e+01 8.594288e+02
      vertex   -1.369000e+02 9.150000e+01 8.576500e+02
      vertex   -1.369000e+02 9.150000e+01 8.594000e+02
    endloop
  endfacet
  facet normal 0.000000e+00 -1.000000e+00 -0.000000e+00
    outer loop
      vertex   -1.371926e+02 9.150000e+01 8.594288e+02
      vertex   -1.375340e+02 9.150000e+01 8.577124e+02
      vertex   -1.369000e+02 9.150000e+01 8.576500e+02
    endloop
  endfacet
  facet normal 0.000000e+00 -1.000000e+00 0.000000e+00
    outer loop
      vertex   -1.355142e+02 9.150000e+01 8.614740e+02
      vertex   -1.354288e+02 9.150000e+01 8.611926e+02
      vertex   -1.337124e+02 9.150000e+01 8.615340e+02
    endloop
  endfacet
  facet normal 0.000000e+00 -1.000000e+00 0.000000e+00
    outer loop
      vertex   -1.355142e+02 9.150000e+01 8.614740e+02
      vertex   -1.337124e+02 9.150000e+01 8.615340e+02
      vertex   -1.338974e+02 9.150000e+01 8.621437e+02
    endloop
  endfacet
  facet normal 0.000000e+00 -1.000000e+00 -0.000000e+00
    outer loop
      vertex   -1.374740e+02 9.150000e+01 8.595142e+02
      vertex   -1.375340e+02 9.150000e+01 8.577124e+02
      vertex   -1.371926e+02 9.150000e+01 8.594288e+02
    endloop
  endfacet
  facet normal 0.000000e+00 -1.000000e+00 0.000000e+00
    outer loop
      vertex   -1.374740e+02 9.150000e+01 8.595142e+02
      vertex   -1.381437e+02 9.150000e+01 8.578974e+02
      vertex   -1.375340e+02 9.150000e+01 8.577124e+02
    endloop
  endfacet
  facet normal 0.000000e+00 -1.000000e+00 0.000000e+00
    outer loop
      vertex   -1.374740e+02 9.150000e+01 8.595142e+02
      vertex   -1.387056e+02 9.150000e+01 8.581977e+02
      vertex   -1.381437e+02 9.150000e+01 8.578974e+02
    endloop
  endfacet
  facet normal 0.000000e+00 -1.000000e+00 0.000000e+00
    outer loop
      vertex   -1.356528e+02 9.150000e+01 8.617334e+02
      vertex   -1.338974e+02 9.150000e+01 8.621437e+02
      vertex   -1.341977e+02 9.150000e+01 8.627056e+02
    endloop
  endfacet
  facet normal 0.000000e+00 -1.000000e+00 0.000000e+00
    outer loop
      vertex   -1.356528e+02 9.150000e+01 8.617334e+02
      vertex   -1.355142e+02 9.150000e+01 8.614740e+02
      vertex   -1.338974e+02 9.150000e+01 8.621437e+02
    endloop
  endfacet
  facet normal 0.000000e+00 -1.000000e+00 -0.000000e+00
    outer loop
      vertex   -1.377334e+02 9.150000e+01 8.596528e+02
      vertex   -1.387056e+02 9.150000e+01 8.581977e+02
      vertex   -1.374740e+02 9.150000e+01 8.595142e+02
    endloop
  endfacet
  facet normal 0.000000e+00 -1.000000e+00 -0.000000e+00
    outer loop
      vertex   -1.346019e+02 9.150000e+01 8.631981e+02
      vertex   -1.356528e+02 9.150000e+01 8.617334e+02
      vertex   -1.341977e+02 9.150000e+01 8.627056e+02
    endloop
  endfacet
  facet normal 0.000000e+00 -1.000000e+00 0.000000e+00
    outer loop
      vertex   -1.346019e+02 9.150000e+01 8.631981e+02
      vertex   -1.358393e+02 9.150000e+01 8.619607e+02
      vertex   -1.356528e+02 9.150000e+01 8.617334e+02
    endloop
  endfacet
  facet normal 0.000000e+00 -1.000000e+00 -0.000000e+00
    outer loop
      vertex   -1.379607e+02 9.150000e+01 8.598393e+02
      vertex   -1.387056e+02 9.150000e+01 8.581977e+02
      vertex   -1.377334e+02 9.150000e+01 8.596528e+02
    endloop
  endfacet
  facet normal 0.000000e+00 -1.000000e+00 0.000000e+00
    outer loop
      vertex   -1.391981e+02 9.150000e+01 8.586019e+02
      vertex   -1.387056e+02 9.150000e+01 8.581977e+02
      vertex   -1.379607e+02 9.150000e+01 8.598393e+02
    endloop
  endfacet
  facet normal 0.000000e+00 -1.000000e+00 -0.000000e+00
    outer loop
      vertex   -1.350944e+02 9.150000e+01 8.636023e+02
      vertex   -1.358393e+02 9.150000e+01 8.619607e+02
      vertex   -1.346019e+02 9.150000e+01 8.631981e+02
    endloop
  endfacet
  facet normal 0.000000e+00 -1.000000e+00 0.000000e+00
    outer loop
      vertex   -1.350944e+02 9.150000e+01 8.636023e+02
      vertex   -1.363260e+02 9.150000e+01 8.622858e+02
      vertex   -1.360666e+02 9.150000e+01 8.621472e+02
    endloop
  endfacet
  facet normal 0.000000e+00 -1.000000e+00 0.000000e+00
    outer loop
      vertex   -1.350944e+02 9.150000e+01 8.636023e+02
      vertex   -1.360666e+02 9.150000e+01 8.621472e+02
      vertex   -1.358393e+02 9.150000e+01 8.619607e+02
    endloop
  endfacet
  facet normal 0.000000e+00 -1.000000e+00 0.000000e+00
    outer loop
      vertex   -1.396023e+02 9.150000e+01 8.590944e+02
      vertex   -1.391981e+02 9.150000e+01 8.586019e+02
      vertex   -1.379607e+02 9.150000e+01 8.598393e+02
    endloop
  endfacet
  facet normal 0.000000e+00 -1.000000e+00 0.000000e+00
    outer loop
      vertex   -1.396023e+02 9.150000e+01 8.590944e+02
      vertex   -1.379607e+02 9.150000e+01 8.598393e+02
      vertex   -1.381472e+02 9.150000e+01 8.600666e+02
    endloop
  endfacet
  facet normal 0.000000e+00 -1.000000e+00 0.000000e+00
    outer loop
      vertex   -1.396023e+02 9.150000e+01 8.590944e+02
      vertex   -1.381472e+02 9.150000e+01 8.600666e+02
      vertex   -1.382858e+02 9.150000e+01 8.603260e+02
    endloop
  endfacet
  facet normal 0.000000e+00 -1.000000e+00 -0.000000e+00
    outer loop
      vertex   -1.356563e+02 9.150000e+01 8.639026e+02
      vertex   -1.363260e+02 9.150000e+01 8.622858e+02
      vertex   -1.350944e+02 9.150000e+01 8.636023e+02
    endloop
  endfacet
  facet normal 0.000000e+00 -1.000000e+00 0.000000e+00
    outer loop
      vertex   -1.399026e+02 9.150000e+01 8.596563e+02
      vertex   -1.396023e+02 9.150000e+01 8.590944e+02
      vertex   -1.382858e+02 9.150000e+01 8.603260e+02
    endloop
  endfacet
  facet normal 0.000000e+00 -1.000000e+00 0.000000e+00
    outer loop
      vertex   -1.362660e+02 9.150000e+01 8.640875e+02
      vertex   -1.366074e+02 9.150000e+01 8.623712e+02
      vertex   -1.363260e+02 9.150000e+01 8.622858e+02
    endloop
  endfacet
  facet normal 0.000000e+00 -1.000000e+00 -0.000000e+00
    outer loop
      vertex   -1.362660e+02 9.150000e+01 8.640875e+02
      vertex   -1.363260e+02 9.150000e+01 8.622858e+02
      vertex   -1.356563e+02 9.150000e+01 8.639026e+02
    endloop
  endfacet
  facet normal 0.000000e+00 -1.000000e+00 0.000000e+00
    outer loop
      vertex   -1.400875e+02 9.150000e+01 8.602660e+02
      vertex   -1.399026e+02 9.150000e+01 8.596563e+02
      vertex   -1.382858e+02 9.150000e+01 8.603260e+02
    endloop
  endfacet
  facet normal 0.000000e+00 -1.000000e+00 0.000000e+00
    outer loop
      vertex   -1.400875e+02 9.150000e+01 8.602660e+02
      vertex   -1.382858e+02 9.150000e+01 8.603260e+02
      vertex   -1.383712e+02 9.150000e+01 8.606074e+02
    endloop
  endfacet
  facet normal 0.000000e+00 -1.000000e+00 0.000000e+00
    outer loop
      vertex   -1.401500e+02 9.150000e+01 8.609000e+02
      vertex   -1.383712e+02 9.150000e+01 8.606074e+02
      vertex   -1.384000e+02 9.150000e+01 8.609000e+02
    endloop
  endfacet
  facet normal 0.000000e+00 -1.000000e+00 0.000000e+00
    outer loop
      vertex   -1.401500e+02 9.150000e+01 8.609000e+02
      vertex   -1.400875e+02 9.150000e+01 8.602660e+02
      vertex   -1.383712e+02 9.150000e+01 8.606074e+02
    endloop
  endfacet
  facet normal 0.000000e+00 -1.000000e+00 0.000000e+00
    outer loop
      vertex   -1.369000e+02 9.150000e+01 8.641500e+02
      vertex   -1.369000e+02 9.150000e+01 8.624000e+02
      vertex   -1.366074e+02 9.150000e+01 8.623712e+02
    endloop
  endfacet
  facet normal 0.000000e+00 -1.000000e+00 0.000000e+00
    outer loop
      vertex   -1.369000e+02 9.150000e+01 8.641500e+02
      vertex   -1.366074e+02 9.150000e+01 8.623712e+02
      vertex   -1.362660e+02 9.150000e+01 8.640875e+02
    endloop
  endfacet
  facet normal 0.000000e+00 -1.000000e+00 0.000000e+00
    outer loop
      vertex   -1.400875e+02 9.150000e+01 8.615340e+02
      vertex   -1.384000e+02 9.150000e+01 8.609000e+02
      vertex   -1.383712e+02 9.150000e+01 8.611926e+02
    endloop
  endfacet
  facet normal 0.000000e+00 -1.000000e+00 0.000000e+00
    outer loop
      vertex   -1.400875e+02 9.150000e+01 8.615340e+02
      vertex   -1.383712e+02 9.150000e+01 8.611926e+02
      vertex   -1.382858e+02 9.150000e+01 8.614740e+02
    endloop
  endfacet
  facet normal 0.000000e+00 -1.000000e+00 -0.000000e+00
    outer loop
      vertex   -1.400875e+02 9.150000e+01 8.615340e+02
      vertex   -1.401500e+02 9.150000e+01 8.609000e+02
      vertex   -1.384000e+02 9.150000e+01 8.609000e+02
    endloop
  endfacet
  facet normal 0.000000e+00 -1.000000e+00 0.000000e+00
    outer loop
      vertex   -1.375340e+02 9.150000e+01 8.640875e+02
      vertex   -1.374740e+02 9.150000e+01 8.622858e+02
      vertex   -1.371926e+02 9.150000e+01 8.623712e+02
    endloop
  endfacet
  facet normal 0.000000e+00 -1.000000e+00 0.000000e+00
    outer loop
      vertex   -1.375340e+02 9.150000e+01 8.640875e+02
      vertex   -1.371926e+02 9.150000e+01 8.623712e+02
      vertex   -1.369000e+02 9.150000e+01 8.624000e+02
    endloop
  endfacet
  facet normal 0.000000e+00 -1.000000e+00 0.000000e+00
    outer loop
      vertex   -1.375340e+02 9.150000e+01 8.640875e+02
      vertex   -1.369000e+02 9.150000e+01 8.624000e+02
      vertex   -1.369000e+02 9.150000e+01 8.641500e+02
    endloop
  endfacet
  facet normal 0.000000e+00 -1.000000e+00 -0.000000e+00
    outer loop
      vertex   -1.399026e+02 9.150000e+01 8.621437e+02
      vertex   -1.400875e+02 9.150000e+01 8.615340e+02
      vertex   -1.382858e+02 9.150000e+01 8.614740e+02
    endloop
  endfacet
  facet normal 0.000000e+00 -1.000000e+00 0.000000e+00
    outer loop
      vertex   -1.381437e+02 9.150000e+01 8.639026e+02
      vertex   -1.377334e+02 9.150000e+01 8.621472e+02
      vertex   -1.374740e+02 9.150000e+01 8.622858e+02
    endloop
  endfacet
  facet normal 0.000000e+00 -1.000000e+00 0.000000e+00
    outer loop
      vertex   -1.381437e+02 9.150000e+01 8.639026e+02
      vertex   -1.374740e+02 9.150000e+01 8.622858e+02
      vertex   -1.375340e+02 9.150000e+01 8.640875e+02
    endloop
  endfacet
  facet normal 0.000000e+00 -1.000000e+00 0.000000e+00
    outer loop
      vertex   -1.396023e+02 9.150000e+01 8.627056e+02
      vertex   -1.382858e+02 9.150000e+01 8.614740e+02
      vertex   -1.381472e+02 9.150000e+01 8.617334e+02
    endloop
  endfacet
  facet normal 0.000000e+00 -1.000000e+00 -0.000000e+00
    outer loop
      vertex   -1.396023e+02 9.150000e+01 8.627056e+02
      vertex   -1.399026e+02 9.150000e+01 8.621437e+02
      vertex   -1.382858e+02 9.150000e+01 8.614740e+02
    endloop
  endfacet
  facet normal 0.000000e+00 -1.000000e+00 0.000000e+00
    outer loop
      vertex   -1.387056e+02 9.150000e+01 8.636023e+02
      vertex   -1.377334e+02 9.150000e+01 8.621472e+02
      vertex   -1.381437e+02 9.150000e+01 8.639026e+02
    endloop
  endfacet
  facet normal 0.000000e+00 -1.000000e+00 0.000000e+00
    outer loop
      vertex   -1.391981e+02 9.150000e+01 8.631981e+02
      vertex   -1.381472e+02 9.150000e+01 8.617334e+02
      vertex   -1.379607e+02 9.150000e+01 8.619607e+02
    endloop
  endfacet
  facet normal 0.000000e+00 -1.000000e+00 0.000000e+00
    outer loop
      vertex   -1.391981e+02 9.150000e+01 8.631981e+02
      vertex   -1.379607e+02 9.150000e+01 8.619607e+02
      vertex   -1.377334e+02 9.150000e+01 8.621472e+02
    endloop
  endfacet
  facet normal 0.000000e+00 -1.000000e+00 -0.000000e+00
    outer loop
      vertex   -1.391981e+02 9.150000e+01 8.631981e+02
      vertex   -1.396023e+02 9.150000e+01 8.627056e+02
      vertex   -1.381472e+02 9.150000e+01 8.617334e+02
    endloop
  endfacet
  facet normal 0.000000e+00 -1.000000e+00 0.000000e+00
    outer loop
      vertex   -1.391981e+02 9.150000e+01 8.631981e+02
      vertex   -1.377334e+02 9.150000e+01 8.621472e+02
      vertex   -1.387056e+02 9.150000e+01 8.636023e+02
    endloop
  endfacet
  facet normal 0.000000e+00 -1.000000e+00 0.000000e+00
    outer loop
      vertex   -1.616528e+02 9.150000e+01 8.340666e+02
      vertex   -1.606019e+02 9.150000e+01 8.326019e+02
      vertex   -1.601977e+02 9.150000e+01 8.330944e+02
    endloop
  endfacet
  facet normal 0.000000e+00 -1.000000e+00 -0.000000e+00
    outer loop
      vertex   -1.616528e+02 9.150000e+01 8.340666e+02
      vertex   -1.618393e+02 9.150000e+01 8.338393e+02
      vertex   -1.606019e+02 9.150000e+01 8.326019e+02
    endloop
  endfacet
  facet normal 0.000000e+00 -1.000000e+00 0.000000e+00
    outer loop
      vertex   -1.620666e+02 9.150000e+01 8.336528e+02
      vertex   -1.610944e+02 9.150000e+01 8.321977e+02
      vertex   -1.606019e+02 9.150000e+01 8.326019e+02
    endloop
  endfacet
  facet normal 0.000000e+00 -1.000000e+00 0.000000e+00
    outer loop
      vertex   -1.620666e+02 9.150000e+01 8.336528e+02
      vertex   -1.606019e+02 9.150000e+01 8.326019e+02
      vertex   -1.618393e+02 9.150000e+01 8.338393e+02
    endloop
  endfacet
  facet normal 0.000000e+00 -1.000000e+00 0.000000e+00
    outer loop
      vertex   -1.615142e+02 9.150000e+01 8.343260e+02
      vertex   -1.601977e+02 9.150000e+01 8.330944e+02
      vertex   -1.598974e+02 9.150000e+01 8.336563e+02
    endloop
  endfacet
  facet normal 0.000000e+00 -1.000000e+00 -0.000000e+00
    outer loop
      vertex   -1.615142e+02 9.150000e+01 8.343260e+02
      vertex   -1.616528e+02 9.150000e+01 8.340666e+02
      vertex   -1.601977e+02 9.150000e+01 8.330944e+02
    endloop
  endfacet
  facet normal 0.000000e+00 -1.000000e+00 0.000000e+00
    outer loop
      vertex   -1.623260e+02 9.150000e+01 8.335142e+02
      vertex   -1.616563e+02 9.150000e+01 8.318974e+02
      vertex   -1.610944e+02 9.150000e+01 8.321977e+02
    endloop
  endfacet
  facet normal 0.000000e+00 -1.000000e+00 0.000000e+00
    outer loop
      vertex   -1.623260e+02 9.150000e+01 8.335142e+02
      vertex   -1.610944e+02 9.150000e+01 8.321977e+02
      vertex   -1.620666e+02 9.150000e+01 8.336528e+02
    endloop
  endfacet
  facet normal 0.000000e+00 -1.000000e+00 0.000000e+00
    outer loop
      vertex   -1.614288e+02 9.150000e+01 8.346074e+02
      vertex   -1.598974e+02 9.150000e+01 8.336563e+02
      vertex   -1.597125e+02 9.150000e+01 8.342660e+02
    endloop
  endfacet
  facet normal 0.000000e+00 -1.000000e+00 -0.000000e+00
    outer loop
      vertex   -1.614288e+02 9.150000e+01 8.346074e+02
      vertex   -1.615142e+02 9.150000e+01 8.343260e+02
      vertex   -1.598974e+02 9.150000e+01 8.336563e+02
    endloop
  endfacet
  facet normal 0.000000e+00 -1.000000e+00 0.000000e+00
    outer loop
      vertex   -1.626074e+02 9.150000e+01 8.334288e+02
      vertex   -1.622660e+02 9.150000e+01 8.317124e+02
      vertex   -1.616563e+02 9.150000e+01 8.318974e+02
    endloop
  endfacet
  facet normal 0.000000e+00 -1.000000e+00 0.000000e+00
    outer loop
      vertex   -1.626074e+02 9.150000e+01 8.334288e+02
      vertex   -1.616563e+02 9.150000e+01 8.318974e+02
      vertex   -1.623260e+02 9.150000e+01 8.335142e+02
    endloop
  endfacet
  facet normal 0.000000e+00 -1.000000e+00 0.000000e+00
    outer loop
      vertex   -1.614000e+02 9.150000e+01 8.349000e+02
      vertex   -1.597125e+02 9.150000e+01 8.342660e+02
      vertex   -1.596500e+02 9.150000e+01 8.349000e+02
    endloop
  endfacet
  facet normal 0.000000e+00 -1.000000e+00 -0.000000e+00
    outer loop
      vertex   -1.614000e+02 9.150000e+01 8.349000e+02
      vertex   -1.614288e+02 9.150000e+01 8.346074e+02
      vertex   -1.597125e+02 9.150000e+01 8.342660e+02
    endloop
  endfacet
  facet normal 0.000000e+00 -1.000000e+00 0.000000e+00
    outer loop
      vertex   -1.629000e+02 9.150000e+01 8.334000e+02
      vertex   -1.629000e+02 9.150000e+01 8.316500e+02
      vertex   -1.622660e+02 9.150000e+01 8.317124e+02
    endloop
  endfacet
  facet normal 0.000000e+00 -1.000000e+00 0.000000e+00
    outer loop
      vertex   -1.629000e+02 9.150000e+01 8.334000e+02
      vertex   -1.622660e+02 9.150000e+01 8.317124e+02
      vertex   -1.626074e+02 9.150000e+01 8.334288e+02
    endloop
  endfacet
  facet normal 0.000000e+00 -1.000000e+00 0.000000e+00
    outer loop
      vertex   -1.614288e+02 9.150000e+01 8.351926e+02
      vertex   -1.596500e+02 9.150000e+01 8.349000e+02
      vertex   -1.597125e+02 9.150000e+01 8.355340e+02
    endloop
  endfacet
  facet normal 0.000000e+00 -1.000000e+00 0.000000e+00
    outer loop
      vertex   -1.614288e+02 9.150000e+01 8.351926e+02
      vertex   -1.614000e+02 9.150000e+01 8.349000e+02
      vertex   -1.596500e+02 9.150000e+01 8.349000e+02
    endloop
  endfacet
  facet normal 0.000000e+00 -1.000000e+00 0.000000e+00
    outer loop
      vertex   -1.631926e+02 9.150000e+01 8.334288e+02
      vertex   -1.629000e+02 9.150000e+01 8.316500e+02
      vertex   -1.629000e+02 9.150000e+01 8.334000e+02
    endloop
  endfacet
  facet normal 0.000000e+00 -1.000000e+00 -0.000000e+00
    outer loop
      vertex   -1.631926e+02 9.150000e+01 8.334288e+02
      vertex   -1.635340e+02 9.150000e+01 8.317124e+02
      vertex   -1.629000e+02 9.150000e+01 8.316500e+02
    endloop
  endfacet
  facet normal 0.000000e+00 -1.000000e+00 0.000000e+00
    outer loop
      vertex   -1.615142e+02 9.150000e+01 8.354740e+02
      vertex   -1.614288e+02 9.150000e+01 8.351926e+02
      vertex   -1.597125e+02 9.150000e+01 8.355340e+02
    endloop
  endfacet
  facet normal 0.000000e+00 -1.000000e+00 0.000000e+00
    outer loop
      vertex   -1.615142e+02 9.150000e+01 8.354740e+02
      vertex   -1.597125e+02 9.150000e+01 8.355340e+02
      vertex   -1.598974e+02 9.150000e+01 8.361437e+02
    endloop
  endfacet
  facet normal 0.000000e+00 -1.000000e+00 -0.000000e+00
    outer loop
      vertex   -1.634740e+02 9.150000e+01 8.335142e+02
      vertex   -1.635340e+02 9.150000e+01 8.317124e+02
      vertex   -1.631926e+02 9.150000e+01 8.334288e+02
    endloop
  endfacet
  facet normal 0.000000e+00 -1.000000e+00 0.000000e+00
    outer loop
      vertex   -1.634740e+02 9.150000e+01 8.335142e+02
      vertex   -1.641437e+02 9.150000e+01 8.318974e+02
      vertex   -1.635340e+02 9.150000e+01 8.317124e+02
    endloop
  endfacet
  facet normal 0.000000e+00 -1.000000e+00 0.000000e+00
    outer loop
      vertex   -1.634740e+02 9.150000e+01 8.335142e+02
      vertex   -1.647056e+02 9.150000e+01 8.321977e+02
      vertex   -1.641437e+02 9.150000e+01 8.318974e+02
    endloop
  endfacet
  facet normal 0.000000e+00 -1.000000e+00 0.000000e+00
    outer loop
      vertex   -1.616528e+02 9.150000e+01 8.357334e+02
      vertex   -1.598974e+02 9.150000e+01 8.361437e+02
      vertex   -1.601977e+02 9.150000e+01 8.367056e+02
    endloop
  endfacet
  facet normal 0.000000e+00 -1.000000e+00 0.000000e+00
    outer loop
      vertex   -1.616528e+02 9.150000e+01 8.357334e+02
      vertex   -1.615142e+02 9.150000e+01 8.354740e+02
      vertex   -1.598974e+02 9.150000e+01 8.361437e+02
    endloop
  endfacet
  facet normal 0.000000e+00 -1.000000e+00 -0.000000e+00
    outer loop
      vertex   -1.637334e+02 9.150000e+01 8.336528e+02
      vertex   -1.647056e+02 9.150000e+01 8.321977e+02
      vertex   -1.634740e+02 9.150000e+01 8.335142e+02
    endloop
  endfacet
  facet normal 0.000000e+00 -1.000000e+00 -0.000000e+00
    outer loop
      vertex   -1.606019e+02 9.150000e+01 8.371981e+02
      vertex   -1.616528e+02 9.150000e+01 8.357334e+02
      vertex   -1.601977e+02 9.150000e+01 8.367056e+02
    endloop
  endfacet
  facet normal 0.000000e+00 -1.000000e+00 0.000000e+00
    outer loop
      vertex   -1.606019e+02 9.150000e+01 8.371981e+02
      vertex   -1.618393e+02 9.150000e+01 8.359607e+02
      vertex   -1.616528e+02 9.150000e+01 8.357334e+02
    endloop
  endfacet
  facet normal 0.000000e+00 -1.000000e+00 -0.000000e+00
    outer loop
      vertex   -1.639607e+02 9.150000e+01 8.338393e+02
      vertex   -1.647056e+02 9.150000e+01 8.321977e+02
      vertex   -1.637334e+02 9.150000e+01 8.336528e+02
    endloop
  endfacet
  facet normal 0.000000e+00 -1.000000e+00 0.000000e+00
    outer loop
      vertex   -1.651981e+02 9.150000e+01 8.326019e+02
      vertex   -1.647056e+02 9.150000e+01 8.321977e+02
      vertex   -1.639607e+02 9.150000e+01 8.338393e+02
    endloop
  endfacet
  facet normal 0.000000e+00 -1.000000e+00 -0.000000e+00
    outer loop
      vertex   -1.610944e+02 9.150000e+01 8.376023e+02
      vertex   -1.618393e+02 9.150000e+01 8.359607e+02
      vertex   -1.606019e+02 9.150000e+01 8.371981e+02
    endloop
  endfacet
  facet normal 0.000000e+00 -1.000000e+00 0.000000e+00
    outer loop
      vertex   -1.610944e+02 9.150000e+01 8.376023e+02
      vertex   -1.623260e+02 9.150000e+01 8.362858e+02
      vertex   -1.620666e+02 9.150000e+01 8.361472e+02
    endloop
  endfacet
  facet normal 0.000000e+00 -1.000000e+00 0.000000e+00
    outer loop
      vertex   -1.610944e+02 9.150000e+01 8.376023e+02
      vertex   -1.620666e+02 9.150000e+01 8.361472e+02
      vertex   -1.618393e+02 9.150000e+01 8.359607e+02
    endloop
  endfacet
  facet normal 0.000000e+00 -1.000000e+00 0.000000e+00
    outer loop
      vertex   -1.656023e+02 9.150000e+01 8.330944e+02
      vertex   -1.651981e+02 9.150000e+01 8.326019e+02
      vertex   -1.639607e+02 9.150000e+01 8.338393e+02
    endloop
  endfacet
  facet normal 0.000000e+00 -1.000000e+00 0.000000e+00
    outer loop
      vertex   -1.656023e+02 9.150000e+01 8.330944e+02
      vertex   -1.639607e+02 9.150000e+01 8.338393e+02
      vertex   -1.641472e+02 9.150000e+01 8.340666e+02
    endloop
  endfacet
  facet normal 0.000000e+00 -1.000000e+00 0.000000e+00
    outer loop
      vertex   -1.656023e+02 9.150000e+01 8.330944e+02
      vertex   -1.641472e+02 9.150000e+01 8.340666e+02
      vertex   -1.642858e+02 9.150000e+01 8.343260e+02
    endloop
  endfacet
  facet normal 0.000000e+00 -1.000000e+00 -0.000000e+00
    outer loop
      vertex   -1.616563e+02 9.150000e+01 8.379026e+02
      vertex   -1.623260e+02 9.150000e+01 8.362858e+02
      vertex   -1.610944e+02 9.150000e+01 8.376023e+02
    endloop
  endfacet
  facet normal 0.000000e+00 -1.000000e+00 0.000000e+00
    outer loop
      vertex   -1.659026e+02 9.150000e+01 8.336563e+02
      vertex   -1.656023e+02 9.150000e+01 8.330944e+02
      vertex   -1.642858e+02 9.150000e+01 8.343260e+02
    endloop
  endfacet
  facet normal 0.000000e+00 -1.000000e+00 0.000000e+00
    outer loop
      vertex   -1.622660e+02 9.150000e+01 8.380875e+02
      vertex   -1.626074e+02 9.150000e+01 8.363712e+02
      vertex   -1.623260e+02 9.150000e+01 8.362858e+02
    endloop
  endfacet
  facet normal 0.000000e+00 -1.000000e+00 -0.000000e+00
    outer loop
      vertex   -1.622660e+02 9.150000e+01 8.380875e+02
      vertex   -1.623260e+02 9.150000e+01 8.362858e+02
      vertex   -1.616563e+02 9.150000e+01 8.379026e+02
    endloop
  endfacet
  facet normal 0.000000e+00 -1.000000e+00 0.000000e+00
    outer loop
      vertex   -1.660876e+02 9.150000e+01 8.342660e+02
      vertex   -1.659026e+02 9.150000e+01 8.336563e+02
      vertex   -1.642858e+02 9.150000e+01 8.343260e+02
    endloop
  endfacet
  facet normal 0.000000e+00 -1.000000e+00 0.000000e+00
    outer loop
      vertex   -1.660876e+02 9.150000e+01 8.342660e+02
      vertex   -1.642858e+02 9.150000e+01 8.343260e+02
      vertex   -1.643712e+02 9.150000e+01 8.346074e+02
    endloop
  endfacet
  facet normal 0.000000e+00 -1.000000e+00 0.000000e+00
    outer loop
      vertex   -1.661500e+02 9.150000e+01 8.349000e+02
      vertex   -1.643712e+02 9.150000e+01 8.346074e+02
      vertex   -1.644000e+02 9.150000e+01 8.349000e+02
    endloop
  endfacet
  facet normal 0.000000e+00 -1.000000e+00 0.000000e+00
    outer loop
      vertex   -1.661500e+02 9.150000e+01 8.349000e+02
      vertex   -1.660876e+02 9.150000e+01 8.342660e+02
      vertex   -1.643712e+02 9.150000e+01 8.346074e+02
    endloop
  endfacet
  facet normal 0.000000e+00 -1.000000e+00 0.000000e+00
    outer loop
      vertex   -1.629000e+02 9.150000e+01 8.381500e+02
      vertex   -1.629000e+02 9.150000e+01 8.364000e+02
      vertex   -1.626074e+02 9.150000e+01 8.363712e+02
    endloop
  endfacet
  facet normal 0.000000e+00 -1.000000e+00 0.000000e+00
    outer loop
      vertex   -1.629000e+02 9.150000e+01 8.381500e+02
      vertex   -1.626074e+02 9.150000e+01 8.363712e+02
      vertex   -1.622660e+02 9.150000e+01 8.380875e+02
    endloop
  endfacet
  facet normal 0.000000e+00 -1.000000e+00 0.000000e+00
    outer loop
      vertex   -1.660876e+02 9.150000e+01 8.355340e+02
      vertex   -1.644000e+02 9.150000e+01 8.349000e+02
      vertex   -1.643712e+02 9.150000e+01 8.351926e+02
    endloop
  endfacet
  facet normal 0.000000e+00 -1.000000e+00 0.000000e+00
    outer loop
      vertex   -1.660876e+02 9.150000e+01 8.355340e+02
      vertex   -1.643712e+02 9.150000e+01 8.351926e+02
      vertex   -1.642858e+02 9.150000e+01 8.354740e+02
    endloop
  endfacet
  facet normal 0.000000e+00 -1.000000e+00 -0.000000e+00
    outer loop
      vertex   -1.660876e+02 9.150000e+01 8.355340e+02
      vertex   -1.661500e+02 9.150000e+01 8.349000e+02
      vertex   -1.644000e+02 9.150000e+01 8.349000e+02
    endloop
  endfacet
  facet normal 0.000000e+00 -1.000000e+00 0.000000e+00
    outer loop
      vertex   -1.635340e+02 9.150000e+01 8.380875e+02
      vertex   -1.634740e+02 9.150000e+01 8.362858e+02
      vertex   -1.631926e+02 9.150000e+01 8.363712e+02
    endloop
  endfacet
  facet normal 0.000000e+00 -1.000000e+00 0.000000e+00
    outer loop
      vertex   -1.635340e+02 9.150000e+01 8.380875e+02
      vertex   -1.631926e+02 9.150000e+01 8.363712e+02
      vertex   -1.629000e+02 9.150000e+01 8.364000e+02
    endloop
  endfacet
  facet normal 0.000000e+00 -1.000000e+00 0.000000e+00
    outer loop
      vertex   -1.635340e+02 9.150000e+01 8.380875e+02
      vertex   -1.629000e+02 9.150000e+01 8.364000e+02
      vertex   -1.629000e+02 9.150000e+01 8.381500e+02
    endloop
  endfacet
  facet normal 0.000000e+00 -1.000000e+00 -0.000000e+00
    outer loop
      vertex   -1.659026e+02 9.150000e+01 8.361437e+02
      vertex   -1.660876e+02 9.150000e+01 8.355340e+02
      vertex   -1.642858e+02 9.150000e+01 8.354740e+02
    endloop
  endfacet
  facet normal 0.000000e+00 -1.000000e+00 0.000000e+00
    outer loop
      vertex   -1.641437e+02 9.150000e+01 8.379026e+02
      vertex   -1.637334e+02 9.150000e+01 8.361472e+02
      vertex   -1.634740e+02 9.150000e+01 8.362858e+02
    endloop
  endfacet
  facet normal 0.000000e+00 -1.000000e+00 0.000000e+00
    outer loop
      vertex   -1.641437e+02 9.150000e+01 8.379026e+02
      vertex   -1.634740e+02 9.150000e+01 8.362858e+02
      vertex   -1.635340e+02 9.150000e+01 8.380875e+02
    endloop
  endfacet
  facet normal 0.000000e+00 -1.000000e+00 0.000000e+00
    outer loop
      vertex   -1.656023e+02 9.150000e+01 8.367056e+02
      vertex   -1.642858e+02 9.150000e+01 8.354740e+02
      vertex   -1.641472e+02 9.150000e+01 8.357334e+02
    endloop
  endfacet
  facet normal 0.000000e+00 -1.000000e+00 -0.000000e+00
    outer loop
      vertex   -1.656023e+02 9.150000e+01 8.367056e+02
      vertex   -1.659026e+02 9.150000e+01 8.361437e+02
      vertex   -1.642858e+02 9.150000e+01 8.354740e+02
    endloop
  endfacet
  facet normal 0.000000e+00 -1.000000e+00 0.000000e+00
    outer loop
      vertex   -1.647056e+02 9.150000e+01 8.376023e+02
      vertex   -1.637334e+02 9.150000e+01 8.361472e+02
      vertex   -1.641437e+02 9.150000e+01 8.379026e+02
    endloop
  endfacet
  facet normal 0.000000e+00 -1.000000e+00 0.000000e+00
    outer loop
      vertex   -1.651981e+02 9.150000e+01 8.371981e+02
      vertex   -1.641472e+02 9.150000e+01 8.357334e+02
      vertex   -1.639607e+02 9.150000e+01 8.359607e+02
    endloop
  endfacet
  facet normal 0.000000e+00 -1.000000e+00 0.000000e+00
    outer loop
      vertex   -1.651981e+02 9.150000e+01 8.371981e+02
      vertex   -1.639607e+02 9.150000e+01 8.359607e+02
      vertex   -1.637334e+02 9.150000e+01 8.361472e+02
    endloop
  endfacet
  facet normal 0.000000e+00 -1.000000e+00 -0.000000e+00
    outer loop
      vertex   -1.651981e+02 9.150000e+01 8.371981e+02
      vertex   -1.656023e+02 9.150000e+01 8.367056e+02
      vertex   -1.641472e+02 9.150000e+01 8.357334e+02
    endloop
  endfacet
  facet normal 0.000000e+00 -1.000000e+00 0.000000e+00
    outer loop
      vertex   -1.651981e+02 9.150000e+01 8.371981e+02
      vertex   -1.637334e+02 9.150000e+01 8.361472e+02
      vertex   -1.647056e+02 9.150000e+01 8.376023e+02
    endloop
  endfacet
  facet normal 0.000000e+00 -1.000000e+00 0.000000e+00
    outer loop
      vertex   -1.356528e+02 9.150000e+01 8.340666e+02
      vertex   -1.346019e+02 9.150000e+01 8.326019e+02
      vertex   -1.341977e+02 9.150000e+01 8.330944e+02
    endloop
  endfacet
  facet normal 0.000000e+00 -1.000000e+00 -0.000000e+00
    outer loop
      vertex   -1.356528e+02 9.150000e+01 8.340666e+02
      vertex   -1.358393e+02 9.150000e+01 8.338393e+02
      vertex   -1.346019e+02 9.150000e+01 8.326019e+02
    endloop
  endfacet
  facet normal 0.000000e+00 -1.000000e+00 0.000000e+00
    outer loop
      vertex   -1.360666e+02 9.150000e+01 8.336528e+02
      vertex   -1.350944e+02 9.150000e+01 8.321977e+02
      vertex   -1.346019e+02 9.150000e+01 8.326019e+02
    endloop
  endfacet
  facet normal 0.000000e+00 -1.000000e+00 0.000000e+00
    outer loop
      vertex   -1.360666e+02 9.150000e+01 8.336528e+02
      vertex   -1.346019e+02 9.150000e+01 8.326019e+02
      vertex   -1.358393e+02 9.150000e+01 8.338393e+02
    endloop
  endfacet
  facet normal 0.000000e+00 -1.000000e+00 0.000000e+00
    outer loop
      vertex   -1.355142e+02 9.150000e+01 8.343260e+02
      vertex   -1.341977e+02 9.150000e+01 8.330944e+02
      vertex   -1.338974e+02 9.150000e+01 8.336563e+02
    endloop
  endfacet
  facet normal 0.000000e+00 -1.000000e+00 -0.000000e+00
    outer loop
      vertex   -1.355142e+02 9.150000e+01 8.343260e+02
      vertex   -1.356528e+02 9.150000e+01 8.340666e+02
      vertex   -1.341977e+02 9.150000e+01 8.330944e+02
    endloop
  endfacet
  facet normal 0.000000e+00 -1.000000e+00 0.000000e+00
    outer loop
      vertex   -1.363260e+02 9.150000e+01 8.335142e+02
      vertex   -1.356563e+02 9.150000e+01 8.318974e+02
      vertex   -1.350944e+02 9.150000e+01 8.321977e+02
    endloop
  endfacet
  facet normal 0.000000e+00 -1.000000e+00 0.000000e+00
    outer loop
      vertex   -1.363260e+02 9.150000e+01 8.335142e+02
      vertex   -1.350944e+02 9.150000e+01 8.321977e+02
      vertex   -1.360666e+02 9.150000e+01 8.336528e+02
    endloop
  endfacet
  facet normal 0.000000e+00 -1.000000e+00 0.000000e+00
    outer loop
      vertex   -1.354288e+02 9.150000e+01 8.346074e+02
      vertex   -1.338974e+02 9.150000e+01 8.336563e+02
      vertex   -1.337124e+02 9.150000e+01 8.342660e+02
    endloop
  endfacet
  facet normal 0.000000e+00 -1.000000e+00 -0.000000e+00
    outer loop
      vertex   -1.354288e+02 9.150000e+01 8.346074e+02
      vertex   -1.355142e+02 9.150000e+01 8.343260e+02
      vertex   -1.338974e+02 9.150000e+01 8.336563e+02
    endloop
  endfacet
  facet normal 0.000000e+00 -1.000000e+00 0.000000e+00
    outer loop
      vertex   -1.366074e+02 9.150000e+01 8.334288e+02
      vertex   -1.362660e+02 9.150000e+01 8.317124e+02
      vertex   -1.356563e+02 9.150000e+01 8.318974e+02
    endloop
  endfacet
  facet normal 0.000000e+00 -1.000000e+00 0.000000e+00
    outer loop
      vertex   -1.366074e+02 9.150000e+01 8.334288e+02
      vertex   -1.356563e+02 9.150000e+01 8.318974e+02
      vertex   -1.363260e+02 9.150000e+01 8.335142e+02
    endloop
  endfacet
  facet normal 0.000000e+00 -1.000000e+00 0.000000e+00
    outer loop
      vertex   -1.354000e+02 9.150000e+01 8.349000e+02
      vertex   -1.337124e+02 9.150000e+01 8.342660e+02
      vertex   -1.336500e+02 9.150000e+01 8.349000e+02
    endloop
  endfacet
  facet normal 0.000000e+00 -1.000000e+00 -0.000000e+00
    outer loop
      vertex   -1.354000e+02 9.150000e+01 8.349000e+02
      vertex   -1.354288e+02 9.150000e+01 8.346074e+02
      vertex   -1.337124e+02 9.150000e+01 8.342660e+02
    endloop
  endfacet
  facet normal 0.000000e+00 -1.000000e+00 0.000000e+00
    outer loop
      vertex   -1.369000e+02 9.150000e+01 8.334000e+02
      vertex   -1.369000e+02 9.150000e+01 8.316500e+02
      vertex   -1.362660e+02 9.150000e+01 8.317124e+02
    endloop
  endfacet
  facet normal 0.000000e+00 -1.000000e+00 0.000000e+00
    outer loop
      vertex   -1.369000e+02 9.150000e+01 8.334000e+02
      vertex   -1.362660e+02 9.150000e+01 8.317124e+02
      vertex   -1.366074e+02 9.150000e+01 8.334288e+02
    endloop
  endfacet
  facet normal 0.000000e+00 -1.000000e+00 0.000000e+00
    outer loop
      vertex   -1.354288e+02 9.150000e+01 8.351926e+02
      vertex   -1.336500e+02 9.150000e+01 8.349000e+02
      vertex   -1.337124e+02 9.150000e+01 8.355340e+02
    endloop
  endfacet
  facet normal 0.000000e+00 -1.000000e+00 0.000000e+00
    outer loop
      vertex   -1.354288e+02 9.150000e+01 8.351926e+02
      vertex   -1.354000e+02 9.150000e+01 8.349000e+02
      vertex   -1.336500e+02 9.150000e+01 8.349000e+02
    endloop
  endfacet
  facet normal 0.000000e+00 -1.000000e+00 0.000000e+00
    outer loop
      vertex   -1.371926e+02 9.150000e+01 8.334288e+02
      vertex   -1.369000e+02 9.150000e+01 8.316500e+02
      vertex   -1.369000e+02 9.150000e+01 8.334000e+02
    endloop
  endfacet
  facet normal 0.000000e+00 -1.000000e+00 -0.000000e+00
    outer loop
      vertex   -1.371926e+02 9.150000e+01 8.334288e+02
      vertex   -1.375340e+02 9.150000e+01 8.317124e+02
      vertex   -1.369000e+02 9.150000e+01 8.316500e+02
    endloop
  endfacet
  facet normal 0.000000e+00 -1.000000e+00 0.000000e+00
    outer loop
      vertex   -1.355142e+02 9.150000e+01 8.354740e+02
      vertex   -1.354288e+02 9.150000e+01 8.351926e+02
      vertex   -1.337124e+02 9.150000e+01 8.355340e+02
    endloop
  endfacet
  facet normal 0.000000e+00 -1.000000e+00 0.000000e+00
    outer loop
      vertex   -1.355142e+02 9.150000e+01 8.354740e+02
      vertex   -1.337124e+02 9.150000e+01 8.355340e+02
      vertex   -1.338974e+02 9.150000e+01 8.361437e+02
    endloop
  endfacet
  facet normal 0.000000e+00 -1.000000e+00 -0.000000e+00
    outer loop
      vertex   -1.374740e+02 9.150000e+01 8.335142e+02
      vertex   -1.375340e+02 9.150000e+01 8.317124e+02
      vertex   -1.371926e+02 9.150000e+01 8.334288e+02
    endloop
  endfacet
  facet normal 0.000000e+00 -1.000000e+00 0.000000e+00
    outer loop
      vertex   -1.374740e+02 9.150000e+01 8.335142e+02
      vertex   -1.381437e+02 9.150000e+01 8.318974e+02
      vertex   -1.375340e+02 9.150000e+01 8.317124e+02
    endloop
  endfacet
  facet normal 0.000000e+00 -1.000000e+00 0.000000e+00
    outer loop
      vertex   -1.374740e+02 9.150000e+01 8.335142e+02
      vertex   -1.387056e+02 9.150000e+01 8.321977e+02
      vertex   -1.381437e+02 9.150000e+01 8.318974e+02
    endloop
  endfacet
  facet normal 0.000000e+00 -1.000000e+00 0.000000e+00
    outer loop
      vertex   -1.356528e+02 9.150000e+01 8.357334e+02
      vertex   -1.338974e+02 9.150000e+01 8.361437e+02
      vertex   -1.341977e+02 9.150000e+01 8.367056e+02
    endloop
  endfacet
  facet normal 0.000000e+00 -1.000000e+00 0.000000e+00
    outer loop
      vertex   -1.356528e+02 9.150000e+01 8.357334e+02
      vertex   -1.355142e+02 9.150000e+01 8.354740e+02
      vertex   -1.338974e+02 9.150000e+01 8.361437e+02
    endloop
  endfacet
  facet normal 0.000000e+00 -1.000000e+00 -0.000000e+00
    outer loop
      vertex   -1.377334e+02 9.150000e+01 8.336528e+02
      vertex   -1.387056e+02 9.150000e+01 8.321977e+02
      vertex   -1.374740e+02 9.150000e+01 8.335142e+02
    endloop
  endfacet
  facet normal 0.000000e+00 -1.000000e+00 -0.000000e+00
    outer loop
      vertex   -1.346019e+02 9.150000e+01 8.371981e+02
      vertex   -1.356528e+02 9.150000e+01 8.357334e+02
      vertex   -1.341977e+02 9.150000e+01 8.367056e+02
    endloop
  endfacet
  facet normal 0.000000e+00 -1.000000e+00 0.000000e+00
    outer loop
      vertex   -1.346019e+02 9.150000e+01 8.371981e+02
      vertex   -1.358393e+02 9.150000e+01 8.359607e+02
      vertex   -1.356528e+02 9.150000e+01 8.357334e+02
    endloop
  endfacet
  facet normal 0.000000e+00 -1.000000e+00 -0.000000e+00
    outer loop
      vertex   -1.379607e+02 9.150000e+01 8.338393e+02
      vertex   -1.387056e+02 9.150000e+01 8.321977e+02
      vertex   -1.377334e+02 9.150000e+01 8.336528e+02
    endloop
  endfacet
  facet normal 0.000000e+00 -1.000000e+00 0.000000e+00
    outer loop
      vertex   -1.391981e+02 9.150000e+01 8.326019e+02
      vertex   -1.387056e+02 9.150000e+01 8.321977e+02
      vertex   -1.379607e+02 9.150000e+01 8.338393e+02
    endloop
  endfacet
  facet normal 0.000000e+00 -1.000000e+00 -0.000000e+00
    outer loop
      vertex   -1.350944e+02 9.150000e+01 8.376023e+02
      vertex   -1.358393e+02 9.150000e+01 8.359607e+02
      vertex   -1.346019e+02 9.150000e+01 8.371981e+02
    endloop
  endfacet
  facet normal 0.000000e+00 -1.000000e+00 0.000000e+00
    outer loop
      vertex   -1.350944e+02 9.150000e+01 8.376023e+02
      vertex   -1.363260e+02 9.150000e+01 8.362858e+02
      vertex   -1.360666e+02 9.150000e+01 8.361472e+02
    endloop
  endfacet
  facet normal 0.000000e+00 -1.000000e+00 0.000000e+00
    outer loop
      vertex   -1.350944e+02 9.150000e+01 8.376023e+02
      vertex   -1.360666e+02 9.150000e+01 8.361472e+02
      vertex   -1.358393e+02 9.150000e+01 8.359607e+02
    endloop
  endfacet
  facet normal 0.000000e+00 -1.000000e+00 0.000000e+00
    outer loop
      vertex   -1.396023e+02 9.150000e+01 8.330944e+02
      vertex   -1.391981e+02 9.150000e+01 8.326019e+02
      vertex   -1.379607e+02 9.150000e+01 8.338393e+02
    endloop
  endfacet
  facet normal 0.000000e+00 -1.000000e+00 0.000000e+00
    outer loop
      vertex   -1.396023e+02 9.150000e+01 8.330944e+02
      vertex   -1.379607e+02 9.150000e+01 8.338393e+02
      vertex   -1.381472e+02 9.150000e+01 8.340666e+02
    endloop
  endfacet
  facet normal 0.000000e+00 -1.000000e+00 0.000000e+00
    outer loop
      vertex   -1.396023e+02 9.150000e+01 8.330944e+02
      vertex   -1.381472e+02 9.150000e+01 8.340666e+02
      vertex   -1.382858e+02 9.150000e+01 8.343260e+02
    endloop
  endfacet
  facet normal 0.000000e+00 -1.000000e+00 -0.000000e+00
    outer loop
      vertex   -1.356563e+02 9.150000e+01 8.379026e+02
      vertex   -1.363260e+02 9.150000e+01 8.362858e+02
      vertex   -1.350944e+02 9.150000e+01 8.376023e+02
    endloop
  endfacet
  facet normal 0.000000e+00 -1.000000e+00 0.000000e+00
    outer loop
      vertex   -1.399026e+02 9.150000e+01 8.336563e+02
      vertex   -1.396023e+02 9.150000e+01 8.330944e+02
      vertex   -1.382858e+02 9.150000e+01 8.343260e+02
    endloop
  endfacet
  facet normal 0.000000e+00 -1.000000e+00 0.000000e+00
    outer loop
      vertex   -1.362660e+02 9.150000e+01 8.380875e+02
      vertex   -1.366074e+02 9.150000e+01 8.363712e+02
      vertex   -1.363260e+02 9.150000e+01 8.362858e+02
    endloop
  endfacet
  facet normal 0.000000e+00 -1.000000e+00 -0.000000e+00
    outer loop
      vertex   -1.362660e+02 9.150000e+01 8.380875e+02
      vertex   -1.363260e+02 9.150000e+01 8.362858e+02
      vertex   -1.356563e+02 9.150000e+01 8.379026e+02
    endloop
  endfacet
  facet normal 0.000000e+00 -1.000000e+00 0.000000e+00
    outer loop
      vertex   -1.400875e+02 9.150000e+01 8.342660e+02
      vertex   -1.399026e+02 9.150000e+01 8.336563e+02
      vertex   -1.382858e+02 9.150000e+01 8.343260e+02
    endloop
  endfacet
  facet normal 0.000000e+00 -1.000000e+00 0.000000e+00
    outer loop
      vertex   -1.400875e+02 9.150000e+01 8.342660e+02
      vertex   -1.382858e+02 9.150000e+01 8.343260e+02
      vertex   -1.383712e+02 9.150000e+01 8.346074e+02
    endloop
  endfacet
  facet normal 0.000000e+00 -1.000000e+00 0.000000e+00
    outer loop
      vertex   -1.401500e+02 9.150000e+01 8.349000e+02
      vertex   -1.383712e+02 9.150000e+01 8.346074e+02
      vertex   -1.384000e+02 9.150000e+01 8.349000e+02
    endloop
  endfacet
  facet normal 0.000000e+00 -1.000000e+00 0.000000e+00
    outer loop
      vertex   -1.401500e+02 9.150000e+01 8.349000e+02
      vertex   -1.400875e+02 9.150000e+01 8.342660e+02
      vertex   -1.383712e+02 9.150000e+01 8.346074e+02
    endloop
  endfacet
  facet normal 0.000000e+00 -1.000000e+00 0.000000e+00
    outer loop
      vertex   -1.369000e+02 9.150000e+01 8.381500e+02
      vertex   -1.369000e+02 9.150000e+01 8.364000e+02
      vertex   -1.366074e+02 9.150000e+01 8.363712e+02
    endloop
  endfacet
  facet normal 0.000000e+00 -1.000000e+00 0.000000e+00
    outer loop
      vertex   -1.369000e+02 9.150000e+01 8.381500e+02
      vertex   -1.366074e+02 9.150000e+01 8.363712e+02
      vertex   -1.362660e+02 9.150000e+01 8.380875e+02
    endloop
  endfacet
  facet normal 0.000000e+00 -1.000000e+00 0.000000e+00
    outer loop
      vertex   -1.400875e+02 9.150000e+01 8.355340e+02
      vertex   -1.384000e+02 9.150000e+01 8.349000e+02
      vertex   -1.383712e+02 9.150000e+01 8.351926e+02
    endloop
  endfacet
  facet normal 0.000000e+00 -1.000000e+00 0.000000e+00
    outer loop
      vertex   -1.400875e+02 9.150000e+01 8.355340e+02
      vertex   -1.383712e+02 9.150000e+01 8.351926e+02
      vertex   -1.382858e+02 9.150000e+01 8.354740e+02
    endloop
  endfacet
  facet normal 0.000000e+00 -1.000000e+00 -0.000000e+00
    outer loop
      vertex   -1.400875e+02 9.150000e+01 8.355340e+02
      vertex   -1.401500e+02 9.150000e+01 8.349000e+02
      vertex   -1.384000e+02 9.150000e+01 8.349000e+02
    endloop
  endfacet
  facet normal 0.000000e+00 -1.000000e+00 0.000000e+00
    outer loop
      vertex   -1.375340e+02 9.150000e+01 8.380875e+02
      vertex   -1.374740e+02 9.150000e+01 8.362858e+02
      vertex   -1.371926e+02 9.150000e+01 8.363712e+02
    endloop
  endfacet
  facet normal 0.000000e+00 -1.000000e+00 0.000000e+00
    outer loop
      vertex   -1.375340e+02 9.150000e+01 8.380875e+02
      vertex   -1.371926e+02 9.150000e+01 8.363712e+02
      vertex   -1.369000e+02 9.150000e+01 8.364000e+02
    endloop
  endfacet
  facet normal 0.000000e+00 -1.000000e+00 0.000000e+00
    outer loop
      vertex   -1.375340e+02 9.150000e+01 8.380875e+02
      vertex   -1.369000e+02 9.150000e+01 8.364000e+02
      vertex   -1.369000e+02 9.150000e+01 8.381500e+02
    endloop
  endfacet
  facet normal 0.000000e+00 -1.000000e+00 -0.000000e+00
    outer loop
      vertex   -1.399026e+02 9.150000e+01 8.361437e+02
      vertex   -1.400875e+02 9.150000e+01 8.355340e+02
      vertex   -1.382858e+02 9.150000e+01 8.354740e+02
    endloop
  endfacet
  facet normal 0.000000e+00 -1.000000e+00 0.000000e+00
    outer loop
      vertex   -1.381437e+02 9.150000e+01 8.379026e+02
      vertex   -1.377334e+02 9.150000e+01 8.361472e+02
      vertex   -1.374740e+02 9.150000e+01 8.362858e+02
    endloop
  endfacet
  facet normal 0.000000e+00 -1.000000e+00 0.000000e+00
    outer loop
      vertex   -1.381437e+02 9.150000e+01 8.379026e+02
      vertex   -1.374740e+02 9.150000e+01 8.362858e+02
      vertex   -1.375340e+02 9.150000e+01 8.380875e+02
    endloop
  endfacet
  facet normal 0.000000e+00 -1.000000e+00 0.000000e+00
    outer loop
      vertex   -1.396023e+02 9.150000e+01 8.367056e+02
      vertex   -1.382858e+02 9.150000e+01 8.354740e+02
      vertex   -1.381472e+02 9.150000e+01 8.357334e+02
    endloop
  endfacet
  facet normal 0.000000e+00 -1.000000e+00 -0.000000e+00
    outer loop
      vertex   -1.396023e+02 9.150000e+01 8.367056e+02
      vertex   -1.399026e+02 9.150000e+01 8.361437e+02
      vertex   -1.382858e+02 9.150000e+01 8.354740e+02
    endloop
  endfacet
  facet normal 0.000000e+00 -1.000000e+00 0.000000e+00
    outer loop
      vertex   -1.387056e+02 9.150000e+01 8.376023e+02
      vertex   -1.377334e+02 9.150000e+01 8.361472e+02
      vertex   -1.381437e+02 9.150000e+01 8.379026e+02
    endloop
  endfacet
  facet normal 0.000000e+00 -1.000000e+00 0.000000e+00
    outer loop
      vertex   -1.391981e+02 9.150000e+01 8.371981e+02
      vertex   -1.381472e+02 9.150000e+01 8.357334e+02
      vertex   -1.379607e+02 9.150000e+01 8.359607e+02
    endloop
  endfacet
  facet normal 0.000000e+00 -1.000000e+00 0.000000e+00
    outer loop
      vertex   -1.391981e+02 9.150000e+01 8.371981e+02
      vertex   -1.379607e+02 9.150000e+01 8.359607e+02
      vertex   -1.377334e+02 9.150000e+01 8.361472e+02
    endloop
  endfacet
  facet normal 0.000000e+00 -1.000000e+00 -0.000000e+00
    outer loop
      vertex   -1.391981e+02 9.150000e+01 8.371981e+02
      vertex   -1.396023e+02 9.150000e+01 8.367056e+02
      vertex   -1.381472e+02 9.150000e+01 8.357334e+02
    endloop
  endfacet
  facet normal 0.000000e+00 -1.000000e+00 0.000000e+00
    outer loop
      vertex   -1.391981e+02 9.150000e+01 8.371981e+02
      vertex   -1.377334e+02 9.150000e+01 8.361472e+02
      vertex   -1.387056e+02 9.150000e+01 8.376023e+02
    endloop
  endfacet
  facet normal 9.951857e-01 0.000000e+00 -9.800727e-02
    outer loop
      vertex   -1.643712e+02 9.510000e+01 8.191926e+02
      vertex   -1.644000e+02 9.150000e+01 8.189000e+02
      vertex   -1.644000e+02 9.510000e+01 8.189000e+02
    endloop
  endfacet
  facet normal 9.951857e-01 0.000000e+00 -9.800727e-02
    outer loop
      vertex   -1.643712e+02 9.510000e+01 8.191926e+02
      vertex   -1.643712e+02 9.150000e+01 8.191926e+02
      vertex   -1.644000e+02 9.150000e+01 8.189000e+02
    endloop
  endfacet
  facet normal 9.569272e-01 0.000000e+00 -2.903278e-01
    outer loop
      vertex   -1.642858e+02 9.510000e+01 8.194740e+02
      vertex   -1.642858e+02 9.150000e+01 8.194740e+02
      vertex   -1.643712e+02 9.150000e+01 8.191926e+02
    endloop
  endfacet
  facet normal 9.569272e-01 0.000000e+00 -2.903278e-01
    outer loop
      vertex   -1.642858e+02 9.510000e+01 8.194740e+02
      vertex   -1.643712e+02 9.150000e+01 8.191926e+02
      vertex   -1.643712e+02 9.510000e+01 8.191926e+02
    endloop
  endfacet
  facet normal 8.819342e-01 0.000000e+00 -4.713725e-01
    outer loop
      vertex   -1.641472e+02 9.510000e+01 8.197334e+02
      vertex   -1.641472e+02 9.150000e+01 8.197334e+02
      vertex   -1.642858e+02 9.150000e+01 8.194740e+02
    endloop
  endfacet
  facet normal 8.819342e-01 0.000000e+00 -4.713725e-01
    outer loop
      vertex   -1.641472e+02 9.510000e+01 8.197334e+02
      vertex   -1.642858e+02 9.150000e+01 8.194740e+02
      vertex   -1.642858e+02 9.510000e+01 8.194740e+02
    endloop
  endfacet
  facet normal 7.730114e-01 0.000000e+00 -6.343922e-01
    outer loop
      vertex   -1.639607e+02 9.510000e+01 8.199607e+02
      vertex   -1.639607e+02 9.150000e+01 8.199607e+02
      vertex   -1.641472e+02 9.150000e+01 8.197334e+02
    endloop
  endfacet
  facet normal 7.730114e-01 0.000000e+00 -6.343922e-01
    outer loop
      vertex   -1.639607e+02 9.510000e+01 8.199607e+02
      vertex   -1.641472e+02 9.150000e+01 8.197334e+02
      vertex   -1.641472e+02 9.510000e+01 8.197334e+02
    endloop
  endfacet
  facet normal 6.343603e-01 0.000000e+00 -7.730375e-01
    outer loop
      vertex   -1.637334e+02 9.510000e+01 8.201472e+02
      vertex   -1.637334e+02 9.150000e+01 8.201472e+02
      vertex   -1.639607e+02 9.150000e+01 8.199607e+02
    endloop
  endfacet
  facet normal 4.714112e-01 0.000000e+00 -8.819135e-01
    outer loop
      vertex   -1.637334e+02 9.510000e+01 8.201472e+02
      vertex   -1.634740e+02 9.150000e+01 8.202858e+02
      vertex   -1.637334e+02 9.150000e+01 8.201472e+02
    endloop
  endfacet
  facet normal 6.343603e-01 0.000000e+00 -7.730375e-01
    outer loop
      vertex   -1.637334e+02 9.510000e+01 8.201472e+02
      vertex   -1.639607e+02 9.150000e+01 8.199607e+02
      vertex   -1.639607e+02 9.510000e+01 8.199607e+02
    endloop
  endfacet
  facet normal 4.714112e-01 0.000000e+00 -8.819135e-01
    outer loop
      vertex   -1.634740e+02 9.510000e+01 8.202858e+02
      vertex   -1.634740e+02 9.150000e+01 8.202858e+02
      vertex   -1.637334e+02 9.510000e+01 8.201472e+02
    endloop
  endfacet
  facet normal 2.902981e-01 0.000000e+00 -9.569363e-01
    outer loop
      vertex   -1.631926e+02 9.510000e+01 8.203712e+02
      vertex   -1.631926e+02 9.150000e+01 8.203712e+02
      vertex   -1.634740e+02 9.150000e+01 8.202858e+02
    endloop
  endfacet
  facet normal 2.902981e-01 0.000000e+00 -9.569363e-01
    outer loop
      vertex   -1.631926e+02 9.510000e+01 8.203712e+02
      vertex   -1.634740e+02 9.150000e+01 8.202858e+02
      vertex   -1.634740e+02 9.510000e+01 8.202858e+02
    endloop
  endfacet
  facet normal 9.800727e-02 0.000000e+00 -9.951857e-01
    outer loop
      vertex   -1.629000e+02 9.510000e+01 8.204000e+02
      vertex   -1.629000e+02 9.150000e+01 8.204000e+02
      vertex   -1.631926e+02 9.150000e+01 8.203712e+02
    endloop
  endfacet
  facet normal 9.800727e-02 0.000000e+00 -9.951857e-01
    outer loop
      vertex   -1.629000e+02 9.510000e+01 8.204000e+02
      vertex   -1.631926e+02 9.150000e+01 8.203712e+02
      vertex   -1.631926e+02 9.510000e+01 8.203712e+02
    endloop
  endfacet
  facet normal -9.801360e-02 0.000000e+00 -9.951851e-01
    outer loop
      vertex   -1.626074e+02 9.510000e+01 8.203712e+02
      vertex   -1.629000e+02 9.150000e+01 8.204000e+02
      vertex   -1.629000e+02 9.510000e+01 8.204000e+02
    endloop
  endfacet
  facet normal -9.801360e-02 -0.000000e+00 -9.951851e-01
    outer loop
      vertex   -1.626074e+02 9.510000e+01 8.203712e+02
      vertex   -1.626074e+02 9.150000e+01 8.203712e+02
      vertex   -1.629000e+02 9.150000e+01 8.204000e+02
    endloop
  endfacet
  facet normal -2.902981e-01 0.000000e+00 -9.569363e-01
    outer loop
      vertex   -1.623260e+02 9.510000e+01 8.202858e+02
      vertex   -1.626074e+02 9.150000e+01 8.203712e+02
      vertex   -1.626074e+02 9.510000e+01 8.203712e+02
    endloop
  endfacet
  facet normal -2.902981e-01 -0.000000e+00 -9.569363e-01
    outer loop
      vertex   -1.623260e+02 9.510000e+01 8.202858e+02
      vertex   -1.623260e+02 9.150000e+01 8.202858e+02
      vertex   -1.626074e+02 9.150000e+01 8.203712e+02
    endloop
  endfacet
  facet normal -4.713842e-01 -0.000000e+00 -8.819279e-01
    outer loop
      vertex   -1.623260e+02 9.510000e+01 8.202858e+02
      vertex   -1.620666e+02 9.150000e+01 8.201472e+02
      vertex   -1.623260e+02 9.150000e+01 8.202858e+02
    endloop
  endfacet
  facet normal -4.713842e-01 -0.000000e+00 -8.819279e-01
    outer loop
      vertex   -1.620666e+02 9.510000e+01 8.201472e+02
      vertex   -1.620666e+02 9.150000e+01 8.201472e+02
      vertex   -1.623260e+02 9.510000e+01 8.202858e+02
    endloop
  endfacet
  facet normal -6.343922e-01 0.000000e+00 -7.730114e-01
    outer loop
      vertex   -1.618393e+02 9.510000e+01 8.199607e+02
      vertex   -1.620666e+02 9.150000e+01 8.201472e+02
      vertex   -1.620666e+02 9.510000e+01 8.201472e+02
    endloop
  endfacet
  facet normal -6.343922e-01 -0.000000e+00 -7.730114e-01
    outer loop
      vertex   -1.618393e+02 9.510000e+01 8.199607e+02
      vertex   -1.618393e+02 9.150000e+01 8.199607e+02
      vertex   -1.620666e+02 9.150000e+01 8.201472e+02
    endloop
  endfacet
  facet normal -7.730114e-01 0.000000e+00 -6.343922e-01
    outer loop
      vertex   -1.616528e+02 9.510000e+01 8.197334e+02
      vertex   -1.618393e+02 9.150000e+01 8.199607e+02
      vertex   -1.618393e+02 9.510000e+01 8.199607e+02
    endloop
  endfacet
  facet normal -7.730114e-01 -0.000000e+00 -6.343922e-01
    outer loop
      vertex   -1.616528e+02 9.510000e+01 8.197334e+02
      vertex   -1.616528e+02 9.150000e+01 8.197334e+02
      vertex   -1.618393e+02 9.150000e+01 8.199607e+02
    endloop
  endfacet
  facet normal -8.819342e-01 0.000000e+00 -4.713725e-01
    outer loop
      vertex   -1.615142e+02 9.510000e+01 8.194740e+02
      vertex   -1.616528e+02 9.150000e+01 8.197334e+02
      vertex   -1.616528e+02 9.510000e+01 8.197334e+02
    endloop
  endfacet
  facet normal -8.819342e-01 -0.000000e+00 -4.713725e-01
    outer loop
      vertex   -1.615142e+02 9.510000e+01 8.194740e+02
      vertex   -1.615142e+02 9.150000e+01 8.194740e+02
      vertex   -1.616528e+02 9.150000e+01 8.197334e+02
    endloop
  endfacet
  facet normal -9.569272e-01 0.000000e+00 -2.903278e-01
    outer loop
      vertex   -1.614288e+02 9.510000e+01 8.191926e+02
      vertex   -1.615142e+02 9.150000e+01 8.194740e+02
      vertex   -1.615142e+02 9.510000e+01 8.194740e+02
    endloop
  endfacet
  facet normal -9.569272e-01 -0.000000e+00 -2.903278e-01
    outer loop
      vertex   -1.614288e+02 9.510000e+01 8.191926e+02
      vertex   -1.614288e+02 9.150000e+01 8.191926e+02
      vertex   -1.615142e+02 9.150000e+01 8.194740e+02
    endloop
  endfacet
  facet normal -9.951857e-01 0.000000e+00 -9.800727e-02
    outer loop
      vertex   -1.614000e+02 9.510000e+01 8.189000e+02
      vertex   -1.614288e+02 9.150000e+01 8.191926e+02
      vertex   -1.614288e+02 9.510000e+01 8.191926e+02
    endloop
  endfacet
  facet normal -9.951857e-01 -0.000000e+00 -9.800727e-02
    outer loop
      vertex   -1.614000e+02 9.510000e+01 8.189000e+02
      vertex   -1.614000e+02 9.150000e+01 8.189000e+02
      vertex   -1.614288e+02 9.150000e+01 8.191926e+02
    endloop
  endfacet
  facet normal -9.951854e-01 0.000000e+00 9.801044e-02
    outer loop
      vertex   -1.614288e+02 9.510000e+01 8.186074e+02
      vertex   -1.614000e+02 9.150000e+01 8.189000e+02
      vertex   -1.614000e+02 9.510000e+01 8.189000e+02
    endloop
  endfacet
  facet normal -9.951854e-01 0.000000e+00 9.801044e-02
    outer loop
      vertex   -1.614288e+02 9.510000e+01 8.186074e+02
      vertex   -1.614288e+02 9.150000e+01 8.186074e+02
      vertex   -1.614000e+02 9.150000e+01 8.189000e+02
    endloop
  endfacet
  facet normal -9.569272e-01 0.000000e+00 2.903278e-01
    outer loop
      vertex   -1.615142e+02 9.510000e+01 8.183260e+02
      vertex   -1.614288e+02 9.150000e+01 8.186074e+02
      vertex   -1.614288e+02 9.510000e+01 8.186074e+02
    endloop
  endfacet
  facet normal -9.569272e-01 0.000000e+00 2.903278e-01
    outer loop
      vertex   -1.615142e+02 9.510000e+01 8.183260e+02
      vertex   -1.615142e+02 9.150000e+01 8.183260e+02
      vertex   -1.614288e+02 9.150000e+01 8.186074e+02
    endloop
  endfacet
  facet normal -8.819342e-01 0.000000e+00 4.713725e-01
    outer loop
      vertex   -1.616528e+02 9.510000e+01 8.180666e+02
      vertex   -1.615142e+02 9.150000e+01 8.183260e+02
      vertex   -1.615142e+02 9.510000e+01 8.183260e+02
    endloop
  endfacet
  facet normal -8.819342e-01 0.000000e+00 4.713725e-01
    outer loop
      vertex   -1.616528e+02 9.510000e+01 8.180666e+02
      vertex   -1.616528e+02 9.150000e+01 8.180666e+02
      vertex   -1.615142e+02 9.150000e+01 8.183260e+02
    endloop
  endfacet
  facet normal -7.730114e-01 0.000000e+00 6.343922e-01
    outer loop
      vertex   -1.618393e+02 9.510000e+01 8.178393e+02
      vertex   -1.616528e+02 9.150000e+01 8.180666e+02
      vertex   -1.616528e+02 9.510000e+01 8.180666e+02
    endloop
  endfacet
  facet normal -7.730114e-01 0.000000e+00 6.343922e-01
    outer loop
      vertex   -1.618393e+02 9.510000e+01 8.178393e+02
      vertex   -1.618393e+02 9.150000e+01 8.178393e+02
      vertex   -1.616528e+02 9.150000e+01 8.180666e+02
    endloop
  endfacet
  facet normal -6.343922e-01 0.000000e+00 7.730114e-01
    outer loop
      vertex   -1.620666e+02 9.510000e+01 8.176528e+02
      vertex   -1.620666e+02 9.150000e+01 8.176528e+02
      vertex   -1.618393e+02 9.150000e+01 8.178393e+02
    endloop
  endfacet
  facet normal -6.343922e-01 0.000000e+00 7.730114e-01
    outer loop
      vertex   -1.620666e+02 9.510000e+01 8.176528e+02
      vertex   -1.618393e+02 9.150000e+01 8.178393e+02
      vertex   -1.618393e+02 9.510000e+01 8.178393e+02
    endloop
  endfacet
  facet normal -4.713842e-01 0.000000e+00 8.819279e-01
    outer loop
      vertex   -1.620666e+02 9.510000e+01 8.176528e+02
      vertex   -1.623260e+02 9.150000e+01 8.175142e+02
      vertex   -1.620666e+02 9.150000e+01 8.176528e+02
    endloop
  endfacet
  facet normal -4.713842e-01 0.000000e+00 8.819279e-01
    outer loop
      vertex   -1.623260e+02 9.510000e+01 8.175142e+02
      vertex   -1.623260e+02 9.150000e+01 8.175142e+02
      vertex   -1.620666e+02 9.510000e+01 8.176528e+02
    endloop
  endfacet
  facet normal -2.902981e-01 0.000000e+00 9.569363e-01
    outer loop
      vertex   -1.626074e+02 9.510000e+01 8.174288e+02
      vertex   -1.626074e+02 9.150000e+01 8.174288e+02
      vertex   -1.623260e+02 9.150000e+01 8.175142e+02
    endloop
  endfacet
  facet normal -2.902981e-01 0.000000e+00 9.569363e-01
    outer loop
      vertex   -1.626074e+02 9.510000e+01 8.174288e+02
      vertex   -1.623260e+02 9.150000e+01 8.175142e+02
      vertex   -1.623260e+02 9.510000e+01 8.175142e+02
    endloop
  endfacet
  facet normal -9.801360e-02 0.000000e+00 9.951851e-01
    outer loop
      vertex   -1.629000e+02 9.510000e+01 8.174000e+02
      vertex   -1.629000e+02 9.150000e+01 8.174000e+02
      vertex   -1.626074e+02 9.150000e+01 8.174288e+02
    endloop
  endfacet
  facet normal 9.800727e-02 0.000000e+00 9.951857e-01
    outer loop
      vertex   -1.629000e+02 9.510000e+01 8.174000e+02
      vertex   -1.631926e+02 9.150000e+01 8.174288e+02
      vertex   -1.629000e+02 9.150000e+01 8.174000e+02
    endloop
  endfacet
  facet normal -9.801360e-02 0.000000e+00 9.951851e-01
    outer loop
      vertex   -1.629000e+02 9.510000e+01 8.174000e+02
      vertex   -1.626074e+02 9.150000e+01 8.174288e+02
      vertex   -1.626074e+02 9.510000e+01 8.174288e+02
    endloop
  endfacet
  facet normal 9.800727e-02 0.000000e+00 9.951857e-01
    outer loop
      vertex   -1.631926e+02 9.510000e+01 8.174288e+02
      vertex   -1.631926e+02 9.150000e+01 8.174288e+02
      vertex   -1.629000e+02 9.510000e+01 8.174000e+02
    endloop
  endfacet
  facet normal 2.902981e-01 0.000000e+00 9.569363e-01
    outer loop
      vertex   -1.634740e+02 9.510000e+01 8.175142e+02
      vertex   -1.634740e+02 9.150000e+01 8.175142e+02
      vertex   -1.631926e+02 9.150000e+01 8.174288e+02
    endloop
  endfacet
  facet normal 4.714112e-01 0.000000e+00 8.819135e-01
    outer loop
      vertex   -1.634740e+02 9.510000e+01 8.175142e+02
      vertex   -1.637334e+02 9.150000e+01 8.176528e+02
      vertex   -1.634740e+02 9.150000e+01 8.175142e+02
    endloop
  endfacet
  facet normal 2.902981e-01 0.000000e+00 9.569363e-01
    outer loop
      vertex   -1.634740e+02 9.510000e+01 8.175142e+02
      vertex   -1.631926e+02 9.150000e+01 8.174288e+02
      vertex   -1.631926e+02 9.510000e+01 8.174288e+02
    endloop
  endfacet
  facet normal 4.714112e-01 0.000000e+00 8.819135e-01
    outer loop
      vertex   -1.637334e+02 9.510000e+01 8.176528e+02
      vertex   -1.637334e+02 9.150000e+01 8.176528e+02
      vertex   -1.634740e+02 9.510000e+01 8.175142e+02
    endloop
  endfacet
  facet normal 6.343603e-01 0.000000e+00 7.730375e-01
    outer loop
      vertex   -1.639607e+02 9.510000e+01 8.178393e+02
      vertex   -1.639607e+02 9.150000e+01 8.178393e+02
      vertex   -1.637334e+02 9.150000e+01 8.176528e+02
    endloop
  endfacet
  facet normal 6.343603e-01 0.000000e+00 7.730375e-01
    outer loop
      vertex   -1.639607e+02 9.510000e+01 8.178393e+02
      vertex   -1.637334e+02 9.150000e+01 8.176528e+02
      vertex   -1.637334e+02 9.510000e+01 8.176528e+02
    endloop
  endfacet
  facet normal 7.730114e-01 0.000000e+00 6.343922e-01
    outer loop
      vertex   -1.641472e+02 9.510000e+01 8.180666e+02
      vertex   -1.641472e+02 9.150000e+01 8.180666e+02
      vertex   -1.639607e+02 9.150000e+01 8.178393e+02
    endloop
  endfacet
  facet normal 8.819342e-01 0.000000e+00 4.713725e-01
    outer loop
      vertex   -1.641472e+02 9.510000e+01 8.180666e+02
      vertex   -1.642858e+02 9.150000e+01 8.183260e+02
      vertex   -1.641472e+02 9.150000e+01 8.180666e+02
    endloop
  endfacet
  facet normal 7.730114e-01 0.000000e+00 6.343922e-01
    outer loop
      vertex   -1.641472e+02 9.510000e+01 8.180666e+02
      vertex   -1.639607e+02 9.150000e+01 8.178393e+02
      vertex   -1.639607e+02 9.510000e+01 8.178393e+02
    endloop
  endfacet
  facet normal 8.819342e-01 0.000000e+00 4.713725e-01
    outer loop
      vertex   -1.642858e+02 9.510000e+01 8.183260e+02
      vertex   -1.642858e+02 9.150000e+01 8.183260e+02
      vertex   -1.641472e+02 9.510000e+01 8.180666e+02
    endloop
  endfacet
  facet normal 9.569272e-01 0.000000e+00 2.903278e-01
    outer loop
      vertex   -1.643712e+02 9.510000e+01 8.186074e+02
      vertex   -1.643712e+02 9.150000e+01 8.186074e+02
      vertex   -1.642858e+02 9.150000e+01 8.183260e+02
    endloop
  endfacet
  facet normal 9.951854e-01 0.000000e+00 9.801044e-02
    outer loop
      vertex   -1.643712e+02 9.510000e+01 8.186074e+02
      vertex   -1.644000e+02 9.150000e+01 8.189000e+02
      vertex   -1.643712e+02 9.150000e+01 8.186074e+02
    endloop
  endfacet
  facet normal 9.569272e-01 0.000000e+00 2.903278e-01
    outer loop
      vertex   -1.643712e+02 9.510000e+01 8.186074e+02
      vertex   -1.642858e+02 9.150000e+01 8.183260e+02
      vertex   -1.642858e+02 9.510000e+01 8.183260e+02
    endloop
  endfacet
  facet normal 9.951854e-01 0.000000e+00 9.801044e-02
    outer loop
      vertex   -1.644000e+02 9.510000e+01 8.189000e+02
      vertex   -1.644000e+02 9.150000e+01 8.189000e+02
      vertex   -1.643712e+02 9.510000e+01 8.186074e+02
    endloop
  endfacet
  facet normal 9.951857e-01 0.000000e+00 -9.800727e-02
    outer loop
      vertex   -1.383712e+02 9.510000e+01 8.191926e+02
      vertex   -1.384000e+02 9.150000e+01 8.189000e+02
      vertex   -1.384000e+02 9.510000e+01 8.189000e+02
    endloop
  endfacet
  facet normal 9.951857e-01 0.000000e+00 -9.800727e-02
    outer loop
      vertex   -1.383712e+02 9.510000e+01 8.191926e+02
      vertex   -1.383712e+02 9.150000e+01 8.191926e+02
      vertex   -1.384000e+02 9.150000e+01 8.189000e+02
    endloop
  endfacet
  facet normal 9.569363e-01 0.000000e+00 -2.902981e-01
    outer loop
      vertex   -1.382858e+02 9.510000e+01 8.194740e+02
      vertex   -1.382858e+02 9.150000e+01 8.194740e+02
      vertex   -1.383712e+02 9.150000e+01 8.191926e+02
    endloop
  endfacet
  facet normal 9.569363e-01 0.000000e+00 -2.902981e-01
    outer loop
      vertex   -1.382858e+02 9.510000e+01 8.194740e+02
      vertex   -1.383712e+02 9.150000e+01 8.191926e+02
      vertex   -1.383712e+02 9.510000e+01 8.191926e+02
    endloop
  endfacet
  facet normal 8.819207e-01 0.000000e+00 -4.713977e-01
    outer loop
      vertex   -1.381472e+02 9.510000e+01 8.197334e+02
      vertex   -1.381472e+02 9.150000e+01 8.197334e+02
      vertex   -1.382858e+02 9.150000e+01 8.194740e+02
    endloop
  endfacet
  facet normal 8.819207e-01 0.000000e+00 -4.713977e-01
    outer loop
      vertex   -1.381472e+02 9.510000e+01 8.197334e+02
      vertex   -1.382858e+02 9.150000e+01 8.194740e+02
      vertex   -1.382858e+02 9.510000e+01 8.194740e+02
    endloop
  endfacet
  facet normal 7.730114e-01 0.000000e+00 -6.343922e-01
    outer loop
      vertex   -1.379607e+02 9.510000e+01 8.199607e+02
      vertex   -1.379607e+02 9.150000e+01 8.199607e+02
      vertex   -1.381472e+02 9.150000e+01 8.197334e+02
    endloop
  endfacet
  facet normal 7.730114e-01 0.000000e+00 -6.343922e-01
    outer loop
      vertex   -1.379607e+02 9.510000e+01 8.199607e+02
      vertex   -1.381472e+02 9.150000e+01 8.197334e+02
      vertex   -1.381472e+02 9.510000e+01 8.197334e+02
    endloop
  endfacet
  facet normal 6.343762e-01 0.000000e+00 -7.730244e-01
    outer loop
      vertex   -1.377334e+02 9.510000e+01 8.201472e+02
      vertex   -1.377334e+02 9.150000e+01 8.201472e+02
      vertex   -1.379607e+02 9.150000e+01 8.199607e+02
    endloop
  endfacet
  facet normal 4.714112e-01 0.000000e+00 -8.819135e-01
    outer loop
      vertex   -1.377334e+02 9.510000e+01 8.201472e+02
      vertex   -1.374740e+02 9.150000e+01 8.202858e+02
      vertex   -1.377334e+02 9.150000e+01 8.201472e+02
    endloop
  endfacet
  facet normal 6.343762e-01 0.000000e+00 -7.730244e-01
    outer loop
      vertex   -1.377334e+02 9.510000e+01 8.201472e+02
      vertex   -1.379607e+02 9.150000e+01 8.199607e+02
      vertex   -1.379607e+02 9.510000e+01 8.199607e+02
    endloop
  endfacet
  facet normal 4.714112e-01 0.000000e+00 -8.819135e-01
    outer loop
      vertex   -1.374740e+02 9.510000e+01 8.202858e+02
      vertex   -1.374740e+02 9.150000e+01 8.202858e+02
      vertex   -1.377334e+02 9.510000e+01 8.201472e+02
    endloop
  endfacet
  facet normal 2.902981e-01 0.000000e+00 -9.569363e-01
    outer loop
      vertex   -1.371926e+02 9.510000e+01 8.203712e+02
      vertex   -1.371926e+02 9.150000e+01 8.203712e+02
      vertex   -1.374740e+02 9.150000e+01 8.202858e+02
    endloop
  endfacet
  facet normal 2.902981e-01 0.000000e+00 -9.569363e-01
    outer loop
      vertex   -1.371926e+02 9.510000e+01 8.203712e+02
      vertex   -1.374740e+02 9.150000e+01 8.202858e+02
      vertex   -1.374740e+02 9.510000e+01 8.202858e+02
    endloop
  endfacet
  facet normal 9.800727e-02 0.000000e+00 -9.951857e-01
    outer loop
      vertex   -1.369000e+02 9.510000e+01 8.204000e+02
      vertex   -1.369000e+02 9.150000e+01 8.204000e+02
      vertex   -1.371926e+02 9.150000e+01 8.203712e+02
    endloop
  endfacet
  facet normal 9.800727e-02 0.000000e+00 -9.951857e-01
    outer loop
      vertex   -1.369000e+02 9.510000e+01 8.204000e+02
      vertex   -1.371926e+02 9.150000e+01 8.203712e+02
      vertex   -1.371926e+02 9.510000e+01 8.203712e+02
    endloop
  endfacet
  facet normal -9.801044e-02 0.000000e+00 -9.951854e-01
    outer loop
      vertex   -1.366074e+02 9.510000e+01 8.203712e+02
      vertex   -1.369000e+02 9.150000e+01 8.204000e+02
      vertex   -1.369000e+02 9.510000e+01 8.204000e+02
    endloop
  endfacet
  facet normal -9.801044e-02 -0.000000e+00 -9.951854e-01
    outer loop
      vertex   -1.366074e+02 9.510000e+01 8.203712e+02
      vertex   -1.366074e+02 9.150000e+01 8.203712e+02
      vertex   -1.369000e+02 9.150000e+01 8.204000e+02
    endloop
  endfacet
  facet normal -2.902981e-01 0.000000e+00 -9.569363e-01
    outer loop
      vertex   -1.363260e+02 9.510000e+01 8.202858e+02
      vertex   -1.366074e+02 9.150000e+01 8.203712e+02
      vertex   -1.366074e+02 9.510000e+01 8.203712e+02
    endloop
  endfacet
  facet normal -2.902981e-01 -0.000000e+00 -9.569363e-01
    outer loop
      vertex   -1.363260e+02 9.510000e+01 8.202858e+02
      vertex   -1.363260e+02 9.150000e+01 8.202858e+02
      vertex   -1.366074e+02 9.150000e+01 8.203712e+02
    endloop
  endfacet
  facet normal -4.713977e-01 -0.000000e+00 -8.819207e-01
    outer loop
      vertex   -1.363260e+02 9.510000e+01 8.202858e+02
      vertex   -1.360666e+02 9.150000e+01 8.201472e+02
      vertex   -1.363260e+02 9.150000e+01 8.202858e+02
    endloop
  endfacet
  facet normal -4.713977e-01 -0.000000e+00 -8.819207e-01
    outer loop
      vertex   -1.360666e+02 9.510000e+01 8.201472e+02
      vertex   -1.360666e+02 9.150000e+01 8.201472e+02
      vertex   -1.363260e+02 9.510000e+01 8.202858e+02
    endloop
  endfacet
  facet normal -6.343922e-01 0.000000e+00 -7.730114e-01
    outer loop
      vertex   -1.358393e+02 9.510000e+01 8.199607e+02
      vertex   -1.360666e+02 9.150000e+01 8.201472e+02
      vertex   -1.360666e+02 9.510000e+01 8.201472e+02
    endloop
  endfacet
  facet normal -6.343922e-01 -0.000000e+00 -7.730114e-01
    outer loop
      vertex   -1.358393e+02 9.510000e+01 8.199607e+02
      vertex   -1.358393e+02 9.150000e+01 8.199607e+02
      vertex   -1.360666e+02 9.150000e+01 8.201472e+02
    endloop
  endfacet
  facet normal -7.730114e-01 0.000000e+00 -6.343922e-01
    outer loop
      vertex   -1.356528e+02 9.510000e+01 8.197334e+02
      vertex   -1.358393e+02 9.150000e+01 8.199607e+02
      vertex   -1.358393e+02 9.510000e+01 8.199607e+02
    endloop
  endfacet
  facet normal -7.730114e-01 -0.000000e+00 -6.343922e-01
    outer loop
      vertex   -1.356528e+02 9.510000e+01 8.197334e+02
      vertex   -1.356528e+02 9.150000e+01 8.197334e+02
      vertex   -1.358393e+02 9.150000e+01 8.199607e+02
    endloop
  endfacet
  facet normal -8.819073e-01 0.000000e+00 -4.714229e-01
    outer loop
      vertex   -1.355142e+02 9.510000e+01 8.194740e+02
      vertex   -1.356528e+02 9.150000e+01 8.197334e+02
      vertex   -1.356528e+02 9.510000e+01 8.197334e+02
    endloop
  endfacet
  facet normal -8.819073e-01 -0.000000e+00 -4.714229e-01
    outer loop
      vertex   -1.355142e+02 9.510000e+01 8.194740e+02
      vertex   -1.355142e+02 9.150000e+01 8.194740e+02
      vertex   -1.356528e+02 9.150000e+01 8.197334e+02
    endloop
  endfacet
  facet normal -9.569453e-01 0.000000e+00 -2.902684e-01
    outer loop
      vertex   -1.354288e+02 9.510000e+01 8.191926e+02
      vertex   -1.355142e+02 9.150000e+01 8.194740e+02
      vertex   -1.355142e+02 9.510000e+01 8.194740e+02
    endloop
  endfacet
  facet normal -9.569453e-01 -0.000000e+00 -2.902684e-01
    outer loop
      vertex   -1.354288e+02 9.510000e+01 8.191926e+02
      vertex   -1.354288e+02 9.150000e+01 8.191926e+02
      vertex   -1.355142e+02 9.150000e+01 8.194740e+02
    endloop
  endfacet
  facet normal -9.951857e-01 0.000000e+00 -9.800727e-02
    outer loop
      vertex   -1.354000e+02 9.510000e+01 8.189000e+02
      vertex   -1.354288e+02 9.150000e+01 8.191926e+02
      vertex   -1.354288e+02 9.510000e+01 8.191926e+02
    endloop
  endfacet
  facet normal -9.951857e-01 -0.000000e+00 -9.800727e-02
    outer loop
      vertex   -1.354000e+02 9.510000e+01 8.189000e+02
      vertex   -1.354000e+02 9.150000e+01 8.189000e+02
      vertex   -1.354288e+02 9.150000e+01 8.191926e+02
    endloop
  endfacet
  facet normal -9.951854e-01 0.000000e+00 9.801044e-02
    outer loop
      vertex   -1.354288e+02 9.510000e+01 8.186074e+02
      vertex   -1.354000e+02 9.150000e+01 8.189000e+02
      vertex   -1.354000e+02 9.510000e+01 8.189000e+02
    endloop
  endfacet
  facet normal -9.951854e-01 0.000000e+00 9.801044e-02
    outer loop
      vertex   -1.354288e+02 9.510000e+01 8.186074e+02
      vertex   -1.354288e+02 9.150000e+01 8.186074e+02
      vertex   -1.354000e+02 9.150000e+01 8.189000e+02
    endloop
  endfacet
  facet normal -9.569453e-01 0.000000e+00 2.902684e-01
    outer loop
      vertex   -1.355142e+02 9.510000e+01 8.183260e+02
      vertex   -1.354288e+02 9.150000e+01 8.186074e+02
      vertex   -1.354288e+02 9.510000e+01 8.186074e+02
    endloop
  endfacet
  facet normal -9.569453e-01 0.000000e+00 2.902684e-01
    outer loop
      vertex   -1.355142e+02 9.510000e+01 8.183260e+02
      vertex   -1.355142e+02 9.150000e+01 8.183260e+02
      vertex   -1.354288e+02 9.150000e+01 8.186074e+02
    endloop
  endfacet
  facet normal -8.819073e-01 0.000000e+00 4.714229e-01
    outer loop
      vertex   -1.356528e+02 9.510000e+01 8.180666e+02
      vertex   -1.355142e+02 9.150000e+01 8.183260e+02
      vertex   -1.355142e+02 9.510000e+01 8.183260e+02
    endloop
  endfacet
  facet normal -8.819073e-01 0.000000e+00 4.714229e-01
    outer loop
      vertex   -1.356528e+02 9.510000e+01 8.180666e+02
      vertex   -1.356528e+02 9.150000e+01 8.180666e+02
      vertex   -1.355142e+02 9.150000e+01 8.183260e+02
    endloop
  endfacet
  facet normal -7.730114e-01 0.000000e+00 6.343922e-01
    outer loop
      vertex   -1.358393e+02 9.510000e+01 8.178393e+02
      vertex   -1.356528e+02 9.150000e+01 8.180666e+02
      vertex   -1.356528e+02 9.510000e+01 8.180666e+02
    endloop
  endfacet
  facet normal -7.730114e-01 0.000000e+00 6.343922e-01
    outer loop
      vertex   -1.358393e+02 9.510000e+01 8.178393e+02
      vertex   -1.358393e+02 9.150000e+01 8.178393e+02
      vertex   -1.356528e+02 9.150000e+01 8.180666e+02
    endloop
  endfacet
  facet normal -6.343922e-01 0.000000e+00 7.730114e-01
    outer loop
      vertex   -1.360666e+02 9.510000e+01 8.176528e+02
      vertex   -1.360666e+02 9.150000e+01 8.176528e+02
      vertex   -1.358393e+02 9.150000e+01 8.178393e+02
    endloop
  endfacet
  facet normal -6.343922e-01 0.000000e+00 7.730114e-01
    outer loop
      vertex   -1.360666e+02 9.510000e+01 8.176528e+02
      vertex   -1.358393e+02 9.150000e+01 8.178393e+02
      vertex   -1.358393e+02 9.510000e+01 8.178393e+02
    endloop
  endfacet
  facet normal -4.713977e-01 0.000000e+00 8.819207e-01
    outer loop
      vertex   -1.360666e+02 9.510000e+01 8.176528e+02
      vertex   -1.363260e+02 9.150000e+01 8.175142e+02
      vertex   -1.360666e+02 9.150000e+01 8.176528e+02
    endloop
  endfacet
  facet normal -4.713977e-01 0.000000e+00 8.819207e-01
    outer loop
      vertex   -1.363260e+02 9.510000e+01 8.175142e+02
      vertex   -1.363260e+02 9.150000e+01 8.175142e+02
      vertex   -1.360666e+02 9.510000e+01 8.176528e+02
    endloop
  endfacet
  facet normal -2.902981e-01 0.000000e+00 9.569363e-01
    outer loop
      vertex   -1.366074e+02 9.510000e+01 8.174288e+02
      vertex   -1.366074e+02 9.150000e+01 8.174288e+02
      vertex   -1.363260e+02 9.150000e+01 8.175142e+02
    endloop
  endfacet
  facet normal -2.902981e-01 0.000000e+00 9.569363e-01
    outer loop
      vertex   -1.366074e+02 9.510000e+01 8.174288e+02
      vertex   -1.363260e+02 9.150000e+01 8.175142e+02
      vertex   -1.363260e+02 9.510000e+01 8.175142e+02
    endloop
  endfacet
  facet normal -9.801044e-02 0.000000e+00 9.951854e-01
    outer loop
      vertex   -1.369000e+02 9.510000e+01 8.174000e+02
      vertex   -1.369000e+02 9.150000e+01 8.174000e+02
      vertex   -1.366074e+02 9.150000e+01 8.174288e+02
    endloop
  endfacet
  facet normal 9.800727e-02 0.000000e+00 9.951857e-01
    outer loop
      vertex   -1.369000e+02 9.510000e+01 8.174000e+02
      vertex   -1.371926e+02 9.150000e+01 8.174288e+02
      vertex   -1.369000e+02 9.150000e+01 8.174000e+02
    endloop
  endfacet
  facet normal -9.801044e-02 0.000000e+00 9.951854e-01
    outer loop
      vertex   -1.369000e+02 9.510000e+01 8.174000e+02
      vertex   -1.366074e+02 9.150000e+01 8.174288e+02
      vertex   -1.366074e+02 9.510000e+01 8.174288e+02
    endloop
  endfacet
  facet normal 9.800727e-02 0.000000e+00 9.951857e-01
    outer loop
      vertex   -1.371926e+02 9.510000e+01 8.174288e+02
      vertex   -1.371926e+02 9.150000e+01 8.174288e+02
      vertex   -1.369000e+02 9.510000e+01 8.174000e+02
    endloop
  endfacet
  facet normal 2.902981e-01 0.000000e+00 9.569363e-01
    outer loop
      vertex   -1.374740e+02 9.510000e+01 8.175142e+02
      vertex   -1.374740e+02 9.150000e+01 8.175142e+02
      vertex   -1.371926e+02 9.150000e+01 8.174288e+02
    endloop
  endfacet
  facet normal 4.714112e-01 0.000000e+00 8.819135e-01
    outer loop
      vertex   -1.374740e+02 9.510000e+01 8.175142e+02
      vertex   -1.377334e+02 9.150000e+01 8.176528e+02
      vertex   -1.374740e+02 9.150000e+01 8.175142e+02
    endloop
  endfacet
  facet normal 2.902981e-01 0.000000e+00 9.569363e-01
    outer loop
      vertex   -1.374740e+02 9.510000e+01 8.175142e+02
      vertex   -1.371926e+02 9.150000e+01 8.174288e+02
      vertex   -1.371926e+02 9.510000e+01 8.174288e+02
    endloop
  endfacet
  facet normal 4.714112e-01 0.000000e+00 8.819135e-01
    outer loop
      vertex   -1.377334e+02 9.510000e+01 8.176528e+02
      vertex   -1.377334e+02 9.150000e+01 8.176528e+02
      vertex   -1.374740e+02 9.510000e+01 8.175142e+02
    endloop
  endfacet
  facet normal 6.343762e-01 0.000000e+00 7.730244e-01
    outer loop
      vertex   -1.379607e+02 9.510000e+01 8.178393e+02
      vertex   -1.379607e+02 9.150000e+01 8.178393e+02
      vertex   -1.377334e+02 9.150000e+01 8.176528e+02
    endloop
  endfacet
  facet normal 6.343762e-01 0.000000e+00 7.730244e-01
    outer loop
      vertex   -1.379607e+02 9.510000e+01 8.178393e+02
      vertex   -1.377334e+02 9.150000e+01 8.176528e+02
      vertex   -1.377334e+02 9.510000e+01 8.176528e+02
    endloop
  endfacet
  facet normal 7.730114e-01 0.000000e+00 6.343922e-01
    outer loop
      vertex   -1.381472e+02 9.510000e+01 8.180666e+02
      vertex   -1.381472e+02 9.150000e+01 8.180666e+02
      vertex   -1.379607e+02 9.150000e+01 8.178393e+02
    endloop
  endfacet
  facet normal 8.819207e-01 0.000000e+00 4.713977e-01
    outer loop
      vertex   -1.381472e+02 9.510000e+01 8.180666e+02
      vertex   -1.382858e+02 9.150000e+01 8.183260e+02
      vertex   -1.381472e+02 9.150000e+01 8.180666e+02
    endloop
  endfacet
  facet normal 7.730114e-01 0.000000e+00 6.343922e-01
    outer loop
      vertex   -1.381472e+02 9.510000e+01 8.180666e+02
      vertex   -1.379607e+02 9.150000e+01 8.178393e+02
      vertex   -1.379607e+02 9.510000e+01 8.178393e+02
    endloop
  endfacet
  facet normal 8.819207e-01 0.000000e+00 4.713977e-01
    outer loop
      vertex   -1.382858e+02 9.510000e+01 8.183260e+02
      vertex   -1.382858e+02 9.150000e+01 8.183260e+02
      vertex   -1.381472e+02 9.510000e+01 8.180666e+02
    endloop
  endfacet
  facet normal 9.569363e-01 0.000000e+00 2.902981e-01
    outer loop
      vertex   -1.383712e+02 9.510000e+01 8.186074e+02
      vertex   -1.383712e+02 9.150000e+01 8.186074e+02
      vertex   -1.382858e+02 9.150000e+01 8.183260e+02
    endloop
  endfacet
  facet normal 9.951854e-01 0.000000e+00 9.801044e-02
    outer loop
      vertex   -1.383712e+02 9.510000e+01 8.186074e+02
      vertex   -1.384000e+02 9.150000e+01 8.189000e+02
      vertex   -1.383712e+02 9.150000e+01 8.186074e+02
    endloop
  endfacet
  facet normal 9.569363e-01 0.000000e+00 2.902981e-01
    outer loop
      vertex   -1.383712e+02 9.510000e+01 8.186074e+02
      vertex   -1.382858e+02 9.150000e+01 8.183260e+02
      vertex   -1.382858e+02 9.510000e+01 8.183260e+02
    endloop
  endfacet
  facet normal 9.951854e-01 0.000000e+00 9.801044e-02
    outer loop
      vertex   -1.384000e+02 9.510000e+01 8.189000e+02
      vertex   -1.384000e+02 9.150000e+01 8.189000e+02
      vertex   -1.383712e+02 9.510000e+01 8.186074e+02
    endloop
  endfacet
  facet normal 9.951854e-01 0.000000e+00 -9.801044e-02
    outer loop
      vertex   -1.643712e+02 9.510000e+01 7.931926e+02
      vertex   -1.644000e+02 9.150000e+01 7.929000e+02
      vertex   -1.644000e+02 9.510000e+01 7.929000e+02
    endloop
  endfacet
  facet normal 9.951854e-01 0.000000e+00 -9.801044e-02
    outer loop
      vertex   -1.643712e+02 9.510000e+01 7.931926e+02
      vertex   -1.643712e+02 9.150000e+01 7.931926e+02
      vertex   -1.644000e+02 9.150000e+01 7.929000e+02
    endloop
  endfacet
  facet normal 9.569272e-01 0.000000e+00 -2.903278e-01
    outer loop
      vertex   -1.642858e+02 9.510000e+01 7.934740e+02
      vertex   -1.642858e+02 9.150000e+01 7.934740e+02
      vertex   -1.643712e+02 9.150000e+01 7.931926e+02
    endloop
  endfacet
  facet normal 9.569272e-01 0.000000e+00 -2.903278e-01
    outer loop
      vertex   -1.642858e+02 9.510000e+01 7.934740e+02
      vertex   -1.643712e+02 9.150000e+01 7.931926e+02
      vertex   -1.643712e+02 9.510000e+01 7.931926e+02
    endloop
  endfacet
  facet normal 8.819342e-01 0.000000e+00 -4.713725e-01
    outer loop
      vertex   -1.641472e+02 9.510000e+01 7.937334e+02
      vertex   -1.641472e+02 9.150000e+01 7.937334e+02
      vertex   -1.642858e+02 9.150000e+01 7.934740e+02
    endloop
  endfacet
  facet normal 8.819342e-01 0.000000e+00 -4.713725e-01
    outer loop
      vertex   -1.641472e+02 9.510000e+01 7.937334e+02
      vertex   -1.642858e+02 9.150000e+01 7.934740e+02
      vertex   -1.642858e+02 9.510000e+01 7.934740e+02
    endloop
  endfacet
  facet normal 7.730244e-01 0.000000e+00 -6.343762e-01
    outer loop
      vertex   -1.639607e+02 9.510000e+01 7.939607e+02
      vertex   -1.639607e+02 9.150000e+01 7.939607e+02
      vertex   -1.641472e+02 9.150000e+01 7.937334e+02
    endloop
  endfacet
  facet normal 7.730244e-01 0.000000e+00 -6.343762e-01
    outer loop
      vertex   -1.639607e+02 9.510000e+01 7.939607e+02
      vertex   -1.641472e+02 9.150000e+01 7.937334e+02
      vertex   -1.641472e+02 9.510000e+01 7.937334e+02
    endloop
  endfacet
  facet normal 6.343603e-01 0.000000e+00 -7.730375e-01
    outer loop
      vertex   -1.637334e+02 9.510000e+01 7.941472e+02
      vertex   -1.637334e+02 9.150000e+01 7.941472e+02
      vertex   -1.639607e+02 9.150000e+01 7.939607e+02
    endloop
  endfacet
  facet normal 4.713860e-01 0.000000e+00 -8.819270e-01
    outer loop
      vertex   -1.637334e+02 9.510000e+01 7.941472e+02
      vertex   -1.634740e+02 9.150000e+01 7.942858e+02
      vertex   -1.637334e+02 9.150000e+01 7.941472e+02
    endloop
  endfacet
  facet normal 6.343603e-01 0.000000e+00 -7.730375e-01
    outer loop
      vertex   -1.637334e+02 9.510000e+01 7.941472e+02
      vertex   -1.639607e+02 9.150000e+01 7.939607e+02
      vertex   -1.639607e+02 9.510000e+01 7.939607e+02
    endloop
  endfacet
  facet normal 4.713860e-01 0.000000e+00 -8.819270e-01
    outer loop
      vertex   -1.634740e+02 9.510000e+01 7.942858e+02
      vertex   -1.634740e+02 9.150000e+01 7.942858e+02
      vertex   -1.637334e+02 9.510000e+01 7.941472e+02
    endloop
  endfacet
  facet normal 2.903278e-01 0.000000e+00 -9.569272e-01
    outer loop
      vertex   -1.631926e+02 9.510000e+01 7.943712e+02
      vertex   -1.631926e+02 9.150000e+01 7.943712e+02
      vertex   -1.634740e+02 9.150000e+01 7.942858e+02
    endloop
  endfacet
  facet normal 2.903278e-01 0.000000e+00 -9.569272e-01
    outer loop
      vertex   -1.631926e+02 9.510000e+01 7.943712e+02
      vertex   -1.634740e+02 9.150000e+01 7.942858e+02
      vertex   -1.634740e+02 9.510000e+01 7.942858e+02
    endloop
  endfacet
  facet normal 9.800727e-02 0.000000e+00 -9.951857e-01
    outer loop
      vertex   -1.629000e+02 9.510000e+01 7.944000e+02
      vertex   -1.629000e+02 9.150000e+01 7.944000e+02
      vertex   -1.631926e+02 9.150000e+01 7.943712e+02
    endloop
  endfacet
  facet normal 9.800727e-02 0.000000e+00 -9.951857e-01
    outer loop
      vertex   -1.629000e+02 9.510000e+01 7.944000e+02
      vertex   -1.631926e+02 9.150000e+01 7.943712e+02
      vertex   -1.631926e+02 9.510000e+01 7.943712e+02
    endloop
  endfacet
  facet normal -9.801360e-02 0.000000e+00 -9.951851e-01
    outer loop
      vertex   -1.626074e+02 9.510000e+01 7.943712e+02
      vertex   -1.629000e+02 9.150000e+01 7.944000e+02
      vertex   -1.629000e+02 9.510000e+01 7.944000e+02
    endloop
  endfacet
  facet normal -9.801360e-02 -0.000000e+00 -9.951851e-01
    outer loop
      vertex   -1.626074e+02 9.510000e+01 7.943712e+02
      vertex   -1.626074e+02 9.150000e+01 7.943712e+02
      vertex   -1.629000e+02 9.150000e+01 7.944000e+02
    endloop
  endfacet
  facet normal -2.903278e-01 0.000000e+00 -9.569272e-01
    outer loop
      vertex   -1.623260e+02 9.510000e+01 7.942858e+02
      vertex   -1.626074e+02 9.150000e+01 7.943712e+02
      vertex   -1.626074e+02 9.510000e+01 7.943712e+02
    endloop
  endfacet
  facet normal -2.903278e-01 -0.000000e+00 -9.569272e-01
    outer loop
      vertex   -1.623260e+02 9.510000e+01 7.942858e+02
      vertex   -1.623260e+02 9.150000e+01 7.942858e+02
      vertex   -1.626074e+02 9.150000e+01 7.943712e+02
    endloop
  endfacet
  facet normal -4.713590e-01 -0.000000e+00 -8.819414e-01
    outer loop
      vertex   -1.623260e+02 9.510000e+01 7.942858e+02
      vertex   -1.620666e+02 9.150000e+01 7.941472e+02
      vertex   -1.623260e+02 9.150000e+01 7.942858e+02
    endloop
  endfacet
  facet normal -4.713590e-01 -0.000000e+00 -8.819414e-01
    outer loop
      vertex   -1.620666e+02 9.510000e+01 7.941472e+02
      vertex   -1.620666e+02 9.150000e+01 7.941472e+02
      vertex   -1.623260e+02 9.510000e+01 7.942858e+02
    endloop
  endfacet
  facet normal -6.343922e-01 0.000000e+00 -7.730114e-01
    outer loop
      vertex   -1.618393e+02 9.510000e+01 7.939607e+02
      vertex   -1.620666e+02 9.150000e+01 7.941472e+02
      vertex   -1.620666e+02 9.510000e+01 7.941472e+02
    endloop
  endfacet
  facet normal -6.343922e-01 -0.000000e+00 -7.730114e-01
    outer loop
      vertex   -1.618393e+02 9.510000e+01 7.939607e+02
      vertex   -1.618393e+02 9.150000e+01 7.939607e+02
      vertex   -1.620666e+02 9.150000e+01 7.941472e+02
    endloop
  endfacet
  facet normal -7.730244e-01 0.000000e+00 -6.343762e-01
    outer loop
      vertex   -1.616528e+02 9.510000e+01 7.937334e+02
      vertex   -1.618393e+02 9.150000e+01 7.939607e+02
      vertex   -1.618393e+02 9.510000e+01 7.939607e+02
    endloop
  endfacet
  facet normal -7.730244e-01 -0.000000e+00 -6.343762e-01
    outer loop
      vertex   -1.616528e+02 9.510000e+01 7.937334e+02
      vertex   -1.616528e+02 9.150000e+01 7.937334e+02
      vertex   -1.618393e+02 9.150000e+01 7.939607e+02
    endloop
  endfacet
  facet normal -8.819342e-01 0.000000e+00 -4.713725e-01
    outer loop
      vertex   -1.615142e+02 9.510000e+01 7.934740e+02
      vertex   -1.616528e+02 9.150000e+01 7.937334e+02
      vertex   -1.616528e+02 9.510000e+01 7.937334e+02
    endloop
  endfacet
  facet normal -8.819342e-01 -0.000000e+00 -4.713725e-01
    outer loop
      vertex   -1.615142e+02 9.510000e+01 7.934740e+02
      vertex   -1.615142e+02 9.150000e+01 7.934740e+02
      vertex   -1.616528e+02 9.150000e+01 7.937334e+02
    endloop
  endfacet
  facet normal -9.569272e-01 0.000000e+00 -2.903278e-01
    outer loop
      vertex   -1.614288e+02 9.510000e+01 7.931926e+02
      vertex   -1.615142e+02 9.150000e+01 7.934740e+02
      vertex   -1.615142e+02 9.510000e+01 7.934740e+02
    endloop
  endfacet
  facet normal -9.569272e-01 -0.000000e+00 -2.903278e-01
    outer loop
      vertex   -1.614288e+02 9.510000e+01 7.931926e+02
      vertex   -1.614288e+02 9.150000e+01 7.931926e+02
      vertex   -1.615142e+02 9.150000e+01 7.934740e+02
    endloop
  endfacet
  facet normal -9.951854e-01 0.000000e+00 -9.801044e-02
    outer loop
      vertex   -1.614000e+02 9.510000e+01 7.929000e+02
      vertex   -1.614288e+02 9.150000e+01 7.931926e+02
      vertex   -1.614288e+02 9.510000e+01 7.931926e+02
    endloop
  endfacet
  facet normal -9.951854e-01 -0.000000e+00 -9.801044e-02
    outer loop
      vertex   -1.614000e+02 9.510000e+01 7.929000e+02
      vertex   -1.614000e+02 9.150000e+01 7.929000e+02
      vertex   -1.614288e+02 9.150000e+01 7.931926e+02
    endloop
  endfacet
  facet normal -9.951854e-01 0.000000e+00 9.801044e-02
    outer loop
      vertex   -1.614288e+02 9.510000e+01 7.926074e+02
      vertex   -1.614000e+02 9.150000e+01 7.929000e+02
      vertex   -1.614000e+02 9.510000e+01 7.929000e+02
    endloop
  endfacet
  facet normal -9.951854e-01 0.000000e+00 9.801044e-02
    outer loop
      vertex   -1.614288e+02 9.510000e+01 7.926074e+02
      vertex   -1.614288e+02 9.150000e+01 7.926074e+02
      vertex   -1.614000e+02 9.150000e+01 7.929000e+02
    endloop
  endfacet
  facet normal -9.569272e-01 0.000000e+00 2.903278e-01
    outer loop
      vertex   -1.615142e+02 9.510000e+01 7.923260e+02
      vertex   -1.614288e+02 9.150000e+01 7.926074e+02
      vertex   -1.614288e+02 9.510000e+01 7.926074e+02
    endloop
  endfacet
  facet normal -9.569272e-01 0.000000e+00 2.903278e-01
    outer loop
      vertex   -1.615142e+02 9.510000e+01 7.923260e+02
      vertex   -1.615142e+02 9.150000e+01 7.923260e+02
      vertex   -1.614288e+02 9.150000e+01 7.926074e+02
    endloop
  endfacet
  facet normal -8.819342e-01 0.000000e+00 4.713725e-01
    outer loop
      vertex   -1.616528e+02 9.510000e+01 7.920666e+02
      vertex   -1.615142e+02 9.150000e+01 7.923260e+02
      vertex   -1.615142e+02 9.510000e+01 7.923260e+02
    endloop
  endfacet
  facet normal -8.819342e-01 0.000000e+00 4.713725e-01
    outer loop
      vertex   -1.616528e+02 9.510000e+01 7.920666e+02
      vertex   -1.616528e+02 9.150000e+01 7.920666e+02
      vertex   -1.615142e+02 9.150000e+01 7.923260e+02
    endloop
  endfacet
  facet normal -7.730244e-01 0.000000e+00 6.343762e-01
    outer loop
      vertex   -1.618393e+02 9.510000e+01 7.918393e+02
      vertex   -1.616528e+02 9.150000e+01 7.920666e+02
      vertex   -1.616528e+02 9.510000e+01 7.920666e+02
    endloop
  endfacet
  facet normal -7.730244e-01 0.000000e+00 6.343762e-01
    outer loop
      vertex   -1.618393e+02 9.510000e+01 7.918393e+02
      vertex   -1.618393e+02 9.150000e+01 7.918393e+02
      vertex   -1.616528e+02 9.150000e+01 7.920666e+02
    endloop
  endfacet
  facet normal -6.343922e-01 0.000000e+00 7.730114e-01
    outer loop
      vertex   -1.620666e+02 9.510000e+01 7.916528e+02
      vertex   -1.620666e+02 9.150000e+01 7.916528e+02
      vertex   -1.618393e+02 9.150000e+01 7.918393e+02
    endloop
  endfacet
  facet normal -6.343922e-01 0.000000e+00 7.730114e-01
    outer loop
      vertex   -1.620666e+02 9.510000e+01 7.916528e+02
      vertex   -1.618393e+02 9.150000e+01 7.918393e+02
      vertex   -1.618393e+02 9.510000e+01 7.918393e+02
    endloop
  endfacet
  facet normal -4.713590e-01 0.000000e+00 8.819414e-01
    outer loop
      vertex   -1.620666e+02 9.510000e+01 7.916528e+02
      vertex   -1.623260e+02 9.150000e+01 7.915142e+02
      vertex   -1.620666e+02 9.150000e+01 7.916528e+02
    endloop
  endfacet
  facet normal -4.713590e-01 0.000000e+00 8.819414e-01
    outer loop
      vertex   -1.623260e+02 9.510000e+01 7.915142e+02
      vertex   -1.623260e+02 9.150000e+01 7.915142e+02
      vertex   -1.620666e+02 9.510000e+01 7.916528e+02
    endloop
  endfacet
  facet normal -2.903278e-01 0.000000e+00 9.569272e-01
    outer loop
      vertex   -1.626074e+02 9.510000e+01 7.914288e+02
      vertex   -1.626074e+02 9.150000e+01 7.914288e+02
      vertex   -1.623260e+02 9.150000e+01 7.915142e+02
    endloop
  endfacet
  facet normal -2.903278e-01 0.000000e+00 9.569272e-01
    outer loop
      vertex   -1.626074e+02 9.510000e+01 7.914288e+02
      vertex   -1.623260e+02 9.150000e+01 7.915142e+02
      vertex   -1.623260e+02 9.510000e+01 7.915142e+02
    endloop
  endfacet
  facet normal -9.801360e-02 0.000000e+00 9.951851e-01
    outer loop
      vertex   -1.629000e+02 9.510000e+01 7.914000e+02
      vertex   -1.629000e+02 9.150000e+01 7.914000e+02
      vertex   -1.626074e+02 9.150000e+01 7.914288e+02
    endloop
  endfacet
  facet normal 9.800727e-02 0.000000e+00 9.951857e-01
    outer loop
      vertex   -1.629000e+02 9.510000e+01 7.914000e+02
      vertex   -1.631926e+02 9.150000e+01 7.914288e+02
      vertex   -1.629000e+02 9.150000e+01 7.914000e+02
    endloop
  endfacet
  facet normal -9.801360e-02 0.000000e+00 9.951851e-01
    outer loop
      vertex   -1.629000e+02 9.510000e+01 7.914000e+02
      vertex   -1.626074e+02 9.150000e+01 7.914288e+02
      vertex   -1.626074e+02 9.510000e+01 7.914288e+02
    endloop
  endfacet
  facet normal 9.800727e-02 0.000000e+00 9.951857e-01
    outer loop
      vertex   -1.631926e+02 9.510000e+01 7.914288e+02
      vertex   -1.631926e+02 9.150000e+01 7.914288e+02
      vertex   -1.629000e+02 9.510000e+01 7.914000e+02
    endloop
  endfacet
  facet normal 2.903278e-01 0.000000e+00 9.569272e-01
    outer loop
      vertex   -1.634740e+02 9.510000e+01 7.915142e+02
      vertex   -1.634740e+02 9.150000e+01 7.915142e+02
      vertex   -1.631926e+02 9.150000e+01 7.914288e+02
    endloop
  endfacet
  facet normal 4.713860e-01 0.000000e+00 8.819270e-01
    outer loop
      vertex   -1.634740e+02 9.510000e+01 7.915142e+02
      vertex   -1.637334e+02 9.150000e+01 7.916528e+02
      vertex   -1.634740e+02 9.150000e+01 7.915142e+02
    endloop
  endfacet
  facet normal 2.903278e-01 0.000000e+00 9.569272e-01
    outer loop
      vertex   -1.634740e+02 9.510000e+01 7.915142e+02
      vertex   -1.631926e+02 9.150000e+01 7.914288e+02
      vertex   -1.631926e+02 9.510000e+01 7.914288e+02
    endloop
  endfacet
  facet normal 4.713860e-01 0.000000e+00 8.819270e-01
    outer loop
      vertex   -1.637334e+02 9.510000e+01 7.916528e+02
      vertex   -1.637334e+02 9.150000e+01 7.916528e+02
      vertex   -1.634740e+02 9.510000e+01 7.915142e+02
    endloop
  endfacet
  facet normal 6.343603e-01 0.000000e+00 7.730375e-01
    outer loop
      vertex   -1.639607e+02 9.510000e+01 7.918393e+02
      vertex   -1.639607e+02 9.150000e+01 7.918393e+02
      vertex   -1.637334e+02 9.150000e+01 7.916528e+02
    endloop
  endfacet
  facet normal 6.343603e-01 0.000000e+00 7.730375e-01
    outer loop
      vertex   -1.639607e+02 9.510000e+01 7.918393e+02
      vertex   -1.637334e+02 9.150000e+01 7.916528e+02
      vertex   -1.637334e+02 9.510000e+01 7.916528e+02
    endloop
  endfacet
  facet normal 7.730244e-01 0.000000e+00 6.343762e-01
    outer loop
      vertex   -1.641472e+02 9.510000e+01 7.920666e+02
      vertex   -1.641472e+02 9.150000e+01 7.920666e+02
      vertex   -1.639607e+02 9.150000e+01 7.918393e+02
    endloop
  endfacet
  facet normal 8.819342e-01 0.000000e+00 4.713725e-01
    outer loop
      vertex   -1.641472e+02 9.510000e+01 7.920666e+02
      vertex   -1.642858e+02 9.150000e+01 7.923260e+02
      vertex   -1.641472e+02 9.150000e+01 7.920666e+02
    endloop
  endfacet
  facet normal 7.730244e-01 0.000000e+00 6.343762e-01
    outer loop
      vertex   -1.641472e+02 9.510000e+01 7.920666e+02
      vertex   -1.639607e+02 9.150000e+01 7.918393e+02
      vertex   -1.639607e+02 9.510000e+01 7.918393e+02
    endloop
  endfacet
  facet normal 8.819342e-01 0.000000e+00 4.713725e-01
    outer loop
      vertex   -1.642858e+02 9.510000e+01 7.923260e+02
      vertex   -1.642858e+02 9.150000e+01 7.923260e+02
      vertex   -1.641472e+02 9.510000e+01 7.920666e+02
    endloop
  endfacet
  facet normal 9.569272e-01 0.000000e+00 2.903278e-01
    outer loop
      vertex   -1.643712e+02 9.510000e+01 7.926074e+02
      vertex   -1.643712e+02 9.150000e+01 7.926074e+02
      vertex   -1.642858e+02 9.150000e+01 7.923260e+02
    endloop
  endfacet
  facet normal 9.951854e-01 0.000000e+00 9.801044e-02
    outer loop
      vertex   -1.643712e+02 9.510000e+01 7.926074e+02
      vertex   -1.644000e+02 9.150000e+01 7.929000e+02
      vertex   -1.643712e+02 9.150000e+01 7.926074e+02
    endloop
  endfacet
  facet normal 9.569272e-01 0.000000e+00 2.903278e-01
    outer loop
      vertex   -1.643712e+02 9.510000e+01 7.926074e+02
      vertex   -1.642858e+02 9.150000e+01 7.923260e+02
      vertex   -1.642858e+02 9.510000e+01 7.923260e+02
    endloop
  endfacet
  facet normal 9.951854e-01 0.000000e+00 9.801044e-02
    outer loop
      vertex   -1.644000e+02 9.510000e+01 7.929000e+02
      vertex   -1.644000e+02 9.150000e+01 7.929000e+02
      vertex   -1.643712e+02 9.510000e+01 7.926074e+02
    endloop
  endfacet
  facet normal 9.951854e-01 0.000000e+00 -9.801044e-02
    outer loop
      vertex   -1.383712e+02 9.510000e+01 7.931926e+02
      vertex   -1.384000e+02 9.150000e+01 7.929000e+02
      vertex   -1.384000e+02 9.510000e+01 7.929000e+02
    endloop
  endfacet
  facet normal 9.951854e-01 0.000000e+00 -9.801044e-02
    outer loop
      vertex   -1.383712e+02 9.510000e+01 7.931926e+02
      vertex   -1.383712e+02 9.150000e+01 7.931926e+02
      vertex   -1.384000e+02 9.150000e+01 7.929000e+02
    endloop
  endfacet
  facet normal 9.569363e-01 0.000000e+00 -2.902981e-01
    outer loop
      vertex   -1.382858e+02 9.510000e+01 7.934740e+02
      vertex   -1.382858e+02 9.150000e+01 7.934740e+02
      vertex   -1.383712e+02 9.150000e+01 7.931926e+02
    endloop
  endfacet
  facet normal 9.569363e-01 0.000000e+00 -2.902981e-01
    outer loop
      vertex   -1.382858e+02 9.510000e+01 7.934740e+02
      vertex   -1.383712e+02 9.150000e+01 7.931926e+02
      vertex   -1.383712e+02 9.510000e+01 7.931926e+02
    endloop
  endfacet
  facet normal 8.819207e-01 0.000000e+00 -4.713977e-01
    outer loop
      vertex   -1.381472e+02 9.510000e+01 7.937334e+02
      vertex   -1.381472e+02 9.150000e+01 7.937334e+02
      vertex   -1.382858e+02 9.150000e+01 7.934740e+02
    endloop
  endfacet
  facet normal 8.819207e-01 0.000000e+00 -4.713977e-01
    outer loop
      vertex   -1.381472e+02 9.510000e+01 7.937334e+02
      vertex   -1.382858e+02 9.150000e+01 7.934740e+02
      vertex   -1.382858e+02 9.510000e+01 7.934740e+02
    endloop
  endfacet
  facet normal 7.730244e-01 0.000000e+00 -6.343762e-01
    outer loop
      vertex   -1.379607e+02 9.510000e+01 7.939607e+02
      vertex   -1.379607e+02 9.150000e+01 7.939607e+02
      vertex   -1.381472e+02 9.150000e+01 7.937334e+02
    endloop
  endfacet
  facet normal 7.730244e-01 0.000000e+00 -6.343762e-01
    outer loop
      vertex   -1.379607e+02 9.510000e+01 7.939607e+02
      vertex   -1.381472e+02 9.150000e+01 7.937334e+02
      vertex   -1.381472e+02 9.510000e+01 7.937334e+02
    endloop
  endfacet
  facet normal 6.343762e-01 0.000000e+00 -7.730244e-01
    outer loop
      vertex   -1.377334e+02 9.510000e+01 7.941472e+02
      vertex   -1.377334e+02 9.150000e+01 7.941472e+02
      vertex   -1.379607e+02 9.150000e+01 7.939607e+02
    endloop
  endfacet
  facet normal 4.713860e-01 0.000000e+00 -8.819270e-01
    outer loop
      vertex   -1.377334e+02 9.510000e+01 7.941472e+02
      vertex   -1.374740e+02 9.150000e+01 7.942858e+02
      vertex   -1.377334e+02 9.150000e+01 7.941472e+02
    endloop
  endfacet
  facet normal 6.343762e-01 0.000000e+00 -7.730244e-01
    outer loop
      vertex   -1.377334e+02 9.510000e+01 7.941472e+02
      vertex   -1.379607e+02 9.150000e+01 7.939607e+02
      vertex   -1.379607e+02 9.510000e+01 7.939607e+02
    endloop
  endfacet
  facet normal 4.713860e-01 0.000000e+00 -8.819270e-01
    outer loop
      vertex   -1.374740e+02 9.510000e+01 7.942858e+02
      vertex   -1.374740e+02 9.150000e+01 7.942858e+02
      vertex   -1.377334e+02 9.510000e+01 7.941472e+02
    endloop
  endfacet
  facet normal 2.903278e-01 0.000000e+00 -9.569272e-01
    outer loop
      vertex   -1.371926e+02 9.510000e+01 7.943712e+02
      vertex   -1.371926e+02 9.150000e+01 7.943712e+02
      vertex   -1.374740e+02 9.150000e+01 7.942858e+02
    endloop
  endfacet
  facet normal 2.903278e-01 0.000000e+00 -9.569272e-01
    outer loop
      vertex   -1.371926e+02 9.510000e+01 7.943712e+02
      vertex   -1.374740e+02 9.150000e+01 7.942858e+02
      vertex   -1.374740e+02 9.510000e+01 7.942858e+02
    endloop
  endfacet
  facet normal 9.800727e-02 0.000000e+00 -9.951857e-01
    outer loop
      vertex   -1.369000e+02 9.510000e+01 7.944000e+02
      vertex   -1.369000e+02 9.150000e+01 7.944000e+02
      vertex   -1.371926e+02 9.150000e+01 7.943712e+02
    endloop
  endfacet
  facet normal 9.800727e-02 0.000000e+00 -9.951857e-01
    outer loop
      vertex   -1.369000e+02 9.510000e+01 7.944000e+02
      vertex   -1.371926e+02 9.150000e+01 7.943712e+02
      vertex   -1.371926e+02 9.510000e+01 7.943712e+02
    endloop
  endfacet
  facet normal -9.801044e-02 0.000000e+00 -9.951854e-01
    outer loop
      vertex   -1.366074e+02 9.510000e+01 7.943712e+02
      vertex   -1.369000e+02 9.150000e+01 7.944000e+02
      vertex   -1.369000e+02 9.510000e+01 7.944000e+02
    endloop
  endfacet
  facet normal -9.801044e-02 -0.000000e+00 -9.951854e-01
    outer loop
      vertex   -1.366074e+02 9.510000e+01 7.943712e+02
      vertex   -1.366074e+02 9.150000e+01 7.943712e+02
      vertex   -1.369000e+02 9.150000e+01 7.944000e+02
    endloop
  endfacet
  facet normal -2.903278e-01 0.000000e+00 -9.569272e-01
    outer loop
      vertex   -1.363260e+02 9.510000e+01 7.942858e+02
      vertex   -1.366074e+02 9.150000e+01 7.943712e+02
      vertex   -1.366074e+02 9.510000e+01 7.943712e+02
    endloop
  endfacet
  facet normal -2.903278e-01 -0.000000e+00 -9.569272e-01
    outer loop
      vertex   -1.363260e+02 9.510000e+01 7.942858e+02
      vertex   -1.363260e+02 9.150000e+01 7.942858e+02
      vertex   -1.366074e+02 9.150000e+01 7.943712e+02
    endloop
  endfacet
  facet normal -4.713725e-01 -0.000000e+00 -8.819342e-01
    outer loop
      vertex   -1.363260e+02 9.510000e+01 7.942858e+02
      vertex   -1.360666e+02 9.150000e+01 7.941472e+02
      vertex   -1.363260e+02 9.150000e+01 7.942858e+02
    endloop
  endfacet
  facet normal -4.713725e-01 -0.000000e+00 -8.819342e-01
    outer loop
      vertex   -1.360666e+02 9.510000e+01 7.941472e+02
      vertex   -1.360666e+02 9.150000e+01 7.941472e+02
      vertex   -1.363260e+02 9.510000e+01 7.942858e+02
    endloop
  endfacet
  facet normal -6.343922e-01 0.000000e+00 -7.730114e-01
    outer loop
      vertex   -1.358393e+02 9.510000e+01 7.939607e+02
      vertex   -1.360666e+02 9.150000e+01 7.941472e+02
      vertex   -1.360666e+02 9.510000e+01 7.941472e+02
    endloop
  endfacet
  facet normal -6.343922e-01 -0.000000e+00 -7.730114e-01
    outer loop
      vertex   -1.358393e+02 9.510000e+01 7.939607e+02
      vertex   -1.358393e+02 9.150000e+01 7.939607e+02
      vertex   -1.360666e+02 9.150000e+01 7.941472e+02
    endloop
  endfacet
  facet normal -7.730244e-01 0.000000e+00 -6.343762e-01
    outer loop
      vertex   -1.356528e+02 9.510000e+01 7.937334e+02
      vertex   -1.358393e+02 9.150000e+01 7.939607e+02
      vertex   -1.358393e+02 9.510000e+01 7.939607e+02
    endloop
  endfacet
  facet normal -7.730244e-01 -0.000000e+00 -6.343762e-01
    outer loop
      vertex   -1.356528e+02 9.510000e+01 7.937334e+02
      vertex   -1.356528e+02 9.150000e+01 7.937334e+02
      vertex   -1.358393e+02 9.150000e+01 7.939607e+02
    endloop
  endfacet
  facet normal -8.819073e-01 0.000000e+00 -4.714229e-01
    outer loop
      vertex   -1.355142e+02 9.510000e+01 7.934740e+02
      vertex   -1.356528e+02 9.150000e+01 7.937334e+02
      vertex   -1.356528e+02 9.510000e+01 7.937334e+02
    endloop
  endfacet
  facet normal -8.819073e-01 -0.000000e+00 -4.714229e-01
    outer loop
      vertex   -1.355142e+02 9.510000e+01 7.934740e+02
      vertex   -1.355142e+02 9.150000e+01 7.934740e+02
      vertex   -1.356528e+02 9.150000e+01 7.937334e+02
    endloop
  endfacet
  facet normal -9.569453e-01 0.000000e+00 -2.902684e-01
    outer loop
      vertex   -1.354288e+02 9.510000e+01 7.931926e+02
      vertex   -1.355142e+02 9.150000e+01 7.934740e+02
      vertex   -1.355142e+02 9.510000e+01 7.934740e+02
    endloop
  endfacet
  facet normal -9.569453e-01 -0.000000e+00 -2.902684e-01
    outer loop
      vertex   -1.354288e+02 9.510000e+01 7.931926e+02
      vertex   -1.354288e+02 9.150000e+01 7.931926e+02
      vertex   -1.355142e+02 9.150000e+01 7.934740e+02
    endloop
  endfacet
  facet normal -9.951854e-01 0.000000e+00 -9.801044e-02
    outer loop
      vertex   -1.354000e+02 9.510000e+01 7.929000e+02
      vertex   -1.354288e+02 9.150000e+01 7.931926e+02
      vertex   -1.354288e+02 9.510000e+01 7.931926e+02
    endloop
  endfacet
  facet normal -9.951854e-01 -0.000000e+00 -9.801044e-02
    outer loop
      vertex   -1.354000e+02 9.510000e+01 7.929000e+02
      vertex   -1.354000e+02 9.150000e+01 7.929000e+02
      vertex   -1.354288e+02 9.150000e+01 7.931926e+02
    endloop
  endfacet
  facet normal -9.951854e-01 0.000000e+00 9.801044e-02
    outer loop
      vertex   -1.354288e+02 9.510000e+01 7.926074e+02
      vertex   -1.354000e+02 9.150000e+01 7.929000e+02
      vertex   -1.354000e+02 9.510000e+01 7.929000e+02
    endloop
  endfacet
  facet normal -9.951854e-01 0.000000e+00 9.801044e-02
    outer loop
      vertex   -1.354288e+02 9.510000e+01 7.926074e+02
      vertex   -1.354288e+02 9.150000e+01 7.926074e+02
      vertex   -1.354000e+02 9.150000e+01 7.929000e+02
    endloop
  endfacet
  facet normal -9.569453e-01 0.000000e+00 2.902684e-01
    outer loop
      vertex   -1.355142e+02 9.510000e+01 7.923260e+02
      vertex   -1.354288e+02 9.150000e+01 7.926074e+02
      vertex   -1.354288e+02 9.510000e+01 7.926074e+02
    endloop
  endfacet
  facet normal -9.569453e-01 0.000000e+00 2.902684e-01
    outer loop
      vertex   -1.355142e+02 9.510000e+01 7.923260e+02
      vertex   -1.355142e+02 9.150000e+01 7.923260e+02
      vertex   -1.354288e+02 9.150000e+01 7.926074e+02
    endloop
  endfacet
  facet normal -8.819073e-01 0.000000e+00 4.714229e-01
    outer loop
      vertex   -1.356528e+02 9.510000e+01 7.920666e+02
      vertex   -1.355142e+02 9.150000e+01 7.923260e+02
      vertex   -1.355142e+02 9.510000e+01 7.923260e+02
    endloop
  endfacet
  facet normal -8.819073e-01 0.000000e+00 4.714229e-01
    outer loop
      vertex   -1.356528e+02 9.510000e+01 7.920666e+02
      vertex   -1.356528e+02 9.150000e+01 7.920666e+02
      vertex   -1.355142e+02 9.150000e+01 7.923260e+02
    endloop
  endfacet
  facet normal -7.730244e-01 0.000000e+00 6.343762e-01
    outer loop
      vertex   -1.358393e+02 9.510000e+01 7.918393e+02
      vertex   -1.356528e+02 9.150000e+01 7.920666e+02
      vertex   -1.356528e+02 9.510000e+01 7.920666e+02
    endloop
  endfacet
  facet normal -7.730244e-01 0.000000e+00 6.343762e-01
    outer loop
      vertex   -1.358393e+02 9.510000e+01 7.918393e+02
      vertex   -1.358393e+02 9.150000e+01 7.918393e+02
      vertex   -1.356528e+02 9.150000e+01 7.920666e+02
    endloop
  endfacet
  facet normal -6.343922e-01 0.000000e+00 7.730114e-01
    outer loop
      vertex   -1.360666e+02 9.510000e+01 7.916528e+02
      vertex   -1.360666e+02 9.150000e+01 7.916528e+02
      vertex   -1.358393e+02 9.150000e+01 7.918393e+02
    endloop
  endfacet
  facet normal -6.343922e-01 0.000000e+00 7.730114e-01
    outer loop
      vertex   -1.360666e+02 9.510000e+01 7.916528e+02
      vertex   -1.358393e+02 9.150000e+01 7.918393e+02
      vertex   -1.358393e+02 9.510000e+01 7.918393e+02
    endloop
  endfacet
  facet normal -4.713725e-01 0.000000e+00 8.819342e-01
    outer loop
      vertex   -1.360666e+02 9.510000e+01 7.916528e+02
      vertex   -1.363260e+02 9.150000e+01 7.915142e+02
      vertex   -1.360666e+02 9.150000e+01 7.916528e+02
    endloop
  endfacet
  facet normal -4.713725e-01 0.000000e+00 8.819342e-01
    outer loop
      vertex   -1.363260e+02 9.510000e+01 7.915142e+02
      vertex   -1.363260e+02 9.150000e+01 7.915142e+02
      vertex   -1.360666e+02 9.510000e+01 7.916528e+02
    endloop
  endfacet
  facet normal -2.903278e-01 0.000000e+00 9.569272e-01
    outer loop
      vertex   -1.366074e+02 9.510000e+01 7.914288e+02
      vertex   -1.366074e+02 9.150000e+01 7.914288e+02
      vertex   -1.363260e+02 9.150000e+01 7.915142e+02
    endloop
  endfacet
  facet normal -2.903278e-01 0.000000e+00 9.569272e-01
    outer loop
      vertex   -1.366074e+02 9.510000e+01 7.914288e+02
      vertex   -1.363260e+02 9.150000e+01 7.915142e+02
      vertex   -1.363260e+02 9.510000e+01 7.915142e+02
    endloop
  endfacet
  facet normal -9.801044e-02 0.000000e+00 9.951854e-01
    outer loop
      vertex   -1.369000e+02 9.510000e+01 7.914000e+02
      vertex   -1.369000e+02 9.150000e+01 7.914000e+02
      vertex   -1.366074e+02 9.150000e+01 7.914288e+02
    endloop
  endfacet
  facet normal 9.800727e-02 0.000000e+00 9.951857e-01
    outer loop
      vertex   -1.369000e+02 9.510000e+01 7.914000e+02
      vertex   -1.371926e+02 9.150000e+01 7.914288e+02
      vertex   -1.369000e+02 9.150000e+01 7.914000e+02
    endloop
  endfacet
  facet normal -9.801044e-02 0.000000e+00 9.951854e-01
    outer loop
      vertex   -1.369000e+02 9.510000e+01 7.914000e+02
      vertex   -1.366074e+02 9.150000e+01 7.914288e+02
      vertex   -1.366074e+02 9.510000e+01 7.914288e+02
    endloop
  endfacet
  facet normal 9.800727e-02 0.000000e+00 9.951857e-01
    outer loop
      vertex   -1.371926e+02 9.510000e+01 7.914288e+02
      vertex   -1.371926e+02 9.150000e+01 7.914288e+02
      vertex   -1.369000e+02 9.510000e+01 7.914000e+02
    endloop
  endfacet
  facet normal 2.903278e-01 0.000000e+00 9.569272e-01
    outer loop
      vertex   -1.374740e+02 9.510000e+01 7.915142e+02
      vertex   -1.374740e+02 9.150000e+01 7.915142e+02
      vertex   -1.371926e+02 9.150000e+01 7.914288e+02
    endloop
  endfacet
  facet normal 4.713860e-01 0.000000e+00 8.819270e-01
    outer loop
      vertex   -1.374740e+02 9.510000e+01 7.915142e+02
      vertex   -1.377334e+02 9.150000e+01 7.916528e+02
      vertex   -1.374740e+02 9.150000e+01 7.915142e+02
    endloop
  endfacet
  facet normal 2.903278e-01 0.000000e+00 9.569272e-01
    outer loop
      vertex   -1.374740e+02 9.510000e+01 7.915142e+02
      vertex   -1.371926e+02 9.150000e+01 7.914288e+02
      vertex   -1.371926e+02 9.510000e+01 7.914288e+02
    endloop
  endfacet
  facet normal 4.713860e-01 0.000000e+00 8.819270e-01
    outer loop
      vertex   -1.377334e+02 9.510000e+01 7.916528e+02
      vertex   -1.377334e+02 9.150000e+01 7.916528e+02
      vertex   -1.374740e+02 9.510000e+01 7.915142e+02
    endloop
  endfacet
  facet normal 6.343762e-01 0.000000e+00 7.730244e-01
    outer loop
      vertex   -1.379607e+02 9.510000e+01 7.918393e+02
      vertex   -1.379607e+02 9.150000e+01 7.918393e+02
      vertex   -1.377334e+02 9.150000e+01 7.916528e+02
    endloop
  endfacet
  facet normal 6.343762e-01 0.000000e+00 7.730244e-01
    outer loop
      vertex   -1.379607e+02 9.510000e+01 7.918393e+02
      vertex   -1.377334e+02 9.150000e+01 7.916528e+02
      vertex   -1.377334e+02 9.510000e+01 7.916528e+02
    endloop
  endfacet
  facet normal 7.730244e-01 0.000000e+00 6.343762e-01
    outer loop
      vertex   -1.381472e+02 9.510000e+01 7.920666e+02
      vertex   -1.381472e+02 9.150000e+01 7.920666e+02
      vertex   -1.379607e+02 9.150000e+01 7.918393e+02
    endloop
  endfacet
  facet normal 8.819207e-01 0.000000e+00 4.713977e-01
    outer loop
      vertex   -1.381472e+02 9.510000e+01 7.920666e+02
      vertex   -1.382858e+02 9.150000e+01 7.923260e+02
      vertex   -1.381472e+02 9.150000e+01 7.920666e+02
    endloop
  endfacet
  facet normal 7.730244e-01 0.000000e+00 6.343762e-01
    outer loop
      vertex   -1.381472e+02 9.510000e+01 7.920666e+02
      vertex   -1.379607e+02 9.150000e+01 7.918393e+02
      vertex   -1.379607e+02 9.510000e+01 7.918393e+02
    endloop
  endfacet
  facet normal 8.819207e-01 0.000000e+00 4.713977e-01
    outer loop
      vertex   -1.382858e+02 9.510000e+01 7.923260e+02
      vertex   -1.382858e+02 9.150000e+01 7.923260e+02
      vertex   -1.381472e+02 9.510000e+01 7.920666e+02
    endloop
  endfacet
  facet normal 9.569363e-01 0.000000e+00 2.902981e-01
    outer loop
      vertex   -1.383712e+02 9.510000e+01 7.926074e+02
      vertex   -1.383712e+02 9.150000e+01 7.926074e+02
      vertex   -1.382858e+02 9.150000e+01 7.923260e+02
    endloop
  endfacet
  facet normal 9.951854e-01 0.000000e+00 9.801044e-02
    outer loop
      vertex   -1.383712e+02 9.510000e+01 7.926074e+02
      vertex   -1.384000e+02 9.150000e+01 7.929000e+02
      vertex   -1.383712e+02 9.150000e+01 7.926074e+02
    endloop
  endfacet
  facet normal 9.569363e-01 0.000000e+00 2.902981e-01
    outer loop
      vertex   -1.383712e+02 9.510000e+01 7.926074e+02
      vertex   -1.382858e+02 9.150000e+01 7.923260e+02
      vertex   -1.382858e+02 9.510000e+01 7.923260e+02
    endloop
  endfacet
  facet normal 9.951854e-01 0.000000e+00 9.801044e-02
    outer loop
      vertex   -1.384000e+02 9.510000e+01 7.929000e+02
      vertex   -1.384000e+02 9.150000e+01 7.929000e+02
      vertex   -1.383712e+02 9.510000e+01 7.926074e+02
    endloop
  endfacet
  facet normal 9.951857e-01 0.000000e+00 -9.800727e-02
    outer loop
      vertex   -1.643712e+02 9.510000e+01 8.611926e+02
      vertex   -1.644000e+02 9.150000e+01 8.609000e+02
      vertex   -1.644000e+02 9.510000e+01 8.609000e+02
    endloop
  endfacet
  facet normal 9.951857e-01 0.000000e+00 -9.800727e-02
    outer loop
      vertex   -1.643712e+02 9.510000e+01 8.611926e+02
      vertex   -1.643712e+02 9.150000e+01 8.611926e+02
      vertex   -1.644000e+02 9.150000e+01 8.609000e+02
    endloop
  endfacet
  facet normal 9.569272e-01 0.000000e+00 -2.903278e-01
    outer loop
      vertex   -1.642858e+02 9.510000e+01 8.614740e+02
      vertex   -1.642858e+02 9.150000e+01 8.614740e+02
      vertex   -1.643712e+02 9.150000e+01 8.611926e+02
    endloop
  endfacet
  facet normal 9.569272e-01 0.000000e+00 -2.903278e-01
    outer loop
      vertex   -1.642858e+02 9.510000e+01 8.614740e+02
      vertex   -1.643712e+02 9.150000e+01 8.611926e+02
      vertex   -1.643712e+02 9.510000e+01 8.611926e+02
    endloop
  endfacet
  facet normal 8.819270e-01 0.000000e+00 -4.713860e-01
    outer loop
      vertex   -1.641472e+02 9.510000e+01 8.617334e+02
      vertex   -1.641472e+02 9.150000e+01 8.617334e+02
      vertex   -1.642858e+02 9.150000e+01 8.614740e+02
    endloop
  endfacet
  facet normal 8.819270e-01 0.000000e+00 -4.713860e-01
    outer loop
      vertex   -1.641472e+02 9.510000e+01 8.617334e+02
      vertex   -1.642858e+02 9.150000e+01 8.614740e+02
      vertex   -1.642858e+02 9.510000e+01 8.614740e+02
    endloop
  endfacet
  facet normal 7.730114e-01 0.000000e+00 -6.343922e-01
    outer loop
      vertex   -1.639607e+02 9.510000e+01 8.619607e+02
      vertex   -1.639607e+02 9.150000e+01 8.619607e+02
      vertex   -1.641472e+02 9.150000e+01 8.617334e+02
    endloop
  endfacet
  facet normal 7.730114e-01 0.000000e+00 -6.343922e-01
    outer loop
      vertex   -1.639607e+02 9.510000e+01 8.619607e+02
      vertex   -1.641472e+02 9.150000e+01 8.617334e+02
      vertex   -1.641472e+02 9.510000e+01 8.617334e+02
    endloop
  endfacet
  facet normal 6.343603e-01 0.000000e+00 -7.730375e-01
    outer loop
      vertex   -1.637334e+02 9.510000e+01 8.621472e+02
      vertex   -1.637334e+02 9.150000e+01 8.621472e+02
      vertex   -1.639607e+02 9.150000e+01 8.619607e+02
    endloop
  endfacet
  facet normal 4.714364e-01 0.000000e+00 -8.819001e-01
    outer loop
      vertex   -1.637334e+02 9.510000e+01 8.621472e+02
      vertex   -1.634740e+02 9.150000e+01 8.622858e+02
      vertex   -1.637334e+02 9.150000e+01 8.621472e+02
    endloop
  endfacet
  facet normal 6.343603e-01 0.000000e+00 -7.730375e-01
    outer loop
      vertex   -1.637334e+02 9.510000e+01 8.621472e+02
      vertex   -1.639607e+02 9.150000e+01 8.619607e+02
      vertex   -1.639607e+02 9.510000e+01 8.619607e+02
    endloop
  endfacet
  facet normal 4.714364e-01 0.000000e+00 -8.819001e-01
    outer loop
      vertex   -1.634740e+02 9.510000e+01 8.622858e+02
      vertex   -1.634740e+02 9.150000e+01 8.622858e+02
      vertex   -1.637334e+02 9.510000e+01 8.621472e+02
    endloop
  endfacet
  facet normal 2.902684e-01 0.000000e+00 -9.569453e-01
    outer loop
      vertex   -1.631926e+02 9.510000e+01 8.623712e+02
      vertex   -1.631926e+02 9.150000e+01 8.623712e+02
      vertex   -1.634740e+02 9.150000e+01 8.622858e+02
    endloop
  endfacet
  facet normal 2.902684e-01 0.000000e+00 -9.569453e-01
    outer loop
      vertex   -1.631926e+02 9.510000e+01 8.623712e+02
      vertex   -1.634740e+02 9.150000e+01 8.622858e+02
      vertex   -1.634740e+02 9.510000e+01 8.622858e+02
    endloop
  endfacet
  facet normal 9.800727e-02 0.000000e+00 -9.951857e-01
    outer loop
      vertex   -1.629000e+02 9.510000e+01 8.624000e+02
      vertex   -1.629000e+02 9.150000e+01 8.624000e+02
      vertex   -1.631926e+02 9.150000e+01 8.623712e+02
    endloop
  endfacet
  facet normal 9.800727e-02 0.000000e+00 -9.951857e-01
    outer loop
      vertex   -1.629000e+02 9.510000e+01 8.624000e+02
      vertex   -1.631926e+02 9.150000e+01 8.623712e+02
      vertex   -1.631926e+02 9.510000e+01 8.623712e+02
    endloop
  endfacet
  facet normal -9.801360e-02 0.000000e+00 -9.951851e-01
    outer loop
      vertex   -1.626074e+02 9.510000e+01 8.623712e+02
      vertex   -1.629000e+02 9.150000e+01 8.624000e+02
      vertex   -1.629000e+02 9.510000e+01 8.624000e+02
    endloop
  endfacet
  facet normal -9.801360e-02 -0.000000e+00 -9.951851e-01
    outer loop
      vertex   -1.626074e+02 9.510000e+01 8.623712e+02
      vertex   -1.626074e+02 9.150000e+01 8.623712e+02
      vertex   -1.629000e+02 9.150000e+01 8.624000e+02
    endloop
  endfacet
  facet normal -2.902684e-01 0.000000e+00 -9.569453e-01
    outer loop
      vertex   -1.623260e+02 9.510000e+01 8.622858e+02
      vertex   -1.626074e+02 9.150000e+01 8.623712e+02
      vertex   -1.626074e+02 9.510000e+01 8.623712e+02
    endloop
  endfacet
  facet normal -2.902684e-01 -0.000000e+00 -9.569453e-01
    outer loop
      vertex   -1.623260e+02 9.510000e+01 8.622858e+02
      vertex   -1.623260e+02 9.150000e+01 8.622858e+02
      vertex   -1.626074e+02 9.150000e+01 8.623712e+02
    endloop
  endfacet
  facet normal -4.714095e-01 -0.000000e+00 -8.819145e-01
    outer loop
      vertex   -1.623260e+02 9.510000e+01 8.622858e+02
      vertex   -1.620666e+02 9.150000e+01 8.621472e+02
      vertex   -1.623260e+02 9.150000e+01 8.622858e+02
    endloop
  endfacet
  facet normal -4.714095e-01 -0.000000e+00 -8.819145e-01
    outer loop
      vertex   -1.620666e+02 9.510000e+01 8.621472e+02
      vertex   -1.620666e+02 9.150000e+01 8.621472e+02
      vertex   -1.623260e+02 9.510000e+01 8.622858e+02
    endloop
  endfacet
  facet normal -6.343922e-01 0.000000e+00 -7.730114e-01
    outer loop
      vertex   -1.618393e+02 9.510000e+01 8.619607e+02
      vertex   -1.620666e+02 9.150000e+01 8.621472e+02
      vertex   -1.620666e+02 9.510000e+01 8.621472e+02
    endloop
  endfacet
  facet normal -6.343922e-01 -0.000000e+00 -7.730114e-01
    outer loop
      vertex   -1.618393e+02 9.510000e+01 8.619607e+02
      vertex   -1.618393e+02 9.150000e+01 8.619607e+02
      vertex   -1.620666e+02 9.150000e+01 8.621472e+02
    endloop
  endfacet
  facet normal -7.730114e-01 0.000000e+00 -6.343922e-01
    outer loop
      vertex   -1.616528e+02 9.510000e+01 8.617334e+02
      vertex   -1.618393e+02 9.150000e+01 8.619607e+02
      vertex   -1.618393e+02 9.510000e+01 8.619607e+02
    endloop
  endfacet
  facet normal -7.730114e-01 -0.000000e+00 -6.343922e-01
    outer loop
      vertex   -1.616528e+02 9.510000e+01 8.617334e+02
      vertex   -1.616528e+02 9.150000e+01 8.617334e+02
      vertex   -1.618393e+02 9.150000e+01 8.619607e+02
    endloop
  endfacet
  facet normal -8.819270e-01 0.000000e+00 -4.713860e-01
    outer loop
      vertex   -1.615142e+02 9.510000e+01 8.614740e+02
      vertex   -1.616528e+02 9.150000e+01 8.617334e+02
      vertex   -1.616528e+02 9.510000e+01 8.617334e+02
    endloop
  endfacet
  facet normal -8.819270e-01 -0.000000e+00 -4.713860e-01
    outer loop
      vertex   -1.615142e+02 9.510000e+01 8.614740e+02
      vertex   -1.615142e+02 9.150000e+01 8.614740e+02
      vertex   -1.616528e+02 9.150000e+01 8.617334e+02
    endloop
  endfacet
  facet normal -9.569272e-01 0.000000e+00 -2.903278e-01
    outer loop
      vertex   -1.614288e+02 9.510000e+01 8.611926e+02
      vertex   -1.615142e+02 9.150000e+01 8.614740e+02
      vertex   -1.615142e+02 9.510000e+01 8.614740e+02
    endloop
  endfacet
  facet normal -9.569272e-01 -0.000000e+00 -2.903278e-01
    outer loop
      vertex   -1.614288e+02 9.510000e+01 8.611926e+02
      vertex   -1.614288e+02 9.150000e+01 8.611926e+02
      vertex   -1.615142e+02 9.150000e+01 8.614740e+02
    endloop
  endfacet
  facet normal -9.951857e-01 0.000000e+00 -9.800727e-02
    outer loop
      vertex   -1.614000e+02 9.510000e+01 8.609000e+02
      vertex   -1.614288e+02 9.150000e+01 8.611926e+02
      vertex   -1.614288e+02 9.510000e+01 8.611926e+02
    endloop
  endfacet
  facet normal -9.951857e-01 -0.000000e+00 -9.800727e-02
    outer loop
      vertex   -1.614000e+02 9.510000e+01 8.609000e+02
      vertex   -1.614000e+02 9.150000e+01 8.609000e+02
      vertex   -1.614288e+02 9.150000e+01 8.611926e+02
    endloop
  endfacet
  facet normal -9.951857e-01 0.000000e+00 9.800727e-02
    outer loop
      vertex   -1.614288e+02 9.510000e+01 8.606074e+02
      vertex   -1.614000e+02 9.150000e+01 8.609000e+02
      vertex   -1.614000e+02 9.510000e+01 8.609000e+02
    endloop
  endfacet
  facet normal -9.951857e-01 0.000000e+00 9.800727e-02
    outer loop
      vertex   -1.614288e+02 9.510000e+01 8.606074e+02
      vertex   -1.614288e+02 9.150000e+01 8.606074e+02
      vertex   -1.614000e+02 9.150000e+01 8.609000e+02
    endloop
  endfacet
  facet normal -9.569272e-01 0.000000e+00 2.903278e-01
    outer loop
      vertex   -1.615142e+02 9.510000e+01 8.603260e+02
      vertex   -1.614288e+02 9.150000e+01 8.606074e+02
      vertex   -1.614288e+02 9.510000e+01 8.606074e+02
    endloop
  endfacet
  facet normal -9.569272e-01 0.000000e+00 2.903278e-01
    outer loop
      vertex   -1.615142e+02 9.510000e+01 8.603260e+02
      vertex   -1.615142e+02 9.150000e+01 8.603260e+02
      vertex   -1.614288e+02 9.150000e+01 8.606074e+02
    endloop
  endfacet
  facet normal -8.819270e-01 0.000000e+00 4.713860e-01
    outer loop
      vertex   -1.616528e+02 9.510000e+01 8.600666e+02
      vertex   -1.615142e+02 9.150000e+01 8.603260e+02
      vertex   -1.615142e+02 9.510000e+01 8.603260e+02
    endloop
  endfacet
  facet normal -8.819270e-01 0.000000e+00 4.713860e-01
    outer loop
      vertex   -1.616528e+02 9.510000e+01 8.600666e+02
      vertex   -1.616528e+02 9.150000e+01 8.600666e+02
      vertex   -1.615142e+02 9.150000e+01 8.603260e+02
    endloop
  endfacet
  facet normal -7.730114e-01 0.000000e+00 6.343922e-01
    outer loop
      vertex   -1.618393e+02 9.510000e+01 8.598393e+02
      vertex   -1.616528e+02 9.150000e+01 8.600666e+02
      vertex   -1.616528e+02 9.510000e+01 8.600666e+02
    endloop
  endfacet
  facet normal -7.730114e-01 0.000000e+00 6.343922e-01
    outer loop
      vertex   -1.618393e+02 9.510000e+01 8.598393e+02
      vertex   -1.618393e+02 9.150000e+01 8.598393e+02
      vertex   -1.616528e+02 9.150000e+01 8.600666e+02
    endloop
  endfacet
  facet normal -6.343922e-01 0.000000e+00 7.730114e-01
    outer loop
      vertex   -1.620666e+02 9.510000e+01 8.596528e+02
      vertex   -1.620666e+02 9.150000e+01 8.596528e+02
      vertex   -1.618393e+02 9.150000e+01 8.598393e+02
    endloop
  endfacet
  facet normal -6.343922e-01 0.000000e+00 7.730114e-01
    outer loop
      vertex   -1.620666e+02 9.510000e+01 8.596528e+02
      vertex   -1.618393e+02 9.150000e+01 8.598393e+02
      vertex   -1.618393e+02 9.510000e+01 8.598393e+02
    endloop
  endfacet
  facet normal -4.714095e-01 0.000000e+00 8.819145e-01
    outer loop
      vertex   -1.620666e+02 9.510000e+01 8.596528e+02
      vertex   -1.623260e+02 9.150000e+01 8.595142e+02
      vertex   -1.620666e+02 9.150000e+01 8.596528e+02
    endloop
  endfacet
  facet normal -4.714095e-01 0.000000e+00 8.819145e-01
    outer loop
      vertex   -1.623260e+02 9.510000e+01 8.595142e+02
      vertex   -1.623260e+02 9.150000e+01 8.595142e+02
      vertex   -1.620666e+02 9.510000e+01 8.596528e+02
    endloop
  endfacet
  facet normal -2.902684e-01 0.000000e+00 9.569453e-01
    outer loop
      vertex   -1.626074e+02 9.510000e+01 8.594288e+02
      vertex   -1.626074e+02 9.150000e+01 8.594288e+02
      vertex   -1.623260e+02 9.150000e+01 8.595142e+02
    endloop
  endfacet
  facet normal -2.902684e-01 0.000000e+00 9.569453e-01
    outer loop
      vertex   -1.626074e+02 9.510000e+01 8.594288e+02
      vertex   -1.623260e+02 9.150000e+01 8.595142e+02
      vertex   -1.623260e+02 9.510000e+01 8.595142e+02
    endloop
  endfacet
  facet normal -9.801360e-02 0.000000e+00 9.951851e-01
    outer loop
      vertex   -1.629000e+02 9.510000e+01 8.594000e+02
      vertex   -1.629000e+02 9.150000e+01 8.594000e+02
      vertex   -1.626074e+02 9.150000e+01 8.594288e+02
    endloop
  endfacet
  facet normal 9.800727e-02 0.000000e+00 9.951857e-01
    outer loop
      vertex   -1.629000e+02 9.510000e+01 8.594000e+02
      vertex   -1.631926e+02 9.150000e+01 8.594288e+02
      vertex   -1.629000e+02 9.150000e+01 8.594000e+02
    endloop
  endfacet
  facet normal -9.801360e-02 0.000000e+00 9.951851e-01
    outer loop
      vertex   -1.629000e+02 9.510000e+01 8.594000e+02
      vertex   -1.626074e+02 9.150000e+01 8.594288e+02
      vertex   -1.626074e+02 9.510000e+01 8.594288e+02
    endloop
  endfacet
  facet normal 9.800727e-02 0.000000e+00 9.951857e-01
    outer loop
      vertex   -1.631926e+02 9.510000e+01 8.594288e+02
      vertex   -1.631926e+02 9.150000e+01 8.594288e+02
      vertex   -1.629000e+02 9.510000e+01 8.594000e+02
    endloop
  endfacet
  facet normal 2.902684e-01 0.000000e+00 9.569453e-01
    outer loop
      vertex   -1.634740e+02 9.510000e+01 8.595142e+02
      vertex   -1.634740e+02 9.150000e+01 8.595142e+02
      vertex   -1.631926e+02 9.150000e+01 8.594288e+02
    endloop
  endfacet
  facet normal 4.714364e-01 0.000000e+00 8.819001e-01
    outer loop
      vertex   -1.634740e+02 9.510000e+01 8.595142e+02
      vertex   -1.637334e+02 9.150000e+01 8.596528e+02
      vertex   -1.634740e+02 9.150000e+01 8.595142e+02
    endloop
  endfacet
  facet normal 2.902684e-01 0.000000e+00 9.569453e-01
    outer loop
      vertex   -1.634740e+02 9.510000e+01 8.595142e+02
      vertex   -1.631926e+02 9.150000e+01 8.594288e+02
      vertex   -1.631926e+02 9.510000e+01 8.594288e+02
    endloop
  endfacet
  facet normal 4.714364e-01 0.000000e+00 8.819001e-01
    outer loop
      vertex   -1.637334e+02 9.510000e+01 8.596528e+02
      vertex   -1.637334e+02 9.150000e+01 8.596528e+02
      vertex   -1.634740e+02 9.510000e+01 8.595142e+02
    endloop
  endfacet
  facet normal 6.343603e-01 0.000000e+00 7.730375e-01
    outer loop
      vertex   -1.639607e+02 9.510000e+01 8.598393e+02
      vertex   -1.639607e+02 9.150000e+01 8.598393e+02
      vertex   -1.637334e+02 9.150000e+01 8.596528e+02
    endloop
  endfacet
  facet normal 6.343603e-01 0.000000e+00 7.730375e-01
    outer loop
      vertex   -1.639607e+02 9.510000e+01 8.598393e+02
      vertex   -1.637334e+02 9.150000e+01 8.596528e+02
      vertex   -1.637334e+02 9.510000e+01 8.596528e+02
    endloop
  endfacet
  facet normal 7.730114e-01 0.000000e+00 6.343922e-01
    outer loop
      vertex   -1.641472e+02 9.510000e+01 8.600666e+02
      vertex   -1.641472e+02 9.150000e+01 8.600666e+02
      vertex   -1.639607e+02 9.150000e+01 8.598393e+02
    endloop
  endfacet
  facet normal 8.819270e-01 0.000000e+00 4.713860e-01
    outer loop
      vertex   -1.641472e+02 9.510000e+01 8.600666e+02
      vertex   -1.642858e+02 9.150000e+01 8.603260e+02
      vertex   -1.641472e+02 9.150000e+01 8.600666e+02
    endloop
  endfacet
  facet normal 7.730114e-01 0.000000e+00 6.343922e-01
    outer loop
      vertex   -1.641472e+02 9.510000e+01 8.600666e+02
      vertex   -1.639607e+02 9.150000e+01 8.598393e+02
      vertex   -1.639607e+02 9.510000e+01 8.598393e+02
    endloop
  endfacet
  facet normal 8.819270e-01 0.000000e+00 4.713860e-01
    outer loop
      vertex   -1.642858e+02 9.510000e+01 8.603260e+02
      vertex   -1.642858e+02 9.150000e+01 8.603260e+02
      vertex   -1.641472e+02 9.510000e+01 8.600666e+02
    endloop
  endfacet
  facet normal 9.569272e-01 0.000000e+00 2.903278e-01
    outer loop
      vertex   -1.643712e+02 9.510000e+01 8.606074e+02
      vertex   -1.643712e+02 9.150000e+01 8.606074e+02
      vertex   -1.642858e+02 9.150000e+01 8.603260e+02
    endloop
  endfacet
  facet normal 9.951857e-01 0.000000e+00 9.800727e-02
    outer loop
      vertex   -1.643712e+02 9.510000e+01 8.606074e+02
      vertex   -1.644000e+02 9.150000e+01 8.609000e+02
      vertex   -1.643712e+02 9.150000e+01 8.606074e+02
    endloop
  endfacet
  facet normal 9.569272e-01 0.000000e+00 2.903278e-01
    outer loop
      vertex   -1.643712e+02 9.510000e+01 8.606074e+02
      vertex   -1.642858e+02 9.150000e+01 8.603260e+02
      vertex   -1.642858e+02 9.510000e+01 8.603260e+02
    endloop
  endfacet
  facet normal 9.951857e-01 0.000000e+00 9.800727e-02
    outer loop
      vertex   -1.644000e+02 9.510000e+01 8.609000e+02
      vertex   -1.644000e+02 9.150000e+01 8.609000e+02
      vertex   -1.643712e+02 9.510000e+01 8.606074e+02
    endloop
  endfacet
  facet normal 9.951857e-01 0.000000e+00 -9.800727e-02
    outer loop
      vertex   -1.383712e+02 9.510000e+01 8.611926e+02
      vertex   -1.384000e+02 9.150000e+01 8.609000e+02
      vertex   -1.384000e+02 9.510000e+01 8.609000e+02
    endloop
  endfacet
  facet normal 9.951857e-01 0.000000e+00 -9.800727e-02
    outer loop
      vertex   -1.383712e+02 9.510000e+01 8.611926e+02
      vertex   -1.383712e+02 9.150000e+01 8.611926e+02
      vertex   -1.384000e+02 9.150000e+01 8.609000e+02
    endloop
  endfacet
  facet normal 9.569363e-01 0.000000e+00 -2.902981e-01
    outer loop
      vertex   -1.382858e+02 9.510000e+01 8.614740e+02
      vertex   -1.382858e+02 9.150000e+01 8.614740e+02
      vertex   -1.383712e+02 9.150000e+01 8.611926e+02
    endloop
  endfacet
  facet normal 9.569363e-01 0.000000e+00 -2.902981e-01
    outer loop
      vertex   -1.382858e+02 9.510000e+01 8.614740e+02
      vertex   -1.383712e+02 9.150000e+01 8.611926e+02
      vertex   -1.383712e+02 9.510000e+01 8.611926e+02
    endloop
  endfacet
  facet normal 8.819135e-01 0.000000e+00 -4.714112e-01
    outer loop
      vertex   -1.381472e+02 9.510000e+01 8.617334e+02
      vertex   -1.381472e+02 9.150000e+01 8.617334e+02
      vertex   -1.382858e+02 9.150000e+01 8.614740e+02
    endloop
  endfacet
  facet normal 8.819135e-01 0.000000e+00 -4.714112e-01
    outer loop
      vertex   -1.381472e+02 9.510000e+01 8.617334e+02
      vertex   -1.382858e+02 9.150000e+01 8.614740e+02
      vertex   -1.382858e+02 9.510000e+01 8.614740e+02
    endloop
  endfacet
  facet normal 7.730114e-01 0.000000e+00 -6.343922e-01
    outer loop
      vertex   -1.379607e+02 9.510000e+01 8.619607e+02
      vertex   -1.379607e+02 9.150000e+01 8.619607e+02
      vertex   -1.381472e+02 9.150000e+01 8.617334e+02
    endloop
  endfacet
  facet normal 7.730114e-01 0.000000e+00 -6.343922e-01
    outer loop
      vertex   -1.379607e+02 9.510000e+01 8.619607e+02
      vertex   -1.381472e+02 9.150000e+01 8.617334e+02
      vertex   -1.381472e+02 9.510000e+01 8.617334e+02
    endloop
  endfacet
  facet normal 6.343762e-01 0.000000e+00 -7.730244e-01
    outer loop
      vertex   -1.377334e+02 9.510000e+01 8.621472e+02
      vertex   -1.377334e+02 9.150000e+01 8.621472e+02
      vertex   -1.379607e+02 9.150000e+01 8.619607e+02
    endloop
  endfacet
  facet normal 4.714364e-01 0.000000e+00 -8.819001e-01
    outer loop
      vertex   -1.377334e+02 9.510000e+01 8.621472e+02
      vertex   -1.374740e+02 9.150000e+01 8.622858e+02
      vertex   -1.377334e+02 9.150000e+01 8.621472e+02
    endloop
  endfacet
  facet normal 6.343762e-01 0.000000e+00 -7.730244e-01
    outer loop
      vertex   -1.377334e+02 9.510000e+01 8.621472e+02
      vertex   -1.379607e+02 9.150000e+01 8.619607e+02
      vertex   -1.379607e+02 9.510000e+01 8.619607e+02
    endloop
  endfacet
  facet normal 4.714364e-01 0.000000e+00 -8.819001e-01
    outer loop
      vertex   -1.374740e+02 9.510000e+01 8.622858e+02
      vertex   -1.374740e+02 9.150000e+01 8.622858e+02
      vertex   -1.377334e+02 9.510000e+01 8.621472e+02
    endloop
  endfacet
  facet normal 2.902684e-01 0.000000e+00 -9.569453e-01
    outer loop
      vertex   -1.371926e+02 9.510000e+01 8.623712e+02
      vertex   -1.371926e+02 9.150000e+01 8.623712e+02
      vertex   -1.374740e+02 9.150000e+01 8.622858e+02
    endloop
  endfacet
  facet normal 2.902684e-01 0.000000e+00 -9.569453e-01
    outer loop
      vertex   -1.371926e+02 9.510000e+01 8.623712e+02
      vertex   -1.374740e+02 9.150000e+01 8.622858e+02
      vertex   -1.374740e+02 9.510000e+01 8.622858e+02
    endloop
  endfacet
  facet normal 9.800727e-02 0.000000e+00 -9.951857e-01
    outer loop
      vertex   -1.369000e+02 9.510000e+01 8.624000e+02
      vertex   -1.369000e+02 9.150000e+01 8.624000e+02
      vertex   -1.371926e+02 9.150000e+01 8.623712e+02
    endloop
  endfacet
  facet normal 9.800727e-02 0.000000e+00 -9.951857e-01
    outer loop
      vertex   -1.369000e+02 9.510000e+01 8.624000e+02
      vertex   -1.371926e+02 9.150000e+01 8.623712e+02
      vertex   -1.371926e+02 9.510000e+01 8.623712e+02
    endloop
  endfacet
  facet normal -9.801044e-02 0.000000e+00 -9.951854e-01
    outer loop
      vertex   -1.366074e+02 9.510000e+01 8.623712e+02
      vertex   -1.369000e+02 9.150000e+01 8.624000e+02
      vertex   -1.369000e+02 9.510000e+01 8.624000e+02
    endloop
  endfacet
  facet normal -9.801044e-02 -0.000000e+00 -9.951854e-01
    outer loop
      vertex   -1.366074e+02 9.510000e+01 8.623712e+02
      vertex   -1.366074e+02 9.150000e+01 8.623712e+02
      vertex   -1.369000e+02 9.150000e+01 8.624000e+02
    endloop
  endfacet
  facet normal -2.902684e-01 0.000000e+00 -9.569453e-01
    outer loop
      vertex   -1.363260e+02 9.510000e+01 8.622858e+02
      vertex   -1.366074e+02 9.150000e+01 8.623712e+02
      vertex   -1.366074e+02 9.510000e+01 8.623712e+02
    endloop
  endfacet
  facet normal -2.902684e-01 -0.000000e+00 -9.569453e-01
    outer loop
      vertex   -1.363260e+02 9.510000e+01 8.622858e+02
      vertex   -1.363260e+02 9.150000e+01 8.622858e+02
      vertex   -1.366074e+02 9.150000e+01 8.623712e+02
    endloop
  endfacet
  facet normal -4.714229e-01 -0.000000e+00 -8.819073e-01
    outer loop
      vertex   -1.363260e+02 9.510000e+01 8.622858e+02
      vertex   -1.360666e+02 9.150000e+01 8.621472e+02
      vertex   -1.363260e+02 9.150000e+01 8.622858e+02
    endloop
  endfacet
  facet normal -4.714229e-01 -0.000000e+00 -8.819073e-01
    outer loop
      vertex   -1.360666e+02 9.510000e+01 8.621472e+02
      vertex   -1.360666e+02 9.150000e+01 8.621472e+02
      vertex   -1.363260e+02 9.510000e+01 8.622858e+02
    endloop
  endfacet
  facet normal -6.343922e-01 0.000000e+00 -7.730114e-01
    outer loop
      vertex   -1.358393e+02 9.510000e+01 8.619607e+02
      vertex   -1.360666e+02 9.150000e+01 8.621472e+02
      vertex   -1.360666e+02 9.510000e+01 8.621472e+02
    endloop
  endfacet
  facet normal -6.343922e-01 -0.000000e+00 -7.730114e-01
    outer loop
      vertex   -1.358393e+02 9.510000e+01 8.619607e+02
      vertex   -1.358393e+02 9.150000e+01 8.619607e+02
      vertex   -1.360666e+02 9.150000e+01 8.621472e+02
    endloop
  endfacet
  facet normal -7.730114e-01 0.000000e+00 -6.343922e-01
    outer loop
      vertex   -1.356528e+02 9.510000e+01 8.617334e+02
      vertex   -1.358393e+02 9.150000e+01 8.619607e+02
      vertex   -1.358393e+02 9.510000e+01 8.619607e+02
    endloop
  endfacet
  facet normal -7.730114e-01 -0.000000e+00 -6.343922e-01
    outer loop
      vertex   -1.356528e+02 9.510000e+01 8.617334e+02
      vertex   -1.356528e+02 9.150000e+01 8.617334e+02
      vertex   -1.358393e+02 9.150000e+01 8.619607e+02
    endloop
  endfacet
  facet normal -8.819001e-01 0.000000e+00 -4.714364e-01
    outer loop
      vertex   -1.355142e+02 9.510000e+01 8.614740e+02
      vertex   -1.356528e+02 9.150000e+01 8.617334e+02
      vertex   -1.356528e+02 9.510000e+01 8.617334e+02
    endloop
  endfacet
  facet normal -8.819001e-01 -0.000000e+00 -4.714364e-01
    outer loop
      vertex   -1.355142e+02 9.510000e+01 8.614740e+02
      vertex   -1.355142e+02 9.150000e+01 8.614740e+02
      vertex   -1.356528e+02 9.150000e+01 8.617334e+02
    endloop
  endfacet
  facet normal -9.569453e-01 0.000000e+00 -2.902684e-01
    outer loop
      vertex   -1.354288e+02 9.510000e+01 8.611926e+02
      vertex   -1.355142e+02 9.150000e+01 8.614740e+02
      vertex   -1.355142e+02 9.510000e+01 8.614740e+02
    endloop
  endfacet
  facet normal -9.569453e-01 -0.000000e+00 -2.902684e-01
    outer loop
      vertex   -1.354288e+02 9.510000e+01 8.611926e+02
      vertex   -1.354288e+02 9.150000e+01 8.611926e+02
      vertex   -1.355142e+02 9.150000e+01 8.614740e+02
    endloop
  endfacet
  facet normal -9.951857e-01 0.000000e+00 -9.800727e-02
    outer loop
      vertex   -1.354000e+02 9.510000e+01 8.609000e+02
      vertex   -1.354288e+02 9.150000e+01 8.611926e+02
      vertex   -1.354288e+02 9.510000e+01 8.611926e+02
    endloop
  endfacet
  facet normal -9.951857e-01 -0.000000e+00 -9.800727e-02
    outer loop
      vertex   -1.354000e+02 9.510000e+01 8.609000e+02
      vertex   -1.354000e+02 9.150000e+01 8.609000e+02
      vertex   -1.354288e+02 9.150000e+01 8.611926e+02
    endloop
  endfacet
  facet normal -9.951857e-01 0.000000e+00 9.800727e-02
    outer loop
      vertex   -1.354288e+02 9.510000e+01 8.606074e+02
      vertex   -1.354000e+02 9.150000e+01 8.609000e+02
      vertex   -1.354000e+02 9.510000e+01 8.609000e+02
    endloop
  endfacet
  facet normal -9.951857e-01 0.000000e+00 9.800727e-02
    outer loop
      vertex   -1.354288e+02 9.510000e+01 8.606074e+02
      vertex   -1.354288e+02 9.150000e+01 8.606074e+02
      vertex   -1.354000e+02 9.150000e+01 8.609000e+02
    endloop
  endfacet
  facet normal -9.569453e-01 0.000000e+00 2.902684e-01
    outer loop
      vertex   -1.355142e+02 9.510000e+01 8.603260e+02
      vertex   -1.354288e+02 9.150000e+01 8.606074e+02
      vertex   -1.354288e+02 9.510000e+01 8.606074e+02
    endloop
  endfacet
  facet normal -9.569453e-01 0.000000e+00 2.902684e-01
    outer loop
      vertex   -1.355142e+02 9.510000e+01 8.603260e+02
      vertex   -1.355142e+02 9.150000e+01 8.603260e+02
      vertex   -1.354288e+02 9.150000e+01 8.606074e+02
    endloop
  endfacet
  facet normal -8.819001e-01 0.000000e+00 4.714364e-01
    outer loop
      vertex   -1.356528e+02 9.510000e+01 8.600666e+02
      vertex   -1.355142e+02 9.150000e+01 8.603260e+02
      vertex   -1.355142e+02 9.510000e+01 8.603260e+02
    endloop
  endfacet
  facet normal -8.819001e-01 0.000000e+00 4.714364e-01
    outer loop
      vertex   -1.356528e+02 9.510000e+01 8.600666e+02
      vertex   -1.356528e+02 9.150000e+01 8.600666e+02
      vertex   -1.355142e+02 9.150000e+01 8.603260e+02
    endloop
  endfacet
  facet normal -7.730114e-01 0.000000e+00 6.343922e-01
    outer loop
      vertex   -1.358393e+02 9.510000e+01 8.598393e+02
      vertex   -1.356528e+02 9.150000e+01 8.600666e+02
      vertex   -1.356528e+02 9.510000e+01 8.600666e+02
    endloop
  endfacet
  facet normal -7.730114e-01 0.000000e+00 6.343922e-01
    outer loop
      vertex   -1.358393e+02 9.510000e+01 8.598393e+02
      vertex   -1.358393e+02 9.150000e+01 8.598393e+02
      vertex   -1.356528e+02 9.150000e+01 8.600666e+02
    endloop
  endfacet
  facet normal -6.343922e-01 0.000000e+00 7.730114e-01
    outer loop
      vertex   -1.360666e+02 9.510000e+01 8.596528e+02
      vertex   -1.360666e+02 9.150000e+01 8.596528e+02
      vertex   -1.358393e+02 9.150000e+01 8.598393e+02
    endloop
  endfacet
  facet normal -6.343922e-01 0.000000e+00 7.730114e-01
    outer loop
      vertex   -1.360666e+02 9.510000e+01 8.596528e+02
      vertex   -1.358393e+02 9.150000e+01 8.598393e+02
      vertex   -1.358393e+02 9.510000e+01 8.598393e+02
    endloop
  endfacet
  facet normal -4.714229e-01 0.000000e+00 8.819073e-01
    outer loop
      vertex   -1.360666e+02 9.510000e+01 8.596528e+02
      vertex   -1.363260e+02 9.150000e+01 8.595142e+02
      vertex   -1.360666e+02 9.150000e+01 8.596528e+02
    endloop
  endfacet
  facet normal -4.714229e-01 0.000000e+00 8.819073e-01
    outer loop
      vertex   -1.363260e+02 9.510000e+01 8.595142e+02
      vertex   -1.363260e+02 9.150000e+01 8.595142e+02
      vertex   -1.360666e+02 9.510000e+01 8.596528e+02
    endloop
  endfacet
  facet normal -2.902684e-01 0.000000e+00 9.569453e-01
    outer loop
      vertex   -1.366074e+02 9.510000e+01 8.594288e+02
      vertex   -1.366074e+02 9.150000e+01 8.594288e+02
      vertex   -1.363260e+02 9.150000e+01 8.595142e+02
    endloop
  endfacet
  facet normal -2.902684e-01 0.000000e+00 9.569453e-01
    outer loop
      vertex   -1.366074e+02 9.510000e+01 8.594288e+02
      vertex   -1.363260e+02 9.150000e+01 8.595142e+02
      vertex   -1.363260e+02 9.510000e+01 8.595142e+02
    endloop
  endfacet
  facet normal -9.801044e-02 0.000000e+00 9.951854e-01
    outer loop
      vertex   -1.369000e+02 9.510000e+01 8.594000e+02
      vertex   -1.369000e+02 9.150000e+01 8.594000e+02
      vertex   -1.366074e+02 9.150000e+01 8.594288e+02
    endloop
  endfacet
  facet normal 9.800727e-02 0.000000e+00 9.951857e-01
    outer loop
      vertex   -1.369000e+02 9.510000e+01 8.594000e+02
      vertex   -1.371926e+02 9.150000e+01 8.594288e+02
      vertex   -1.369000e+02 9.150000e+01 8.594000e+02
    endloop
  endfacet
  facet normal -9.801044e-02 0.000000e+00 9.951854e-01
    outer loop
      vertex   -1.369000e+02 9.510000e+01 8.594000e+02
      vertex   -1.366074e+02 9.150000e+01 8.594288e+02
      vertex   -1.366074e+02 9.510000e+01 8.594288e+02
    endloop
  endfacet
  facet normal 9.800727e-02 0.000000e+00 9.951857e-01
    outer loop
      vertex   -1.371926e+02 9.510000e+01 8.594288e+02
      vertex   -1.371926e+02 9.150000e+01 8.594288e+02
      vertex   -1.369000e+02 9.510000e+01 8.594000e+02
    endloop
  endfacet
  facet normal 2.902684e-01 0.000000e+00 9.569453e-01
    outer loop
      vertex   -1.374740e+02 9.510000e+01 8.595142e+02
      vertex   -1.374740e+02 9.150000e+01 8.595142e+02
      vertex   -1.371926e+02 9.150000e+01 8.594288e+02
    endloop
  endfacet
  facet normal 4.714364e-01 0.000000e+00 8.819001e-01
    outer loop
      vertex   -1.374740e+02 9.510000e+01 8.595142e+02
      vertex   -1.377334e+02 9.150000e+01 8.596528e+02
      vertex   -1.374740e+02 9.150000e+01 8.595142e+02
    endloop
  endfacet
  facet normal 2.902684e-01 0.000000e+00 9.569453e-01
    outer loop
      vertex   -1.374740e+02 9.510000e+01 8.595142e+02
      vertex   -1.371926e+02 9.150000e+01 8.594288e+02
      vertex   -1.371926e+02 9.510000e+01 8.594288e+02
    endloop
  endfacet
  facet normal 4.714364e-01 0.000000e+00 8.819001e-01
    outer loop
      vertex   -1.377334e+02 9.510000e+01 8.596528e+02
      vertex   -1.377334e+02 9.150000e+01 8.596528e+02
      vertex   -1.374740e+02 9.510000e+01 8.595142e+02
    endloop
  endfacet
  facet normal 6.343762e-01 0.000000e+00 7.730244e-01
    outer loop
      vertex   -1.379607e+02 9.510000e+01 8.598393e+02
      vertex   -1.379607e+02 9.150000e+01 8.598393e+02
      vertex   -1.377334e+02 9.150000e+01 8.596528e+02
    endloop
  endfacet
  facet normal 6.343762e-01 0.000000e+00 7.730244e-01
    outer loop
      vertex   -1.379607e+02 9.510000e+01 8.598393e+02
      vertex   -1.377334e+02 9.150000e+01 8.596528e+02
      vertex   -1.377334e+02 9.510000e+01 8.596528e+02
    endloop
  endfacet
  facet normal 7.730114e-01 0.000000e+00 6.343922e-01
    outer loop
      vertex   -1.381472e+02 9.510000e+01 8.600666e+02
      vertex   -1.381472e+02 9.150000e+01 8.600666e+02
      vertex   -1.379607e+02 9.150000e+01 8.598393e+02
    endloop
  endfacet
  facet normal 8.819135e-01 0.000000e+00 4.714112e-01
    outer loop
      vertex   -1.381472e+02 9.510000e+01 8.600666e+02
      vertex   -1.382858e+02 9.150000e+01 8.603260e+02
      vertex   -1.381472e+02 9.150000e+01 8.600666e+02
    endloop
  endfacet
  facet normal 7.730114e-01 0.000000e+00 6.343922e-01
    outer loop
      vertex   -1.381472e+02 9.510000e+01 8.600666e+02
      vertex   -1.379607e+02 9.150000e+01 8.598393e+02
      vertex   -1.379607e+02 9.510000e+01 8.598393e+02
    endloop
  endfacet
  facet normal 8.819135e-01 0.000000e+00 4.714112e-01
    outer loop
      vertex   -1.382858e+02 9.510000e+01 8.603260e+02
      vertex   -1.382858e+02 9.150000e+01 8.603260e+02
      vertex   -1.381472e+02 9.510000e+01 8.600666e+02
    endloop
  endfacet
  facet normal 9.569363e-01 0.000000e+00 2.902981e-01
    outer loop
      vertex   -1.383712e+02 9.510000e+01 8.606074e+02
      vertex   -1.383712e+02 9.150000e+01 8.606074e+02
      vertex   -1.382858e+02 9.150000e+01 8.603260e+02
    endloop
  endfacet
  facet normal 9.951857e-01 0.000000e+00 9.800727e-02
    outer loop
      vertex   -1.383712e+02 9.510000e+01 8.606074e+02
      vertex   -1.384000e+02 9.150000e+01 8.609000e+02
      vertex   -1.383712e+02 9.150000e+01 8.606074e+02
    endloop
  endfacet
  facet normal 9.569363e-01 0.000000e+00 2.902981e-01
    outer loop
      vertex   -1.383712e+02 9.510000e+01 8.606074e+02
      vertex   -1.382858e+02 9.150000e+01 8.603260e+02
      vertex   -1.382858e+02 9.510000e+01 8.603260e+02
    endloop
  endfacet
  facet normal 9.951857e-01 0.000000e+00 9.800727e-02
    outer loop
      vertex   -1.384000e+02 9.510000e+01 8.609000e+02
      vertex   -1.384000e+02 9.150000e+01 8.609000e+02
      vertex   -1.383712e+02 9.510000e+01 8.606074e+02
    endloop
  endfacet
  facet normal 9.951857e-01 0.000000e+00 -9.800727e-02
    outer loop
      vertex   -1.643712e+02 9.510000e+01 8.351926e+02
      vertex   -1.644000e+02 9.150000e+01 8.349000e+02
      vertex   -1.644000e+02 9.510000e+01 8.349000e+02
    endloop
  endfacet
  facet normal 9.951857e-01 0.000000e+00 -9.800727e-02
    outer loop
      vertex   -1.643712e+02 9.510000e+01 8.351926e+02
      vertex   -1.643712e+02 9.150000e+01 8.351926e+02
      vertex   -1.644000e+02 9.150000e+01 8.349000e+02
    endloop
  endfacet
  facet normal 9.569272e-01 0.000000e+00 -2.903278e-01
    outer loop
      vertex   -1.642858e+02 9.510000e+01 8.354740e+02
      vertex   -1.642858e+02 9.150000e+01 8.354740e+02
      vertex   -1.643712e+02 9.150000e+01 8.351926e+02
    endloop
  endfacet
  facet normal 9.569272e-01 0.000000e+00 -2.903278e-01
    outer loop
      vertex   -1.642858e+02 9.510000e+01 8.354740e+02
      vertex   -1.643712e+02 9.150000e+01 8.351926e+02
      vertex   -1.643712e+02 9.510000e+01 8.351926e+02
    endloop
  endfacet
  facet normal 8.819270e-01 0.000000e+00 -4.713860e-01
    outer loop
      vertex   -1.641472e+02 9.510000e+01 8.357334e+02
      vertex   -1.641472e+02 9.150000e+01 8.357334e+02
      vertex   -1.642858e+02 9.150000e+01 8.354740e+02
    endloop
  endfacet
  facet normal 8.819270e-01 0.000000e+00 -4.713860e-01
    outer loop
      vertex   -1.641472e+02 9.510000e+01 8.357334e+02
      vertex   -1.642858e+02 9.150000e+01 8.354740e+02
      vertex   -1.642858e+02 9.510000e+01 8.354740e+02
    endloop
  endfacet
  facet normal 7.730114e-01 0.000000e+00 -6.343922e-01
    outer loop
      vertex   -1.639607e+02 9.510000e+01 8.359607e+02
      vertex   -1.639607e+02 9.150000e+01 8.359607e+02
      vertex   -1.641472e+02 9.150000e+01 8.357334e+02
    endloop
  endfacet
  facet normal 7.730114e-01 0.000000e+00 -6.343922e-01
    outer loop
      vertex   -1.639607e+02 9.510000e+01 8.359607e+02
      vertex   -1.641472e+02 9.150000e+01 8.357334e+02
      vertex   -1.641472e+02 9.510000e+01 8.357334e+02
    endloop
  endfacet
  facet normal 6.343797e-01 0.000000e+00 -7.730216e-01
    outer loop
      vertex   -1.637334e+02 9.510000e+01 8.361472e+02
      vertex   -1.637334e+02 9.150000e+01 8.361472e+02
      vertex   -1.639607e+02 9.150000e+01 8.359607e+02
    endloop
  endfacet
  facet normal 4.714112e-01 0.000000e+00 -8.819135e-01
    outer loop
      vertex   -1.637334e+02 9.510000e+01 8.361472e+02
      vertex   -1.634740e+02 9.150000e+01 8.362858e+02
      vertex   -1.637334e+02 9.150000e+01 8.361472e+02
    endloop
  endfacet
  facet normal 6.343797e-01 0.000000e+00 -7.730216e-01
    outer loop
      vertex   -1.637334e+02 9.510000e+01 8.361472e+02
      vertex   -1.639607e+02 9.150000e+01 8.359607e+02
      vertex   -1.639607e+02 9.510000e+01 8.359607e+02
    endloop
  endfacet
  facet normal 4.714112e-01 0.000000e+00 -8.819135e-01
    outer loop
      vertex   -1.634740e+02 9.510000e+01 8.362858e+02
      vertex   -1.634740e+02 9.150000e+01 8.362858e+02
      vertex   -1.637334e+02 9.510000e+01 8.361472e+02
    endloop
  endfacet
  facet normal 2.902981e-01 0.000000e+00 -9.569363e-01
    outer loop
      vertex   -1.631926e+02 9.510000e+01 8.363712e+02
      vertex   -1.631926e+02 9.150000e+01 8.363712e+02
      vertex   -1.634740e+02 9.150000e+01 8.362858e+02
    endloop
  endfacet
  facet normal 2.902981e-01 0.000000e+00 -9.569363e-01
    outer loop
      vertex   -1.631926e+02 9.510000e+01 8.363712e+02
      vertex   -1.634740e+02 9.150000e+01 8.362858e+02
      vertex   -1.634740e+02 9.510000e+01 8.362858e+02
    endloop
  endfacet
  facet normal 9.800727e-02 0.000000e+00 -9.951857e-01
    outer loop
      vertex   -1.629000e+02 9.510000e+01 8.364000e+02
      vertex   -1.629000e+02 9.150000e+01 8.364000e+02
      vertex   -1.631926e+02 9.150000e+01 8.363712e+02
    endloop
  endfacet
  facet normal 9.800727e-02 0.000000e+00 -9.951857e-01
    outer loop
      vertex   -1.629000e+02 9.510000e+01 8.364000e+02
      vertex   -1.631926e+02 9.150000e+01 8.363712e+02
      vertex   -1.631926e+02 9.510000e+01 8.363712e+02
    endloop
  endfacet
  facet normal -9.801360e-02 0.000000e+00 -9.951851e-01
    outer loop
      vertex   -1.626074e+02 9.510000e+01 8.363712e+02
      vertex   -1.629000e+02 9.150000e+01 8.364000e+02
      vertex   -1.629000e+02 9.510000e+01 8.364000e+02
    endloop
  endfacet
  facet normal -9.801360e-02 -0.000000e+00 -9.951851e-01
    outer loop
      vertex   -1.626074e+02 9.510000e+01 8.363712e+02
      vertex   -1.626074e+02 9.150000e+01 8.363712e+02
      vertex   -1.629000e+02 9.150000e+01 8.364000e+02
    endloop
  endfacet
  facet normal -2.902981e-01 0.000000e+00 -9.569363e-01
    outer loop
      vertex   -1.623260e+02 9.510000e+01 8.362858e+02
      vertex   -1.626074e+02 9.150000e+01 8.363712e+02
      vertex   -1.626074e+02 9.510000e+01 8.363712e+02
    endloop
  endfacet
  facet normal -2.902981e-01 -0.000000e+00 -9.569363e-01
    outer loop
      vertex   -1.623260e+02 9.510000e+01 8.362858e+02
      vertex   -1.623260e+02 9.150000e+01 8.362858e+02
      vertex   -1.626074e+02 9.150000e+01 8.363712e+02
    endloop
  endfacet
  facet normal -4.713842e-01 -0.000000e+00 -8.819279e-01
    outer loop
      vertex   -1.623260e+02 9.510000e+01 8.362858e+02
      vertex   -1.620666e+02 9.150000e+01 8.361472e+02
      vertex   -1.623260e+02 9.150000e+01 8.362858e+02
    endloop
  endfacet
  facet normal -4.713842e-01 -0.000000e+00 -8.819279e-01
    outer loop
      vertex   -1.620666e+02 9.510000e+01 8.361472e+02
      vertex   -1.620666e+02 9.150000e+01 8.361472e+02
      vertex   -1.623260e+02 9.510000e+01 8.362858e+02
    endloop
  endfacet
  facet normal -6.344115e-01 0.000000e+00 -7.729955e-01
    outer loop
      vertex   -1.618393e+02 9.510000e+01 8.359607e+02
      vertex   -1.620666e+02 9.150000e+01 8.361472e+02
      vertex   -1.620666e+02 9.510000e+01 8.361472e+02
    endloop
  endfacet
  facet normal -6.344115e-01 -0.000000e+00 -7.729955e-01
    outer loop
      vertex   -1.618393e+02 9.510000e+01 8.359607e+02
      vertex   -1.618393e+02 9.150000e+01 8.359607e+02
      vertex   -1.620666e+02 9.150000e+01 8.361472e+02
    endloop
  endfacet
  facet normal -7.730114e-01 0.000000e+00 -6.343922e-01
    outer loop
      vertex   -1.616528e+02 9.510000e+01 8.357334e+02
      vertex   -1.618393e+02 9.150000e+01 8.359607e+02
      vertex   -1.618393e+02 9.510000e+01 8.359607e+02
    endloop
  endfacet
  facet normal -7.730114e-01 -0.000000e+00 -6.343922e-01
    outer loop
      vertex   -1.616528e+02 9.510000e+01 8.357334e+02
      vertex   -1.616528e+02 9.150000e+01 8.357334e+02
      vertex   -1.618393e+02 9.150000e+01 8.359607e+02
    endloop
  endfacet
  facet normal -8.819270e-01 0.000000e+00 -4.713860e-01
    outer loop
      vertex   -1.615142e+02 9.510000e+01 8.354740e+02
      vertex   -1.616528e+02 9.150000e+01 8.357334e+02
      vertex   -1.616528e+02 9.510000e+01 8.357334e+02
    endloop
  endfacet
  facet normal -8.819270e-01 -0.000000e+00 -4.713860e-01
    outer loop
      vertex   -1.615142e+02 9.510000e+01 8.354740e+02
      vertex   -1.615142e+02 9.150000e+01 8.354740e+02
      vertex   -1.616528e+02 9.150000e+01 8.357334e+02
    endloop
  endfacet
  facet normal -9.569272e-01 0.000000e+00 -2.903278e-01
    outer loop
      vertex   -1.614288e+02 9.510000e+01 8.351926e+02
      vertex   -1.615142e+02 9.150000e+01 8.354740e+02
      vertex   -1.615142e+02 9.510000e+01 8.354740e+02
    endloop
  endfacet
  facet normal -9.569272e-01 -0.000000e+00 -2.903278e-01
    outer loop
      vertex   -1.614288e+02 9.510000e+01 8.351926e+02
      vertex   -1.614288e+02 9.150000e+01 8.351926e+02
      vertex   -1.615142e+02 9.150000e+01 8.354740e+02
    endloop
  endfacet
  facet normal -9.951857e-01 0.000000e+00 -9.800727e-02
    outer loop
      vertex   -1.614000e+02 9.510000e+01 8.349000e+02
      vertex   -1.614288e+02 9.150000e+01 8.351926e+02
      vertex   -1.614288e+02 9.510000e+01 8.351926e+02
    endloop
  endfacet
  facet normal -9.951857e-01 -0.000000e+00 -9.800727e-02
    outer loop
      vertex   -1.614000e+02 9.510000e+01 8.349000e+02
      vertex   -1.614000e+02 9.150000e+01 8.349000e+02
      vertex   -1.614288e+02 9.150000e+01 8.351926e+02
    endloop
  endfacet
  facet normal -9.951854e-01 0.000000e+00 9.801044e-02
    outer loop
      vertex   -1.614288e+02 9.510000e+01 8.346074e+02
      vertex   -1.614000e+02 9.150000e+01 8.349000e+02
      vertex   -1.614000e+02 9.510000e+01 8.349000e+02
    endloop
  endfacet
  facet normal -9.951854e-01 0.000000e+00 9.801044e-02
    outer loop
      vertex   -1.614288e+02 9.510000e+01 8.346074e+02
      vertex   -1.614288e+02 9.150000e+01 8.346074e+02
      vertex   -1.614000e+02 9.150000e+01 8.349000e+02
    endloop
  endfacet
  facet normal -9.569272e-01 0.000000e+00 2.903278e-01
    outer loop
      vertex   -1.615142e+02 9.510000e+01 8.343260e+02
      vertex   -1.614288e+02 9.150000e+01 8.346074e+02
      vertex   -1.614288e+02 9.510000e+01 8.346074e+02
    endloop
  endfacet
  facet normal -9.569272e-01 0.000000e+00 2.903278e-01
    outer loop
      vertex   -1.615142e+02 9.510000e+01 8.343260e+02
      vertex   -1.615142e+02 9.150000e+01 8.343260e+02
      vertex   -1.614288e+02 9.150000e+01 8.346074e+02
    endloop
  endfacet
  facet normal -8.819342e-01 0.000000e+00 4.713725e-01
    outer loop
      vertex   -1.616528e+02 9.510000e+01 8.340666e+02
      vertex   -1.615142e+02 9.150000e+01 8.343260e+02
      vertex   -1.615142e+02 9.510000e+01 8.343260e+02
    endloop
  endfacet
  facet normal -8.819342e-01 0.000000e+00 4.713725e-01
    outer loop
      vertex   -1.616528e+02 9.510000e+01 8.340666e+02
      vertex   -1.616528e+02 9.150000e+01 8.340666e+02
      vertex   -1.615142e+02 9.150000e+01 8.343260e+02
    endloop
  endfacet
  facet normal -7.730114e-01 0.000000e+00 6.343922e-01
    outer loop
      vertex   -1.618393e+02 9.510000e+01 8.338393e+02
      vertex   -1.616528e+02 9.150000e+01 8.340666e+02
      vertex   -1.616528e+02 9.510000e+01 8.340666e+02
    endloop
  endfacet
  facet normal -7.730114e-01 0.000000e+00 6.343922e-01
    outer loop
      vertex   -1.618393e+02 9.510000e+01 8.338393e+02
      vertex   -1.618393e+02 9.150000e+01 8.338393e+02
      vertex   -1.616528e+02 9.150000e+01 8.340666e+02
    endloop
  endfacet
  facet normal -6.343922e-01 0.000000e+00 7.730114e-01
    outer loop
      vertex   -1.620666e+02 9.510000e+01 8.336528e+02
      vertex   -1.620666e+02 9.150000e+01 8.336528e+02
      vertex   -1.618393e+02 9.150000e+01 8.338393e+02
    endloop
  endfacet
  facet normal -6.343922e-01 0.000000e+00 7.730114e-01
    outer loop
      vertex   -1.620666e+02 9.510000e+01 8.336528e+02
      vertex   -1.618393e+02 9.150000e+01 8.338393e+02
      vertex   -1.618393e+02 9.510000e+01 8.338393e+02
    endloop
  endfacet
  facet normal -4.714095e-01 0.000000e+00 8.819145e-01
    outer loop
      vertex   -1.620666e+02 9.510000e+01 8.336528e+02
      vertex   -1.623260e+02 9.150000e+01 8.335142e+02
      vertex   -1.620666e+02 9.150000e+01 8.336528e+02
    endloop
  endfacet
  facet normal -4.714095e-01 0.000000e+00 8.819145e-01
    outer loop
      vertex   -1.623260e+02 9.510000e+01 8.335142e+02
      vertex   -1.623260e+02 9.150000e+01 8.335142e+02
      vertex   -1.620666e+02 9.510000e+01 8.336528e+02
    endloop
  endfacet
  facet normal -2.902684e-01 0.000000e+00 9.569453e-01
    outer loop
      vertex   -1.626074e+02 9.510000e+01 8.334288e+02
      vertex   -1.626074e+02 9.150000e+01 8.334288e+02
      vertex   -1.623260e+02 9.150000e+01 8.335142e+02
    endloop
  endfacet
  facet normal -2.902684e-01 0.000000e+00 9.569453e-01
    outer loop
      vertex   -1.626074e+02 9.510000e+01 8.334288e+02
      vertex   -1.623260e+02 9.150000e+01 8.335142e+02
      vertex   -1.623260e+02 9.510000e+01 8.335142e+02
    endloop
  endfacet
  facet normal -9.801360e-02 0.000000e+00 9.951851e-01
    outer loop
      vertex   -1.629000e+02 9.510000e+01 8.334000e+02
      vertex   -1.629000e+02 9.150000e+01 8.334000e+02
      vertex   -1.626074e+02 9.150000e+01 8.334288e+02
    endloop
  endfacet
  facet normal 9.800727e-02 0.000000e+00 9.951857e-01
    outer loop
      vertex   -1.629000e+02 9.510000e+01 8.334000e+02
      vertex   -1.631926e+02 9.150000e+01 8.334288e+02
      vertex   -1.629000e+02 9.150000e+01 8.334000e+02
    endloop
  endfacet
  facet normal -9.801360e-02 0.000000e+00 9.951851e-01
    outer loop
      vertex   -1.629000e+02 9.510000e+01 8.334000e+02
      vertex   -1.626074e+02 9.150000e+01 8.334288e+02
      vertex   -1.626074e+02 9.510000e+01 8.334288e+02
    endloop
  endfacet
  facet normal 9.800727e-02 0.000000e+00 9.951857e-01
    outer loop
      vertex   -1.631926e+02 9.510000e+01 8.334288e+02
      vertex   -1.631926e+02 9.150000e+01 8.334288e+02
      vertex   -1.629000e+02 9.510000e+01 8.334000e+02
    endloop
  endfacet
  facet normal 2.902684e-01 0.000000e+00 9.569453e-01
    outer loop
      vertex   -1.634740e+02 9.510000e+01 8.335142e+02
      vertex   -1.634740e+02 9.150000e+01 8.335142e+02
      vertex   -1.631926e+02 9.150000e+01 8.334288e+02
    endloop
  endfacet
  facet normal 4.714364e-01 0.000000e+00 8.819001e-01
    outer loop
      vertex   -1.634740e+02 9.510000e+01 8.335142e+02
      vertex   -1.637334e+02 9.150000e+01 8.336528e+02
      vertex   -1.634740e+02 9.150000e+01 8.335142e+02
    endloop
  endfacet
  facet normal 2.902684e-01 0.000000e+00 9.569453e-01
    outer loop
      vertex   -1.634740e+02 9.510000e+01 8.335142e+02
      vertex   -1.631926e+02 9.150000e+01 8.334288e+02
      vertex   -1.631926e+02 9.510000e+01 8.334288e+02
    endloop
  endfacet
  facet normal 4.714364e-01 0.000000e+00 8.819001e-01
    outer loop
      vertex   -1.637334e+02 9.510000e+01 8.336528e+02
      vertex   -1.637334e+02 9.150000e+01 8.336528e+02
      vertex   -1.634740e+02 9.510000e+01 8.335142e+02
    endloop
  endfacet
  facet normal 6.343603e-01 0.000000e+00 7.730375e-01
    outer loop
      vertex   -1.639607e+02 9.510000e+01 8.338393e+02
      vertex   -1.639607e+02 9.150000e+01 8.338393e+02
      vertex   -1.637334e+02 9.150000e+01 8.336528e+02
    endloop
  endfacet
  facet normal 6.343603e-01 0.000000e+00 7.730375e-01
    outer loop
      vertex   -1.639607e+02 9.510000e+01 8.338393e+02
      vertex   -1.637334e+02 9.150000e+01 8.336528e+02
      vertex   -1.637334e+02 9.510000e+01 8.336528e+02
    endloop
  endfacet
  facet normal 7.730114e-01 0.000000e+00 6.343922e-01
    outer loop
      vertex   -1.641472e+02 9.510000e+01 8.340666e+02
      vertex   -1.641472e+02 9.150000e+01 8.340666e+02
      vertex   -1.639607e+02 9.150000e+01 8.338393e+02
    endloop
  endfacet
  facet normal 8.819342e-01 0.000000e+00 4.713725e-01
    outer loop
      vertex   -1.641472e+02 9.510000e+01 8.340666e+02
      vertex   -1.642858e+02 9.150000e+01 8.343260e+02
      vertex   -1.641472e+02 9.150000e+01 8.340666e+02
    endloop
  endfacet
  facet normal 7.730114e-01 0.000000e+00 6.343922e-01
    outer loop
      vertex   -1.641472e+02 9.510000e+01 8.340666e+02
      vertex   -1.639607e+02 9.150000e+01 8.338393e+02
      vertex   -1.639607e+02 9.510000e+01 8.338393e+02
    endloop
  endfacet
  facet normal 8.819342e-01 0.000000e+00 4.713725e-01
    outer loop
      vertex   -1.642858e+02 9.510000e+01 8.343260e+02
      vertex   -1.642858e+02 9.150000e+01 8.343260e+02
      vertex   -1.641472e+02 9.510000e+01 8.340666e+02
    endloop
  endfacet
  facet normal 9.569272e-01 0.000000e+00 2.903278e-01
    outer loop
      vertex   -1.643712e+02 9.510000e+01 8.346074e+02
      vertex   -1.643712e+02 9.150000e+01 8.346074e+02
      vertex   -1.642858e+02 9.150000e+01 8.343260e+02
    endloop
  endfacet
  facet normal 9.951854e-01 0.000000e+00 9.801044e-02
    outer loop
      vertex   -1.643712e+02 9.510000e+01 8.346074e+02
      vertex   -1.644000e+02 9.150000e+01 8.349000e+02
      vertex   -1.643712e+02 9.150000e+01 8.346074e+02
    endloop
  endfacet
  facet normal 9.569272e-01 0.000000e+00 2.903278e-01
    outer loop
      vertex   -1.643712e+02 9.510000e+01 8.346074e+02
      vertex   -1.642858e+02 9.150000e+01 8.343260e+02
      vertex   -1.642858e+02 9.510000e+01 8.343260e+02
    endloop
  endfacet
  facet normal 9.951854e-01 0.000000e+00 9.801044e-02
    outer loop
      vertex   -1.644000e+02 9.510000e+01 8.349000e+02
      vertex   -1.644000e+02 9.150000e+01 8.349000e+02
      vertex   -1.643712e+02 9.510000e+01 8.346074e+02
    endloop
  endfacet
  facet normal 9.951857e-01 0.000000e+00 -9.800727e-02
    outer loop
      vertex   -1.383712e+02 9.510000e+01 8.351926e+02
      vertex   -1.384000e+02 9.150000e+01 8.349000e+02
      vertex   -1.384000e+02 9.510000e+01 8.349000e+02
    endloop
  endfacet
  facet normal 9.951857e-01 0.000000e+00 -9.800727e-02
    outer loop
      vertex   -1.383712e+02 9.510000e+01 8.351926e+02
      vertex   -1.383712e+02 9.150000e+01 8.351926e+02
      vertex   -1.384000e+02 9.150000e+01 8.349000e+02
    endloop
  endfacet
  facet normal 9.569363e-01 0.000000e+00 -2.902981e-01
    outer loop
      vertex   -1.382858e+02 9.510000e+01 8.354740e+02
      vertex   -1.382858e+02 9.150000e+01 8.354740e+02
      vertex   -1.383712e+02 9.150000e+01 8.351926e+02
    endloop
  endfacet
  facet normal 9.569363e-01 0.000000e+00 -2.902981e-01
    outer loop
      vertex   -1.382858e+02 9.510000e+01 8.354740e+02
      vertex   -1.383712e+02 9.150000e+01 8.351926e+02
      vertex   -1.383712e+02 9.510000e+01 8.351926e+02
    endloop
  endfacet
  facet normal 8.819135e-01 0.000000e+00 -4.714112e-01
    outer loop
      vertex   -1.381472e+02 9.510000e+01 8.357334e+02
      vertex   -1.381472e+02 9.150000e+01 8.357334e+02
      vertex   -1.382858e+02 9.150000e+01 8.354740e+02
    endloop
  endfacet
  facet normal 8.819135e-01 0.000000e+00 -4.714112e-01
    outer loop
      vertex   -1.381472e+02 9.510000e+01 8.357334e+02
      vertex   -1.382858e+02 9.150000e+01 8.354740e+02
      vertex   -1.382858e+02 9.510000e+01 8.354740e+02
    endloop
  endfacet
  facet normal 7.730114e-01 0.000000e+00 -6.343922e-01
    outer loop
      vertex   -1.379607e+02 9.510000e+01 8.359607e+02
      vertex   -1.379607e+02 9.150000e+01 8.359607e+02
      vertex   -1.381472e+02 9.150000e+01 8.357334e+02
    endloop
  endfacet
  facet normal 7.730114e-01 0.000000e+00 -6.343922e-01
    outer loop
      vertex   -1.379607e+02 9.510000e+01 8.359607e+02
      vertex   -1.381472e+02 9.150000e+01 8.357334e+02
      vertex   -1.381472e+02 9.510000e+01 8.357334e+02
    endloop
  endfacet
  facet normal 6.343956e-01 0.000000e+00 -7.730085e-01
    outer loop
      vertex   -1.377334e+02 9.510000e+01 8.361472e+02
      vertex   -1.377334e+02 9.150000e+01 8.361472e+02
      vertex   -1.379607e+02 9.150000e+01 8.359607e+02
    endloop
  endfacet
  facet normal 4.714112e-01 0.000000e+00 -8.819135e-01
    outer loop
      vertex   -1.377334e+02 9.510000e+01 8.361472e+02
      vertex   -1.374740e+02 9.150000e+01 8.362858e+02
      vertex   -1.377334e+02 9.150000e+01 8.361472e+02
    endloop
  endfacet
  facet normal 6.343956e-01 0.000000e+00 -7.730085e-01
    outer loop
      vertex   -1.377334e+02 9.510000e+01 8.361472e+02
      vertex   -1.379607e+02 9.150000e+01 8.359607e+02
      vertex   -1.379607e+02 9.510000e+01 8.359607e+02
    endloop
  endfacet
  facet normal 4.714112e-01 0.000000e+00 -8.819135e-01
    outer loop
      vertex   -1.374740e+02 9.510000e+01 8.362858e+02
      vertex   -1.374740e+02 9.150000e+01 8.362858e+02
      vertex   -1.377334e+02 9.510000e+01 8.361472e+02
    endloop
  endfacet
  facet normal 2.902981e-01 0.000000e+00 -9.569363e-01
    outer loop
      vertex   -1.371926e+02 9.510000e+01 8.363712e+02
      vertex   -1.371926e+02 9.150000e+01 8.363712e+02
      vertex   -1.374740e+02 9.150000e+01 8.362858e+02
    endloop
  endfacet
  facet normal 2.902981e-01 0.000000e+00 -9.569363e-01
    outer loop
      vertex   -1.371926e+02 9.510000e+01 8.363712e+02
      vertex   -1.374740e+02 9.150000e+01 8.362858e+02
      vertex   -1.374740e+02 9.510000e+01 8.362858e+02
    endloop
  endfacet
  facet normal 9.800727e-02 0.000000e+00 -9.951857e-01
    outer loop
      vertex   -1.369000e+02 9.510000e+01 8.364000e+02
      vertex   -1.369000e+02 9.150000e+01 8.364000e+02
      vertex   -1.371926e+02 9.150000e+01 8.363712e+02
    endloop
  endfacet
  facet normal 9.800727e-02 0.000000e+00 -9.951857e-01
    outer loop
      vertex   -1.369000e+02 9.510000e+01 8.364000e+02
      vertex   -1.371926e+02 9.150000e+01 8.363712e+02
      vertex   -1.371926e+02 9.510000e+01 8.363712e+02
    endloop
  endfacet
  facet normal -9.801044e-02 0.000000e+00 -9.951854e-01
    outer loop
      vertex   -1.366074e+02 9.510000e+01 8.363712e+02
      vertex   -1.369000e+02 9.150000e+01 8.364000e+02
      vertex   -1.369000e+02 9.510000e+01 8.364000e+02
    endloop
  endfacet
  facet normal -9.801044e-02 -0.000000e+00 -9.951854e-01
    outer loop
      vertex   -1.366074e+02 9.510000e+01 8.363712e+02
      vertex   -1.366074e+02 9.150000e+01 8.363712e+02
      vertex   -1.369000e+02 9.150000e+01 8.364000e+02
    endloop
  endfacet
  facet normal -2.902981e-01 0.000000e+00 -9.569363e-01
    outer loop
      vertex   -1.363260e+02 9.510000e+01 8.362858e+02
      vertex   -1.366074e+02 9.150000e+01 8.363712e+02
      vertex   -1.366074e+02 9.510000e+01 8.363712e+02
    endloop
  endfacet
  facet normal -2.902981e-01 -0.000000e+00 -9.569363e-01
    outer loop
      vertex   -1.363260e+02 9.510000e+01 8.362858e+02
      vertex   -1.363260e+02 9.150000e+01 8.362858e+02
      vertex   -1.366074e+02 9.150000e+01 8.363712e+02
    endloop
  endfacet
  facet normal -4.713977e-01 -0.000000e+00 -8.819207e-01
    outer loop
      vertex   -1.363260e+02 9.510000e+01 8.362858e+02
      vertex   -1.360666e+02 9.150000e+01 8.361472e+02
      vertex   -1.363260e+02 9.150000e+01 8.362858e+02
    endloop
  endfacet
  facet normal -4.713977e-01 -0.000000e+00 -8.819207e-01
    outer loop
      vertex   -1.360666e+02 9.510000e+01 8.361472e+02
      vertex   -1.360666e+02 9.150000e+01 8.361472e+02
      vertex   -1.363260e+02 9.510000e+01 8.362858e+02
    endloop
  endfacet
  facet normal -6.344115e-01 0.000000e+00 -7.729955e-01
    outer loop
      vertex   -1.358393e+02 9.510000e+01 8.359607e+02
      vertex   -1.360666e+02 9.150000e+01 8.361472e+02
      vertex   -1.360666e+02 9.510000e+01 8.361472e+02
    endloop
  endfacet
  facet normal -6.344115e-01 -0.000000e+00 -7.729955e-01
    outer loop
      vertex   -1.358393e+02 9.510000e+01 8.359607e+02
      vertex   -1.358393e+02 9.150000e+01 8.359607e+02
      vertex   -1.360666e+02 9.150000e+01 8.361472e+02
    endloop
  endfacet
  facet normal -7.730114e-01 0.000000e+00 -6.343922e-01
    outer loop
      vertex   -1.356528e+02 9.510000e+01 8.357334e+02
      vertex   -1.358393e+02 9.150000e+01 8.359607e+02
      vertex   -1.358393e+02 9.510000e+01 8.359607e+02
    endloop
  endfacet
  facet normal -7.730114e-01 -0.000000e+00 -6.343922e-01
    outer loop
      vertex   -1.356528e+02 9.510000e+01 8.357334e+02
      vertex   -1.356528e+02 9.150000e+01 8.357334e+02
      vertex   -1.358393e+02 9.150000e+01 8.359607e+02
    endloop
  endfacet
  facet normal -8.819001e-01 0.000000e+00 -4.714364e-01
    outer loop
      vertex   -1.355142e+02 9.510000e+01 8.354740e+02
      vertex   -1.356528e+02 9.150000e+01 8.357334e+02
      vertex   -1.356528e+02 9.510000e+01 8.357334e+02
    endloop
  endfacet
  facet normal -8.819001e-01 -0.000000e+00 -4.714364e-01
    outer loop
      vertex   -1.355142e+02 9.510000e+01 8.354740e+02
      vertex   -1.355142e+02 9.150000e+01 8.354740e+02
      vertex   -1.356528e+02 9.150000e+01 8.357334e+02
    endloop
  endfacet
  facet normal -9.569453e-01 0.000000e+00 -2.902684e-01
    outer loop
      vertex   -1.354288e+02 9.510000e+01 8.351926e+02
      vertex   -1.355142e+02 9.150000e+01 8.354740e+02
      vertex   -1.355142e+02 9.510000e+01 8.354740e+02
    endloop
  endfacet
  facet normal -9.569453e-01 -0.000000e+00 -2.902684e-01
    outer loop
      vertex   -1.354288e+02 9.510000e+01 8.351926e+02
      vertex   -1.354288e+02 9.150000e+01 8.351926e+02
      vertex   -1.355142e+02 9.150000e+01 8.354740e+02
    endloop
  endfacet
  facet normal -9.951857e-01 0.000000e+00 -9.800727e-02
    outer loop
      vertex   -1.354000e+02 9.510000e+01 8.349000e+02
      vertex   -1.354288e+02 9.150000e+01 8.351926e+02
      vertex   -1.354288e+02 9.510000e+01 8.351926e+02
    endloop
  endfacet
  facet normal -9.951857e-01 -0.000000e+00 -9.800727e-02
    outer loop
      vertex   -1.354000e+02 9.510000e+01 8.349000e+02
      vertex   -1.354000e+02 9.150000e+01 8.349000e+02
      vertex   -1.354288e+02 9.150000e+01 8.351926e+02
    endloop
  endfacet
  facet normal -9.951854e-01 0.000000e+00 9.801044e-02
    outer loop
      vertex   -1.354288e+02 9.510000e+01 8.346074e+02
      vertex   -1.354000e+02 9.150000e+01 8.349000e+02
      vertex   -1.354000e+02 9.510000e+01 8.349000e+02
    endloop
  endfacet
  facet normal -9.951854e-01 0.000000e+00 9.801044e-02
    outer loop
      vertex   -1.354288e+02 9.510000e+01 8.346074e+02
      vertex   -1.354288e+02 9.150000e+01 8.346074e+02
      vertex   -1.354000e+02 9.150000e+01 8.349000e+02
    endloop
  endfacet
  facet normal -9.569453e-01 0.000000e+00 2.902684e-01
    outer loop
      vertex   -1.355142e+02 9.510000e+01 8.343260e+02
      vertex   -1.354288e+02 9.150000e+01 8.346074e+02
      vertex   -1.354288e+02 9.510000e+01 8.346074e+02
    endloop
  endfacet
  facet normal -9.569453e-01 0.000000e+00 2.902684e-01
    outer loop
      vertex   -1.355142e+02 9.510000e+01 8.343260e+02
      vertex   -1.355142e+02 9.150000e+01 8.343260e+02
      vertex   -1.354288e+02 9.150000e+01 8.346074e+02
    endloop
  endfacet
  facet normal -8.819073e-01 0.000000e+00 4.714229e-01
    outer loop
      vertex   -1.356528e+02 9.510000e+01 8.340666e+02
      vertex   -1.355142e+02 9.150000e+01 8.343260e+02
      vertex   -1.355142e+02 9.510000e+01 8.343260e+02
    endloop
  endfacet
  facet normal -8.819073e-01 0.000000e+00 4.714229e-01
    outer loop
      vertex   -1.356528e+02 9.510000e+01 8.340666e+02
      vertex   -1.356528e+02 9.150000e+01 8.340666e+02
      vertex   -1.355142e+02 9.150000e+01 8.343260e+02
    endloop
  endfacet
  facet normal -7.730114e-01 0.000000e+00 6.343922e-01
    outer loop
      vertex   -1.358393e+02 9.510000e+01 8.338393e+02
      vertex   -1.356528e+02 9.150000e+01 8.340666e+02
      vertex   -1.356528e+02 9.510000e+01 8.340666e+02
    endloop
  endfacet
  facet normal -7.730114e-01 0.000000e+00 6.343922e-01
    outer loop
      vertex   -1.358393e+02 9.510000e+01 8.338393e+02
      vertex   -1.358393e+02 9.150000e+01 8.338393e+02
      vertex   -1.356528e+02 9.150000e+01 8.340666e+02
    endloop
  endfacet
  facet normal -6.343922e-01 0.000000e+00 7.730114e-01
    outer loop
      vertex   -1.360666e+02 9.510000e+01 8.336528e+02
      vertex   -1.360666e+02 9.150000e+01 8.336528e+02
      vertex   -1.358393e+02 9.150000e+01 8.338393e+02
    endloop
  endfacet
  facet normal -6.343922e-01 0.000000e+00 7.730114e-01
    outer loop
      vertex   -1.360666e+02 9.510000e+01 8.336528e+02
      vertex   -1.358393e+02 9.150000e+01 8.338393e+02
      vertex   -1.358393e+02 9.510000e+01 8.338393e+02
    endloop
  endfacet
  facet normal -4.714229e-01 0.000000e+00 8.819073e-01
    outer loop
      vertex   -1.360666e+02 9.510000e+01 8.336528e+02
      vertex   -1.363260e+02 9.150000e+01 8.335142e+02
      vertex   -1.360666e+02 9.150000e+01 8.336528e+02
    endloop
  endfacet
  facet normal -4.714229e-01 0.000000e+00 8.819073e-01
    outer loop
      vertex   -1.363260e+02 9.510000e+01 8.335142e+02
      vertex   -1.363260e+02 9.150000e+01 8.335142e+02
      vertex   -1.360666e+02 9.510000e+01 8.336528e+02
    endloop
  endfacet
  facet normal -2.902684e-01 0.000000e+00 9.569453e-01
    outer loop
      vertex   -1.366074e+02 9.510000e+01 8.334288e+02
      vertex   -1.366074e+02 9.150000e+01 8.334288e+02
      vertex   -1.363260e+02 9.150000e+01 8.335142e+02
    endloop
  endfacet
  facet normal -2.902684e-01 0.000000e+00 9.569453e-01
    outer loop
      vertex   -1.366074e+02 9.510000e+01 8.334288e+02
      vertex   -1.363260e+02 9.150000e+01 8.335142e+02
      vertex   -1.363260e+02 9.510000e+01 8.335142e+02
    endloop
  endfacet
  facet normal -9.801044e-02 0.000000e+00 9.951854e-01
    outer loop
      vertex   -1.369000e+02 9.510000e+01 8.334000e+02
      vertex   -1.369000e+02 9.150000e+01 8.334000e+02
      vertex   -1.366074e+02 9.150000e+01 8.334288e+02
    endloop
  endfacet
  facet normal 9.800727e-02 0.000000e+00 9.951857e-01
    outer loop
      vertex   -1.369000e+02 9.510000e+01 8.334000e+02
      vertex   -1.371926e+02 9.150000e+01 8.334288e+02
      vertex   -1.369000e+02 9.150000e+01 8.334000e+02
    endloop
  endfacet
  facet normal -9.801044e-02 0.000000e+00 9.951854e-01
    outer loop
      vertex   -1.369000e+02 9.510000e+01 8.334000e+02
      vertex   -1.366074e+02 9.150000e+01 8.334288e+02
      vertex   -1.366074e+02 9.510000e+01 8.334288e+02
    endloop
  endfacet
  facet normal 9.800727e-02 0.000000e+00 9.951857e-01
    outer loop
      vertex   -1.371926e+02 9.510000e+01 8.334288e+02
      vertex   -1.371926e+02 9.150000e+01 8.334288e+02
      vertex   -1.369000e+02 9.510000e+01 8.334000e+02
    endloop
  endfacet
  facet normal 2.902684e-01 0.000000e+00 9.569453e-01
    outer loop
      vertex   -1.374740e+02 9.510000e+01 8.335142e+02
      vertex   -1.374740e+02 9.150000e+01 8.335142e+02
      vertex   -1.371926e+02 9.150000e+01 8.334288e+02
    endloop
  endfacet
  facet normal 4.714364e-01 0.000000e+00 8.819001e-01
    outer loop
      vertex   -1.374740e+02 9.510000e+01 8.335142e+02
      vertex   -1.377334e+02 9.150000e+01 8.336528e+02
      vertex   -1.374740e+02 9.150000e+01 8.335142e+02
    endloop
  endfacet
  facet normal 2.902684e-01 0.000000e+00 9.569453e-01
    outer loop
      vertex   -1.374740e+02 9.510000e+01 8.335142e+02
      vertex   -1.371926e+02 9.150000e+01 8.334288e+02
      vertex   -1.371926e+02 9.510000e+01 8.334288e+02
    endloop
  endfacet
  facet normal 4.714364e-01 0.000000e+00 8.819001e-01
    outer loop
      vertex   -1.377334e+02 9.510000e+01 8.336528e+02
      vertex   -1.377334e+02 9.150000e+01 8.336528e+02
      vertex   -1.374740e+02 9.510000e+01 8.335142e+02
    endloop
  endfacet
  facet normal 6.343762e-01 0.000000e+00 7.730244e-01
    outer loop
      vertex   -1.379607e+02 9.510000e+01 8.338393e+02
      vertex   -1.379607e+02 9.150000e+01 8.338393e+02
      vertex   -1.377334e+02 9.150000e+01 8.336528e+02
    endloop
  endfacet
  facet normal 6.343762e-01 0.000000e+00 7.730244e-01
    outer loop
      vertex   -1.379607e+02 9.510000e+01 8.338393e+02
      vertex   -1.377334e+02 9.150000e+01 8.336528e+02
      vertex   -1.377334e+02 9.510000e+01 8.336528e+02
    endloop
  endfacet
  facet normal 7.730114e-01 0.000000e+00 6.343922e-01
    outer loop
      vertex   -1.381472e+02 9.510000e+01 8.340666e+02
      vertex   -1.381472e+02 9.150000e+01 8.340666e+02
      vertex   -1.379607e+02 9.150000e+01 8.338393e+02
    endloop
  endfacet
  facet normal 8.819207e-01 0.000000e+00 4.713977e-01
    outer loop
      vertex   -1.381472e+02 9.510000e+01 8.340666e+02
      vertex   -1.382858e+02 9.150000e+01 8.343260e+02
      vertex   -1.381472e+02 9.150000e+01 8.340666e+02
    endloop
  endfacet
  facet normal 7.730114e-01 0.000000e+00 6.343922e-01
    outer loop
      vertex   -1.381472e+02 9.510000e+01 8.340666e+02
      vertex   -1.379607e+02 9.150000e+01 8.338393e+02
      vertex   -1.379607e+02 9.510000e+01 8.338393e+02
    endloop
  endfacet
  facet normal 8.819207e-01 0.000000e+00 4.713977e-01
    outer loop
      vertex   -1.382858e+02 9.510000e+01 8.343260e+02
      vertex   -1.382858e+02 9.150000e+01 8.343260e+02
      vertex   -1.381472e+02 9.510000e+01 8.340666e+02
    endloop
  endfacet
  facet normal 9.569363e-01 0.000000e+00 2.902981e-01
    outer loop
      vertex   -1.383712e+02 9.510000e+01 8.346074e+02
      vertex   -1.383712e+02 9.150000e+01 8.346074e+02
      vertex   -1.382858e+02 9.150000e+01 8.343260e+02
    endloop
  endfacet
  facet normal 9.951854e-01 0.000000e+00 9.801044e-02
    outer loop
      vertex   -1.383712e+02 9.510000e+01 8.346074e+02
      vertex   -1.384000e+02 9.150000e+01 8.349000e+02
      vertex   -1.383712e+02 9.150000e+01 8.346074e+02
    endloop
  endfacet
  facet normal 9.569363e-01 0.000000e+00 2.902981e-01
    outer loop
      vertex   -1.383712e+02 9.510000e+01 8.346074e+02
      vertex   -1.382858e+02 9.150000e+01 8.343260e+02
      vertex   -1.382858e+02 9.510000e+01 8.343260e+02
    endloop
  endfacet
  facet normal 9.951854e-01 0.000000e+00 9.801044e-02
    outer loop
      vertex   -1.384000e+02 9.510000e+01 8.349000e+02
      vertex   -1.384000e+02 9.150000e+01 8.349000e+02
      vertex   -1.383712e+02 9.510000e+01 8.346074e+02
    endloop
  endfacet
  facet normal 0.000000e+00 -1.000000e+00 0.000000e+00
    outer loop
      vertex   -1.614288e+02 9.510000e+01 8.186074e+02
      vertex   -1.616528e+02 9.510000e+01 8.180666e+02
      vertex   -1.615142e+02 9.510000e+01 8.183260e+02
    endloop
  endfacet
  facet normal 0.000000e+00 -1.000000e+00 0.000000e+00
    outer loop
      vertex   -1.639607e+02 9.510000e+01 8.178393e+02
      vertex   -1.634740e+02 9.510000e+01 8.175142e+02
      vertex   -1.631926e+02 9.510000e+01 8.174288e+02
    endloop
  endfacet
  facet normal 0.000000e+00 -1.000000e+00 0.000000e+00
    outer loop
      vertex   -1.639607e+02 9.510000e+01 8.178393e+02
      vertex   -1.637334e+02 9.510000e+01 8.176528e+02
      vertex   -1.634740e+02 9.510000e+01 8.175142e+02
    endloop
  endfacet
  facet normal 0.000000e+00 -1.000000e+00 0.000000e+00
    outer loop
      vertex   -1.641472e+02 9.510000e+01 8.180666e+02
      vertex   -1.631926e+02 9.510000e+01 8.174288e+02
      vertex   -1.629000e+02 9.510000e+01 8.174000e+02
    endloop
  endfacet
  facet normal 0.000000e+00 -1.000000e+00 0.000000e+00
    outer loop
      vertex   -1.641472e+02 9.510000e+01 8.180666e+02
      vertex   -1.639607e+02 9.510000e+01 8.178393e+02
      vertex   -1.631926e+02 9.510000e+01 8.174288e+02
    endloop
  endfacet
  facet normal 0.000000e+00 -1.000000e+00 0.000000e+00
    outer loop
      vertex   -1.626074e+02 9.510000e+01 8.203712e+02
      vertex   -1.620666e+02 9.510000e+01 8.201472e+02
      vertex   -1.623260e+02 9.510000e+01 8.202858e+02
    endloop
  endfacet
  facet normal 0.000000e+00 -1.000000e+00 0.000000e+00
    outer loop
      vertex   -1.626074e+02 9.510000e+01 8.203712e+02
      vertex   -1.618393e+02 9.510000e+01 8.199607e+02
      vertex   -1.620666e+02 9.510000e+01 8.201472e+02
    endloop
  endfacet
  facet normal 0.000000e+00 -1.000000e+00 0.000000e+00
    outer loop
      vertex   -1.643712e+02 9.510000e+01 8.186074e+02
      vertex   -1.629000e+02 9.510000e+01 8.174000e+02
      vertex   -1.626074e+02 9.510000e+01 8.174288e+02
    endloop
  endfacet
  facet normal 0.000000e+00 -1.000000e+00 0.000000e+00
    outer loop
      vertex   -1.643712e+02 9.510000e+01 8.186074e+02
      vertex   -1.642858e+02 9.510000e+01 8.183260e+02
      vertex   -1.641472e+02 9.510000e+01 8.180666e+02
    endloop
  endfacet
  facet normal 0.000000e+00 -1.000000e+00 0.000000e+00
    outer loop
      vertex   -1.643712e+02 9.510000e+01 8.186074e+02
      vertex   -1.641472e+02 9.510000e+01 8.180666e+02
      vertex   -1.629000e+02 9.510000e+01 8.174000e+02
    endloop
  endfacet
  facet normal 0.000000e+00 -1.000000e+00 0.000000e+00
    outer loop
      vertex   -1.641472e+02 9.510000e+01 8.197334e+02
      vertex   -1.643712e+02 9.510000e+01 8.191926e+02
      vertex   -1.644000e+02 9.510000e+01 8.189000e+02
    endloop
  endfacet
  facet normal 0.000000e+00 -1.000000e+00 0.000000e+00
    outer loop
      vertex   -1.641472e+02 9.510000e+01 8.197334e+02
      vertex   -1.642858e+02 9.510000e+01 8.194740e+02
      vertex   -1.643712e+02 9.510000e+01 8.191926e+02
    endloop
  endfacet
  facet normal 0.000000e+00 -1.000000e+00 0.000000e+00
    outer loop
      vertex   -1.641472e+02 9.510000e+01 8.197334e+02
      vertex   -1.644000e+02 9.510000e+01 8.189000e+02
      vertex   -1.643712e+02 9.510000e+01 8.186074e+02
    endloop
  endfacet
  facet normal 0.000000e+00 -1.000000e+00 0.000000e+00
    outer loop
      vertex   -1.637334e+02 9.510000e+01 8.201472e+02
      vertex   -1.631926e+02 9.510000e+01 8.203712e+02
      vertex   -1.634740e+02 9.510000e+01 8.202858e+02
    endloop
  endfacet
  facet normal 0.000000e+00 -1.000000e+00 0.000000e+00
    outer loop
      vertex   -1.637334e+02 9.510000e+01 8.201472e+02
      vertex   -1.629000e+02 9.510000e+01 8.204000e+02
      vertex   -1.631926e+02 9.510000e+01 8.203712e+02
    endloop
  endfacet
  facet normal 0.000000e+00 -1.000000e+00 0.000000e+00
    outer loop
      vertex   -1.637334e+02 9.510000e+01 8.201472e+02
      vertex   -1.626074e+02 9.510000e+01 8.203712e+02
      vertex   -1.629000e+02 9.510000e+01 8.204000e+02
    endloop
  endfacet
  facet normal 0.000000e+00 -1.000000e+00 0.000000e+00
    outer loop
      vertex   -1.639607e+02 9.510000e+01 8.199607e+02
      vertex   -1.616528e+02 9.510000e+01 8.197334e+02
      vertex   -1.618393e+02 9.510000e+01 8.199607e+02
    endloop
  endfacet
  facet normal 0.000000e+00 -1.000000e+00 0.000000e+00
    outer loop
      vertex   -1.639607e+02 9.510000e+01 8.199607e+02
      vertex   -1.615142e+02 9.510000e+01 8.194740e+02
      vertex   -1.616528e+02 9.510000e+01 8.197334e+02
    endloop
  endfacet
  facet normal 0.000000e+00 -1.000000e+00 0.000000e+00
    outer loop
      vertex   -1.639607e+02 9.510000e+01 8.199607e+02
      vertex   -1.614288e+02 9.510000e+01 8.191926e+02
      vertex   -1.615142e+02 9.510000e+01 8.194740e+02
    endloop
  endfacet
  facet normal 0.000000e+00 -1.000000e+00 0.000000e+00
    outer loop
      vertex   -1.639607e+02 9.510000e+01 8.199607e+02
      vertex   -1.614000e+02 9.510000e+01 8.189000e+02
      vertex   -1.614288e+02 9.510000e+01 8.191926e+02
    endloop
  endfacet
  facet normal 0.000000e+00 -1.000000e+00 0.000000e+00
    outer loop
      vertex   -1.639607e+02 9.510000e+01 8.199607e+02
      vertex   -1.614288e+02 9.510000e+01 8.186074e+02
      vertex   -1.614000e+02 9.510000e+01 8.189000e+02
    endloop
  endfacet
  facet normal 0.000000e+00 -1.000000e+00 0.000000e+00
    outer loop
      vertex   -1.639607e+02 9.510000e+01 8.199607e+02
      vertex   -1.618393e+02 9.510000e+01 8.178393e+02
      vertex   -1.616528e+02 9.510000e+01 8.180666e+02
    endloop
  endfacet
  facet normal 0.000000e+00 -1.000000e+00 0.000000e+00
    outer loop
      vertex   -1.639607e+02 9.510000e+01 8.199607e+02
      vertex   -1.620666e+02 9.510000e+01 8.176528e+02
      vertex   -1.618393e+02 9.510000e+01 8.178393e+02
    endloop
  endfacet
  facet normal 0.000000e+00 -1.000000e+00 0.000000e+00
    outer loop
      vertex   -1.639607e+02 9.510000e+01 8.199607e+02
      vertex   -1.623260e+02 9.510000e+01 8.175142e+02
      vertex   -1.620666e+02 9.510000e+01 8.176528e+02
    endloop
  endfacet
  facet normal 0.000000e+00 -1.000000e+00 0.000000e+00
    outer loop
      vertex   -1.639607e+02 9.510000e+01 8.199607e+02
      vertex   -1.626074e+02 9.510000e+01 8.174288e+02
      vertex   -1.623260e+02 9.510000e+01 8.175142e+02
    endloop
  endfacet
  facet normal 0.000000e+00 -1.000000e+00 0.000000e+00
    outer loop
      vertex   -1.639607e+02 9.510000e+01 8.199607e+02
      vertex   -1.616528e+02 9.510000e+01 8.180666e+02
      vertex   -1.614288e+02 9.510000e+01 8.186074e+02
    endloop
  endfacet
  facet normal 0.000000e+00 -1.000000e+00 0.000000e+00
    outer loop
      vertex   -1.639607e+02 9.510000e+01 8.199607e+02
      vertex   -1.626074e+02 9.510000e+01 8.203712e+02
      vertex   -1.637334e+02 9.510000e+01 8.201472e+02
    endloop
  endfacet
  facet normal 0.000000e+00 -1.000000e+00 -0.000000e+00
    outer loop
      vertex   -1.639607e+02 9.510000e+01 8.199607e+02
      vertex   -1.643712e+02 9.510000e+01 8.186074e+02
      vertex   -1.626074e+02 9.510000e+01 8.174288e+02
    endloop
  endfacet
  facet normal 0.000000e+00 -1.000000e+00 0.000000e+00
    outer loop
      vertex   -1.639607e+02 9.510000e+01 8.199607e+02
      vertex   -1.618393e+02 9.510000e+01 8.199607e+02
      vertex   -1.626074e+02 9.510000e+01 8.203712e+02
    endloop
  endfacet
  facet normal 0.000000e+00 -1.000000e+00 0.000000e+00
    outer loop
      vertex   -1.639607e+02 9.510000e+01 8.199607e+02
      vertex   -1.641472e+02 9.510000e+01 8.197334e+02
      vertex   -1.643712e+02 9.510000e+01 8.186074e+02
    endloop
  endfacet
  facet normal 0.000000e+00 -1.000000e+00 0.000000e+00
    outer loop
      vertex   -1.354288e+02 9.510000e+01 8.186074e+02
      vertex   -1.356528e+02 9.510000e+01 8.180666e+02
      vertex   -1.355142e+02 9.510000e+01 8.183260e+02
    endloop
  endfacet
  facet normal 0.000000e+00 -1.000000e+00 0.000000e+00
    outer loop
      vertex   -1.379607e+02 9.510000e+01 8.178393e+02
      vertex   -1.374740e+02 9.510000e+01 8.175142e+02
      vertex   -1.371926e+02 9.510000e+01 8.174288e+02
    endloop
  endfacet
  facet normal 0.000000e+00 -1.000000e+00 0.000000e+00
    outer loop
      vertex   -1.379607e+02 9.510000e+01 8.178393e+02
      vertex   -1.377334e+02 9.510000e+01 8.176528e+02
      vertex   -1.374740e+02 9.510000e+01 8.175142e+02
    endloop
  endfacet
  facet normal 0.000000e+00 -1.000000e+00 0.000000e+00
    outer loop
      vertex   -1.381472e+02 9.510000e+01 8.180666e+02
      vertex   -1.371926e+02 9.510000e+01 8.174288e+02
      vertex   -1.369000e+02 9.510000e+01 8.174000e+02
    endloop
  endfacet
  facet normal 0.000000e+00 -1.000000e+00 0.000000e+00
    outer loop
      vertex   -1.381472e+02 9.510000e+01 8.180666e+02
      vertex   -1.379607e+02 9.510000e+01 8.178393e+02
      vertex   -1.371926e+02 9.510000e+01 8.174288e+02
    endloop
  endfacet
  facet normal 0.000000e+00 -1.000000e+00 0.000000e+00
    outer loop
      vertex   -1.366074e+02 9.510000e+01 8.203712e+02
      vertex   -1.360666e+02 9.510000e+01 8.201472e+02
      vertex   -1.363260e+02 9.510000e+01 8.202858e+02
    endloop
  endfacet
  facet normal 0.000000e+00 -1.000000e+00 0.000000e+00
    outer loop
      vertex   -1.366074e+02 9.510000e+01 8.203712e+02
      vertex   -1.358393e+02 9.510000e+01 8.199607e+02
      vertex   -1.360666e+02 9.510000e+01 8.201472e+02
    endloop
  endfacet
  facet normal 0.000000e+00 -1.000000e+00 0.000000e+00
    outer loop
      vertex   -1.383712e+02 9.510000e+01 8.186074e+02
      vertex   -1.369000e+02 9.510000e+01 8.174000e+02
      vertex   -1.366074e+02 9.510000e+01 8.174288e+02
    endloop
  endfacet
  facet normal 0.000000e+00 -1.000000e+00 0.000000e+00
    outer loop
      vertex   -1.383712e+02 9.510000e+01 8.186074e+02
      vertex   -1.382858e+02 9.510000e+01 8.183260e+02
      vertex   -1.381472e+02 9.510000e+01 8.180666e+02
    endloop
  endfacet
  facet normal 0.000000e+00 -1.000000e+00 0.000000e+00
    outer loop
      vertex   -1.383712e+02 9.510000e+01 8.186074e+02
      vertex   -1.381472e+02 9.510000e+01 8.180666e+02
      vertex   -1.369000e+02 9.510000e+01 8.174000e+02
    endloop
  endfacet
  facet normal 0.000000e+00 -1.000000e+00 0.000000e+00
    outer loop
      vertex   -1.381472e+02 9.510000e+01 8.197334e+02
      vertex   -1.383712e+02 9.510000e+01 8.191926e+02
      vertex   -1.384000e+02 9.510000e+01 8.189000e+02
    endloop
  endfacet
  facet normal 0.000000e+00 -1.000000e+00 0.000000e+00
    outer loop
      vertex   -1.381472e+02 9.510000e+01 8.197334e+02
      vertex   -1.382858e+02 9.510000e+01 8.194740e+02
      vertex   -1.383712e+02 9.510000e+01 8.191926e+02
    endloop
  endfacet
  facet normal 0.000000e+00 -1.000000e+00 0.000000e+00
    outer loop
      vertex   -1.381472e+02 9.510000e+01 8.197334e+02
      vertex   -1.384000e+02 9.510000e+01 8.189000e+02
      vertex   -1.383712e+02 9.510000e+01 8.186074e+02
    endloop
  endfacet
  facet normal 0.000000e+00 -1.000000e+00 0.000000e+00
    outer loop
      vertex   -1.377334e+02 9.510000e+01 8.201472e+02
      vertex   -1.371926e+02 9.510000e+01 8.203712e+02
      vertex   -1.374740e+02 9.510000e+01 8.202858e+02
    endloop
  endfacet
  facet normal 0.000000e+00 -1.000000e+00 0.000000e+00
    outer loop
      vertex   -1.377334e+02 9.510000e+01 8.201472e+02
      vertex   -1.369000e+02 9.510000e+01 8.204000e+02
      vertex   -1.371926e+02 9.510000e+01 8.203712e+02
    endloop
  endfacet
  facet normal 0.000000e+00 -1.000000e+00 0.000000e+00
    outer loop
      vertex   -1.377334e+02 9.510000e+01 8.201472e+02
      vertex   -1.366074e+02 9.510000e+01 8.203712e+02
      vertex   -1.369000e+02 9.510000e+01 8.204000e+02
    endloop
  endfacet
  facet normal 0.000000e+00 -1.000000e+00 0.000000e+00
    outer loop
      vertex   -1.379607e+02 9.510000e+01 8.199607e+02
      vertex   -1.356528e+02 9.510000e+01 8.197334e+02
      vertex   -1.358393e+02 9.510000e+01 8.199607e+02
    endloop
  endfacet
  facet normal 0.000000e+00 -1.000000e+00 0.000000e+00
    outer loop
      vertex   -1.379607e+02 9.510000e+01 8.199607e+02
      vertex   -1.355142e+02 9.510000e+01 8.194740e+02
      vertex   -1.356528e+02 9.510000e+01 8.197334e+02
    endloop
  endfacet
  facet normal 0.000000e+00 -1.000000e+00 0.000000e+00
    outer loop
      vertex   -1.379607e+02 9.510000e+01 8.199607e+02
      vertex   -1.354288e+02 9.510000e+01 8.191926e+02
      vertex   -1.355142e+02 9.510000e+01 8.194740e+02
    endloop
  endfacet
  facet normal 0.000000e+00 -1.000000e+00 0.000000e+00
    outer loop
      vertex   -1.379607e+02 9.510000e+01 8.199607e+02
      vertex   -1.354000e+02 9.510000e+01 8.189000e+02
      vertex   -1.354288e+02 9.510000e+01 8.191926e+02
    endloop
  endfacet
  facet normal 0.000000e+00 -1.000000e+00 0.000000e+00
    outer loop
      vertex   -1.379607e+02 9.510000e+01 8.199607e+02
      vertex   -1.354288e+02 9.510000e+01 8.186074e+02
      vertex   -1.354000e+02 9.510000e+01 8.189000e+02
    endloop
  endfacet
  facet normal 0.000000e+00 -1.000000e+00 0.000000e+00
    outer loop
      vertex   -1.379607e+02 9.510000e+01 8.199607e+02
      vertex   -1.358393e+02 9.510000e+01 8.178393e+02
      vertex   -1.356528e+02 9.510000e+01 8.180666e+02
    endloop
  endfacet
  facet normal 0.000000e+00 -1.000000e+00 0.000000e+00
    outer loop
      vertex   -1.379607e+02 9.510000e+01 8.199607e+02
      vertex   -1.360666e+02 9.510000e+01 8.176528e+02
      vertex   -1.358393e+02 9.510000e+01 8.178393e+02
    endloop
  endfacet
  facet normal 0.000000e+00 -1.000000e+00 0.000000e+00
    outer loop
      vertex   -1.379607e+02 9.510000e+01 8.199607e+02
      vertex   -1.363260e+02 9.510000e+01 8.175142e+02
      vertex   -1.360666e+02 9.510000e+01 8.176528e+02
    endloop
  endfacet
  facet normal 0.000000e+00 -1.000000e+00 0.000000e+00
    outer loop
      vertex   -1.379607e+02 9.510000e+01 8.199607e+02
      vertex   -1.366074e+02 9.510000e+01 8.174288e+02
      vertex   -1.363260e+02 9.510000e+01 8.175142e+02
    endloop
  endfacet
  facet normal 0.000000e+00 -1.000000e+00 0.000000e+00
    outer loop
      vertex   -1.379607e+02 9.510000e+01 8.199607e+02
      vertex   -1.356528e+02 9.510000e+01 8.180666e+02
      vertex   -1.354288e+02 9.510000e+01 8.186074e+02
    endloop
  endfacet
  facet normal 0.000000e+00 -1.000000e+00 0.000000e+00
    outer loop
      vertex   -1.379607e+02 9.510000e+01 8.199607e+02
      vertex   -1.366074e+02 9.510000e+01 8.203712e+02
      vertex   -1.377334e+02 9.510000e+01 8.201472e+02
    endloop
  endfacet
  facet normal 0.000000e+00 -1.000000e+00 -0.000000e+00
    outer loop
      vertex   -1.379607e+02 9.510000e+01 8.199607e+02
      vertex   -1.383712e+02 9.510000e+01 8.186074e+02
      vertex   -1.366074e+02 9.510000e+01 8.174288e+02
    endloop
  endfacet
  facet normal 0.000000e+00 -1.000000e+00 0.000000e+00
    outer loop
      vertex   -1.379607e+02 9.510000e+01 8.199607e+02
      vertex   -1.358393e+02 9.510000e+01 8.199607e+02
      vertex   -1.366074e+02 9.510000e+01 8.203712e+02
    endloop
  endfacet
  facet normal 0.000000e+00 -1.000000e+00 0.000000e+00
    outer loop
      vertex   -1.379607e+02 9.510000e+01 8.199607e+02
      vertex   -1.381472e+02 9.510000e+01 8.197334e+02
      vertex   -1.383712e+02 9.510000e+01 8.186074e+02
    endloop
  endfacet
  facet normal 0.000000e+00 -1.000000e+00 0.000000e+00
    outer loop
      vertex   -1.614288e+02 9.510000e+01 7.926074e+02
      vertex   -1.616528e+02 9.510000e+01 7.920666e+02
      vertex   -1.615142e+02 9.510000e+01 7.923260e+02
    endloop
  endfacet
  facet normal 0.000000e+00 -1.000000e+00 0.000000e+00
    outer loop
      vertex   -1.639607e+02 9.510000e+01 7.918393e+02
      vertex   -1.634740e+02 9.510000e+01 7.915142e+02
      vertex   -1.631926e+02 9.510000e+01 7.914288e+02
    endloop
  endfacet
  facet normal 0.000000e+00 -1.000000e+00 0.000000e+00
    outer loop
      vertex   -1.639607e+02 9.510000e+01 7.918393e+02
      vertex   -1.637334e+02 9.510000e+01 7.916528e+02
      vertex   -1.634740e+02 9.510000e+01 7.915142e+02
    endloop
  endfacet
  facet normal 0.000000e+00 -1.000000e+00 0.000000e+00
    outer loop
      vertex   -1.641472e+02 9.510000e+01 7.920666e+02
      vertex   -1.631926e+02 9.510000e+01 7.914288e+02
      vertex   -1.629000e+02 9.510000e+01 7.914000e+02
    endloop
  endfacet
  facet normal 0.000000e+00 -1.000000e+00 0.000000e+00
    outer loop
      vertex   -1.641472e+02 9.510000e+01 7.920666e+02
      vertex   -1.639607e+02 9.510000e+01 7.918393e+02
      vertex   -1.631926e+02 9.510000e+01 7.914288e+02
    endloop
  endfacet
  facet normal 0.000000e+00 -1.000000e+00 0.000000e+00
    outer loop
      vertex   -1.626074e+02 9.510000e+01 7.943712e+02
      vertex   -1.620666e+02 9.510000e+01 7.941472e+02
      vertex   -1.623260e+02 9.510000e+01 7.942858e+02
    endloop
  endfacet
  facet normal 0.000000e+00 -1.000000e+00 0.000000e+00
    outer loop
      vertex   -1.626074e+02 9.510000e+01 7.943712e+02
      vertex   -1.618393e+02 9.510000e+01 7.939607e+02
      vertex   -1.620666e+02 9.510000e+01 7.941472e+02
    endloop
  endfacet
  facet normal 0.000000e+00 -1.000000e+00 0.000000e+00
    outer loop
      vertex   -1.643712e+02 9.510000e+01 7.926074e+02
      vertex   -1.629000e+02 9.510000e+01 7.914000e+02
      vertex   -1.626074e+02 9.510000e+01 7.914288e+02
    endloop
  endfacet
  facet normal 0.000000e+00 -1.000000e+00 0.000000e+00
    outer loop
      vertex   -1.643712e+02 9.510000e+01 7.926074e+02
      vertex   -1.642858e+02 9.510000e+01 7.923260e+02
      vertex   -1.641472e+02 9.510000e+01 7.920666e+02
    endloop
  endfacet
  facet normal 0.000000e+00 -1.000000e+00 0.000000e+00
    outer loop
      vertex   -1.643712e+02 9.510000e+01 7.926074e+02
      vertex   -1.641472e+02 9.510000e+01 7.920666e+02
      vertex   -1.629000e+02 9.510000e+01 7.914000e+02
    endloop
  endfacet
  facet normal 0.000000e+00 -1.000000e+00 0.000000e+00
    outer loop
      vertex   -1.641472e+02 9.510000e+01 7.937334e+02
      vertex   -1.643712e+02 9.510000e+01 7.931926e+02
      vertex   -1.644000e+02 9.510000e+01 7.929000e+02
    endloop
  endfacet
  facet normal 0.000000e+00 -1.000000e+00 0.000000e+00
    outer loop
      vertex   -1.641472e+02 9.510000e+01 7.937334e+02
      vertex   -1.642858e+02 9.510000e+01 7.934740e+02
      vertex   -1.643712e+02 9.510000e+01 7.931926e+02
    endloop
  endfacet
  facet normal 0.000000e+00 -1.000000e+00 0.000000e+00
    outer loop
      vertex   -1.641472e+02 9.510000e+01 7.937334e+02
      vertex   -1.644000e+02 9.510000e+01 7.929000e+02
      vertex   -1.643712e+02 9.510000e+01 7.926074e+02
    endloop
  endfacet
  facet normal 0.000000e+00 -1.000000e+00 0.000000e+00
    outer loop
      vertex   -1.637334e+02 9.510000e+01 7.941472e+02
      vertex   -1.631926e+02 9.510000e+01 7.943712e+02
      vertex   -1.634740e+02 9.510000e+01 7.942858e+02
    endloop
  endfacet
  facet normal 0.000000e+00 -1.000000e+00 0.000000e+00
    outer loop
      vertex   -1.637334e+02 9.510000e+01 7.941472e+02
      vertex   -1.629000e+02 9.510000e+01 7.944000e+02
      vertex   -1.631926e+02 9.510000e+01 7.943712e+02
    endloop
  endfacet
  facet normal 0.000000e+00 -1.000000e+00 0.000000e+00
    outer loop
      vertex   -1.637334e+02 9.510000e+01 7.941472e+02
      vertex   -1.626074e+02 9.510000e+01 7.943712e+02
      vertex   -1.629000e+02 9.510000e+01 7.944000e+02
    endloop
  endfacet
  facet normal 0.000000e+00 -1.000000e+00 0.000000e+00
    outer loop
      vertex   -1.639607e+02 9.510000e+01 7.939607e+02
      vertex   -1.616528e+02 9.510000e+01 7.937334e+02
      vertex   -1.618393e+02 9.510000e+01 7.939607e+02
    endloop
  endfacet
  facet normal 0.000000e+00 -1.000000e+00 0.000000e+00
    outer loop
      vertex   -1.639607e+02 9.510000e+01 7.939607e+02
      vertex   -1.615142e+02 9.510000e+01 7.934740e+02
      vertex   -1.616528e+02 9.510000e+01 7.937334e+02
    endloop
  endfacet
  facet normal 0.000000e+00 -1.000000e+00 0.000000e+00
    outer loop
      vertex   -1.639607e+02 9.510000e+01 7.939607e+02
      vertex   -1.614288e+02 9.510000e+01 7.931926e+02
      vertex   -1.615142e+02 9.510000e+01 7.934740e+02
    endloop
  endfacet
  facet normal 0.000000e+00 -1.000000e+00 0.000000e+00
    outer loop
      vertex   -1.639607e+02 9.510000e+01 7.939607e+02
      vertex   -1.614000e+02 9.510000e+01 7.929000e+02
      vertex   -1.614288e+02 9.510000e+01 7.931926e+02
    endloop
  endfacet
  facet normal 0.000000e+00 -1.000000e+00 0.000000e+00
    outer loop
      vertex   -1.639607e+02 9.510000e+01 7.939607e+02
      vertex   -1.614288e+02 9.510000e+01 7.926074e+02
      vertex   -1.614000e+02 9.510000e+01 7.929000e+02
    endloop
  endfacet
  facet normal 0.000000e+00 -1.000000e+00 0.000000e+00
    outer loop
      vertex   -1.639607e+02 9.510000e+01 7.939607e+02
      vertex   -1.618393e+02 9.510000e+01 7.918393e+02
      vertex   -1.616528e+02 9.510000e+01 7.920666e+02
    endloop
  endfacet
  facet normal 0.000000e+00 -1.000000e+00 0.000000e+00
    outer loop
      vertex   -1.639607e+02 9.510000e+01 7.939607e+02
      vertex   -1.620666e+02 9.510000e+01 7.916528e+02
      vertex   -1.618393e+02 9.510000e+01 7.918393e+02
    endloop
  endfacet
  facet normal 0.000000e+00 -1.000000e+00 0.000000e+00
    outer loop
      vertex   -1.639607e+02 9.510000e+01 7.939607e+02
      vertex   -1.623260e+02 9.510000e+01 7.915142e+02
      vertex   -1.620666e+02 9.510000e+01 7.916528e+02
    endloop
  endfacet
  facet normal 0.000000e+00 -1.000000e+00 0.000000e+00
    outer loop
      vertex   -1.639607e+02 9.510000e+01 7.939607e+02
      vertex   -1.626074e+02 9.510000e+01 7.914288e+02
      vertex   -1.623260e+02 9.510000e+01 7.915142e+02
    endloop
  endfacet
  facet normal 0.000000e+00 -1.000000e+00 0.000000e+00
    outer loop
      vertex   -1.639607e+02 9.510000e+01 7.939607e+02
      vertex   -1.616528e+02 9.510000e+01 7.920666e+02
      vertex   -1.614288e+02 9.510000e+01 7.926074e+02
    endloop
  endfacet
  facet normal 0.000000e+00 -1.000000e+00 0.000000e+00
    outer loop
      vertex   -1.639607e+02 9.510000e+01 7.939607e+02
      vertex   -1.626074e+02 9.510000e+01 7.943712e+02
      vertex   -1.637334e+02 9.510000e+01 7.941472e+02
    endloop
  endfacet
  facet normal 0.000000e+00 -1.000000e+00 -0.000000e+00
    outer loop
      vertex   -1.639607e+02 9.510000e+01 7.939607e+02
      vertex   -1.643712e+02 9.510000e+01 7.926074e+02
      vertex   -1.626074e+02 9.510000e+01 7.914288e+02
    endloop
  endfacet
  facet normal 0.000000e+00 -1.000000e+00 0.000000e+00
    outer loop
      vertex   -1.639607e+02 9.510000e+01 7.939607e+02
      vertex   -1.618393e+02 9.510000e+01 7.939607e+02
      vertex   -1.626074e+02 9.510000e+01 7.943712e+02
    endloop
  endfacet
  facet normal 0.000000e+00 -1.000000e+00 0.000000e+00
    outer loop
      vertex   -1.639607e+02 9.510000e+01 7.939607e+02
      vertex   -1.641472e+02 9.510000e+01 7.937334e+02
      vertex   -1.643712e+02 9.510000e+01 7.926074e+02
    endloop
  endfacet
  facet normal 0.000000e+00 -1.000000e+00 0.000000e+00
    outer loop
      vertex   -1.354288e+02 9.510000e+01 7.926074e+02
      vertex   -1.356528e+02 9.510000e+01 7.920666e+02
      vertex   -1.355142e+02 9.510000e+01 7.923260e+02
    endloop
  endfacet
  facet normal 0.000000e+00 -1.000000e+00 0.000000e+00
    outer loop
      vertex   -1.379607e+02 9.510000e+01 7.918393e+02
      vertex   -1.374740e+02 9.510000e+01 7.915142e+02
      vertex   -1.371926e+02 9.510000e+01 7.914288e+02
    endloop
  endfacet
  facet normal 0.000000e+00 -1.000000e+00 0.000000e+00
    outer loop
      vertex   -1.379607e+02 9.510000e+01 7.918393e+02
      vertex   -1.377334e+02 9.510000e+01 7.916528e+02
      vertex   -1.374740e+02 9.510000e+01 7.915142e+02
    endloop
  endfacet
  facet normal 0.000000e+00 -1.000000e+00 0.000000e+00
    outer loop
      vertex   -1.381472e+02 9.510000e+01 7.920666e+02
      vertex   -1.371926e+02 9.510000e+01 7.914288e+02
      vertex   -1.369000e+02 9.510000e+01 7.914000e+02
    endloop
  endfacet
  facet normal 0.000000e+00 -1.000000e+00 0.000000e+00
    outer loop
      vertex   -1.381472e+02 9.510000e+01 7.920666e+02
      vertex   -1.379607e+02 9.510000e+01 7.918393e+02
      vertex   -1.371926e+02 9.510000e+01 7.914288e+02
    endloop
  endfacet
  facet normal 0.000000e+00 -1.000000e+00 0.000000e+00
    outer loop
      vertex   -1.366074e+02 9.510000e+01 7.943712e+02
      vertex   -1.360666e+02 9.510000e+01 7.941472e+02
      vertex   -1.363260e+02 9.510000e+01 7.942858e+02
    endloop
  endfacet
  facet normal 0.000000e+00 -1.000000e+00 0.000000e+00
    outer loop
      vertex   -1.366074e+02 9.510000e+01 7.943712e+02
      vertex   -1.358393e+02 9.510000e+01 7.939607e+02
      vertex   -1.360666e+02 9.510000e+01 7.941472e+02
    endloop
  endfacet
  facet normal 0.000000e+00 -1.000000e+00 0.000000e+00
    outer loop
      vertex   -1.383712e+02 9.510000e+01 7.926074e+02
      vertex   -1.369000e+02 9.510000e+01 7.914000e+02
      vertex   -1.366074e+02 9.510000e+01 7.914288e+02
    endloop
  endfacet
  facet normal 0.000000e+00 -1.000000e+00 0.000000e+00
    outer loop
      vertex   -1.383712e+02 9.510000e+01 7.926074e+02
      vertex   -1.382858e+02 9.510000e+01 7.923260e+02
      vertex   -1.381472e+02 9.510000e+01 7.920666e+02
    endloop
  endfacet
  facet normal 0.000000e+00 -1.000000e+00 0.000000e+00
    outer loop
      vertex   -1.383712e+02 9.510000e+01 7.926074e+02
      vertex   -1.381472e+02 9.510000e+01 7.920666e+02
      vertex   -1.369000e+02 9.510000e+01 7.914000e+02
    endloop
  endfacet
  facet normal 0.000000e+00 -1.000000e+00 0.000000e+00
    outer loop
      vertex   -1.381472e+02 9.510000e+01 7.937334e+02
      vertex   -1.383712e+02 9.510000e+01 7.931926e+02
      vertex   -1.384000e+02 9.510000e+01 7.929000e+02
    endloop
  endfacet
  facet normal 0.000000e+00 -1.000000e+00 0.000000e+00
    outer loop
      vertex   -1.381472e+02 9.510000e+01 7.937334e+02
      vertex   -1.382858e+02 9.510000e+01 7.934740e+02
      vertex   -1.383712e+02 9.510000e+01 7.931926e+02
    endloop
  endfacet
  facet normal 0.000000e+00 -1.000000e+00 0.000000e+00
    outer loop
      vertex   -1.381472e+02 9.510000e+01 7.937334e+02
      vertex   -1.384000e+02 9.510000e+01 7.929000e+02
      vertex   -1.383712e+02 9.510000e+01 7.926074e+02
    endloop
  endfacet
  facet normal 0.000000e+00 -1.000000e+00 0.000000e+00
    outer loop
      vertex   -1.377334e+02 9.510000e+01 7.941472e+02
      vertex   -1.371926e+02 9.510000e+01 7.943712e+02
      vertex   -1.374740e+02 9.510000e+01 7.942858e+02
    endloop
  endfacet
  facet normal 0.000000e+00 -1.000000e+00 0.000000e+00
    outer loop
      vertex   -1.377334e+02 9.510000e+01 7.941472e+02
      vertex   -1.369000e+02 9.510000e+01 7.944000e+02
      vertex   -1.371926e+02 9.510000e+01 7.943712e+02
    endloop
  endfacet
  facet normal 0.000000e+00 -1.000000e+00 0.000000e+00
    outer loop
      vertex   -1.377334e+02 9.510000e+01 7.941472e+02
      vertex   -1.366074e+02 9.510000e+01 7.943712e+02
      vertex   -1.369000e+02 9.510000e+01 7.944000e+02
    endloop
  endfacet
  facet normal 0.000000e+00 -1.000000e+00 0.000000e+00
    outer loop
      vertex   -1.379607e+02 9.510000e+01 7.939607e+02
      vertex   -1.356528e+02 9.510000e+01 7.937334e+02
      vertex   -1.358393e+02 9.510000e+01 7.939607e+02
    endloop
  endfacet
  facet normal 0.000000e+00 -1.000000e+00 0.000000e+00
    outer loop
      vertex   -1.379607e+02 9.510000e+01 7.939607e+02
      vertex   -1.355142e+02 9.510000e+01 7.934740e+02
      vertex   -1.356528e+02 9.510000e+01 7.937334e+02
    endloop
  endfacet
  facet normal 0.000000e+00 -1.000000e+00 0.000000e+00
    outer loop
      vertex   -1.379607e+02 9.510000e+01 7.939607e+02
      vertex   -1.354288e+02 9.510000e+01 7.931926e+02
      vertex   -1.355142e+02 9.510000e+01 7.934740e+02
    endloop
  endfacet
  facet normal 0.000000e+00 -1.000000e+00 0.000000e+00
    outer loop
      vertex   -1.379607e+02 9.510000e+01 7.939607e+02
      vertex   -1.354000e+02 9.510000e+01 7.929000e+02
      vertex   -1.354288e+02 9.510000e+01 7.931926e+02
    endloop
  endfacet
  facet normal 0.000000e+00 -1.000000e+00 0.000000e+00
    outer loop
      vertex   -1.379607e+02 9.510000e+01 7.939607e+02
      vertex   -1.354288e+02 9.510000e+01 7.926074e+02
      vertex   -1.354000e+02 9.510000e+01 7.929000e+02
    endloop
  endfacet
  facet normal 0.000000e+00 -1.000000e+00 0.000000e+00
    outer loop
      vertex   -1.379607e+02 9.510000e+01 7.939607e+02
      vertex   -1.358393e+02 9.510000e+01 7.918393e+02
      vertex   -1.356528e+02 9.510000e+01 7.920666e+02
    endloop
  endfacet
  facet normal 0.000000e+00 -1.000000e+00 0.000000e+00
    outer loop
      vertex   -1.379607e+02 9.510000e+01 7.939607e+02
      vertex   -1.360666e+02 9.510000e+01 7.916528e+02
      vertex   -1.358393e+02 9.510000e+01 7.918393e+02
    endloop
  endfacet
  facet normal 0.000000e+00 -1.000000e+00 0.000000e+00
    outer loop
      vertex   -1.379607e+02 9.510000e+01 7.939607e+02
      vertex   -1.363260e+02 9.510000e+01 7.915142e+02
      vertex   -1.360666e+02 9.510000e+01 7.916528e+02
    endloop
  endfacet
  facet normal 0.000000e+00 -1.000000e+00 0.000000e+00
    outer loop
      vertex   -1.379607e+02 9.510000e+01 7.939607e+02
      vertex   -1.366074e+02 9.510000e+01 7.914288e+02
      vertex   -1.363260e+02 9.510000e+01 7.915142e+02
    endloop
  endfacet
  facet normal 0.000000e+00 -1.000000e+00 0.000000e+00
    outer loop
      vertex   -1.379607e+02 9.510000e+01 7.939607e+02
      vertex   -1.356528e+02 9.510000e+01 7.920666e+02
      vertex   -1.354288e+02 9.510000e+01 7.926074e+02
    endloop
  endfacet
  facet normal 0.000000e+00 -1.000000e+00 0.000000e+00
    outer loop
      vertex   -1.379607e+02 9.510000e+01 7.939607e+02
      vertex   -1.366074e+02 9.510000e+01 7.943712e+02
      vertex   -1.377334e+02 9.510000e+01 7.941472e+02
    endloop
  endfacet
  facet normal 0.000000e+00 -1.000000e+00 -0.000000e+00
    outer loop
      vertex   -1.379607e+02 9.510000e+01 7.939607e+02
      vertex   -1.383712e+02 9.510000e+01 7.926074e+02
      vertex   -1.366074e+02 9.510000e+01 7.914288e+02
    endloop
  endfacet
  facet normal 0.000000e+00 -1.000000e+00 0.000000e+00
    outer loop
      vertex   -1.379607e+02 9.510000e+01 7.939607e+02
      vertex   -1.358393e+02 9.510000e+01 7.939607e+02
      vertex   -1.366074e+02 9.510000e+01 7.943712e+02
    endloop
  endfacet
  facet normal 0.000000e+00 -1.000000e+00 0.000000e+00
    outer loop
      vertex   -1.379607e+02 9.510000e+01 7.939607e+02
      vertex   -1.381472e+02 9.510000e+01 7.937334e+02
      vertex   -1.383712e+02 9.510000e+01 7.926074e+02
    endloop
  endfacet
  facet normal 0.000000e+00 -1.000000e+00 0.000000e+00
    outer loop
      vertex   -1.614288e+02 9.510000e+01 8.606074e+02
      vertex   -1.616528e+02 9.510000e+01 8.600666e+02
      vertex   -1.615142e+02 9.510000e+01 8.603260e+02
    endloop
  endfacet
  facet normal 0.000000e+00 -1.000000e+00 0.000000e+00
    outer loop
      vertex   -1.639607e+02 9.510000e+01 8.598393e+02
      vertex   -1.634740e+02 9.510000e+01 8.595142e+02
      vertex   -1.631926e+02 9.510000e+01 8.594288e+02
    endloop
  endfacet
  facet normal 0.000000e+00 -1.000000e+00 0.000000e+00
    outer loop
      vertex   -1.639607e+02 9.510000e+01 8.598393e+02
      vertex   -1.637334e+02 9.510000e+01 8.596528e+02
      vertex   -1.634740e+02 9.510000e+01 8.595142e+02
    endloop
  endfacet
  facet normal 0.000000e+00 -1.000000e+00 0.000000e+00
    outer loop
      vertex   -1.641472e+02 9.510000e+01 8.600666e+02
      vertex   -1.631926e+02 9.510000e+01 8.594288e+02
      vertex   -1.629000e+02 9.510000e+01 8.594000e+02
    endloop
  endfacet
  facet normal 0.000000e+00 -1.000000e+00 0.000000e+00
    outer loop
      vertex   -1.641472e+02 9.510000e+01 8.600666e+02
      vertex   -1.639607e+02 9.510000e+01 8.598393e+02
      vertex   -1.631926e+02 9.510000e+01 8.594288e+02
    endloop
  endfacet
  facet normal 0.000000e+00 -1.000000e+00 0.000000e+00
    outer loop
      vertex   -1.626074e+02 9.510000e+01 8.623712e+02
      vertex   -1.620666e+02 9.510000e+01 8.621472e+02
      vertex   -1.623260e+02 9.510000e+01 8.622858e+02
    endloop
  endfacet
  facet normal 0.000000e+00 -1.000000e+00 0.000000e+00
    outer loop
      vertex   -1.626074e+02 9.510000e+01 8.623712e+02
      vertex   -1.618393e+02 9.510000e+01 8.619607e+02
      vertex   -1.620666e+02 9.510000e+01 8.621472e+02
    endloop
  endfacet
  facet normal 0.000000e+00 -1.000000e+00 0.000000e+00
    outer loop
      vertex   -1.643712e+02 9.510000e+01 8.606074e+02
      vertex   -1.629000e+02 9.510000e+01 8.594000e+02
      vertex   -1.626074e+02 9.510000e+01 8.594288e+02
    endloop
  endfacet
  facet normal 0.000000e+00 -1.000000e+00 0.000000e+00
    outer loop
      vertex   -1.643712e+02 9.510000e+01 8.606074e+02
      vertex   -1.642858e+02 9.510000e+01 8.603260e+02
      vertex   -1.641472e+02 9.510000e+01 8.600666e+02
    endloop
  endfacet
  facet normal 0.000000e+00 -1.000000e+00 0.000000e+00
    outer loop
      vertex   -1.643712e+02 9.510000e+01 8.606074e+02
      vertex   -1.641472e+02 9.510000e+01 8.600666e+02
      vertex   -1.629000e+02 9.510000e+01 8.594000e+02
    endloop
  endfacet
  facet normal 0.000000e+00 -1.000000e+00 0.000000e+00
    outer loop
      vertex   -1.641472e+02 9.510000e+01 8.617334e+02
      vertex   -1.643712e+02 9.510000e+01 8.611926e+02
      vertex   -1.644000e+02 9.510000e+01 8.609000e+02
    endloop
  endfacet
  facet normal 0.000000e+00 -1.000000e+00 0.000000e+00
    outer loop
      vertex   -1.641472e+02 9.510000e+01 8.617334e+02
      vertex   -1.642858e+02 9.510000e+01 8.614740e+02
      vertex   -1.643712e+02 9.510000e+01 8.611926e+02
    endloop
  endfacet
  facet normal 0.000000e+00 -1.000000e+00 0.000000e+00
    outer loop
      vertex   -1.641472e+02 9.510000e+01 8.617334e+02
      vertex   -1.644000e+02 9.510000e+01 8.609000e+02
      vertex   -1.643712e+02 9.510000e+01 8.606074e+02
    endloop
  endfacet
  facet normal 0.000000e+00 -1.000000e+00 0.000000e+00
    outer loop
      vertex   -1.637334e+02 9.510000e+01 8.621472e+02
      vertex   -1.631926e+02 9.510000e+01 8.623712e+02
      vertex   -1.634740e+02 9.510000e+01 8.622858e+02
    endloop
  endfacet
  facet normal 0.000000e+00 -1.000000e+00 0.000000e+00
    outer loop
      vertex   -1.637334e+02 9.510000e+01 8.621472e+02
      vertex   -1.629000e+02 9.510000e+01 8.624000e+02
      vertex   -1.631926e+02 9.510000e+01 8.623712e+02
    endloop
  endfacet
  facet normal 0.000000e+00 -1.000000e+00 0.000000e+00
    outer loop
      vertex   -1.637334e+02 9.510000e+01 8.621472e+02
      vertex   -1.626074e+02 9.510000e+01 8.623712e+02
      vertex   -1.629000e+02 9.510000e+01 8.624000e+02
    endloop
  endfacet
  facet normal 0.000000e+00 -1.000000e+00 0.000000e+00
    outer loop
      vertex   -1.639607e+02 9.510000e+01 8.619607e+02
      vertex   -1.616528e+02 9.510000e+01 8.617334e+02
      vertex   -1.618393e+02 9.510000e+01 8.619607e+02
    endloop
  endfacet
  facet normal 0.000000e+00 -1.000000e+00 0.000000e+00
    outer loop
      vertex   -1.639607e+02 9.510000e+01 8.619607e+02
      vertex   -1.615142e+02 9.510000e+01 8.614740e+02
      vertex   -1.616528e+02 9.510000e+01 8.617334e+02
    endloop
  endfacet
  facet normal 0.000000e+00 -1.000000e+00 0.000000e+00
    outer loop
      vertex   -1.639607e+02 9.510000e+01 8.619607e+02
      vertex   -1.614288e+02 9.510000e+01 8.611926e+02
      vertex   -1.615142e+02 9.510000e+01 8.614740e+02
    endloop
  endfacet
  facet normal 0.000000e+00 -1.000000e+00 0.000000e+00
    outer loop
      vertex   -1.639607e+02 9.510000e+01 8.619607e+02
      vertex   -1.614000e+02 9.510000e+01 8.609000e+02
      vertex   -1.614288e+02 9.510000e+01 8.611926e+02
    endloop
  endfacet
  facet normal 0.000000e+00 -1.000000e+00 0.000000e+00
    outer loop
      vertex   -1.639607e+02 9.510000e+01 8.619607e+02
      vertex   -1.614288e+02 9.510000e+01 8.606074e+02
      vertex   -1.614000e+02 9.510000e+01 8.609000e+02
    endloop
  endfacet
  facet normal 0.000000e+00 -1.000000e+00 0.000000e+00
    outer loop
      vertex   -1.639607e+02 9.510000e+01 8.619607e+02
      vertex   -1.618393e+02 9.510000e+01 8.598393e+02
      vertex   -1.616528e+02 9.510000e+01 8.600666e+02
    endloop
  endfacet
  facet normal 0.000000e+00 -1.000000e+00 0.000000e+00
    outer loop
      vertex   -1.639607e+02 9.510000e+01 8.619607e+02
      vertex   -1.620666e+02 9.510000e+01 8.596528e+02
      vertex   -1.618393e+02 9.510000e+01 8.598393e+02
    endloop
  endfacet
  facet normal 0.000000e+00 -1.000000e+00 0.000000e+00
    outer loop
      vertex   -1.639607e+02 9.510000e+01 8.619607e+02
      vertex   -1.623260e+02 9.510000e+01 8.595142e+02
      vertex   -1.620666e+02 9.510000e+01 8.596528e+02
    endloop
  endfacet
  facet normal 0.000000e+00 -1.000000e+00 0.000000e+00
    outer loop
      vertex   -1.639607e+02 9.510000e+01 8.619607e+02
      vertex   -1.626074e+02 9.510000e+01 8.594288e+02
      vertex   -1.623260e+02 9.510000e+01 8.595142e+02
    endloop
  endfacet
  facet normal 0.000000e+00 -1.000000e+00 0.000000e+00
    outer loop
      vertex   -1.639607e+02 9.510000e+01 8.619607e+02
      vertex   -1.616528e+02 9.510000e+01 8.600666e+02
      vertex   -1.614288e+02 9.510000e+01 8.606074e+02
    endloop
  endfacet
  facet normal 0.000000e+00 -1.000000e+00 0.000000e+00
    outer loop
      vertex   -1.639607e+02 9.510000e+01 8.619607e+02
      vertex   -1.626074e+02 9.510000e+01 8.623712e+02
      vertex   -1.637334e+02 9.510000e+01 8.621472e+02
    endloop
  endfacet
  facet normal 0.000000e+00 -1.000000e+00 -0.000000e+00
    outer loop
      vertex   -1.639607e+02 9.510000e+01 8.619607e+02
      vertex   -1.643712e+02 9.510000e+01 8.606074e+02
      vertex   -1.626074e+02 9.510000e+01 8.594288e+02
    endloop
  endfacet
  facet normal 0.000000e+00 -1.000000e+00 0.000000e+00
    outer loop
      vertex   -1.639607e+02 9.510000e+01 8.619607e+02
      vertex   -1.618393e+02 9.510000e+01 8.619607e+02
      vertex   -1.626074e+02 9.510000e+01 8.623712e+02
    endloop
  endfacet
  facet normal 0.000000e+00 -1.000000e+00 0.000000e+00
    outer loop
      vertex   -1.639607e+02 9.510000e+01 8.619607e+02
      vertex   -1.641472e+02 9.510000e+01 8.617334e+02
      vertex   -1.643712e+02 9.510000e+01 8.606074e+02
    endloop
  endfacet
  facet normal 0.000000e+00 -1.000000e+00 0.000000e+00
    outer loop
      vertex   -1.354288e+02 9.510000e+01 8.606074e+02
      vertex   -1.356528e+02 9.510000e+01 8.600666e+02
      vertex   -1.355142e+02 9.510000e+01 8.603260e+02
    endloop
  endfacet
  facet normal 0.000000e+00 -1.000000e+00 0.000000e+00
    outer loop
      vertex   -1.379607e+02 9.510000e+01 8.598393e+02
      vertex   -1.374740e+02 9.510000e+01 8.595142e+02
      vertex   -1.371926e+02 9.510000e+01 8.594288e+02
    endloop
  endfacet
  facet normal 0.000000e+00 -1.000000e+00 0.000000e+00
    outer loop
      vertex   -1.379607e+02 9.510000e+01 8.598393e+02
      vertex   -1.377334e+02 9.510000e+01 8.596528e+02
      vertex   -1.374740e+02 9.510000e+01 8.595142e+02
    endloop
  endfacet
  facet normal 0.000000e+00 -1.000000e+00 0.000000e+00
    outer loop
      vertex   -1.381472e+02 9.510000e+01 8.600666e+02
      vertex   -1.371926e+02 9.510000e+01 8.594288e+02
      vertex   -1.369000e+02 9.510000e+01 8.594000e+02
    endloop
  endfacet
  facet normal 0.000000e+00 -1.000000e+00 0.000000e+00
    outer loop
      vertex   -1.381472e+02 9.510000e+01 8.600666e+02
      vertex   -1.379607e+02 9.510000e+01 8.598393e+02
      vertex   -1.371926e+02 9.510000e+01 8.594288e+02
    endloop
  endfacet
  facet normal 0.000000e+00 -1.000000e+00 0.000000e+00
    outer loop
      vertex   -1.366074e+02 9.510000e+01 8.623712e+02
      vertex   -1.360666e+02 9.510000e+01 8.621472e+02
      vertex   -1.363260e+02 9.510000e+01 8.622858e+02
    endloop
  endfacet
  facet normal 0.000000e+00 -1.000000e+00 0.000000e+00
    outer loop
      vertex   -1.366074e+02 9.510000e+01 8.623712e+02
      vertex   -1.358393e+02 9.510000e+01 8.619607e+02
      vertex   -1.360666e+02 9.510000e+01 8.621472e+02
    endloop
  endfacet
  facet normal 0.000000e+00 -1.000000e+00 0.000000e+00
    outer loop
      vertex   -1.383712e+02 9.510000e+01 8.606074e+02
      vertex   -1.369000e+02 9.510000e+01 8.594000e+02
      vertex   -1.366074e+02 9.510000e+01 8.594288e+02
    endloop
  endfacet
  facet normal 0.000000e+00 -1.000000e+00 0.000000e+00
    outer loop
      vertex   -1.383712e+02 9.510000e+01 8.606074e+02
      vertex   -1.382858e+02 9.510000e+01 8.603260e+02
      vertex   -1.381472e+02 9.510000e+01 8.600666e+02
    endloop
  endfacet
  facet normal 0.000000e+00 -1.000000e+00 0.000000e+00
    outer loop
      vertex   -1.383712e+02 9.510000e+01 8.606074e+02
      vertex   -1.381472e+02 9.510000e+01 8.600666e+02
      vertex   -1.369000e+02 9.510000e+01 8.594000e+02
    endloop
  endfacet
  facet normal 0.000000e+00 -1.000000e+00 0.000000e+00
    outer loop
      vertex   -1.381472e+02 9.510000e+01 8.617334e+02
      vertex   -1.383712e+02 9.510000e+01 8.611926e+02
      vertex   -1.384000e+02 9.510000e+01 8.609000e+02
    endloop
  endfacet
  facet normal 0.000000e+00 -1.000000e+00 0.000000e+00
    outer loop
      vertex   -1.381472e+02 9.510000e+01 8.617334e+02
      vertex   -1.382858e+02 9.510000e+01 8.614740e+02
      vertex   -1.383712e+02 9.510000e+01 8.611926e+02
    endloop
  endfacet
  facet normal 0.000000e+00 -1.000000e+00 0.000000e+00
    outer loop
      vertex   -1.381472e+02 9.510000e+01 8.617334e+02
      vertex   -1.384000e+02 9.510000e+01 8.609000e+02
      vertex   -1.383712e+02 9.510000e+01 8.606074e+02
    endloop
  endfacet
  facet normal 0.000000e+00 -1.000000e+00 0.000000e+00
    outer loop
      vertex   -1.377334e+02 9.510000e+01 8.621472e+02
      vertex   -1.371926e+02 9.510000e+01 8.623712e+02
      vertex   -1.374740e+02 9.510000e+01 8.622858e+02
    endloop
  endfacet
  facet normal 0.000000e+00 -1.000000e+00 0.000000e+00
    outer loop
      vertex   -1.377334e+02 9.510000e+01 8.621472e+02
      vertex   -1.369000e+02 9.510000e+01 8.624000e+02
      vertex   -1.371926e+02 9.510000e+01 8.623712e+02
    endloop
  endfacet
  facet normal 0.000000e+00 -1.000000e+00 0.000000e+00
    outer loop
      vertex   -1.377334e+02 9.510000e+01 8.621472e+02
      vertex   -1.366074e+02 9.510000e+01 8.623712e+02
      vertex   -1.369000e+02 9.510000e+01 8.624000e+02
    endloop
  endfacet
  facet normal 0.000000e+00 -1.000000e+00 0.000000e+00
    outer loop
      vertex   -1.379607e+02 9.510000e+01 8.619607e+02
      vertex   -1.356528e+02 9.510000e+01 8.617334e+02
      vertex   -1.358393e+02 9.510000e+01 8.619607e+02
    endloop
  endfacet
  facet normal 0.000000e+00 -1.000000e+00 0.000000e+00
    outer loop
      vertex   -1.379607e+02 9.510000e+01 8.619607e+02
      vertex   -1.355142e+02 9.510000e+01 8.614740e+02
      vertex   -1.356528e+02 9.510000e+01 8.617334e+02
    endloop
  endfacet
  facet normal 0.000000e+00 -1.000000e+00 0.000000e+00
    outer loop
      vertex   -1.379607e+02 9.510000e+01 8.619607e+02
      vertex   -1.354288e+02 9.510000e+01 8.611926e+02
      vertex   -1.355142e+02 9.510000e+01 8.614740e+02
    endloop
  endfacet
  facet normal 0.000000e+00 -1.000000e+00 0.000000e+00
    outer loop
      vertex   -1.379607e+02 9.510000e+01 8.619607e+02
      vertex   -1.354000e+02 9.510000e+01 8.609000e+02
      vertex   -1.354288e+02 9.510000e+01 8.611926e+02
    endloop
  endfacet
  facet normal 0.000000e+00 -1.000000e+00 0.000000e+00
    outer loop
      vertex   -1.379607e+02 9.510000e+01 8.619607e+02
      vertex   -1.354288e+02 9.510000e+01 8.606074e+02
      vertex   -1.354000e+02 9.510000e+01 8.609000e+02
    endloop
  endfacet
  facet normal 0.000000e+00 -1.000000e+00 0.000000e+00
    outer loop
      vertex   -1.379607e+02 9.510000e+01 8.619607e+02
      vertex   -1.358393e+02 9.510000e+01 8.598393e+02
      vertex   -1.356528e+02 9.510000e+01 8.600666e+02
    endloop
  endfacet
  facet normal 0.000000e+00 -1.000000e+00 0.000000e+00
    outer loop
      vertex   -1.379607e+02 9.510000e+01 8.619607e+02
      vertex   -1.360666e+02 9.510000e+01 8.596528e+02
      vertex   -1.358393e+02 9.510000e+01 8.598393e+02
    endloop
  endfacet
  facet normal 0.000000e+00 -1.000000e+00 0.000000e+00
    outer loop
      vertex   -1.379607e+02 9.510000e+01 8.619607e+02
      vertex   -1.363260e+02 9.510000e+01 8.595142e+02
      vertex   -1.360666e+02 9.510000e+01 8.596528e+02
    endloop
  endfacet
  facet normal 0.000000e+00 -1.000000e+00 0.000000e+00
    outer loop
      vertex   -1.379607e+02 9.510000e+01 8.619607e+02
      vertex   -1.366074e+02 9.510000e+01 8.594288e+02
      vertex   -1.363260e+02 9.510000e+01 8.595142e+02
    endloop
  endfacet
  facet normal 0.000000e+00 -1.000000e+00 0.000000e+00
    outer loop
      vertex   -1.379607e+02 9.510000e+01 8.619607e+02
      vertex   -1.356528e+02 9.510000e+01 8.600666e+02
      vertex   -1.354288e+02 9.510000e+01 8.606074e+02
    endloop
  endfacet
  facet normal 0.000000e+00 -1.000000e+00 0.000000e+00
    outer loop
      vertex   -1.379607e+02 9.510000e+01 8.619607e+02
      vertex   -1.366074e+02 9.510000e+01 8.623712e+02
      vertex   -1.377334e+02 9.510000e+01 8.621472e+02
    endloop
  endfacet
  facet normal 0.000000e+00 -1.000000e+00 -0.000000e+00
    outer loop
      vertex   -1.379607e+02 9.510000e+01 8.619607e+02
      vertex   -1.383712e+02 9.510000e+01 8.606074e+02
      vertex   -1.366074e+02 9.510000e+01 8.594288e+02
    endloop
  endfacet
  facet normal 0.000000e+00 -1.000000e+00 0.000000e+00
    outer loop
      vertex   -1.379607e+02 9.510000e+01 8.619607e+02
      vertex   -1.358393e+02 9.510000e+01 8.619607e+02
      vertex   -1.366074e+02 9.510000e+01 8.623712e+02
    endloop
  endfacet
  facet normal 0.000000e+00 -1.000000e+00 0.000000e+00
    outer loop
      vertex   -1.379607e+02 9.510000e+01 8.619607e+02
      vertex   -1.381472e+02 9.510000e+01 8.617334e+02
      vertex   -1.383712e+02 9.510000e+01 8.606074e+02
    endloop
  endfacet
  facet normal 0.000000e+00 -1.000000e+00 0.000000e+00
    outer loop
      vertex   -1.614288e+02 9.510000e+01 8.346074e+02
      vertex   -1.616528e+02 9.510000e+01 8.340666e+02
      vertex   -1.615142e+02 9.510000e+01 8.343260e+02
    endloop
  endfacet
  facet normal 0.000000e+00 -1.000000e+00 0.000000e+00
    outer loop
      vertex   -1.639607e+02 9.510000e+01 8.338393e+02
      vertex   -1.634740e+02 9.510000e+01 8.335142e+02
      vertex   -1.631926e+02 9.510000e+01 8.334288e+02
    endloop
  endfacet
  facet normal 0.000000e+00 -1.000000e+00 0.000000e+00
    outer loop
      vertex   -1.639607e+02 9.510000e+01 8.338393e+02
      vertex   -1.637334e+02 9.510000e+01 8.336528e+02
      vertex   -1.634740e+02 9.510000e+01 8.335142e+02
    endloop
  endfacet
  facet normal 0.000000e+00 -1.000000e+00 0.000000e+00
    outer loop
      vertex   -1.641472e+02 9.510000e+01 8.340666e+02
      vertex   -1.631926e+02 9.510000e+01 8.334288e+02
      vertex   -1.629000e+02 9.510000e+01 8.334000e+02
    endloop
  endfacet
  facet normal 0.000000e+00 -1.000000e+00 0.000000e+00
    outer loop
      vertex   -1.641472e+02 9.510000e+01 8.340666e+02
      vertex   -1.639607e+02 9.510000e+01 8.338393e+02
      vertex   -1.631926e+02 9.510000e+01 8.334288e+02
    endloop
  endfacet
  facet normal 0.000000e+00 -1.000000e+00 0.000000e+00
    outer loop
      vertex   -1.626074e+02 9.510000e+01 8.363712e+02
      vertex   -1.620666e+02 9.510000e+01 8.361472e+02
      vertex   -1.623260e+02 9.510000e+01 8.362858e+02
    endloop
  endfacet
  facet normal 0.000000e+00 -1.000000e+00 0.000000e+00
    outer loop
      vertex   -1.626074e+02 9.510000e+01 8.363712e+02
      vertex   -1.618393e+02 9.510000e+01 8.359607e+02
      vertex   -1.620666e+02 9.510000e+01 8.361472e+02
    endloop
  endfacet
  facet normal 0.000000e+00 -1.000000e+00 0.000000e+00
    outer loop
      vertex   -1.643712e+02 9.510000e+01 8.346074e+02
      vertex   -1.629000e+02 9.510000e+01 8.334000e+02
      vertex   -1.626074e+02 9.510000e+01 8.334288e+02
    endloop
  endfacet
  facet normal 0.000000e+00 -1.000000e+00 0.000000e+00
    outer loop
      vertex   -1.643712e+02 9.510000e+01 8.346074e+02
      vertex   -1.642858e+02 9.510000e+01 8.343260e+02
      vertex   -1.641472e+02 9.510000e+01 8.340666e+02
    endloop
  endfacet
  facet normal 0.000000e+00 -1.000000e+00 0.000000e+00
    outer loop
      vertex   -1.643712e+02 9.510000e+01 8.346074e+02
      vertex   -1.641472e+02 9.510000e+01 8.340666e+02
      vertex   -1.629000e+02 9.510000e+01 8.334000e+02
    endloop
  endfacet
  facet normal 0.000000e+00 -1.000000e+00 0.000000e+00
    outer loop
      vertex   -1.641472e+02 9.510000e+01 8.357334e+02
      vertex   -1.643712e+02 9.510000e+01 8.351926e+02
      vertex   -1.644000e+02 9.510000e+01 8.349000e+02
    endloop
  endfacet
  facet normal 0.000000e+00 -1.000000e+00 0.000000e+00
    outer loop
      vertex   -1.641472e+02 9.510000e+01 8.357334e+02
      vertex   -1.642858e+02 9.510000e+01 8.354740e+02
      vertex   -1.643712e+02 9.510000e+01 8.351926e+02
    endloop
  endfacet
  facet normal 0.000000e+00 -1.000000e+00 0.000000e+00
    outer loop
      vertex   -1.641472e+02 9.510000e+01 8.357334e+02
      vertex   -1.644000e+02 9.510000e+01 8.349000e+02
      vertex   -1.643712e+02 9.510000e+01 8.346074e+02
    endloop
  endfacet
  facet normal 0.000000e+00 -1.000000e+00 0.000000e+00
    outer loop
      vertex   -1.637334e+02 9.510000e+01 8.361472e+02
      vertex   -1.631926e+02 9.510000e+01 8.363712e+02
      vertex   -1.634740e+02 9.510000e+01 8.362858e+02
    endloop
  endfacet
  facet normal 0.000000e+00 -1.000000e+00 0.000000e+00
    outer loop
      vertex   -1.637334e+02 9.510000e+01 8.361472e+02
      vertex   -1.629000e+02 9.510000e+01 8.364000e+02
      vertex   -1.631926e+02 9.510000e+01 8.363712e+02
    endloop
  endfacet
  facet normal 0.000000e+00 -1.000000e+00 0.000000e+00
    outer loop
      vertex   -1.637334e+02 9.510000e+01 8.361472e+02
      vertex   -1.626074e+02 9.510000e+01 8.363712e+02
      vertex   -1.629000e+02 9.510000e+01 8.364000e+02
    endloop
  endfacet
  facet normal 0.000000e+00 -1.000000e+00 0.000000e+00
    outer loop
      vertex   -1.639607e+02 9.510000e+01 8.359607e+02
      vertex   -1.616528e+02 9.510000e+01 8.357334e+02
      vertex   -1.618393e+02 9.510000e+01 8.359607e+02
    endloop
  endfacet
  facet normal 0.000000e+00 -1.000000e+00 0.000000e+00
    outer loop
      vertex   -1.639607e+02 9.510000e+01 8.359607e+02
      vertex   -1.615142e+02 9.510000e+01 8.354740e+02
      vertex   -1.616528e+02 9.510000e+01 8.357334e+02
    endloop
  endfacet
  facet normal 0.000000e+00 -1.000000e+00 0.000000e+00
    outer loop
      vertex   -1.639607e+02 9.510000e+01 8.359607e+02
      vertex   -1.614288e+02 9.510000e+01 8.351926e+02
      vertex   -1.615142e+02 9.510000e+01 8.354740e+02
    endloop
  endfacet
  facet normal 0.000000e+00 -1.000000e+00 0.000000e+00
    outer loop
      vertex   -1.639607e+02 9.510000e+01 8.359607e+02
      vertex   -1.614000e+02 9.510000e+01 8.349000e+02
      vertex   -1.614288e+02 9.510000e+01 8.351926e+02
    endloop
  endfacet
  facet normal 0.000000e+00 -1.000000e+00 0.000000e+00
    outer loop
      vertex   -1.639607e+02 9.510000e+01 8.359607e+02
      vertex   -1.614288e+02 9.510000e+01 8.346074e+02
      vertex   -1.614000e+02 9.510000e+01 8.349000e+02
    endloop
  endfacet
  facet normal 0.000000e+00 -1.000000e+00 0.000000e+00
    outer loop
      vertex   -1.639607e+02 9.510000e+01 8.359607e+02
      vertex   -1.618393e+02 9.510000e+01 8.338393e+02
      vertex   -1.616528e+02 9.510000e+01 8.340666e+02
    endloop
  endfacet
  facet normal 0.000000e+00 -1.000000e+00 0.000000e+00
    outer loop
      vertex   -1.639607e+02 9.510000e+01 8.359607e+02
      vertex   -1.620666e+02 9.510000e+01 8.336528e+02
      vertex   -1.618393e+02 9.510000e+01 8.338393e+02
    endloop
  endfacet
  facet normal 0.000000e+00 -1.000000e+00 0.000000e+00
    outer loop
      vertex   -1.639607e+02 9.510000e+01 8.359607e+02
      vertex   -1.623260e+02 9.510000e+01 8.335142e+02
      vertex   -1.620666e+02 9.510000e+01 8.336528e+02
    endloop
  endfacet
  facet normal 0.000000e+00 -1.000000e+00 0.000000e+00
    outer loop
      vertex   -1.639607e+02 9.510000e+01 8.359607e+02
      vertex   -1.626074e+02 9.510000e+01 8.334288e+02
      vertex   -1.623260e+02 9.510000e+01 8.335142e+02
    endloop
  endfacet
  facet normal 0.000000e+00 -1.000000e+00 0.000000e+00
    outer loop
      vertex   -1.639607e+02 9.510000e+01 8.359607e+02
      vertex   -1.616528e+02 9.510000e+01 8.340666e+02
      vertex   -1.614288e+02 9.510000e+01 8.346074e+02
    endloop
  endfacet
  facet normal 0.000000e+00 -1.000000e+00 0.000000e+00
    outer loop
      vertex   -1.639607e+02 9.510000e+01 8.359607e+02
      vertex   -1.626074e+02 9.510000e+01 8.363712e+02
      vertex   -1.637334e+02 9.510000e+01 8.361472e+02
    endloop
  endfacet
  facet normal 0.000000e+00 -1.000000e+00 -0.000000e+00
    outer loop
      vertex   -1.639607e+02 9.510000e+01 8.359607e+02
      vertex   -1.643712e+02 9.510000e+01 8.346074e+02
      vertex   -1.626074e+02 9.510000e+01 8.334288e+02
    endloop
  endfacet
  facet normal 0.000000e+00 -1.000000e+00 0.000000e+00
    outer loop
      vertex   -1.639607e+02 9.510000e+01 8.359607e+02
      vertex   -1.618393e+02 9.510000e+01 8.359607e+02
      vertex   -1.626074e+02 9.510000e+01 8.363712e+02
    endloop
  endfacet
  facet normal 0.000000e+00 -1.000000e+00 0.000000e+00
    outer loop
      vertex   -1.639607e+02 9.510000e+01 8.359607e+02
      vertex   -1.641472e+02 9.510000e+01 8.357334e+02
      vertex   -1.643712e+02 9.510000e+01 8.346074e+02
    endloop
  endfacet
  facet normal 0.000000e+00 -1.000000e+00 0.000000e+00
    outer loop
      vertex   -1.354288e+02 9.510000e+01 8.346074e+02
      vertex   -1.356528e+02 9.510000e+01 8.340666e+02
      vertex   -1.355142e+02 9.510000e+01 8.343260e+02
    endloop
  endfacet
  facet normal 0.000000e+00 -1.000000e+00 0.000000e+00
    outer loop
      vertex   -1.379607e+02 9.510000e+01 8.338393e+02
      vertex   -1.374740e+02 9.510000e+01 8.335142e+02
      vertex   -1.371926e+02 9.510000e+01 8.334288e+02
    endloop
  endfacet
  facet normal 0.000000e+00 -1.000000e+00 0.000000e+00
    outer loop
      vertex   -1.379607e+02 9.510000e+01 8.338393e+02
      vertex   -1.377334e+02 9.510000e+01 8.336528e+02
      vertex   -1.374740e+02 9.510000e+01 8.335142e+02
    endloop
  endfacet
  facet normal 0.000000e+00 -1.000000e+00 0.000000e+00
    outer loop
      vertex   -1.381472e+02 9.510000e+01 8.340666e+02
      vertex   -1.371926e+02 9.510000e+01 8.334288e+02
      vertex   -1.369000e+02 9.510000e+01 8.334000e+02
    endloop
  endfacet
  facet normal 0.000000e+00 -1.000000e+00 0.000000e+00
    outer loop
      vertex   -1.381472e+02 9.510000e+01 8.340666e+02
      vertex   -1.379607e+02 9.510000e+01 8.338393e+02
      vertex   -1.371926e+02 9.510000e+01 8.334288e+02
    endloop
  endfacet
  facet normal 0.000000e+00 -1.000000e+00 0.000000e+00
    outer loop
      vertex   -1.366074e+02 9.510000e+01 8.363712e+02
      vertex   -1.360666e+02 9.510000e+01 8.361472e+02
      vertex   -1.363260e+02 9.510000e+01 8.362858e+02
    endloop
  endfacet
  facet normal 0.000000e+00 -1.000000e+00 0.000000e+00
    outer loop
      vertex   -1.366074e+02 9.510000e+01 8.363712e+02
      vertex   -1.358393e+02 9.510000e+01 8.359607e+02
      vertex   -1.360666e+02 9.510000e+01 8.361472e+02
    endloop
  endfacet
  facet normal 0.000000e+00 -1.000000e+00 0.000000e+00
    outer loop
      vertex   -1.383712e+02 9.510000e+01 8.346074e+02
      vertex   -1.369000e+02 9.510000e+01 8.334000e+02
      vertex   -1.366074e+02 9.510000e+01 8.334288e+02
    endloop
  endfacet
  facet normal 0.000000e+00 -1.000000e+00 0.000000e+00
    outer loop
      vertex   -1.383712e+02 9.510000e+01 8.346074e+02
      vertex   -1.382858e+02 9.510000e+01 8.343260e+02
      vertex   -1.381472e+02 9.510000e+01 8.340666e+02
    endloop
  endfacet
  facet normal 0.000000e+00 -1.000000e+00 0.000000e+00
    outer loop
      vertex   -1.383712e+02 9.510000e+01 8.346074e+02
      vertex   -1.381472e+02 9.510000e+01 8.340666e+02
      vertex   -1.369000e+02 9.510000e+01 8.334000e+02
    endloop
  endfacet
  facet normal 0.000000e+00 -1.000000e+00 0.000000e+00
    outer loop
      vertex   -1.381472e+02 9.510000e+01 8.357334e+02
      vertex   -1.383712e+02 9.510000e+01 8.351926e+02
      vertex   -1.384000e+02 9.510000e+01 8.349000e+02
    endloop
  endfacet
  facet normal 0.000000e+00 -1.000000e+00 0.000000e+00
    outer loop
      vertex   -1.381472e+02 9.510000e+01 8.357334e+02
      vertex   -1.382858e+02 9.510000e+01 8.354740e+02
      vertex   -1.383712e+02 9.510000e+01 8.351926e+02
    endloop
  endfacet
  facet normal 0.000000e+00 -1.000000e+00 0.000000e+00
    outer loop
      vertex   -1.381472e+02 9.510000e+01 8.357334e+02
      vertex   -1.384000e+02 9.510000e+01 8.349000e+02
      vertex   -1.383712e+02 9.510000e+01 8.346074e+02
    endloop
  endfacet
  facet normal 0.000000e+00 -1.000000e+00 0.000000e+00
    outer loop
      vertex   -1.377334e+02 9.510000e+01 8.361472e+02
      vertex   -1.371926e+02 9.510000e+01 8.363712e+02
      vertex   -1.374740e+02 9.510000e+01 8.362858e+02
    endloop
  endfacet
  facet normal 0.000000e+00 -1.000000e+00 0.000000e+00
    outer loop
      vertex   -1.377334e+02 9.510000e+01 8.361472e+02
      vertex   -1.369000e+02 9.510000e+01 8.364000e+02
      vertex   -1.371926e+02 9.510000e+01 8.363712e+02
    endloop
  endfacet
  facet normal 0.000000e+00 -1.000000e+00 0.000000e+00
    outer loop
      vertex   -1.377334e+02 9.510000e+01 8.361472e+02
      vertex   -1.366074e+02 9.510000e+01 8.363712e+02
      vertex   -1.369000e+02 9.510000e+01 8.364000e+02
    endloop
  endfacet
  facet normal 0.000000e+00 -1.000000e+00 0.000000e+00
    outer loop
      vertex   -1.379607e+02 9.510000e+01 8.359607e+02
      vertex   -1.356528e+02 9.510000e+01 8.357334e+02
      vertex   -1.358393e+02 9.510000e+01 8.359607e+02
    endloop
  endfacet
  facet normal 0.000000e+00 -1.000000e+00 0.000000e+00
    outer loop
      vertex   -1.379607e+02 9.510000e+01 8.359607e+02
      vertex   -1.355142e+02 9.510000e+01 8.354740e+02
      vertex   -1.356528e+02 9.510000e+01 8.357334e+02
    endloop
  endfacet
  facet normal 0.000000e+00 -1.000000e+00 0.000000e+00
    outer loop
      vertex   -1.379607e+02 9.510000e+01 8.359607e+02
      vertex   -1.354288e+02 9.510000e+01 8.351926e+02
      vertex   -1.355142e+02 9.510000e+01 8.354740e+02
    endloop
  endfacet
  facet normal 0.000000e+00 -1.000000e+00 0.000000e+00
    outer loop
      vertex   -1.379607e+02 9.510000e+01 8.359607e+02
      vertex   -1.354000e+02 9.510000e+01 8.349000e+02
      vertex   -1.354288e+02 9.510000e+01 8.351926e+02
    endloop
  endfacet
  facet normal 0.000000e+00 -1.000000e+00 0.000000e+00
    outer loop
      vertex   -1.379607e+02 9.510000e+01 8.359607e+02
      vertex   -1.354288e+02 9.510000e+01 8.346074e+02
      vertex   -1.354000e+02 9.510000e+01 8.349000e+02
    endloop
  endfacet
  facet normal 0.000000e+00 -1.000000e+00 0.000000e+00
    outer loop
      vertex   -1.379607e+02 9.510000e+01 8.359607e+02
      vertex   -1.358393e+02 9.510000e+01 8.338393e+02
      vertex   -1.356528e+02 9.510000e+01 8.340666e+02
    endloop
  endfacet
  facet normal 0.000000e+00 -1.000000e+00 0.000000e+00
    outer loop
      vertex   -1.379607e+02 9.510000e+01 8.359607e+02
      vertex   -1.360666e+02 9.510000e+01 8.336528e+02
      vertex   -1.358393e+02 9.510000e+01 8.338393e+02
    endloop
  endfacet
  facet normal 0.000000e+00 -1.000000e+00 0.000000e+00
    outer loop
      vertex   -1.379607e+02 9.510000e+01 8.359607e+02
      vertex   -1.363260e+02 9.510000e+01 8.335142e+02
      vertex   -1.360666e+02 9.510000e+01 8.336528e+02
    endloop
  endfacet
  facet normal 0.000000e+00 -1.000000e+00 0.000000e+00
    outer loop
      vertex   -1.379607e+02 9.510000e+01 8.359607e+02
      vertex   -1.366074e+02 9.510000e+01 8.334288e+02
      vertex   -1.363260e+02 9.510000e+01 8.335142e+02
    endloop
  endfacet
  facet normal 0.000000e+00 -1.000000e+00 0.000000e+00
    outer loop
      vertex   -1.379607e+02 9.510000e+01 8.359607e+02
      vertex   -1.356528e+02 9.510000e+01 8.340666e+02
      vertex   -1.354288e+02 9.510000e+01 8.346074e+02
    endloop
  endfacet
  facet normal 0.000000e+00 -1.000000e+00 0.000000e+00
    outer loop
      vertex   -1.379607e+02 9.510000e+01 8.359607e+02
      vertex   -1.366074e+02 9.510000e+01 8.363712e+02
      vertex   -1.377334e+02 9.510000e+01 8.361472e+02
    endloop
  endfacet
  facet normal 0.000000e+00 -1.000000e+00 -0.000000e+00
    outer loop
      vertex   -1.379607e+02 9.510000e+01 8.359607e+02
      vertex   -1.383712e+02 9.510000e+01 8.346074e+02
      vertex   -1.366074e+02 9.510000e+01 8.334288e+02
    endloop
  endfacet
  facet normal 0.000000e+00 -1.000000e+00 0.000000e+00
    outer loop
      vertex   -1.379607e+02 9.510000e+01 8.359607e+02
      vertex   -1.358393e+02 9.510000e+01 8.359607e+02
      vertex   -1.366074e+02 9.510000e+01 8.363712e+02
    endloop
  endfacet
  facet normal 0.000000e+00 -1.000000e+00 0.000000e+00
    outer loop
      vertex   -1.379607e+02 9.510000e+01 8.359607e+02
      vertex   -1.381472e+02 9.510000e+01 8.357334e+02
      vertex   -1.383712e+02 9.510000e+01 8.346074e+02
    endloop
  endfacet
  facet normal 0.000000e+00 1.000000e+00 0.000000e+00
    outer loop
      vertex   -1.666500e+02 9.605000e+01 7.891500e+02
      vertex   -1.666500e+02 9.605000e+01 8.650000e+02
      vertex   -1.329000e+02 9.605000e+01 7.891500e+02
    endloop
  endfacet
  facet normal 0.000000e+00 1.000000e+00 -0.000000e+00
    outer loop
      vertex   -1.329000e+02 9.605000e+01 7.891500e+02
      vertex   -1.666500e+02 9.605000e+01 8.650000e+02
      vertex   -1.329000e+02 9.605000e+01 8.650000e+02
    endloop
  endfacet
  facet normal -3.135354e-02 4.533523e-12 -9.995084e-01
    outer loop
      vertex   -1.669005e+02 9.384950e+01 7.851579e+02
      vertex   -1.666500e+02 9.384950e+01 7.851500e+02
      vertex   -1.669005e+02 9.384165e+01 7.851579e+02
    endloop
  endfacet
  facet normal -9.802491e-02 4.076127e-04 -9.951839e-01
    outer loop
      vertex   -1.669006e+02 9.384950e+01 7.851579e+02
      vertex   -1.669005e+02 9.384950e+01 7.851579e+02
      vertex   -1.669005e+02 9.384165e+01 7.851579e+02
    endloop
  endfacet
  facet normal -1.593155e-01 -3.967194e-04 -9.872276e-01
    outer loop
      vertex   -1.669006e+02 9.384950e+01 7.851579e+02
      vertex   -1.669005e+02 9.384165e+01 7.851579e+02
      vertex   -1.676679e+02 9.384950e+01 7.852817e+02
    endloop
  endfacet
  facet normal -1.593155e-01 -3.967194e-04 -9.872276e-01
    outer loop
      vertex   -1.676679e+02 9.384950e+01 7.852817e+02
      vertex   -1.669005e+02 9.384165e+01 7.851579e+02
      vertex   -1.676682e+02 9.379829e+01 7.852818e+02
    endloop
  endfacet
  facet normal -2.902855e-01 4.015041e-04 -9.569400e-01
    outer loop
      vertex   -1.676688e+02 9.384950e+01 7.852820e+02
      vertex   -1.676679e+02 9.384950e+01 7.852817e+02
      vertex   -1.676682e+02 9.379829e+01 7.852818e+02
    endloop
  endfacet
  facet normal -3.475056e-01 -3.930130e-04 -9.376778e-01
    outer loop
      vertex   -1.676688e+02 9.384950e+01 7.852820e+02
      vertex   -1.676682e+02 9.379829e+01 7.852818e+02
      vertex   -1.683983e+02 9.384950e+01 7.855523e+02
    endloop
  endfacet
  facet normal -3.475056e-01 -3.930130e-04 -9.376778e-01
    outer loop
      vertex   -1.683983e+02 9.384950e+01 7.855523e+02
      vertex   -1.676682e+02 9.379829e+01 7.852818e+02
      vertex   -1.683987e+02 9.376702e+01 7.855525e+02
    endloop
  endfacet
  facet normal -4.714010e-01 3.964756e-04 -8.819189e-01
    outer loop
      vertex   -1.683997e+02 9.384950e+01 7.855531e+02
      vertex   -1.683983e+02 9.384950e+01 7.855523e+02
      vertex   -1.683987e+02 9.376702e+01 7.855525e+02
    endloop
  endfacet
  facet normal -5.228024e-01 -3.898677e-04 -8.524538e-01
    outer loop
      vertex   -1.683997e+02 9.384950e+01 7.855531e+02
      vertex   -1.683987e+02 9.376702e+01 7.855525e+02
      vertex   -1.690634e+02 9.384950e+01 7.859601e+02
    endloop
  endfacet
  facet normal -5.228024e-01 -3.898677e-04 -8.524538e-01
    outer loop
      vertex   -1.690634e+02 9.384950e+01 7.859601e+02
      vertex   -1.683987e+02 9.376702e+01 7.855525e+02
      vertex   -1.690638e+02 9.374941e+01 7.859604e+02
    endloop
  endfacet
  facet normal -6.343762e-01 3.925921e-04 -7.730244e-01
    outer loop
      vertex   -1.690648e+02 9.384950e+01 7.859613e+02
      vertex   -1.690634e+02 9.384950e+01 7.859601e+02
      vertex   -1.690638e+02 9.374941e+01 7.859604e+02
    endloop
  endfacet
  facet normal -6.783951e-01 -3.872668e-04 -7.346972e-01
    outer loop
      vertex   -1.690648e+02 9.384950e+01 7.859613e+02
      vertex   -1.690638e+02 9.374941e+01 7.859604e+02
      vertex   -1.696370e+02 9.384950e+01 7.864896e+02
    endloop
  endfacet
  facet normal -6.783951e-01 -3.872668e-04 -7.346972e-01
    outer loop
      vertex   -1.696370e+02 9.384950e+01 7.864896e+02
      vertex   -1.690638e+02 9.374941e+01 7.859604e+02
      vertex   -1.696374e+02 9.374639e+01 7.864901e+02
    endloop
  endfacet
  facet normal -7.730244e-01 3.890996e-04 -6.343762e-01
    outer loop
      vertex   -1.696383e+02 9.384950e+01 7.864912e+02
      vertex   -1.696370e+02 9.384950e+01 7.864896e+02
      vertex   -1.696374e+02 9.374639e+01 7.864901e+02
    endloop
  endfacet
  facet normal -8.081779e-01 -3.832097e-04 -5.889383e-01
    outer loop
      vertex   -1.700969e+02 9.384950e+01 7.871204e+02
      vertex   -1.696383e+02 9.384950e+01 7.864912e+02
      vertex   -1.700971e+02 9.375813e+01 7.871209e+02
    endloop
  endfacet
  facet normal -8.081779e-01 -3.832097e-04 -5.889383e-01
    outer loop
      vertex   -1.700971e+02 9.375813e+01 7.871209e+02
      vertex   -1.696383e+02 9.384950e+01 7.864912e+02
      vertex   -1.696374e+02 9.374639e+01 7.864901e+02
    endloop
  endfacet
  facet normal -8.819189e-01 3.859400e-04 -4.714010e-01
    outer loop
      vertex   -1.700977e+02 9.384950e+01 7.871220e+02
      vertex   -1.700969e+02 9.384950e+01 7.871204e+02
      vertex   -1.700971e+02 9.375813e+01 7.871209e+02
    endloop
  endfacet
  facet normal -9.071200e-01 -3.783172e-04 -4.208720e-01
    outer loop
      vertex   -1.704251e+02 9.384950e+01 7.878277e+02
      vertex   -1.700977e+02 9.384950e+01 7.871220e+02
      vertex   -1.704252e+02 9.378399e+01 7.878281e+02
    endloop
  endfacet
  facet normal -9.071200e-01 -3.783173e-04 -4.208720e-01
    outer loop
      vertex   -1.704252e+02 9.378399e+01 7.878281e+02
      vertex   -1.700977e+02 9.384950e+01 7.871220e+02
      vertex   -1.700971e+02 9.375813e+01 7.871209e+02
    endloop
  endfacet
  facet normal -9.569400e-01 3.814389e-04 -2.902855e-01
    outer loop
      vertex   -1.704255e+02 9.384950e+01 7.878289e+02
      vertex   -1.704251e+02 9.384950e+01 7.878277e+02
      vertex   -1.704252e+02 9.378399e+01 7.878281e+02
    endloop
  endfacet
  facet normal -9.642398e-01 2.253848e-05 -2.650314e-01
    outer loop
      vertex   -1.705705e+02 9.384950e+01 7.883567e+02
      vertex   -1.704255e+02 9.384950e+01 7.878289e+02
      vertex   -1.705705e+02 9.380997e+01 7.883567e+02
    endloop
  endfacet
  facet normal -9.642398e-01 2.253847e-05 -2.650314e-01
    outer loop
      vertex   -1.705705e+02 9.380997e+01 7.883567e+02
      vertex   -1.704255e+02 9.384950e+01 7.878289e+02
      vertex   -1.704252e+02 9.378399e+01 7.878281e+02
    endloop
  endfacet
  facet normal -9.914115e-01 -2.142851e-05 -1.307795e-01
    outer loop
      vertex   -1.706421e+02 9.384950e+01 7.888994e+02
      vertex   -1.705705e+02 9.384950e+01 7.883567e+02
      vertex   -1.706421e+02 9.384165e+01 7.888995e+02
    endloop
  endfacet
  facet normal -9.914115e-01 -2.142851e-05 -1.307795e-01
    outer loop
      vertex   -1.706421e+02 9.384165e+01 7.888995e+02
      vertex   -1.705705e+02 9.384950e+01 7.883567e+02
      vertex   -1.705705e+02 9.380997e+01 7.883567e+02
    endloop
  endfacet
  facet normal -9.951838e-01 4.075972e-04 -9.802609e-02
    outer loop
      vertex   -1.706422e+02 9.384950e+01 7.888995e+02
      vertex   -1.706421e+02 9.384950e+01 7.888994e+02
      vertex   -1.706421e+02 9.384165e+01 7.888995e+02
    endloop
  endfacet
  facet normal -9.995083e-01 1.011261e-12 -3.135474e-02
    outer loop
      vertex   -1.706500e+02 9.384950e+01 7.891500e+02
      vertex   -1.706422e+02 9.384950e+01 7.888995e+02
      vertex   -1.706421e+02 9.384165e+01 7.888995e+02
    endloop
  endfacet
  facet normal -6.567565e-01 -7.527259e-01 4.554811e-02
    outer loop
      vertex   -1.706172e+02 9.384950e+01 8.233733e+02
      vertex   -1.706500e+02 9.384950e+01 8.229005e+02
      vertex   -1.694869e+02 9.289951e+01 8.239718e+02
    endloop
  endfacet
  facet normal -6.774141e-01 -7.239931e-01 1.301697e-01
    outer loop
      vertex   -1.705287e+02 9.384950e+01 8.238342e+02
      vertex   -1.706172e+02 9.384950e+01 8.233733e+02
      vertex   -1.694869e+02 9.289951e+01 8.239718e+02
    endloop
  endfacet
  facet normal -6.670972e-01 -6.913149e-01 2.776060e-01
    outer loop
      vertex   -1.701293e+02 9.384950e+01 8.247937e+02
      vertex   -1.705287e+02 9.384950e+01 8.238342e+02
      vertex   -1.694869e+02 9.289951e+01 8.239718e+02
    endloop
  endfacet
  facet normal -5.754527e-01 -7.218167e-01 3.844931e-01
    outer loop
      vertex   -1.701293e+02 9.384950e+01 8.247937e+02
      vertex   -1.694869e+02 9.289951e+01 8.239718e+02
      vertex   -1.700027e+02 9.384950e+01 8.249833e+02
    endloop
  endfacet
  facet normal -5.754527e-01 -7.218167e-01 3.844931e-01
    outer loop
      vertex   -1.700027e+02 9.384950e+01 8.249833e+02
      vertex   -1.694869e+02 9.289951e+01 8.239718e+02
      vertex   -1.688801e+02 9.289951e+01 8.248801e+02
    endloop
  endfacet
  facet normal -5.596728e-01 -7.081598e-01 4.304371e-01
    outer loop
      vertex   -1.696177e+02 9.384950e+01 8.254839e+02
      vertex   -1.700027e+02 9.384950e+01 8.249833e+02
      vertex   -1.688801e+02 9.289951e+01 8.248801e+02
    endloop
  endfacet
  facet normal -4.663246e-01 -7.032161e-01 5.366828e-01
    outer loop
      vertex   -1.691409e+02 9.384950e+01 8.258982e+02
      vertex   -1.696177e+02 9.384950e+01 8.254839e+02
      vertex   -1.688801e+02 9.289951e+01 8.248801e+02
    endloop
  endfacet
  facet normal -3.843613e-01 -7.220465e-01 5.752524e-01
    outer loop
      vertex   -1.691409e+02 9.384950e+01 8.258982e+02
      vertex   -1.688801e+02 9.289951e+01 8.248801e+02
      vertex   -1.689514e+02 9.384950e+01 8.260248e+02
    endloop
  endfacet
  facet normal -3.843613e-01 -7.220465e-01 5.752524e-01
    outer loop
      vertex   -1.689514e+02 9.384950e+01 8.260248e+02
      vertex   -1.688801e+02 9.289951e+01 8.248801e+02
      vertex   -1.679718e+02 9.289951e+01 8.254869e+02
    endloop
  endfacet
  facet normal -3.484020e-01 -7.074376e-01 6.149374e-01
    outer loop
      vertex   -1.684019e+02 9.384950e+01 8.263361e+02
      vertex   -1.689514e+02 9.384950e+01 8.260248e+02
      vertex   -1.679718e+02 9.289951e+01 8.254869e+02
    endloop
  endfacet
  facet normal -2.205528e-01 -7.036539e-01 6.754463e-01
    outer loop
      vertex   -1.678015e+02 9.384950e+01 8.265322e+02
      vertex   -1.684019e+02 9.384950e+01 8.263361e+02
      vertex   -1.679718e+02 9.289951e+01 8.254869e+02
    endloop
  endfacet
  facet normal -7.876404e-02 -7.313149e-01 6.774767e-01
    outer loop
      vertex   -1.671741e+02 9.384950e+01 8.266051e+02
      vertex   -1.678015e+02 9.384950e+01 8.265322e+02
      vertex   -1.679718e+02 9.289951e+01 8.254869e+02
    endloop
  endfacet
  facet normal -5.960735e-03 -7.599937e-01 6.499031e-01
    outer loop
      vertex   -1.671237e+02 9.384950e+01 8.266056e+02
      vertex   -1.671741e+02 9.384950e+01 8.266051e+02
      vertex   -1.679718e+02 9.289951e+01 8.254869e+02
    endloop
  endfacet
  facet normal -1.392845e-01 -7.002128e-01 7.002156e-01
    outer loop
      vertex   -1.669005e+02 9.384950e+01 8.266500e+02
      vertex   -1.671237e+02 9.384950e+01 8.266056e+02
      vertex   -1.669005e+02 9.169903e+01 8.244995e+02
    endloop
  endfacet
  facet normal -1.392845e-01 -7.002128e-01 7.002156e-01
    outer loop
      vertex   -1.669005e+02 9.169903e+01 8.244995e+02
      vertex   -1.671237e+02 9.384950e+01 8.266056e+02
      vertex   -1.679718e+02 9.289951e+01 8.254869e+02
    endloop
  endfacet
  facet normal -1.511844e-14 -7.071054e-01 7.071082e-01
    outer loop
      vertex   -1.666500e+02 9.408182e+01 8.268823e+02
      vertex   -1.666500e+02 9.384950e+01 8.266500e+02
      vertex   -1.328995e+02 9.169903e+01 8.244995e+02
    endloop
  endfacet
  facet normal 0.000000e+00 -7.071054e-01 7.071082e-01
    outer loop
      vertex   -1.328995e+02 9.169903e+01 8.244995e+02
      vertex   -1.666500e+02 9.384950e+01 8.266500e+02
      vertex   -1.669005e+02 9.169903e+01 8.244995e+02
    endloop
  endfacet
  facet normal 0.000000e+00 -7.071054e-01 7.071082e-01
    outer loop
      vertex   -1.669005e+02 9.169903e+01 8.244995e+02
      vertex   -1.666500e+02 9.384950e+01 8.266500e+02
      vertex   -1.669005e+02 9.384950e+01 8.266500e+02
    endloop
  endfacet
  facet normal 0.000000e+00 -7.071054e-01 7.071082e-01
    outer loop
      vertex   -1.666500e+02 9.409950e+01 8.269000e+02
      vertex   -1.666500e+02 9.408182e+01 8.268823e+02
      vertex   -1.328995e+02 9.409950e+01 8.269000e+02
    endloop
  endfacet
  facet normal 2.009077e-15 -7.071054e-01 7.071082e-01
    outer loop
      vertex   -1.328995e+02 9.409950e+01 8.269000e+02
      vertex   -1.666500e+02 9.408182e+01 8.268823e+02
      vertex   -1.328995e+02 9.169903e+01 8.244995e+02
    endloop
  endfacet
  facet normal 0.000000e+00 -7.071068e-01 -7.071068e-01
    outer loop
      vertex   -1.669005e+02 9.384950e+01 8.271500e+02
      vertex   -1.666500e+02 9.384950e+01 8.271500e+02
      vertex   -1.669005e+02 9.169903e+01 8.293005e+02
    endloop
  endfacet
  facet normal 0.000000e+00 -7.071068e-01 -7.071068e-01
    outer loop
      vertex   -1.669005e+02 9.169903e+01 8.293005e+02
      vertex   -1.666500e+02 9.384950e+01 8.271500e+02
      vertex   -1.328995e+02 9.409950e+01 8.269000e+02
    endloop
  endfacet
  facet normal -0.000000e+00 -7.071068e-01 -7.071068e-01
    outer loop
      vertex   -1.328995e+02 9.409950e+01 8.269000e+02
      vertex   -1.666500e+02 9.384950e+01 8.271500e+02
      vertex   -1.666500e+02 9.409950e+01 8.269000e+02
    endloop
  endfacet
  facet normal 0.000000e+00 1.000000e+00 0.000000e+00
    outer loop
      vertex   -1.666500e+02 9.384950e+01 8.686500e+02
      vertex   -1.666500e+02 9.384950e+01 8.271500e+02
      vertex   -1.669005e+02 9.384950e+01 8.686422e+02
    endloop
  endfacet
  facet normal 0.000000e+00 1.000000e+00 0.000000e+00
    outer loop
      vertex   -1.669005e+02 9.384950e+01 8.686422e+02
      vertex   -1.666500e+02 9.384950e+01 8.271500e+02
      vertex   -1.669005e+02 9.384950e+01 8.271500e+02
    endloop
  endfacet
  facet normal 0.000000e+00 1.000000e+00 0.000000e+00
    outer loop
      vertex   -1.669005e+02 9.384950e+01 8.686422e+02
      vertex   -1.669005e+02 9.384950e+01 8.271500e+02
      vertex   -1.669006e+02 9.384950e+01 8.686421e+02
    endloop
  endfacet
  facet normal 0.000000e+00 1.000000e+00 0.000000e+00
    outer loop
      vertex   -1.669006e+02 9.384950e+01 8.686421e+02
      vertex   -1.669005e+02 9.384950e+01 8.271500e+02
      vertex   -1.671237e+02 9.384950e+01 8.271944e+02
    endloop
  endfacet
  facet normal 0.000000e+00 1.000000e+00 0.000000e+00
    outer loop
      vertex   -1.669006e+02 9.384950e+01 8.686421e+02
      vertex   -1.671237e+02 9.384950e+01 8.271944e+02
      vertex   -1.674433e+02 9.384950e+01 8.685706e+02
    endloop
  endfacet
  facet normal 0.000000e+00 1.000000e+00 0.000000e+00
    outer loop
      vertex   -1.674433e+02 9.384950e+01 8.685706e+02
      vertex   -1.671237e+02 9.384950e+01 8.271944e+02
      vertex   -1.671741e+02 9.384950e+01 8.271949e+02
    endloop
  endfacet
  facet normal 0.000000e+00 1.000000e+00 0.000000e+00
    outer loop
      vertex   -1.674433e+02 9.384950e+01 8.685706e+02
      vertex   -1.671741e+02 9.384950e+01 8.271949e+02
      vertex   -1.678015e+02 9.384950e+01 8.272678e+02
    endloop
  endfacet
  facet normal -0.000000e+00 1.000000e+00 0.000000e+00
    outer loop
      vertex   -1.684019e+02 9.384950e+01 8.274639e+02
      vertex   -1.679723e+02 9.384950e+01 8.684251e+02
      vertex   -1.678015e+02 9.384950e+01 8.272678e+02
    endloop
  endfacet
  facet normal 0.000000e+00 1.000000e+00 0.000000e+00
    outer loop
      vertex   -1.678015e+02 9.384950e+01 8.272678e+02
      vertex   -1.679723e+02 9.384950e+01 8.684251e+02
      vertex   -1.679711e+02 9.384950e+01 8.684255e+02
    endloop
  endfacet
  facet normal 0.000000e+00 1.000000e+00 -0.000000e+00
    outer loop
      vertex   -1.678015e+02 9.384950e+01 8.272678e+02
      vertex   -1.679711e+02 9.384950e+01 8.684255e+02
      vertex   -1.674433e+02 9.384950e+01 8.685706e+02
    endloop
  endfacet
  facet normal 0.000000e+00 1.000000e+00 0.000000e+00
    outer loop
      vertex   -1.679723e+02 9.384950e+01 8.684251e+02
      vertex   -1.684019e+02 9.384950e+01 8.274639e+02
      vertex   -1.686780e+02 9.384950e+01 8.680977e+02
    endloop
  endfacet
  facet normal 0.000000e+00 1.000000e+00 0.000000e+00
    outer loop
      vertex   -1.686780e+02 9.384950e+01 8.680977e+02
      vertex   -1.684019e+02 9.384950e+01 8.274639e+02
      vertex   -1.689514e+02 9.384950e+01 8.277752e+02
    endloop
  endfacet
  facet normal 0.000000e+00 1.000000e+00 0.000000e+00
    outer loop
      vertex   -1.686780e+02 9.384950e+01 8.680977e+02
      vertex   -1.689514e+02 9.384950e+01 8.277752e+02
      vertex   -1.686796e+02 9.384950e+01 8.680968e+02
    endloop
  endfacet
  facet normal 0.000000e+00 1.000000e+00 0.000000e+00
    outer loop
      vertex   -1.686796e+02 9.384950e+01 8.680968e+02
      vertex   -1.689514e+02 9.384950e+01 8.277752e+02
      vertex   -1.693088e+02 9.384950e+01 8.676383e+02
    endloop
  endfacet
  facet normal 0.000000e+00 1.000000e+00 0.000000e+00
    outer loop
      vertex   -1.693088e+02 9.384950e+01 8.676383e+02
      vertex   -1.689514e+02 9.384950e+01 8.277752e+02
      vertex   -1.691409e+02 9.384950e+01 8.279018e+02
    endloop
  endfacet
  facet normal 0.000000e+00 1.000000e+00 0.000000e+00
    outer loop
      vertex   -1.693088e+02 9.384950e+01 8.676383e+02
      vertex   -1.691409e+02 9.384950e+01 8.279018e+02
      vertex   -1.693103e+02 9.384950e+01 8.676370e+02
    endloop
  endfacet
  facet normal 0.000000e+00 1.000000e+00 0.000000e+00
    outer loop
      vertex   -1.693103e+02 9.384950e+01 8.676370e+02
      vertex   -1.691409e+02 9.384950e+01 8.279018e+02
      vertex   -1.696177e+02 9.384950e+01 8.283161e+02
    endloop
  endfacet
  facet normal 0.000000e+00 1.000000e+00 0.000000e+00
    outer loop
      vertex   -1.693103e+02 9.384950e+01 8.676370e+02
      vertex   -1.696177e+02 9.384950e+01 8.283161e+02
      vertex   -1.698387e+02 9.384950e+01 8.670648e+02
    endloop
  endfacet
  facet normal 0.000000e+00 1.000000e+00 0.000000e+00
    outer loop
      vertex   -1.698387e+02 9.384950e+01 8.670648e+02
      vertex   -1.696177e+02 9.384950e+01 8.283161e+02
      vertex   -1.700027e+02 9.384950e+01 8.288167e+02
    endloop
  endfacet
  facet normal 0.000000e+00 1.000000e+00 0.000000e+00
    outer loop
      vertex   -1.698387e+02 9.384950e+01 8.670648e+02
      vertex   -1.700027e+02 9.384950e+01 8.288167e+02
      vertex   -1.698399e+02 9.384950e+01 8.670634e+02
    endloop
  endfacet
  facet normal 0.000000e+00 1.000000e+00 0.000000e+00
    outer loop
      vertex   -1.698399e+02 9.384950e+01 8.670634e+02
      vertex   -1.700027e+02 9.384950e+01 8.288167e+02
      vertex   -1.702469e+02 9.384950e+01 8.663997e+02
    endloop
  endfacet
  facet normal 0.000000e+00 1.000000e+00 0.000000e+00
    outer loop
      vertex   -1.702469e+02 9.384950e+01 8.663997e+02
      vertex   -1.700027e+02 9.384950e+01 8.288167e+02
      vertex   -1.706500e+02 9.384950e+01 8.646500e+02
    endloop
  endfacet
  facet normal 0.000000e+00 1.000000e+00 0.000000e+00
    outer loop
      vertex   -1.702469e+02 9.384950e+01 8.663997e+02
      vertex   -1.706500e+02 9.384950e+01 8.646500e+02
      vertex   -1.702477e+02 9.384950e+01 8.663983e+02
    endloop
  endfacet
  facet normal 0.000000e+00 1.000000e+00 0.000000e+00
    outer loop
      vertex   -1.702477e+02 9.384950e+01 8.663983e+02
      vertex   -1.706500e+02 9.384950e+01 8.646500e+02
      vertex   -1.705180e+02 9.384950e+01 8.656688e+02
    endloop
  endfacet
  facet normal 0.000000e+00 1.000000e+00 0.000000e+00
    outer loop
      vertex   -1.705180e+02 9.384950e+01 8.656688e+02
      vertex   -1.706500e+02 9.384950e+01 8.646500e+02
      vertex   -1.705183e+02 9.384950e+01 8.656679e+02
    endloop
  endfacet
  facet normal 0.000000e+00 1.000000e+00 0.000000e+00
    outer loop
      vertex   -1.705183e+02 9.384950e+01 8.656679e+02
      vertex   -1.706500e+02 9.384950e+01 8.646500e+02
      vertex   -1.706421e+02 9.384950e+01 8.649006e+02
    endloop
  endfacet
  facet normal 0.000000e+00 1.000000e+00 0.000000e+00
    outer loop
      vertex   -1.706421e+02 9.384950e+01 8.649006e+02
      vertex   -1.706500e+02 9.384950e+01 8.646500e+02
      vertex   -1.706422e+02 9.384950e+01 8.649004e+02
    endloop
  endfacet
  facet normal 0.000000e+00 1.000000e+00 0.000000e+00
    outer loop
      vertex   -1.706500e+02 9.384950e+01 8.646500e+02
      vertex   -1.700027e+02 9.384950e+01 8.288167e+02
      vertex   -1.706500e+02 9.384950e+01 8.308995e+02
    endloop
  endfacet
  facet normal 0.000000e+00 1.000000e+00 0.000000e+00
    outer loop
      vertex   -1.706500e+02 9.384950e+01 8.308995e+02
      vertex   -1.700027e+02 9.384950e+01 8.288167e+02
      vertex   -1.701293e+02 9.384950e+01 8.290063e+02
    endloop
  endfacet
  facet normal 0.000000e+00 1.000000e+00 0.000000e+00
    outer loop
      vertex   -1.706500e+02 9.384950e+01 8.308995e+02
      vertex   -1.701293e+02 9.384950e+01 8.290063e+02
      vertex   -1.704073e+02 9.384950e+01 8.295734e+02
    endloop
  endfacet
  facet normal 0.000000e+00 1.000000e+00 0.000000e+00
    outer loop
      vertex   -1.704073e+02 9.384950e+01 8.295734e+02
      vertex   -1.705631e+02 9.384950e+01 8.301140e+02
      vertex   -1.706500e+02 9.384950e+01 8.308995e+02
    endloop
  endfacet
  facet normal 0.000000e+00 1.000000e+00 0.000000e+00
    outer loop
      vertex   -1.706500e+02 9.384950e+01 8.308995e+02
      vertex   -1.705631e+02 9.384950e+01 8.301140e+02
      vertex   -1.706270e+02 9.384950e+01 8.305066e+02
    endloop
  endfacet
  facet normal 0.000000e+00 1.000000e+00 0.000000e+00
    outer loop
      vertex   -1.666500e+02 9.384950e+01 8.266500e+02
      vertex   -1.669005e+02 9.384950e+01 7.851579e+02
      vertex   -1.669005e+02 9.384950e+01 8.266500e+02
    endloop
  endfacet
  facet normal 0.000000e+00 1.000000e+00 0.000000e+00
    outer loop
      vertex   -1.669005e+02 9.384950e+01 8.266500e+02
      vertex   -1.669005e+02 9.384950e+01 7.851579e+02
      vertex   -1.669006e+02 9.384950e+01 7.851579e+02
    endloop
  endfacet
  facet normal 0.000000e+00 1.000000e+00 0.000000e+00
    outer loop
      vertex   -1.669005e+02 9.384950e+01 8.266500e+02
      vertex   -1.669006e+02 9.384950e+01 7.851579e+02
      vertex   -1.671237e+02 9.384950e+01 8.266056e+02
    endloop
  endfacet
  facet normal 0.000000e+00 1.000000e+00 0.000000e+00
    outer loop
      vertex   -1.671237e+02 9.384950e+01 8.266056e+02
      vertex   -1.669006e+02 9.384950e+01 7.851579e+02
      vertex   -1.671741e+02 9.384950e+01 8.266051e+02
    endloop
  endfacet
  facet normal 0.000000e+00 1.000000e+00 0.000000e+00
    outer loop
      vertex   -1.671741e+02 9.384950e+01 8.266051e+02
      vertex   -1.669006e+02 9.384950e+01 7.851579e+02
      vertex   -1.676679e+02 9.384950e+01 7.852817e+02
    endloop
  endfacet
  facet normal 0.000000e+00 1.000000e+00 0.000000e+00
    outer loop
      vertex   -1.671741e+02 9.384950e+01 8.266051e+02
      vertex   -1.676679e+02 9.384950e+01 7.852817e+02
      vertex   -1.678015e+02 9.384950e+01 8.265322e+02
    endloop
  endfacet
  facet normal 0.000000e+00 1.000000e+00 0.000000e+00
    outer loop
      vertex   -1.678015e+02 9.384950e+01 8.265322e+02
      vertex   -1.676679e+02 9.384950e+01 7.852817e+02
      vertex   -1.676688e+02 9.384950e+01 7.852820e+02
    endloop
  endfacet
  facet normal 0.000000e+00 1.000000e+00 0.000000e+00
    outer loop
      vertex   -1.678015e+02 9.384950e+01 8.265322e+02
      vertex   -1.676688e+02 9.384950e+01 7.852820e+02
      vertex   -1.683983e+02 9.384950e+01 7.855523e+02
    endloop
  endfacet
  facet normal 0.000000e+00 1.000000e+00 0.000000e+00
    outer loop
      vertex   -1.666500e+02 9.384950e+01 8.266500e+02
      vertex   -1.666500e+02 9.384950e+01 7.851500e+02
      vertex   -1.669005e+02 9.384950e+01 7.851579e+02
    endloop
  endfacet
  facet normal 0.000000e+00 1.000000e+00 0.000000e+00
    outer loop
      vertex   -1.678015e+02 9.384950e+01 8.265322e+02
      vertex   -1.683983e+02 9.384950e+01 7.855523e+02
      vertex   -1.684019e+02 9.384950e+01 8.263361e+02
    endloop
  endfacet
  facet normal 0.000000e+00 1.000000e+00 0.000000e+00
    outer loop
      vertex   -1.684019e+02 9.384950e+01 8.263361e+02
      vertex   -1.683983e+02 9.384950e+01 7.855523e+02
      vertex   -1.683997e+02 9.384950e+01 7.855531e+02
    endloop
  endfacet
  facet normal 0.000000e+00 1.000000e+00 0.000000e+00
    outer loop
      vertex   -1.684019e+02 9.384950e+01 8.263361e+02
      vertex   -1.683997e+02 9.384950e+01 7.855531e+02
      vertex   -1.689514e+02 9.384950e+01 8.260248e+02
    endloop
  endfacet
  facet normal 0.000000e+00 1.000000e+00 0.000000e+00
    outer loop
      vertex   -1.689514e+02 9.384950e+01 8.260248e+02
      vertex   -1.683997e+02 9.384950e+01 7.855531e+02
      vertex   -1.690634e+02 9.384950e+01 7.859601e+02
    endloop
  endfacet
  facet normal 0.000000e+00 1.000000e+00 0.000000e+00
    outer loop
      vertex   -1.689514e+02 9.384950e+01 8.260248e+02
      vertex   -1.690634e+02 9.384950e+01 7.859601e+02
      vertex   -1.690648e+02 9.384950e+01 7.859613e+02
    endloop
  endfacet
  facet normal 0.000000e+00 1.000000e+00 0.000000e+00
    outer loop
      vertex   -1.689514e+02 9.384950e+01 8.260248e+02
      vertex   -1.690648e+02 9.384950e+01 7.859613e+02
      vertex   -1.691409e+02 9.384950e+01 8.258982e+02
    endloop
  endfacet
  facet normal 0.000000e+00 1.000000e+00 0.000000e+00
    outer loop
      vertex   -1.691409e+02 9.384950e+01 8.258982e+02
      vertex   -1.690648e+02 9.384950e+01 7.859613e+02
      vertex   -1.696370e+02 9.384950e+01 7.864896e+02
    endloop
  endfacet
  facet normal 0.000000e+00 1.000000e+00 0.000000e+00
    outer loop
      vertex   -1.691409e+02 9.384950e+01 8.258982e+02
      vertex   -1.696370e+02 9.384950e+01 7.864896e+02
      vertex   -1.696177e+02 9.384950e+01 8.254839e+02
    endloop
  endfacet
  facet normal 0.000000e+00 1.000000e+00 0.000000e+00
    outer loop
      vertex   -1.696177e+02 9.384950e+01 8.254839e+02
      vertex   -1.696370e+02 9.384950e+01 7.864896e+02
      vertex   -1.696383e+02 9.384950e+01 7.864912e+02
    endloop
  endfacet
  facet normal 0.000000e+00 1.000000e+00 0.000000e+00
    outer loop
      vertex   -1.696177e+02 9.384950e+01 8.254839e+02
      vertex   -1.696383e+02 9.384950e+01 7.864912e+02
      vertex   -1.700027e+02 9.384950e+01 8.249833e+02
    endloop
  endfacet
  facet normal 0.000000e+00 1.000000e+00 0.000000e+00
    outer loop
      vertex   -1.700027e+02 9.384950e+01 8.249833e+02
      vertex   -1.696383e+02 9.384950e+01 7.864912e+02
      vertex   -1.700969e+02 9.384950e+01 7.871204e+02
    endloop
  endfacet
  facet normal 0.000000e+00 1.000000e+00 0.000000e+00
    outer loop
      vertex   -1.700027e+02 9.384950e+01 8.249833e+02
      vertex   -1.700969e+02 9.384950e+01 7.871204e+02
      vertex   -1.706500e+02 9.384950e+01 7.891500e+02
    endloop
  endfacet
  facet normal 0.000000e+00 1.000000e+00 0.000000e+00
    outer loop
      vertex   -1.706500e+02 9.384950e+01 7.891500e+02
      vertex   -1.700969e+02 9.384950e+01 7.871204e+02
      vertex   -1.700977e+02 9.384950e+01 7.871220e+02
    endloop
  endfacet
  facet normal 0.000000e+00 1.000000e+00 0.000000e+00
    outer loop
      vertex   -1.706500e+02 9.384950e+01 7.891500e+02
      vertex   -1.700977e+02 9.384950e+01 7.871220e+02
      vertex   -1.704251e+02 9.384950e+01 7.878277e+02
    endloop
  endfacet
  facet normal 0.000000e+00 1.000000e+00 0.000000e+00
    outer loop
      vertex   -1.704251e+02 9.384950e+01 7.878277e+02
      vertex   -1.704255e+02 9.384950e+01 7.878289e+02
      vertex   -1.706500e+02 9.384950e+01 7.891500e+02
    endloop
  endfacet
  facet normal 0.000000e+00 1.000000e+00 0.000000e+00
    outer loop
      vertex   -1.706500e+02 9.384950e+01 7.891500e+02
      vertex   -1.704255e+02 9.384950e+01 7.878289e+02
      vertex   -1.705705e+02 9.384950e+01 7.883567e+02
    endloop
  endfacet
  facet normal 0.000000e+00 1.000000e+00 0.000000e+00
    outer loop
      vertex   -1.706500e+02 9.384950e+01 7.891500e+02
      vertex   -1.705705e+02 9.384950e+01 7.883567e+02
      vertex   -1.706421e+02 9.384950e+01 7.888994e+02
    endloop
  endfacet
  facet normal 0.000000e+00 1.000000e+00 0.000000e+00
    outer loop
      vertex   -1.706421e+02 9.384950e+01 7.888994e+02
      vertex   -1.706422e+02 9.384950e+01 7.888995e+02
      vertex   -1.706500e+02 9.384950e+01 7.891500e+02
    endloop
  endfacet
  facet normal 0.000000e+00 1.000000e+00 0.000000e+00
    outer loop
      vertex   -1.706500e+02 9.384950e+01 7.891500e+02
      vertex   -1.706500e+02 9.384950e+01 8.229005e+02
      vertex   -1.700027e+02 9.384950e+01 8.249833e+02
    endloop
  endfacet
  facet normal 0.000000e+00 1.000000e+00 0.000000e+00
    outer loop
      vertex   -1.700027e+02 9.384950e+01 8.249833e+02
      vertex   -1.706500e+02 9.384950e+01 8.229005e+02
      vertex   -1.701293e+02 9.384950e+01 8.247937e+02
    endloop
  endfacet
  facet normal 0.000000e+00 1.000000e+00 0.000000e+00
    outer loop
      vertex   -1.701293e+02 9.384950e+01 8.247937e+02
      vertex   -1.706500e+02 9.384950e+01 8.229005e+02
      vertex   -1.705287e+02 9.384950e+01 8.238342e+02
    endloop
  endfacet
  facet normal 0.000000e+00 1.000000e+00 0.000000e+00
    outer loop
      vertex   -1.705287e+02 9.384950e+01 8.238342e+02
      vertex   -1.706500e+02 9.384950e+01 8.229005e+02
      vertex   -1.706172e+02 9.384950e+01 8.233733e+02
    endloop
  endfacet
  facet normal 9.802728e-02 4.080667e-04 9.951836e-01
    outer loop
      vertex   -1.324839e+02 1.260500e+02 8.685880e+02
      vertex   -1.330960e+02 1.260500e+02 8.686483e+02
      vertex   -1.328995e+02 9.384165e+01 8.686422e+02
    endloop
  endfacet
  facet normal 1.593375e-01 -3.965135e-04 9.872241e-01
    outer loop
      vertex   -1.323184e+02 1.260500e+02 8.685613e+02
      vertex   -1.324839e+02 1.260500e+02 8.685880e+02
      vertex   -1.321318e+02 9.379829e+01 8.685182e+02
    endloop
  endfacet
  facet normal 1.593375e-01 -3.965135e-04 9.872241e-01
    outer loop
      vertex   -1.321318e+02 9.379829e+01 8.685182e+02
      vertex   -1.324839e+02 1.260500e+02 8.685880e+02
      vertex   -1.328995e+02 9.384165e+01 8.686422e+02
    endloop
  endfacet
  facet normal 2.902632e-01 4.015009e-04 9.569468e-01
    outer loop
      vertex   -1.317296e+02 1.260500e+02 8.683827e+02
      vertex   -1.323184e+02 1.260500e+02 8.685613e+02
      vertex   -1.321318e+02 9.379829e+01 8.685182e+02
    endloop
  endfacet
  facet normal 3.475028e-01 -3.932477e-04 9.376788e-01
    outer loop
      vertex   -1.315724e+02 1.260500e+02 8.683244e+02
      vertex   -1.317296e+02 1.260500e+02 8.683827e+02
      vertex   -1.314013e+02 9.376702e+01 8.682475e+02
    endloop
  endfacet
  facet normal 3.475028e-01 -3.932477e-04 9.376788e-01
    outer loop
      vertex   -1.314013e+02 9.376702e+01 8.682475e+02
      vertex   -1.317296e+02 1.260500e+02 8.683827e+02
      vertex   -1.321318e+02 9.379829e+01 8.685182e+02
    endloop
  endfacet
  facet normal 4.713960e-01 3.962379e-04 8.819216e-01
    outer loop
      vertex   -1.310296e+02 1.260500e+02 8.680343e+02
      vertex   -1.315724e+02 1.260500e+02 8.683244e+02
      vertex   -1.314013e+02 9.376702e+01 8.682475e+02
    endloop
  endfacet
  facet normal 5.227935e-01 -3.900482e-04 8.524592e-01
    outer loop
      vertex   -1.308865e+02 1.260500e+02 8.679466e+02
      vertex   -1.310296e+02 1.260500e+02 8.680343e+02
      vertex   -1.307362e+02 9.374941e+01 8.678396e+02
    endloop
  endfacet
  facet normal 5.227935e-01 -3.900482e-04 8.524592e-01
    outer loop
      vertex   -1.307362e+02 9.374941e+01 8.678396e+02
      vertex   -1.310296e+02 1.260500e+02 8.680343e+02
      vertex   -1.314013e+02 9.376702e+01 8.682475e+02
    endloop
  endfacet
  facet normal 6.343967e-01 3.925962e-04 7.730076e-01
    outer loop
      vertex   -1.304107e+02 1.260500e+02 8.675561e+02
      vertex   -1.308865e+02 1.260500e+02 8.679466e+02
      vertex   -1.307362e+02 9.374941e+01 8.678396e+02
    endloop
  endfacet
  facet normal 6.783895e-01 -3.868248e-04 7.347023e-01
    outer loop
      vertex   -1.302874e+02 1.260500e+02 8.674422e+02
      vertex   -1.304107e+02 1.260500e+02 8.675561e+02
      vertex   -1.301626e+02 9.374639e+01 8.673099e+02
    endloop
  endfacet
  facet normal 6.783895e-01 -3.868248e-04 7.347023e-01
    outer loop
      vertex   -1.301626e+02 9.374639e+01 8.673099e+02
      vertex   -1.304107e+02 1.260500e+02 8.675561e+02
      vertex   -1.307362e+02 9.374941e+01 8.678396e+02
    endloop
  endfacet
  facet normal 7.730124e-01 3.894992e-04 6.343907e-01
    outer loop
      vertex   -1.298969e+02 1.260500e+02 8.669664e+02
      vertex   -1.302874e+02 1.260500e+02 8.674422e+02
      vertex   -1.301626e+02 9.374639e+01 8.673099e+02
    endloop
  endfacet
  facet normal 8.081795e-01 -3.831092e-04 5.889361e-01
    outer loop
      vertex   -1.297980e+02 1.260500e+02 8.668307e+02
      vertex   -1.298969e+02 1.260500e+02 8.669664e+02
      vertex   -1.297029e+02 9.375813e+01 8.666791e+02
    endloop
  endfacet
  facet normal 8.081795e-01 -3.831092e-04 5.889361e-01
    outer loop
      vertex   -1.297029e+02 9.375813e+01 8.666791e+02
      vertex   -1.298969e+02 1.260500e+02 8.669664e+02
      vertex   -1.301626e+02 9.374639e+01 8.673099e+02
    endloop
  endfacet
  facet normal 8.819239e-01 3.860134e-04 4.713916e-01
    outer loop
      vertex   -1.295079e+02 1.260500e+02 8.662879e+02
      vertex   -1.297980e+02 1.260500e+02 8.668307e+02
      vertex   -1.297029e+02 9.375813e+01 8.666791e+02
    endloop
  endfacet
  facet normal 9.802728e-02 4.076044e-04 -9.951836e-01
    outer loop
      vertex   -1.330960e+02 1.260500e+02 7.851517e+02
      vertex   -1.324839e+02 1.260500e+02 7.852120e+02
      vertex   -1.328995e+02 9.384165e+01 7.851579e+02
    endloop
  endfacet
  facet normal 9.071243e-01 -3.782614e-04 4.208627e-01
    outer loop
      vertex   -1.294373e+02 1.260500e+02 8.661358e+02
      vertex   -1.295079e+02 1.260500e+02 8.662879e+02
      vertex   -1.293748e+02 9.378399e+01 8.659719e+02
    endloop
  endfacet
  facet normal 9.071243e-01 -3.782614e-04 4.208627e-01
    outer loop
      vertex   -1.293748e+02 9.378399e+01 8.659719e+02
      vertex   -1.295079e+02 1.260500e+02 8.662879e+02
      vertex   -1.297029e+02 9.375813e+01 8.666791e+02
    endloop
  endfacet
  facet normal 1.307818e-01 -2.142778e-05 -9.914112e-01
    outer loop
      vertex   -1.323669e+02 1.260500e+02 7.852274e+02
      vertex   -1.323567e+02 9.380997e+01 7.852295e+02
      vertex   -1.324839e+02 1.260500e+02 7.852120e+02
    endloop
  endfacet
  facet normal 1.307818e-01 -2.142778e-05 -9.914112e-01
    outer loop
      vertex   -1.324839e+02 1.260500e+02 7.852120e+02
      vertex   -1.323567e+02 9.380997e+01 7.852295e+02
      vertex   -1.328995e+02 9.384165e+01 7.851579e+02
    endloop
  endfacet
  facet normal 9.569400e-01 3.814389e-04 2.902855e-01
    outer loop
      vertex   -1.292587e+02 1.260500e+02 8.655469e+02
      vertex   -1.294373e+02 1.260500e+02 8.661358e+02
      vertex   -1.293748e+02 9.378399e+01 8.659719e+02
    endloop
  endfacet
  facet normal 2.650314e-01 2.253847e-05 -9.642398e-01
    outer loop
      vertex   -1.323669e+02 1.260500e+02 7.852274e+02
      vertex   -1.322531e+02 1.260500e+02 7.852587e+02
      vertex   -1.323567e+02 9.380997e+01 7.852295e+02
    endloop
  endfacet
  facet normal 2.650314e-01 2.253847e-05 -9.642398e-01
    outer loop
      vertex   -1.323567e+02 9.380997e+01 7.852295e+02
      vertex   -1.322531e+02 1.260500e+02 7.852587e+02
      vertex   -1.318281e+02 9.378399e+01 7.853748e+02
    endloop
  endfacet
  facet normal 9.642398e-01 2.253847e-05 2.650314e-01
    outer loop
      vertex   -1.292274e+02 1.260500e+02 8.654331e+02
      vertex   -1.292587e+02 1.260500e+02 8.655469e+02
      vertex   -1.292295e+02 9.380997e+01 8.654433e+02
    endloop
  endfacet
  facet normal 9.642398e-01 2.253847e-05 2.650314e-01
    outer loop
      vertex   -1.292295e+02 9.380997e+01 8.654433e+02
      vertex   -1.292587e+02 1.260500e+02 8.655469e+02
      vertex   -1.293748e+02 9.378399e+01 8.659719e+02
    endloop
  endfacet
  facet normal 2.902855e-01 3.814389e-04 -9.569400e-01
    outer loop
      vertex   -1.322531e+02 1.260500e+02 7.852587e+02
      vertex   -1.316642e+02 1.260500e+02 7.854373e+02
      vertex   -1.318281e+02 9.378399e+01 7.853748e+02
    endloop
  endfacet
  facet normal 9.914115e-01 -2.142851e-05 1.307795e-01
    outer loop
      vertex   -1.292274e+02 1.260500e+02 8.654331e+02
      vertex   -1.292295e+02 9.380997e+01 8.654433e+02
      vertex   -1.292120e+02 1.260500e+02 8.653161e+02
    endloop
  endfacet
  facet normal 9.914115e-01 -2.142851e-05 1.307795e-01
    outer loop
      vertex   -1.292120e+02 1.260500e+02 8.653161e+02
      vertex   -1.292295e+02 9.380997e+01 8.654433e+02
      vertex   -1.291579e+02 9.384165e+01 8.649005e+02
    endloop
  endfacet
  facet normal 4.208627e-01 -3.782614e-04 -9.071243e-01
    outer loop
      vertex   -1.316642e+02 1.260500e+02 7.854373e+02
      vertex   -1.315121e+02 1.260500e+02 7.855079e+02
      vertex   -1.318281e+02 9.378399e+01 7.853748e+02
    endloop
  endfacet
  facet normal 4.208627e-01 -3.782614e-04 -9.071243e-01
    outer loop
      vertex   -1.318281e+02 9.378399e+01 7.853748e+02
      vertex   -1.315121e+02 1.260500e+02 7.855079e+02
      vertex   -1.311209e+02 9.375813e+01 7.857029e+02
    endloop
  endfacet
  facet normal 9.951848e-01 4.077391e-04 9.801523e-02
    outer loop
      vertex   -1.291517e+02 1.260500e+02 8.647040e+02
      vertex   -1.292120e+02 1.260500e+02 8.653161e+02
      vertex   -1.291579e+02 9.384165e+01 8.649005e+02
    endloop
  endfacet
  facet normal 4.713960e-01 3.860810e-04 -8.819216e-01
    outer loop
      vertex   -1.315121e+02 1.260500e+02 7.855079e+02
      vertex   -1.309693e+02 1.260500e+02 7.857980e+02
      vertex   -1.311209e+02 9.375813e+01 7.857029e+02
    endloop
  endfacet
  facet normal 5.889441e-01 -3.831130e-04 -8.081737e-01
    outer loop
      vertex   -1.309693e+02 1.260500e+02 7.857980e+02
      vertex   -1.308336e+02 1.260500e+02 7.858969e+02
      vertex   -1.311209e+02 9.375813e+01 7.857029e+02
    endloop
  endfacet
  facet normal 5.889441e-01 -3.831130e-04 -8.081737e-01
    outer loop
      vertex   -1.311209e+02 9.375813e+01 7.857029e+02
      vertex   -1.308336e+02 1.260500e+02 7.858969e+02
      vertex   -1.304901e+02 9.374639e+01 7.861626e+02
    endloop
  endfacet
  facet normal 6.343822e-01 3.892032e-04 -7.730195e-01
    outer loop
      vertex   -1.308336e+02 1.260500e+02 7.858969e+02
      vertex   -1.303578e+02 1.260500e+02 7.862874e+02
      vertex   -1.304901e+02 9.374639e+01 7.861626e+02
    endloop
  endfacet
  facet normal 7.346911e-01 -3.870462e-04 -6.784017e-01
    outer loop
      vertex   -1.303578e+02 1.260500e+02 7.862874e+02
      vertex   -1.302439e+02 1.260500e+02 7.864107e+02
      vertex   -1.304901e+02 9.374639e+01 7.861626e+02
    endloop
  endfacet
  facet normal 7.346911e-01 -3.870462e-04 -6.784017e-01
    outer loop
      vertex   -1.304901e+02 9.374639e+01 7.861626e+02
      vertex   -1.302439e+02 1.260500e+02 7.864107e+02
      vertex   -1.299604e+02 9.374941e+01 7.867362e+02
    endloop
  endfacet
  facet normal 7.730124e-01 3.926993e-04 -6.343907e-01
    outer loop
      vertex   -1.302439e+02 1.260500e+02 7.864107e+02
      vertex   -1.298534e+02 1.260500e+02 7.868865e+02
      vertex   -1.299604e+02 9.374941e+01 7.867362e+02
    endloop
  endfacet
  facet normal 8.524592e-01 -3.899271e-04 -5.227935e-01
    outer loop
      vertex   -1.298534e+02 1.260500e+02 7.868865e+02
      vertex   -1.297657e+02 1.260500e+02 7.870296e+02
      vertex   -1.299604e+02 9.374941e+01 7.867362e+02
    endloop
  endfacet
  facet normal 8.524592e-01 -3.899271e-04 -5.227935e-01
    outer loop
      vertex   -1.299604e+02 9.374941e+01 7.867362e+02
      vertex   -1.297657e+02 1.260500e+02 7.870296e+02
      vertex   -1.295525e+02 9.376702e+01 7.874013e+02
    endloop
  endfacet
  facet normal 8.819239e-01 3.964135e-04 -4.713916e-01
    outer loop
      vertex   -1.297657e+02 1.260500e+02 7.870296e+02
      vertex   -1.294756e+02 1.260500e+02 7.875724e+02
      vertex   -1.295525e+02 9.376702e+01 7.874013e+02
    endloop
  endfacet
  facet normal 9.376803e-01 -3.930549e-04 -3.474989e-01
    outer loop
      vertex   -1.294756e+02 1.260500e+02 7.875724e+02
      vertex   -1.294173e+02 1.260500e+02 7.877296e+02
      vertex   -1.295525e+02 9.376702e+01 7.874013e+02
    endloop
  endfacet
  facet normal 9.376803e-01 -3.930549e-04 -3.474989e-01
    outer loop
      vertex   -1.295525e+02 9.376702e+01 7.874013e+02
      vertex   -1.294173e+02 1.260500e+02 7.877296e+02
      vertex   -1.292818e+02 9.379829e+01 7.881318e+02
    endloop
  endfacet
  facet normal 9.569400e-01 4.013494e-04 -2.902855e-01
    outer loop
      vertex   -1.294173e+02 1.260500e+02 7.877296e+02
      vertex   -1.292387e+02 1.260500e+02 7.883184e+02
      vertex   -1.292818e+02 9.379829e+01 7.881318e+02
    endloop
  endfacet
  facet normal 9.802729e-02 0.000000e+00 -9.951837e-01
    outer loop
      vertex   -1.324839e+02 1.260500e+02 7.852120e+02
      vertex   -1.330960e+02 1.260500e+02 7.851517e+02
      vertex   -1.324839e+02 1.525020e+02 7.852120e+02
    endloop
  endfacet
  facet normal 9.802729e-02 0.000000e+00 -9.951837e-01
    outer loop
      vertex   -1.324839e+02 1.525020e+02 7.852120e+02
      vertex   -1.330960e+02 1.260500e+02 7.851517e+02
      vertex   -1.330960e+02 1.525020e+02 7.851517e+02
    endloop
  endfacet
  facet normal 1.307818e-01 -2.987808e-15 -9.914112e-01
    outer loop
      vertex   -1.324839e+02 1.260500e+02 7.852120e+02
      vertex   -1.324226e+02 1.523022e+02 7.852201e+02
      vertex   -1.323669e+02 1.260500e+02 7.852274e+02
    endloop
  endfacet
  facet normal 1.307818e-01 2.652649e-15 -9.914112e-01
    outer loop
      vertex   -1.323669e+02 1.260500e+02 7.852274e+02
      vertex   -1.324226e+02 1.523022e+02 7.852201e+02
      vertex   -1.323677e+02 1.523022e+02 7.852273e+02
    endloop
  endfacet
  facet normal 1.307818e-01 0.000000e+00 -9.914112e-01
    outer loop
      vertex   -1.323669e+02 1.260500e+02 7.852274e+02
      vertex   -1.323677e+02 1.523022e+02 7.852273e+02
      vertex   -1.323669e+02 1.525020e+02 7.852274e+02
    endloop
  endfacet
  facet normal 1.307818e-01 -1.421725e-13 -9.914112e-01
    outer loop
      vertex   -1.323669e+02 1.525020e+02 7.852274e+02
      vertex   -1.323677e+02 1.523022e+02 7.852273e+02
      vertex   -1.323677e+02 1.525020e+02 7.852273e+02
    endloop
  endfacet
  facet normal 1.307818e-01 0.000000e+00 -9.914112e-01
    outer loop
      vertex   -1.324839e+02 1.260500e+02 7.852120e+02
      vertex   -1.324839e+02 1.525020e+02 7.852120e+02
      vertex   -1.324226e+02 1.523022e+02 7.852201e+02
    endloop
  endfacet
  facet normal 1.307818e-01 2.269524e-13 -9.914112e-01
    outer loop
      vertex   -1.324226e+02 1.523022e+02 7.852201e+02
      vertex   -1.324839e+02 1.525020e+02 7.852120e+02
      vertex   -1.324201e+02 1.525020e+02 7.852204e+02
    endloop
  endfacet
  facet normal 2.650314e-01 0.000000e+00 -9.642398e-01
    outer loop
      vertex   -1.322531e+02 1.260500e+02 7.852587e+02
      vertex   -1.323669e+02 1.260500e+02 7.852274e+02
      vertex   -1.322531e+02 1.525020e+02 7.852587e+02
    endloop
  endfacet
  facet normal 2.650314e-01 0.000000e+00 -9.642398e-01
    outer loop
      vertex   -1.322531e+02 1.525020e+02 7.852587e+02
      vertex   -1.323669e+02 1.260500e+02 7.852274e+02
      vertex   -1.323669e+02 1.525020e+02 7.852274e+02
    endloop
  endfacet
  facet normal 2.902855e-01 0.000000e+00 -9.569401e-01
    outer loop
      vertex   -1.316642e+02 1.260500e+02 7.854373e+02
      vertex   -1.322531e+02 1.260500e+02 7.852587e+02
      vertex   -1.316642e+02 1.525020e+02 7.854373e+02
    endloop
  endfacet
  facet normal 2.902855e-01 0.000000e+00 -9.569401e-01
    outer loop
      vertex   -1.316642e+02 1.525020e+02 7.854373e+02
      vertex   -1.322531e+02 1.260500e+02 7.852587e+02
      vertex   -1.322531e+02 1.525020e+02 7.852587e+02
    endloop
  endfacet
  facet normal 4.208627e-01 0.000000e+00 -9.071243e-01
    outer loop
      vertex   -1.315121e+02 1.525020e+02 7.855079e+02
      vertex   -1.315121e+02 1.260500e+02 7.855079e+02
      vertex   -1.315431e+02 1.523022e+02 7.854935e+02
    endloop
  endfacet
  facet normal 4.208627e-01 2.644411e-17 -9.071243e-01
    outer loop
      vertex   -1.315431e+02 1.523022e+02 7.854935e+02
      vertex   -1.315121e+02 1.260500e+02 7.855079e+02
      vertex   -1.316642e+02 1.260500e+02 7.854373e+02
    endloop
  endfacet
  facet normal 4.208627e-01 -2.747534e-15 -9.071243e-01
    outer loop
      vertex   -1.315431e+02 1.523022e+02 7.854935e+02
      vertex   -1.316642e+02 1.260500e+02 7.854373e+02
      vertex   -1.316518e+02 1.523022e+02 7.854431e+02
    endloop
  endfacet
  facet normal 4.208627e-01 0.000000e+00 -9.071243e-01
    outer loop
      vertex   -1.316518e+02 1.523022e+02 7.854431e+02
      vertex   -1.316642e+02 1.260500e+02 7.854373e+02
      vertex   -1.316642e+02 1.525020e+02 7.854373e+02
    endloop
  endfacet
  facet normal 4.208627e-01 -1.089626e-14 -9.071243e-01
    outer loop
      vertex   -1.316518e+02 1.523022e+02 7.854431e+02
      vertex   -1.316642e+02 1.525020e+02 7.854373e+02
      vertex   -1.316513e+02 1.525020e+02 7.854433e+02
    endloop
  endfacet
  facet normal 4.208627e-01 -2.105621e-13 -9.071243e-01
    outer loop
      vertex   -1.315431e+02 1.523022e+02 7.854935e+02
      vertex   -1.315443e+02 1.525020e+02 7.854929e+02
      vertex   -1.315121e+02 1.525020e+02 7.855079e+02
    endloop
  endfacet
  facet normal 4.713960e-01 0.000000e+00 -8.819216e-01
    outer loop
      vertex   -1.309693e+02 1.260500e+02 7.857980e+02
      vertex   -1.315121e+02 1.260500e+02 7.855079e+02
      vertex   -1.309693e+02 1.525020e+02 7.857980e+02
    endloop
  endfacet
  facet normal 4.713960e-01 0.000000e+00 -8.819216e-01
    outer loop
      vertex   -1.309693e+02 1.525020e+02 7.857980e+02
      vertex   -1.315121e+02 1.260500e+02 7.855079e+02
      vertex   -1.315121e+02 1.525020e+02 7.855079e+02
    endloop
  endfacet
  facet normal 5.889441e-01 0.000000e+00 -8.081738e-01
    outer loop
      vertex   -1.308336e+02 1.525020e+02 7.858969e+02
      vertex   -1.308336e+02 1.260500e+02 7.858969e+02
      vertex   -1.308610e+02 1.523022e+02 7.858770e+02
    endloop
  endfacet
  facet normal 5.889441e-01 -7.874873e-16 -8.081738e-01
    outer loop
      vertex   -1.308610e+02 1.523022e+02 7.858770e+02
      vertex   -1.308336e+02 1.260500e+02 7.858969e+02
      vertex   -1.309693e+02 1.260500e+02 7.857980e+02
    endloop
  endfacet
  facet normal 5.889441e-01 -3.863760e-15 -8.081738e-01
    outer loop
      vertex   -1.308610e+02 1.523022e+02 7.858770e+02
      vertex   -1.309693e+02 1.260500e+02 7.857980e+02
      vertex   -1.309580e+02 1.523022e+02 7.858063e+02
    endloop
  endfacet
  facet normal 5.889441e-01 0.000000e+00 -8.081738e-01
    outer loop
      vertex   -1.309580e+02 1.523022e+02 7.858063e+02
      vertex   -1.309693e+02 1.260500e+02 7.857980e+02
      vertex   -1.309693e+02 1.525020e+02 7.857980e+02
    endloop
  endfacet
  facet normal 5.889441e-01 3.762456e-13 -8.081738e-01
    outer loop
      vertex   -1.309580e+02 1.523022e+02 7.858063e+02
      vertex   -1.309693e+02 1.525020e+02 7.857980e+02
      vertex   -1.309575e+02 1.525020e+02 7.858066e+02
    endloop
  endfacet
  facet normal 5.889441e-01 7.530379e-14 -8.081738e-01
    outer loop
      vertex   -1.308610e+02 1.523022e+02 7.858770e+02
      vertex   -1.308621e+02 1.525020e+02 7.858762e+02
      vertex   -1.308336e+02 1.525020e+02 7.858969e+02
    endloop
  endfacet
  facet normal 6.343822e-01 0.000000e+00 -7.730195e-01
    outer loop
      vertex   -1.303578e+02 1.260500e+02 7.862874e+02
      vertex   -1.308336e+02 1.260500e+02 7.858969e+02
      vertex   -1.303578e+02 1.525020e+02 7.862874e+02
    endloop
  endfacet
  facet normal 6.343822e-01 0.000000e+00 -7.730195e-01
    outer loop
      vertex   -1.303578e+02 1.525020e+02 7.862874e+02
      vertex   -1.308336e+02 1.260500e+02 7.858969e+02
      vertex   -1.308336e+02 1.525020e+02 7.858969e+02
    endloop
  endfacet
  facet normal 7.346911e-01 0.000000e+00 -6.784018e-01
    outer loop
      vertex   -1.302439e+02 1.525020e+02 7.864107e+02
      vertex   -1.302439e+02 1.260500e+02 7.864107e+02
      vertex   -1.302667e+02 1.523022e+02 7.863860e+02
    endloop
  endfacet
  facet normal 7.346911e-01 -1.171215e-15 -6.784018e-01
    outer loop
      vertex   -1.302667e+02 1.523022e+02 7.863860e+02
      vertex   -1.302439e+02 1.260500e+02 7.864107e+02
      vertex   -1.303578e+02 1.260500e+02 7.862874e+02
    endloop
  endfacet
  facet normal 7.346911e-01 -2.920544e-15 -6.784018e-01
    outer loop
      vertex   -1.302667e+02 1.523022e+02 7.863860e+02
      vertex   -1.303578e+02 1.260500e+02 7.862874e+02
      vertex   -1.303482e+02 1.523022e+02 7.862978e+02
    endloop
  endfacet
  facet normal 7.346911e-01 0.000000e+00 -6.784018e-01
    outer loop
      vertex   -1.303482e+02 1.523022e+02 7.862978e+02
      vertex   -1.303578e+02 1.260500e+02 7.862874e+02
      vertex   -1.303578e+02 1.525020e+02 7.862874e+02
    endloop
  endfacet
  facet normal 7.346911e-01 1.644254e-13 -6.784018e-01
    outer loop
      vertex   -1.303482e+02 1.523022e+02 7.862978e+02
      vertex   -1.303578e+02 1.525020e+02 7.862874e+02
      vertex   -1.303478e+02 1.525020e+02 7.862982e+02
    endloop
  endfacet
  facet normal 7.346911e-01 5.774962e-15 -6.784018e-01
    outer loop
      vertex   -1.302667e+02 1.523022e+02 7.863860e+02
      vertex   -1.302676e+02 1.525020e+02 7.863850e+02
      vertex   -1.302439e+02 1.525020e+02 7.864107e+02
    endloop
  endfacet
  facet normal 7.730125e-01 0.000000e+00 -6.343908e-01
    outer loop
      vertex   -1.298534e+02 1.260500e+02 7.868865e+02
      vertex   -1.302439e+02 1.260500e+02 7.864107e+02
      vertex   -1.298534e+02 1.525020e+02 7.868865e+02
    endloop
  endfacet
  facet normal 7.730125e-01 0.000000e+00 -6.343908e-01
    outer loop
      vertex   -1.298534e+02 1.525020e+02 7.868865e+02
      vertex   -1.302439e+02 1.260500e+02 7.864107e+02
      vertex   -1.302439e+02 1.525020e+02 7.864107e+02
    endloop
  endfacet
  facet normal 8.524593e-01 0.000000e+00 -5.227936e-01
    outer loop
      vertex   -1.297657e+02 1.525020e+02 7.870296e+02
      vertex   -1.297657e+02 1.260500e+02 7.870296e+02
      vertex   -1.297832e+02 1.523022e+02 7.870011e+02
    endloop
  endfacet
  facet normal 8.524593e-01 -8.360785e-16 -5.227936e-01
    outer loop
      vertex   -1.297832e+02 1.523022e+02 7.870011e+02
      vertex   -1.297657e+02 1.260500e+02 7.870296e+02
      vertex   -1.298534e+02 1.260500e+02 7.868865e+02
    endloop
  endfacet
  facet normal 8.524593e-01 -7.757871e-16 -5.227936e-01
    outer loop
      vertex   -1.297832e+02 1.523022e+02 7.870011e+02
      vertex   -1.298534e+02 1.260500e+02 7.868865e+02
      vertex   -1.298459e+02 1.523022e+02 7.868988e+02
    endloop
  endfacet
  facet normal 8.524593e-01 0.000000e+00 -5.227936e-01
    outer loop
      vertex   -1.298459e+02 1.523022e+02 7.868988e+02
      vertex   -1.298534e+02 1.260500e+02 7.868865e+02
      vertex   -1.298534e+02 1.525020e+02 7.868865e+02
    endloop
  endfacet
  facet normal 8.524593e-01 1.668589e-13 -5.227936e-01
    outer loop
      vertex   -1.298459e+02 1.523022e+02 7.868988e+02
      vertex   -1.298534e+02 1.525020e+02 7.868865e+02
      vertex   -1.298456e+02 1.525020e+02 7.868993e+02
    endloop
  endfacet
  facet normal 8.524593e-01 3.764587e-13 -5.227936e-01
    outer loop
      vertex   -1.297832e+02 1.523022e+02 7.870011e+02
      vertex   -1.297839e+02 1.525020e+02 7.869999e+02
      vertex   -1.297657e+02 1.525020e+02 7.870296e+02
    endloop
  endfacet
  facet normal 8.819240e-01 0.000000e+00 -4.713916e-01
    outer loop
      vertex   -1.294756e+02 1.260500e+02 7.875724e+02
      vertex   -1.297657e+02 1.260500e+02 7.870296e+02
      vertex   -1.294756e+02 1.525020e+02 7.875724e+02
    endloop
  endfacet
  facet normal 8.819240e-01 0.000000e+00 -4.713916e-01
    outer loop
      vertex   -1.294756e+02 1.525020e+02 7.875724e+02
      vertex   -1.297657e+02 1.260500e+02 7.870296e+02
      vertex   -1.297657e+02 1.525020e+02 7.870296e+02
    endloop
  endfacet
  facet normal 9.376804e-01 0.000000e+00 -3.474989e-01
    outer loop
      vertex   -1.294173e+02 1.525020e+02 7.877296e+02
      vertex   -1.294173e+02 1.260500e+02 7.877296e+02
      vertex   -1.294288e+02 1.523022e+02 7.876984e+02
    endloop
  endfacet
  facet normal 9.376804e-01 -4.177307e-16 -3.474989e-01
    outer loop
      vertex   -1.294288e+02 1.523022e+02 7.876984e+02
      vertex   -1.294173e+02 1.260500e+02 7.877296e+02
      vertex   -1.294756e+02 1.260500e+02 7.875724e+02
    endloop
  endfacet
  facet normal 9.376804e-01 -2.761456e-15 -3.474989e-01
    outer loop
      vertex   -1.294288e+02 1.523022e+02 7.876984e+02
      vertex   -1.294756e+02 1.260500e+02 7.875724e+02
      vertex   -1.294705e+02 1.523022e+02 7.875861e+02
    endloop
  endfacet
  facet normal 9.376804e-01 0.000000e+00 -3.474989e-01
    outer loop
      vertex   -1.294705e+02 1.523022e+02 7.875861e+02
      vertex   -1.294756e+02 1.260500e+02 7.875724e+02
      vertex   -1.294756e+02 1.525020e+02 7.875724e+02
    endloop
  endfacet
  facet normal 9.376804e-01 1.383615e-13 -3.474989e-01
    outer loop
      vertex   -1.294705e+02 1.523022e+02 7.875861e+02
      vertex   -1.294756e+02 1.525020e+02 7.875724e+02
      vertex   -1.294703e+02 1.525020e+02 7.875866e+02
    endloop
  endfacet
  facet normal 9.376804e-01 -3.314953e-14 -3.474989e-01
    outer loop
      vertex   -1.294288e+02 1.523022e+02 7.876984e+02
      vertex   -1.294293e+02 1.525020e+02 7.876972e+02
      vertex   -1.294173e+02 1.525020e+02 7.877296e+02
    endloop
  endfacet
  facet normal 9.569401e-01 0.000000e+00 -2.902855e-01
    outer loop
      vertex   -1.292387e+02 1.260500e+02 7.883184e+02
      vertex   -1.294173e+02 1.260500e+02 7.877296e+02
      vertex   -1.292387e+02 1.525020e+02 7.883184e+02
    endloop
  endfacet
  facet normal 9.569401e-01 0.000000e+00 -2.902855e-01
    outer loop
      vertex   -1.292387e+02 1.525020e+02 7.883184e+02
      vertex   -1.294173e+02 1.260500e+02 7.877296e+02
      vertex   -1.294173e+02 1.525020e+02 7.877296e+02
    endloop
  endfacet
  facet normal 9.872261e-01 0.000000e+00 -1.593255e-01
    outer loop
      vertex   -1.292120e+02 1.525020e+02 7.884838e+02
      vertex   -1.292120e+02 1.260500e+02 7.884838e+02
      vertex   -1.292172e+02 1.523022e+02 7.884513e+02
    endloop
  endfacet
  facet normal 9.872261e-01 -3.180081e-16 -1.593255e-01
    outer loop
      vertex   -1.292172e+02 1.523022e+02 7.884513e+02
      vertex   -1.292120e+02 1.260500e+02 7.884838e+02
      vertex   -1.292387e+02 1.260500e+02 7.883184e+02
    endloop
  endfacet
  facet normal 9.872261e-01 2.100846e-16 -1.593255e-01
    outer loop
      vertex   -1.292172e+02 1.523022e+02 7.884513e+02
      vertex   -1.292387e+02 1.260500e+02 7.883184e+02
      vertex   -1.292363e+02 1.523022e+02 7.883332e+02
    endloop
  endfacet
  facet normal 9.872261e-01 0.000000e+00 -1.593255e-01
    outer loop
      vertex   -1.292363e+02 1.523022e+02 7.883332e+02
      vertex   -1.292387e+02 1.260500e+02 7.883184e+02
      vertex   -1.292387e+02 1.525020e+02 7.883184e+02
    endloop
  endfacet
  facet normal 9.872261e-01 1.511853e-13 -1.593255e-01
    outer loop
      vertex   -1.292363e+02 1.523022e+02 7.883332e+02
      vertex   -1.292387e+02 1.525020e+02 7.883184e+02
      vertex   -1.292362e+02 1.525020e+02 7.883338e+02
    endloop
  endfacet
  facet normal 9.872261e-01 8.379749e-14 -1.593255e-01
    outer loop
      vertex   -1.292172e+02 1.523022e+02 7.884513e+02
      vertex   -1.292175e+02 1.525020e+02 7.884500e+02
      vertex   -1.292120e+02 1.525020e+02 7.884838e+02
    endloop
  endfacet
  facet normal 9.951850e-01 0.000000e+00 -9.801406e-02
    outer loop
      vertex   -1.291517e+02 1.260500e+02 7.890960e+02
      vertex   -1.292120e+02 1.260500e+02 7.884838e+02
      vertex   -1.291517e+02 1.525020e+02 7.890960e+02
    endloop
  endfacet
  facet normal 9.951850e-01 0.000000e+00 -9.801406e-02
    outer loop
      vertex   -1.291517e+02 1.525020e+02 7.890960e+02
      vertex   -1.292120e+02 1.260500e+02 7.884838e+02
      vertex   -1.292120e+02 1.525020e+02 7.884838e+02
    endloop
  endfacet
  facet normal 9.951849e-01 -0.000000e+00 9.801524e-02
    outer loop
      vertex   -1.292120e+02 1.260500e+02 8.653161e+02
      vertex   -1.291517e+02 1.260500e+02 8.647040e+02
      vertex   -1.292120e+02 1.525020e+02 8.653161e+02
    endloop
  endfacet
  facet normal 9.951849e-01 0.000000e+00 9.801524e-02
    outer loop
      vertex   -1.292120e+02 1.525020e+02 8.653161e+02
      vertex   -1.291517e+02 1.260500e+02 8.647040e+02
      vertex   -1.291517e+02 1.525020e+02 8.647040e+02
    endloop
  endfacet
  facet normal 9.914115e-01 6.965786e-16 1.307795e-01
    outer loop
      vertex   -1.292120e+02 1.260500e+02 8.653161e+02
      vertex   -1.292201e+02 1.523022e+02 8.653774e+02
      vertex   -1.292274e+02 1.260500e+02 8.654331e+02
    endloop
  endfacet
  facet normal 9.914115e-01 1.381907e-15 1.307795e-01
    outer loop
      vertex   -1.292274e+02 1.260500e+02 8.654331e+02
      vertex   -1.292201e+02 1.523022e+02 8.653774e+02
      vertex   -1.292273e+02 1.523022e+02 8.654323e+02
    endloop
  endfacet
  facet normal 9.914115e-01 -0.000000e+00 1.307795e-01
    outer loop
      vertex   -1.292274e+02 1.260500e+02 8.654331e+02
      vertex   -1.292273e+02 1.523022e+02 8.654323e+02
      vertex   -1.292274e+02 1.525020e+02 8.654331e+02
    endloop
  endfacet
  facet normal 9.914115e-01 -1.783185e-13 1.307795e-01
    outer loop
      vertex   -1.292274e+02 1.525020e+02 8.654331e+02
      vertex   -1.292273e+02 1.523022e+02 8.654323e+02
      vertex   -1.292273e+02 1.525020e+02 8.654323e+02
    endloop
  endfacet
  facet normal 9.914115e-01 -0.000000e+00 1.307795e-01
    outer loop
      vertex   -1.292120e+02 1.260500e+02 8.653161e+02
      vertex   -1.292120e+02 1.525020e+02 8.653161e+02
      vertex   -1.292201e+02 1.523022e+02 8.653774e+02
    endloop
  endfacet
  facet normal 9.914115e-01 -5.282824e-14 1.307795e-01
    outer loop
      vertex   -1.292201e+02 1.523022e+02 8.653774e+02
      vertex   -1.292120e+02 1.525020e+02 8.653161e+02
      vertex   -1.292204e+02 1.525020e+02 8.653799e+02
    endloop
  endfacet
  facet normal 9.642398e-01 -0.000000e+00 2.650314e-01
    outer loop
      vertex   -1.292587e+02 1.260500e+02 8.655469e+02
      vertex   -1.292274e+02 1.260500e+02 8.654331e+02
      vertex   -1.292587e+02 1.525020e+02 8.655469e+02
    endloop
  endfacet
  facet normal 9.642398e-01 0.000000e+00 2.650314e-01
    outer loop
      vertex   -1.292587e+02 1.525020e+02 8.655469e+02
      vertex   -1.292274e+02 1.260500e+02 8.654331e+02
      vertex   -1.292274e+02 1.525020e+02 8.654331e+02
    endloop
  endfacet
  facet normal 9.569401e-01 -0.000000e+00 2.902855e-01
    outer loop
      vertex   -1.294373e+02 1.260500e+02 8.661358e+02
      vertex   -1.292587e+02 1.260500e+02 8.655469e+02
      vertex   -1.294373e+02 1.525020e+02 8.661358e+02
    endloop
  endfacet
  facet normal 9.569401e-01 0.000000e+00 2.902855e-01
    outer loop
      vertex   -1.294373e+02 1.525020e+02 8.661358e+02
      vertex   -1.292587e+02 1.260500e+02 8.655469e+02
      vertex   -1.292587e+02 1.525020e+02 8.655469e+02
    endloop
  endfacet
  facet normal 9.071243e-01 0.000000e+00 4.208627e-01
    outer loop
      vertex   -1.295079e+02 1.525020e+02 8.662879e+02
      vertex   -1.295079e+02 1.260500e+02 8.662879e+02
      vertex   -1.294935e+02 1.523022e+02 8.662569e+02
    endloop
  endfacet
  facet normal 9.071243e-01 4.345304e-16 4.208627e-01
    outer loop
      vertex   -1.294935e+02 1.523022e+02 8.662569e+02
      vertex   -1.295079e+02 1.260500e+02 8.662879e+02
      vertex   -1.294373e+02 1.260500e+02 8.661358e+02
    endloop
  endfacet
  facet normal 9.071243e-01 2.378087e-15 4.208627e-01
    outer loop
      vertex   -1.294935e+02 1.523022e+02 8.662569e+02
      vertex   -1.294373e+02 1.260500e+02 8.661358e+02
      vertex   -1.294431e+02 1.523022e+02 8.661482e+02
    endloop
  endfacet
  facet normal 9.071243e-01 0.000000e+00 4.208627e-01
    outer loop
      vertex   -1.294431e+02 1.523022e+02 8.661482e+02
      vertex   -1.294373e+02 1.260500e+02 8.661358e+02
      vertex   -1.294373e+02 1.525020e+02 8.661358e+02
    endloop
  endfacet
  facet normal 9.071243e-01 2.769967e-14 4.208627e-01
    outer loop
      vertex   -1.294431e+02 1.523022e+02 8.661482e+02
      vertex   -1.294373e+02 1.525020e+02 8.661358e+02
      vertex   -1.294433e+02 1.525020e+02 8.661487e+02
    endloop
  endfacet
  facet normal 9.071243e-01 8.185411e-14 4.208627e-01
    outer loop
      vertex   -1.294935e+02 1.523022e+02 8.662569e+02
      vertex   -1.294929e+02 1.525020e+02 8.662557e+02
      vertex   -1.295079e+02 1.525020e+02 8.662879e+02
    endloop
  endfacet
  facet normal 8.819240e-01 -0.000000e+00 4.713916e-01
    outer loop
      vertex   -1.297980e+02 1.260500e+02 8.668307e+02
      vertex   -1.295079e+02 1.260500e+02 8.662879e+02
      vertex   -1.297980e+02 1.525020e+02 8.668307e+02
    endloop
  endfacet
  facet normal 8.819240e-01 0.000000e+00 4.713916e-01
    outer loop
      vertex   -1.297980e+02 1.525020e+02 8.668307e+02
      vertex   -1.295079e+02 1.260500e+02 8.662879e+02
      vertex   -1.295079e+02 1.525020e+02 8.662879e+02
    endloop
  endfacet
  facet normal 8.081796e-01 0.000000e+00 5.889361e-01
    outer loop
      vertex   -1.298969e+02 1.525020e+02 8.669664e+02
      vertex   -1.298969e+02 1.260500e+02 8.669664e+02
      vertex   -1.298769e+02 1.523022e+02 8.669390e+02
    endloop
  endfacet
  facet normal 8.081796e-01 2.582627e-15 5.889361e-01
    outer loop
      vertex   -1.298769e+02 1.523022e+02 8.669390e+02
      vertex   -1.298969e+02 1.260500e+02 8.669664e+02
      vertex   -1.297980e+02 1.260500e+02 8.668307e+02
    endloop
  endfacet
  facet normal 8.081796e-01 4.029889e-15 5.889361e-01
    outer loop
      vertex   -1.298769e+02 1.523022e+02 8.669390e+02
      vertex   -1.297980e+02 1.260500e+02 8.668307e+02
      vertex   -1.298062e+02 1.523022e+02 8.668420e+02
    endloop
  endfacet
  facet normal 8.081796e-01 0.000000e+00 5.889361e-01
    outer loop
      vertex   -1.298062e+02 1.523022e+02 8.668420e+02
      vertex   -1.297980e+02 1.260500e+02 8.668307e+02
      vertex   -1.297980e+02 1.525020e+02 8.668307e+02
    endloop
  endfacet
  facet normal 8.081796e-01 4.803367e-14 5.889361e-01
    outer loop
      vertex   -1.298062e+02 1.523022e+02 8.668420e+02
      vertex   -1.297980e+02 1.525020e+02 8.668307e+02
      vertex   -1.298066e+02 1.525020e+02 8.668424e+02
    endloop
  endfacet
  facet normal 8.081796e-01 1.456076e-14 5.889361e-01
    outer loop
      vertex   -1.298769e+02 1.523022e+02 8.669390e+02
      vertex   -1.298761e+02 1.525020e+02 8.669379e+02
      vertex   -1.298969e+02 1.525020e+02 8.669664e+02
    endloop
  endfacet
  facet normal 7.730125e-01 -0.000000e+00 6.343908e-01
    outer loop
      vertex   -1.302874e+02 1.260500e+02 8.674422e+02
      vertex   -1.298969e+02 1.260500e+02 8.669664e+02
      vertex   -1.302874e+02 1.525020e+02 8.674422e+02
    endloop
  endfacet
  facet normal 7.730125e-01 0.000000e+00 6.343908e-01
    outer loop
      vertex   -1.302874e+02 1.525020e+02 8.674422e+02
      vertex   -1.298969e+02 1.260500e+02 8.669664e+02
      vertex   -1.298969e+02 1.525020e+02 8.669664e+02
    endloop
  endfacet
  facet normal 6.783896e-01 0.000000e+00 7.347024e-01
    outer loop
      vertex   -1.304107e+02 1.525020e+02 8.675561e+02
      vertex   -1.304107e+02 1.260500e+02 8.675561e+02
      vertex   -1.303860e+02 1.523022e+02 8.675333e+02
    endloop
  endfacet
  facet normal 6.783896e-01 -2.254922e-15 7.347024e-01
    outer loop
      vertex   -1.303860e+02 1.523022e+02 8.675333e+02
      vertex   -1.304107e+02 1.260500e+02 8.675561e+02
      vertex   -1.302874e+02 1.260500e+02 8.674422e+02
    endloop
  endfacet
  facet normal 6.783896e-01 7.813865e-17 7.347024e-01
    outer loop
      vertex   -1.303860e+02 1.523022e+02 8.675333e+02
      vertex   -1.302874e+02 1.260500e+02 8.674422e+02
      vertex   -1.302978e+02 1.523022e+02 8.674518e+02
    endloop
  endfacet
  facet normal 6.783896e-01 0.000000e+00 7.347024e-01
    outer loop
      vertex   -1.302978e+02 1.523022e+02 8.674518e+02
      vertex   -1.302874e+02 1.260500e+02 8.674422e+02
      vertex   -1.302874e+02 1.525020e+02 8.674422e+02
    endloop
  endfacet
  facet normal 6.783896e-01 -3.740663e-13 7.347024e-01
    outer loop
      vertex   -1.302978e+02 1.523022e+02 8.674518e+02
      vertex   -1.302874e+02 1.525020e+02 8.674422e+02
      vertex   -1.302982e+02 1.525020e+02 8.674522e+02
    endloop
  endfacet
  facet normal 6.783896e-01 -2.390424e-13 7.347024e-01
    outer loop
      vertex   -1.303860e+02 1.523022e+02 8.675333e+02
      vertex   -1.303850e+02 1.525020e+02 8.675323e+02
      vertex   -1.304107e+02 1.525020e+02 8.675561e+02
    endloop
  endfacet
  facet normal 6.343967e-01 -0.000000e+00 7.730076e-01
    outer loop
      vertex   -1.308865e+02 1.260500e+02 8.679466e+02
      vertex   -1.304107e+02 1.260500e+02 8.675561e+02
      vertex   -1.308865e+02 1.525020e+02 8.679466e+02
    endloop
  endfacet
  facet normal 6.343967e-01 0.000000e+00 7.730076e-01
    outer loop
      vertex   -1.308865e+02 1.525020e+02 8.679466e+02
      vertex   -1.304107e+02 1.260500e+02 8.675561e+02
      vertex   -1.304107e+02 1.525020e+02 8.675561e+02
    endloop
  endfacet
  facet normal 5.227936e-01 0.000000e+00 8.524593e-01
    outer loop
      vertex   -1.310296e+02 1.525020e+02 8.680343e+02
      vertex   -1.310296e+02 1.260500e+02 8.680343e+02
      vertex   -1.310011e+02 1.523022e+02 8.680168e+02
    endloop
  endfacet
  facet normal 5.227936e-01 -4.895414e-16 8.524593e-01
    outer loop
      vertex   -1.310011e+02 1.523022e+02 8.680168e+02
      vertex   -1.310296e+02 1.260500e+02 8.680343e+02
      vertex   -1.308865e+02 1.260500e+02 8.679466e+02
    endloop
  endfacet
  facet normal 5.227936e-01 -7.063147e-16 8.524593e-01
    outer loop
      vertex   -1.310011e+02 1.523022e+02 8.680168e+02
      vertex   -1.308865e+02 1.260500e+02 8.679466e+02
      vertex   -1.308988e+02 1.523022e+02 8.679541e+02
    endloop
  endfacet
  facet normal 5.227936e-01 0.000000e+00 8.524593e-01
    outer loop
      vertex   -1.308988e+02 1.523022e+02 8.679541e+02
      vertex   -1.308865e+02 1.260500e+02 8.679466e+02
      vertex   -1.308865e+02 1.525020e+02 8.679466e+02
    endloop
  endfacet
  facet normal 5.227936e-01 -4.060185e-13 8.524593e-01
    outer loop
      vertex   -1.308988e+02 1.523022e+02 8.679541e+02
      vertex   -1.308865e+02 1.525020e+02 8.679466e+02
      vertex   -1.308993e+02 1.525020e+02 8.679544e+02
    endloop
  endfacet
  facet normal 5.227936e-01 -6.105537e-14 8.524593e-01
    outer loop
      vertex   -1.310011e+02 1.523022e+02 8.680168e+02
      vertex   -1.309999e+02 1.525020e+02 8.680161e+02
      vertex   -1.310296e+02 1.525020e+02 8.680343e+02
    endloop
  endfacet
  facet normal 4.713960e-01 -0.000000e+00 8.819216e-01
    outer loop
      vertex   -1.315724e+02 1.260500e+02 8.683244e+02
      vertex   -1.310296e+02 1.260500e+02 8.680343e+02
      vertex   -1.315724e+02 1.525020e+02 8.683244e+02
    endloop
  endfacet
  facet normal 4.713960e-01 0.000000e+00 8.819216e-01
    outer loop
      vertex   -1.315724e+02 1.525020e+02 8.683244e+02
      vertex   -1.310296e+02 1.260500e+02 8.680343e+02
      vertex   -1.310296e+02 1.525020e+02 8.680343e+02
    endloop
  endfacet
  facet normal 3.475029e-01 0.000000e+00 9.376789e-01
    outer loop
      vertex   -1.317296e+02 1.525020e+02 8.683827e+02
      vertex   -1.317296e+02 1.260500e+02 8.683827e+02
      vertex   -1.316985e+02 1.523022e+02 8.683712e+02
    endloop
  endfacet
  facet normal 3.475029e-01 -1.915467e-15 9.376789e-01
    outer loop
      vertex   -1.316985e+02 1.523022e+02 8.683712e+02
      vertex   -1.317296e+02 1.260500e+02 8.683827e+02
      vertex   -1.315724e+02 1.260500e+02 8.683244e+02
    endloop
  endfacet
  facet normal 3.475029e-01 4.269026e-15 9.376789e-01
    outer loop
      vertex   -1.316985e+02 1.523022e+02 8.683712e+02
      vertex   -1.315724e+02 1.260500e+02 8.683244e+02
      vertex   -1.315861e+02 1.523022e+02 8.683295e+02
    endloop
  endfacet
  facet normal 3.475029e-01 0.000000e+00 9.376789e-01
    outer loop
      vertex   -1.315861e+02 1.523022e+02 8.683295e+02
      vertex   -1.315724e+02 1.260500e+02 8.683244e+02
      vertex   -1.315724e+02 1.525020e+02 8.683244e+02
    endloop
  endfacet
  facet normal 3.475029e-01 -5.375361e-13 9.376789e-01
    outer loop
      vertex   -1.315861e+02 1.523022e+02 8.683295e+02
      vertex   -1.315724e+02 1.525020e+02 8.683244e+02
      vertex   -1.315866e+02 1.525020e+02 8.683297e+02
    endloop
  endfacet
  facet normal 3.475029e-01 -2.064680e-13 9.376789e-01
    outer loop
      vertex   -1.316985e+02 1.523022e+02 8.683712e+02
      vertex   -1.316972e+02 1.525020e+02 8.683707e+02
      vertex   -1.317296e+02 1.525020e+02 8.683827e+02
    endloop
  endfacet
  facet normal 2.902633e-01 -0.000000e+00 9.569468e-01
    outer loop
      vertex   -1.323184e+02 1.260500e+02 8.685613e+02
      vertex   -1.317296e+02 1.260500e+02 8.683827e+02
      vertex   -1.323184e+02 1.525020e+02 8.685613e+02
    endloop
  endfacet
  facet normal 2.902633e-01 0.000000e+00 9.569468e-01
    outer loop
      vertex   -1.323184e+02 1.525020e+02 8.685613e+02
      vertex   -1.317296e+02 1.260500e+02 8.683827e+02
      vertex   -1.317296e+02 1.525020e+02 8.683827e+02
    endloop
  endfacet
  facet normal 1.593375e-01 0.000000e+00 9.872242e-01
    outer loop
      vertex   -1.324839e+02 1.525020e+02 8.685880e+02
      vertex   -1.324839e+02 1.260500e+02 8.685880e+02
      vertex   -1.324513e+02 1.523022e+02 8.685827e+02
    endloop
  endfacet
  facet normal 1.593375e-01 2.787680e-16 9.872242e-01
    outer loop
      vertex   -1.324513e+02 1.523022e+02 8.685827e+02
      vertex   -1.324839e+02 1.260500e+02 8.685880e+02
      vertex   -1.323184e+02 1.260500e+02 8.685613e+02
    endloop
  endfacet
  facet normal 1.593375e-01 -1.827900e-15 9.872242e-01
    outer loop
      vertex   -1.324513e+02 1.523022e+02 8.685827e+02
      vertex   -1.323184e+02 1.260500e+02 8.685613e+02
      vertex   -1.323332e+02 1.523022e+02 8.685637e+02
    endloop
  endfacet
  facet normal 1.593375e-01 0.000000e+00 9.872242e-01
    outer loop
      vertex   -1.323332e+02 1.523022e+02 8.685637e+02
      vertex   -1.323184e+02 1.260500e+02 8.685613e+02
      vertex   -1.323184e+02 1.525020e+02 8.685613e+02
    endloop
  endfacet
  facet normal 1.593375e-01 2.247591e-14 9.872242e-01
    outer loop
      vertex   -1.323332e+02 1.523022e+02 8.685637e+02
      vertex   -1.323184e+02 1.525020e+02 8.685613e+02
      vertex   -1.323338e+02 1.525020e+02 8.685638e+02
    endloop
  endfacet
  facet normal 1.593375e-01 -7.402666e-14 9.872242e-01
    outer loop
      vertex   -1.324513e+02 1.523022e+02 8.685827e+02
      vertex   -1.324500e+02 1.525020e+02 8.685825e+02
      vertex   -1.324839e+02 1.525020e+02 8.685880e+02
    endloop
  endfacet
  facet normal 9.802729e-02 -0.000000e+00 9.951837e-01
    outer loop
      vertex   -1.330960e+02 1.260500e+02 8.686483e+02
      vertex   -1.324839e+02 1.260500e+02 8.685880e+02
      vertex   -1.330960e+02 1.525020e+02 8.686483e+02
    endloop
  endfacet
  facet normal 9.802729e-02 0.000000e+00 9.951837e-01
    outer loop
      vertex   -1.330960e+02 1.525020e+02 8.686483e+02
      vertex   -1.324839e+02 1.260500e+02 8.685880e+02
      vertex   -1.324839e+02 1.525020e+02 8.685880e+02
    endloop
  endfacet
  facet normal 0.000000e+00 0.000000e+00 -1.000000e+00
    outer loop
      vertex   -1.666500e+02 1.525020e+02 8.650000e+02
      vertex   -1.329000e+02 1.525020e+02 8.650000e+02
      vertex   -1.666500e+02 9.605000e+01 8.650000e+02
    endloop
  endfacet
  facet normal 0.000000e+00 0.000000e+00 -1.000000e+00
    outer loop
      vertex   -1.666500e+02 9.605000e+01 8.650000e+02
      vertex   -1.329000e+02 1.525020e+02 8.650000e+02
      vertex   -1.329000e+02 9.605000e+01 8.650000e+02
    endloop
  endfacet
  facet normal -1.000000e+00 -0.000000e+00 -0.000000e+00
    outer loop
      vertex   -1.329000e+02 1.525020e+02 8.650000e+02
      vertex   -1.329000e+02 1.525020e+02 7.891500e+02
      vertex   -1.329000e+02 9.605000e+01 8.650000e+02
    endloop
  endfacet
  facet normal -1.000000e+00 0.000000e+00 0.000000e+00
    outer loop
      vertex   -1.329000e+02 9.605000e+01 8.650000e+02
      vertex   -1.329000e+02 1.525020e+02 7.891500e+02
      vertex   -1.329000e+02 9.605000e+01 7.891500e+02
    endloop
  endfacet
  facet normal 0.000000e+00 -0.000000e+00 1.000000e+00
    outer loop
      vertex   -1.329000e+02 9.605000e+01 7.891500e+02
      vertex   -1.329000e+02 1.525020e+02 7.891500e+02
      vertex   -1.666500e+02 9.605000e+01 7.891500e+02
    endloop
  endfacet
  facet normal 0.000000e+00 -0.000000e+00 1.000000e+00
    outer loop
      vertex   -1.666500e+02 9.605000e+01 7.891500e+02
      vertex   -1.329000e+02 1.525020e+02 7.891500e+02
      vertex   -1.666500e+02 1.525020e+02 7.891500e+02
    endloop
  endfacet
endsolid
