solid ASCII
  facet normal -4.954230e-17 -8.715574e-02 9.961947e-01
    outer loop
      vertex   -4.000000e+02 -1.072945e+01 3.218766e+02
      vertex   -4.062500e+02 -1.072945e+01 3.218766e+02
      vertex   -4.000000e+02 -1.103333e+01 3.218500e+02
    endloop
  endfacet
  facet normal 0.000000e+00 -8.715574e-02 9.961947e-01
    outer loop
      vertex   -4.000000e+02 -1.103333e+01 3.218500e+02
      vertex   -4.062500e+02 -1.072945e+01 3.218766e+02
      vertex   -4.062500e+02 -1.103333e+01 3.218500e+02
    endloop
  endfacet
  facet normal 0.000000e+00 8.715574e-02 9.961947e-01
    outer loop
      vertex   -4.000000e+02 -1.103333e+01 3.218500e+02
      vertex   -4.062500e+02 -1.103333e+01 3.218500e+02
      vertex   -4.000000e+02 -1.133722e+01 3.218766e+02
    endloop
  endfacet
  facet normal -7.431346e-17 8.715574e-02 9.961947e-01
    outer loop
      vertex   -4.000000e+02 -1.133722e+01 3.218766e+02
      vertex   -4.062500e+02 -1.103333e+01 3.218500e+02
      vertex   -4.062500e+02 -1.133722e+01 3.218766e+02
    endloop
  endfacet
  facet normal -2.206824e-16 2.588190e-01 9.659258e-01
    outer loop
      vertex   -4.000000e+02 -1.133722e+01 3.218766e+02
      vertex   -4.062500e+02 -1.133722e+01 3.218766e+02
      vertex   -4.000000e+02 -1.163187e+01 3.219555e+02
    endloop
  endfacet
  facet normal -3.678040e-16 2.588190e-01 9.659258e-01
    outer loop
      vertex   -4.000000e+02 -1.163187e+01 3.219555e+02
      vertex   -4.062500e+02 -1.133722e+01 3.218766e+02
      vertex   -4.062500e+02 -1.163187e+01 3.219555e+02
    endloop
  endfacet
  facet normal -6.005767e-16 4.226183e-01 9.063078e-01
    outer loop
      vertex   -4.000000e+02 -1.163187e+01 3.219555e+02
      vertex   -4.062500e+02 -1.163187e+01 3.219555e+02
      vertex   -4.000000e+02 -1.190833e+01 3.220845e+02
    endloop
  endfacet
  facet normal 1.081038e-15 4.226183e-01 9.063078e-01
    outer loop
      vertex   -4.000000e+02 -1.190833e+01 3.220845e+02
      vertex   -4.062500e+02 -1.163187e+01 3.219555e+02
      vertex   -4.062500e+02 -1.190833e+01 3.220845e+02
    endloop
  endfacet
  facet normal 1.467182e-15 5.735764e-01 8.191520e-01
    outer loop
      vertex   -4.000000e+02 -1.190833e+01 3.220845e+02
      vertex   -4.062500e+02 -1.190833e+01 3.220845e+02
      vertex   -4.000000e+02 -1.215821e+01 3.222594e+02
    endloop
  endfacet
  facet normal 4.890607e-16 5.735764e-01 8.191520e-01
    outer loop
      vertex   -4.000000e+02 -1.215821e+01 3.222594e+02
      vertex   -4.062500e+02 -1.190833e+01 3.220845e+02
      vertex   -4.062500e+02 -1.215821e+01 3.222594e+02
    endloop
  endfacet
  facet normal 6.029155e-16 7.071068e-01 7.071068e-01
    outer loop
      vertex   -4.000000e+02 -1.215821e+01 3.222594e+02
      vertex   -4.062500e+02 -1.215821e+01 3.222594e+02
      vertex   -4.000000e+02 -1.237391e+01 3.224751e+02
    endloop
  endfacet
  facet normal -1.205831e-15 7.071068e-01 7.071068e-01
    outer loop
      vertex   -4.000000e+02 -1.237391e+01 3.224751e+02
      vertex   -4.062500e+02 -1.215821e+01 3.222594e+02
      vertex   -4.062500e+02 -1.237391e+01 3.224751e+02
    endloop
  endfacet
  facet normal -1.396902e-15 8.191520e-01 5.735764e-01
    outer loop
      vertex   -4.000000e+02 -1.237391e+01 3.224751e+02
      vertex   -4.062500e+02 -1.237391e+01 3.224751e+02
      vertex   -4.000000e+02 -1.254888e+01 3.227250e+02
    endloop
  endfacet
  facet normal 0.000000e+00 8.191520e-01 5.735764e-01
    outer loop
      vertex   -4.000000e+02 -1.254888e+01 3.227250e+02
      vertex   -4.062500e+02 -1.237391e+01 3.224751e+02
      vertex   -4.062500e+02 -1.254888e+01 3.227250e+02
    endloop
  endfacet
  facet normal 0.000000e+00 9.063078e-01 4.226183e-01
    outer loop
      vertex   -4.000000e+02 -1.254888e+01 3.227250e+02
      vertex   -4.062500e+02 -1.254888e+01 3.227250e+02
      vertex   -4.000000e+02 -1.267780e+01 3.230015e+02
    endloop
  endfacet
  facet normal 0.000000e+00 9.063078e-01 4.226183e-01
    outer loop
      vertex   -4.000000e+02 -1.267780e+01 3.230015e+02
      vertex   -4.062500e+02 -1.254888e+01 3.227250e+02
      vertex   -4.062500e+02 -1.267780e+01 3.230015e+02
    endloop
  endfacet
  facet normal 0.000000e+00 9.659258e-01 2.588190e-01
    outer loop
      vertex   -4.000000e+02 -1.267780e+01 3.230015e+02
      vertex   -4.062500e+02 -1.267780e+01 3.230015e+02
      vertex   -4.000000e+02 -1.275675e+01 3.232961e+02
    endloop
  endfacet
  facet normal 1.098131e-15 9.659258e-01 2.588190e-01
    outer loop
      vertex   -4.000000e+02 -1.275675e+01 3.232961e+02
      vertex   -4.062500e+02 -1.267780e+01 3.230015e+02
      vertex   -4.062500e+02 -1.275675e+01 3.232961e+02
    endloop
  endfacet
  facet normal 1.132542e-15 9.961947e-01 8.715574e-02
    outer loop
      vertex   -4.000000e+02 -1.275675e+01 3.232961e+02
      vertex   -4.062500e+02 -1.275675e+01 3.232961e+02
      vertex   -4.000000e+02 -1.278333e+01 3.236000e+02
    endloop
  endfacet
  facet normal 0.000000e+00 9.961947e-01 8.715574e-02
    outer loop
      vertex   -4.000000e+02 -1.278333e+01 3.236000e+02
      vertex   -4.062500e+02 -1.275675e+01 3.232961e+02
      vertex   -4.062500e+02 -1.278333e+01 3.236000e+02
    endloop
  endfacet
  facet normal 0.000000e+00 9.961947e-01 -8.715574e-02
    outer loop
      vertex   -4.000000e+02 -1.278333e+01 3.236000e+02
      vertex   -4.062500e+02 -1.278333e+01 3.236000e+02
      vertex   -4.000000e+02 -1.275675e+01 3.239039e+02
    endloop
  endfacet
  facet normal 1.132542e-15 9.961947e-01 -8.715574e-02
    outer loop
      vertex   -4.000000e+02 -1.275675e+01 3.239039e+02
      vertex   -4.062500e+02 -1.278333e+01 3.236000e+02
      vertex   -4.062500e+02 -1.275675e+01 3.239039e+02
    endloop
  endfacet
  facet normal 1.098131e-15 9.659258e-01 -2.588190e-01
    outer loop
      vertex   -4.000000e+02 -1.275675e+01 3.239039e+02
      vertex   -4.062500e+02 -1.275675e+01 3.239039e+02
      vertex   -4.000000e+02 -1.267780e+01 3.241985e+02
    endloop
  endfacet
  facet normal 0.000000e+00 9.659258e-01 -2.588190e-01
    outer loop
      vertex   -4.000000e+02 -1.267780e+01 3.241985e+02
      vertex   -4.062500e+02 -1.275675e+01 3.239039e+02
      vertex   -4.062500e+02 -1.267780e+01 3.241985e+02
    endloop
  endfacet
  facet normal 0.000000e+00 9.063078e-01 -4.226183e-01
    outer loop
      vertex   -4.000000e+02 -1.267780e+01 3.241985e+02
      vertex   -4.062500e+02 -1.267780e+01 3.241985e+02
      vertex   -4.000000e+02 -1.254888e+01 3.244750e+02
    endloop
  endfacet
  facet normal 0.000000e+00 9.063078e-01 -4.226183e-01
    outer loop
      vertex   -4.000000e+02 -1.254888e+01 3.244750e+02
      vertex   -4.062500e+02 -1.267780e+01 3.241985e+02
      vertex   -4.062500e+02 -1.254888e+01 3.244750e+02
    endloop
  endfacet
  facet normal 0.000000e+00 8.191520e-01 -5.735764e-01
    outer loop
      vertex   -4.000000e+02 -1.254888e+01 3.244750e+02
      vertex   -4.062500e+02 -1.254888e+01 3.244750e+02
      vertex   -4.000000e+02 -1.237391e+01 3.247249e+02
    endloop
  endfacet
  facet normal -1.396902e-15 8.191520e-01 -5.735764e-01
    outer loop
      vertex   -4.000000e+02 -1.237391e+01 3.247249e+02
      vertex   -4.062500e+02 -1.254888e+01 3.244750e+02
      vertex   -4.062500e+02 -1.237391e+01 3.247249e+02
    endloop
  endfacet
  facet normal -1.205831e-15 7.071068e-01 -7.071068e-01
    outer loop
      vertex   -4.000000e+02 -1.237391e+01 3.247249e+02
      vertex   -4.062500e+02 -1.237391e+01 3.247249e+02
      vertex   -4.000000e+02 -1.215821e+01 3.249406e+02
    endloop
  endfacet
  facet normal 6.029155e-16 7.071068e-01 -7.071068e-01
    outer loop
      vertex   -4.000000e+02 -1.215821e+01 3.249406e+02
      vertex   -4.062500e+02 -1.237391e+01 3.247249e+02
      vertex   -4.062500e+02 -1.215821e+01 3.249406e+02
    endloop
  endfacet
  facet normal 4.890607e-16 5.735764e-01 -8.191520e-01
    outer loop
      vertex   -4.000000e+02 -1.215821e+01 3.249406e+02
      vertex   -4.062500e+02 -1.215821e+01 3.249406e+02
      vertex   -4.000000e+02 -1.190833e+01 3.251155e+02
    endloop
  endfacet
  facet normal 1.467182e-15 5.735764e-01 -8.191520e-01
    outer loop
      vertex   -4.000000e+02 -1.190833e+01 3.251155e+02
      vertex   -4.062500e+02 -1.215821e+01 3.249406e+02
      vertex   -4.062500e+02 -1.190833e+01 3.251155e+02
    endloop
  endfacet
  facet normal 1.081038e-15 4.226183e-01 -9.063078e-01
    outer loop
      vertex   -4.000000e+02 -1.190833e+01 3.251155e+02
      vertex   -4.062500e+02 -1.190833e+01 3.251155e+02
      vertex   -4.000000e+02 -1.163187e+01 3.252445e+02
    endloop
  endfacet
  facet normal -6.005767e-16 4.226183e-01 -9.063078e-01
    outer loop
      vertex   -4.000000e+02 -1.163187e+01 3.252445e+02
      vertex   -4.062500e+02 -1.190833e+01 3.251155e+02
      vertex   -4.062500e+02 -1.163187e+01 3.252445e+02
    endloop
  endfacet
  facet normal -3.678040e-16 2.588190e-01 -9.659258e-01
    outer loop
      vertex   -4.000000e+02 -1.163187e+01 3.252445e+02
      vertex   -4.062500e+02 -1.163187e+01 3.252445e+02
      vertex   -4.000000e+02 -1.133722e+01 3.253234e+02
    endloop
  endfacet
  facet normal -7.356080e-17 2.588190e-01 -9.659258e-01
    outer loop
      vertex   -4.000000e+02 -1.133722e+01 3.253234e+02
      vertex   -4.062500e+02 -1.163187e+01 3.252445e+02
      vertex   -4.062500e+02 -1.133722e+01 3.253234e+02
    endloop
  endfacet
  facet normal -2.477115e-17 8.715574e-02 -9.961947e-01
    outer loop
      vertex   -4.000000e+02 -1.133722e+01 3.253234e+02
      vertex   -4.062500e+02 -1.133722e+01 3.253234e+02
      vertex   -4.000000e+02 -1.103333e+01 3.253500e+02
    endloop
  endfacet
  facet normal 0.000000e+00 8.715574e-02 -9.961947e-01
    outer loop
      vertex   -4.000000e+02 -1.103333e+01 3.253500e+02
      vertex   -4.062500e+02 -1.133722e+01 3.253234e+02
      vertex   -4.062500e+02 -1.103333e+01 3.253500e+02
    endloop
  endfacet
  facet normal -0.000000e+00 -8.715574e-02 -9.961947e-01
    outer loop
      vertex   -4.000000e+02 -1.103333e+01 3.253500e+02
      vertex   -4.062500e+02 -1.103333e+01 3.253500e+02
      vertex   -4.000000e+02 -1.072945e+01 3.253234e+02
    endloop
  endfacet
  facet normal -7.431346e-17 -8.715574e-02 -9.961947e-01
    outer loop
      vertex   -4.000000e+02 -1.072945e+01 3.253234e+02
      vertex   -4.062500e+02 -1.103333e+01 3.253500e+02
      vertex   -4.062500e+02 -1.072945e+01 3.253234e+02
    endloop
  endfacet
  facet normal -2.206824e-16 -2.588190e-01 -9.659258e-01
    outer loop
      vertex   -4.000000e+02 -1.072945e+01 3.253234e+02
      vertex   -4.062500e+02 -1.072945e+01 3.253234e+02
      vertex   -4.000000e+02 -1.043480e+01 3.252445e+02
    endloop
  endfacet
  facet normal -3.678040e-16 -2.588190e-01 -9.659258e-01
    outer loop
      vertex   -4.000000e+02 -1.043480e+01 3.252445e+02
      vertex   -4.062500e+02 -1.072945e+01 3.253234e+02
      vertex   -4.062500e+02 -1.043480e+01 3.252445e+02
    endloop
  endfacet
  facet normal -6.005767e-16 -4.226183e-01 -9.063078e-01
    outer loop
      vertex   -4.000000e+02 -1.043480e+01 3.252445e+02
      vertex   -4.062500e+02 -1.043480e+01 3.252445e+02
      vertex   -4.000000e+02 -1.015833e+01 3.251155e+02
    endloop
  endfacet
  facet normal 1.081038e-15 -4.226183e-01 -9.063078e-01
    outer loop
      vertex   -4.000000e+02 -1.015833e+01 3.251155e+02
      vertex   -4.062500e+02 -1.043480e+01 3.252445e+02
      vertex   -4.062500e+02 -1.015833e+01 3.251155e+02
    endloop
  endfacet
  facet normal 1.467182e-15 -5.735764e-01 -8.191520e-01
    outer loop
      vertex   -4.000000e+02 -1.015833e+01 3.251155e+02
      vertex   -4.062500e+02 -1.015833e+01 3.251155e+02
      vertex   -4.000000e+02 -9.908455e+00 3.249406e+02
    endloop
  endfacet
  facet normal 4.890607e-16 -5.735764e-01 -8.191520e-01
    outer loop
      vertex   -4.000000e+02 -9.908455e+00 3.249406e+02
      vertex   -4.062500e+02 -1.015833e+01 3.251155e+02
      vertex   -4.062500e+02 -9.908455e+00 3.249406e+02
    endloop
  endfacet
  facet normal 6.029155e-16 -7.071068e-01 -7.071068e-01
    outer loop
      vertex   -4.000000e+02 -9.908455e+00 3.249406e+02
      vertex   -4.062500e+02 -9.908455e+00 3.249406e+02
      vertex   -4.000000e+02 -9.692756e+00 3.247249e+02
    endloop
  endfacet
  facet normal -8.038873e-16 -7.071068e-01 -7.071068e-01
    outer loop
      vertex   -4.000000e+02 -9.692756e+00 3.247249e+02
      vertex   -4.062500e+02 -9.908455e+00 3.249406e+02
      vertex   -4.062500e+02 -9.692756e+00 3.247249e+02
    endloop
  endfacet
  facet normal -9.312681e-16 -8.191520e-01 -5.735764e-01
    outer loop
      vertex   -4.000000e+02 -9.692756e+00 3.247249e+02
      vertex   -4.062500e+02 -9.692756e+00 3.247249e+02
      vertex   -4.000000e+02 -9.517789e+00 3.244750e+02
    endloop
  endfacet
  facet normal -0.000000e+00 -8.191520e-01 -5.735764e-01
    outer loop
      vertex   -4.000000e+02 -9.517789e+00 3.244750e+02
      vertex   -4.062500e+02 -9.692756e+00 3.247249e+02
      vertex   -4.062500e+02 -9.517789e+00 3.244750e+02
    endloop
  endfacet
  facet normal -0.000000e+00 -9.063078e-01 -4.226183e-01
    outer loop
      vertex   -4.000000e+02 -9.517789e+00 3.244750e+02
      vertex   -4.062500e+02 -9.517789e+00 3.244750e+02
      vertex   -4.000000e+02 -9.388871e+00 3.241985e+02
    endloop
  endfacet
  facet normal -2.575882e-16 -9.063078e-01 -4.226183e-01
    outer loop
      vertex   -4.000000e+02 -9.388871e+00 3.241985e+02
      vertex   -4.062500e+02 -9.517789e+00 3.244750e+02
      vertex   -4.062500e+02 -9.388871e+00 3.241985e+02
    endloop
  endfacet
  facet normal -2.745326e-16 -9.659258e-01 -2.588190e-01
    outer loop
      vertex   -4.000000e+02 -9.388871e+00 3.241985e+02
      vertex   -4.062500e+02 -9.388871e+00 3.241985e+02
      vertex   -4.000000e+02 -9.309920e+00 3.239039e+02
    endloop
  endfacet
  facet normal 8.235979e-16 -9.659258e-01 -2.588190e-01
    outer loop
      vertex   -4.000000e+02 -9.309920e+00 3.239039e+02
      vertex   -4.062500e+02 -9.388871e+00 3.241985e+02
      vertex   -4.062500e+02 -9.309920e+00 3.239039e+02
    endloop
  endfacet
  facet normal 8.494067e-16 -9.961947e-01 -8.715574e-02
    outer loop
      vertex   -4.000000e+02 -9.309920e+00 3.239039e+02
      vertex   -4.062500e+02 -9.309920e+00 3.239039e+02
      vertex   -4.000000e+02 -9.283333e+00 3.236000e+02
    endloop
  endfacet
  facet normal -0.000000e+00 -9.961947e-01 -8.715574e-02
    outer loop
      vertex   -4.000000e+02 -9.283333e+00 3.236000e+02
      vertex   -4.062500e+02 -9.309920e+00 3.239039e+02
      vertex   -4.062500e+02 -9.283333e+00 3.236000e+02
    endloop
  endfacet
  facet normal 0.000000e+00 -9.961947e-01 8.715574e-02
    outer loop
      vertex   -4.000000e+02 -9.283333e+00 3.236000e+02
      vertex   -4.062500e+02 -9.283333e+00 3.236000e+02
      vertex   -4.000000e+02 -9.309920e+00 3.232961e+02
    endloop
  endfacet
  facet normal 8.494067e-16 -9.961947e-01 8.715574e-02
    outer loop
      vertex   -4.000000e+02 -9.309920e+00 3.232961e+02
      vertex   -4.062500e+02 -9.283333e+00 3.236000e+02
      vertex   -4.062500e+02 -9.309920e+00 3.232961e+02
    endloop
  endfacet
  facet normal 8.235979e-16 -9.659258e-01 2.588190e-01
    outer loop
      vertex   -4.000000e+02 -9.309920e+00 3.232961e+02
      vertex   -4.062500e+02 -9.309920e+00 3.232961e+02
      vertex   -4.000000e+02 -9.388871e+00 3.230015e+02
    endloop
  endfacet
  facet normal 0.000000e+00 -9.659258e-01 2.588190e-01
    outer loop
      vertex   -4.000000e+02 -9.388871e+00 3.230015e+02
      vertex   -4.062500e+02 -9.309920e+00 3.232961e+02
      vertex   -4.062500e+02 -9.388871e+00 3.230015e+02
    endloop
  endfacet
  facet normal 0.000000e+00 -9.063078e-01 4.226183e-01
    outer loop
      vertex   -4.000000e+02 -9.388871e+00 3.230015e+02
      vertex   -4.062500e+02 -9.388871e+00 3.230015e+02
      vertex   -4.000000e+02 -9.517789e+00 3.227250e+02
    endloop
  endfacet
  facet normal 0.000000e+00 -9.063078e-01 4.226183e-01
    outer loop
      vertex   -4.000000e+02 -9.517789e+00 3.227250e+02
      vertex   -4.062500e+02 -9.388871e+00 3.230015e+02
      vertex   -4.062500e+02 -9.517789e+00 3.227250e+02
    endloop
  endfacet
  facet normal 0.000000e+00 -8.191520e-01 5.735764e-01
    outer loop
      vertex   -4.000000e+02 -9.517789e+00 3.227250e+02
      vertex   -4.062500e+02 -9.517789e+00 3.227250e+02
      vertex   -4.000000e+02 -9.692756e+00 3.224751e+02
    endloop
  endfacet
  facet normal -9.312681e-16 -8.191520e-01 5.735764e-01
    outer loop
      vertex   -4.000000e+02 -9.692756e+00 3.224751e+02
      vertex   -4.062500e+02 -9.517789e+00 3.227250e+02
      vertex   -4.062500e+02 -9.692756e+00 3.224751e+02
    endloop
  endfacet
  facet normal -8.038873e-16 -7.071068e-01 7.071068e-01
    outer loop
      vertex   -4.000000e+02 -9.692756e+00 3.224751e+02
      vertex   -4.062500e+02 -9.692756e+00 3.224751e+02
      vertex   -4.000000e+02 -9.908455e+00 3.222594e+02
    endloop
  endfacet
  facet normal 4.019437e-16 -7.071068e-01 7.071068e-01
    outer loop
      vertex   -4.000000e+02 -9.908455e+00 3.222594e+02
      vertex   -4.062500e+02 -9.692756e+00 3.224751e+02
      vertex   -4.062500e+02 -9.908455e+00 3.222594e+02
    endloop
  endfacet
  facet normal 3.260405e-16 -5.735764e-01 8.191520e-01
    outer loop
      vertex   -4.000000e+02 -9.908455e+00 3.222594e+02
      vertex   -4.062500e+02 -9.908455e+00 3.222594e+02
      vertex   -4.000000e+02 -1.015833e+01 3.220845e+02
    endloop
  endfacet
  facet normal 1.467182e-15 -5.735764e-01 8.191520e-01
    outer loop
      vertex   -4.000000e+02 -1.015833e+01 3.220845e+02
      vertex   -4.062500e+02 -9.908455e+00 3.222594e+02
      vertex   -4.062500e+02 -1.015833e+01 3.220845e+02
    endloop
  endfacet
  facet normal 1.081038e-15 -4.226183e-01 9.063078e-01
    outer loop
      vertex   -4.000000e+02 -1.015833e+01 3.220845e+02
      vertex   -4.062500e+02 -1.015833e+01 3.220845e+02
      vertex   -4.000000e+02 -1.043480e+01 3.219555e+02
    endloop
  endfacet
  facet normal -6.005767e-16 -4.226183e-01 9.063078e-01
    outer loop
      vertex   -4.000000e+02 -1.043480e+01 3.219555e+02
      vertex   -4.062500e+02 -1.015833e+01 3.220845e+02
      vertex   -4.062500e+02 -1.043480e+01 3.219555e+02
    endloop
  endfacet
  facet normal -3.678040e-16 -2.588190e-01 9.659258e-01
    outer loop
      vertex   -4.000000e+02 -1.043480e+01 3.219555e+02
      vertex   -4.062500e+02 -1.043480e+01 3.219555e+02
      vertex   -4.000000e+02 -1.072945e+01 3.218766e+02
    endloop
  endfacet
  facet normal -1.471216e-16 -2.588190e-01 9.659258e-01
    outer loop
      vertex   -4.000000e+02 -1.072945e+01 3.218766e+02
      vertex   -4.062500e+02 -1.043480e+01 3.219555e+02
      vertex   -4.062500e+02 -1.072945e+01 3.218766e+02
    endloop
  endfacet
  facet normal 7.431346e-17 8.715574e-02 9.961947e-01
    outer loop
      vertex   -4.500000e+02 -1.133722e+01 3.218766e+02
      vertex   -4.437500e+02 -1.133722e+01 3.218766e+02
      vertex   -4.500000e+02 -1.103333e+01 3.218500e+02
    endloop
  endfacet
  facet normal -0.000000e+00 8.715574e-02 9.961947e-01
    outer loop
      vertex   -4.500000e+02 -1.103333e+01 3.218500e+02
      vertex   -4.437500e+02 -1.133722e+01 3.218766e+02
      vertex   -4.437500e+02 -1.103333e+01 3.218500e+02
    endloop
  endfacet
  facet normal 0.000000e+00 -8.715574e-02 9.961947e-01
    outer loop
      vertex   -4.500000e+02 -1.103333e+01 3.218500e+02
      vertex   -4.437500e+02 -1.103333e+01 3.218500e+02
      vertex   -4.500000e+02 -1.072945e+01 3.218766e+02
    endloop
  endfacet
  facet normal 4.954230e-17 -8.715574e-02 9.961947e-01
    outer loop
      vertex   -4.500000e+02 -1.072945e+01 3.218766e+02
      vertex   -4.437500e+02 -1.103333e+01 3.218500e+02
      vertex   -4.437500e+02 -1.072945e+01 3.218766e+02
    endloop
  endfacet
  facet normal 1.471216e-16 -2.588190e-01 9.659258e-01
    outer loop
      vertex   -4.500000e+02 -1.072945e+01 3.218766e+02
      vertex   -4.437500e+02 -1.072945e+01 3.218766e+02
      vertex   -4.500000e+02 -1.043480e+01 3.219555e+02
    endloop
  endfacet
  facet normal 3.678040e-16 -2.588190e-01 9.659258e-01
    outer loop
      vertex   -4.500000e+02 -1.043480e+01 3.219555e+02
      vertex   -4.437500e+02 -1.072945e+01 3.218766e+02
      vertex   -4.437500e+02 -1.043480e+01 3.219555e+02
    endloop
  endfacet
  facet normal 6.005767e-16 -4.226183e-01 9.063078e-01
    outer loop
      vertex   -4.500000e+02 -1.043480e+01 3.219555e+02
      vertex   -4.437500e+02 -1.043480e+01 3.219555e+02
      vertex   -4.500000e+02 -1.015833e+01 3.220845e+02
    endloop
  endfacet
  facet normal -1.081038e-15 -4.226183e-01 9.063078e-01
    outer loop
      vertex   -4.500000e+02 -1.015833e+01 3.220845e+02
      vertex   -4.437500e+02 -1.043480e+01 3.219555e+02
      vertex   -4.437500e+02 -1.015833e+01 3.220845e+02
    endloop
  endfacet
  facet normal -1.467182e-15 -5.735764e-01 8.191520e-01
    outer loop
      vertex   -4.500000e+02 -1.015833e+01 3.220845e+02
      vertex   -4.437500e+02 -1.015833e+01 3.220845e+02
      vertex   -4.500000e+02 -9.908455e+00 3.222594e+02
    endloop
  endfacet
  facet normal -3.260405e-16 -5.735764e-01 8.191520e-01
    outer loop
      vertex   -4.500000e+02 -9.908455e+00 3.222594e+02
      vertex   -4.437500e+02 -1.015833e+01 3.220845e+02
      vertex   -4.437500e+02 -9.908455e+00 3.222594e+02
    endloop
  endfacet
  facet normal -4.019437e-16 -7.071068e-01 7.071068e-01
    outer loop
      vertex   -4.500000e+02 -9.908455e+00 3.222594e+02
      vertex   -4.437500e+02 -9.908455e+00 3.222594e+02
      vertex   -4.500000e+02 -9.692756e+00 3.224751e+02
    endloop
  endfacet
  facet normal 8.038873e-16 -7.071068e-01 7.071068e-01
    outer loop
      vertex   -4.500000e+02 -9.692756e+00 3.224751e+02
      vertex   -4.437500e+02 -9.908455e+00 3.222594e+02
      vertex   -4.437500e+02 -9.692756e+00 3.224751e+02
    endloop
  endfacet
  facet normal 9.312681e-16 -8.191520e-01 5.735764e-01
    outer loop
      vertex   -4.500000e+02 -9.692756e+00 3.224751e+02
      vertex   -4.437500e+02 -9.692756e+00 3.224751e+02
      vertex   -4.500000e+02 -9.517789e+00 3.227250e+02
    endloop
  endfacet
  facet normal 0.000000e+00 -8.191520e-01 5.735764e-01
    outer loop
      vertex   -4.500000e+02 -9.517789e+00 3.227250e+02
      vertex   -4.437500e+02 -9.692756e+00 3.224751e+02
      vertex   -4.437500e+02 -9.517789e+00 3.227250e+02
    endloop
  endfacet
  facet normal 0.000000e+00 -9.063078e-01 4.226183e-01
    outer loop
      vertex   -4.500000e+02 -9.517789e+00 3.227250e+02
      vertex   -4.437500e+02 -9.517789e+00 3.227250e+02
      vertex   -4.500000e+02 -9.388871e+00 3.230015e+02
    endloop
  endfacet
  facet normal 0.000000e+00 -9.063078e-01 4.226183e-01
    outer loop
      vertex   -4.500000e+02 -9.388871e+00 3.230015e+02
      vertex   -4.437500e+02 -9.517789e+00 3.227250e+02
      vertex   -4.437500e+02 -9.388871e+00 3.230015e+02
    endloop
  endfacet
  facet normal 0.000000e+00 -9.659258e-01 2.588190e-01
    outer loop
      vertex   -4.500000e+02 -9.388871e+00 3.230015e+02
      vertex   -4.437500e+02 -9.388871e+00 3.230015e+02
      vertex   -4.500000e+02 -9.309920e+00 3.232961e+02
    endloop
  endfacet
  facet normal -8.235979e-16 -9.659258e-01 2.588190e-01
    outer loop
      vertex   -4.500000e+02 -9.309920e+00 3.232961e+02
      vertex   -4.437500e+02 -9.388871e+00 3.230015e+02
      vertex   -4.437500e+02 -9.309920e+00 3.232961e+02
    endloop
  endfacet
  facet normal -8.494067e-16 -9.961947e-01 8.715574e-02
    outer loop
      vertex   -4.500000e+02 -9.309920e+00 3.232961e+02
      vertex   -4.437500e+02 -9.309920e+00 3.232961e+02
      vertex   -4.500000e+02 -9.283333e+00 3.236000e+02
    endloop
  endfacet
  facet normal 0.000000e+00 -9.961947e-01 8.715574e-02
    outer loop
      vertex   -4.500000e+02 -9.283333e+00 3.236000e+02
      vertex   -4.437500e+02 -9.309920e+00 3.232961e+02
      vertex   -4.437500e+02 -9.283333e+00 3.236000e+02
    endloop
  endfacet
  facet normal 0.000000e+00 -9.961947e-01 -8.715574e-02
    outer loop
      vertex   -4.500000e+02 -9.283333e+00 3.236000e+02
      vertex   -4.437500e+02 -9.283333e+00 3.236000e+02
      vertex   -4.500000e+02 -9.309920e+00 3.239039e+02
    endloop
  endfacet
  facet normal -8.494067e-16 -9.961947e-01 -8.715574e-02
    outer loop
      vertex   -4.500000e+02 -9.309920e+00 3.239039e+02
      vertex   -4.437500e+02 -9.283333e+00 3.236000e+02
      vertex   -4.437500e+02 -9.309920e+00 3.239039e+02
    endloop
  endfacet
  facet normal -8.235979e-16 -9.659258e-01 -2.588190e-01
    outer loop
      vertex   -4.500000e+02 -9.309920e+00 3.239039e+02
      vertex   -4.437500e+02 -9.309920e+00 3.239039e+02
      vertex   -4.500000e+02 -9.388871e+00 3.241985e+02
    endloop
  endfacet
  facet normal 0.000000e+00 -9.659258e-01 -2.588190e-01
    outer loop
      vertex   -4.500000e+02 -9.388871e+00 3.241985e+02
      vertex   -4.437500e+02 -9.309920e+00 3.239039e+02
      vertex   -4.437500e+02 -9.388871e+00 3.241985e+02
    endloop
  endfacet
  facet normal 0.000000e+00 -9.063078e-01 -4.226183e-01
    outer loop
      vertex   -4.500000e+02 -9.388871e+00 3.241985e+02
      vertex   -4.437500e+02 -9.388871e+00 3.241985e+02
      vertex   -4.500000e+02 -9.517789e+00 3.244750e+02
    endloop
  endfacet
  facet normal 0.000000e+00 -9.063078e-01 -4.226183e-01
    outer loop
      vertex   -4.500000e+02 -9.517789e+00 3.244750e+02
      vertex   -4.437500e+02 -9.388871e+00 3.241985e+02
      vertex   -4.437500e+02 -9.517789e+00 3.244750e+02
    endloop
  endfacet
  facet normal 0.000000e+00 -8.191520e-01 -5.735764e-01
    outer loop
      vertex   -4.500000e+02 -9.517789e+00 3.244750e+02
      vertex   -4.437500e+02 -9.517789e+00 3.244750e+02
      vertex   -4.500000e+02 -9.692756e+00 3.247249e+02
    endloop
  endfacet
  facet normal 9.312681e-16 -8.191520e-01 -5.735764e-01
    outer loop
      vertex   -4.500000e+02 -9.692756e+00 3.247249e+02
      vertex   -4.437500e+02 -9.517789e+00 3.244750e+02
      vertex   -4.437500e+02 -9.692756e+00 3.247249e+02
    endloop
  endfacet
  facet normal 8.038873e-16 -7.071068e-01 -7.071068e-01
    outer loop
      vertex   -4.500000e+02 -9.692756e+00 3.247249e+02
      vertex   -4.437500e+02 -9.692756e+00 3.247249e+02
      vertex   -4.500000e+02 -9.908455e+00 3.249406e+02
    endloop
  endfacet
  facet normal -6.029155e-16 -7.071068e-01 -7.071068e-01
    outer loop
      vertex   -4.500000e+02 -9.908455e+00 3.249406e+02
      vertex   -4.437500e+02 -9.692756e+00 3.247249e+02
      vertex   -4.437500e+02 -9.908455e+00 3.249406e+02
    endloop
  endfacet
  facet normal -4.890607e-16 -5.735764e-01 -8.191520e-01
    outer loop
      vertex   -4.500000e+02 -9.908455e+00 3.249406e+02
      vertex   -4.437500e+02 -9.908455e+00 3.249406e+02
      vertex   -4.500000e+02 -1.015833e+01 3.251155e+02
    endloop
  endfacet
  facet normal -1.467182e-15 -5.735764e-01 -8.191520e-01
    outer loop
      vertex   -4.500000e+02 -1.015833e+01 3.251155e+02
      vertex   -4.437500e+02 -9.908455e+00 3.249406e+02
      vertex   -4.437500e+02 -1.015833e+01 3.251155e+02
    endloop
  endfacet
  facet normal -1.081038e-15 -4.226183e-01 -9.063078e-01
    outer loop
      vertex   -4.500000e+02 -1.015833e+01 3.251155e+02
      vertex   -4.437500e+02 -1.015833e+01 3.251155e+02
      vertex   -4.500000e+02 -1.043480e+01 3.252445e+02
    endloop
  endfacet
  facet normal 6.005767e-16 -4.226183e-01 -9.063078e-01
    outer loop
      vertex   -4.500000e+02 -1.043480e+01 3.252445e+02
      vertex   -4.437500e+02 -1.015833e+01 3.251155e+02
      vertex   -4.437500e+02 -1.043480e+01 3.252445e+02
    endloop
  endfacet
  facet normal 3.678040e-16 -2.588190e-01 -9.659258e-01
    outer loop
      vertex   -4.500000e+02 -1.043480e+01 3.252445e+02
      vertex   -4.437500e+02 -1.043480e+01 3.252445e+02
      vertex   -4.500000e+02 -1.072945e+01 3.253234e+02
    endloop
  endfacet
  facet normal 7.356080e-17 -2.588190e-01 -9.659258e-01
    outer loop
      vertex   -4.500000e+02 -1.072945e+01 3.253234e+02
      vertex   -4.437500e+02 -1.043480e+01 3.252445e+02
      vertex   -4.437500e+02 -1.072945e+01 3.253234e+02
    endloop
  endfacet
  facet normal 2.477115e-17 -8.715574e-02 -9.961947e-01
    outer loop
      vertex   -4.500000e+02 -1.072945e+01 3.253234e+02
      vertex   -4.437500e+02 -1.072945e+01 3.253234e+02
      vertex   -4.500000e+02 -1.103333e+01 3.253500e+02
    endloop
  endfacet
  facet normal 0.000000e+00 -8.715574e-02 -9.961947e-01
    outer loop
      vertex   -4.500000e+02 -1.103333e+01 3.253500e+02
      vertex   -4.437500e+02 -1.072945e+01 3.253234e+02
      vertex   -4.437500e+02 -1.103333e+01 3.253500e+02
    endloop
  endfacet
  facet normal 0.000000e+00 8.715574e-02 -9.961947e-01
    outer loop
      vertex   -4.500000e+02 -1.103333e+01 3.253500e+02
      vertex   -4.437500e+02 -1.103333e+01 3.253500e+02
      vertex   -4.500000e+02 -1.133722e+01 3.253234e+02
    endloop
  endfacet
  facet normal 4.954230e-17 8.715574e-02 -9.961947e-01
    outer loop
      vertex   -4.500000e+02 -1.133722e+01 3.253234e+02
      vertex   -4.437500e+02 -1.103333e+01 3.253500e+02
      vertex   -4.437500e+02 -1.133722e+01 3.253234e+02
    endloop
  endfacet
  facet normal 1.471216e-16 2.588190e-01 -9.659258e-01
    outer loop
      vertex   -4.500000e+02 -1.133722e+01 3.253234e+02
      vertex   -4.437500e+02 -1.133722e+01 3.253234e+02
      vertex   -4.500000e+02 -1.163187e+01 3.252445e+02
    endloop
  endfacet
  facet normal 3.678040e-16 2.588190e-01 -9.659258e-01
    outer loop
      vertex   -4.500000e+02 -1.163187e+01 3.252445e+02
      vertex   -4.437500e+02 -1.133722e+01 3.253234e+02
      vertex   -4.437500e+02 -1.163187e+01 3.252445e+02
    endloop
  endfacet
  facet normal 6.005767e-16 4.226183e-01 -9.063078e-01
    outer loop
      vertex   -4.500000e+02 -1.163187e+01 3.252445e+02
      vertex   -4.437500e+02 -1.163187e+01 3.252445e+02
      vertex   -4.500000e+02 -1.190833e+01 3.251155e+02
    endloop
  endfacet
  facet normal -1.081038e-15 4.226183e-01 -9.063078e-01
    outer loop
      vertex   -4.500000e+02 -1.190833e+01 3.251155e+02
      vertex   -4.437500e+02 -1.163187e+01 3.252445e+02
      vertex   -4.437500e+02 -1.190833e+01 3.251155e+02
    endloop
  endfacet
  facet normal -1.467182e-15 5.735764e-01 -8.191520e-01
    outer loop
      vertex   -4.500000e+02 -1.190833e+01 3.251155e+02
      vertex   -4.437500e+02 -1.190833e+01 3.251155e+02
      vertex   -4.500000e+02 -1.215821e+01 3.249406e+02
    endloop
  endfacet
  facet normal -4.890607e-16 5.735764e-01 -8.191520e-01
    outer loop
      vertex   -4.500000e+02 -1.215821e+01 3.249406e+02
      vertex   -4.437500e+02 -1.190833e+01 3.251155e+02
      vertex   -4.437500e+02 -1.215821e+01 3.249406e+02
    endloop
  endfacet
  facet normal -6.029155e-16 7.071068e-01 -7.071068e-01
    outer loop
      vertex   -4.500000e+02 -1.215821e+01 3.249406e+02
      vertex   -4.437500e+02 -1.215821e+01 3.249406e+02
      vertex   -4.500000e+02 -1.237391e+01 3.247249e+02
    endloop
  endfacet
  facet normal 1.205831e-15 7.071068e-01 -7.071068e-01
    outer loop
      vertex   -4.500000e+02 -1.237391e+01 3.247249e+02
      vertex   -4.437500e+02 -1.215821e+01 3.249406e+02
      vertex   -4.437500e+02 -1.237391e+01 3.247249e+02
    endloop
  endfacet
  facet normal 1.396902e-15 8.191520e-01 -5.735764e-01
    outer loop
      vertex   -4.500000e+02 -1.237391e+01 3.247249e+02
      vertex   -4.437500e+02 -1.237391e+01 3.247249e+02
      vertex   -4.500000e+02 -1.254888e+01 3.244750e+02
    endloop
  endfacet
  facet normal 0.000000e+00 8.191520e-01 -5.735764e-01
    outer loop
      vertex   -4.500000e+02 -1.254888e+01 3.244750e+02
      vertex   -4.437500e+02 -1.237391e+01 3.247249e+02
      vertex   -4.437500e+02 -1.254888e+01 3.244750e+02
    endloop
  endfacet
  facet normal 0.000000e+00 9.063078e-01 -4.226183e-01
    outer loop
      vertex   -4.500000e+02 -1.254888e+01 3.244750e+02
      vertex   -4.437500e+02 -1.254888e+01 3.244750e+02
      vertex   -4.500000e+02 -1.267780e+01 3.241985e+02
    endloop
  endfacet
  facet normal 0.000000e+00 9.063078e-01 -4.226183e-01
    outer loop
      vertex   -4.500000e+02 -1.267780e+01 3.241985e+02
      vertex   -4.437500e+02 -1.254888e+01 3.244750e+02
      vertex   -4.437500e+02 -1.267780e+01 3.241985e+02
    endloop
  endfacet
  facet normal 0.000000e+00 9.659258e-01 -2.588190e-01
    outer loop
      vertex   -4.500000e+02 -1.267780e+01 3.241985e+02
      vertex   -4.437500e+02 -1.267780e+01 3.241985e+02
      vertex   -4.500000e+02 -1.275675e+01 3.239039e+02
    endloop
  endfacet
  facet normal -1.098131e-15 9.659258e-01 -2.588190e-01
    outer loop
      vertex   -4.500000e+02 -1.275675e+01 3.239039e+02
      vertex   -4.437500e+02 -1.267780e+01 3.241985e+02
      vertex   -4.437500e+02 -1.275675e+01 3.239039e+02
    endloop
  endfacet
  facet normal -1.132542e-15 9.961947e-01 -8.715574e-02
    outer loop
      vertex   -4.500000e+02 -1.275675e+01 3.239039e+02
      vertex   -4.437500e+02 -1.275675e+01 3.239039e+02
      vertex   -4.500000e+02 -1.278333e+01 3.236000e+02
    endloop
  endfacet
  facet normal 0.000000e+00 9.961947e-01 -8.715574e-02
    outer loop
      vertex   -4.500000e+02 -1.278333e+01 3.236000e+02
      vertex   -4.437500e+02 -1.275675e+01 3.239039e+02
      vertex   -4.437500e+02 -1.278333e+01 3.236000e+02
    endloop
  endfacet
  facet normal -0.000000e+00 9.961947e-01 8.715574e-02
    outer loop
      vertex   -4.500000e+02 -1.278333e+01 3.236000e+02
      vertex   -4.437500e+02 -1.278333e+01 3.236000e+02
      vertex   -4.500000e+02 -1.275675e+01 3.232961e+02
    endloop
  endfacet
  facet normal -1.132542e-15 9.961947e-01 8.715574e-02
    outer loop
      vertex   -4.500000e+02 -1.275675e+01 3.232961e+02
      vertex   -4.437500e+02 -1.278333e+01 3.236000e+02
      vertex   -4.437500e+02 -1.275675e+01 3.232961e+02
    endloop
  endfacet
  facet normal -1.098131e-15 9.659258e-01 2.588190e-01
    outer loop
      vertex   -4.500000e+02 -1.275675e+01 3.232961e+02
      vertex   -4.437500e+02 -1.275675e+01 3.232961e+02
      vertex   -4.500000e+02 -1.267780e+01 3.230015e+02
    endloop
  endfacet
  facet normal -0.000000e+00 9.659258e-01 2.588190e-01
    outer loop
      vertex   -4.500000e+02 -1.267780e+01 3.230015e+02
      vertex   -4.437500e+02 -1.275675e+01 3.232961e+02
      vertex   -4.437500e+02 -1.267780e+01 3.230015e+02
    endloop
  endfacet
  facet normal -0.000000e+00 9.063078e-01 4.226183e-01
    outer loop
      vertex   -4.500000e+02 -1.267780e+01 3.230015e+02
      vertex   -4.437500e+02 -1.267780e+01 3.230015e+02
      vertex   -4.500000e+02 -1.254888e+01 3.227250e+02
    endloop
  endfacet
  facet normal -0.000000e+00 9.063078e-01 4.226183e-01
    outer loop
      vertex   -4.500000e+02 -1.254888e+01 3.227250e+02
      vertex   -4.437500e+02 -1.267780e+01 3.230015e+02
      vertex   -4.437500e+02 -1.254888e+01 3.227250e+02
    endloop
  endfacet
  facet normal -0.000000e+00 8.191520e-01 5.735764e-01
    outer loop
      vertex   -4.500000e+02 -1.254888e+01 3.227250e+02
      vertex   -4.437500e+02 -1.254888e+01 3.227250e+02
      vertex   -4.500000e+02 -1.237391e+01 3.224751e+02
    endloop
  endfacet
  facet normal 1.396902e-15 8.191520e-01 5.735764e-01
    outer loop
      vertex   -4.500000e+02 -1.237391e+01 3.224751e+02
      vertex   -4.437500e+02 -1.254888e+01 3.227250e+02
      vertex   -4.437500e+02 -1.237391e+01 3.224751e+02
    endloop
  endfacet
  facet normal 1.205831e-15 7.071068e-01 7.071068e-01
    outer loop
      vertex   -4.500000e+02 -1.237391e+01 3.224751e+02
      vertex   -4.437500e+02 -1.237391e+01 3.224751e+02
      vertex   -4.500000e+02 -1.215821e+01 3.222594e+02
    endloop
  endfacet
  facet normal -6.029155e-16 7.071068e-01 7.071068e-01
    outer loop
      vertex   -4.500000e+02 -1.215821e+01 3.222594e+02
      vertex   -4.437500e+02 -1.237391e+01 3.224751e+02
      vertex   -4.437500e+02 -1.215821e+01 3.222594e+02
    endloop
  endfacet
  facet normal -4.890607e-16 5.735764e-01 8.191520e-01
    outer loop
      vertex   -4.500000e+02 -1.215821e+01 3.222594e+02
      vertex   -4.437500e+02 -1.215821e+01 3.222594e+02
      vertex   -4.500000e+02 -1.190833e+01 3.220845e+02
    endloop
  endfacet
  facet normal -1.467182e-15 5.735764e-01 8.191520e-01
    outer loop
      vertex   -4.500000e+02 -1.190833e+01 3.220845e+02
      vertex   -4.437500e+02 -1.215821e+01 3.222594e+02
      vertex   -4.437500e+02 -1.190833e+01 3.220845e+02
    endloop
  endfacet
  facet normal -1.081038e-15 4.226183e-01 9.063078e-01
    outer loop
      vertex   -4.500000e+02 -1.190833e+01 3.220845e+02
      vertex   -4.437500e+02 -1.190833e+01 3.220845e+02
      vertex   -4.500000e+02 -1.163187e+01 3.219555e+02
    endloop
  endfacet
  facet normal 6.005767e-16 4.226183e-01 9.063078e-01
    outer loop
      vertex   -4.500000e+02 -1.163187e+01 3.219555e+02
      vertex   -4.437500e+02 -1.190833e+01 3.220845e+02
      vertex   -4.437500e+02 -1.163187e+01 3.219555e+02
    endloop
  endfacet
  facet normal 3.678040e-16 2.588190e-01 9.659258e-01
    outer loop
      vertex   -4.500000e+02 -1.163187e+01 3.219555e+02
      vertex   -4.437500e+02 -1.163187e+01 3.219555e+02
      vertex   -4.500000e+02 -1.133722e+01 3.218766e+02
    endloop
  endfacet
  facet normal 2.206824e-16 2.588190e-01 9.659258e-01
    outer loop
      vertex   -4.500000e+02 -1.133722e+01 3.218766e+02
      vertex   -4.437500e+02 -1.163187e+01 3.219555e+02
      vertex   -4.437500e+02 -1.133722e+01 3.218766e+02
    endloop
  endfacet
  facet normal 0.000000e+00 8.715574e-02 9.961947e-01
    outer loop
      vertex   -4.062500e+02 -1.103333e+01 3.218500e+02
      vertex   -4.125000e+02 -1.103333e+01 3.218500e+02
      vertex   -4.062500e+02 -1.133722e+01 3.218766e+02
    endloop
  endfacet
  facet normal 0.000000e+00 8.715574e-02 9.961947e-01
    outer loop
      vertex   -4.062500e+02 -1.133722e+01 3.218766e+02
      vertex   -4.125000e+02 -1.103333e+01 3.218500e+02
      vertex   -4.125000e+02 -1.133722e+01 3.218766e+02
    endloop
  endfacet
  facet normal 0.000000e+00 2.588190e-01 9.659258e-01
    outer loop
      vertex   -4.062500e+02 -1.133722e+01 3.218766e+02
      vertex   -4.125000e+02 -1.133722e+01 3.218766e+02
      vertex   -4.062500e+02 -1.163187e+01 3.219555e+02
    endloop
  endfacet
  facet normal 0.000000e+00 2.588190e-01 9.659258e-01
    outer loop
      vertex   -4.062500e+02 -1.163187e+01 3.219555e+02
      vertex   -4.125000e+02 -1.133722e+01 3.218766e+02
      vertex   -4.125000e+02 -1.163187e+01 3.219555e+02
    endloop
  endfacet
  facet normal 0.000000e+00 4.226183e-01 9.063078e-01
    outer loop
      vertex   -4.062500e+02 -1.163187e+01 3.219555e+02
      vertex   -4.125000e+02 -1.163187e+01 3.219555e+02
      vertex   -4.062500e+02 -1.190833e+01 3.220845e+02
    endloop
  endfacet
  facet normal 0.000000e+00 4.226183e-01 9.063078e-01
    outer loop
      vertex   -4.062500e+02 -1.190833e+01 3.220845e+02
      vertex   -4.125000e+02 -1.163187e+01 3.219555e+02
      vertex   -4.125000e+02 -1.190833e+01 3.220845e+02
    endloop
  endfacet
  facet normal 0.000000e+00 5.735764e-01 8.191520e-01
    outer loop
      vertex   -4.062500e+02 -1.190833e+01 3.220845e+02
      vertex   -4.125000e+02 -1.190833e+01 3.220845e+02
      vertex   -4.062500e+02 -1.215821e+01 3.222594e+02
    endloop
  endfacet
  facet normal 0.000000e+00 5.735764e-01 8.191520e-01
    outer loop
      vertex   -4.062500e+02 -1.215821e+01 3.222594e+02
      vertex   -4.125000e+02 -1.190833e+01 3.220845e+02
      vertex   -4.125000e+02 -1.215821e+01 3.222594e+02
    endloop
  endfacet
  facet normal 0.000000e+00 7.071068e-01 7.071068e-01
    outer loop
      vertex   -4.062500e+02 -1.215821e+01 3.222594e+02
      vertex   -4.125000e+02 -1.215821e+01 3.222594e+02
      vertex   -4.062500e+02 -1.237391e+01 3.224751e+02
    endloop
  endfacet
  facet normal 0.000000e+00 7.071068e-01 7.071068e-01
    outer loop
      vertex   -4.062500e+02 -1.237391e+01 3.224751e+02
      vertex   -4.125000e+02 -1.215821e+01 3.222594e+02
      vertex   -4.125000e+02 -1.237391e+01 3.224751e+02
    endloop
  endfacet
  facet normal 0.000000e+00 8.191520e-01 5.735764e-01
    outer loop
      vertex   -4.062500e+02 -1.237391e+01 3.224751e+02
      vertex   -4.125000e+02 -1.237391e+01 3.224751e+02
      vertex   -4.062500e+02 -1.254888e+01 3.227250e+02
    endloop
  endfacet
  facet normal 0.000000e+00 8.191520e-01 5.735764e-01
    outer loop
      vertex   -4.062500e+02 -1.254888e+01 3.227250e+02
      vertex   -4.125000e+02 -1.237391e+01 3.224751e+02
      vertex   -4.125000e+02 -1.254888e+01 3.227250e+02
    endloop
  endfacet
  facet normal 0.000000e+00 9.063078e-01 4.226183e-01
    outer loop
      vertex   -4.062500e+02 -1.254888e+01 3.227250e+02
      vertex   -4.125000e+02 -1.254888e+01 3.227250e+02
      vertex   -4.062500e+02 -1.267780e+01 3.230015e+02
    endloop
  endfacet
  facet normal 0.000000e+00 9.063078e-01 4.226183e-01
    outer loop
      vertex   -4.062500e+02 -1.267780e+01 3.230015e+02
      vertex   -4.125000e+02 -1.254888e+01 3.227250e+02
      vertex   -4.125000e+02 -1.267780e+01 3.230015e+02
    endloop
  endfacet
  facet normal 0.000000e+00 9.659258e-01 2.588190e-01
    outer loop
      vertex   -4.062500e+02 -1.267780e+01 3.230015e+02
      vertex   -4.125000e+02 -1.267780e+01 3.230015e+02
      vertex   -4.062500e+02 -1.275675e+01 3.232961e+02
    endloop
  endfacet
  facet normal 0.000000e+00 9.659258e-01 2.588190e-01
    outer loop
      vertex   -4.062500e+02 -1.275675e+01 3.232961e+02
      vertex   -4.125000e+02 -1.267780e+01 3.230015e+02
      vertex   -4.125000e+02 -1.275675e+01 3.232961e+02
    endloop
  endfacet
  facet normal 0.000000e+00 9.961947e-01 8.715574e-02
    outer loop
      vertex   -4.062500e+02 -1.275675e+01 3.232961e+02
      vertex   -4.125000e+02 -1.275675e+01 3.232961e+02
      vertex   -4.062500e+02 -1.278333e+01 3.236000e+02
    endloop
  endfacet
  facet normal 0.000000e+00 9.961947e-01 8.715574e-02
    outer loop
      vertex   -4.062500e+02 -1.278333e+01 3.236000e+02
      vertex   -4.125000e+02 -1.275675e+01 3.232961e+02
      vertex   -4.125000e+02 -1.278333e+01 3.236000e+02
    endloop
  endfacet
  facet normal 0.000000e+00 9.961947e-01 -8.715574e-02
    outer loop
      vertex   -4.062500e+02 -1.278333e+01 3.236000e+02
      vertex   -4.125000e+02 -1.278333e+01 3.236000e+02
      vertex   -4.062500e+02 -1.275675e+01 3.239039e+02
    endloop
  endfacet
  facet normal 0.000000e+00 9.961947e-01 -8.715574e-02
    outer loop
      vertex   -4.062500e+02 -1.275675e+01 3.239039e+02
      vertex   -4.125000e+02 -1.278333e+01 3.236000e+02
      vertex   -4.125000e+02 -1.275675e+01 3.239039e+02
    endloop
  endfacet
  facet normal 0.000000e+00 9.659258e-01 -2.588190e-01
    outer loop
      vertex   -4.062500e+02 -1.275675e+01 3.239039e+02
      vertex   -4.125000e+02 -1.275675e+01 3.239039e+02
      vertex   -4.062500e+02 -1.267780e+01 3.241985e+02
    endloop
  endfacet
  facet normal 0.000000e+00 9.659258e-01 -2.588190e-01
    outer loop
      vertex   -4.062500e+02 -1.267780e+01 3.241985e+02
      vertex   -4.125000e+02 -1.275675e+01 3.239039e+02
      vertex   -4.125000e+02 -1.267780e+01 3.241985e+02
    endloop
  endfacet
  facet normal 0.000000e+00 9.063078e-01 -4.226183e-01
    outer loop
      vertex   -4.062500e+02 -1.267780e+01 3.241985e+02
      vertex   -4.125000e+02 -1.267780e+01 3.241985e+02
      vertex   -4.062500e+02 -1.254888e+01 3.244750e+02
    endloop
  endfacet
  facet normal 0.000000e+00 9.063078e-01 -4.226183e-01
    outer loop
      vertex   -4.062500e+02 -1.254888e+01 3.244750e+02
      vertex   -4.125000e+02 -1.267780e+01 3.241985e+02
      vertex   -4.125000e+02 -1.254888e+01 3.244750e+02
    endloop
  endfacet
  facet normal 0.000000e+00 8.191520e-01 -5.735764e-01
    outer loop
      vertex   -4.062500e+02 -1.254888e+01 3.244750e+02
      vertex   -4.125000e+02 -1.254888e+01 3.244750e+02
      vertex   -4.062500e+02 -1.237391e+01 3.247249e+02
    endloop
  endfacet
  facet normal 0.000000e+00 8.191520e-01 -5.735764e-01
    outer loop
      vertex   -4.062500e+02 -1.237391e+01 3.247249e+02
      vertex   -4.125000e+02 -1.254888e+01 3.244750e+02
      vertex   -4.125000e+02 -1.237391e+01 3.247249e+02
    endloop
  endfacet
  facet normal 0.000000e+00 7.071068e-01 -7.071068e-01
    outer loop
      vertex   -4.062500e+02 -1.237391e+01 3.247249e+02
      vertex   -4.125000e+02 -1.237391e+01 3.247249e+02
      vertex   -4.062500e+02 -1.215821e+01 3.249406e+02
    endloop
  endfacet
  facet normal 0.000000e+00 7.071068e-01 -7.071068e-01
    outer loop
      vertex   -4.062500e+02 -1.215821e+01 3.249406e+02
      vertex   -4.125000e+02 -1.237391e+01 3.247249e+02
      vertex   -4.125000e+02 -1.215821e+01 3.249406e+02
    endloop
  endfacet
  facet normal 0.000000e+00 5.735764e-01 -8.191520e-01
    outer loop
      vertex   -4.062500e+02 -1.215821e+01 3.249406e+02
      vertex   -4.125000e+02 -1.215821e+01 3.249406e+02
      vertex   -4.062500e+02 -1.190833e+01 3.251155e+02
    endloop
  endfacet
  facet normal 0.000000e+00 5.735764e-01 -8.191520e-01
    outer loop
      vertex   -4.062500e+02 -1.190833e+01 3.251155e+02
      vertex   -4.125000e+02 -1.215821e+01 3.249406e+02
      vertex   -4.125000e+02 -1.190833e+01 3.251155e+02
    endloop
  endfacet
  facet normal 0.000000e+00 4.226183e-01 -9.063078e-01
    outer loop
      vertex   -4.062500e+02 -1.190833e+01 3.251155e+02
      vertex   -4.125000e+02 -1.190833e+01 3.251155e+02
      vertex   -4.062500e+02 -1.163187e+01 3.252445e+02
    endloop
  endfacet
  facet normal 0.000000e+00 4.226183e-01 -9.063078e-01
    outer loop
      vertex   -4.062500e+02 -1.163187e+01 3.252445e+02
      vertex   -4.125000e+02 -1.190833e+01 3.251155e+02
      vertex   -4.125000e+02 -1.163187e+01 3.252445e+02
    endloop
  endfacet
  facet normal 0.000000e+00 2.588190e-01 -9.659258e-01
    outer loop
      vertex   -4.062500e+02 -1.163187e+01 3.252445e+02
      vertex   -4.125000e+02 -1.163187e+01 3.252445e+02
      vertex   -4.062500e+02 -1.133722e+01 3.253234e+02
    endloop
  endfacet
  facet normal 0.000000e+00 2.588190e-01 -9.659258e-01
    outer loop
      vertex   -4.062500e+02 -1.133722e+01 3.253234e+02
      vertex   -4.125000e+02 -1.163187e+01 3.252445e+02
      vertex   -4.125000e+02 -1.133722e+01 3.253234e+02
    endloop
  endfacet
  facet normal 0.000000e+00 8.715574e-02 -9.961947e-01
    outer loop
      vertex   -4.062500e+02 -1.133722e+01 3.253234e+02
      vertex   -4.125000e+02 -1.133722e+01 3.253234e+02
      vertex   -4.062500e+02 -1.103333e+01 3.253500e+02
    endloop
  endfacet
  facet normal 0.000000e+00 8.715574e-02 -9.961947e-01
    outer loop
      vertex   -4.062500e+02 -1.103333e+01 3.253500e+02
      vertex   -4.125000e+02 -1.133722e+01 3.253234e+02
      vertex   -4.125000e+02 -1.103333e+01 3.253500e+02
    endloop
  endfacet
  facet normal -0.000000e+00 -8.715574e-02 -9.961947e-01
    outer loop
      vertex   -4.062500e+02 -1.103333e+01 3.253500e+02
      vertex   -4.125000e+02 -1.103333e+01 3.253500e+02
      vertex   -4.062500e+02 -1.072945e+01 3.253234e+02
    endloop
  endfacet
  facet normal -0.000000e+00 -8.715574e-02 -9.961947e-01
    outer loop
      vertex   -4.062500e+02 -1.072945e+01 3.253234e+02
      vertex   -4.125000e+02 -1.103333e+01 3.253500e+02
      vertex   -4.125000e+02 -1.072945e+01 3.253234e+02
    endloop
  endfacet
  facet normal -0.000000e+00 -2.588190e-01 -9.659258e-01
    outer loop
      vertex   -4.062500e+02 -1.072945e+01 3.253234e+02
      vertex   -4.125000e+02 -1.072945e+01 3.253234e+02
      vertex   -4.062500e+02 -1.043480e+01 3.252445e+02
    endloop
  endfacet
  facet normal -0.000000e+00 -2.588190e-01 -9.659258e-01
    outer loop
      vertex   -4.062500e+02 -1.043480e+01 3.252445e+02
      vertex   -4.125000e+02 -1.072945e+01 3.253234e+02
      vertex   -4.125000e+02 -1.043480e+01 3.252445e+02
    endloop
  endfacet
  facet normal -0.000000e+00 -4.226183e-01 -9.063078e-01
    outer loop
      vertex   -4.062500e+02 -1.043480e+01 3.252445e+02
      vertex   -4.125000e+02 -1.043480e+01 3.252445e+02
      vertex   -4.062500e+02 -1.015833e+01 3.251155e+02
    endloop
  endfacet
  facet normal -0.000000e+00 -4.226183e-01 -9.063078e-01
    outer loop
      vertex   -4.062500e+02 -1.015833e+01 3.251155e+02
      vertex   -4.125000e+02 -1.043480e+01 3.252445e+02
      vertex   -4.125000e+02 -1.015833e+01 3.251155e+02
    endloop
  endfacet
  facet normal -0.000000e+00 -5.735764e-01 -8.191520e-01
    outer loop
      vertex   -4.062500e+02 -1.015833e+01 3.251155e+02
      vertex   -4.125000e+02 -1.015833e+01 3.251155e+02
      vertex   -4.062500e+02 -9.908455e+00 3.249406e+02
    endloop
  endfacet
  facet normal -0.000000e+00 -5.735764e-01 -8.191520e-01
    outer loop
      vertex   -4.062500e+02 -9.908455e+00 3.249406e+02
      vertex   -4.125000e+02 -1.015833e+01 3.251155e+02
      vertex   -4.125000e+02 -9.908455e+00 3.249406e+02
    endloop
  endfacet
  facet normal -0.000000e+00 -7.071068e-01 -7.071068e-01
    outer loop
      vertex   -4.062500e+02 -9.908455e+00 3.249406e+02
      vertex   -4.125000e+02 -9.908455e+00 3.249406e+02
      vertex   -4.062500e+02 -9.692756e+00 3.247249e+02
    endloop
  endfacet
  facet normal -0.000000e+00 -7.071068e-01 -7.071068e-01
    outer loop
      vertex   -4.062500e+02 -9.692756e+00 3.247249e+02
      vertex   -4.125000e+02 -9.908455e+00 3.249406e+02
      vertex   -4.125000e+02 -9.692756e+00 3.247249e+02
    endloop
  endfacet
  facet normal -0.000000e+00 -8.191520e-01 -5.735764e-01
    outer loop
      vertex   -4.062500e+02 -9.692756e+00 3.247249e+02
      vertex   -4.125000e+02 -9.692756e+00 3.247249e+02
      vertex   -4.062500e+02 -9.517789e+00 3.244750e+02
    endloop
  endfacet
  facet normal -0.000000e+00 -8.191520e-01 -5.735764e-01
    outer loop
      vertex   -4.062500e+02 -9.517789e+00 3.244750e+02
      vertex   -4.125000e+02 -9.692756e+00 3.247249e+02
      vertex   -4.125000e+02 -9.517789e+00 3.244750e+02
    endloop
  endfacet
  facet normal -0.000000e+00 -9.063078e-01 -4.226183e-01
    outer loop
      vertex   -4.062500e+02 -9.517789e+00 3.244750e+02
      vertex   -4.125000e+02 -9.517789e+00 3.244750e+02
      vertex   -4.062500e+02 -9.388871e+00 3.241985e+02
    endloop
  endfacet
  facet normal -0.000000e+00 -9.063078e-01 -4.226183e-01
    outer loop
      vertex   -4.062500e+02 -9.388871e+00 3.241985e+02
      vertex   -4.125000e+02 -9.517789e+00 3.244750e+02
      vertex   -4.125000e+02 -9.388871e+00 3.241985e+02
    endloop
  endfacet
  facet normal -0.000000e+00 -9.659258e-01 -2.588190e-01
    outer loop
      vertex   -4.062500e+02 -9.388871e+00 3.241985e+02
      vertex   -4.125000e+02 -9.388871e+00 3.241985e+02
      vertex   -4.062500e+02 -9.309920e+00 3.239039e+02
    endloop
  endfacet
  facet normal -0.000000e+00 -9.659258e-01 -2.588190e-01
    outer loop
      vertex   -4.062500e+02 -9.309920e+00 3.239039e+02
      vertex   -4.125000e+02 -9.388871e+00 3.241985e+02
      vertex   -4.125000e+02 -9.309920e+00 3.239039e+02
    endloop
  endfacet
  facet normal -0.000000e+00 -9.961947e-01 -8.715574e-02
    outer loop
      vertex   -4.062500e+02 -9.309920e+00 3.239039e+02
      vertex   -4.125000e+02 -9.309920e+00 3.239039e+02
      vertex   -4.062500e+02 -9.283333e+00 3.236000e+02
    endloop
  endfacet
  facet normal -0.000000e+00 -9.961947e-01 -8.715574e-02
    outer loop
      vertex   -4.062500e+02 -9.283333e+00 3.236000e+02
      vertex   -4.125000e+02 -9.309920e+00 3.239039e+02
      vertex   -4.125000e+02 -9.283333e+00 3.236000e+02
    endloop
  endfacet
  facet normal 0.000000e+00 -9.961947e-01 8.715574e-02
    outer loop
      vertex   -4.062500e+02 -9.283333e+00 3.236000e+02
      vertex   -4.125000e+02 -9.283333e+00 3.236000e+02
      vertex   -4.062500e+02 -9.309920e+00 3.232961e+02
    endloop
  endfacet
  facet normal 0.000000e+00 -9.961947e-01 8.715574e-02
    outer loop
      vertex   -4.062500e+02 -9.309920e+00 3.232961e+02
      vertex   -4.125000e+02 -9.283333e+00 3.236000e+02
      vertex   -4.125000e+02 -9.309920e+00 3.232961e+02
    endloop
  endfacet
  facet normal 0.000000e+00 -9.659258e-01 2.588190e-01
    outer loop
      vertex   -4.062500e+02 -9.309920e+00 3.232961e+02
      vertex   -4.125000e+02 -9.309920e+00 3.232961e+02
      vertex   -4.062500e+02 -9.388871e+00 3.230015e+02
    endloop
  endfacet
  facet normal 0.000000e+00 -9.659258e-01 2.588190e-01
    outer loop
      vertex   -4.062500e+02 -9.388871e+00 3.230015e+02
      vertex   -4.125000e+02 -9.309920e+00 3.232961e+02
      vertex   -4.125000e+02 -9.388871e+00 3.230015e+02
    endloop
  endfacet
  facet normal 0.000000e+00 -9.063078e-01 4.226183e-01
    outer loop
      vertex   -4.062500e+02 -9.388871e+00 3.230015e+02
      vertex   -4.125000e+02 -9.388871e+00 3.230015e+02
      vertex   -4.062500e+02 -9.517789e+00 3.227250e+02
    endloop
  endfacet
  facet normal 0.000000e+00 -9.063078e-01 4.226183e-01
    outer loop
      vertex   -4.062500e+02 -9.517789e+00 3.227250e+02
      vertex   -4.125000e+02 -9.388871e+00 3.230015e+02
      vertex   -4.125000e+02 -9.517789e+00 3.227250e+02
    endloop
  endfacet
  facet normal 0.000000e+00 -8.191520e-01 5.735764e-01
    outer loop
      vertex   -4.062500e+02 -9.517789e+00 3.227250e+02
      vertex   -4.125000e+02 -9.517789e+00 3.227250e+02
      vertex   -4.062500e+02 -9.692756e+00 3.224751e+02
    endloop
  endfacet
  facet normal 0.000000e+00 -8.191520e-01 5.735764e-01
    outer loop
      vertex   -4.062500e+02 -9.692756e+00 3.224751e+02
      vertex   -4.125000e+02 -9.517789e+00 3.227250e+02
      vertex   -4.125000e+02 -9.692756e+00 3.224751e+02
    endloop
  endfacet
  facet normal 0.000000e+00 -7.071068e-01 7.071068e-01
    outer loop
      vertex   -4.062500e+02 -9.692756e+00 3.224751e+02
      vertex   -4.125000e+02 -9.692756e+00 3.224751e+02
      vertex   -4.062500e+02 -9.908455e+00 3.222594e+02
    endloop
  endfacet
  facet normal 0.000000e+00 -7.071068e-01 7.071068e-01
    outer loop
      vertex   -4.062500e+02 -9.908455e+00 3.222594e+02
      vertex   -4.125000e+02 -9.692756e+00 3.224751e+02
      vertex   -4.125000e+02 -9.908455e+00 3.222594e+02
    endloop
  endfacet
  facet normal 0.000000e+00 -5.735764e-01 8.191520e-01
    outer loop
      vertex   -4.062500e+02 -9.908455e+00 3.222594e+02
      vertex   -4.125000e+02 -9.908455e+00 3.222594e+02
      vertex   -4.062500e+02 -1.015833e+01 3.220845e+02
    endloop
  endfacet
  facet normal 0.000000e+00 -5.735764e-01 8.191520e-01
    outer loop
      vertex   -4.062500e+02 -1.015833e+01 3.220845e+02
      vertex   -4.125000e+02 -9.908455e+00 3.222594e+02
      vertex   -4.125000e+02 -1.015833e+01 3.220845e+02
    endloop
  endfacet
  facet normal 0.000000e+00 -4.226183e-01 9.063078e-01
    outer loop
      vertex   -4.062500e+02 -1.015833e+01 3.220845e+02
      vertex   -4.125000e+02 -1.015833e+01 3.220845e+02
      vertex   -4.062500e+02 -1.043480e+01 3.219555e+02
    endloop
  endfacet
  facet normal 0.000000e+00 -4.226183e-01 9.063078e-01
    outer loop
      vertex   -4.062500e+02 -1.043480e+01 3.219555e+02
      vertex   -4.125000e+02 -1.015833e+01 3.220845e+02
      vertex   -4.125000e+02 -1.043480e+01 3.219555e+02
    endloop
  endfacet
  facet normal 0.000000e+00 -2.588190e-01 9.659258e-01
    outer loop
      vertex   -4.062500e+02 -1.043480e+01 3.219555e+02
      vertex   -4.125000e+02 -1.043480e+01 3.219555e+02
      vertex   -4.062500e+02 -1.072945e+01 3.218766e+02
    endloop
  endfacet
  facet normal 0.000000e+00 -2.588190e-01 9.659258e-01
    outer loop
      vertex   -4.062500e+02 -1.072945e+01 3.218766e+02
      vertex   -4.125000e+02 -1.043480e+01 3.219555e+02
      vertex   -4.125000e+02 -1.072945e+01 3.218766e+02
    endloop
  endfacet
  facet normal 0.000000e+00 -8.715574e-02 9.961947e-01
    outer loop
      vertex   -4.062500e+02 -1.072945e+01 3.218766e+02
      vertex   -4.125000e+02 -1.072945e+01 3.218766e+02
      vertex   -4.062500e+02 -1.103333e+01 3.218500e+02
    endloop
  endfacet
  facet normal 0.000000e+00 -8.715574e-02 9.961947e-01
    outer loop
      vertex   -4.062500e+02 -1.103333e+01 3.218500e+02
      vertex   -4.125000e+02 -1.072945e+01 3.218766e+02
      vertex   -4.125000e+02 -1.103333e+01 3.218500e+02
    endloop
  endfacet
  facet normal 0.000000e+00 8.715574e-02 9.961947e-01
    outer loop
      vertex   -4.125000e+02 -1.103333e+01 3.218500e+02
      vertex   -4.187500e+02 -1.103333e+01 3.218500e+02
      vertex   -4.125000e+02 -1.133722e+01 3.218766e+02
    endloop
  endfacet
  facet normal 0.000000e+00 8.715574e-02 9.961947e-01
    outer loop
      vertex   -4.125000e+02 -1.133722e+01 3.218766e+02
      vertex   -4.187500e+02 -1.103333e+01 3.218500e+02
      vertex   -4.187500e+02 -1.133722e+01 3.218766e+02
    endloop
  endfacet
  facet normal 0.000000e+00 2.588190e-01 9.659258e-01
    outer loop
      vertex   -4.125000e+02 -1.133722e+01 3.218766e+02
      vertex   -4.187500e+02 -1.133722e+01 3.218766e+02
      vertex   -4.125000e+02 -1.163187e+01 3.219555e+02
    endloop
  endfacet
  facet normal 0.000000e+00 2.588190e-01 9.659258e-01
    outer loop
      vertex   -4.125000e+02 -1.163187e+01 3.219555e+02
      vertex   -4.187500e+02 -1.133722e+01 3.218766e+02
      vertex   -4.187500e+02 -1.163187e+01 3.219555e+02
    endloop
  endfacet
  facet normal 0.000000e+00 4.226183e-01 9.063078e-01
    outer loop
      vertex   -4.125000e+02 -1.163187e+01 3.219555e+02
      vertex   -4.187500e+02 -1.163187e+01 3.219555e+02
      vertex   -4.125000e+02 -1.190833e+01 3.220845e+02
    endloop
  endfacet
  facet normal 0.000000e+00 4.226183e-01 9.063078e-01
    outer loop
      vertex   -4.125000e+02 -1.190833e+01 3.220845e+02
      vertex   -4.187500e+02 -1.163187e+01 3.219555e+02
      vertex   -4.187500e+02 -1.190833e+01 3.220845e+02
    endloop
  endfacet
  facet normal 0.000000e+00 5.735764e-01 8.191520e-01
    outer loop
      vertex   -4.125000e+02 -1.190833e+01 3.220845e+02
      vertex   -4.187500e+02 -1.190833e+01 3.220845e+02
      vertex   -4.125000e+02 -1.215821e+01 3.222594e+02
    endloop
  endfacet
  facet normal 0.000000e+00 5.735764e-01 8.191520e-01
    outer loop
      vertex   -4.125000e+02 -1.215821e+01 3.222594e+02
      vertex   -4.187500e+02 -1.190833e+01 3.220845e+02
      vertex   -4.187500e+02 -1.215821e+01 3.222594e+02
    endloop
  endfacet
  facet normal 0.000000e+00 7.071068e-01 7.071068e-01
    outer loop
      vertex   -4.125000e+02 -1.215821e+01 3.222594e+02
      vertex   -4.187500e+02 -1.215821e+01 3.222594e+02
      vertex   -4.125000e+02 -1.237391e+01 3.224751e+02
    endloop
  endfacet
  facet normal 0.000000e+00 7.071068e-01 7.071068e-01
    outer loop
      vertex   -4.125000e+02 -1.237391e+01 3.224751e+02
      vertex   -4.187500e+02 -1.215821e+01 3.222594e+02
      vertex   -4.187500e+02 -1.237391e+01 3.224751e+02
    endloop
  endfacet
  facet normal 0.000000e+00 8.191520e-01 5.735764e-01
    outer loop
      vertex   -4.125000e+02 -1.237391e+01 3.224751e+02
      vertex   -4.187500e+02 -1.237391e+01 3.224751e+02
      vertex   -4.125000e+02 -1.254888e+01 3.227250e+02
    endloop
  endfacet
  facet normal 0.000000e+00 8.191520e-01 5.735764e-01
    outer loop
      vertex   -4.125000e+02 -1.254888e+01 3.227250e+02
      vertex   -4.187500e+02 -1.237391e+01 3.224751e+02
      vertex   -4.187500e+02 -1.254888e+01 3.227250e+02
    endloop
  endfacet
  facet normal 0.000000e+00 9.063078e-01 4.226183e-01
    outer loop
      vertex   -4.125000e+02 -1.254888e+01 3.227250e+02
      vertex   -4.187500e+02 -1.254888e+01 3.227250e+02
      vertex   -4.125000e+02 -1.267780e+01 3.230015e+02
    endloop
  endfacet
  facet normal 0.000000e+00 9.063078e-01 4.226183e-01
    outer loop
      vertex   -4.125000e+02 -1.267780e+01 3.230015e+02
      vertex   -4.187500e+02 -1.254888e+01 3.227250e+02
      vertex   -4.187500e+02 -1.267780e+01 3.230015e+02
    endloop
  endfacet
  facet normal 0.000000e+00 9.659258e-01 2.588190e-01
    outer loop
      vertex   -4.125000e+02 -1.267780e+01 3.230015e+02
      vertex   -4.187500e+02 -1.267780e+01 3.230015e+02
      vertex   -4.125000e+02 -1.275675e+01 3.232961e+02
    endloop
  endfacet
  facet normal 0.000000e+00 9.659258e-01 2.588190e-01
    outer loop
      vertex   -4.125000e+02 -1.275675e+01 3.232961e+02
      vertex   -4.187500e+02 -1.267780e+01 3.230015e+02
      vertex   -4.187500e+02 -1.275675e+01 3.232961e+02
    endloop
  endfacet
  facet normal 0.000000e+00 9.961947e-01 8.715574e-02
    outer loop
      vertex   -4.125000e+02 -1.275675e+01 3.232961e+02
      vertex   -4.187500e+02 -1.275675e+01 3.232961e+02
      vertex   -4.125000e+02 -1.278333e+01 3.236000e+02
    endloop
  endfacet
  facet normal 0.000000e+00 9.961947e-01 8.715574e-02
    outer loop
      vertex   -4.125000e+02 -1.278333e+01 3.236000e+02
      vertex   -4.187500e+02 -1.275675e+01 3.232961e+02
      vertex   -4.187500e+02 -1.278333e+01 3.236000e+02
    endloop
  endfacet
  facet normal 0.000000e+00 9.961947e-01 -8.715574e-02
    outer loop
      vertex   -4.125000e+02 -1.278333e+01 3.236000e+02
      vertex   -4.187500e+02 -1.278333e+01 3.236000e+02
      vertex   -4.125000e+02 -1.275675e+01 3.239039e+02
    endloop
  endfacet
  facet normal 0.000000e+00 9.961947e-01 -8.715574e-02
    outer loop
      vertex   -4.125000e+02 -1.275675e+01 3.239039e+02
      vertex   -4.187500e+02 -1.278333e+01 3.236000e+02
      vertex   -4.187500e+02 -1.275675e+01 3.239039e+02
    endloop
  endfacet
  facet normal 0.000000e+00 9.659258e-01 -2.588190e-01
    outer loop
      vertex   -4.125000e+02 -1.275675e+01 3.239039e+02
      vertex   -4.187500e+02 -1.275675e+01 3.239039e+02
      vertex   -4.125000e+02 -1.267780e+01 3.241985e+02
    endloop
  endfacet
  facet normal 0.000000e+00 9.659258e-01 -2.588190e-01
    outer loop
      vertex   -4.125000e+02 -1.267780e+01 3.241985e+02
      vertex   -4.187500e+02 -1.275675e+01 3.239039e+02
      vertex   -4.187500e+02 -1.267780e+01 3.241985e+02
    endloop
  endfacet
  facet normal 0.000000e+00 9.063078e-01 -4.226183e-01
    outer loop
      vertex   -4.125000e+02 -1.267780e+01 3.241985e+02
      vertex   -4.187500e+02 -1.267780e+01 3.241985e+02
      vertex   -4.125000e+02 -1.254888e+01 3.244750e+02
    endloop
  endfacet
  facet normal 0.000000e+00 9.063078e-01 -4.226183e-01
    outer loop
      vertex   -4.125000e+02 -1.254888e+01 3.244750e+02
      vertex   -4.187500e+02 -1.267780e+01 3.241985e+02
      vertex   -4.187500e+02 -1.254888e+01 3.244750e+02
    endloop
  endfacet
  facet normal 0.000000e+00 8.191520e-01 -5.735764e-01
    outer loop
      vertex   -4.125000e+02 -1.254888e+01 3.244750e+02
      vertex   -4.187500e+02 -1.254888e+01 3.244750e+02
      vertex   -4.125000e+02 -1.237391e+01 3.247249e+02
    endloop
  endfacet
  facet normal 0.000000e+00 8.191520e-01 -5.735764e-01
    outer loop
      vertex   -4.125000e+02 -1.237391e+01 3.247249e+02
      vertex   -4.187500e+02 -1.254888e+01 3.244750e+02
      vertex   -4.187500e+02 -1.237391e+01 3.247249e+02
    endloop
  endfacet
  facet normal 0.000000e+00 7.071068e-01 -7.071068e-01
    outer loop
      vertex   -4.125000e+02 -1.237391e+01 3.247249e+02
      vertex   -4.187500e+02 -1.237391e+01 3.247249e+02
      vertex   -4.125000e+02 -1.215821e+01 3.249406e+02
    endloop
  endfacet
  facet normal 0.000000e+00 7.071068e-01 -7.071068e-01
    outer loop
      vertex   -4.125000e+02 -1.215821e+01 3.249406e+02
      vertex   -4.187500e+02 -1.237391e+01 3.247249e+02
      vertex   -4.187500e+02 -1.215821e+01 3.249406e+02
    endloop
  endfacet
  facet normal 0.000000e+00 5.735764e-01 -8.191520e-01
    outer loop
      vertex   -4.125000e+02 -1.215821e+01 3.249406e+02
      vertex   -4.187500e+02 -1.215821e+01 3.249406e+02
      vertex   -4.125000e+02 -1.190833e+01 3.251155e+02
    endloop
  endfacet
  facet normal 0.000000e+00 5.735764e-01 -8.191520e-01
    outer loop
      vertex   -4.125000e+02 -1.190833e+01 3.251155e+02
      vertex   -4.187500e+02 -1.215821e+01 3.249406e+02
      vertex   -4.187500e+02 -1.190833e+01 3.251155e+02
    endloop
  endfacet
  facet normal 0.000000e+00 4.226183e-01 -9.063078e-01
    outer loop
      vertex   -4.125000e+02 -1.190833e+01 3.251155e+02
      vertex   -4.187500e+02 -1.190833e+01 3.251155e+02
      vertex   -4.125000e+02 -1.163187e+01 3.252445e+02
    endloop
  endfacet
  facet normal 0.000000e+00 4.226183e-01 -9.063078e-01
    outer loop
      vertex   -4.125000e+02 -1.163187e+01 3.252445e+02
      vertex   -4.187500e+02 -1.190833e+01 3.251155e+02
      vertex   -4.187500e+02 -1.163187e+01 3.252445e+02
    endloop
  endfacet
  facet normal 0.000000e+00 2.588190e-01 -9.659258e-01
    outer loop
      vertex   -4.125000e+02 -1.163187e+01 3.252445e+02
      vertex   -4.187500e+02 -1.163187e+01 3.252445e+02
      vertex   -4.125000e+02 -1.133722e+01 3.253234e+02
    endloop
  endfacet
  facet normal 0.000000e+00 2.588190e-01 -9.659258e-01
    outer loop
      vertex   -4.125000e+02 -1.133722e+01 3.253234e+02
      vertex   -4.187500e+02 -1.163187e+01 3.252445e+02
      vertex   -4.187500e+02 -1.133722e+01 3.253234e+02
    endloop
  endfacet
  facet normal 0.000000e+00 8.715574e-02 -9.961947e-01
    outer loop
      vertex   -4.125000e+02 -1.133722e+01 3.253234e+02
      vertex   -4.187500e+02 -1.133722e+01 3.253234e+02
      vertex   -4.125000e+02 -1.103333e+01 3.253500e+02
    endloop
  endfacet
  facet normal 0.000000e+00 8.715574e-02 -9.961947e-01
    outer loop
      vertex   -4.125000e+02 -1.103333e+01 3.253500e+02
      vertex   -4.187500e+02 -1.133722e+01 3.253234e+02
      vertex   -4.187500e+02 -1.103333e+01 3.253500e+02
    endloop
  endfacet
  facet normal -0.000000e+00 -8.715574e-02 -9.961947e-01
    outer loop
      vertex   -4.125000e+02 -1.103333e+01 3.253500e+02
      vertex   -4.187500e+02 -1.103333e+01 3.253500e+02
      vertex   -4.125000e+02 -1.072945e+01 3.253234e+02
    endloop
  endfacet
  facet normal -0.000000e+00 -8.715574e-02 -9.961947e-01
    outer loop
      vertex   -4.125000e+02 -1.072945e+01 3.253234e+02
      vertex   -4.187500e+02 -1.103333e+01 3.253500e+02
      vertex   -4.187500e+02 -1.072945e+01 3.253234e+02
    endloop
  endfacet
  facet normal -0.000000e+00 -2.588190e-01 -9.659258e-01
    outer loop
      vertex   -4.125000e+02 -1.072945e+01 3.253234e+02
      vertex   -4.187500e+02 -1.072945e+01 3.253234e+02
      vertex   -4.125000e+02 -1.043480e+01 3.252445e+02
    endloop
  endfacet
  facet normal -0.000000e+00 -2.588190e-01 -9.659258e-01
    outer loop
      vertex   -4.125000e+02 -1.043480e+01 3.252445e+02
      vertex   -4.187500e+02 -1.072945e+01 3.253234e+02
      vertex   -4.187500e+02 -1.043480e+01 3.252445e+02
    endloop
  endfacet
  facet normal -0.000000e+00 -4.226183e-01 -9.063078e-01
    outer loop
      vertex   -4.125000e+02 -1.043480e+01 3.252445e+02
      vertex   -4.187500e+02 -1.043480e+01 3.252445e+02
      vertex   -4.125000e+02 -1.015833e+01 3.251155e+02
    endloop
  endfacet
  facet normal -0.000000e+00 -4.226183e-01 -9.063078e-01
    outer loop
      vertex   -4.125000e+02 -1.015833e+01 3.251155e+02
      vertex   -4.187500e+02 -1.043480e+01 3.252445e+02
      vertex   -4.187500e+02 -1.015833e+01 3.251155e+02
    endloop
  endfacet
  facet normal -0.000000e+00 -5.735764e-01 -8.191520e-01
    outer loop
      vertex   -4.125000e+02 -1.015833e+01 3.251155e+02
      vertex   -4.187500e+02 -1.015833e+01 3.251155e+02
      vertex   -4.125000e+02 -9.908455e+00 3.249406e+02
    endloop
  endfacet
  facet normal -0.000000e+00 -5.735764e-01 -8.191520e-01
    outer loop
      vertex   -4.125000e+02 -9.908455e+00 3.249406e+02
      vertex   -4.187500e+02 -1.015833e+01 3.251155e+02
      vertex   -4.187500e+02 -9.908455e+00 3.249406e+02
    endloop
  endfacet
  facet normal -0.000000e+00 -7.071068e-01 -7.071068e-01
    outer loop
      vertex   -4.125000e+02 -9.908455e+00 3.249406e+02
      vertex   -4.187500e+02 -9.908455e+00 3.249406e+02
      vertex   -4.125000e+02 -9.692756e+00 3.247249e+02
    endloop
  endfacet
  facet normal -0.000000e+00 -7.071068e-01 -7.071068e-01
    outer loop
      vertex   -4.125000e+02 -9.692756e+00 3.247249e+02
      vertex   -4.187500e+02 -9.908455e+00 3.249406e+02
      vertex   -4.187500e+02 -9.692756e+00 3.247249e+02
    endloop
  endfacet
  facet normal -0.000000e+00 -8.191520e-01 -5.735764e-01
    outer loop
      vertex   -4.125000e+02 -9.692756e+00 3.247249e+02
      vertex   -4.187500e+02 -9.692756e+00 3.247249e+02
      vertex   -4.125000e+02 -9.517789e+00 3.244750e+02
    endloop
  endfacet
  facet normal -0.000000e+00 -8.191520e-01 -5.735764e-01
    outer loop
      vertex   -4.125000e+02 -9.517789e+00 3.244750e+02
      vertex   -4.187500e+02 -9.692756e+00 3.247249e+02
      vertex   -4.187500e+02 -9.517789e+00 3.244750e+02
    endloop
  endfacet
  facet normal -0.000000e+00 -9.063078e-01 -4.226183e-01
    outer loop
      vertex   -4.125000e+02 -9.517789e+00 3.244750e+02
      vertex   -4.187500e+02 -9.517789e+00 3.244750e+02
      vertex   -4.125000e+02 -9.388871e+00 3.241985e+02
    endloop
  endfacet
  facet normal -0.000000e+00 -9.063078e-01 -4.226183e-01
    outer loop
      vertex   -4.125000e+02 -9.388871e+00 3.241985e+02
      vertex   -4.187500e+02 -9.517789e+00 3.244750e+02
      vertex   -4.187500e+02 -9.388871e+00 3.241985e+02
    endloop
  endfacet
  facet normal -0.000000e+00 -9.659258e-01 -2.588190e-01
    outer loop
      vertex   -4.125000e+02 -9.388871e+00 3.241985e+02
      vertex   -4.187500e+02 -9.388871e+00 3.241985e+02
      vertex   -4.125000e+02 -9.309920e+00 3.239039e+02
    endloop
  endfacet
  facet normal -0.000000e+00 -9.659258e-01 -2.588190e-01
    outer loop
      vertex   -4.125000e+02 -9.309920e+00 3.239039e+02
      vertex   -4.187500e+02 -9.388871e+00 3.241985e+02
      vertex   -4.187500e+02 -9.309920e+00 3.239039e+02
    endloop
  endfacet
  facet normal -0.000000e+00 -9.961947e-01 -8.715574e-02
    outer loop
      vertex   -4.125000e+02 -9.309920e+00 3.239039e+02
      vertex   -4.187500e+02 -9.309920e+00 3.239039e+02
      vertex   -4.125000e+02 -9.283333e+00 3.236000e+02
    endloop
  endfacet
  facet normal -0.000000e+00 -9.961947e-01 -8.715574e-02
    outer loop
      vertex   -4.125000e+02 -9.283333e+00 3.236000e+02
      vertex   -4.187500e+02 -9.309920e+00 3.239039e+02
      vertex   -4.187500e+02 -9.283333e+00 3.236000e+02
    endloop
  endfacet
  facet normal 0.000000e+00 -9.961947e-01 8.715574e-02
    outer loop
      vertex   -4.125000e+02 -9.283333e+00 3.236000e+02
      vertex   -4.187500e+02 -9.283333e+00 3.236000e+02
      vertex   -4.125000e+02 -9.309920e+00 3.232961e+02
    endloop
  endfacet
  facet normal 0.000000e+00 -9.961947e-01 8.715574e-02
    outer loop
      vertex   -4.125000e+02 -9.309920e+00 3.232961e+02
      vertex   -4.187500e+02 -9.283333e+00 3.236000e+02
      vertex   -4.187500e+02 -9.309920e+00 3.232961e+02
    endloop
  endfacet
  facet normal 0.000000e+00 -9.659258e-01 2.588190e-01
    outer loop
      vertex   -4.125000e+02 -9.309920e+00 3.232961e+02
      vertex   -4.187500e+02 -9.309920e+00 3.232961e+02
      vertex   -4.125000e+02 -9.388871e+00 3.230015e+02
    endloop
  endfacet
  facet normal 0.000000e+00 -9.659258e-01 2.588190e-01
    outer loop
      vertex   -4.125000e+02 -9.388871e+00 3.230015e+02
      vertex   -4.187500e+02 -9.309920e+00 3.232961e+02
      vertex   -4.187500e+02 -9.388871e+00 3.230015e+02
    endloop
  endfacet
  facet normal 0.000000e+00 -9.063078e-01 4.226183e-01
    outer loop
      vertex   -4.125000e+02 -9.388871e+00 3.230015e+02
      vertex   -4.187500e+02 -9.388871e+00 3.230015e+02
      vertex   -4.125000e+02 -9.517789e+00 3.227250e+02
    endloop
  endfacet
  facet normal 0.000000e+00 -9.063078e-01 4.226183e-01
    outer loop
      vertex   -4.125000e+02 -9.517789e+00 3.227250e+02
      vertex   -4.187500e+02 -9.388871e+00 3.230015e+02
      vertex   -4.187500e+02 -9.517789e+00 3.227250e+02
    endloop
  endfacet
  facet normal 0.000000e+00 -8.191520e-01 5.735764e-01
    outer loop
      vertex   -4.125000e+02 -9.517789e+00 3.227250e+02
      vertex   -4.187500e+02 -9.517789e+00 3.227250e+02
      vertex   -4.125000e+02 -9.692756e+00 3.224751e+02
    endloop
  endfacet
  facet normal 0.000000e+00 -8.191520e-01 5.735764e-01
    outer loop
      vertex   -4.125000e+02 -9.692756e+00 3.224751e+02
      vertex   -4.187500e+02 -9.517789e+00 3.227250e+02
      vertex   -4.187500e+02 -9.692756e+00 3.224751e+02
    endloop
  endfacet
  facet normal 0.000000e+00 -7.071068e-01 7.071068e-01
    outer loop
      vertex   -4.125000e+02 -9.692756e+00 3.224751e+02
      vertex   -4.187500e+02 -9.692756e+00 3.224751e+02
      vertex   -4.125000e+02 -9.908455e+00 3.222594e+02
    endloop
  endfacet
  facet normal 0.000000e+00 -7.071068e-01 7.071068e-01
    outer loop
      vertex   -4.125000e+02 -9.908455e+00 3.222594e+02
      vertex   -4.187500e+02 -9.692756e+00 3.224751e+02
      vertex   -4.187500e+02 -9.908455e+00 3.222594e+02
    endloop
  endfacet
  facet normal 0.000000e+00 -5.735764e-01 8.191520e-01
    outer loop
      vertex   -4.125000e+02 -9.908455e+00 3.222594e+02
      vertex   -4.187500e+02 -9.908455e+00 3.222594e+02
      vertex   -4.125000e+02 -1.015833e+01 3.220845e+02
    endloop
  endfacet
  facet normal 0.000000e+00 -5.735764e-01 8.191520e-01
    outer loop
      vertex   -4.125000e+02 -1.015833e+01 3.220845e+02
      vertex   -4.187500e+02 -9.908455e+00 3.222594e+02
      vertex   -4.187500e+02 -1.015833e+01 3.220845e+02
    endloop
  endfacet
  facet normal 0.000000e+00 -4.226183e-01 9.063078e-01
    outer loop
      vertex   -4.125000e+02 -1.015833e+01 3.220845e+02
      vertex   -4.187500e+02 -1.015833e+01 3.220845e+02
      vertex   -4.125000e+02 -1.043480e+01 3.219555e+02
    endloop
  endfacet
  facet normal 0.000000e+00 -4.226183e-01 9.063078e-01
    outer loop
      vertex   -4.125000e+02 -1.043480e+01 3.219555e+02
      vertex   -4.187500e+02 -1.015833e+01 3.220845e+02
      vertex   -4.187500e+02 -1.043480e+01 3.219555e+02
    endloop
  endfacet
  facet normal 0.000000e+00 -2.588190e-01 9.659258e-01
    outer loop
      vertex   -4.125000e+02 -1.043480e+01 3.219555e+02
      vertex   -4.187500e+02 -1.043480e+01 3.219555e+02
      vertex   -4.125000e+02 -1.072945e+01 3.218766e+02
    endloop
  endfacet
  facet normal 0.000000e+00 -2.588190e-01 9.659258e-01
    outer loop
      vertex   -4.125000e+02 -1.072945e+01 3.218766e+02
      vertex   -4.187500e+02 -1.043480e+01 3.219555e+02
      vertex   -4.187500e+02 -1.072945e+01 3.218766e+02
    endloop
  endfacet
  facet normal 0.000000e+00 -8.715574e-02 9.961947e-01
    outer loop
      vertex   -4.125000e+02 -1.072945e+01 3.218766e+02
      vertex   -4.187500e+02 -1.072945e+01 3.218766e+02
      vertex   -4.125000e+02 -1.103333e+01 3.218500e+02
    endloop
  endfacet
  facet normal 0.000000e+00 -8.715574e-02 9.961947e-01
    outer loop
      vertex   -4.125000e+02 -1.103333e+01 3.218500e+02
      vertex   -4.187500e+02 -1.072945e+01 3.218766e+02
      vertex   -4.187500e+02 -1.103333e+01 3.218500e+02
    endloop
  endfacet
  facet normal 0.000000e+00 8.715574e-02 9.961947e-01
    outer loop
      vertex   -4.187500e+02 -1.103333e+01 3.218500e+02
      vertex   -4.250000e+02 -1.103333e+01 3.218500e+02
      vertex   -4.187500e+02 -1.133722e+01 3.218766e+02
    endloop
  endfacet
  facet normal 0.000000e+00 8.715574e-02 9.961947e-01
    outer loop
      vertex   -4.187500e+02 -1.133722e+01 3.218766e+02
      vertex   -4.250000e+02 -1.103333e+01 3.218500e+02
      vertex   -4.250000e+02 -1.133722e+01 3.218766e+02
    endloop
  endfacet
  facet normal 0.000000e+00 2.588190e-01 9.659258e-01
    outer loop
      vertex   -4.187500e+02 -1.133722e+01 3.218766e+02
      vertex   -4.250000e+02 -1.133722e+01 3.218766e+02
      vertex   -4.187500e+02 -1.163187e+01 3.219555e+02
    endloop
  endfacet
  facet normal 0.000000e+00 2.588190e-01 9.659258e-01
    outer loop
      vertex   -4.187500e+02 -1.163187e+01 3.219555e+02
      vertex   -4.250000e+02 -1.133722e+01 3.218766e+02
      vertex   -4.250000e+02 -1.163187e+01 3.219555e+02
    endloop
  endfacet
  facet normal 0.000000e+00 4.226183e-01 9.063078e-01
    outer loop
      vertex   -4.187500e+02 -1.163187e+01 3.219555e+02
      vertex   -4.250000e+02 -1.163187e+01 3.219555e+02
      vertex   -4.187500e+02 -1.190833e+01 3.220845e+02
    endloop
  endfacet
  facet normal 0.000000e+00 4.226183e-01 9.063078e-01
    outer loop
      vertex   -4.187500e+02 -1.190833e+01 3.220845e+02
      vertex   -4.250000e+02 -1.163187e+01 3.219555e+02
      vertex   -4.250000e+02 -1.190833e+01 3.220845e+02
    endloop
  endfacet
  facet normal 0.000000e+00 5.735764e-01 8.191520e-01
    outer loop
      vertex   -4.187500e+02 -1.190833e+01 3.220845e+02
      vertex   -4.250000e+02 -1.190833e+01 3.220845e+02
      vertex   -4.187500e+02 -1.215821e+01 3.222594e+02
    endloop
  endfacet
  facet normal 0.000000e+00 5.735764e-01 8.191520e-01
    outer loop
      vertex   -4.187500e+02 -1.215821e+01 3.222594e+02
      vertex   -4.250000e+02 -1.190833e+01 3.220845e+02
      vertex   -4.250000e+02 -1.215821e+01 3.222594e+02
    endloop
  endfacet
  facet normal 0.000000e+00 7.071068e-01 7.071068e-01
    outer loop
      vertex   -4.187500e+02 -1.215821e+01 3.222594e+02
      vertex   -4.250000e+02 -1.215821e+01 3.222594e+02
      vertex   -4.187500e+02 -1.237391e+01 3.224751e+02
    endloop
  endfacet
  facet normal 0.000000e+00 7.071068e-01 7.071068e-01
    outer loop
      vertex   -4.187500e+02 -1.237391e+01 3.224751e+02
      vertex   -4.250000e+02 -1.215821e+01 3.222594e+02
      vertex   -4.250000e+02 -1.237391e+01 3.224751e+02
    endloop
  endfacet
  facet normal 0.000000e+00 8.191520e-01 5.735764e-01
    outer loop
      vertex   -4.187500e+02 -1.237391e+01 3.224751e+02
      vertex   -4.250000e+02 -1.237391e+01 3.224751e+02
      vertex   -4.187500e+02 -1.254888e+01 3.227250e+02
    endloop
  endfacet
  facet normal 0.000000e+00 8.191520e-01 5.735764e-01
    outer loop
      vertex   -4.187500e+02 -1.254888e+01 3.227250e+02
      vertex   -4.250000e+02 -1.237391e+01 3.224751e+02
      vertex   -4.250000e+02 -1.254888e+01 3.227250e+02
    endloop
  endfacet
  facet normal 0.000000e+00 9.063078e-01 4.226183e-01
    outer loop
      vertex   -4.187500e+02 -1.254888e+01 3.227250e+02
      vertex   -4.250000e+02 -1.254888e+01 3.227250e+02
      vertex   -4.187500e+02 -1.267780e+01 3.230015e+02
    endloop
  endfacet
  facet normal 0.000000e+00 9.063078e-01 4.226183e-01
    outer loop
      vertex   -4.187500e+02 -1.267780e+01 3.230015e+02
      vertex   -4.250000e+02 -1.254888e+01 3.227250e+02
      vertex   -4.250000e+02 -1.267780e+01 3.230015e+02
    endloop
  endfacet
  facet normal 0.000000e+00 9.659258e-01 2.588190e-01
    outer loop
      vertex   -4.187500e+02 -1.267780e+01 3.230015e+02
      vertex   -4.250000e+02 -1.267780e+01 3.230015e+02
      vertex   -4.187500e+02 -1.275675e+01 3.232961e+02
    endloop
  endfacet
  facet normal 0.000000e+00 9.659258e-01 2.588190e-01
    outer loop
      vertex   -4.187500e+02 -1.275675e+01 3.232961e+02
      vertex   -4.250000e+02 -1.267780e+01 3.230015e+02
      vertex   -4.250000e+02 -1.275675e+01 3.232961e+02
    endloop
  endfacet
  facet normal 0.000000e+00 9.961947e-01 8.715574e-02
    outer loop
      vertex   -4.187500e+02 -1.275675e+01 3.232961e+02
      vertex   -4.250000e+02 -1.275675e+01 3.232961e+02
      vertex   -4.187500e+02 -1.278333e+01 3.236000e+02
    endloop
  endfacet
  facet normal 0.000000e+00 9.961947e-01 8.715574e-02
    outer loop
      vertex   -4.187500e+02 -1.278333e+01 3.236000e+02
      vertex   -4.250000e+02 -1.275675e+01 3.232961e+02
      vertex   -4.250000e+02 -1.278333e+01 3.236000e+02
    endloop
  endfacet
  facet normal 0.000000e+00 9.961947e-01 -8.715574e-02
    outer loop
      vertex   -4.187500e+02 -1.278333e+01 3.236000e+02
      vertex   -4.250000e+02 -1.278333e+01 3.236000e+02
      vertex   -4.187500e+02 -1.275675e+01 3.239039e+02
    endloop
  endfacet
  facet normal 0.000000e+00 9.961947e-01 -8.715574e-02
    outer loop
      vertex   -4.187500e+02 -1.275675e+01 3.239039e+02
      vertex   -4.250000e+02 -1.278333e+01 3.236000e+02
      vertex   -4.250000e+02 -1.275675e+01 3.239039e+02
    endloop
  endfacet
  facet normal 0.000000e+00 9.659258e-01 -2.588190e-01
    outer loop
      vertex   -4.187500e+02 -1.275675e+01 3.239039e+02
      vertex   -4.250000e+02 -1.275675e+01 3.239039e+02
      vertex   -4.187500e+02 -1.267780e+01 3.241985e+02
    endloop
  endfacet
  facet normal 0.000000e+00 9.659258e-01 -2.588190e-01
    outer loop
      vertex   -4.187500e+02 -1.267780e+01 3.241985e+02
      vertex   -4.250000e+02 -1.275675e+01 3.239039e+02
      vertex   -4.250000e+02 -1.267780e+01 3.241985e+02
    endloop
  endfacet
  facet normal 0.000000e+00 9.063078e-01 -4.226183e-01
    outer loop
      vertex   -4.187500e+02 -1.267780e+01 3.241985e+02
      vertex   -4.250000e+02 -1.267780e+01 3.241985e+02
      vertex   -4.187500e+02 -1.254888e+01 3.244750e+02
    endloop
  endfacet
  facet normal 0.000000e+00 9.063078e-01 -4.226183e-01
    outer loop
      vertex   -4.187500e+02 -1.254888e+01 3.244750e+02
      vertex   -4.250000e+02 -1.267780e+01 3.241985e+02
      vertex   -4.250000e+02 -1.254888e+01 3.244750e+02
    endloop
  endfacet
  facet normal 0.000000e+00 8.191520e-01 -5.735764e-01
    outer loop
      vertex   -4.187500e+02 -1.254888e+01 3.244750e+02
      vertex   -4.250000e+02 -1.254888e+01 3.244750e+02
      vertex   -4.187500e+02 -1.237391e+01 3.247249e+02
    endloop
  endfacet
  facet normal 0.000000e+00 8.191520e-01 -5.735764e-01
    outer loop
      vertex   -4.187500e+02 -1.237391e+01 3.247249e+02
      vertex   -4.250000e+02 -1.254888e+01 3.244750e+02
      vertex   -4.250000e+02 -1.237391e+01 3.247249e+02
    endloop
  endfacet
  facet normal 0.000000e+00 7.071068e-01 -7.071068e-01
    outer loop
      vertex   -4.187500e+02 -1.237391e+01 3.247249e+02
      vertex   -4.250000e+02 -1.237391e+01 3.247249e+02
      vertex   -4.187500e+02 -1.215821e+01 3.249406e+02
    endloop
  endfacet
  facet normal 0.000000e+00 7.071068e-01 -7.071068e-01
    outer loop
      vertex   -4.187500e+02 -1.215821e+01 3.249406e+02
      vertex   -4.250000e+02 -1.237391e+01 3.247249e+02
      vertex   -4.250000e+02 -1.215821e+01 3.249406e+02
    endloop
  endfacet
  facet normal 0.000000e+00 5.735764e-01 -8.191520e-01
    outer loop
      vertex   -4.187500e+02 -1.215821e+01 3.249406e+02
      vertex   -4.250000e+02 -1.215821e+01 3.249406e+02
      vertex   -4.187500e+02 -1.190833e+01 3.251155e+02
    endloop
  endfacet
  facet normal 0.000000e+00 5.735764e-01 -8.191520e-01
    outer loop
      vertex   -4.187500e+02 -1.190833e+01 3.251155e+02
      vertex   -4.250000e+02 -1.215821e+01 3.249406e+02
      vertex   -4.250000e+02 -1.190833e+01 3.251155e+02
    endloop
  endfacet
  facet normal 0.000000e+00 4.226183e-01 -9.063078e-01
    outer loop
      vertex   -4.187500e+02 -1.190833e+01 3.251155e+02
      vertex   -4.250000e+02 -1.190833e+01 3.251155e+02
      vertex   -4.187500e+02 -1.163187e+01 3.252445e+02
    endloop
  endfacet
  facet normal 0.000000e+00 4.226183e-01 -9.063078e-01
    outer loop
      vertex   -4.187500e+02 -1.163187e+01 3.252445e+02
      vertex   -4.250000e+02 -1.190833e+01 3.251155e+02
      vertex   -4.250000e+02 -1.163187e+01 3.252445e+02
    endloop
  endfacet
  facet normal 0.000000e+00 2.588190e-01 -9.659258e-01
    outer loop
      vertex   -4.187500e+02 -1.163187e+01 3.252445e+02
      vertex   -4.250000e+02 -1.163187e+01 3.252445e+02
      vertex   -4.187500e+02 -1.133722e+01 3.253234e+02
    endloop
  endfacet
  facet normal 0.000000e+00 2.588190e-01 -9.659258e-01
    outer loop
      vertex   -4.187500e+02 -1.133722e+01 3.253234e+02
      vertex   -4.250000e+02 -1.163187e+01 3.252445e+02
      vertex   -4.250000e+02 -1.133722e+01 3.253234e+02
    endloop
  endfacet
  facet normal 0.000000e+00 8.715574e-02 -9.961947e-01
    outer loop
      vertex   -4.187500e+02 -1.133722e+01 3.253234e+02
      vertex   -4.250000e+02 -1.133722e+01 3.253234e+02
      vertex   -4.187500e+02 -1.103333e+01 3.253500e+02
    endloop
  endfacet
  facet normal 0.000000e+00 8.715574e-02 -9.961947e-01
    outer loop
      vertex   -4.187500e+02 -1.103333e+01 3.253500e+02
      vertex   -4.250000e+02 -1.133722e+01 3.253234e+02
      vertex   -4.250000e+02 -1.103333e+01 3.253500e+02
    endloop
  endfacet
  facet normal -0.000000e+00 -8.715574e-02 -9.961947e-01
    outer loop
      vertex   -4.187500e+02 -1.103333e+01 3.253500e+02
      vertex   -4.250000e+02 -1.103333e+01 3.253500e+02
      vertex   -4.187500e+02 -1.072945e+01 3.253234e+02
    endloop
  endfacet
  facet normal -0.000000e+00 -8.715574e-02 -9.961947e-01
    outer loop
      vertex   -4.187500e+02 -1.072945e+01 3.253234e+02
      vertex   -4.250000e+02 -1.103333e+01 3.253500e+02
      vertex   -4.250000e+02 -1.072945e+01 3.253234e+02
    endloop
  endfacet
  facet normal -0.000000e+00 -2.588190e-01 -9.659258e-01
    outer loop
      vertex   -4.187500e+02 -1.072945e+01 3.253234e+02
      vertex   -4.250000e+02 -1.072945e+01 3.253234e+02
      vertex   -4.187500e+02 -1.043480e+01 3.252445e+02
    endloop
  endfacet
  facet normal -0.000000e+00 -2.588190e-01 -9.659258e-01
    outer loop
      vertex   -4.187500e+02 -1.043480e+01 3.252445e+02
      vertex   -4.250000e+02 -1.072945e+01 3.253234e+02
      vertex   -4.250000e+02 -1.043480e+01 3.252445e+02
    endloop
  endfacet
  facet normal -0.000000e+00 -4.226183e-01 -9.063078e-01
    outer loop
      vertex   -4.187500e+02 -1.043480e+01 3.252445e+02
      vertex   -4.250000e+02 -1.043480e+01 3.252445e+02
      vertex   -4.187500e+02 -1.015833e+01 3.251155e+02
    endloop
  endfacet
  facet normal -0.000000e+00 -4.226183e-01 -9.063078e-01
    outer loop
      vertex   -4.187500e+02 -1.015833e+01 3.251155e+02
      vertex   -4.250000e+02 -1.043480e+01 3.252445e+02
      vertex   -4.250000e+02 -1.015833e+01 3.251155e+02
    endloop
  endfacet
  facet normal -0.000000e+00 -5.735764e-01 -8.191520e-01
    outer loop
      vertex   -4.187500e+02 -1.015833e+01 3.251155e+02
      vertex   -4.250000e+02 -1.015833e+01 3.251155e+02
      vertex   -4.187500e+02 -9.908455e+00 3.249406e+02
    endloop
  endfacet
  facet normal -0.000000e+00 -5.735764e-01 -8.191520e-01
    outer loop
      vertex   -4.187500e+02 -9.908455e+00 3.249406e+02
      vertex   -4.250000e+02 -1.015833e+01 3.251155e+02
      vertex   -4.250000e+02 -9.908455e+00 3.249406e+02
    endloop
  endfacet
  facet normal -0.000000e+00 -7.071068e-01 -7.071068e-01
    outer loop
      vertex   -4.187500e+02 -9.908455e+00 3.249406e+02
      vertex   -4.250000e+02 -9.908455e+00 3.249406e+02
      vertex   -4.187500e+02 -9.692756e+00 3.247249e+02
    endloop
  endfacet
  facet normal -0.000000e+00 -7.071068e-01 -7.071068e-01
    outer loop
      vertex   -4.187500e+02 -9.692756e+00 3.247249e+02
      vertex   -4.250000e+02 -9.908455e+00 3.249406e+02
      vertex   -4.250000e+02 -9.692756e+00 3.247249e+02
    endloop
  endfacet
  facet normal -0.000000e+00 -8.191520e-01 -5.735764e-01
    outer loop
      vertex   -4.187500e+02 -9.692756e+00 3.247249e+02
      vertex   -4.250000e+02 -9.692756e+00 3.247249e+02
      vertex   -4.187500e+02 -9.517789e+00 3.244750e+02
    endloop
  endfacet
  facet normal -0.000000e+00 -8.191520e-01 -5.735764e-01
    outer loop
      vertex   -4.187500e+02 -9.517789e+00 3.244750e+02
      vertex   -4.250000e+02 -9.692756e+00 3.247249e+02
      vertex   -4.250000e+02 -9.517789e+00 3.244750e+02
    endloop
  endfacet
  facet normal -0.000000e+00 -9.063078e-01 -4.226183e-01
    outer loop
      vertex   -4.187500e+02 -9.517789e+00 3.244750e+02
      vertex   -4.250000e+02 -9.517789e+00 3.244750e+02
      vertex   -4.187500e+02 -9.388871e+00 3.241985e+02
    endloop
  endfacet
  facet normal -0.000000e+00 -9.063078e-01 -4.226183e-01
    outer loop
      vertex   -4.187500e+02 -9.388871e+00 3.241985e+02
      vertex   -4.250000e+02 -9.517789e+00 3.244750e+02
      vertex   -4.250000e+02 -9.388871e+00 3.241985e+02
    endloop
  endfacet
  facet normal -0.000000e+00 -9.659258e-01 -2.588190e-01
    outer loop
      vertex   -4.187500e+02 -9.388871e+00 3.241985e+02
      vertex   -4.250000e+02 -9.388871e+00 3.241985e+02
      vertex   -4.187500e+02 -9.309920e+00 3.239039e+02
    endloop
  endfacet
  facet normal -0.000000e+00 -9.659258e-01 -2.588190e-01
    outer loop
      vertex   -4.187500e+02 -9.309920e+00 3.239039e+02
      vertex   -4.250000e+02 -9.388871e+00 3.241985e+02
      vertex   -4.250000e+02 -9.309920e+00 3.239039e+02
    endloop
  endfacet
  facet normal -0.000000e+00 -9.961947e-01 -8.715574e-02
    outer loop
      vertex   -4.187500e+02 -9.309920e+00 3.239039e+02
      vertex   -4.250000e+02 -9.309920e+00 3.239039e+02
      vertex   -4.187500e+02 -9.283333e+00 3.236000e+02
    endloop
  endfacet
  facet normal -0.000000e+00 -9.961947e-01 -8.715574e-02
    outer loop
      vertex   -4.187500e+02 -9.283333e+00 3.236000e+02
      vertex   -4.250000e+02 -9.309920e+00 3.239039e+02
      vertex   -4.250000e+02 -9.283333e+00 3.236000e+02
    endloop
  endfacet
  facet normal 0.000000e+00 -9.961947e-01 8.715574e-02
    outer loop
      vertex   -4.187500e+02 -9.283333e+00 3.236000e+02
      vertex   -4.250000e+02 -9.283333e+00 3.236000e+02
      vertex   -4.187500e+02 -9.309920e+00 3.232961e+02
    endloop
  endfacet
  facet normal 0.000000e+00 -9.961947e-01 8.715574e-02
    outer loop
      vertex   -4.187500e+02 -9.309920e+00 3.232961e+02
      vertex   -4.250000e+02 -9.283333e+00 3.236000e+02
      vertex   -4.250000e+02 -9.309920e+00 3.232961e+02
    endloop
  endfacet
  facet normal 0.000000e+00 -9.659258e-01 2.588190e-01
    outer loop
      vertex   -4.187500e+02 -9.309920e+00 3.232961e+02
      vertex   -4.250000e+02 -9.309920e+00 3.232961e+02
      vertex   -4.187500e+02 -9.388871e+00 3.230015e+02
    endloop
  endfacet
  facet normal 0.000000e+00 -9.659258e-01 2.588190e-01
    outer loop
      vertex   -4.187500e+02 -9.388871e+00 3.230015e+02
      vertex   -4.250000e+02 -9.309920e+00 3.232961e+02
      vertex   -4.250000e+02 -9.388871e+00 3.230015e+02
    endloop
  endfacet
  facet normal 0.000000e+00 -9.063078e-01 4.226183e-01
    outer loop
      vertex   -4.187500e+02 -9.388871e+00 3.230015e+02
      vertex   -4.250000e+02 -9.388871e+00 3.230015e+02
      vertex   -4.187500e+02 -9.517789e+00 3.227250e+02
    endloop
  endfacet
  facet normal 0.000000e+00 -9.063078e-01 4.226183e-01
    outer loop
      vertex   -4.187500e+02 -9.517789e+00 3.227250e+02
      vertex   -4.250000e+02 -9.388871e+00 3.230015e+02
      vertex   -4.250000e+02 -9.517789e+00 3.227250e+02
    endloop
  endfacet
  facet normal 0.000000e+00 -8.191520e-01 5.735764e-01
    outer loop
      vertex   -4.187500e+02 -9.517789e+00 3.227250e+02
      vertex   -4.250000e+02 -9.517789e+00 3.227250e+02
      vertex   -4.187500e+02 -9.692756e+00 3.224751e+02
    endloop
  endfacet
  facet normal 0.000000e+00 -8.191520e-01 5.735764e-01
    outer loop
      vertex   -4.187500e+02 -9.692756e+00 3.224751e+02
      vertex   -4.250000e+02 -9.517789e+00 3.227250e+02
      vertex   -4.250000e+02 -9.692756e+00 3.224751e+02
    endloop
  endfacet
  facet normal 0.000000e+00 -7.071068e-01 7.071068e-01
    outer loop
      vertex   -4.187500e+02 -9.692756e+00 3.224751e+02
      vertex   -4.250000e+02 -9.692756e+00 3.224751e+02
      vertex   -4.187500e+02 -9.908455e+00 3.222594e+02
    endloop
  endfacet
  facet normal 0.000000e+00 -7.071068e-01 7.071068e-01
    outer loop
      vertex   -4.187500e+02 -9.908455e+00 3.222594e+02
      vertex   -4.250000e+02 -9.692756e+00 3.224751e+02
      vertex   -4.250000e+02 -9.908455e+00 3.222594e+02
    endloop
  endfacet
  facet normal 0.000000e+00 -5.735764e-01 8.191520e-01
    outer loop
      vertex   -4.187500e+02 -9.908455e+00 3.222594e+02
      vertex   -4.250000e+02 -9.908455e+00 3.222594e+02
      vertex   -4.187500e+02 -1.015833e+01 3.220845e+02
    endloop
  endfacet
  facet normal 0.000000e+00 -5.735764e-01 8.191520e-01
    outer loop
      vertex   -4.187500e+02 -1.015833e+01 3.220845e+02
      vertex   -4.250000e+02 -9.908455e+00 3.222594e+02
      vertex   -4.250000e+02 -1.015833e+01 3.220845e+02
    endloop
  endfacet
  facet normal 0.000000e+00 -4.226183e-01 9.063078e-01
    outer loop
      vertex   -4.187500e+02 -1.015833e+01 3.220845e+02
      vertex   -4.250000e+02 -1.015833e+01 3.220845e+02
      vertex   -4.187500e+02 -1.043480e+01 3.219555e+02
    endloop
  endfacet
  facet normal 0.000000e+00 -4.226183e-01 9.063078e-01
    outer loop
      vertex   -4.187500e+02 -1.043480e+01 3.219555e+02
      vertex   -4.250000e+02 -1.015833e+01 3.220845e+02
      vertex   -4.250000e+02 -1.043480e+01 3.219555e+02
    endloop
  endfacet
  facet normal 0.000000e+00 -2.588190e-01 9.659258e-01
    outer loop
      vertex   -4.187500e+02 -1.043480e+01 3.219555e+02
      vertex   -4.250000e+02 -1.043480e+01 3.219555e+02
      vertex   -4.187500e+02 -1.072945e+01 3.218766e+02
    endloop
  endfacet
  facet normal 0.000000e+00 -2.588190e-01 9.659258e-01
    outer loop
      vertex   -4.187500e+02 -1.072945e+01 3.218766e+02
      vertex   -4.250000e+02 -1.043480e+01 3.219555e+02
      vertex   -4.250000e+02 -1.072945e+01 3.218766e+02
    endloop
  endfacet
  facet normal 0.000000e+00 -8.715574e-02 9.961947e-01
    outer loop
      vertex   -4.187500e+02 -1.072945e+01 3.218766e+02
      vertex   -4.250000e+02 -1.072945e+01 3.218766e+02
      vertex   -4.187500e+02 -1.103333e+01 3.218500e+02
    endloop
  endfacet
  facet normal 0.000000e+00 -8.715574e-02 9.961947e-01
    outer loop
      vertex   -4.187500e+02 -1.103333e+01 3.218500e+02
      vertex   -4.250000e+02 -1.072945e+01 3.218766e+02
      vertex   -4.250000e+02 -1.103333e+01 3.218500e+02
    endloop
  endfacet
  facet normal 0.000000e+00 8.715574e-02 9.961947e-01
    outer loop
      vertex   -4.250000e+02 -1.103333e+01 3.218500e+02
      vertex   -4.312500e+02 -1.103333e+01 3.218500e+02
      vertex   -4.250000e+02 -1.133722e+01 3.218766e+02
    endloop
  endfacet
  facet normal 0.000000e+00 8.715574e-02 9.961947e-01
    outer loop
      vertex   -4.250000e+02 -1.133722e+01 3.218766e+02
      vertex   -4.312500e+02 -1.103333e+01 3.218500e+02
      vertex   -4.312500e+02 -1.133722e+01 3.218766e+02
    endloop
  endfacet
  facet normal 0.000000e+00 2.588190e-01 9.659258e-01
    outer loop
      vertex   -4.250000e+02 -1.133722e+01 3.218766e+02
      vertex   -4.312500e+02 -1.133722e+01 3.218766e+02
      vertex   -4.250000e+02 -1.163187e+01 3.219555e+02
    endloop
  endfacet
  facet normal 0.000000e+00 2.588190e-01 9.659258e-01
    outer loop
      vertex   -4.250000e+02 -1.163187e+01 3.219555e+02
      vertex   -4.312500e+02 -1.133722e+01 3.218766e+02
      vertex   -4.312500e+02 -1.163187e+01 3.219555e+02
    endloop
  endfacet
  facet normal 0.000000e+00 4.226183e-01 9.063078e-01
    outer loop
      vertex   -4.250000e+02 -1.163187e+01 3.219555e+02
      vertex   -4.312500e+02 -1.163187e+01 3.219555e+02
      vertex   -4.250000e+02 -1.190833e+01 3.220845e+02
    endloop
  endfacet
  facet normal 0.000000e+00 4.226183e-01 9.063078e-01
    outer loop
      vertex   -4.250000e+02 -1.190833e+01 3.220845e+02
      vertex   -4.312500e+02 -1.163187e+01 3.219555e+02
      vertex   -4.312500e+02 -1.190833e+01 3.220845e+02
    endloop
  endfacet
  facet normal 0.000000e+00 5.735764e-01 8.191520e-01
    outer loop
      vertex   -4.250000e+02 -1.190833e+01 3.220845e+02
      vertex   -4.312500e+02 -1.190833e+01 3.220845e+02
      vertex   -4.250000e+02 -1.215821e+01 3.222594e+02
    endloop
  endfacet
  facet normal 0.000000e+00 5.735764e-01 8.191520e-01
    outer loop
      vertex   -4.250000e+02 -1.215821e+01 3.222594e+02
      vertex   -4.312500e+02 -1.190833e+01 3.220845e+02
      vertex   -4.312500e+02 -1.215821e+01 3.222594e+02
    endloop
  endfacet
  facet normal 0.000000e+00 7.071068e-01 7.071068e-01
    outer loop
      vertex   -4.250000e+02 -1.215821e+01 3.222594e+02
      vertex   -4.312500e+02 -1.215821e+01 3.222594e+02
      vertex   -4.250000e+02 -1.237391e+01 3.224751e+02
    endloop
  endfacet
  facet normal 0.000000e+00 7.071068e-01 7.071068e-01
    outer loop
      vertex   -4.250000e+02 -1.237391e+01 3.224751e+02
      vertex   -4.312500e+02 -1.215821e+01 3.222594e+02
      vertex   -4.312500e+02 -1.237391e+01 3.224751e+02
    endloop
  endfacet
  facet normal 0.000000e+00 8.191520e-01 5.735764e-01
    outer loop
      vertex   -4.250000e+02 -1.237391e+01 3.224751e+02
      vertex   -4.312500e+02 -1.237391e+01 3.224751e+02
      vertex   -4.250000e+02 -1.254888e+01 3.227250e+02
    endloop
  endfacet
  facet normal 0.000000e+00 8.191520e-01 5.735764e-01
    outer loop
      vertex   -4.250000e+02 -1.254888e+01 3.227250e+02
      vertex   -4.312500e+02 -1.237391e+01 3.224751e+02
      vertex   -4.312500e+02 -1.254888e+01 3.227250e+02
    endloop
  endfacet
  facet normal 0.000000e+00 9.063078e-01 4.226183e-01
    outer loop
      vertex   -4.250000e+02 -1.254888e+01 3.227250e+02
      vertex   -4.312500e+02 -1.254888e+01 3.227250e+02
      vertex   -4.250000e+02 -1.267780e+01 3.230015e+02
    endloop
  endfacet
  facet normal 0.000000e+00 9.063078e-01 4.226183e-01
    outer loop
      vertex   -4.250000e+02 -1.267780e+01 3.230015e+02
      vertex   -4.312500e+02 -1.254888e+01 3.227250e+02
      vertex   -4.312500e+02 -1.267780e+01 3.230015e+02
    endloop
  endfacet
  facet normal 0.000000e+00 9.659258e-01 2.588190e-01
    outer loop
      vertex   -4.250000e+02 -1.267780e+01 3.230015e+02
      vertex   -4.312500e+02 -1.267780e+01 3.230015e+02
      vertex   -4.250000e+02 -1.275675e+01 3.232961e+02
    endloop
  endfacet
  facet normal 0.000000e+00 9.659258e-01 2.588190e-01
    outer loop
      vertex   -4.250000e+02 -1.275675e+01 3.232961e+02
      vertex   -4.312500e+02 -1.267780e+01 3.230015e+02
      vertex   -4.312500e+02 -1.275675e+01 3.232961e+02
    endloop
  endfacet
  facet normal 0.000000e+00 9.961947e-01 8.715574e-02
    outer loop
      vertex   -4.250000e+02 -1.275675e+01 3.232961e+02
      vertex   -4.312500e+02 -1.275675e+01 3.232961e+02
      vertex   -4.250000e+02 -1.278333e+01 3.236000e+02
    endloop
  endfacet
  facet normal 0.000000e+00 9.961947e-01 8.715574e-02
    outer loop
      vertex   -4.250000e+02 -1.278333e+01 3.236000e+02
      vertex   -4.312500e+02 -1.275675e+01 3.232961e+02
      vertex   -4.312500e+02 -1.278333e+01 3.236000e+02
    endloop
  endfacet
  facet normal 0.000000e+00 9.961947e-01 -8.715574e-02
    outer loop
      vertex   -4.250000e+02 -1.278333e+01 3.236000e+02
      vertex   -4.312500e+02 -1.278333e+01 3.236000e+02
      vertex   -4.250000e+02 -1.275675e+01 3.239039e+02
    endloop
  endfacet
  facet normal 0.000000e+00 9.961947e-01 -8.715574e-02
    outer loop
      vertex   -4.250000e+02 -1.275675e+01 3.239039e+02
      vertex   -4.312500e+02 -1.278333e+01 3.236000e+02
      vertex   -4.312500e+02 -1.275675e+01 3.239039e+02
    endloop
  endfacet
  facet normal 0.000000e+00 9.659258e-01 -2.588190e-01
    outer loop
      vertex   -4.250000e+02 -1.275675e+01 3.239039e+02
      vertex   -4.312500e+02 -1.275675e+01 3.239039e+02
      vertex   -4.250000e+02 -1.267780e+01 3.241985e+02
    endloop
  endfacet
  facet normal 0.000000e+00 9.659258e-01 -2.588190e-01
    outer loop
      vertex   -4.250000e+02 -1.267780e+01 3.241985e+02
      vertex   -4.312500e+02 -1.275675e+01 3.239039e+02
      vertex   -4.312500e+02 -1.267780e+01 3.241985e+02
    endloop
  endfacet
  facet normal 0.000000e+00 9.063078e-01 -4.226183e-01
    outer loop
      vertex   -4.250000e+02 -1.267780e+01 3.241985e+02
      vertex   -4.312500e+02 -1.267780e+01 3.241985e+02
      vertex   -4.250000e+02 -1.254888e+01 3.244750e+02
    endloop
  endfacet
  facet normal 0.000000e+00 9.063078e-01 -4.226183e-01
    outer loop
      vertex   -4.250000e+02 -1.254888e+01 3.244750e+02
      vertex   -4.312500e+02 -1.267780e+01 3.241985e+02
      vertex   -4.312500e+02 -1.254888e+01 3.244750e+02
    endloop
  endfacet
  facet normal 0.000000e+00 8.191520e-01 -5.735764e-01
    outer loop
      vertex   -4.250000e+02 -1.254888e+01 3.244750e+02
      vertex   -4.312500e+02 -1.254888e+01 3.244750e+02
      vertex   -4.250000e+02 -1.237391e+01 3.247249e+02
    endloop
  endfacet
  facet normal 0.000000e+00 8.191520e-01 -5.735764e-01
    outer loop
      vertex   -4.250000e+02 -1.237391e+01 3.247249e+02
      vertex   -4.312500e+02 -1.254888e+01 3.244750e+02
      vertex   -4.312500e+02 -1.237391e+01 3.247249e+02
    endloop
  endfacet
  facet normal 0.000000e+00 7.071068e-01 -7.071068e-01
    outer loop
      vertex   -4.250000e+02 -1.237391e+01 3.247249e+02
      vertex   -4.312500e+02 -1.237391e+01 3.247249e+02
      vertex   -4.250000e+02 -1.215821e+01 3.249406e+02
    endloop
  endfacet
  facet normal 0.000000e+00 7.071068e-01 -7.071068e-01
    outer loop
      vertex   -4.250000e+02 -1.215821e+01 3.249406e+02
      vertex   -4.312500e+02 -1.237391e+01 3.247249e+02
      vertex   -4.312500e+02 -1.215821e+01 3.249406e+02
    endloop
  endfacet
  facet normal 0.000000e+00 5.735764e-01 -8.191520e-01
    outer loop
      vertex   -4.250000e+02 -1.215821e+01 3.249406e+02
      vertex   -4.312500e+02 -1.215821e+01 3.249406e+02
      vertex   -4.250000e+02 -1.190833e+01 3.251155e+02
    endloop
  endfacet
  facet normal 0.000000e+00 5.735764e-01 -8.191520e-01
    outer loop
      vertex   -4.250000e+02 -1.190833e+01 3.251155e+02
      vertex   -4.312500e+02 -1.215821e+01 3.249406e+02
      vertex   -4.312500e+02 -1.190833e+01 3.251155e+02
    endloop
  endfacet
  facet normal 0.000000e+00 4.226183e-01 -9.063078e-01
    outer loop
      vertex   -4.250000e+02 -1.190833e+01 3.251155e+02
      vertex   -4.312500e+02 -1.190833e+01 3.251155e+02
      vertex   -4.250000e+02 -1.163187e+01 3.252445e+02
    endloop
  endfacet
  facet normal 0.000000e+00 4.226183e-01 -9.063078e-01
    outer loop
      vertex   -4.250000e+02 -1.163187e+01 3.252445e+02
      vertex   -4.312500e+02 -1.190833e+01 3.251155e+02
      vertex   -4.312500e+02 -1.163187e+01 3.252445e+02
    endloop
  endfacet
  facet normal 0.000000e+00 2.588190e-01 -9.659258e-01
    outer loop
      vertex   -4.250000e+02 -1.163187e+01 3.252445e+02
      vertex   -4.312500e+02 -1.163187e+01 3.252445e+02
      vertex   -4.250000e+02 -1.133722e+01 3.253234e+02
    endloop
  endfacet
  facet normal 0.000000e+00 2.588190e-01 -9.659258e-01
    outer loop
      vertex   -4.250000e+02 -1.133722e+01 3.253234e+02
      vertex   -4.312500e+02 -1.163187e+01 3.252445e+02
      vertex   -4.312500e+02 -1.133722e+01 3.253234e+02
    endloop
  endfacet
  facet normal 0.000000e+00 8.715574e-02 -9.961947e-01
    outer loop
      vertex   -4.250000e+02 -1.133722e+01 3.253234e+02
      vertex   -4.312500e+02 -1.133722e+01 3.253234e+02
      vertex   -4.250000e+02 -1.103333e+01 3.253500e+02
    endloop
  endfacet
  facet normal 0.000000e+00 8.715574e-02 -9.961947e-01
    outer loop
      vertex   -4.250000e+02 -1.103333e+01 3.253500e+02
      vertex   -4.312500e+02 -1.133722e+01 3.253234e+02
      vertex   -4.312500e+02 -1.103333e+01 3.253500e+02
    endloop
  endfacet
  facet normal -0.000000e+00 -8.715574e-02 -9.961947e-01
    outer loop
      vertex   -4.250000e+02 -1.103333e+01 3.253500e+02
      vertex   -4.312500e+02 -1.103333e+01 3.253500e+02
      vertex   -4.250000e+02 -1.072945e+01 3.253234e+02
    endloop
  endfacet
  facet normal -0.000000e+00 -8.715574e-02 -9.961947e-01
    outer loop
      vertex   -4.250000e+02 -1.072945e+01 3.253234e+02
      vertex   -4.312500e+02 -1.103333e+01 3.253500e+02
      vertex   -4.312500e+02 -1.072945e+01 3.253234e+02
    endloop
  endfacet
  facet normal -0.000000e+00 -2.588190e-01 -9.659258e-01
    outer loop
      vertex   -4.250000e+02 -1.072945e+01 3.253234e+02
      vertex   -4.312500e+02 -1.072945e+01 3.253234e+02
      vertex   -4.250000e+02 -1.043480e+01 3.252445e+02
    endloop
  endfacet
  facet normal -0.000000e+00 -2.588190e-01 -9.659258e-01
    outer loop
      vertex   -4.250000e+02 -1.043480e+01 3.252445e+02
      vertex   -4.312500e+02 -1.072945e+01 3.253234e+02
      vertex   -4.312500e+02 -1.043480e+01 3.252445e+02
    endloop
  endfacet
  facet normal -0.000000e+00 -4.226183e-01 -9.063078e-01
    outer loop
      vertex   -4.250000e+02 -1.043480e+01 3.252445e+02
      vertex   -4.312500e+02 -1.043480e+01 3.252445e+02
      vertex   -4.250000e+02 -1.015833e+01 3.251155e+02
    endloop
  endfacet
  facet normal -0.000000e+00 -4.226183e-01 -9.063078e-01
    outer loop
      vertex   -4.250000e+02 -1.015833e+01 3.251155e+02
      vertex   -4.312500e+02 -1.043480e+01 3.252445e+02
      vertex   -4.312500e+02 -1.015833e+01 3.251155e+02
    endloop
  endfacet
  facet normal -0.000000e+00 -5.735764e-01 -8.191520e-01
    outer loop
      vertex   -4.250000e+02 -1.015833e+01 3.251155e+02
      vertex   -4.312500e+02 -1.015833e+01 3.251155e+02
      vertex   -4.250000e+02 -9.908455e+00 3.249406e+02
    endloop
  endfacet
  facet normal -0.000000e+00 -5.735764e-01 -8.191520e-01
    outer loop
      vertex   -4.250000e+02 -9.908455e+00 3.249406e+02
      vertex   -4.312500e+02 -1.015833e+01 3.251155e+02
      vertex   -4.312500e+02 -9.908455e+00 3.249406e+02
    endloop
  endfacet
  facet normal -0.000000e+00 -7.071068e-01 -7.071068e-01
    outer loop
      vertex   -4.250000e+02 -9.908455e+00 3.249406e+02
      vertex   -4.312500e+02 -9.908455e+00 3.249406e+02
      vertex   -4.250000e+02 -9.692756e+00 3.247249e+02
    endloop
  endfacet
  facet normal -0.000000e+00 -7.071068e-01 -7.071068e-01
    outer loop
      vertex   -4.250000e+02 -9.692756e+00 3.247249e+02
      vertex   -4.312500e+02 -9.908455e+00 3.249406e+02
      vertex   -4.312500e+02 -9.692756e+00 3.247249e+02
    endloop
  endfacet
  facet normal -0.000000e+00 -8.191520e-01 -5.735764e-01
    outer loop
      vertex   -4.250000e+02 -9.692756e+00 3.247249e+02
      vertex   -4.312500e+02 -9.692756e+00 3.247249e+02
      vertex   -4.250000e+02 -9.517789e+00 3.244750e+02
    endloop
  endfacet
  facet normal -0.000000e+00 -8.191520e-01 -5.735764e-01
    outer loop
      vertex   -4.250000e+02 -9.517789e+00 3.244750e+02
      vertex   -4.312500e+02 -9.692756e+00 3.247249e+02
      vertex   -4.312500e+02 -9.517789e+00 3.244750e+02
    endloop
  endfacet
  facet normal -0.000000e+00 -9.063078e-01 -4.226183e-01
    outer loop
      vertex   -4.250000e+02 -9.517789e+00 3.244750e+02
      vertex   -4.312500e+02 -9.517789e+00 3.244750e+02
      vertex   -4.250000e+02 -9.388871e+00 3.241985e+02
    endloop
  endfacet
  facet normal -0.000000e+00 -9.063078e-01 -4.226183e-01
    outer loop
      vertex   -4.250000e+02 -9.388871e+00 3.241985e+02
      vertex   -4.312500e+02 -9.517789e+00 3.244750e+02
      vertex   -4.312500e+02 -9.388871e+00 3.241985e+02
    endloop
  endfacet
  facet normal -0.000000e+00 -9.659258e-01 -2.588190e-01
    outer loop
      vertex   -4.250000e+02 -9.388871e+00 3.241985e+02
      vertex   -4.312500e+02 -9.388871e+00 3.241985e+02
      vertex   -4.250000e+02 -9.309920e+00 3.239039e+02
    endloop
  endfacet
  facet normal -0.000000e+00 -9.659258e-01 -2.588190e-01
    outer loop
      vertex   -4.250000e+02 -9.309920e+00 3.239039e+02
      vertex   -4.312500e+02 -9.388871e+00 3.241985e+02
      vertex   -4.312500e+02 -9.309920e+00 3.239039e+02
    endloop
  endfacet
  facet normal -0.000000e+00 -9.961947e-01 -8.715574e-02
    outer loop
      vertex   -4.250000e+02 -9.309920e+00 3.239039e+02
      vertex   -4.312500e+02 -9.309920e+00 3.239039e+02
      vertex   -4.250000e+02 -9.283333e+00 3.236000e+02
    endloop
  endfacet
  facet normal -0.000000e+00 -9.961947e-01 -8.715574e-02
    outer loop
      vertex   -4.250000e+02 -9.283333e+00 3.236000e+02
      vertex   -4.312500e+02 -9.309920e+00 3.239039e+02
      vertex   -4.312500e+02 -9.283333e+00 3.236000e+02
    endloop
  endfacet
  facet normal 0.000000e+00 -9.961947e-01 8.715574e-02
    outer loop
      vertex   -4.250000e+02 -9.283333e+00 3.236000e+02
      vertex   -4.312500e+02 -9.283333e+00 3.236000e+02
      vertex   -4.250000e+02 -9.309920e+00 3.232961e+02
    endloop
  endfacet
  facet normal 0.000000e+00 -9.961947e-01 8.715574e-02
    outer loop
      vertex   -4.250000e+02 -9.309920e+00 3.232961e+02
      vertex   -4.312500e+02 -9.283333e+00 3.236000e+02
      vertex   -4.312500e+02 -9.309920e+00 3.232961e+02
    endloop
  endfacet
  facet normal 0.000000e+00 -9.659258e-01 2.588190e-01
    outer loop
      vertex   -4.250000e+02 -9.309920e+00 3.232961e+02
      vertex   -4.312500e+02 -9.309920e+00 3.232961e+02
      vertex   -4.250000e+02 -9.388871e+00 3.230015e+02
    endloop
  endfacet
  facet normal 0.000000e+00 -9.659258e-01 2.588190e-01
    outer loop
      vertex   -4.250000e+02 -9.388871e+00 3.230015e+02
      vertex   -4.312500e+02 -9.309920e+00 3.232961e+02
      vertex   -4.312500e+02 -9.388871e+00 3.230015e+02
    endloop
  endfacet
  facet normal 0.000000e+00 -9.063078e-01 4.226183e-01
    outer loop
      vertex   -4.250000e+02 -9.388871e+00 3.230015e+02
      vertex   -4.312500e+02 -9.388871e+00 3.230015e+02
      vertex   -4.250000e+02 -9.517789e+00 3.227250e+02
    endloop
  endfacet
  facet normal 0.000000e+00 -9.063078e-01 4.226183e-01
    outer loop
      vertex   -4.250000e+02 -9.517789e+00 3.227250e+02
      vertex   -4.312500e+02 -9.388871e+00 3.230015e+02
      vertex   -4.312500e+02 -9.517789e+00 3.227250e+02
    endloop
  endfacet
  facet normal 0.000000e+00 -8.191520e-01 5.735764e-01
    outer loop
      vertex   -4.250000e+02 -9.517789e+00 3.227250e+02
      vertex   -4.312500e+02 -9.517789e+00 3.227250e+02
      vertex   -4.250000e+02 -9.692756e+00 3.224751e+02
    endloop
  endfacet
  facet normal 0.000000e+00 -8.191520e-01 5.735764e-01
    outer loop
      vertex   -4.250000e+02 -9.692756e+00 3.224751e+02
      vertex   -4.312500e+02 -9.517789e+00 3.227250e+02
      vertex   -4.312500e+02 -9.692756e+00 3.224751e+02
    endloop
  endfacet
  facet normal 0.000000e+00 -7.071068e-01 7.071068e-01
    outer loop
      vertex   -4.250000e+02 -9.692756e+00 3.224751e+02
      vertex   -4.312500e+02 -9.692756e+00 3.224751e+02
      vertex   -4.250000e+02 -9.908455e+00 3.222594e+02
    endloop
  endfacet
  facet normal 0.000000e+00 -7.071068e-01 7.071068e-01
    outer loop
      vertex   -4.250000e+02 -9.908455e+00 3.222594e+02
      vertex   -4.312500e+02 -9.692756e+00 3.224751e+02
      vertex   -4.312500e+02 -9.908455e+00 3.222594e+02
    endloop
  endfacet
  facet normal 0.000000e+00 -5.735764e-01 8.191520e-01
    outer loop
      vertex   -4.250000e+02 -9.908455e+00 3.222594e+02
      vertex   -4.312500e+02 -9.908455e+00 3.222594e+02
      vertex   -4.250000e+02 -1.015833e+01 3.220845e+02
    endloop
  endfacet
  facet normal 0.000000e+00 -5.735764e-01 8.191520e-01
    outer loop
      vertex   -4.250000e+02 -1.015833e+01 3.220845e+02
      vertex   -4.312500e+02 -9.908455e+00 3.222594e+02
      vertex   -4.312500e+02 -1.015833e+01 3.220845e+02
    endloop
  endfacet
  facet normal 0.000000e+00 -4.226183e-01 9.063078e-01
    outer loop
      vertex   -4.250000e+02 -1.015833e+01 3.220845e+02
      vertex   -4.312500e+02 -1.015833e+01 3.220845e+02
      vertex   -4.250000e+02 -1.043480e+01 3.219555e+02
    endloop
  endfacet
  facet normal 0.000000e+00 -4.226183e-01 9.063078e-01
    outer loop
      vertex   -4.250000e+02 -1.043480e+01 3.219555e+02
      vertex   -4.312500e+02 -1.015833e+01 3.220845e+02
      vertex   -4.312500e+02 -1.043480e+01 3.219555e+02
    endloop
  endfacet
  facet normal 0.000000e+00 -2.588190e-01 9.659258e-01
    outer loop
      vertex   -4.250000e+02 -1.043480e+01 3.219555e+02
      vertex   -4.312500e+02 -1.043480e+01 3.219555e+02
      vertex   -4.250000e+02 -1.072945e+01 3.218766e+02
    endloop
  endfacet
  facet normal 0.000000e+00 -2.588190e-01 9.659258e-01
    outer loop
      vertex   -4.250000e+02 -1.072945e+01 3.218766e+02
      vertex   -4.312500e+02 -1.043480e+01 3.219555e+02
      vertex   -4.312500e+02 -1.072945e+01 3.218766e+02
    endloop
  endfacet
  facet normal 0.000000e+00 -8.715574e-02 9.961947e-01
    outer loop
      vertex   -4.250000e+02 -1.072945e+01 3.218766e+02
      vertex   -4.312500e+02 -1.072945e+01 3.218766e+02
      vertex   -4.250000e+02 -1.103333e+01 3.218500e+02
    endloop
  endfacet
  facet normal 0.000000e+00 -8.715574e-02 9.961947e-01
    outer loop
      vertex   -4.250000e+02 -1.103333e+01 3.218500e+02
      vertex   -4.312500e+02 -1.072945e+01 3.218766e+02
      vertex   -4.312500e+02 -1.103333e+01 3.218500e+02
    endloop
  endfacet
  facet normal 0.000000e+00 8.715574e-02 9.961947e-01
    outer loop
      vertex   -4.312500e+02 -1.103333e+01 3.218500e+02
      vertex   -4.375000e+02 -1.103333e+01 3.218500e+02
      vertex   -4.312500e+02 -1.133722e+01 3.218766e+02
    endloop
  endfacet
  facet normal 0.000000e+00 8.715574e-02 9.961947e-01
    outer loop
      vertex   -4.312500e+02 -1.133722e+01 3.218766e+02
      vertex   -4.375000e+02 -1.103333e+01 3.218500e+02
      vertex   -4.375000e+02 -1.133722e+01 3.218766e+02
    endloop
  endfacet
  facet normal 0.000000e+00 2.588190e-01 9.659258e-01
    outer loop
      vertex   -4.312500e+02 -1.133722e+01 3.218766e+02
      vertex   -4.375000e+02 -1.133722e+01 3.218766e+02
      vertex   -4.312500e+02 -1.163187e+01 3.219555e+02
    endloop
  endfacet
  facet normal 0.000000e+00 2.588190e-01 9.659258e-01
    outer loop
      vertex   -4.312500e+02 -1.163187e+01 3.219555e+02
      vertex   -4.375000e+02 -1.133722e+01 3.218766e+02
      vertex   -4.375000e+02 -1.163187e+01 3.219555e+02
    endloop
  endfacet
  facet normal 0.000000e+00 4.226183e-01 9.063078e-01
    outer loop
      vertex   -4.312500e+02 -1.163187e+01 3.219555e+02
      vertex   -4.375000e+02 -1.163187e+01 3.219555e+02
      vertex   -4.312500e+02 -1.190833e+01 3.220845e+02
    endloop
  endfacet
  facet normal 0.000000e+00 4.226183e-01 9.063078e-01
    outer loop
      vertex   -4.312500e+02 -1.190833e+01 3.220845e+02
      vertex   -4.375000e+02 -1.163187e+01 3.219555e+02
      vertex   -4.375000e+02 -1.190833e+01 3.220845e+02
    endloop
  endfacet
  facet normal 0.000000e+00 5.735764e-01 8.191520e-01
    outer loop
      vertex   -4.312500e+02 -1.190833e+01 3.220845e+02
      vertex   -4.375000e+02 -1.190833e+01 3.220845e+02
      vertex   -4.312500e+02 -1.215821e+01 3.222594e+02
    endloop
  endfacet
  facet normal 0.000000e+00 5.735764e-01 8.191520e-01
    outer loop
      vertex   -4.312500e+02 -1.215821e+01 3.222594e+02
      vertex   -4.375000e+02 -1.190833e+01 3.220845e+02
      vertex   -4.375000e+02 -1.215821e+01 3.222594e+02
    endloop
  endfacet
  facet normal 0.000000e+00 7.071068e-01 7.071068e-01
    outer loop
      vertex   -4.312500e+02 -1.215821e+01 3.222594e+02
      vertex   -4.375000e+02 -1.215821e+01 3.222594e+02
      vertex   -4.312500e+02 -1.237391e+01 3.224751e+02
    endloop
  endfacet
  facet normal 0.000000e+00 7.071068e-01 7.071068e-01
    outer loop
      vertex   -4.312500e+02 -1.237391e+01 3.224751e+02
      vertex   -4.375000e+02 -1.215821e+01 3.222594e+02
      vertex   -4.375000e+02 -1.237391e+01 3.224751e+02
    endloop
  endfacet
  facet normal 0.000000e+00 8.191520e-01 5.735764e-01
    outer loop
      vertex   -4.312500e+02 -1.237391e+01 3.224751e+02
      vertex   -4.375000e+02 -1.237391e+01 3.224751e+02
      vertex   -4.312500e+02 -1.254888e+01 3.227250e+02
    endloop
  endfacet
  facet normal 0.000000e+00 8.191520e-01 5.735764e-01
    outer loop
      vertex   -4.312500e+02 -1.254888e+01 3.227250e+02
      vertex   -4.375000e+02 -1.237391e+01 3.224751e+02
      vertex   -4.375000e+02 -1.254888e+01 3.227250e+02
    endloop
  endfacet
  facet normal 0.000000e+00 9.063078e-01 4.226183e-01
    outer loop
      vertex   -4.312500e+02 -1.254888e+01 3.227250e+02
      vertex   -4.375000e+02 -1.254888e+01 3.227250e+02
      vertex   -4.312500e+02 -1.267780e+01 3.230015e+02
    endloop
  endfacet
  facet normal 0.000000e+00 9.063078e-01 4.226183e-01
    outer loop
      vertex   -4.312500e+02 -1.267780e+01 3.230015e+02
      vertex   -4.375000e+02 -1.254888e+01 3.227250e+02
      vertex   -4.375000e+02 -1.267780e+01 3.230015e+02
    endloop
  endfacet
  facet normal 0.000000e+00 9.659258e-01 2.588190e-01
    outer loop
      vertex   -4.312500e+02 -1.267780e+01 3.230015e+02
      vertex   -4.375000e+02 -1.267780e+01 3.230015e+02
      vertex   -4.312500e+02 -1.275675e+01 3.232961e+02
    endloop
  endfacet
  facet normal 0.000000e+00 9.659258e-01 2.588190e-01
    outer loop
      vertex   -4.312500e+02 -1.275675e+01 3.232961e+02
      vertex   -4.375000e+02 -1.267780e+01 3.230015e+02
      vertex   -4.375000e+02 -1.275675e+01 3.232961e+02
    endloop
  endfacet
  facet normal 0.000000e+00 9.961947e-01 8.715574e-02
    outer loop
      vertex   -4.312500e+02 -1.275675e+01 3.232961e+02
      vertex   -4.375000e+02 -1.275675e+01 3.232961e+02
      vertex   -4.312500e+02 -1.278333e+01 3.236000e+02
    endloop
  endfacet
  facet normal 0.000000e+00 9.961947e-01 8.715574e-02
    outer loop
      vertex   -4.312500e+02 -1.278333e+01 3.236000e+02
      vertex   -4.375000e+02 -1.275675e+01 3.232961e+02
      vertex   -4.375000e+02 -1.278333e+01 3.236000e+02
    endloop
  endfacet
  facet normal 0.000000e+00 9.961947e-01 -8.715574e-02
    outer loop
      vertex   -4.312500e+02 -1.278333e+01 3.236000e+02
      vertex   -4.375000e+02 -1.278333e+01 3.236000e+02
      vertex   -4.312500e+02 -1.275675e+01 3.239039e+02
    endloop
  endfacet
  facet normal 0.000000e+00 9.961947e-01 -8.715574e-02
    outer loop
      vertex   -4.312500e+02 -1.275675e+01 3.239039e+02
      vertex   -4.375000e+02 -1.278333e+01 3.236000e+02
      vertex   -4.375000e+02 -1.275675e+01 3.239039e+02
    endloop
  endfacet
  facet normal 0.000000e+00 9.659258e-01 -2.588190e-01
    outer loop
      vertex   -4.312500e+02 -1.275675e+01 3.239039e+02
      vertex   -4.375000e+02 -1.275675e+01 3.239039e+02
      vertex   -4.312500e+02 -1.267780e+01 3.241985e+02
    endloop
  endfacet
  facet normal 0.000000e+00 9.659258e-01 -2.588190e-01
    outer loop
      vertex   -4.312500e+02 -1.267780e+01 3.241985e+02
      vertex   -4.375000e+02 -1.275675e+01 3.239039e+02
      vertex   -4.375000e+02 -1.267780e+01 3.241985e+02
    endloop
  endfacet
  facet normal 0.000000e+00 9.063078e-01 -4.226183e-01
    outer loop
      vertex   -4.312500e+02 -1.267780e+01 3.241985e+02
      vertex   -4.375000e+02 -1.267780e+01 3.241985e+02
      vertex   -4.312500e+02 -1.254888e+01 3.244750e+02
    endloop
  endfacet
  facet normal 0.000000e+00 9.063078e-01 -4.226183e-01
    outer loop
      vertex   -4.312500e+02 -1.254888e+01 3.244750e+02
      vertex   -4.375000e+02 -1.267780e+01 3.241985e+02
      vertex   -4.375000e+02 -1.254888e+01 3.244750e+02
    endloop
  endfacet
  facet normal 0.000000e+00 8.191520e-01 -5.735764e-01
    outer loop
      vertex   -4.312500e+02 -1.254888e+01 3.244750e+02
      vertex   -4.375000e+02 -1.254888e+01 3.244750e+02
      vertex   -4.312500e+02 -1.237391e+01 3.247249e+02
    endloop
  endfacet
  facet normal 0.000000e+00 8.191520e-01 -5.735764e-01
    outer loop
      vertex   -4.312500e+02 -1.237391e+01 3.247249e+02
      vertex   -4.375000e+02 -1.254888e+01 3.244750e+02
      vertex   -4.375000e+02 -1.237391e+01 3.247249e+02
    endloop
  endfacet
  facet normal 0.000000e+00 7.071068e-01 -7.071068e-01
    outer loop
      vertex   -4.312500e+02 -1.237391e+01 3.247249e+02
      vertex   -4.375000e+02 -1.237391e+01 3.247249e+02
      vertex   -4.312500e+02 -1.215821e+01 3.249406e+02
    endloop
  endfacet
  facet normal 0.000000e+00 7.071068e-01 -7.071068e-01
    outer loop
      vertex   -4.312500e+02 -1.215821e+01 3.249406e+02
      vertex   -4.375000e+02 -1.237391e+01 3.247249e+02
      vertex   -4.375000e+02 -1.215821e+01 3.249406e+02
    endloop
  endfacet
  facet normal 0.000000e+00 5.735764e-01 -8.191520e-01
    outer loop
      vertex   -4.312500e+02 -1.215821e+01 3.249406e+02
      vertex   -4.375000e+02 -1.215821e+01 3.249406e+02
      vertex   -4.312500e+02 -1.190833e+01 3.251155e+02
    endloop
  endfacet
  facet normal 0.000000e+00 5.735764e-01 -8.191520e-01
    outer loop
      vertex   -4.312500e+02 -1.190833e+01 3.251155e+02
      vertex   -4.375000e+02 -1.215821e+01 3.249406e+02
      vertex   -4.375000e+02 -1.190833e+01 3.251155e+02
    endloop
  endfacet
  facet normal 0.000000e+00 4.226183e-01 -9.063078e-01
    outer loop
      vertex   -4.312500e+02 -1.190833e+01 3.251155e+02
      vertex   -4.375000e+02 -1.190833e+01 3.251155e+02
      vertex   -4.312500e+02 -1.163187e+01 3.252445e+02
    endloop
  endfacet
  facet normal 0.000000e+00 4.226183e-01 -9.063078e-01
    outer loop
      vertex   -4.312500e+02 -1.163187e+01 3.252445e+02
      vertex   -4.375000e+02 -1.190833e+01 3.251155e+02
      vertex   -4.375000e+02 -1.163187e+01 3.252445e+02
    endloop
  endfacet
  facet normal 0.000000e+00 2.588190e-01 -9.659258e-01
    outer loop
      vertex   -4.312500e+02 -1.163187e+01 3.252445e+02
      vertex   -4.375000e+02 -1.163187e+01 3.252445e+02
      vertex   -4.312500e+02 -1.133722e+01 3.253234e+02
    endloop
  endfacet
  facet normal 0.000000e+00 2.588190e-01 -9.659258e-01
    outer loop
      vertex   -4.312500e+02 -1.133722e+01 3.253234e+02
      vertex   -4.375000e+02 -1.163187e+01 3.252445e+02
      vertex   -4.375000e+02 -1.133722e+01 3.253234e+02
    endloop
  endfacet
  facet normal 0.000000e+00 8.715574e-02 -9.961947e-01
    outer loop
      vertex   -4.312500e+02 -1.133722e+01 3.253234e+02
      vertex   -4.375000e+02 -1.133722e+01 3.253234e+02
      vertex   -4.312500e+02 -1.103333e+01 3.253500e+02
    endloop
  endfacet
  facet normal 0.000000e+00 8.715574e-02 -9.961947e-01
    outer loop
      vertex   -4.312500e+02 -1.103333e+01 3.253500e+02
      vertex   -4.375000e+02 -1.133722e+01 3.253234e+02
      vertex   -4.375000e+02 -1.103333e+01 3.253500e+02
    endloop
  endfacet
  facet normal -0.000000e+00 -8.715574e-02 -9.961947e-01
    outer loop
      vertex   -4.312500e+02 -1.103333e+01 3.253500e+02
      vertex   -4.375000e+02 -1.103333e+01 3.253500e+02
      vertex   -4.312500e+02 -1.072945e+01 3.253234e+02
    endloop
  endfacet
  facet normal -0.000000e+00 -8.715574e-02 -9.961947e-01
    outer loop
      vertex   -4.312500e+02 -1.072945e+01 3.253234e+02
      vertex   -4.375000e+02 -1.103333e+01 3.253500e+02
      vertex   -4.375000e+02 -1.072945e+01 3.253234e+02
    endloop
  endfacet
  facet normal -0.000000e+00 -2.588190e-01 -9.659258e-01
    outer loop
      vertex   -4.312500e+02 -1.072945e+01 3.253234e+02
      vertex   -4.375000e+02 -1.072945e+01 3.253234e+02
      vertex   -4.312500e+02 -1.043480e+01 3.252445e+02
    endloop
  endfacet
  facet normal -0.000000e+00 -2.588190e-01 -9.659258e-01
    outer loop
      vertex   -4.312500e+02 -1.043480e+01 3.252445e+02
      vertex   -4.375000e+02 -1.072945e+01 3.253234e+02
      vertex   -4.375000e+02 -1.043480e+01 3.252445e+02
    endloop
  endfacet
  facet normal -0.000000e+00 -4.226183e-01 -9.063078e-01
    outer loop
      vertex   -4.312500e+02 -1.043480e+01 3.252445e+02
      vertex   -4.375000e+02 -1.043480e+01 3.252445e+02
      vertex   -4.312500e+02 -1.015833e+01 3.251155e+02
    endloop
  endfacet
  facet normal -0.000000e+00 -4.226183e-01 -9.063078e-01
    outer loop
      vertex   -4.312500e+02 -1.015833e+01 3.251155e+02
      vertex   -4.375000e+02 -1.043480e+01 3.252445e+02
      vertex   -4.375000e+02 -1.015833e+01 3.251155e+02
    endloop
  endfacet
  facet normal -0.000000e+00 -5.735764e-01 -8.191520e-01
    outer loop
      vertex   -4.312500e+02 -1.015833e+01 3.251155e+02
      vertex   -4.375000e+02 -1.015833e+01 3.251155e+02
      vertex   -4.312500e+02 -9.908455e+00 3.249406e+02
    endloop
  endfacet
  facet normal -0.000000e+00 -5.735764e-01 -8.191520e-01
    outer loop
      vertex   -4.312500e+02 -9.908455e+00 3.249406e+02
      vertex   -4.375000e+02 -1.015833e+01 3.251155e+02
      vertex   -4.375000e+02 -9.908455e+00 3.249406e+02
    endloop
  endfacet
  facet normal -0.000000e+00 -7.071068e-01 -7.071068e-01
    outer loop
      vertex   -4.312500e+02 -9.908455e+00 3.249406e+02
      vertex   -4.375000e+02 -9.908455e+00 3.249406e+02
      vertex   -4.312500e+02 -9.692756e+00 3.247249e+02
    endloop
  endfacet
  facet normal -0.000000e+00 -7.071068e-01 -7.071068e-01
    outer loop
      vertex   -4.312500e+02 -9.692756e+00 3.247249e+02
      vertex   -4.375000e+02 -9.908455e+00 3.249406e+02
      vertex   -4.375000e+02 -9.692756e+00 3.247249e+02
    endloop
  endfacet
  facet normal -0.000000e+00 -8.191520e-01 -5.735764e-01
    outer loop
      vertex   -4.312500e+02 -9.692756e+00 3.247249e+02
      vertex   -4.375000e+02 -9.692756e+00 3.247249e+02
      vertex   -4.312500e+02 -9.517789e+00 3.244750e+02
    endloop
  endfacet
  facet normal -0.000000e+00 -8.191520e-01 -5.735764e-01
    outer loop
      vertex   -4.312500e+02 -9.517789e+00 3.244750e+02
      vertex   -4.375000e+02 -9.692756e+00 3.247249e+02
      vertex   -4.375000e+02 -9.517789e+00 3.244750e+02
    endloop
  endfacet
  facet normal -0.000000e+00 -9.063078e-01 -4.226183e-01
    outer loop
      vertex   -4.312500e+02 -9.517789e+00 3.244750e+02
      vertex   -4.375000e+02 -9.517789e+00 3.244750e+02
      vertex   -4.312500e+02 -9.388871e+00 3.241985e+02
    endloop
  endfacet
  facet normal -0.000000e+00 -9.063078e-01 -4.226183e-01
    outer loop
      vertex   -4.312500e+02 -9.388871e+00 3.241985e+02
      vertex   -4.375000e+02 -9.517789e+00 3.244750e+02
      vertex   -4.375000e+02 -9.388871e+00 3.241985e+02
    endloop
  endfacet
  facet normal -0.000000e+00 -9.659258e-01 -2.588190e-01
    outer loop
      vertex   -4.312500e+02 -9.388871e+00 3.241985e+02
      vertex   -4.375000e+02 -9.388871e+00 3.241985e+02
      vertex   -4.312500e+02 -9.309920e+00 3.239039e+02
    endloop
  endfacet
  facet normal -0.000000e+00 -9.659258e-01 -2.588190e-01
    outer loop
      vertex   -4.312500e+02 -9.309920e+00 3.239039e+02
      vertex   -4.375000e+02 -9.388871e+00 3.241985e+02
      vertex   -4.375000e+02 -9.309920e+00 3.239039e+02
    endloop
  endfacet
  facet normal -0.000000e+00 -9.961947e-01 -8.715574e-02
    outer loop
      vertex   -4.312500e+02 -9.309920e+00 3.239039e+02
      vertex   -4.375000e+02 -9.309920e+00 3.239039e+02
      vertex   -4.312500e+02 -9.283333e+00 3.236000e+02
    endloop
  endfacet
  facet normal -0.000000e+00 -9.961947e-01 -8.715574e-02
    outer loop
      vertex   -4.312500e+02 -9.283333e+00 3.236000e+02
      vertex   -4.375000e+02 -9.309920e+00 3.239039e+02
      vertex   -4.375000e+02 -9.283333e+00 3.236000e+02
    endloop
  endfacet
  facet normal 0.000000e+00 -9.961947e-01 8.715574e-02
    outer loop
      vertex   -4.312500e+02 -9.283333e+00 3.236000e+02
      vertex   -4.375000e+02 -9.283333e+00 3.236000e+02
      vertex   -4.312500e+02 -9.309920e+00 3.232961e+02
    endloop
  endfacet
  facet normal 0.000000e+00 -9.961947e-01 8.715574e-02
    outer loop
      vertex   -4.312500e+02 -9.309920e+00 3.232961e+02
      vertex   -4.375000e+02 -9.283333e+00 3.236000e+02
      vertex   -4.375000e+02 -9.309920e+00 3.232961e+02
    endloop
  endfacet
  facet normal 0.000000e+00 -9.659258e-01 2.588190e-01
    outer loop
      vertex   -4.312500e+02 -9.309920e+00 3.232961e+02
      vertex   -4.375000e+02 -9.309920e+00 3.232961e+02
      vertex   -4.312500e+02 -9.388871e+00 3.230015e+02
    endloop
  endfacet
  facet normal 0.000000e+00 -9.659258e-01 2.588190e-01
    outer loop
      vertex   -4.312500e+02 -9.388871e+00 3.230015e+02
      vertex   -4.375000e+02 -9.309920e+00 3.232961e+02
      vertex   -4.375000e+02 -9.388871e+00 3.230015e+02
    endloop
  endfacet
  facet normal 0.000000e+00 -9.063078e-01 4.226183e-01
    outer loop
      vertex   -4.312500e+02 -9.388871e+00 3.230015e+02
      vertex   -4.375000e+02 -9.388871e+00 3.230015e+02
      vertex   -4.312500e+02 -9.517789e+00 3.227250e+02
    endloop
  endfacet
  facet normal 0.000000e+00 -9.063078e-01 4.226183e-01
    outer loop
      vertex   -4.312500e+02 -9.517789e+00 3.227250e+02
      vertex   -4.375000e+02 -9.388871e+00 3.230015e+02
      vertex   -4.375000e+02 -9.517789e+00 3.227250e+02
    endloop
  endfacet
  facet normal 0.000000e+00 -8.191520e-01 5.735764e-01
    outer loop
      vertex   -4.312500e+02 -9.517789e+00 3.227250e+02
      vertex   -4.375000e+02 -9.517789e+00 3.227250e+02
      vertex   -4.312500e+02 -9.692756e+00 3.224751e+02
    endloop
  endfacet
  facet normal 0.000000e+00 -8.191520e-01 5.735764e-01
    outer loop
      vertex   -4.312500e+02 -9.692756e+00 3.224751e+02
      vertex   -4.375000e+02 -9.517789e+00 3.227250e+02
      vertex   -4.375000e+02 -9.692756e+00 3.224751e+02
    endloop
  endfacet
  facet normal 0.000000e+00 -7.071068e-01 7.071068e-01
    outer loop
      vertex   -4.312500e+02 -9.692756e+00 3.224751e+02
      vertex   -4.375000e+02 -9.692756e+00 3.224751e+02
      vertex   -4.312500e+02 -9.908455e+00 3.222594e+02
    endloop
  endfacet
  facet normal 0.000000e+00 -7.071068e-01 7.071068e-01
    outer loop
      vertex   -4.312500e+02 -9.908455e+00 3.222594e+02
      vertex   -4.375000e+02 -9.692756e+00 3.224751e+02
      vertex   -4.375000e+02 -9.908455e+00 3.222594e+02
    endloop
  endfacet
  facet normal 0.000000e+00 -5.735764e-01 8.191520e-01
    outer loop
      vertex   -4.312500e+02 -9.908455e+00 3.222594e+02
      vertex   -4.375000e+02 -9.908455e+00 3.222594e+02
      vertex   -4.312500e+02 -1.015833e+01 3.220845e+02
    endloop
  endfacet
  facet normal 0.000000e+00 -5.735764e-01 8.191520e-01
    outer loop
      vertex   -4.312500e+02 -1.015833e+01 3.220845e+02
      vertex   -4.375000e+02 -9.908455e+00 3.222594e+02
      vertex   -4.375000e+02 -1.015833e+01 3.220845e+02
    endloop
  endfacet
  facet normal 0.000000e+00 -4.226183e-01 9.063078e-01
    outer loop
      vertex   -4.312500e+02 -1.015833e+01 3.220845e+02
      vertex   -4.375000e+02 -1.015833e+01 3.220845e+02
      vertex   -4.312500e+02 -1.043480e+01 3.219555e+02
    endloop
  endfacet
  facet normal 0.000000e+00 -4.226183e-01 9.063078e-01
    outer loop
      vertex   -4.312500e+02 -1.043480e+01 3.219555e+02
      vertex   -4.375000e+02 -1.015833e+01 3.220845e+02
      vertex   -4.375000e+02 -1.043480e+01 3.219555e+02
    endloop
  endfacet
  facet normal 0.000000e+00 -2.588190e-01 9.659258e-01
    outer loop
      vertex   -4.312500e+02 -1.043480e+01 3.219555e+02
      vertex   -4.375000e+02 -1.043480e+01 3.219555e+02
      vertex   -4.312500e+02 -1.072945e+01 3.218766e+02
    endloop
  endfacet
  facet normal 0.000000e+00 -2.588190e-01 9.659258e-01
    outer loop
      vertex   -4.312500e+02 -1.072945e+01 3.218766e+02
      vertex   -4.375000e+02 -1.043480e+01 3.219555e+02
      vertex   -4.375000e+02 -1.072945e+01 3.218766e+02
    endloop
  endfacet
  facet normal 0.000000e+00 -8.715574e-02 9.961947e-01
    outer loop
      vertex   -4.312500e+02 -1.072945e+01 3.218766e+02
      vertex   -4.375000e+02 -1.072945e+01 3.218766e+02
      vertex   -4.312500e+02 -1.103333e+01 3.218500e+02
    endloop
  endfacet
  facet normal 0.000000e+00 -8.715574e-02 9.961947e-01
    outer loop
      vertex   -4.312500e+02 -1.103333e+01 3.218500e+02
      vertex   -4.375000e+02 -1.072945e+01 3.218766e+02
      vertex   -4.375000e+02 -1.103333e+01 3.218500e+02
    endloop
  endfacet
  facet normal 0.000000e+00 8.715574e-02 9.961947e-01
    outer loop
      vertex   -4.375000e+02 -1.103333e+01 3.218500e+02
      vertex   -4.437500e+02 -1.103333e+01 3.218500e+02
      vertex   -4.375000e+02 -1.133722e+01 3.218766e+02
    endloop
  endfacet
  facet normal 0.000000e+00 8.715574e-02 9.961947e-01
    outer loop
      vertex   -4.375000e+02 -1.133722e+01 3.218766e+02
      vertex   -4.437500e+02 -1.103333e+01 3.218500e+02
      vertex   -4.437500e+02 -1.133722e+01 3.218766e+02
    endloop
  endfacet
  facet normal 0.000000e+00 2.588190e-01 9.659258e-01
    outer loop
      vertex   -4.375000e+02 -1.133722e+01 3.218766e+02
      vertex   -4.437500e+02 -1.133722e+01 3.218766e+02
      vertex   -4.375000e+02 -1.163187e+01 3.219555e+02
    endloop
  endfacet
  facet normal 0.000000e+00 2.588190e-01 9.659258e-01
    outer loop
      vertex   -4.375000e+02 -1.163187e+01 3.219555e+02
      vertex   -4.437500e+02 -1.133722e+01 3.218766e+02
      vertex   -4.437500e+02 -1.163187e+01 3.219555e+02
    endloop
  endfacet
  facet normal 0.000000e+00 4.226183e-01 9.063078e-01
    outer loop
      vertex   -4.375000e+02 -1.163187e+01 3.219555e+02
      vertex   -4.437500e+02 -1.163187e+01 3.219555e+02
      vertex   -4.375000e+02 -1.190833e+01 3.220845e+02
    endloop
  endfacet
  facet normal 0.000000e+00 4.226183e-01 9.063078e-01
    outer loop
      vertex   -4.375000e+02 -1.190833e+01 3.220845e+02
      vertex   -4.437500e+02 -1.163187e+01 3.219555e+02
      vertex   -4.437500e+02 -1.190833e+01 3.220845e+02
    endloop
  endfacet
  facet normal 0.000000e+00 5.735764e-01 8.191520e-01
    outer loop
      vertex   -4.375000e+02 -1.190833e+01 3.220845e+02
      vertex   -4.437500e+02 -1.190833e+01 3.220845e+02
      vertex   -4.375000e+02 -1.215821e+01 3.222594e+02
    endloop
  endfacet
  facet normal 0.000000e+00 5.735764e-01 8.191520e-01
    outer loop
      vertex   -4.375000e+02 -1.215821e+01 3.222594e+02
      vertex   -4.437500e+02 -1.190833e+01 3.220845e+02
      vertex   -4.437500e+02 -1.215821e+01 3.222594e+02
    endloop
  endfacet
  facet normal 0.000000e+00 7.071068e-01 7.071068e-01
    outer loop
      vertex   -4.375000e+02 -1.215821e+01 3.222594e+02
      vertex   -4.437500e+02 -1.215821e+01 3.222594e+02
      vertex   -4.375000e+02 -1.237391e+01 3.224751e+02
    endloop
  endfacet
  facet normal 0.000000e+00 7.071068e-01 7.071068e-01
    outer loop
      vertex   -4.375000e+02 -1.237391e+01 3.224751e+02
      vertex   -4.437500e+02 -1.215821e+01 3.222594e+02
      vertex   -4.437500e+02 -1.237391e+01 3.224751e+02
    endloop
  endfacet
  facet normal 0.000000e+00 8.191520e-01 5.735764e-01
    outer loop
      vertex   -4.375000e+02 -1.237391e+01 3.224751e+02
      vertex   -4.437500e+02 -1.237391e+01 3.224751e+02
      vertex   -4.375000e+02 -1.254888e+01 3.227250e+02
    endloop
  endfacet
  facet normal 0.000000e+00 8.191520e-01 5.735764e-01
    outer loop
      vertex   -4.375000e+02 -1.254888e+01 3.227250e+02
      vertex   -4.437500e+02 -1.237391e+01 3.224751e+02
      vertex   -4.437500e+02 -1.254888e+01 3.227250e+02
    endloop
  endfacet
  facet normal 0.000000e+00 9.063078e-01 4.226183e-01
    outer loop
      vertex   -4.375000e+02 -1.254888e+01 3.227250e+02
      vertex   -4.437500e+02 -1.254888e+01 3.227250e+02
      vertex   -4.375000e+02 -1.267780e+01 3.230015e+02
    endloop
  endfacet
  facet normal 0.000000e+00 9.063078e-01 4.226183e-01
    outer loop
      vertex   -4.375000e+02 -1.267780e+01 3.230015e+02
      vertex   -4.437500e+02 -1.254888e+01 3.227250e+02
      vertex   -4.437500e+02 -1.267780e+01 3.230015e+02
    endloop
  endfacet
  facet normal 0.000000e+00 9.659258e-01 2.588190e-01
    outer loop
      vertex   -4.375000e+02 -1.267780e+01 3.230015e+02
      vertex   -4.437500e+02 -1.267780e+01 3.230015e+02
      vertex   -4.375000e+02 -1.275675e+01 3.232961e+02
    endloop
  endfacet
  facet normal 0.000000e+00 9.659258e-01 2.588190e-01
    outer loop
      vertex   -4.375000e+02 -1.275675e+01 3.232961e+02
      vertex   -4.437500e+02 -1.267780e+01 3.230015e+02
      vertex   -4.437500e+02 -1.275675e+01 3.232961e+02
    endloop
  endfacet
  facet normal 0.000000e+00 9.961947e-01 8.715574e-02
    outer loop
      vertex   -4.375000e+02 -1.275675e+01 3.232961e+02
      vertex   -4.437500e+02 -1.275675e+01 3.232961e+02
      vertex   -4.375000e+02 -1.278333e+01 3.236000e+02
    endloop
  endfacet
  facet normal 0.000000e+00 9.961947e-01 8.715574e-02
    outer loop
      vertex   -4.375000e+02 -1.278333e+01 3.236000e+02
      vertex   -4.437500e+02 -1.275675e+01 3.232961e+02
      vertex   -4.437500e+02 -1.278333e+01 3.236000e+02
    endloop
  endfacet
  facet normal 0.000000e+00 9.961947e-01 -8.715574e-02
    outer loop
      vertex   -4.375000e+02 -1.278333e+01 3.236000e+02
      vertex   -4.437500e+02 -1.278333e+01 3.236000e+02
      vertex   -4.375000e+02 -1.275675e+01 3.239039e+02
    endloop
  endfacet
  facet normal 0.000000e+00 9.961947e-01 -8.715574e-02
    outer loop
      vertex   -4.375000e+02 -1.275675e+01 3.239039e+02
      vertex   -4.437500e+02 -1.278333e+01 3.236000e+02
      vertex   -4.437500e+02 -1.275675e+01 3.239039e+02
    endloop
  endfacet
  facet normal 0.000000e+00 9.659258e-01 -2.588190e-01
    outer loop
      vertex   -4.375000e+02 -1.275675e+01 3.239039e+02
      vertex   -4.437500e+02 -1.275675e+01 3.239039e+02
      vertex   -4.375000e+02 -1.267780e+01 3.241985e+02
    endloop
  endfacet
  facet normal 0.000000e+00 9.659258e-01 -2.588190e-01
    outer loop
      vertex   -4.375000e+02 -1.267780e+01 3.241985e+02
      vertex   -4.437500e+02 -1.275675e+01 3.239039e+02
      vertex   -4.437500e+02 -1.267780e+01 3.241985e+02
    endloop
  endfacet
  facet normal 0.000000e+00 9.063078e-01 -4.226183e-01
    outer loop
      vertex   -4.375000e+02 -1.267780e+01 3.241985e+02
      vertex   -4.437500e+02 -1.267780e+01 3.241985e+02
      vertex   -4.375000e+02 -1.254888e+01 3.244750e+02
    endloop
  endfacet
  facet normal 0.000000e+00 9.063078e-01 -4.226183e-01
    outer loop
      vertex   -4.375000e+02 -1.254888e+01 3.244750e+02
      vertex   -4.437500e+02 -1.267780e+01 3.241985e+02
      vertex   -4.437500e+02 -1.254888e+01 3.244750e+02
    endloop
  endfacet
  facet normal 0.000000e+00 8.191520e-01 -5.735764e-01
    outer loop
      vertex   -4.375000e+02 -1.254888e+01 3.244750e+02
      vertex   -4.437500e+02 -1.254888e+01 3.244750e+02
      vertex   -4.375000e+02 -1.237391e+01 3.247249e+02
    endloop
  endfacet
  facet normal 0.000000e+00 8.191520e-01 -5.735764e-01
    outer loop
      vertex   -4.375000e+02 -1.237391e+01 3.247249e+02
      vertex   -4.437500e+02 -1.254888e+01 3.244750e+02
      vertex   -4.437500e+02 -1.237391e+01 3.247249e+02
    endloop
  endfacet
  facet normal 0.000000e+00 7.071068e-01 -7.071068e-01
    outer loop
      vertex   -4.375000e+02 -1.237391e+01 3.247249e+02
      vertex   -4.437500e+02 -1.237391e+01 3.247249e+02
      vertex   -4.375000e+02 -1.215821e+01 3.249406e+02
    endloop
  endfacet
  facet normal 0.000000e+00 7.071068e-01 -7.071068e-01
    outer loop
      vertex   -4.375000e+02 -1.215821e+01 3.249406e+02
      vertex   -4.437500e+02 -1.237391e+01 3.247249e+02
      vertex   -4.437500e+02 -1.215821e+01 3.249406e+02
    endloop
  endfacet
  facet normal 0.000000e+00 5.735764e-01 -8.191520e-01
    outer loop
      vertex   -4.375000e+02 -1.215821e+01 3.249406e+02
      vertex   -4.437500e+02 -1.215821e+01 3.249406e+02
      vertex   -4.375000e+02 -1.190833e+01 3.251155e+02
    endloop
  endfacet
  facet normal 0.000000e+00 5.735764e-01 -8.191520e-01
    outer loop
      vertex   -4.375000e+02 -1.190833e+01 3.251155e+02
      vertex   -4.437500e+02 -1.215821e+01 3.249406e+02
      vertex   -4.437500e+02 -1.190833e+01 3.251155e+02
    endloop
  endfacet
  facet normal 0.000000e+00 4.226183e-01 -9.063078e-01
    outer loop
      vertex   -4.375000e+02 -1.190833e+01 3.251155e+02
      vertex   -4.437500e+02 -1.190833e+01 3.251155e+02
      vertex   -4.375000e+02 -1.163187e+01 3.252445e+02
    endloop
  endfacet
  facet normal 0.000000e+00 4.226183e-01 -9.063078e-01
    outer loop
      vertex   -4.375000e+02 -1.163187e+01 3.252445e+02
      vertex   -4.437500e+02 -1.190833e+01 3.251155e+02
      vertex   -4.437500e+02 -1.163187e+01 3.252445e+02
    endloop
  endfacet
  facet normal 0.000000e+00 2.588190e-01 -9.659258e-01
    outer loop
      vertex   -4.375000e+02 -1.163187e+01 3.252445e+02
      vertex   -4.437500e+02 -1.163187e+01 3.252445e+02
      vertex   -4.375000e+02 -1.133722e+01 3.253234e+02
    endloop
  endfacet
  facet normal 0.000000e+00 2.588190e-01 -9.659258e-01
    outer loop
      vertex   -4.375000e+02 -1.133722e+01 3.253234e+02
      vertex   -4.437500e+02 -1.163187e+01 3.252445e+02
      vertex   -4.437500e+02 -1.133722e+01 3.253234e+02
    endloop
  endfacet
  facet normal 0.000000e+00 8.715574e-02 -9.961947e-01
    outer loop
      vertex   -4.375000e+02 -1.133722e+01 3.253234e+02
      vertex   -4.437500e+02 -1.133722e+01 3.253234e+02
      vertex   -4.375000e+02 -1.103333e+01 3.253500e+02
    endloop
  endfacet
  facet normal 0.000000e+00 8.715574e-02 -9.961947e-01
    outer loop
      vertex   -4.375000e+02 -1.103333e+01 3.253500e+02
      vertex   -4.437500e+02 -1.133722e+01 3.253234e+02
      vertex   -4.437500e+02 -1.103333e+01 3.253500e+02
    endloop
  endfacet
  facet normal -0.000000e+00 -8.715574e-02 -9.961947e-01
    outer loop
      vertex   -4.375000e+02 -1.103333e+01 3.253500e+02
      vertex   -4.437500e+02 -1.103333e+01 3.253500e+02
      vertex   -4.375000e+02 -1.072945e+01 3.253234e+02
    endloop
  endfacet
  facet normal -0.000000e+00 -8.715574e-02 -9.961947e-01
    outer loop
      vertex   -4.375000e+02 -1.072945e+01 3.253234e+02
      vertex   -4.437500e+02 -1.103333e+01 3.253500e+02
      vertex   -4.437500e+02 -1.072945e+01 3.253234e+02
    endloop
  endfacet
  facet normal -0.000000e+00 -2.588190e-01 -9.659258e-01
    outer loop
      vertex   -4.375000e+02 -1.072945e+01 3.253234e+02
      vertex   -4.437500e+02 -1.072945e+01 3.253234e+02
      vertex   -4.375000e+02 -1.043480e+01 3.252445e+02
    endloop
  endfacet
  facet normal -0.000000e+00 -2.588190e-01 -9.659258e-01
    outer loop
      vertex   -4.375000e+02 -1.043480e+01 3.252445e+02
      vertex   -4.437500e+02 -1.072945e+01 3.253234e+02
      vertex   -4.437500e+02 -1.043480e+01 3.252445e+02
    endloop
  endfacet
  facet normal -0.000000e+00 -4.226183e-01 -9.063078e-01
    outer loop
      vertex   -4.375000e+02 -1.043480e+01 3.252445e+02
      vertex   -4.437500e+02 -1.043480e+01 3.252445e+02
      vertex   -4.375000e+02 -1.015833e+01 3.251155e+02
    endloop
  endfacet
  facet normal -0.000000e+00 -4.226183e-01 -9.063078e-01
    outer loop
      vertex   -4.375000e+02 -1.015833e+01 3.251155e+02
      vertex   -4.437500e+02 -1.043480e+01 3.252445e+02
      vertex   -4.437500e+02 -1.015833e+01 3.251155e+02
    endloop
  endfacet
  facet normal -0.000000e+00 -5.735764e-01 -8.191520e-01
    outer loop
      vertex   -4.375000e+02 -1.015833e+01 3.251155e+02
      vertex   -4.437500e+02 -1.015833e+01 3.251155e+02
      vertex   -4.375000e+02 -9.908455e+00 3.249406e+02
    endloop
  endfacet
  facet normal -0.000000e+00 -5.735764e-01 -8.191520e-01
    outer loop
      vertex   -4.375000e+02 -9.908455e+00 3.249406e+02
      vertex   -4.437500e+02 -1.015833e+01 3.251155e+02
      vertex   -4.437500e+02 -9.908455e+00 3.249406e+02
    endloop
  endfacet
  facet normal -0.000000e+00 -7.071068e-01 -7.071068e-01
    outer loop
      vertex   -4.375000e+02 -9.908455e+00 3.249406e+02
      vertex   -4.437500e+02 -9.908455e+00 3.249406e+02
      vertex   -4.375000e+02 -9.692756e+00 3.247249e+02
    endloop
  endfacet
  facet normal -0.000000e+00 -7.071068e-01 -7.071068e-01
    outer loop
      vertex   -4.375000e+02 -9.692756e+00 3.247249e+02
      vertex   -4.437500e+02 -9.908455e+00 3.249406e+02
      vertex   -4.437500e+02 -9.692756e+00 3.247249e+02
    endloop
  endfacet
  facet normal -0.000000e+00 -8.191520e-01 -5.735764e-01
    outer loop
      vertex   -4.375000e+02 -9.692756e+00 3.247249e+02
      vertex   -4.437500e+02 -9.692756e+00 3.247249e+02
      vertex   -4.375000e+02 -9.517789e+00 3.244750e+02
    endloop
  endfacet
  facet normal -0.000000e+00 -8.191520e-01 -5.735764e-01
    outer loop
      vertex   -4.375000e+02 -9.517789e+00 3.244750e+02
      vertex   -4.437500e+02 -9.692756e+00 3.247249e+02
      vertex   -4.437500e+02 -9.517789e+00 3.244750e+02
    endloop
  endfacet
  facet normal -0.000000e+00 -9.063078e-01 -4.226183e-01
    outer loop
      vertex   -4.375000e+02 -9.517789e+00 3.244750e+02
      vertex   -4.437500e+02 -9.517789e+00 3.244750e+02
      vertex   -4.375000e+02 -9.388871e+00 3.241985e+02
    endloop
  endfacet
  facet normal -0.000000e+00 -9.063078e-01 -4.226183e-01
    outer loop
      vertex   -4.375000e+02 -9.388871e+00 3.241985e+02
      vertex   -4.437500e+02 -9.517789e+00 3.244750e+02
      vertex   -4.437500e+02 -9.388871e+00 3.241985e+02
    endloop
  endfacet
  facet normal -0.000000e+00 -9.659258e-01 -2.588190e-01
    outer loop
      vertex   -4.375000e+02 -9.388871e+00 3.241985e+02
      vertex   -4.437500e+02 -9.388871e+00 3.241985e+02
      vertex   -4.375000e+02 -9.309920e+00 3.239039e+02
    endloop
  endfacet
  facet normal -0.000000e+00 -9.659258e-01 -2.588190e-01
    outer loop
      vertex   -4.375000e+02 -9.309920e+00 3.239039e+02
      vertex   -4.437500e+02 -9.388871e+00 3.241985e+02
      vertex   -4.437500e+02 -9.309920e+00 3.239039e+02
    endloop
  endfacet
  facet normal -0.000000e+00 -9.961947e-01 -8.715574e-02
    outer loop
      vertex   -4.375000e+02 -9.309920e+00 3.239039e+02
      vertex   -4.437500e+02 -9.309920e+00 3.239039e+02
      vertex   -4.375000e+02 -9.283333e+00 3.236000e+02
    endloop
  endfacet
  facet normal -0.000000e+00 -9.961947e-01 -8.715574e-02
    outer loop
      vertex   -4.375000e+02 -9.283333e+00 3.236000e+02
      vertex   -4.437500e+02 -9.309920e+00 3.239039e+02
      vertex   -4.437500e+02 -9.283333e+00 3.236000e+02
    endloop
  endfacet
  facet normal 0.000000e+00 -9.961947e-01 8.715574e-02
    outer loop
      vertex   -4.375000e+02 -9.283333e+00 3.236000e+02
      vertex   -4.437500e+02 -9.283333e+00 3.236000e+02
      vertex   -4.375000e+02 -9.309920e+00 3.232961e+02
    endloop
  endfacet
  facet normal 0.000000e+00 -9.961947e-01 8.715574e-02
    outer loop
      vertex   -4.375000e+02 -9.309920e+00 3.232961e+02
      vertex   -4.437500e+02 -9.283333e+00 3.236000e+02
      vertex   -4.437500e+02 -9.309920e+00 3.232961e+02
    endloop
  endfacet
  facet normal 0.000000e+00 -9.659258e-01 2.588190e-01
    outer loop
      vertex   -4.375000e+02 -9.309920e+00 3.232961e+02
      vertex   -4.437500e+02 -9.309920e+00 3.232961e+02
      vertex   -4.375000e+02 -9.388871e+00 3.230015e+02
    endloop
  endfacet
  facet normal 0.000000e+00 -9.659258e-01 2.588190e-01
    outer loop
      vertex   -4.375000e+02 -9.388871e+00 3.230015e+02
      vertex   -4.437500e+02 -9.309920e+00 3.232961e+02
      vertex   -4.437500e+02 -9.388871e+00 3.230015e+02
    endloop
  endfacet
  facet normal 0.000000e+00 -9.063078e-01 4.226183e-01
    outer loop
      vertex   -4.375000e+02 -9.388871e+00 3.230015e+02
      vertex   -4.437500e+02 -9.388871e+00 3.230015e+02
      vertex   -4.375000e+02 -9.517789e+00 3.227250e+02
    endloop
  endfacet
  facet normal 0.000000e+00 -9.063078e-01 4.226183e-01
    outer loop
      vertex   -4.375000e+02 -9.517789e+00 3.227250e+02
      vertex   -4.437500e+02 -9.388871e+00 3.230015e+02
      vertex   -4.437500e+02 -9.517789e+00 3.227250e+02
    endloop
  endfacet
  facet normal 0.000000e+00 -8.191520e-01 5.735764e-01
    outer loop
      vertex   -4.375000e+02 -9.517789e+00 3.227250e+02
      vertex   -4.437500e+02 -9.517789e+00 3.227250e+02
      vertex   -4.375000e+02 -9.692756e+00 3.224751e+02
    endloop
  endfacet
  facet normal 0.000000e+00 -8.191520e-01 5.735764e-01
    outer loop
      vertex   -4.375000e+02 -9.692756e+00 3.224751e+02
      vertex   -4.437500e+02 -9.517789e+00 3.227250e+02
      vertex   -4.437500e+02 -9.692756e+00 3.224751e+02
    endloop
  endfacet
  facet normal 0.000000e+00 -7.071068e-01 7.071068e-01
    outer loop
      vertex   -4.375000e+02 -9.692756e+00 3.224751e+02
      vertex   -4.437500e+02 -9.692756e+00 3.224751e+02
      vertex   -4.375000e+02 -9.908455e+00 3.222594e+02
    endloop
  endfacet
  facet normal 0.000000e+00 -7.071068e-01 7.071068e-01
    outer loop
      vertex   -4.375000e+02 -9.908455e+00 3.222594e+02
      vertex   -4.437500e+02 -9.692756e+00 3.224751e+02
      vertex   -4.437500e+02 -9.908455e+00 3.222594e+02
    endloop
  endfacet
  facet normal 0.000000e+00 -5.735764e-01 8.191520e-01
    outer loop
      vertex   -4.375000e+02 -9.908455e+00 3.222594e+02
      vertex   -4.437500e+02 -9.908455e+00 3.222594e+02
      vertex   -4.375000e+02 -1.015833e+01 3.220845e+02
    endloop
  endfacet
  facet normal 0.000000e+00 -5.735764e-01 8.191520e-01
    outer loop
      vertex   -4.375000e+02 -1.015833e+01 3.220845e+02
      vertex   -4.437500e+02 -9.908455e+00 3.222594e+02
      vertex   -4.437500e+02 -1.015833e+01 3.220845e+02
    endloop
  endfacet
  facet normal 0.000000e+00 -4.226183e-01 9.063078e-01
    outer loop
      vertex   -4.375000e+02 -1.015833e+01 3.220845e+02
      vertex   -4.437500e+02 -1.015833e+01 3.220845e+02
      vertex   -4.375000e+02 -1.043480e+01 3.219555e+02
    endloop
  endfacet
  facet normal 0.000000e+00 -4.226183e-01 9.063078e-01
    outer loop
      vertex   -4.375000e+02 -1.043480e+01 3.219555e+02
      vertex   -4.437500e+02 -1.015833e+01 3.220845e+02
      vertex   -4.437500e+02 -1.043480e+01 3.219555e+02
    endloop
  endfacet
  facet normal 0.000000e+00 -2.588190e-01 9.659258e-01
    outer loop
      vertex   -4.375000e+02 -1.043480e+01 3.219555e+02
      vertex   -4.437500e+02 -1.043480e+01 3.219555e+02
      vertex   -4.375000e+02 -1.072945e+01 3.218766e+02
    endloop
  endfacet
  facet normal 0.000000e+00 -2.588190e-01 9.659258e-01
    outer loop
      vertex   -4.375000e+02 -1.072945e+01 3.218766e+02
      vertex   -4.437500e+02 -1.043480e+01 3.219555e+02
      vertex   -4.437500e+02 -1.072945e+01 3.218766e+02
    endloop
  endfacet
  facet normal 0.000000e+00 -8.715574e-02 9.961947e-01
    outer loop
      vertex   -4.375000e+02 -1.072945e+01 3.218766e+02
      vertex   -4.437500e+02 -1.072945e+01 3.218766e+02
      vertex   -4.375000e+02 -1.103333e+01 3.218500e+02
    endloop
  endfacet
  facet normal 0.000000e+00 -8.715574e-02 9.961947e-01
    outer loop
      vertex   -4.375000e+02 -1.103333e+01 3.218500e+02
      vertex   -4.437500e+02 -1.072945e+01 3.218766e+02
      vertex   -4.437500e+02 -1.103333e+01 3.218500e+02
    endloop
  endfacet
  facet normal 2.477115e-17 -8.715574e-02 9.961947e-01
    outer loop
      vertex   -4.000000e+02 -1.072962e+01 1.956766e+02
      vertex   -4.062500e+02 -1.072962e+01 1.956766e+02
      vertex   -4.000000e+02 -1.103350e+01 1.956500e+02
    endloop
  endfacet
  facet normal 0.000000e+00 -8.715574e-02 9.961947e-01
    outer loop
      vertex   -4.000000e+02 -1.103350e+01 1.956500e+02
      vertex   -4.062500e+02 -1.072962e+01 1.956766e+02
      vertex   -4.062500e+02 -1.103350e+01 1.956500e+02
    endloop
  endfacet
  facet normal 0.000000e+00 8.715574e-02 9.961947e-01
    outer loop
      vertex   -4.000000e+02 -1.103350e+01 1.956500e+02
      vertex   -4.062500e+02 -1.103350e+01 1.956500e+02
      vertex   -4.000000e+02 -1.133738e+01 1.956766e+02
    endloop
  endfacet
  facet normal 2.477115e-17 8.715574e-02 9.961947e-01
    outer loop
      vertex   -4.000000e+02 -1.133738e+01 1.956766e+02
      vertex   -4.062500e+02 -1.103350e+01 1.956500e+02
      vertex   -4.062500e+02 -1.133738e+01 1.956766e+02
    endloop
  endfacet
  facet normal 7.356080e-17 2.588190e-01 9.659258e-01
    outer loop
      vertex   -4.000000e+02 -1.133738e+01 1.956766e+02
      vertex   -4.062500e+02 -1.133738e+01 1.956766e+02
      vertex   -4.000000e+02 -1.163204e+01 1.957555e+02
    endloop
  endfacet
  facet normal 7.356080e-17 2.588190e-01 9.659258e-01
    outer loop
      vertex   -4.000000e+02 -1.163204e+01 1.957555e+02
      vertex   -4.062500e+02 -1.133738e+01 1.956766e+02
      vertex   -4.062500e+02 -1.163204e+01 1.957555e+02
    endloop
  endfacet
  facet normal 1.201153e-16 4.226183e-01 9.063078e-01
    outer loop
      vertex   -4.000000e+02 -1.163204e+01 1.957555e+02
      vertex   -4.062500e+02 -1.163204e+01 1.957555e+02
      vertex   -4.000000e+02 -1.190850e+01 1.958845e+02
    endloop
  endfacet
  facet normal 0.000000e+00 4.226183e-01 9.063078e-01
    outer loop
      vertex   -4.000000e+02 -1.190850e+01 1.958845e+02
      vertex   -4.062500e+02 -1.163204e+01 1.957555e+02
      vertex   -4.062500e+02 -1.190850e+01 1.958845e+02
    endloop
  endfacet
  facet normal 0.000000e+00 5.735764e-01 8.191520e-01
    outer loop
      vertex   -4.000000e+02 -1.190850e+01 1.958845e+02
      vertex   -4.062500e+02 -1.190850e+01 1.958845e+02
      vertex   -4.000000e+02 -1.215838e+01 1.960594e+02
    endloop
  endfacet
  facet normal 4.890607e-16 5.735764e-01 8.191520e-01
    outer loop
      vertex   -4.000000e+02 -1.215838e+01 1.960594e+02
      vertex   -4.062500e+02 -1.190850e+01 1.958845e+02
      vertex   -4.062500e+02 -1.215838e+01 1.960594e+02
    endloop
  endfacet
  facet normal 6.029155e-16 7.071068e-01 7.071068e-01
    outer loop
      vertex   -4.000000e+02 -1.215838e+01 1.960594e+02
      vertex   -4.062500e+02 -1.215838e+01 1.960594e+02
      vertex   -4.000000e+02 -1.237408e+01 1.962751e+02
    endloop
  endfacet
  facet normal -1.004859e-15 7.071068e-01 7.071068e-01
    outer loop
      vertex   -4.000000e+02 -1.237408e+01 1.962751e+02
      vertex   -4.062500e+02 -1.215838e+01 1.960594e+02
      vertex   -4.062500e+02 -1.237408e+01 1.962751e+02
    endloop
  endfacet
  facet normal -1.164085e-15 8.191520e-01 5.735764e-01
    outer loop
      vertex   -4.000000e+02 -1.237408e+01 1.962751e+02
      vertex   -4.062500e+02 -1.237408e+01 1.962751e+02
      vertex   -4.000000e+02 -1.254904e+01 1.965250e+02
    endloop
  endfacet
  facet normal 0.000000e+00 8.191520e-01 5.735764e-01
    outer loop
      vertex   -4.000000e+02 -1.254904e+01 1.965250e+02
      vertex   -4.062500e+02 -1.237408e+01 1.962751e+02
      vertex   -4.062500e+02 -1.254904e+01 1.965250e+02
    endloop
  endfacet
  facet normal 0.000000e+00 9.063078e-01 4.226183e-01
    outer loop
      vertex   -4.000000e+02 -1.254904e+01 1.965250e+02
      vertex   -4.062500e+02 -1.254904e+01 1.965250e+02
      vertex   -4.000000e+02 -1.267796e+01 1.968015e+02
    endloop
  endfacet
  facet normal 0.000000e+00 9.063078e-01 4.226183e-01
    outer loop
      vertex   -4.000000e+02 -1.267796e+01 1.968015e+02
      vertex   -4.062500e+02 -1.254904e+01 1.965250e+02
      vertex   -4.062500e+02 -1.267796e+01 1.968015e+02
    endloop
  endfacet
  facet normal 0.000000e+00 9.659258e-01 2.588190e-01
    outer loop
      vertex   -4.000000e+02 -1.267796e+01 1.968015e+02
      vertex   -4.062500e+02 -1.267796e+01 1.968015e+02
      vertex   -4.000000e+02 -1.275691e+01 1.970961e+02
    endloop
  endfacet
  facet normal 0.000000e+00 9.659258e-01 2.588190e-01
    outer loop
      vertex   -4.000000e+02 -1.275691e+01 1.970961e+02
      vertex   -4.062500e+02 -1.267796e+01 1.968015e+02
      vertex   -4.062500e+02 -1.275691e+01 1.970961e+02
    endloop
  endfacet
  facet normal 0.000000e+00 9.961947e-01 8.715574e-02
    outer loop
      vertex   -4.000000e+02 -1.275691e+01 1.970961e+02
      vertex   -4.062500e+02 -1.275691e+01 1.970961e+02
      vertex   -4.000000e+02 -1.278350e+01 1.974000e+02
    endloop
  endfacet
  facet normal 0.000000e+00 9.961947e-01 8.715574e-02
    outer loop
      vertex   -4.000000e+02 -1.278350e+01 1.974000e+02
      vertex   -4.062500e+02 -1.275691e+01 1.970961e+02
      vertex   -4.062500e+02 -1.278350e+01 1.974000e+02
    endloop
  endfacet
  facet normal 0.000000e+00 9.961947e-01 -8.715574e-02
    outer loop
      vertex   -4.000000e+02 -1.278350e+01 1.974000e+02
      vertex   -4.062500e+02 -1.278350e+01 1.974000e+02
      vertex   -4.000000e+02 -1.275691e+01 1.977039e+02
    endloop
  endfacet
  facet normal 0.000000e+00 9.961947e-01 -8.715574e-02
    outer loop
      vertex   -4.000000e+02 -1.275691e+01 1.977039e+02
      vertex   -4.062500e+02 -1.278350e+01 1.974000e+02
      vertex   -4.062500e+02 -1.275691e+01 1.977039e+02
    endloop
  endfacet
  facet normal 0.000000e+00 9.659258e-01 -2.588190e-01
    outer loop
      vertex   -4.000000e+02 -1.275691e+01 1.977039e+02
      vertex   -4.062500e+02 -1.275691e+01 1.977039e+02
      vertex   -4.000000e+02 -1.267796e+01 1.979985e+02
    endloop
  endfacet
  facet normal 0.000000e+00 9.659258e-01 -2.588190e-01
    outer loop
      vertex   -4.000000e+02 -1.267796e+01 1.979985e+02
      vertex   -4.062500e+02 -1.275691e+01 1.977039e+02
      vertex   -4.062500e+02 -1.267796e+01 1.979985e+02
    endloop
  endfacet
  facet normal 0.000000e+00 9.063078e-01 -4.226183e-01
    outer loop
      vertex   -4.000000e+02 -1.267796e+01 1.979985e+02
      vertex   -4.062500e+02 -1.267796e+01 1.979985e+02
      vertex   -4.000000e+02 -1.254904e+01 1.982750e+02
    endloop
  endfacet
  facet normal 0.000000e+00 9.063078e-01 -4.226183e-01
    outer loop
      vertex   -4.000000e+02 -1.254904e+01 1.982750e+02
      vertex   -4.062500e+02 -1.267796e+01 1.979985e+02
      vertex   -4.062500e+02 -1.254904e+01 1.982750e+02
    endloop
  endfacet
  facet normal 0.000000e+00 8.191520e-01 -5.735764e-01
    outer loop
      vertex   -4.000000e+02 -1.254904e+01 1.982750e+02
      vertex   -4.062500e+02 -1.254904e+01 1.982750e+02
      vertex   -4.000000e+02 -1.237408e+01 1.985249e+02
    endloop
  endfacet
  facet normal -1.164085e-15 8.191520e-01 -5.735764e-01
    outer loop
      vertex   -4.000000e+02 -1.237408e+01 1.985249e+02
      vertex   -4.062500e+02 -1.254904e+01 1.982750e+02
      vertex   -4.062500e+02 -1.237408e+01 1.985249e+02
    endloop
  endfacet
  facet normal -1.004859e-15 7.071068e-01 -7.071068e-01
    outer loop
      vertex   -4.000000e+02 -1.237408e+01 1.985249e+02
      vertex   -4.062500e+02 -1.237408e+01 1.985249e+02
      vertex   -4.000000e+02 -1.215838e+01 1.987406e+02
    endloop
  endfacet
  facet normal 6.029155e-16 7.071068e-01 -7.071068e-01
    outer loop
      vertex   -4.000000e+02 -1.215838e+01 1.987406e+02
      vertex   -4.062500e+02 -1.237408e+01 1.985249e+02
      vertex   -4.062500e+02 -1.215838e+01 1.987406e+02
    endloop
  endfacet
  facet normal 4.890607e-16 5.735764e-01 -8.191520e-01
    outer loop
      vertex   -4.000000e+02 -1.215838e+01 1.987406e+02
      vertex   -4.062500e+02 -1.215838e+01 1.987406e+02
      vertex   -4.000000e+02 -1.190850e+01 1.989155e+02
    endloop
  endfacet
  facet normal 0.000000e+00 5.735764e-01 -8.191520e-01
    outer loop
      vertex   -4.000000e+02 -1.190850e+01 1.989155e+02
      vertex   -4.062500e+02 -1.215838e+01 1.987406e+02
      vertex   -4.062500e+02 -1.190850e+01 1.989155e+02
    endloop
  endfacet
  facet normal 0.000000e+00 4.226183e-01 -9.063078e-01
    outer loop
      vertex   -4.000000e+02 -1.190850e+01 1.989155e+02
      vertex   -4.062500e+02 -1.190850e+01 1.989155e+02
      vertex   -4.000000e+02 -1.163204e+01 1.990445e+02
    endloop
  endfacet
  facet normal 1.201153e-16 4.226183e-01 -9.063078e-01
    outer loop
      vertex   -4.000000e+02 -1.163204e+01 1.990445e+02
      vertex   -4.062500e+02 -1.190850e+01 1.989155e+02
      vertex   -4.062500e+02 -1.163204e+01 1.990445e+02
    endloop
  endfacet
  facet normal 7.356080e-17 2.588190e-01 -9.659258e-01
    outer loop
      vertex   -4.000000e+02 -1.163204e+01 1.990445e+02
      vertex   -4.062500e+02 -1.163204e+01 1.990445e+02
      vertex   -4.000000e+02 -1.133738e+01 1.991234e+02
    endloop
  endfacet
  facet normal 7.356080e-17 2.588190e-01 -9.659258e-01
    outer loop
      vertex   -4.000000e+02 -1.133738e+01 1.991234e+02
      vertex   -4.062500e+02 -1.163204e+01 1.990445e+02
      vertex   -4.062500e+02 -1.133738e+01 1.991234e+02
    endloop
  endfacet
  facet normal 2.477115e-17 8.715574e-02 -9.961947e-01
    outer loop
      vertex   -4.000000e+02 -1.133738e+01 1.991234e+02
      vertex   -4.062500e+02 -1.133738e+01 1.991234e+02
      vertex   -4.000000e+02 -1.103350e+01 1.991500e+02
    endloop
  endfacet
  facet normal 0.000000e+00 8.715574e-02 -9.961947e-01
    outer loop
      vertex   -4.000000e+02 -1.103350e+01 1.991500e+02
      vertex   -4.062500e+02 -1.133738e+01 1.991234e+02
      vertex   -4.062500e+02 -1.103350e+01 1.991500e+02
    endloop
  endfacet
  facet normal -0.000000e+00 -8.715574e-02 -9.961947e-01
    outer loop
      vertex   -4.000000e+02 -1.103350e+01 1.991500e+02
      vertex   -4.062500e+02 -1.103350e+01 1.991500e+02
      vertex   -4.000000e+02 -1.072962e+01 1.991234e+02
    endloop
  endfacet
  facet normal 2.477115e-17 -8.715574e-02 -9.961947e-01
    outer loop
      vertex   -4.000000e+02 -1.072962e+01 1.991234e+02
      vertex   -4.062500e+02 -1.103350e+01 1.991500e+02
      vertex   -4.062500e+02 -1.072962e+01 1.991234e+02
    endloop
  endfacet
  facet normal 7.356080e-17 -2.588190e-01 -9.659258e-01
    outer loop
      vertex   -4.000000e+02 -1.072962e+01 1.991234e+02
      vertex   -4.062500e+02 -1.072962e+01 1.991234e+02
      vertex   -4.000000e+02 -1.043496e+01 1.990445e+02
    endloop
  endfacet
  facet normal 7.356080e-17 -2.588190e-01 -9.659258e-01
    outer loop
      vertex   -4.000000e+02 -1.043496e+01 1.990445e+02
      vertex   -4.062500e+02 -1.072962e+01 1.991234e+02
      vertex   -4.062500e+02 -1.043496e+01 1.990445e+02
    endloop
  endfacet
  facet normal 1.201153e-16 -4.226183e-01 -9.063078e-01
    outer loop
      vertex   -4.000000e+02 -1.043496e+01 1.990445e+02
      vertex   -4.062500e+02 -1.043496e+01 1.990445e+02
      vertex   -4.000000e+02 -1.015850e+01 1.989155e+02
    endloop
  endfacet
  facet normal -0.000000e+00 -4.226183e-01 -9.063078e-01
    outer loop
      vertex   -4.000000e+02 -1.015850e+01 1.989155e+02
      vertex   -4.062500e+02 -1.043496e+01 1.990445e+02
      vertex   -4.062500e+02 -1.015850e+01 1.989155e+02
    endloop
  endfacet
  facet normal -0.000000e+00 -5.735764e-01 -8.191520e-01
    outer loop
      vertex   -4.000000e+02 -1.015850e+01 1.989155e+02
      vertex   -4.062500e+02 -1.015850e+01 1.989155e+02
      vertex   -4.000000e+02 -9.908622e+00 1.987406e+02
    endloop
  endfacet
  facet normal 4.890607e-16 -5.735764e-01 -8.191520e-01
    outer loop
      vertex   -4.000000e+02 -9.908622e+00 1.987406e+02
      vertex   -4.062500e+02 -1.015850e+01 1.989155e+02
      vertex   -4.062500e+02 -9.908622e+00 1.987406e+02
    endloop
  endfacet
  facet normal 6.029155e-16 -7.071068e-01 -7.071068e-01
    outer loop
      vertex   -4.000000e+02 -9.908622e+00 1.987406e+02
      vertex   -4.062500e+02 -9.908622e+00 1.987406e+02
      vertex   -4.000000e+02 -9.692922e+00 1.985249e+02
    endloop
  endfacet
  facet normal -8.038873e-16 -7.071068e-01 -7.071068e-01
    outer loop
      vertex   -4.000000e+02 -9.692922e+00 1.985249e+02
      vertex   -4.062500e+02 -9.908622e+00 1.987406e+02
      vertex   -4.062500e+02 -9.692922e+00 1.985249e+02
    endloop
  endfacet
  facet normal -9.312681e-16 -8.191520e-01 -5.735764e-01
    outer loop
      vertex   -4.000000e+02 -9.692922e+00 1.985249e+02
      vertex   -4.062500e+02 -9.692922e+00 1.985249e+02
      vertex   -4.000000e+02 -9.517956e+00 1.982750e+02
    endloop
  endfacet
  facet normal -0.000000e+00 -8.191520e-01 -5.735764e-01
    outer loop
      vertex   -4.000000e+02 -9.517956e+00 1.982750e+02
      vertex   -4.062500e+02 -9.692922e+00 1.985249e+02
      vertex   -4.062500e+02 -9.517956e+00 1.982750e+02
    endloop
  endfacet
  facet normal -0.000000e+00 -9.063078e-01 -4.226183e-01
    outer loop
      vertex   -4.000000e+02 -9.517956e+00 1.982750e+02
      vertex   -4.062500e+02 -9.517956e+00 1.982750e+02
      vertex   -4.000000e+02 -9.389038e+00 1.979985e+02
    endloop
  endfacet
  facet normal -2.575882e-16 -9.063078e-01 -4.226183e-01
    outer loop
      vertex   -4.000000e+02 -9.389038e+00 1.979985e+02
      vertex   -4.062500e+02 -9.517956e+00 1.982750e+02
      vertex   -4.062500e+02 -9.389038e+00 1.979985e+02
    endloop
  endfacet
  facet normal -2.745326e-16 -9.659258e-01 -2.588190e-01
    outer loop
      vertex   -4.000000e+02 -9.389038e+00 1.979985e+02
      vertex   -4.062500e+02 -9.389038e+00 1.979985e+02
      vertex   -4.000000e+02 -9.310086e+00 1.977039e+02
    endloop
  endfacet
  facet normal -0.000000e+00 -9.659258e-01 -2.588190e-01
    outer loop
      vertex   -4.000000e+02 -9.310086e+00 1.977039e+02
      vertex   -4.062500e+02 -9.389038e+00 1.979985e+02
      vertex   -4.062500e+02 -9.310086e+00 1.977039e+02
    endloop
  endfacet
  facet normal -0.000000e+00 -9.961947e-01 -8.715574e-02
    outer loop
      vertex   -4.000000e+02 -9.310086e+00 1.977039e+02
      vertex   -4.062500e+02 -9.310086e+00 1.977039e+02
      vertex   -4.000000e+02 -9.283500e+00 1.974000e+02
    endloop
  endfacet
  facet normal -0.000000e+00 -9.961947e-01 -8.715574e-02
    outer loop
      vertex   -4.000000e+02 -9.283500e+00 1.974000e+02
      vertex   -4.062500e+02 -9.310086e+00 1.977039e+02
      vertex   -4.062500e+02 -9.283500e+00 1.974000e+02
    endloop
  endfacet
  facet normal 0.000000e+00 -9.961947e-01 8.715574e-02
    outer loop
      vertex   -4.000000e+02 -9.283500e+00 1.974000e+02
      vertex   -4.062500e+02 -9.283500e+00 1.974000e+02
      vertex   -4.000000e+02 -9.310086e+00 1.970961e+02
    endloop
  endfacet
  facet normal 0.000000e+00 -9.961947e-01 8.715574e-02
    outer loop
      vertex   -4.000000e+02 -9.310086e+00 1.970961e+02
      vertex   -4.062500e+02 -9.283500e+00 1.974000e+02
      vertex   -4.062500e+02 -9.310086e+00 1.970961e+02
    endloop
  endfacet
  facet normal 0.000000e+00 -9.659258e-01 2.588190e-01
    outer loop
      vertex   -4.000000e+02 -9.310086e+00 1.970961e+02
      vertex   -4.062500e+02 -9.310086e+00 1.970961e+02
      vertex   -4.000000e+02 -9.389038e+00 1.968015e+02
    endloop
  endfacet
  facet normal -2.745326e-16 -9.659258e-01 2.588190e-01
    outer loop
      vertex   -4.000000e+02 -9.389038e+00 1.968015e+02
      vertex   -4.062500e+02 -9.310086e+00 1.970961e+02
      vertex   -4.062500e+02 -9.389038e+00 1.968015e+02
    endloop
  endfacet
  facet normal -2.575882e-16 -9.063078e-01 4.226183e-01
    outer loop
      vertex   -4.000000e+02 -9.389038e+00 1.968015e+02
      vertex   -4.062500e+02 -9.389038e+00 1.968015e+02
      vertex   -4.000000e+02 -9.517956e+00 1.965250e+02
    endloop
  endfacet
  facet normal 0.000000e+00 -9.063078e-01 4.226183e-01
    outer loop
      vertex   -4.000000e+02 -9.517956e+00 1.965250e+02
      vertex   -4.062500e+02 -9.389038e+00 1.968015e+02
      vertex   -4.062500e+02 -9.517956e+00 1.965250e+02
    endloop
  endfacet
  facet normal 0.000000e+00 -8.191520e-01 5.735764e-01
    outer loop
      vertex   -4.000000e+02 -9.517956e+00 1.965250e+02
      vertex   -4.062500e+02 -9.517956e+00 1.965250e+02
      vertex   -4.000000e+02 -9.692922e+00 1.962751e+02
    endloop
  endfacet
  facet normal -9.312681e-16 -8.191520e-01 5.735764e-01
    outer loop
      vertex   -4.000000e+02 -9.692922e+00 1.962751e+02
      vertex   -4.062500e+02 -9.517956e+00 1.965250e+02
      vertex   -4.062500e+02 -9.692922e+00 1.962751e+02
    endloop
  endfacet
  facet normal -8.038873e-16 -7.071068e-01 7.071068e-01
    outer loop
      vertex   -4.000000e+02 -9.692922e+00 1.962751e+02
      vertex   -4.062500e+02 -9.692922e+00 1.962751e+02
      vertex   -4.000000e+02 -9.908622e+00 1.960594e+02
    endloop
  endfacet
  facet normal 4.019437e-16 -7.071068e-01 7.071068e-01
    outer loop
      vertex   -4.000000e+02 -9.908622e+00 1.960594e+02
      vertex   -4.062500e+02 -9.692922e+00 1.962751e+02
      vertex   -4.062500e+02 -9.908622e+00 1.960594e+02
    endloop
  endfacet
  facet normal 3.260405e-16 -5.735764e-01 8.191520e-01
    outer loop
      vertex   -4.000000e+02 -9.908622e+00 1.960594e+02
      vertex   -4.062500e+02 -9.908622e+00 1.960594e+02
      vertex   -4.000000e+02 -1.015850e+01 1.958845e+02
    endloop
  endfacet
  facet normal 0.000000e+00 -5.735764e-01 8.191520e-01
    outer loop
      vertex   -4.000000e+02 -1.015850e+01 1.958845e+02
      vertex   -4.062500e+02 -9.908622e+00 1.960594e+02
      vertex   -4.062500e+02 -1.015850e+01 1.958845e+02
    endloop
  endfacet
  facet normal 0.000000e+00 -4.226183e-01 9.063078e-01
    outer loop
      vertex   -4.000000e+02 -1.015850e+01 1.958845e+02
      vertex   -4.062500e+02 -1.015850e+01 1.958845e+02
      vertex   -4.000000e+02 -1.043496e+01 1.957555e+02
    endloop
  endfacet
  facet normal 1.201153e-16 -4.226183e-01 9.063078e-01
    outer loop
      vertex   -4.000000e+02 -1.043496e+01 1.957555e+02
      vertex   -4.062500e+02 -1.015850e+01 1.958845e+02
      vertex   -4.062500e+02 -1.043496e+01 1.957555e+02
    endloop
  endfacet
  facet normal 7.356080e-17 -2.588190e-01 9.659258e-01
    outer loop
      vertex   -4.000000e+02 -1.043496e+01 1.957555e+02
      vertex   -4.062500e+02 -1.043496e+01 1.957555e+02
      vertex   -4.000000e+02 -1.072962e+01 1.956766e+02
    endloop
  endfacet
  facet normal 7.356080e-17 -2.588190e-01 9.659258e-01
    outer loop
      vertex   -4.000000e+02 -1.072962e+01 1.956766e+02
      vertex   -4.062500e+02 -1.043496e+01 1.957555e+02
      vertex   -4.062500e+02 -1.072962e+01 1.956766e+02
    endloop
  endfacet
  facet normal -2.477115e-17 8.715574e-02 9.961947e-01
    outer loop
      vertex   -4.500000e+02 -1.133738e+01 1.956766e+02
      vertex   -4.437500e+02 -1.133738e+01 1.956766e+02
      vertex   -4.500000e+02 -1.103350e+01 1.956500e+02
    endloop
  endfacet
  facet normal -0.000000e+00 8.715574e-02 9.961947e-01
    outer loop
      vertex   -4.500000e+02 -1.103350e+01 1.956500e+02
      vertex   -4.437500e+02 -1.133738e+01 1.956766e+02
      vertex   -4.437500e+02 -1.103350e+01 1.956500e+02
    endloop
  endfacet
  facet normal 0.000000e+00 -8.715574e-02 9.961947e-01
    outer loop
      vertex   -4.500000e+02 -1.103350e+01 1.956500e+02
      vertex   -4.437500e+02 -1.103350e+01 1.956500e+02
      vertex   -4.500000e+02 -1.072962e+01 1.956766e+02
    endloop
  endfacet
  facet normal -2.477115e-17 -8.715574e-02 9.961947e-01
    outer loop
      vertex   -4.500000e+02 -1.072962e+01 1.956766e+02
      vertex   -4.437500e+02 -1.103350e+01 1.956500e+02
      vertex   -4.437500e+02 -1.072962e+01 1.956766e+02
    endloop
  endfacet
  facet normal -7.356080e-17 -2.588190e-01 9.659258e-01
    outer loop
      vertex   -4.500000e+02 -1.072962e+01 1.956766e+02
      vertex   -4.437500e+02 -1.072962e+01 1.956766e+02
      vertex   -4.500000e+02 -1.043496e+01 1.957555e+02
    endloop
  endfacet
  facet normal -7.356080e-17 -2.588190e-01 9.659258e-01
    outer loop
      vertex   -4.500000e+02 -1.043496e+01 1.957555e+02
      vertex   -4.437500e+02 -1.072962e+01 1.956766e+02
      vertex   -4.437500e+02 -1.043496e+01 1.957555e+02
    endloop
  endfacet
  facet normal -1.201153e-16 -4.226183e-01 9.063078e-01
    outer loop
      vertex   -4.500000e+02 -1.043496e+01 1.957555e+02
      vertex   -4.437500e+02 -1.043496e+01 1.957555e+02
      vertex   -4.500000e+02 -1.015850e+01 1.958845e+02
    endloop
  endfacet
  facet normal 0.000000e+00 -4.226183e-01 9.063078e-01
    outer loop
      vertex   -4.500000e+02 -1.015850e+01 1.958845e+02
      vertex   -4.437500e+02 -1.043496e+01 1.957555e+02
      vertex   -4.437500e+02 -1.015850e+01 1.958845e+02
    endloop
  endfacet
  facet normal 0.000000e+00 -5.735764e-01 8.191520e-01
    outer loop
      vertex   -4.500000e+02 -1.015850e+01 1.958845e+02
      vertex   -4.437500e+02 -1.015850e+01 1.958845e+02
      vertex   -4.500000e+02 -9.908622e+00 1.960594e+02
    endloop
  endfacet
  facet normal -3.260405e-16 -5.735764e-01 8.191520e-01
    outer loop
      vertex   -4.500000e+02 -9.908622e+00 1.960594e+02
      vertex   -4.437500e+02 -1.015850e+01 1.958845e+02
      vertex   -4.437500e+02 -9.908622e+00 1.960594e+02
    endloop
  endfacet
  facet normal -4.019437e-16 -7.071068e-01 7.071068e-01
    outer loop
      vertex   -4.500000e+02 -9.908622e+00 1.960594e+02
      vertex   -4.437500e+02 -9.908622e+00 1.960594e+02
      vertex   -4.500000e+02 -9.692922e+00 1.962751e+02
    endloop
  endfacet
  facet normal 8.038873e-16 -7.071068e-01 7.071068e-01
    outer loop
      vertex   -4.500000e+02 -9.692922e+00 1.962751e+02
      vertex   -4.437500e+02 -9.908622e+00 1.960594e+02
      vertex   -4.437500e+02 -9.692922e+00 1.962751e+02
    endloop
  endfacet
  facet normal 9.312681e-16 -8.191520e-01 5.735764e-01
    outer loop
      vertex   -4.500000e+02 -9.692922e+00 1.962751e+02
      vertex   -4.437500e+02 -9.692922e+00 1.962751e+02
      vertex   -4.500000e+02 -9.517956e+00 1.965250e+02
    endloop
  endfacet
  facet normal 0.000000e+00 -8.191520e-01 5.735764e-01
    outer loop
      vertex   -4.500000e+02 -9.517956e+00 1.965250e+02
      vertex   -4.437500e+02 -9.692922e+00 1.962751e+02
      vertex   -4.437500e+02 -9.517956e+00 1.965250e+02
    endloop
  endfacet
  facet normal 0.000000e+00 -9.063078e-01 4.226183e-01
    outer loop
      vertex   -4.500000e+02 -9.517956e+00 1.965250e+02
      vertex   -4.437500e+02 -9.517956e+00 1.965250e+02
      vertex   -4.500000e+02 -9.389038e+00 1.968015e+02
    endloop
  endfacet
  facet normal 2.575882e-16 -9.063078e-01 4.226183e-01
    outer loop
      vertex   -4.500000e+02 -9.389038e+00 1.968015e+02
      vertex   -4.437500e+02 -9.517956e+00 1.965250e+02
      vertex   -4.437500e+02 -9.389038e+00 1.968015e+02
    endloop
  endfacet
  facet normal 2.745326e-16 -9.659258e-01 2.588190e-01
    outer loop
      vertex   -4.500000e+02 -9.389038e+00 1.968015e+02
      vertex   -4.437500e+02 -9.389038e+00 1.968015e+02
      vertex   -4.500000e+02 -9.310086e+00 1.970961e+02
    endloop
  endfacet
  facet normal 2.745326e-16 -9.659258e-01 2.588190e-01
    outer loop
      vertex   -4.500000e+02 -9.310086e+00 1.970961e+02
      vertex   -4.437500e+02 -9.389038e+00 1.968015e+02
      vertex   -4.437500e+02 -9.310086e+00 1.970961e+02
    endloop
  endfacet
  facet normal 2.831356e-16 -9.961947e-01 8.715574e-02
    outer loop
      vertex   -4.500000e+02 -9.310086e+00 1.970961e+02
      vertex   -4.437500e+02 -9.310086e+00 1.970961e+02
      vertex   -4.500000e+02 -9.283500e+00 1.974000e+02
    endloop
  endfacet
  facet normal 0.000000e+00 -9.961947e-01 8.715574e-02
    outer loop
      vertex   -4.500000e+02 -9.283500e+00 1.974000e+02
      vertex   -4.437500e+02 -9.310086e+00 1.970961e+02
      vertex   -4.437500e+02 -9.283500e+00 1.974000e+02
    endloop
  endfacet
  facet normal 0.000000e+00 -9.961947e-01 -8.715574e-02
    outer loop
      vertex   -4.500000e+02 -9.283500e+00 1.974000e+02
      vertex   -4.437500e+02 -9.283500e+00 1.974000e+02
      vertex   -4.500000e+02 -9.310086e+00 1.977039e+02
    endloop
  endfacet
  facet normal 2.831356e-16 -9.961947e-01 -8.715574e-02
    outer loop
      vertex   -4.500000e+02 -9.310086e+00 1.977039e+02
      vertex   -4.437500e+02 -9.283500e+00 1.974000e+02
      vertex   -4.437500e+02 -9.310086e+00 1.977039e+02
    endloop
  endfacet
  facet normal 2.745326e-16 -9.659258e-01 -2.588190e-01
    outer loop
      vertex   -4.500000e+02 -9.310086e+00 1.977039e+02
      vertex   -4.437500e+02 -9.310086e+00 1.977039e+02
      vertex   -4.500000e+02 -9.389038e+00 1.979985e+02
    endloop
  endfacet
  facet normal 0.000000e+00 -9.659258e-01 -2.588190e-01
    outer loop
      vertex   -4.500000e+02 -9.389038e+00 1.979985e+02
      vertex   -4.437500e+02 -9.310086e+00 1.977039e+02
      vertex   -4.437500e+02 -9.389038e+00 1.979985e+02
    endloop
  endfacet
  facet normal 0.000000e+00 -9.063078e-01 -4.226183e-01
    outer loop
      vertex   -4.500000e+02 -9.389038e+00 1.979985e+02
      vertex   -4.437500e+02 -9.389038e+00 1.979985e+02
      vertex   -4.500000e+02 -9.517956e+00 1.982750e+02
    endloop
  endfacet
  facet normal 0.000000e+00 -9.063078e-01 -4.226183e-01
    outer loop
      vertex   -4.500000e+02 -9.517956e+00 1.982750e+02
      vertex   -4.437500e+02 -9.389038e+00 1.979985e+02
      vertex   -4.437500e+02 -9.517956e+00 1.982750e+02
    endloop
  endfacet
  facet normal 0.000000e+00 -8.191520e-01 -5.735764e-01
    outer loop
      vertex   -4.500000e+02 -9.517956e+00 1.982750e+02
      vertex   -4.437500e+02 -9.517956e+00 1.982750e+02
      vertex   -4.500000e+02 -9.692922e+00 1.985249e+02
    endloop
  endfacet
  facet normal 9.312681e-16 -8.191520e-01 -5.735764e-01
    outer loop
      vertex   -4.500000e+02 -9.692922e+00 1.985249e+02
      vertex   -4.437500e+02 -9.517956e+00 1.982750e+02
      vertex   -4.437500e+02 -9.692922e+00 1.985249e+02
    endloop
  endfacet
  facet normal 8.038873e-16 -7.071068e-01 -7.071068e-01
    outer loop
      vertex   -4.500000e+02 -9.692922e+00 1.985249e+02
      vertex   -4.437500e+02 -9.692922e+00 1.985249e+02
      vertex   -4.500000e+02 -9.908622e+00 1.987406e+02
    endloop
  endfacet
  facet normal -6.029155e-16 -7.071068e-01 -7.071068e-01
    outer loop
      vertex   -4.500000e+02 -9.908622e+00 1.987406e+02
      vertex   -4.437500e+02 -9.692922e+00 1.985249e+02
      vertex   -4.437500e+02 -9.908622e+00 1.987406e+02
    endloop
  endfacet
  facet normal -4.890607e-16 -5.735764e-01 -8.191520e-01
    outer loop
      vertex   -4.500000e+02 -9.908622e+00 1.987406e+02
      vertex   -4.437500e+02 -9.908622e+00 1.987406e+02
      vertex   -4.500000e+02 -1.015850e+01 1.989155e+02
    endloop
  endfacet
  facet normal 0.000000e+00 -5.735764e-01 -8.191520e-01
    outer loop
      vertex   -4.500000e+02 -1.015850e+01 1.989155e+02
      vertex   -4.437500e+02 -9.908622e+00 1.987406e+02
      vertex   -4.437500e+02 -1.015850e+01 1.989155e+02
    endloop
  endfacet
  facet normal 0.000000e+00 -4.226183e-01 -9.063078e-01
    outer loop
      vertex   -4.500000e+02 -1.015850e+01 1.989155e+02
      vertex   -4.437500e+02 -1.015850e+01 1.989155e+02
      vertex   -4.500000e+02 -1.043496e+01 1.990445e+02
    endloop
  endfacet
  facet normal -1.201153e-16 -4.226183e-01 -9.063078e-01
    outer loop
      vertex   -4.500000e+02 -1.043496e+01 1.990445e+02
      vertex   -4.437500e+02 -1.015850e+01 1.989155e+02
      vertex   -4.437500e+02 -1.043496e+01 1.990445e+02
    endloop
  endfacet
  facet normal -7.356080e-17 -2.588190e-01 -9.659258e-01
    outer loop
      vertex   -4.500000e+02 -1.043496e+01 1.990445e+02
      vertex   -4.437500e+02 -1.043496e+01 1.990445e+02
      vertex   -4.500000e+02 -1.072962e+01 1.991234e+02
    endloop
  endfacet
  facet normal -7.356080e-17 -2.588190e-01 -9.659258e-01
    outer loop
      vertex   -4.500000e+02 -1.072962e+01 1.991234e+02
      vertex   -4.437500e+02 -1.043496e+01 1.990445e+02
      vertex   -4.437500e+02 -1.072962e+01 1.991234e+02
    endloop
  endfacet
  facet normal -2.477115e-17 -8.715574e-02 -9.961947e-01
    outer loop
      vertex   -4.500000e+02 -1.072962e+01 1.991234e+02
      vertex   -4.437500e+02 -1.072962e+01 1.991234e+02
      vertex   -4.500000e+02 -1.103350e+01 1.991500e+02
    endloop
  endfacet
  facet normal 0.000000e+00 -8.715574e-02 -9.961947e-01
    outer loop
      vertex   -4.500000e+02 -1.103350e+01 1.991500e+02
      vertex   -4.437500e+02 -1.072962e+01 1.991234e+02
      vertex   -4.437500e+02 -1.103350e+01 1.991500e+02
    endloop
  endfacet
  facet normal 0.000000e+00 8.715574e-02 -9.961947e-01
    outer loop
      vertex   -4.500000e+02 -1.103350e+01 1.991500e+02
      vertex   -4.437500e+02 -1.103350e+01 1.991500e+02
      vertex   -4.500000e+02 -1.133738e+01 1.991234e+02
    endloop
  endfacet
  facet normal -4.954230e-17 8.715574e-02 -9.961947e-01
    outer loop
      vertex   -4.500000e+02 -1.133738e+01 1.991234e+02
      vertex   -4.437500e+02 -1.103350e+01 1.991500e+02
      vertex   -4.437500e+02 -1.133738e+01 1.991234e+02
    endloop
  endfacet
  facet normal -1.471216e-16 2.588190e-01 -9.659258e-01
    outer loop
      vertex   -4.500000e+02 -1.133738e+01 1.991234e+02
      vertex   -4.437500e+02 -1.133738e+01 1.991234e+02
      vertex   -4.500000e+02 -1.163204e+01 1.990445e+02
    endloop
  endfacet
  facet normal -7.356080e-17 2.588190e-01 -9.659258e-01
    outer loop
      vertex   -4.500000e+02 -1.163204e+01 1.990445e+02
      vertex   -4.437500e+02 -1.133738e+01 1.991234e+02
      vertex   -4.437500e+02 -1.163204e+01 1.990445e+02
    endloop
  endfacet
  facet normal -1.201153e-16 4.226183e-01 -9.063078e-01
    outer loop
      vertex   -4.500000e+02 -1.163204e+01 1.990445e+02
      vertex   -4.437500e+02 -1.163204e+01 1.990445e+02
      vertex   -4.500000e+02 -1.190850e+01 1.989155e+02
    endloop
  endfacet
  facet normal 0.000000e+00 4.226183e-01 -9.063078e-01
    outer loop
      vertex   -4.500000e+02 -1.190850e+01 1.989155e+02
      vertex   -4.437500e+02 -1.163204e+01 1.990445e+02
      vertex   -4.437500e+02 -1.190850e+01 1.989155e+02
    endloop
  endfacet
  facet normal 0.000000e+00 5.735764e-01 -8.191520e-01
    outer loop
      vertex   -4.500000e+02 -1.190850e+01 1.989155e+02
      vertex   -4.437500e+02 -1.190850e+01 1.989155e+02
      vertex   -4.500000e+02 -1.215838e+01 1.987406e+02
    endloop
  endfacet
  facet normal -4.890607e-16 5.735764e-01 -8.191520e-01
    outer loop
      vertex   -4.500000e+02 -1.215838e+01 1.987406e+02
      vertex   -4.437500e+02 -1.190850e+01 1.989155e+02
      vertex   -4.437500e+02 -1.215838e+01 1.987406e+02
    endloop
  endfacet
  facet normal -6.029155e-16 7.071068e-01 -7.071068e-01
    outer loop
      vertex   -4.500000e+02 -1.215838e+01 1.987406e+02
      vertex   -4.437500e+02 -1.215838e+01 1.987406e+02
      vertex   -4.500000e+02 -1.237408e+01 1.985249e+02
    endloop
  endfacet
  facet normal 1.004859e-15 7.071068e-01 -7.071068e-01
    outer loop
      vertex   -4.500000e+02 -1.237408e+01 1.985249e+02
      vertex   -4.437500e+02 -1.215838e+01 1.987406e+02
      vertex   -4.437500e+02 -1.237408e+01 1.985249e+02
    endloop
  endfacet
  facet normal 1.164085e-15 8.191520e-01 -5.735764e-01
    outer loop
      vertex   -4.500000e+02 -1.237408e+01 1.985249e+02
      vertex   -4.437500e+02 -1.237408e+01 1.985249e+02
      vertex   -4.500000e+02 -1.254904e+01 1.982750e+02
    endloop
  endfacet
  facet normal 0.000000e+00 8.191520e-01 -5.735764e-01
    outer loop
      vertex   -4.500000e+02 -1.254904e+01 1.982750e+02
      vertex   -4.437500e+02 -1.237408e+01 1.985249e+02
      vertex   -4.437500e+02 -1.254904e+01 1.982750e+02
    endloop
  endfacet
  facet normal 0.000000e+00 9.063078e-01 -4.226183e-01
    outer loop
      vertex   -4.500000e+02 -1.254904e+01 1.982750e+02
      vertex   -4.437500e+02 -1.254904e+01 1.982750e+02
      vertex   -4.500000e+02 -1.267796e+01 1.979985e+02
    endloop
  endfacet
  facet normal 0.000000e+00 9.063078e-01 -4.226183e-01
    outer loop
      vertex   -4.500000e+02 -1.267796e+01 1.979985e+02
      vertex   -4.437500e+02 -1.254904e+01 1.982750e+02
      vertex   -4.437500e+02 -1.267796e+01 1.979985e+02
    endloop
  endfacet
  facet normal 0.000000e+00 9.659258e-01 -2.588190e-01
    outer loop
      vertex   -4.500000e+02 -1.267796e+01 1.979985e+02
      vertex   -4.437500e+02 -1.267796e+01 1.979985e+02
      vertex   -4.500000e+02 -1.275691e+01 1.977039e+02
    endloop
  endfacet
  facet normal 0.000000e+00 9.659258e-01 -2.588190e-01
    outer loop
      vertex   -4.500000e+02 -1.275691e+01 1.977039e+02
      vertex   -4.437500e+02 -1.267796e+01 1.979985e+02
      vertex   -4.437500e+02 -1.275691e+01 1.977039e+02
    endloop
  endfacet
  facet normal 0.000000e+00 9.961947e-01 -8.715574e-02
    outer loop
      vertex   -4.500000e+02 -1.275691e+01 1.977039e+02
      vertex   -4.437500e+02 -1.275691e+01 1.977039e+02
      vertex   -4.500000e+02 -1.278350e+01 1.974000e+02
    endloop
  endfacet
  facet normal 0.000000e+00 9.961947e-01 -8.715574e-02
    outer loop
      vertex   -4.500000e+02 -1.278350e+01 1.974000e+02
      vertex   -4.437500e+02 -1.275691e+01 1.977039e+02
      vertex   -4.437500e+02 -1.278350e+01 1.974000e+02
    endloop
  endfacet
  facet normal -0.000000e+00 9.961947e-01 8.715574e-02
    outer loop
      vertex   -4.500000e+02 -1.278350e+01 1.974000e+02
      vertex   -4.437500e+02 -1.278350e+01 1.974000e+02
      vertex   -4.500000e+02 -1.275691e+01 1.970961e+02
    endloop
  endfacet
  facet normal -0.000000e+00 9.961947e-01 8.715574e-02
    outer loop
      vertex   -4.500000e+02 -1.275691e+01 1.970961e+02
      vertex   -4.437500e+02 -1.278350e+01 1.974000e+02
      vertex   -4.437500e+02 -1.275691e+01 1.970961e+02
    endloop
  endfacet
  facet normal -0.000000e+00 9.659258e-01 2.588190e-01
    outer loop
      vertex   -4.500000e+02 -1.275691e+01 1.970961e+02
      vertex   -4.437500e+02 -1.275691e+01 1.970961e+02
      vertex   -4.500000e+02 -1.267796e+01 1.968015e+02
    endloop
  endfacet
  facet normal -0.000000e+00 9.659258e-01 2.588190e-01
    outer loop
      vertex   -4.500000e+02 -1.267796e+01 1.968015e+02
      vertex   -4.437500e+02 -1.275691e+01 1.970961e+02
      vertex   -4.437500e+02 -1.267796e+01 1.968015e+02
    endloop
  endfacet
  facet normal -0.000000e+00 9.063078e-01 4.226183e-01
    outer loop
      vertex   -4.500000e+02 -1.267796e+01 1.968015e+02
      vertex   -4.437500e+02 -1.267796e+01 1.968015e+02
      vertex   -4.500000e+02 -1.254904e+01 1.965250e+02
    endloop
  endfacet
  facet normal -0.000000e+00 9.063078e-01 4.226183e-01
    outer loop
      vertex   -4.500000e+02 -1.254904e+01 1.965250e+02
      vertex   -4.437500e+02 -1.267796e+01 1.968015e+02
      vertex   -4.437500e+02 -1.254904e+01 1.965250e+02
    endloop
  endfacet
  facet normal -0.000000e+00 8.191520e-01 5.735764e-01
    outer loop
      vertex   -4.500000e+02 -1.254904e+01 1.965250e+02
      vertex   -4.437500e+02 -1.254904e+01 1.965250e+02
      vertex   -4.500000e+02 -1.237408e+01 1.962751e+02
    endloop
  endfacet
  facet normal 1.164085e-15 8.191520e-01 5.735764e-01
    outer loop
      vertex   -4.500000e+02 -1.237408e+01 1.962751e+02
      vertex   -4.437500e+02 -1.254904e+01 1.965250e+02
      vertex   -4.437500e+02 -1.237408e+01 1.962751e+02
    endloop
  endfacet
  facet normal 1.004859e-15 7.071068e-01 7.071068e-01
    outer loop
      vertex   -4.500000e+02 -1.237408e+01 1.962751e+02
      vertex   -4.437500e+02 -1.237408e+01 1.962751e+02
      vertex   -4.500000e+02 -1.215838e+01 1.960594e+02
    endloop
  endfacet
  facet normal -6.029155e-16 7.071068e-01 7.071068e-01
    outer loop
      vertex   -4.500000e+02 -1.215838e+01 1.960594e+02
      vertex   -4.437500e+02 -1.237408e+01 1.962751e+02
      vertex   -4.437500e+02 -1.215838e+01 1.960594e+02
    endloop
  endfacet
  facet normal -4.890607e-16 5.735764e-01 8.191520e-01
    outer loop
      vertex   -4.500000e+02 -1.215838e+01 1.960594e+02
      vertex   -4.437500e+02 -1.215838e+01 1.960594e+02
      vertex   -4.500000e+02 -1.190850e+01 1.958845e+02
    endloop
  endfacet
  facet normal -0.000000e+00 5.735764e-01 8.191520e-01
    outer loop
      vertex   -4.500000e+02 -1.190850e+01 1.958845e+02
      vertex   -4.437500e+02 -1.215838e+01 1.960594e+02
      vertex   -4.437500e+02 -1.190850e+01 1.958845e+02
    endloop
  endfacet
  facet normal -0.000000e+00 4.226183e-01 9.063078e-01
    outer loop
      vertex   -4.500000e+02 -1.190850e+01 1.958845e+02
      vertex   -4.437500e+02 -1.190850e+01 1.958845e+02
      vertex   -4.500000e+02 -1.163204e+01 1.957555e+02
    endloop
  endfacet
  facet normal -1.201153e-16 4.226183e-01 9.063078e-01
    outer loop
      vertex   -4.500000e+02 -1.163204e+01 1.957555e+02
      vertex   -4.437500e+02 -1.190850e+01 1.958845e+02
      vertex   -4.437500e+02 -1.163204e+01 1.957555e+02
    endloop
  endfacet
  facet normal -7.356080e-17 2.588190e-01 9.659258e-01
    outer loop
      vertex   -4.500000e+02 -1.163204e+01 1.957555e+02
      vertex   -4.437500e+02 -1.163204e+01 1.957555e+02
      vertex   -4.500000e+02 -1.133738e+01 1.956766e+02
    endloop
  endfacet
  facet normal -7.356080e-17 2.588190e-01 9.659258e-01
    outer loop
      vertex   -4.500000e+02 -1.133738e+01 1.956766e+02
      vertex   -4.437500e+02 -1.163204e+01 1.957555e+02
      vertex   -4.437500e+02 -1.133738e+01 1.956766e+02
    endloop
  endfacet
  facet normal 0.000000e+00 8.715574e-02 9.961947e-01
    outer loop
      vertex   -4.062500e+02 -1.103350e+01 1.956500e+02
      vertex   -4.125000e+02 -1.103350e+01 1.956500e+02
      vertex   -4.062500e+02 -1.133738e+01 1.956766e+02
    endloop
  endfacet
  facet normal 0.000000e+00 8.715574e-02 9.961947e-01
    outer loop
      vertex   -4.062500e+02 -1.133738e+01 1.956766e+02
      vertex   -4.125000e+02 -1.103350e+01 1.956500e+02
      vertex   -4.125000e+02 -1.133738e+01 1.956766e+02
    endloop
  endfacet
  facet normal 0.000000e+00 2.588190e-01 9.659258e-01
    outer loop
      vertex   -4.062500e+02 -1.133738e+01 1.956766e+02
      vertex   -4.125000e+02 -1.133738e+01 1.956766e+02
      vertex   -4.062500e+02 -1.163204e+01 1.957555e+02
    endloop
  endfacet
  facet normal 0.000000e+00 2.588190e-01 9.659258e-01
    outer loop
      vertex   -4.062500e+02 -1.163204e+01 1.957555e+02
      vertex   -4.125000e+02 -1.133738e+01 1.956766e+02
      vertex   -4.125000e+02 -1.163204e+01 1.957555e+02
    endloop
  endfacet
  facet normal 0.000000e+00 4.226183e-01 9.063078e-01
    outer loop
      vertex   -4.062500e+02 -1.163204e+01 1.957555e+02
      vertex   -4.125000e+02 -1.163204e+01 1.957555e+02
      vertex   -4.062500e+02 -1.190850e+01 1.958845e+02
    endloop
  endfacet
  facet normal 0.000000e+00 4.226183e-01 9.063078e-01
    outer loop
      vertex   -4.062500e+02 -1.190850e+01 1.958845e+02
      vertex   -4.125000e+02 -1.163204e+01 1.957555e+02
      vertex   -4.125000e+02 -1.190850e+01 1.958845e+02
    endloop
  endfacet
  facet normal 0.000000e+00 5.735764e-01 8.191520e-01
    outer loop
      vertex   -4.062500e+02 -1.190850e+01 1.958845e+02
      vertex   -4.125000e+02 -1.190850e+01 1.958845e+02
      vertex   -4.062500e+02 -1.215838e+01 1.960594e+02
    endloop
  endfacet
  facet normal 0.000000e+00 5.735764e-01 8.191520e-01
    outer loop
      vertex   -4.062500e+02 -1.215838e+01 1.960594e+02
      vertex   -4.125000e+02 -1.190850e+01 1.958845e+02
      vertex   -4.125000e+02 -1.215838e+01 1.960594e+02
    endloop
  endfacet
  facet normal 0.000000e+00 7.071068e-01 7.071068e-01
    outer loop
      vertex   -4.062500e+02 -1.215838e+01 1.960594e+02
      vertex   -4.125000e+02 -1.215838e+01 1.960594e+02
      vertex   -4.062500e+02 -1.237408e+01 1.962751e+02
    endloop
  endfacet
  facet normal 0.000000e+00 7.071068e-01 7.071068e-01
    outer loop
      vertex   -4.062500e+02 -1.237408e+01 1.962751e+02
      vertex   -4.125000e+02 -1.215838e+01 1.960594e+02
      vertex   -4.125000e+02 -1.237408e+01 1.962751e+02
    endloop
  endfacet
  facet normal 0.000000e+00 8.191520e-01 5.735764e-01
    outer loop
      vertex   -4.062500e+02 -1.237408e+01 1.962751e+02
      vertex   -4.125000e+02 -1.237408e+01 1.962751e+02
      vertex   -4.062500e+02 -1.254904e+01 1.965250e+02
    endloop
  endfacet
  facet normal 0.000000e+00 8.191520e-01 5.735764e-01
    outer loop
      vertex   -4.062500e+02 -1.254904e+01 1.965250e+02
      vertex   -4.125000e+02 -1.237408e+01 1.962751e+02
      vertex   -4.125000e+02 -1.254904e+01 1.965250e+02
    endloop
  endfacet
  facet normal 0.000000e+00 9.063078e-01 4.226183e-01
    outer loop
      vertex   -4.062500e+02 -1.254904e+01 1.965250e+02
      vertex   -4.125000e+02 -1.254904e+01 1.965250e+02
      vertex   -4.062500e+02 -1.267796e+01 1.968015e+02
    endloop
  endfacet
  facet normal 0.000000e+00 9.063078e-01 4.226183e-01
    outer loop
      vertex   -4.062500e+02 -1.267796e+01 1.968015e+02
      vertex   -4.125000e+02 -1.254904e+01 1.965250e+02
      vertex   -4.125000e+02 -1.267796e+01 1.968015e+02
    endloop
  endfacet
  facet normal 0.000000e+00 9.659258e-01 2.588190e-01
    outer loop
      vertex   -4.062500e+02 -1.267796e+01 1.968015e+02
      vertex   -4.125000e+02 -1.267796e+01 1.968015e+02
      vertex   -4.062500e+02 -1.275691e+01 1.970961e+02
    endloop
  endfacet
  facet normal 0.000000e+00 9.659258e-01 2.588190e-01
    outer loop
      vertex   -4.062500e+02 -1.275691e+01 1.970961e+02
      vertex   -4.125000e+02 -1.267796e+01 1.968015e+02
      vertex   -4.125000e+02 -1.275691e+01 1.970961e+02
    endloop
  endfacet
  facet normal 0.000000e+00 9.961947e-01 8.715574e-02
    outer loop
      vertex   -4.062500e+02 -1.275691e+01 1.970961e+02
      vertex   -4.125000e+02 -1.275691e+01 1.970961e+02
      vertex   -4.062500e+02 -1.278350e+01 1.974000e+02
    endloop
  endfacet
  facet normal 0.000000e+00 9.961947e-01 8.715574e-02
    outer loop
      vertex   -4.062500e+02 -1.278350e+01 1.974000e+02
      vertex   -4.125000e+02 -1.275691e+01 1.970961e+02
      vertex   -4.125000e+02 -1.278350e+01 1.974000e+02
    endloop
  endfacet
  facet normal 0.000000e+00 9.961947e-01 -8.715574e-02
    outer loop
      vertex   -4.062500e+02 -1.278350e+01 1.974000e+02
      vertex   -4.125000e+02 -1.278350e+01 1.974000e+02
      vertex   -4.062500e+02 -1.275691e+01 1.977039e+02
    endloop
  endfacet
  facet normal 0.000000e+00 9.961947e-01 -8.715574e-02
    outer loop
      vertex   -4.062500e+02 -1.275691e+01 1.977039e+02
      vertex   -4.125000e+02 -1.278350e+01 1.974000e+02
      vertex   -4.125000e+02 -1.275691e+01 1.977039e+02
    endloop
  endfacet
  facet normal 0.000000e+00 9.659258e-01 -2.588190e-01
    outer loop
      vertex   -4.062500e+02 -1.275691e+01 1.977039e+02
      vertex   -4.125000e+02 -1.275691e+01 1.977039e+02
      vertex   -4.062500e+02 -1.267796e+01 1.979985e+02
    endloop
  endfacet
  facet normal 0.000000e+00 9.659258e-01 -2.588190e-01
    outer loop
      vertex   -4.062500e+02 -1.267796e+01 1.979985e+02
      vertex   -4.125000e+02 -1.275691e+01 1.977039e+02
      vertex   -4.125000e+02 -1.267796e+01 1.979985e+02
    endloop
  endfacet
  facet normal 0.000000e+00 9.063078e-01 -4.226183e-01
    outer loop
      vertex   -4.062500e+02 -1.267796e+01 1.979985e+02
      vertex   -4.125000e+02 -1.267796e+01 1.979985e+02
      vertex   -4.062500e+02 -1.254904e+01 1.982750e+02
    endloop
  endfacet
  facet normal 0.000000e+00 9.063078e-01 -4.226183e-01
    outer loop
      vertex   -4.062500e+02 -1.254904e+01 1.982750e+02
      vertex   -4.125000e+02 -1.267796e+01 1.979985e+02
      vertex   -4.125000e+02 -1.254904e+01 1.982750e+02
    endloop
  endfacet
  facet normal 0.000000e+00 8.191520e-01 -5.735764e-01
    outer loop
      vertex   -4.062500e+02 -1.254904e+01 1.982750e+02
      vertex   -4.125000e+02 -1.254904e+01 1.982750e+02
      vertex   -4.062500e+02 -1.237408e+01 1.985249e+02
    endloop
  endfacet
  facet normal 0.000000e+00 8.191520e-01 -5.735764e-01
    outer loop
      vertex   -4.062500e+02 -1.237408e+01 1.985249e+02
      vertex   -4.125000e+02 -1.254904e+01 1.982750e+02
      vertex   -4.125000e+02 -1.237408e+01 1.985249e+02
    endloop
  endfacet
  facet normal 0.000000e+00 7.071068e-01 -7.071068e-01
    outer loop
      vertex   -4.062500e+02 -1.237408e+01 1.985249e+02
      vertex   -4.125000e+02 -1.237408e+01 1.985249e+02
      vertex   -4.062500e+02 -1.215838e+01 1.987406e+02
    endloop
  endfacet
  facet normal 0.000000e+00 7.071068e-01 -7.071068e-01
    outer loop
      vertex   -4.062500e+02 -1.215838e+01 1.987406e+02
      vertex   -4.125000e+02 -1.237408e+01 1.985249e+02
      vertex   -4.125000e+02 -1.215838e+01 1.987406e+02
    endloop
  endfacet
  facet normal 0.000000e+00 5.735764e-01 -8.191520e-01
    outer loop
      vertex   -4.062500e+02 -1.215838e+01 1.987406e+02
      vertex   -4.125000e+02 -1.215838e+01 1.987406e+02
      vertex   -4.062500e+02 -1.190850e+01 1.989155e+02
    endloop
  endfacet
  facet normal 0.000000e+00 5.735764e-01 -8.191520e-01
    outer loop
      vertex   -4.062500e+02 -1.190850e+01 1.989155e+02
      vertex   -4.125000e+02 -1.215838e+01 1.987406e+02
      vertex   -4.125000e+02 -1.190850e+01 1.989155e+02
    endloop
  endfacet
  facet normal 0.000000e+00 4.226183e-01 -9.063078e-01
    outer loop
      vertex   -4.062500e+02 -1.190850e+01 1.989155e+02
      vertex   -4.125000e+02 -1.190850e+01 1.989155e+02
      vertex   -4.062500e+02 -1.163204e+01 1.990445e+02
    endloop
  endfacet
  facet normal 0.000000e+00 4.226183e-01 -9.063078e-01
    outer loop
      vertex   -4.062500e+02 -1.163204e+01 1.990445e+02
      vertex   -4.125000e+02 -1.190850e+01 1.989155e+02
      vertex   -4.125000e+02 -1.163204e+01 1.990445e+02
    endloop
  endfacet
  facet normal 0.000000e+00 2.588190e-01 -9.659258e-01
    outer loop
      vertex   -4.062500e+02 -1.163204e+01 1.990445e+02
      vertex   -4.125000e+02 -1.163204e+01 1.990445e+02
      vertex   -4.062500e+02 -1.133738e+01 1.991234e+02
    endloop
  endfacet
  facet normal 1.471216e-16 2.588190e-01 -9.659258e-01
    outer loop
      vertex   -4.062500e+02 -1.133738e+01 1.991234e+02
      vertex   -4.125000e+02 -1.163204e+01 1.990445e+02
      vertex   -4.125000e+02 -1.133738e+01 1.991234e+02
    endloop
  endfacet
  facet normal 4.954230e-17 8.715574e-02 -9.961947e-01
    outer loop
      vertex   -4.062500e+02 -1.133738e+01 1.991234e+02
      vertex   -4.125000e+02 -1.133738e+01 1.991234e+02
      vertex   -4.062500e+02 -1.103350e+01 1.991500e+02
    endloop
  endfacet
  facet normal 0.000000e+00 8.715574e-02 -9.961947e-01
    outer loop
      vertex   -4.062500e+02 -1.103350e+01 1.991500e+02
      vertex   -4.125000e+02 -1.133738e+01 1.991234e+02
      vertex   -4.125000e+02 -1.103350e+01 1.991500e+02
    endloop
  endfacet
  facet normal -0.000000e+00 -8.715574e-02 -9.961947e-01
    outer loop
      vertex   -4.062500e+02 -1.103350e+01 1.991500e+02
      vertex   -4.125000e+02 -1.103350e+01 1.991500e+02
      vertex   -4.062500e+02 -1.072962e+01 1.991234e+02
    endloop
  endfacet
  facet normal -0.000000e+00 -8.715574e-02 -9.961947e-01
    outer loop
      vertex   -4.062500e+02 -1.072962e+01 1.991234e+02
      vertex   -4.125000e+02 -1.103350e+01 1.991500e+02
      vertex   -4.125000e+02 -1.072962e+01 1.991234e+02
    endloop
  endfacet
  facet normal -0.000000e+00 -2.588190e-01 -9.659258e-01
    outer loop
      vertex   -4.062500e+02 -1.072962e+01 1.991234e+02
      vertex   -4.125000e+02 -1.072962e+01 1.991234e+02
      vertex   -4.062500e+02 -1.043496e+01 1.990445e+02
    endloop
  endfacet
  facet normal -0.000000e+00 -2.588190e-01 -9.659258e-01
    outer loop
      vertex   -4.062500e+02 -1.043496e+01 1.990445e+02
      vertex   -4.125000e+02 -1.072962e+01 1.991234e+02
      vertex   -4.125000e+02 -1.043496e+01 1.990445e+02
    endloop
  endfacet
  facet normal -0.000000e+00 -4.226183e-01 -9.063078e-01
    outer loop
      vertex   -4.062500e+02 -1.043496e+01 1.990445e+02
      vertex   -4.125000e+02 -1.043496e+01 1.990445e+02
      vertex   -4.062500e+02 -1.015850e+01 1.989155e+02
    endloop
  endfacet
  facet normal -0.000000e+00 -4.226183e-01 -9.063078e-01
    outer loop
      vertex   -4.062500e+02 -1.015850e+01 1.989155e+02
      vertex   -4.125000e+02 -1.043496e+01 1.990445e+02
      vertex   -4.125000e+02 -1.015850e+01 1.989155e+02
    endloop
  endfacet
  facet normal -0.000000e+00 -5.735764e-01 -8.191520e-01
    outer loop
      vertex   -4.062500e+02 -1.015850e+01 1.989155e+02
      vertex   -4.125000e+02 -1.015850e+01 1.989155e+02
      vertex   -4.062500e+02 -9.908622e+00 1.987406e+02
    endloop
  endfacet
  facet normal -0.000000e+00 -5.735764e-01 -8.191520e-01
    outer loop
      vertex   -4.062500e+02 -9.908622e+00 1.987406e+02
      vertex   -4.125000e+02 -1.015850e+01 1.989155e+02
      vertex   -4.125000e+02 -9.908622e+00 1.987406e+02
    endloop
  endfacet
  facet normal -0.000000e+00 -7.071068e-01 -7.071068e-01
    outer loop
      vertex   -4.062500e+02 -9.908622e+00 1.987406e+02
      vertex   -4.125000e+02 -9.908622e+00 1.987406e+02
      vertex   -4.062500e+02 -9.692922e+00 1.985249e+02
    endloop
  endfacet
  facet normal -0.000000e+00 -7.071068e-01 -7.071068e-01
    outer loop
      vertex   -4.062500e+02 -9.692922e+00 1.985249e+02
      vertex   -4.125000e+02 -9.908622e+00 1.987406e+02
      vertex   -4.125000e+02 -9.692922e+00 1.985249e+02
    endloop
  endfacet
  facet normal -0.000000e+00 -8.191520e-01 -5.735764e-01
    outer loop
      vertex   -4.062500e+02 -9.692922e+00 1.985249e+02
      vertex   -4.125000e+02 -9.692922e+00 1.985249e+02
      vertex   -4.062500e+02 -9.517956e+00 1.982750e+02
    endloop
  endfacet
  facet normal -0.000000e+00 -8.191520e-01 -5.735764e-01
    outer loop
      vertex   -4.062500e+02 -9.517956e+00 1.982750e+02
      vertex   -4.125000e+02 -9.692922e+00 1.985249e+02
      vertex   -4.125000e+02 -9.517956e+00 1.982750e+02
    endloop
  endfacet
  facet normal -0.000000e+00 -9.063078e-01 -4.226183e-01
    outer loop
      vertex   -4.062500e+02 -9.517956e+00 1.982750e+02
      vertex   -4.125000e+02 -9.517956e+00 1.982750e+02
      vertex   -4.062500e+02 -9.389038e+00 1.979985e+02
    endloop
  endfacet
  facet normal -0.000000e+00 -9.063078e-01 -4.226183e-01
    outer loop
      vertex   -4.062500e+02 -9.389038e+00 1.979985e+02
      vertex   -4.125000e+02 -9.517956e+00 1.982750e+02
      vertex   -4.125000e+02 -9.389038e+00 1.979985e+02
    endloop
  endfacet
  facet normal -0.000000e+00 -9.659258e-01 -2.588190e-01
    outer loop
      vertex   -4.062500e+02 -9.389038e+00 1.979985e+02
      vertex   -4.125000e+02 -9.389038e+00 1.979985e+02
      vertex   -4.062500e+02 -9.310086e+00 1.977039e+02
    endloop
  endfacet
  facet normal -0.000000e+00 -9.659258e-01 -2.588190e-01
    outer loop
      vertex   -4.062500e+02 -9.310086e+00 1.977039e+02
      vertex   -4.125000e+02 -9.389038e+00 1.979985e+02
      vertex   -4.125000e+02 -9.310086e+00 1.977039e+02
    endloop
  endfacet
  facet normal -0.000000e+00 -9.961947e-01 -8.715574e-02
    outer loop
      vertex   -4.062500e+02 -9.310086e+00 1.977039e+02
      vertex   -4.125000e+02 -9.310086e+00 1.977039e+02
      vertex   -4.062500e+02 -9.283500e+00 1.974000e+02
    endloop
  endfacet
  facet normal -0.000000e+00 -9.961947e-01 -8.715574e-02
    outer loop
      vertex   -4.062500e+02 -9.283500e+00 1.974000e+02
      vertex   -4.125000e+02 -9.310086e+00 1.977039e+02
      vertex   -4.125000e+02 -9.283500e+00 1.974000e+02
    endloop
  endfacet
  facet normal 0.000000e+00 -9.961947e-01 8.715574e-02
    outer loop
      vertex   -4.062500e+02 -9.283500e+00 1.974000e+02
      vertex   -4.125000e+02 -9.283500e+00 1.974000e+02
      vertex   -4.062500e+02 -9.310086e+00 1.970961e+02
    endloop
  endfacet
  facet normal 0.000000e+00 -9.961947e-01 8.715574e-02
    outer loop
      vertex   -4.062500e+02 -9.310086e+00 1.970961e+02
      vertex   -4.125000e+02 -9.283500e+00 1.974000e+02
      vertex   -4.125000e+02 -9.310086e+00 1.970961e+02
    endloop
  endfacet
  facet normal 0.000000e+00 -9.659258e-01 2.588190e-01
    outer loop
      vertex   -4.062500e+02 -9.310086e+00 1.970961e+02
      vertex   -4.125000e+02 -9.310086e+00 1.970961e+02
      vertex   -4.062500e+02 -9.389038e+00 1.968015e+02
    endloop
  endfacet
  facet normal 0.000000e+00 -9.659258e-01 2.588190e-01
    outer loop
      vertex   -4.062500e+02 -9.389038e+00 1.968015e+02
      vertex   -4.125000e+02 -9.310086e+00 1.970961e+02
      vertex   -4.125000e+02 -9.389038e+00 1.968015e+02
    endloop
  endfacet
  facet normal 0.000000e+00 -9.063078e-01 4.226183e-01
    outer loop
      vertex   -4.062500e+02 -9.389038e+00 1.968015e+02
      vertex   -4.125000e+02 -9.389038e+00 1.968015e+02
      vertex   -4.062500e+02 -9.517956e+00 1.965250e+02
    endloop
  endfacet
  facet normal 0.000000e+00 -9.063078e-01 4.226183e-01
    outer loop
      vertex   -4.062500e+02 -9.517956e+00 1.965250e+02
      vertex   -4.125000e+02 -9.389038e+00 1.968015e+02
      vertex   -4.125000e+02 -9.517956e+00 1.965250e+02
    endloop
  endfacet
  facet normal 0.000000e+00 -8.191520e-01 5.735764e-01
    outer loop
      vertex   -4.062500e+02 -9.517956e+00 1.965250e+02
      vertex   -4.125000e+02 -9.517956e+00 1.965250e+02
      vertex   -4.062500e+02 -9.692922e+00 1.962751e+02
    endloop
  endfacet
  facet normal 0.000000e+00 -8.191520e-01 5.735764e-01
    outer loop
      vertex   -4.062500e+02 -9.692922e+00 1.962751e+02
      vertex   -4.125000e+02 -9.517956e+00 1.965250e+02
      vertex   -4.125000e+02 -9.692922e+00 1.962751e+02
    endloop
  endfacet
  facet normal 0.000000e+00 -7.071068e-01 7.071068e-01
    outer loop
      vertex   -4.062500e+02 -9.692922e+00 1.962751e+02
      vertex   -4.125000e+02 -9.692922e+00 1.962751e+02
      vertex   -4.062500e+02 -9.908622e+00 1.960594e+02
    endloop
  endfacet
  facet normal 0.000000e+00 -7.071068e-01 7.071068e-01
    outer loop
      vertex   -4.062500e+02 -9.908622e+00 1.960594e+02
      vertex   -4.125000e+02 -9.692922e+00 1.962751e+02
      vertex   -4.125000e+02 -9.908622e+00 1.960594e+02
    endloop
  endfacet
  facet normal 0.000000e+00 -5.735764e-01 8.191520e-01
    outer loop
      vertex   -4.062500e+02 -9.908622e+00 1.960594e+02
      vertex   -4.125000e+02 -9.908622e+00 1.960594e+02
      vertex   -4.062500e+02 -1.015850e+01 1.958845e+02
    endloop
  endfacet
  facet normal 0.000000e+00 -5.735764e-01 8.191520e-01
    outer loop
      vertex   -4.062500e+02 -1.015850e+01 1.958845e+02
      vertex   -4.125000e+02 -9.908622e+00 1.960594e+02
      vertex   -4.125000e+02 -1.015850e+01 1.958845e+02
    endloop
  endfacet
  facet normal 0.000000e+00 -4.226183e-01 9.063078e-01
    outer loop
      vertex   -4.062500e+02 -1.015850e+01 1.958845e+02
      vertex   -4.125000e+02 -1.015850e+01 1.958845e+02
      vertex   -4.062500e+02 -1.043496e+01 1.957555e+02
    endloop
  endfacet
  facet normal 0.000000e+00 -4.226183e-01 9.063078e-01
    outer loop
      vertex   -4.062500e+02 -1.043496e+01 1.957555e+02
      vertex   -4.125000e+02 -1.015850e+01 1.958845e+02
      vertex   -4.125000e+02 -1.043496e+01 1.957555e+02
    endloop
  endfacet
  facet normal 0.000000e+00 -2.588190e-01 9.659258e-01
    outer loop
      vertex   -4.062500e+02 -1.043496e+01 1.957555e+02
      vertex   -4.125000e+02 -1.043496e+01 1.957555e+02
      vertex   -4.062500e+02 -1.072962e+01 1.956766e+02
    endloop
  endfacet
  facet normal 0.000000e+00 -2.588190e-01 9.659258e-01
    outer loop
      vertex   -4.062500e+02 -1.072962e+01 1.956766e+02
      vertex   -4.125000e+02 -1.043496e+01 1.957555e+02
      vertex   -4.125000e+02 -1.072962e+01 1.956766e+02
    endloop
  endfacet
  facet normal 0.000000e+00 -8.715574e-02 9.961947e-01
    outer loop
      vertex   -4.062500e+02 -1.072962e+01 1.956766e+02
      vertex   -4.125000e+02 -1.072962e+01 1.956766e+02
      vertex   -4.062500e+02 -1.103350e+01 1.956500e+02
    endloop
  endfacet
  facet normal 0.000000e+00 -8.715574e-02 9.961947e-01
    outer loop
      vertex   -4.062500e+02 -1.103350e+01 1.956500e+02
      vertex   -4.125000e+02 -1.072962e+01 1.956766e+02
      vertex   -4.125000e+02 -1.103350e+01 1.956500e+02
    endloop
  endfacet
  facet normal 0.000000e+00 8.715574e-02 9.961947e-01
    outer loop
      vertex   -4.125000e+02 -1.103350e+01 1.956500e+02
      vertex   -4.187500e+02 -1.103350e+01 1.956500e+02
      vertex   -4.125000e+02 -1.133738e+01 1.956766e+02
    endloop
  endfacet
  facet normal 0.000000e+00 8.715574e-02 9.961947e-01
    outer loop
      vertex   -4.125000e+02 -1.133738e+01 1.956766e+02
      vertex   -4.187500e+02 -1.103350e+01 1.956500e+02
      vertex   -4.187500e+02 -1.133738e+01 1.956766e+02
    endloop
  endfacet
  facet normal 0.000000e+00 2.588190e-01 9.659258e-01
    outer loop
      vertex   -4.125000e+02 -1.133738e+01 1.956766e+02
      vertex   -4.187500e+02 -1.133738e+01 1.956766e+02
      vertex   -4.125000e+02 -1.163204e+01 1.957555e+02
    endloop
  endfacet
  facet normal 0.000000e+00 2.588190e-01 9.659258e-01
    outer loop
      vertex   -4.125000e+02 -1.163204e+01 1.957555e+02
      vertex   -4.187500e+02 -1.133738e+01 1.956766e+02
      vertex   -4.187500e+02 -1.163204e+01 1.957555e+02
    endloop
  endfacet
  facet normal 0.000000e+00 4.226183e-01 9.063078e-01
    outer loop
      vertex   -4.125000e+02 -1.163204e+01 1.957555e+02
      vertex   -4.187500e+02 -1.163204e+01 1.957555e+02
      vertex   -4.125000e+02 -1.190850e+01 1.958845e+02
    endloop
  endfacet
  facet normal 0.000000e+00 4.226183e-01 9.063078e-01
    outer loop
      vertex   -4.125000e+02 -1.190850e+01 1.958845e+02
      vertex   -4.187500e+02 -1.163204e+01 1.957555e+02
      vertex   -4.187500e+02 -1.190850e+01 1.958845e+02
    endloop
  endfacet
  facet normal 0.000000e+00 5.735764e-01 8.191520e-01
    outer loop
      vertex   -4.125000e+02 -1.190850e+01 1.958845e+02
      vertex   -4.187500e+02 -1.190850e+01 1.958845e+02
      vertex   -4.125000e+02 -1.215838e+01 1.960594e+02
    endloop
  endfacet
  facet normal 0.000000e+00 5.735764e-01 8.191520e-01
    outer loop
      vertex   -4.125000e+02 -1.215838e+01 1.960594e+02
      vertex   -4.187500e+02 -1.190850e+01 1.958845e+02
      vertex   -4.187500e+02 -1.215838e+01 1.960594e+02
    endloop
  endfacet
  facet normal 0.000000e+00 7.071068e-01 7.071068e-01
    outer loop
      vertex   -4.125000e+02 -1.215838e+01 1.960594e+02
      vertex   -4.187500e+02 -1.215838e+01 1.960594e+02
      vertex   -4.125000e+02 -1.237408e+01 1.962751e+02
    endloop
  endfacet
  facet normal 0.000000e+00 7.071068e-01 7.071068e-01
    outer loop
      vertex   -4.125000e+02 -1.237408e+01 1.962751e+02
      vertex   -4.187500e+02 -1.215838e+01 1.960594e+02
      vertex   -4.187500e+02 -1.237408e+01 1.962751e+02
    endloop
  endfacet
  facet normal 0.000000e+00 8.191520e-01 5.735764e-01
    outer loop
      vertex   -4.125000e+02 -1.237408e+01 1.962751e+02
      vertex   -4.187500e+02 -1.237408e+01 1.962751e+02
      vertex   -4.125000e+02 -1.254904e+01 1.965250e+02
    endloop
  endfacet
  facet normal 0.000000e+00 8.191520e-01 5.735764e-01
    outer loop
      vertex   -4.125000e+02 -1.254904e+01 1.965250e+02
      vertex   -4.187500e+02 -1.237408e+01 1.962751e+02
      vertex   -4.187500e+02 -1.254904e+01 1.965250e+02
    endloop
  endfacet
  facet normal 0.000000e+00 9.063078e-01 4.226183e-01
    outer loop
      vertex   -4.125000e+02 -1.254904e+01 1.965250e+02
      vertex   -4.187500e+02 -1.254904e+01 1.965250e+02
      vertex   -4.125000e+02 -1.267796e+01 1.968015e+02
    endloop
  endfacet
  facet normal 0.000000e+00 9.063078e-01 4.226183e-01
    outer loop
      vertex   -4.125000e+02 -1.267796e+01 1.968015e+02
      vertex   -4.187500e+02 -1.254904e+01 1.965250e+02
      vertex   -4.187500e+02 -1.267796e+01 1.968015e+02
    endloop
  endfacet
  facet normal 0.000000e+00 9.659258e-01 2.588190e-01
    outer loop
      vertex   -4.125000e+02 -1.267796e+01 1.968015e+02
      vertex   -4.187500e+02 -1.267796e+01 1.968015e+02
      vertex   -4.125000e+02 -1.275691e+01 1.970961e+02
    endloop
  endfacet
  facet normal 0.000000e+00 9.659258e-01 2.588190e-01
    outer loop
      vertex   -4.125000e+02 -1.275691e+01 1.970961e+02
      vertex   -4.187500e+02 -1.267796e+01 1.968015e+02
      vertex   -4.187500e+02 -1.275691e+01 1.970961e+02
    endloop
  endfacet
  facet normal 0.000000e+00 9.961947e-01 8.715574e-02
    outer loop
      vertex   -4.125000e+02 -1.275691e+01 1.970961e+02
      vertex   -4.187500e+02 -1.275691e+01 1.970961e+02
      vertex   -4.125000e+02 -1.278350e+01 1.974000e+02
    endloop
  endfacet
  facet normal 0.000000e+00 9.961947e-01 8.715574e-02
    outer loop
      vertex   -4.125000e+02 -1.278350e+01 1.974000e+02
      vertex   -4.187500e+02 -1.275691e+01 1.970961e+02
      vertex   -4.187500e+02 -1.278350e+01 1.974000e+02
    endloop
  endfacet
  facet normal 0.000000e+00 9.961947e-01 -8.715574e-02
    outer loop
      vertex   -4.125000e+02 -1.278350e+01 1.974000e+02
      vertex   -4.187500e+02 -1.278350e+01 1.974000e+02
      vertex   -4.125000e+02 -1.275691e+01 1.977039e+02
    endloop
  endfacet
  facet normal 0.000000e+00 9.961947e-01 -8.715574e-02
    outer loop
      vertex   -4.125000e+02 -1.275691e+01 1.977039e+02
      vertex   -4.187500e+02 -1.278350e+01 1.974000e+02
      vertex   -4.187500e+02 -1.275691e+01 1.977039e+02
    endloop
  endfacet
  facet normal 0.000000e+00 9.659258e-01 -2.588190e-01
    outer loop
      vertex   -4.125000e+02 -1.275691e+01 1.977039e+02
      vertex   -4.187500e+02 -1.275691e+01 1.977039e+02
      vertex   -4.125000e+02 -1.267796e+01 1.979985e+02
    endloop
  endfacet
  facet normal 0.000000e+00 9.659258e-01 -2.588190e-01
    outer loop
      vertex   -4.125000e+02 -1.267796e+01 1.979985e+02
      vertex   -4.187500e+02 -1.275691e+01 1.977039e+02
      vertex   -4.187500e+02 -1.267796e+01 1.979985e+02
    endloop
  endfacet
  facet normal 0.000000e+00 9.063078e-01 -4.226183e-01
    outer loop
      vertex   -4.125000e+02 -1.267796e+01 1.979985e+02
      vertex   -4.187500e+02 -1.267796e+01 1.979985e+02
      vertex   -4.125000e+02 -1.254904e+01 1.982750e+02
    endloop
  endfacet
  facet normal 0.000000e+00 9.063078e-01 -4.226183e-01
    outer loop
      vertex   -4.125000e+02 -1.254904e+01 1.982750e+02
      vertex   -4.187500e+02 -1.267796e+01 1.979985e+02
      vertex   -4.187500e+02 -1.254904e+01 1.982750e+02
    endloop
  endfacet
  facet normal 0.000000e+00 8.191520e-01 -5.735764e-01
    outer loop
      vertex   -4.125000e+02 -1.254904e+01 1.982750e+02
      vertex   -4.187500e+02 -1.254904e+01 1.982750e+02
      vertex   -4.125000e+02 -1.237408e+01 1.985249e+02
    endloop
  endfacet
  facet normal 0.000000e+00 8.191520e-01 -5.735764e-01
    outer loop
      vertex   -4.125000e+02 -1.237408e+01 1.985249e+02
      vertex   -4.187500e+02 -1.254904e+01 1.982750e+02
      vertex   -4.187500e+02 -1.237408e+01 1.985249e+02
    endloop
  endfacet
  facet normal 0.000000e+00 7.071068e-01 -7.071068e-01
    outer loop
      vertex   -4.125000e+02 -1.237408e+01 1.985249e+02
      vertex   -4.187500e+02 -1.237408e+01 1.985249e+02
      vertex   -4.125000e+02 -1.215838e+01 1.987406e+02
    endloop
  endfacet
  facet normal 0.000000e+00 7.071068e-01 -7.071068e-01
    outer loop
      vertex   -4.125000e+02 -1.215838e+01 1.987406e+02
      vertex   -4.187500e+02 -1.237408e+01 1.985249e+02
      vertex   -4.187500e+02 -1.215838e+01 1.987406e+02
    endloop
  endfacet
  facet normal 0.000000e+00 5.735764e-01 -8.191520e-01
    outer loop
      vertex   -4.125000e+02 -1.215838e+01 1.987406e+02
      vertex   -4.187500e+02 -1.215838e+01 1.987406e+02
      vertex   -4.125000e+02 -1.190850e+01 1.989155e+02
    endloop
  endfacet
  facet normal 0.000000e+00 5.735764e-01 -8.191520e-01
    outer loop
      vertex   -4.125000e+02 -1.190850e+01 1.989155e+02
      vertex   -4.187500e+02 -1.215838e+01 1.987406e+02
      vertex   -4.187500e+02 -1.190850e+01 1.989155e+02
    endloop
  endfacet
  facet normal 0.000000e+00 4.226183e-01 -9.063078e-01
    outer loop
      vertex   -4.125000e+02 -1.190850e+01 1.989155e+02
      vertex   -4.187500e+02 -1.190850e+01 1.989155e+02
      vertex   -4.125000e+02 -1.163204e+01 1.990445e+02
    endloop
  endfacet
  facet normal 0.000000e+00 4.226183e-01 -9.063078e-01
    outer loop
      vertex   -4.125000e+02 -1.163204e+01 1.990445e+02
      vertex   -4.187500e+02 -1.190850e+01 1.989155e+02
      vertex   -4.187500e+02 -1.163204e+01 1.990445e+02
    endloop
  endfacet
  facet normal 0.000000e+00 2.588190e-01 -9.659258e-01
    outer loop
      vertex   -4.125000e+02 -1.163204e+01 1.990445e+02
      vertex   -4.187500e+02 -1.163204e+01 1.990445e+02
      vertex   -4.125000e+02 -1.133738e+01 1.991234e+02
    endloop
  endfacet
  facet normal 0.000000e+00 2.588190e-01 -9.659258e-01
    outer loop
      vertex   -4.125000e+02 -1.133738e+01 1.991234e+02
      vertex   -4.187500e+02 -1.163204e+01 1.990445e+02
      vertex   -4.187500e+02 -1.133738e+01 1.991234e+02
    endloop
  endfacet
  facet normal 0.000000e+00 8.715574e-02 -9.961947e-01
    outer loop
      vertex   -4.125000e+02 -1.133738e+01 1.991234e+02
      vertex   -4.187500e+02 -1.133738e+01 1.991234e+02
      vertex   -4.125000e+02 -1.103350e+01 1.991500e+02
    endloop
  endfacet
  facet normal 0.000000e+00 8.715574e-02 -9.961947e-01
    outer loop
      vertex   -4.125000e+02 -1.103350e+01 1.991500e+02
      vertex   -4.187500e+02 -1.133738e+01 1.991234e+02
      vertex   -4.187500e+02 -1.103350e+01 1.991500e+02
    endloop
  endfacet
  facet normal -0.000000e+00 -8.715574e-02 -9.961947e-01
    outer loop
      vertex   -4.125000e+02 -1.103350e+01 1.991500e+02
      vertex   -4.187500e+02 -1.103350e+01 1.991500e+02
      vertex   -4.125000e+02 -1.072962e+01 1.991234e+02
    endloop
  endfacet
  facet normal -0.000000e+00 -8.715574e-02 -9.961947e-01
    outer loop
      vertex   -4.125000e+02 -1.072962e+01 1.991234e+02
      vertex   -4.187500e+02 -1.103350e+01 1.991500e+02
      vertex   -4.187500e+02 -1.072962e+01 1.991234e+02
    endloop
  endfacet
  facet normal -0.000000e+00 -2.588190e-01 -9.659258e-01
    outer loop
      vertex   -4.125000e+02 -1.072962e+01 1.991234e+02
      vertex   -4.187500e+02 -1.072962e+01 1.991234e+02
      vertex   -4.125000e+02 -1.043496e+01 1.990445e+02
    endloop
  endfacet
  facet normal -0.000000e+00 -2.588190e-01 -9.659258e-01
    outer loop
      vertex   -4.125000e+02 -1.043496e+01 1.990445e+02
      vertex   -4.187500e+02 -1.072962e+01 1.991234e+02
      vertex   -4.187500e+02 -1.043496e+01 1.990445e+02
    endloop
  endfacet
  facet normal -0.000000e+00 -4.226183e-01 -9.063078e-01
    outer loop
      vertex   -4.125000e+02 -1.043496e+01 1.990445e+02
      vertex   -4.187500e+02 -1.043496e+01 1.990445e+02
      vertex   -4.125000e+02 -1.015850e+01 1.989155e+02
    endloop
  endfacet
  facet normal -0.000000e+00 -4.226183e-01 -9.063078e-01
    outer loop
      vertex   -4.125000e+02 -1.015850e+01 1.989155e+02
      vertex   -4.187500e+02 -1.043496e+01 1.990445e+02
      vertex   -4.187500e+02 -1.015850e+01 1.989155e+02
    endloop
  endfacet
  facet normal -0.000000e+00 -5.735764e-01 -8.191520e-01
    outer loop
      vertex   -4.125000e+02 -1.015850e+01 1.989155e+02
      vertex   -4.187500e+02 -1.015850e+01 1.989155e+02
      vertex   -4.125000e+02 -9.908622e+00 1.987406e+02
    endloop
  endfacet
  facet normal -0.000000e+00 -5.735764e-01 -8.191520e-01
    outer loop
      vertex   -4.125000e+02 -9.908622e+00 1.987406e+02
      vertex   -4.187500e+02 -1.015850e+01 1.989155e+02
      vertex   -4.187500e+02 -9.908622e+00 1.987406e+02
    endloop
  endfacet
  facet normal -0.000000e+00 -7.071068e-01 -7.071068e-01
    outer loop
      vertex   -4.125000e+02 -9.908622e+00 1.987406e+02
      vertex   -4.187500e+02 -9.908622e+00 1.987406e+02
      vertex   -4.125000e+02 -9.692922e+00 1.985249e+02
    endloop
  endfacet
  facet normal -0.000000e+00 -7.071068e-01 -7.071068e-01
    outer loop
      vertex   -4.125000e+02 -9.692922e+00 1.985249e+02
      vertex   -4.187500e+02 -9.908622e+00 1.987406e+02
      vertex   -4.187500e+02 -9.692922e+00 1.985249e+02
    endloop
  endfacet
  facet normal -0.000000e+00 -8.191520e-01 -5.735764e-01
    outer loop
      vertex   -4.125000e+02 -9.692922e+00 1.985249e+02
      vertex   -4.187500e+02 -9.692922e+00 1.985249e+02
      vertex   -4.125000e+02 -9.517956e+00 1.982750e+02
    endloop
  endfacet
  facet normal -0.000000e+00 -8.191520e-01 -5.735764e-01
    outer loop
      vertex   -4.125000e+02 -9.517956e+00 1.982750e+02
      vertex   -4.187500e+02 -9.692922e+00 1.985249e+02
      vertex   -4.187500e+02 -9.517956e+00 1.982750e+02
    endloop
  endfacet
  facet normal -0.000000e+00 -9.063078e-01 -4.226183e-01
    outer loop
      vertex   -4.125000e+02 -9.517956e+00 1.982750e+02
      vertex   -4.187500e+02 -9.517956e+00 1.982750e+02
      vertex   -4.125000e+02 -9.389038e+00 1.979985e+02
    endloop
  endfacet
  facet normal -0.000000e+00 -9.063078e-01 -4.226183e-01
    outer loop
      vertex   -4.125000e+02 -9.389038e+00 1.979985e+02
      vertex   -4.187500e+02 -9.517956e+00 1.982750e+02
      vertex   -4.187500e+02 -9.389038e+00 1.979985e+02
    endloop
  endfacet
  facet normal -0.000000e+00 -9.659258e-01 -2.588190e-01
    outer loop
      vertex   -4.125000e+02 -9.389038e+00 1.979985e+02
      vertex   -4.187500e+02 -9.389038e+00 1.979985e+02
      vertex   -4.125000e+02 -9.310086e+00 1.977039e+02
    endloop
  endfacet
  facet normal -0.000000e+00 -9.659258e-01 -2.588190e-01
    outer loop
      vertex   -4.125000e+02 -9.310086e+00 1.977039e+02
      vertex   -4.187500e+02 -9.389038e+00 1.979985e+02
      vertex   -4.187500e+02 -9.310086e+00 1.977039e+02
    endloop
  endfacet
  facet normal -0.000000e+00 -9.961947e-01 -8.715574e-02
    outer loop
      vertex   -4.125000e+02 -9.310086e+00 1.977039e+02
      vertex   -4.187500e+02 -9.310086e+00 1.977039e+02
      vertex   -4.125000e+02 -9.283500e+00 1.974000e+02
    endloop
  endfacet
  facet normal -0.000000e+00 -9.961947e-01 -8.715574e-02
    outer loop
      vertex   -4.125000e+02 -9.283500e+00 1.974000e+02
      vertex   -4.187500e+02 -9.310086e+00 1.977039e+02
      vertex   -4.187500e+02 -9.283500e+00 1.974000e+02
    endloop
  endfacet
  facet normal 0.000000e+00 -9.961947e-01 8.715574e-02
    outer loop
      vertex   -4.125000e+02 -9.283500e+00 1.974000e+02
      vertex   -4.187500e+02 -9.283500e+00 1.974000e+02
      vertex   -4.125000e+02 -9.310086e+00 1.970961e+02
    endloop
  endfacet
  facet normal 0.000000e+00 -9.961947e-01 8.715574e-02
    outer loop
      vertex   -4.125000e+02 -9.310086e+00 1.970961e+02
      vertex   -4.187500e+02 -9.283500e+00 1.974000e+02
      vertex   -4.187500e+02 -9.310086e+00 1.970961e+02
    endloop
  endfacet
  facet normal 0.000000e+00 -9.659258e-01 2.588190e-01
    outer loop
      vertex   -4.125000e+02 -9.310086e+00 1.970961e+02
      vertex   -4.187500e+02 -9.310086e+00 1.970961e+02
      vertex   -4.125000e+02 -9.389038e+00 1.968015e+02
    endloop
  endfacet
  facet normal 0.000000e+00 -9.659258e-01 2.588190e-01
    outer loop
      vertex   -4.125000e+02 -9.389038e+00 1.968015e+02
      vertex   -4.187500e+02 -9.310086e+00 1.970961e+02
      vertex   -4.187500e+02 -9.389038e+00 1.968015e+02
    endloop
  endfacet
  facet normal 0.000000e+00 -9.063078e-01 4.226183e-01
    outer loop
      vertex   -4.125000e+02 -9.389038e+00 1.968015e+02
      vertex   -4.187500e+02 -9.389038e+00 1.968015e+02
      vertex   -4.125000e+02 -9.517956e+00 1.965250e+02
    endloop
  endfacet
  facet normal 0.000000e+00 -9.063078e-01 4.226183e-01
    outer loop
      vertex   -4.125000e+02 -9.517956e+00 1.965250e+02
      vertex   -4.187500e+02 -9.389038e+00 1.968015e+02
      vertex   -4.187500e+02 -9.517956e+00 1.965250e+02
    endloop
  endfacet
  facet normal 0.000000e+00 -8.191520e-01 5.735764e-01
    outer loop
      vertex   -4.125000e+02 -9.517956e+00 1.965250e+02
      vertex   -4.187500e+02 -9.517956e+00 1.965250e+02
      vertex   -4.125000e+02 -9.692922e+00 1.962751e+02
    endloop
  endfacet
  facet normal 0.000000e+00 -8.191520e-01 5.735764e-01
    outer loop
      vertex   -4.125000e+02 -9.692922e+00 1.962751e+02
      vertex   -4.187500e+02 -9.517956e+00 1.965250e+02
      vertex   -4.187500e+02 -9.692922e+00 1.962751e+02
    endloop
  endfacet
  facet normal 0.000000e+00 -7.071068e-01 7.071068e-01
    outer loop
      vertex   -4.125000e+02 -9.692922e+00 1.962751e+02
      vertex   -4.187500e+02 -9.692922e+00 1.962751e+02
      vertex   -4.125000e+02 -9.908622e+00 1.960594e+02
    endloop
  endfacet
  facet normal 0.000000e+00 -7.071068e-01 7.071068e-01
    outer loop
      vertex   -4.125000e+02 -9.908622e+00 1.960594e+02
      vertex   -4.187500e+02 -9.692922e+00 1.962751e+02
      vertex   -4.187500e+02 -9.908622e+00 1.960594e+02
    endloop
  endfacet
  facet normal 0.000000e+00 -5.735764e-01 8.191520e-01
    outer loop
      vertex   -4.125000e+02 -9.908622e+00 1.960594e+02
      vertex   -4.187500e+02 -9.908622e+00 1.960594e+02
      vertex   -4.125000e+02 -1.015850e+01 1.958845e+02
    endloop
  endfacet
  facet normal 0.000000e+00 -5.735764e-01 8.191520e-01
    outer loop
      vertex   -4.125000e+02 -1.015850e+01 1.958845e+02
      vertex   -4.187500e+02 -9.908622e+00 1.960594e+02
      vertex   -4.187500e+02 -1.015850e+01 1.958845e+02
    endloop
  endfacet
  facet normal 0.000000e+00 -4.226183e-01 9.063078e-01
    outer loop
      vertex   -4.125000e+02 -1.015850e+01 1.958845e+02
      vertex   -4.187500e+02 -1.015850e+01 1.958845e+02
      vertex   -4.125000e+02 -1.043496e+01 1.957555e+02
    endloop
  endfacet
  facet normal 0.000000e+00 -4.226183e-01 9.063078e-01
    outer loop
      vertex   -4.125000e+02 -1.043496e+01 1.957555e+02
      vertex   -4.187500e+02 -1.015850e+01 1.958845e+02
      vertex   -4.187500e+02 -1.043496e+01 1.957555e+02
    endloop
  endfacet
  facet normal 0.000000e+00 -2.588190e-01 9.659258e-01
    outer loop
      vertex   -4.125000e+02 -1.043496e+01 1.957555e+02
      vertex   -4.187500e+02 -1.043496e+01 1.957555e+02
      vertex   -4.125000e+02 -1.072962e+01 1.956766e+02
    endloop
  endfacet
  facet normal 0.000000e+00 -2.588190e-01 9.659258e-01
    outer loop
      vertex   -4.125000e+02 -1.072962e+01 1.956766e+02
      vertex   -4.187500e+02 -1.043496e+01 1.957555e+02
      vertex   -4.187500e+02 -1.072962e+01 1.956766e+02
    endloop
  endfacet
  facet normal 0.000000e+00 -8.715574e-02 9.961947e-01
    outer loop
      vertex   -4.125000e+02 -1.072962e+01 1.956766e+02
      vertex   -4.187500e+02 -1.072962e+01 1.956766e+02
      vertex   -4.125000e+02 -1.103350e+01 1.956500e+02
    endloop
  endfacet
  facet normal 0.000000e+00 -8.715574e-02 9.961947e-01
    outer loop
      vertex   -4.125000e+02 -1.103350e+01 1.956500e+02
      vertex   -4.187500e+02 -1.072962e+01 1.956766e+02
      vertex   -4.187500e+02 -1.103350e+01 1.956500e+02
    endloop
  endfacet
  facet normal 0.000000e+00 8.715574e-02 9.961947e-01
    outer loop
      vertex   -4.187500e+02 -1.103350e+01 1.956500e+02
      vertex   -4.250000e+02 -1.103350e+01 1.956500e+02
      vertex   -4.187500e+02 -1.133738e+01 1.956766e+02
    endloop
  endfacet
  facet normal 0.000000e+00 8.715574e-02 9.961947e-01
    outer loop
      vertex   -4.187500e+02 -1.133738e+01 1.956766e+02
      vertex   -4.250000e+02 -1.103350e+01 1.956500e+02
      vertex   -4.250000e+02 -1.133738e+01 1.956766e+02
    endloop
  endfacet
  facet normal 0.000000e+00 2.588190e-01 9.659258e-01
    outer loop
      vertex   -4.187500e+02 -1.133738e+01 1.956766e+02
      vertex   -4.250000e+02 -1.133738e+01 1.956766e+02
      vertex   -4.187500e+02 -1.163204e+01 1.957555e+02
    endloop
  endfacet
  facet normal 0.000000e+00 2.588190e-01 9.659258e-01
    outer loop
      vertex   -4.187500e+02 -1.163204e+01 1.957555e+02
      vertex   -4.250000e+02 -1.133738e+01 1.956766e+02
      vertex   -4.250000e+02 -1.163204e+01 1.957555e+02
    endloop
  endfacet
  facet normal 0.000000e+00 4.226183e-01 9.063078e-01
    outer loop
      vertex   -4.187500e+02 -1.163204e+01 1.957555e+02
      vertex   -4.250000e+02 -1.163204e+01 1.957555e+02
      vertex   -4.187500e+02 -1.190850e+01 1.958845e+02
    endloop
  endfacet
  facet normal 0.000000e+00 4.226183e-01 9.063078e-01
    outer loop
      vertex   -4.187500e+02 -1.190850e+01 1.958845e+02
      vertex   -4.250000e+02 -1.163204e+01 1.957555e+02
      vertex   -4.250000e+02 -1.190850e+01 1.958845e+02
    endloop
  endfacet
  facet normal 0.000000e+00 5.735764e-01 8.191520e-01
    outer loop
      vertex   -4.187500e+02 -1.190850e+01 1.958845e+02
      vertex   -4.250000e+02 -1.190850e+01 1.958845e+02
      vertex   -4.187500e+02 -1.215838e+01 1.960594e+02
    endloop
  endfacet
  facet normal 0.000000e+00 5.735764e-01 8.191520e-01
    outer loop
      vertex   -4.187500e+02 -1.215838e+01 1.960594e+02
      vertex   -4.250000e+02 -1.190850e+01 1.958845e+02
      vertex   -4.250000e+02 -1.215838e+01 1.960594e+02
    endloop
  endfacet
  facet normal 0.000000e+00 7.071068e-01 7.071068e-01
    outer loop
      vertex   -4.187500e+02 -1.215838e+01 1.960594e+02
      vertex   -4.250000e+02 -1.215838e+01 1.960594e+02
      vertex   -4.187500e+02 -1.237408e+01 1.962751e+02
    endloop
  endfacet
  facet normal 0.000000e+00 7.071068e-01 7.071068e-01
    outer loop
      vertex   -4.187500e+02 -1.237408e+01 1.962751e+02
      vertex   -4.250000e+02 -1.215838e+01 1.960594e+02
      vertex   -4.250000e+02 -1.237408e+01 1.962751e+02
    endloop
  endfacet
  facet normal 0.000000e+00 8.191520e-01 5.735764e-01
    outer loop
      vertex   -4.187500e+02 -1.237408e+01 1.962751e+02
      vertex   -4.250000e+02 -1.237408e+01 1.962751e+02
      vertex   -4.187500e+02 -1.254904e+01 1.965250e+02
    endloop
  endfacet
  facet normal 0.000000e+00 8.191520e-01 5.735764e-01
    outer loop
      vertex   -4.187500e+02 -1.254904e+01 1.965250e+02
      vertex   -4.250000e+02 -1.237408e+01 1.962751e+02
      vertex   -4.250000e+02 -1.254904e+01 1.965250e+02
    endloop
  endfacet
  facet normal 0.000000e+00 9.063078e-01 4.226183e-01
    outer loop
      vertex   -4.187500e+02 -1.254904e+01 1.965250e+02
      vertex   -4.250000e+02 -1.254904e+01 1.965250e+02
      vertex   -4.187500e+02 -1.267796e+01 1.968015e+02
    endloop
  endfacet
  facet normal 0.000000e+00 9.063078e-01 4.226183e-01
    outer loop
      vertex   -4.187500e+02 -1.267796e+01 1.968015e+02
      vertex   -4.250000e+02 -1.254904e+01 1.965250e+02
      vertex   -4.250000e+02 -1.267796e+01 1.968015e+02
    endloop
  endfacet
  facet normal 0.000000e+00 9.659258e-01 2.588190e-01
    outer loop
      vertex   -4.187500e+02 -1.267796e+01 1.968015e+02
      vertex   -4.250000e+02 -1.267796e+01 1.968015e+02
      vertex   -4.187500e+02 -1.275691e+01 1.970961e+02
    endloop
  endfacet
  facet normal 0.000000e+00 9.659258e-01 2.588190e-01
    outer loop
      vertex   -4.187500e+02 -1.275691e+01 1.970961e+02
      vertex   -4.250000e+02 -1.267796e+01 1.968015e+02
      vertex   -4.250000e+02 -1.275691e+01 1.970961e+02
    endloop
  endfacet
  facet normal 0.000000e+00 9.961947e-01 8.715574e-02
    outer loop
      vertex   -4.187500e+02 -1.275691e+01 1.970961e+02
      vertex   -4.250000e+02 -1.275691e+01 1.970961e+02
      vertex   -4.187500e+02 -1.278350e+01 1.974000e+02
    endloop
  endfacet
  facet normal 0.000000e+00 9.961947e-01 8.715574e-02
    outer loop
      vertex   -4.187500e+02 -1.278350e+01 1.974000e+02
      vertex   -4.250000e+02 -1.275691e+01 1.970961e+02
      vertex   -4.250000e+02 -1.278350e+01 1.974000e+02
    endloop
  endfacet
  facet normal 0.000000e+00 9.961947e-01 -8.715574e-02
    outer loop
      vertex   -4.187500e+02 -1.278350e+01 1.974000e+02
      vertex   -4.250000e+02 -1.278350e+01 1.974000e+02
      vertex   -4.187500e+02 -1.275691e+01 1.977039e+02
    endloop
  endfacet
  facet normal 0.000000e+00 9.961947e-01 -8.715574e-02
    outer loop
      vertex   -4.187500e+02 -1.275691e+01 1.977039e+02
      vertex   -4.250000e+02 -1.278350e+01 1.974000e+02
      vertex   -4.250000e+02 -1.275691e+01 1.977039e+02
    endloop
  endfacet
  facet normal 0.000000e+00 9.659258e-01 -2.588190e-01
    outer loop
      vertex   -4.187500e+02 -1.275691e+01 1.977039e+02
      vertex   -4.250000e+02 -1.275691e+01 1.977039e+02
      vertex   -4.187500e+02 -1.267796e+01 1.979985e+02
    endloop
  endfacet
  facet normal 0.000000e+00 9.659258e-01 -2.588190e-01
    outer loop
      vertex   -4.187500e+02 -1.267796e+01 1.979985e+02
      vertex   -4.250000e+02 -1.275691e+01 1.977039e+02
      vertex   -4.250000e+02 -1.267796e+01 1.979985e+02
    endloop
  endfacet
  facet normal 0.000000e+00 9.063078e-01 -4.226183e-01
    outer loop
      vertex   -4.187500e+02 -1.267796e+01 1.979985e+02
      vertex   -4.250000e+02 -1.267796e+01 1.979985e+02
      vertex   -4.187500e+02 -1.254904e+01 1.982750e+02
    endloop
  endfacet
  facet normal 0.000000e+00 9.063078e-01 -4.226183e-01
    outer loop
      vertex   -4.187500e+02 -1.254904e+01 1.982750e+02
      vertex   -4.250000e+02 -1.267796e+01 1.979985e+02
      vertex   -4.250000e+02 -1.254904e+01 1.982750e+02
    endloop
  endfacet
  facet normal 0.000000e+00 8.191520e-01 -5.735764e-01
    outer loop
      vertex   -4.187500e+02 -1.254904e+01 1.982750e+02
      vertex   -4.250000e+02 -1.254904e+01 1.982750e+02
      vertex   -4.187500e+02 -1.237408e+01 1.985249e+02
    endloop
  endfacet
  facet normal 0.000000e+00 8.191520e-01 -5.735764e-01
    outer loop
      vertex   -4.187500e+02 -1.237408e+01 1.985249e+02
      vertex   -4.250000e+02 -1.254904e+01 1.982750e+02
      vertex   -4.250000e+02 -1.237408e+01 1.985249e+02
    endloop
  endfacet
  facet normal 0.000000e+00 7.071068e-01 -7.071068e-01
    outer loop
      vertex   -4.187500e+02 -1.237408e+01 1.985249e+02
      vertex   -4.250000e+02 -1.237408e+01 1.985249e+02
      vertex   -4.187500e+02 -1.215838e+01 1.987406e+02
    endloop
  endfacet
  facet normal 0.000000e+00 7.071068e-01 -7.071068e-01
    outer loop
      vertex   -4.187500e+02 -1.215838e+01 1.987406e+02
      vertex   -4.250000e+02 -1.237408e+01 1.985249e+02
      vertex   -4.250000e+02 -1.215838e+01 1.987406e+02
    endloop
  endfacet
  facet normal 0.000000e+00 5.735764e-01 -8.191520e-01
    outer loop
      vertex   -4.187500e+02 -1.215838e+01 1.987406e+02
      vertex   -4.250000e+02 -1.215838e+01 1.987406e+02
      vertex   -4.187500e+02 -1.190850e+01 1.989155e+02
    endloop
  endfacet
  facet normal 0.000000e+00 5.735764e-01 -8.191520e-01
    outer loop
      vertex   -4.187500e+02 -1.190850e+01 1.989155e+02
      vertex   -4.250000e+02 -1.215838e+01 1.987406e+02
      vertex   -4.250000e+02 -1.190850e+01 1.989155e+02
    endloop
  endfacet
  facet normal 0.000000e+00 4.226183e-01 -9.063078e-01
    outer loop
      vertex   -4.187500e+02 -1.190850e+01 1.989155e+02
      vertex   -4.250000e+02 -1.190850e+01 1.989155e+02
      vertex   -4.187500e+02 -1.163204e+01 1.990445e+02
    endloop
  endfacet
  facet normal 0.000000e+00 4.226183e-01 -9.063078e-01
    outer loop
      vertex   -4.187500e+02 -1.163204e+01 1.990445e+02
      vertex   -4.250000e+02 -1.190850e+01 1.989155e+02
      vertex   -4.250000e+02 -1.163204e+01 1.990445e+02
    endloop
  endfacet
  facet normal 0.000000e+00 2.588190e-01 -9.659258e-01
    outer loop
      vertex   -4.187500e+02 -1.163204e+01 1.990445e+02
      vertex   -4.250000e+02 -1.163204e+01 1.990445e+02
      vertex   -4.187500e+02 -1.133738e+01 1.991234e+02
    endloop
  endfacet
  facet normal 0.000000e+00 2.588190e-01 -9.659258e-01
    outer loop
      vertex   -4.187500e+02 -1.133738e+01 1.991234e+02
      vertex   -4.250000e+02 -1.163204e+01 1.990445e+02
      vertex   -4.250000e+02 -1.133738e+01 1.991234e+02
    endloop
  endfacet
  facet normal 0.000000e+00 8.715574e-02 -9.961947e-01
    outer loop
      vertex   -4.187500e+02 -1.133738e+01 1.991234e+02
      vertex   -4.250000e+02 -1.133738e+01 1.991234e+02
      vertex   -4.187500e+02 -1.103350e+01 1.991500e+02
    endloop
  endfacet
  facet normal 0.000000e+00 8.715574e-02 -9.961947e-01
    outer loop
      vertex   -4.187500e+02 -1.103350e+01 1.991500e+02
      vertex   -4.250000e+02 -1.133738e+01 1.991234e+02
      vertex   -4.250000e+02 -1.103350e+01 1.991500e+02
    endloop
  endfacet
  facet normal -0.000000e+00 -8.715574e-02 -9.961947e-01
    outer loop
      vertex   -4.187500e+02 -1.103350e+01 1.991500e+02
      vertex   -4.250000e+02 -1.103350e+01 1.991500e+02
      vertex   -4.187500e+02 -1.072962e+01 1.991234e+02
    endloop
  endfacet
  facet normal -0.000000e+00 -8.715574e-02 -9.961947e-01
    outer loop
      vertex   -4.187500e+02 -1.072962e+01 1.991234e+02
      vertex   -4.250000e+02 -1.103350e+01 1.991500e+02
      vertex   -4.250000e+02 -1.072962e+01 1.991234e+02
    endloop
  endfacet
  facet normal -0.000000e+00 -2.588190e-01 -9.659258e-01
    outer loop
      vertex   -4.187500e+02 -1.072962e+01 1.991234e+02
      vertex   -4.250000e+02 -1.072962e+01 1.991234e+02
      vertex   -4.187500e+02 -1.043496e+01 1.990445e+02
    endloop
  endfacet
  facet normal -0.000000e+00 -2.588190e-01 -9.659258e-01
    outer loop
      vertex   -4.187500e+02 -1.043496e+01 1.990445e+02
      vertex   -4.250000e+02 -1.072962e+01 1.991234e+02
      vertex   -4.250000e+02 -1.043496e+01 1.990445e+02
    endloop
  endfacet
  facet normal -0.000000e+00 -4.226183e-01 -9.063078e-01
    outer loop
      vertex   -4.187500e+02 -1.043496e+01 1.990445e+02
      vertex   -4.250000e+02 -1.043496e+01 1.990445e+02
      vertex   -4.187500e+02 -1.015850e+01 1.989155e+02
    endloop
  endfacet
  facet normal -0.000000e+00 -4.226183e-01 -9.063078e-01
    outer loop
      vertex   -4.187500e+02 -1.015850e+01 1.989155e+02
      vertex   -4.250000e+02 -1.043496e+01 1.990445e+02
      vertex   -4.250000e+02 -1.015850e+01 1.989155e+02
    endloop
  endfacet
  facet normal -0.000000e+00 -5.735764e-01 -8.191520e-01
    outer loop
      vertex   -4.187500e+02 -1.015850e+01 1.989155e+02
      vertex   -4.250000e+02 -1.015850e+01 1.989155e+02
      vertex   -4.187500e+02 -9.908622e+00 1.987406e+02
    endloop
  endfacet
  facet normal -0.000000e+00 -5.735764e-01 -8.191520e-01
    outer loop
      vertex   -4.187500e+02 -9.908622e+00 1.987406e+02
      vertex   -4.250000e+02 -1.015850e+01 1.989155e+02
      vertex   -4.250000e+02 -9.908622e+00 1.987406e+02
    endloop
  endfacet
  facet normal -0.000000e+00 -7.071068e-01 -7.071068e-01
    outer loop
      vertex   -4.187500e+02 -9.908622e+00 1.987406e+02
      vertex   -4.250000e+02 -9.908622e+00 1.987406e+02
      vertex   -4.187500e+02 -9.692922e+00 1.985249e+02
    endloop
  endfacet
  facet normal -0.000000e+00 -7.071068e-01 -7.071068e-01
    outer loop
      vertex   -4.187500e+02 -9.692922e+00 1.985249e+02
      vertex   -4.250000e+02 -9.908622e+00 1.987406e+02
      vertex   -4.250000e+02 -9.692922e+00 1.985249e+02
    endloop
  endfacet
  facet normal -0.000000e+00 -8.191520e-01 -5.735764e-01
    outer loop
      vertex   -4.187500e+02 -9.692922e+00 1.985249e+02
      vertex   -4.250000e+02 -9.692922e+00 1.985249e+02
      vertex   -4.187500e+02 -9.517956e+00 1.982750e+02
    endloop
  endfacet
  facet normal -0.000000e+00 -8.191520e-01 -5.735764e-01
    outer loop
      vertex   -4.187500e+02 -9.517956e+00 1.982750e+02
      vertex   -4.250000e+02 -9.692922e+00 1.985249e+02
      vertex   -4.250000e+02 -9.517956e+00 1.982750e+02
    endloop
  endfacet
  facet normal -0.000000e+00 -9.063078e-01 -4.226183e-01
    outer loop
      vertex   -4.187500e+02 -9.517956e+00 1.982750e+02
      vertex   -4.250000e+02 -9.517956e+00 1.982750e+02
      vertex   -4.187500e+02 -9.389038e+00 1.979985e+02
    endloop
  endfacet
  facet normal -0.000000e+00 -9.063078e-01 -4.226183e-01
    outer loop
      vertex   -4.187500e+02 -9.389038e+00 1.979985e+02
      vertex   -4.250000e+02 -9.517956e+00 1.982750e+02
      vertex   -4.250000e+02 -9.389038e+00 1.979985e+02
    endloop
  endfacet
  facet normal -0.000000e+00 -9.659258e-01 -2.588190e-01
    outer loop
      vertex   -4.187500e+02 -9.389038e+00 1.979985e+02
      vertex   -4.250000e+02 -9.389038e+00 1.979985e+02
      vertex   -4.187500e+02 -9.310086e+00 1.977039e+02
    endloop
  endfacet
  facet normal -0.000000e+00 -9.659258e-01 -2.588190e-01
    outer loop
      vertex   -4.187500e+02 -9.310086e+00 1.977039e+02
      vertex   -4.250000e+02 -9.389038e+00 1.979985e+02
      vertex   -4.250000e+02 -9.310086e+00 1.977039e+02
    endloop
  endfacet
  facet normal -0.000000e+00 -9.961947e-01 -8.715574e-02
    outer loop
      vertex   -4.187500e+02 -9.310086e+00 1.977039e+02
      vertex   -4.250000e+02 -9.310086e+00 1.977039e+02
      vertex   -4.187500e+02 -9.283500e+00 1.974000e+02
    endloop
  endfacet
  facet normal -0.000000e+00 -9.961947e-01 -8.715574e-02
    outer loop
      vertex   -4.187500e+02 -9.283500e+00 1.974000e+02
      vertex   -4.250000e+02 -9.310086e+00 1.977039e+02
      vertex   -4.250000e+02 -9.283500e+00 1.974000e+02
    endloop
  endfacet
  facet normal 0.000000e+00 -9.961947e-01 8.715574e-02
    outer loop
      vertex   -4.187500e+02 -9.283500e+00 1.974000e+02
      vertex   -4.250000e+02 -9.283500e+00 1.974000e+02
      vertex   -4.187500e+02 -9.310086e+00 1.970961e+02
    endloop
  endfacet
  facet normal 0.000000e+00 -9.961947e-01 8.715574e-02
    outer loop
      vertex   -4.187500e+02 -9.310086e+00 1.970961e+02
      vertex   -4.250000e+02 -9.283500e+00 1.974000e+02
      vertex   -4.250000e+02 -9.310086e+00 1.970961e+02
    endloop
  endfacet
  facet normal 0.000000e+00 -9.659258e-01 2.588190e-01
    outer loop
      vertex   -4.187500e+02 -9.310086e+00 1.970961e+02
      vertex   -4.250000e+02 -9.310086e+00 1.970961e+02
      vertex   -4.187500e+02 -9.389038e+00 1.968015e+02
    endloop
  endfacet
  facet normal 0.000000e+00 -9.659258e-01 2.588190e-01
    outer loop
      vertex   -4.187500e+02 -9.389038e+00 1.968015e+02
      vertex   -4.250000e+02 -9.310086e+00 1.970961e+02
      vertex   -4.250000e+02 -9.389038e+00 1.968015e+02
    endloop
  endfacet
  facet normal 0.000000e+00 -9.063078e-01 4.226183e-01
    outer loop
      vertex   -4.187500e+02 -9.389038e+00 1.968015e+02
      vertex   -4.250000e+02 -9.389038e+00 1.968015e+02
      vertex   -4.187500e+02 -9.517956e+00 1.965250e+02
    endloop
  endfacet
  facet normal 0.000000e+00 -9.063078e-01 4.226183e-01
    outer loop
      vertex   -4.187500e+02 -9.517956e+00 1.965250e+02
      vertex   -4.250000e+02 -9.389038e+00 1.968015e+02
      vertex   -4.250000e+02 -9.517956e+00 1.965250e+02
    endloop
  endfacet
  facet normal 0.000000e+00 -8.191520e-01 5.735764e-01
    outer loop
      vertex   -4.187500e+02 -9.517956e+00 1.965250e+02
      vertex   -4.250000e+02 -9.517956e+00 1.965250e+02
      vertex   -4.187500e+02 -9.692922e+00 1.962751e+02
    endloop
  endfacet
  facet normal 0.000000e+00 -8.191520e-01 5.735764e-01
    outer loop
      vertex   -4.187500e+02 -9.692922e+00 1.962751e+02
      vertex   -4.250000e+02 -9.517956e+00 1.965250e+02
      vertex   -4.250000e+02 -9.692922e+00 1.962751e+02
    endloop
  endfacet
  facet normal 0.000000e+00 -7.071068e-01 7.071068e-01
    outer loop
      vertex   -4.187500e+02 -9.692922e+00 1.962751e+02
      vertex   -4.250000e+02 -9.692922e+00 1.962751e+02
      vertex   -4.187500e+02 -9.908622e+00 1.960594e+02
    endloop
  endfacet
  facet normal 0.000000e+00 -7.071068e-01 7.071068e-01
    outer loop
      vertex   -4.187500e+02 -9.908622e+00 1.960594e+02
      vertex   -4.250000e+02 -9.692922e+00 1.962751e+02
      vertex   -4.250000e+02 -9.908622e+00 1.960594e+02
    endloop
  endfacet
  facet normal 0.000000e+00 -5.735764e-01 8.191520e-01
    outer loop
      vertex   -4.187500e+02 -9.908622e+00 1.960594e+02
      vertex   -4.250000e+02 -9.908622e+00 1.960594e+02
      vertex   -4.187500e+02 -1.015850e+01 1.958845e+02
    endloop
  endfacet
  facet normal 0.000000e+00 -5.735764e-01 8.191520e-01
    outer loop
      vertex   -4.187500e+02 -1.015850e+01 1.958845e+02
      vertex   -4.250000e+02 -9.908622e+00 1.960594e+02
      vertex   -4.250000e+02 -1.015850e+01 1.958845e+02
    endloop
  endfacet
  facet normal 0.000000e+00 -4.226183e-01 9.063078e-01
    outer loop
      vertex   -4.187500e+02 -1.015850e+01 1.958845e+02
      vertex   -4.250000e+02 -1.015850e+01 1.958845e+02
      vertex   -4.187500e+02 -1.043496e+01 1.957555e+02
    endloop
  endfacet
  facet normal 0.000000e+00 -4.226183e-01 9.063078e-01
    outer loop
      vertex   -4.187500e+02 -1.043496e+01 1.957555e+02
      vertex   -4.250000e+02 -1.015850e+01 1.958845e+02
      vertex   -4.250000e+02 -1.043496e+01 1.957555e+02
    endloop
  endfacet
  facet normal 0.000000e+00 -2.588190e-01 9.659258e-01
    outer loop
      vertex   -4.187500e+02 -1.043496e+01 1.957555e+02
      vertex   -4.250000e+02 -1.043496e+01 1.957555e+02
      vertex   -4.187500e+02 -1.072962e+01 1.956766e+02
    endloop
  endfacet
  facet normal 0.000000e+00 -2.588190e-01 9.659258e-01
    outer loop
      vertex   -4.187500e+02 -1.072962e+01 1.956766e+02
      vertex   -4.250000e+02 -1.043496e+01 1.957555e+02
      vertex   -4.250000e+02 -1.072962e+01 1.956766e+02
    endloop
  endfacet
  facet normal 0.000000e+00 -8.715574e-02 9.961947e-01
    outer loop
      vertex   -4.187500e+02 -1.072962e+01 1.956766e+02
      vertex   -4.250000e+02 -1.072962e+01 1.956766e+02
      vertex   -4.187500e+02 -1.103350e+01 1.956500e+02
    endloop
  endfacet
  facet normal 0.000000e+00 -8.715574e-02 9.961947e-01
    outer loop
      vertex   -4.187500e+02 -1.103350e+01 1.956500e+02
      vertex   -4.250000e+02 -1.072962e+01 1.956766e+02
      vertex   -4.250000e+02 -1.103350e+01 1.956500e+02
    endloop
  endfacet
  facet normal 0.000000e+00 8.715574e-02 9.961947e-01
    outer loop
      vertex   -4.250000e+02 -1.103350e+01 1.956500e+02
      vertex   -4.312500e+02 -1.103350e+01 1.956500e+02
      vertex   -4.250000e+02 -1.133738e+01 1.956766e+02
    endloop
  endfacet
  facet normal 0.000000e+00 8.715574e-02 9.961947e-01
    outer loop
      vertex   -4.250000e+02 -1.133738e+01 1.956766e+02
      vertex   -4.312500e+02 -1.103350e+01 1.956500e+02
      vertex   -4.312500e+02 -1.133738e+01 1.956766e+02
    endloop
  endfacet
  facet normal 0.000000e+00 2.588190e-01 9.659258e-01
    outer loop
      vertex   -4.250000e+02 -1.133738e+01 1.956766e+02
      vertex   -4.312500e+02 -1.133738e+01 1.956766e+02
      vertex   -4.250000e+02 -1.163204e+01 1.957555e+02
    endloop
  endfacet
  facet normal 0.000000e+00 2.588190e-01 9.659258e-01
    outer loop
      vertex   -4.250000e+02 -1.163204e+01 1.957555e+02
      vertex   -4.312500e+02 -1.133738e+01 1.956766e+02
      vertex   -4.312500e+02 -1.163204e+01 1.957555e+02
    endloop
  endfacet
  facet normal 0.000000e+00 4.226183e-01 9.063078e-01
    outer loop
      vertex   -4.250000e+02 -1.163204e+01 1.957555e+02
      vertex   -4.312500e+02 -1.163204e+01 1.957555e+02
      vertex   -4.250000e+02 -1.190850e+01 1.958845e+02
    endloop
  endfacet
  facet normal 0.000000e+00 4.226183e-01 9.063078e-01
    outer loop
      vertex   -4.250000e+02 -1.190850e+01 1.958845e+02
      vertex   -4.312500e+02 -1.163204e+01 1.957555e+02
      vertex   -4.312500e+02 -1.190850e+01 1.958845e+02
    endloop
  endfacet
  facet normal 0.000000e+00 5.735764e-01 8.191520e-01
    outer loop
      vertex   -4.250000e+02 -1.190850e+01 1.958845e+02
      vertex   -4.312500e+02 -1.190850e+01 1.958845e+02
      vertex   -4.250000e+02 -1.215838e+01 1.960594e+02
    endloop
  endfacet
  facet normal 0.000000e+00 5.735764e-01 8.191520e-01
    outer loop
      vertex   -4.250000e+02 -1.215838e+01 1.960594e+02
      vertex   -4.312500e+02 -1.190850e+01 1.958845e+02
      vertex   -4.312500e+02 -1.215838e+01 1.960594e+02
    endloop
  endfacet
  facet normal 0.000000e+00 7.071068e-01 7.071068e-01
    outer loop
      vertex   -4.250000e+02 -1.215838e+01 1.960594e+02
      vertex   -4.312500e+02 -1.215838e+01 1.960594e+02
      vertex   -4.250000e+02 -1.237408e+01 1.962751e+02
    endloop
  endfacet
  facet normal 0.000000e+00 7.071068e-01 7.071068e-01
    outer loop
      vertex   -4.250000e+02 -1.237408e+01 1.962751e+02
      vertex   -4.312500e+02 -1.215838e+01 1.960594e+02
      vertex   -4.312500e+02 -1.237408e+01 1.962751e+02
    endloop
  endfacet
  facet normal 0.000000e+00 8.191520e-01 5.735764e-01
    outer loop
      vertex   -4.250000e+02 -1.237408e+01 1.962751e+02
      vertex   -4.312500e+02 -1.237408e+01 1.962751e+02
      vertex   -4.250000e+02 -1.254904e+01 1.965250e+02
    endloop
  endfacet
  facet normal 0.000000e+00 8.191520e-01 5.735764e-01
    outer loop
      vertex   -4.250000e+02 -1.254904e+01 1.965250e+02
      vertex   -4.312500e+02 -1.237408e+01 1.962751e+02
      vertex   -4.312500e+02 -1.254904e+01 1.965250e+02
    endloop
  endfacet
  facet normal 0.000000e+00 9.063078e-01 4.226183e-01
    outer loop
      vertex   -4.250000e+02 -1.254904e+01 1.965250e+02
      vertex   -4.312500e+02 -1.254904e+01 1.965250e+02
      vertex   -4.250000e+02 -1.267796e+01 1.968015e+02
    endloop
  endfacet
  facet normal 0.000000e+00 9.063078e-01 4.226183e-01
    outer loop
      vertex   -4.250000e+02 -1.267796e+01 1.968015e+02
      vertex   -4.312500e+02 -1.254904e+01 1.965250e+02
      vertex   -4.312500e+02 -1.267796e+01 1.968015e+02
    endloop
  endfacet
  facet normal 0.000000e+00 9.659258e-01 2.588190e-01
    outer loop
      vertex   -4.250000e+02 -1.267796e+01 1.968015e+02
      vertex   -4.312500e+02 -1.267796e+01 1.968015e+02
      vertex   -4.250000e+02 -1.275691e+01 1.970961e+02
    endloop
  endfacet
  facet normal 0.000000e+00 9.659258e-01 2.588190e-01
    outer loop
      vertex   -4.250000e+02 -1.275691e+01 1.970961e+02
      vertex   -4.312500e+02 -1.267796e+01 1.968015e+02
      vertex   -4.312500e+02 -1.275691e+01 1.970961e+02
    endloop
  endfacet
  facet normal 0.000000e+00 9.961947e-01 8.715574e-02
    outer loop
      vertex   -4.250000e+02 -1.275691e+01 1.970961e+02
      vertex   -4.312500e+02 -1.275691e+01 1.970961e+02
      vertex   -4.250000e+02 -1.278350e+01 1.974000e+02
    endloop
  endfacet
  facet normal 0.000000e+00 9.961947e-01 8.715574e-02
    outer loop
      vertex   -4.250000e+02 -1.278350e+01 1.974000e+02
      vertex   -4.312500e+02 -1.275691e+01 1.970961e+02
      vertex   -4.312500e+02 -1.278350e+01 1.974000e+02
    endloop
  endfacet
  facet normal 0.000000e+00 9.961947e-01 -8.715574e-02
    outer loop
      vertex   -4.250000e+02 -1.278350e+01 1.974000e+02
      vertex   -4.312500e+02 -1.278350e+01 1.974000e+02
      vertex   -4.250000e+02 -1.275691e+01 1.977039e+02
    endloop
  endfacet
  facet normal 0.000000e+00 9.961947e-01 -8.715574e-02
    outer loop
      vertex   -4.250000e+02 -1.275691e+01 1.977039e+02
      vertex   -4.312500e+02 -1.278350e+01 1.974000e+02
      vertex   -4.312500e+02 -1.275691e+01 1.977039e+02
    endloop
  endfacet
  facet normal 0.000000e+00 9.659258e-01 -2.588190e-01
    outer loop
      vertex   -4.250000e+02 -1.275691e+01 1.977039e+02
      vertex   -4.312500e+02 -1.275691e+01 1.977039e+02
      vertex   -4.250000e+02 -1.267796e+01 1.979985e+02
    endloop
  endfacet
  facet normal 0.000000e+00 9.659258e-01 -2.588190e-01
    outer loop
      vertex   -4.250000e+02 -1.267796e+01 1.979985e+02
      vertex   -4.312500e+02 -1.275691e+01 1.977039e+02
      vertex   -4.312500e+02 -1.267796e+01 1.979985e+02
    endloop
  endfacet
  facet normal 0.000000e+00 9.063078e-01 -4.226183e-01
    outer loop
      vertex   -4.250000e+02 -1.267796e+01 1.979985e+02
      vertex   -4.312500e+02 -1.267796e+01 1.979985e+02
      vertex   -4.250000e+02 -1.254904e+01 1.982750e+02
    endloop
  endfacet
  facet normal 0.000000e+00 9.063078e-01 -4.226183e-01
    outer loop
      vertex   -4.250000e+02 -1.254904e+01 1.982750e+02
      vertex   -4.312500e+02 -1.267796e+01 1.979985e+02
      vertex   -4.312500e+02 -1.254904e+01 1.982750e+02
    endloop
  endfacet
  facet normal 0.000000e+00 8.191520e-01 -5.735764e-01
    outer loop
      vertex   -4.250000e+02 -1.254904e+01 1.982750e+02
      vertex   -4.312500e+02 -1.254904e+01 1.982750e+02
      vertex   -4.250000e+02 -1.237408e+01 1.985249e+02
    endloop
  endfacet
  facet normal 0.000000e+00 8.191520e-01 -5.735764e-01
    outer loop
      vertex   -4.250000e+02 -1.237408e+01 1.985249e+02
      vertex   -4.312500e+02 -1.254904e+01 1.982750e+02
      vertex   -4.312500e+02 -1.237408e+01 1.985249e+02
    endloop
  endfacet
  facet normal 0.000000e+00 7.071068e-01 -7.071068e-01
    outer loop
      vertex   -4.250000e+02 -1.237408e+01 1.985249e+02
      vertex   -4.312500e+02 -1.237408e+01 1.985249e+02
      vertex   -4.250000e+02 -1.215838e+01 1.987406e+02
    endloop
  endfacet
  facet normal 0.000000e+00 7.071068e-01 -7.071068e-01
    outer loop
      vertex   -4.250000e+02 -1.215838e+01 1.987406e+02
      vertex   -4.312500e+02 -1.237408e+01 1.985249e+02
      vertex   -4.312500e+02 -1.215838e+01 1.987406e+02
    endloop
  endfacet
  facet normal 0.000000e+00 5.735764e-01 -8.191520e-01
    outer loop
      vertex   -4.250000e+02 -1.215838e+01 1.987406e+02
      vertex   -4.312500e+02 -1.215838e+01 1.987406e+02
      vertex   -4.250000e+02 -1.190850e+01 1.989155e+02
    endloop
  endfacet
  facet normal 0.000000e+00 5.735764e-01 -8.191520e-01
    outer loop
      vertex   -4.250000e+02 -1.190850e+01 1.989155e+02
      vertex   -4.312500e+02 -1.215838e+01 1.987406e+02
      vertex   -4.312500e+02 -1.190850e+01 1.989155e+02
    endloop
  endfacet
  facet normal 0.000000e+00 4.226183e-01 -9.063078e-01
    outer loop
      vertex   -4.250000e+02 -1.190850e+01 1.989155e+02
      vertex   -4.312500e+02 -1.190850e+01 1.989155e+02
      vertex   -4.250000e+02 -1.163204e+01 1.990445e+02
    endloop
  endfacet
  facet normal 0.000000e+00 4.226183e-01 -9.063078e-01
    outer loop
      vertex   -4.250000e+02 -1.163204e+01 1.990445e+02
      vertex   -4.312500e+02 -1.190850e+01 1.989155e+02
      vertex   -4.312500e+02 -1.163204e+01 1.990445e+02
    endloop
  endfacet
  facet normal 0.000000e+00 2.588190e-01 -9.659258e-01
    outer loop
      vertex   -4.250000e+02 -1.163204e+01 1.990445e+02
      vertex   -4.312500e+02 -1.163204e+01 1.990445e+02
      vertex   -4.250000e+02 -1.133738e+01 1.991234e+02
    endloop
  endfacet
  facet normal 0.000000e+00 2.588190e-01 -9.659258e-01
    outer loop
      vertex   -4.250000e+02 -1.133738e+01 1.991234e+02
      vertex   -4.312500e+02 -1.163204e+01 1.990445e+02
      vertex   -4.312500e+02 -1.133738e+01 1.991234e+02
    endloop
  endfacet
  facet normal 0.000000e+00 8.715574e-02 -9.961947e-01
    outer loop
      vertex   -4.250000e+02 -1.133738e+01 1.991234e+02
      vertex   -4.312500e+02 -1.133738e+01 1.991234e+02
      vertex   -4.250000e+02 -1.103350e+01 1.991500e+02
    endloop
  endfacet
  facet normal 0.000000e+00 8.715574e-02 -9.961947e-01
    outer loop
      vertex   -4.250000e+02 -1.103350e+01 1.991500e+02
      vertex   -4.312500e+02 -1.133738e+01 1.991234e+02
      vertex   -4.312500e+02 -1.103350e+01 1.991500e+02
    endloop
  endfacet
  facet normal -0.000000e+00 -8.715574e-02 -9.961947e-01
    outer loop
      vertex   -4.250000e+02 -1.103350e+01 1.991500e+02
      vertex   -4.312500e+02 -1.103350e+01 1.991500e+02
      vertex   -4.250000e+02 -1.072962e+01 1.991234e+02
    endloop
  endfacet
  facet normal -0.000000e+00 -8.715574e-02 -9.961947e-01
    outer loop
      vertex   -4.250000e+02 -1.072962e+01 1.991234e+02
      vertex   -4.312500e+02 -1.103350e+01 1.991500e+02
      vertex   -4.312500e+02 -1.072962e+01 1.991234e+02
    endloop
  endfacet
  facet normal -0.000000e+00 -2.588190e-01 -9.659258e-01
    outer loop
      vertex   -4.250000e+02 -1.072962e+01 1.991234e+02
      vertex   -4.312500e+02 -1.072962e+01 1.991234e+02
      vertex   -4.250000e+02 -1.043496e+01 1.990445e+02
    endloop
  endfacet
  facet normal -0.000000e+00 -2.588190e-01 -9.659258e-01
    outer loop
      vertex   -4.250000e+02 -1.043496e+01 1.990445e+02
      vertex   -4.312500e+02 -1.072962e+01 1.991234e+02
      vertex   -4.312500e+02 -1.043496e+01 1.990445e+02
    endloop
  endfacet
  facet normal -0.000000e+00 -4.226183e-01 -9.063078e-01
    outer loop
      vertex   -4.250000e+02 -1.043496e+01 1.990445e+02
      vertex   -4.312500e+02 -1.043496e+01 1.990445e+02
      vertex   -4.250000e+02 -1.015850e+01 1.989155e+02
    endloop
  endfacet
  facet normal -0.000000e+00 -4.226183e-01 -9.063078e-01
    outer loop
      vertex   -4.250000e+02 -1.015850e+01 1.989155e+02
      vertex   -4.312500e+02 -1.043496e+01 1.990445e+02
      vertex   -4.312500e+02 -1.015850e+01 1.989155e+02
    endloop
  endfacet
  facet normal -0.000000e+00 -5.735764e-01 -8.191520e-01
    outer loop
      vertex   -4.250000e+02 -1.015850e+01 1.989155e+02
      vertex   -4.312500e+02 -1.015850e+01 1.989155e+02
      vertex   -4.250000e+02 -9.908622e+00 1.987406e+02
    endloop
  endfacet
  facet normal -0.000000e+00 -5.735764e-01 -8.191520e-01
    outer loop
      vertex   -4.250000e+02 -9.908622e+00 1.987406e+02
      vertex   -4.312500e+02 -1.015850e+01 1.989155e+02
      vertex   -4.312500e+02 -9.908622e+00 1.987406e+02
    endloop
  endfacet
  facet normal -0.000000e+00 -7.071068e-01 -7.071068e-01
    outer loop
      vertex   -4.250000e+02 -9.908622e+00 1.987406e+02
      vertex   -4.312500e+02 -9.908622e+00 1.987406e+02
      vertex   -4.250000e+02 -9.692922e+00 1.985249e+02
    endloop
  endfacet
  facet normal -0.000000e+00 -7.071068e-01 -7.071068e-01
    outer loop
      vertex   -4.250000e+02 -9.692922e+00 1.985249e+02
      vertex   -4.312500e+02 -9.908622e+00 1.987406e+02
      vertex   -4.312500e+02 -9.692922e+00 1.985249e+02
    endloop
  endfacet
  facet normal -0.000000e+00 -8.191520e-01 -5.735764e-01
    outer loop
      vertex   -4.250000e+02 -9.692922e+00 1.985249e+02
      vertex   -4.312500e+02 -9.692922e+00 1.985249e+02
      vertex   -4.250000e+02 -9.517956e+00 1.982750e+02
    endloop
  endfacet
  facet normal -0.000000e+00 -8.191520e-01 -5.735764e-01
    outer loop
      vertex   -4.250000e+02 -9.517956e+00 1.982750e+02
      vertex   -4.312500e+02 -9.692922e+00 1.985249e+02
      vertex   -4.312500e+02 -9.517956e+00 1.982750e+02
    endloop
  endfacet
  facet normal -0.000000e+00 -9.063078e-01 -4.226183e-01
    outer loop
      vertex   -4.250000e+02 -9.517956e+00 1.982750e+02
      vertex   -4.312500e+02 -9.517956e+00 1.982750e+02
      vertex   -4.250000e+02 -9.389038e+00 1.979985e+02
    endloop
  endfacet
  facet normal -0.000000e+00 -9.063078e-01 -4.226183e-01
    outer loop
      vertex   -4.250000e+02 -9.389038e+00 1.979985e+02
      vertex   -4.312500e+02 -9.517956e+00 1.982750e+02
      vertex   -4.312500e+02 -9.389038e+00 1.979985e+02
    endloop
  endfacet
  facet normal -0.000000e+00 -9.659258e-01 -2.588190e-01
    outer loop
      vertex   -4.250000e+02 -9.389038e+00 1.979985e+02
      vertex   -4.312500e+02 -9.389038e+00 1.979985e+02
      vertex   -4.250000e+02 -9.310086e+00 1.977039e+02
    endloop
  endfacet
  facet normal -0.000000e+00 -9.659258e-01 -2.588190e-01
    outer loop
      vertex   -4.250000e+02 -9.310086e+00 1.977039e+02
      vertex   -4.312500e+02 -9.389038e+00 1.979985e+02
      vertex   -4.312500e+02 -9.310086e+00 1.977039e+02
    endloop
  endfacet
  facet normal -0.000000e+00 -9.961947e-01 -8.715574e-02
    outer loop
      vertex   -4.250000e+02 -9.310086e+00 1.977039e+02
      vertex   -4.312500e+02 -9.310086e+00 1.977039e+02
      vertex   -4.250000e+02 -9.283500e+00 1.974000e+02
    endloop
  endfacet
  facet normal -0.000000e+00 -9.961947e-01 -8.715574e-02
    outer loop
      vertex   -4.250000e+02 -9.283500e+00 1.974000e+02
      vertex   -4.312500e+02 -9.310086e+00 1.977039e+02
      vertex   -4.312500e+02 -9.283500e+00 1.974000e+02
    endloop
  endfacet
  facet normal 0.000000e+00 -9.961947e-01 8.715574e-02
    outer loop
      vertex   -4.250000e+02 -9.283500e+00 1.974000e+02
      vertex   -4.312500e+02 -9.283500e+00 1.974000e+02
      vertex   -4.250000e+02 -9.310086e+00 1.970961e+02
    endloop
  endfacet
  facet normal 0.000000e+00 -9.961947e-01 8.715574e-02
    outer loop
      vertex   -4.250000e+02 -9.310086e+00 1.970961e+02
      vertex   -4.312500e+02 -9.283500e+00 1.974000e+02
      vertex   -4.312500e+02 -9.310086e+00 1.970961e+02
    endloop
  endfacet
  facet normal 0.000000e+00 -9.659258e-01 2.588190e-01
    outer loop
      vertex   -4.250000e+02 -9.310086e+00 1.970961e+02
      vertex   -4.312500e+02 -9.310086e+00 1.970961e+02
      vertex   -4.250000e+02 -9.389038e+00 1.968015e+02
    endloop
  endfacet
  facet normal 0.000000e+00 -9.659258e-01 2.588190e-01
    outer loop
      vertex   -4.250000e+02 -9.389038e+00 1.968015e+02
      vertex   -4.312500e+02 -9.310086e+00 1.970961e+02
      vertex   -4.312500e+02 -9.389038e+00 1.968015e+02
    endloop
  endfacet
  facet normal 0.000000e+00 -9.063078e-01 4.226183e-01
    outer loop
      vertex   -4.250000e+02 -9.389038e+00 1.968015e+02
      vertex   -4.312500e+02 -9.389038e+00 1.968015e+02
      vertex   -4.250000e+02 -9.517956e+00 1.965250e+02
    endloop
  endfacet
  facet normal 0.000000e+00 -9.063078e-01 4.226183e-01
    outer loop
      vertex   -4.250000e+02 -9.517956e+00 1.965250e+02
      vertex   -4.312500e+02 -9.389038e+00 1.968015e+02
      vertex   -4.312500e+02 -9.517956e+00 1.965250e+02
    endloop
  endfacet
  facet normal 0.000000e+00 -8.191520e-01 5.735764e-01
    outer loop
      vertex   -4.250000e+02 -9.517956e+00 1.965250e+02
      vertex   -4.312500e+02 -9.517956e+00 1.965250e+02
      vertex   -4.250000e+02 -9.692922e+00 1.962751e+02
    endloop
  endfacet
  facet normal 0.000000e+00 -8.191520e-01 5.735764e-01
    outer loop
      vertex   -4.250000e+02 -9.692922e+00 1.962751e+02
      vertex   -4.312500e+02 -9.517956e+00 1.965250e+02
      vertex   -4.312500e+02 -9.692922e+00 1.962751e+02
    endloop
  endfacet
  facet normal 0.000000e+00 -7.071068e-01 7.071068e-01
    outer loop
      vertex   -4.250000e+02 -9.692922e+00 1.962751e+02
      vertex   -4.312500e+02 -9.692922e+00 1.962751e+02
      vertex   -4.250000e+02 -9.908622e+00 1.960594e+02
    endloop
  endfacet
  facet normal 0.000000e+00 -7.071068e-01 7.071068e-01
    outer loop
      vertex   -4.250000e+02 -9.908622e+00 1.960594e+02
      vertex   -4.312500e+02 -9.692922e+00 1.962751e+02
      vertex   -4.312500e+02 -9.908622e+00 1.960594e+02
    endloop
  endfacet
  facet normal 0.000000e+00 -5.735764e-01 8.191520e-01
    outer loop
      vertex   -4.250000e+02 -9.908622e+00 1.960594e+02
      vertex   -4.312500e+02 -9.908622e+00 1.960594e+02
      vertex   -4.250000e+02 -1.015850e+01 1.958845e+02
    endloop
  endfacet
  facet normal 0.000000e+00 -5.735764e-01 8.191520e-01
    outer loop
      vertex   -4.250000e+02 -1.015850e+01 1.958845e+02
      vertex   -4.312500e+02 -9.908622e+00 1.960594e+02
      vertex   -4.312500e+02 -1.015850e+01 1.958845e+02
    endloop
  endfacet
  facet normal 0.000000e+00 -4.226183e-01 9.063078e-01
    outer loop
      vertex   -4.250000e+02 -1.015850e+01 1.958845e+02
      vertex   -4.312500e+02 -1.015850e+01 1.958845e+02
      vertex   -4.250000e+02 -1.043496e+01 1.957555e+02
    endloop
  endfacet
  facet normal 0.000000e+00 -4.226183e-01 9.063078e-01
    outer loop
      vertex   -4.250000e+02 -1.043496e+01 1.957555e+02
      vertex   -4.312500e+02 -1.015850e+01 1.958845e+02
      vertex   -4.312500e+02 -1.043496e+01 1.957555e+02
    endloop
  endfacet
  facet normal 0.000000e+00 -2.588190e-01 9.659258e-01
    outer loop
      vertex   -4.250000e+02 -1.043496e+01 1.957555e+02
      vertex   -4.312500e+02 -1.043496e+01 1.957555e+02
      vertex   -4.250000e+02 -1.072962e+01 1.956766e+02
    endloop
  endfacet
  facet normal 0.000000e+00 -2.588190e-01 9.659258e-01
    outer loop
      vertex   -4.250000e+02 -1.072962e+01 1.956766e+02
      vertex   -4.312500e+02 -1.043496e+01 1.957555e+02
      vertex   -4.312500e+02 -1.072962e+01 1.956766e+02
    endloop
  endfacet
  facet normal 0.000000e+00 -8.715574e-02 9.961947e-01
    outer loop
      vertex   -4.250000e+02 -1.072962e+01 1.956766e+02
      vertex   -4.312500e+02 -1.072962e+01 1.956766e+02
      vertex   -4.250000e+02 -1.103350e+01 1.956500e+02
    endloop
  endfacet
  facet normal 0.000000e+00 -8.715574e-02 9.961947e-01
    outer loop
      vertex   -4.250000e+02 -1.103350e+01 1.956500e+02
      vertex   -4.312500e+02 -1.072962e+01 1.956766e+02
      vertex   -4.312500e+02 -1.103350e+01 1.956500e+02
    endloop
  endfacet
  facet normal 0.000000e+00 8.715574e-02 9.961947e-01
    outer loop
      vertex   -4.312500e+02 -1.103350e+01 1.956500e+02
      vertex   -4.375000e+02 -1.103350e+01 1.956500e+02
      vertex   -4.312500e+02 -1.133738e+01 1.956766e+02
    endloop
  endfacet
  facet normal 0.000000e+00 8.715574e-02 9.961947e-01
    outer loop
      vertex   -4.312500e+02 -1.133738e+01 1.956766e+02
      vertex   -4.375000e+02 -1.103350e+01 1.956500e+02
      vertex   -4.375000e+02 -1.133738e+01 1.956766e+02
    endloop
  endfacet
  facet normal 0.000000e+00 2.588190e-01 9.659258e-01
    outer loop
      vertex   -4.312500e+02 -1.133738e+01 1.956766e+02
      vertex   -4.375000e+02 -1.133738e+01 1.956766e+02
      vertex   -4.312500e+02 -1.163204e+01 1.957555e+02
    endloop
  endfacet
  facet normal 0.000000e+00 2.588190e-01 9.659258e-01
    outer loop
      vertex   -4.312500e+02 -1.163204e+01 1.957555e+02
      vertex   -4.375000e+02 -1.133738e+01 1.956766e+02
      vertex   -4.375000e+02 -1.163204e+01 1.957555e+02
    endloop
  endfacet
  facet normal 0.000000e+00 4.226183e-01 9.063078e-01
    outer loop
      vertex   -4.312500e+02 -1.163204e+01 1.957555e+02
      vertex   -4.375000e+02 -1.163204e+01 1.957555e+02
      vertex   -4.312500e+02 -1.190850e+01 1.958845e+02
    endloop
  endfacet
  facet normal 0.000000e+00 4.226183e-01 9.063078e-01
    outer loop
      vertex   -4.312500e+02 -1.190850e+01 1.958845e+02
      vertex   -4.375000e+02 -1.163204e+01 1.957555e+02
      vertex   -4.375000e+02 -1.190850e+01 1.958845e+02
    endloop
  endfacet
  facet normal 0.000000e+00 5.735764e-01 8.191520e-01
    outer loop
      vertex   -4.312500e+02 -1.190850e+01 1.958845e+02
      vertex   -4.375000e+02 -1.190850e+01 1.958845e+02
      vertex   -4.312500e+02 -1.215838e+01 1.960594e+02
    endloop
  endfacet
  facet normal 0.000000e+00 5.735764e-01 8.191520e-01
    outer loop
      vertex   -4.312500e+02 -1.215838e+01 1.960594e+02
      vertex   -4.375000e+02 -1.190850e+01 1.958845e+02
      vertex   -4.375000e+02 -1.215838e+01 1.960594e+02
    endloop
  endfacet
  facet normal 0.000000e+00 7.071068e-01 7.071068e-01
    outer loop
      vertex   -4.312500e+02 -1.215838e+01 1.960594e+02
      vertex   -4.375000e+02 -1.215838e+01 1.960594e+02
      vertex   -4.312500e+02 -1.237408e+01 1.962751e+02
    endloop
  endfacet
  facet normal 0.000000e+00 7.071068e-01 7.071068e-01
    outer loop
      vertex   -4.312500e+02 -1.237408e+01 1.962751e+02
      vertex   -4.375000e+02 -1.215838e+01 1.960594e+02
      vertex   -4.375000e+02 -1.237408e+01 1.962751e+02
    endloop
  endfacet
  facet normal 0.000000e+00 8.191520e-01 5.735764e-01
    outer loop
      vertex   -4.312500e+02 -1.237408e+01 1.962751e+02
      vertex   -4.375000e+02 -1.237408e+01 1.962751e+02
      vertex   -4.312500e+02 -1.254904e+01 1.965250e+02
    endloop
  endfacet
  facet normal 0.000000e+00 8.191520e-01 5.735764e-01
    outer loop
      vertex   -4.312500e+02 -1.254904e+01 1.965250e+02
      vertex   -4.375000e+02 -1.237408e+01 1.962751e+02
      vertex   -4.375000e+02 -1.254904e+01 1.965250e+02
    endloop
  endfacet
  facet normal 0.000000e+00 9.063078e-01 4.226183e-01
    outer loop
      vertex   -4.312500e+02 -1.254904e+01 1.965250e+02
      vertex   -4.375000e+02 -1.254904e+01 1.965250e+02
      vertex   -4.312500e+02 -1.267796e+01 1.968015e+02
    endloop
  endfacet
  facet normal 0.000000e+00 9.063078e-01 4.226183e-01
    outer loop
      vertex   -4.312500e+02 -1.267796e+01 1.968015e+02
      vertex   -4.375000e+02 -1.254904e+01 1.965250e+02
      vertex   -4.375000e+02 -1.267796e+01 1.968015e+02
    endloop
  endfacet
  facet normal 0.000000e+00 9.659258e-01 2.588190e-01
    outer loop
      vertex   -4.312500e+02 -1.267796e+01 1.968015e+02
      vertex   -4.375000e+02 -1.267796e+01 1.968015e+02
      vertex   -4.312500e+02 -1.275691e+01 1.970961e+02
    endloop
  endfacet
  facet normal 0.000000e+00 9.659258e-01 2.588190e-01
    outer loop
      vertex   -4.312500e+02 -1.275691e+01 1.970961e+02
      vertex   -4.375000e+02 -1.267796e+01 1.968015e+02
      vertex   -4.375000e+02 -1.275691e+01 1.970961e+02
    endloop
  endfacet
  facet normal 0.000000e+00 9.961947e-01 8.715574e-02
    outer loop
      vertex   -4.312500e+02 -1.275691e+01 1.970961e+02
      vertex   -4.375000e+02 -1.275691e+01 1.970961e+02
      vertex   -4.312500e+02 -1.278350e+01 1.974000e+02
    endloop
  endfacet
  facet normal 0.000000e+00 9.961947e-01 8.715574e-02
    outer loop
      vertex   -4.312500e+02 -1.278350e+01 1.974000e+02
      vertex   -4.375000e+02 -1.275691e+01 1.970961e+02
      vertex   -4.375000e+02 -1.278350e+01 1.974000e+02
    endloop
  endfacet
  facet normal 0.000000e+00 9.961947e-01 -8.715574e-02
    outer loop
      vertex   -4.312500e+02 -1.278350e+01 1.974000e+02
      vertex   -4.375000e+02 -1.278350e+01 1.974000e+02
      vertex   -4.312500e+02 -1.275691e+01 1.977039e+02
    endloop
  endfacet
  facet normal 0.000000e+00 9.961947e-01 -8.715574e-02
    outer loop
      vertex   -4.312500e+02 -1.275691e+01 1.977039e+02
      vertex   -4.375000e+02 -1.278350e+01 1.974000e+02
      vertex   -4.375000e+02 -1.275691e+01 1.977039e+02
    endloop
  endfacet
  facet normal 0.000000e+00 9.659258e-01 -2.588190e-01
    outer loop
      vertex   -4.312500e+02 -1.275691e+01 1.977039e+02
      vertex   -4.375000e+02 -1.275691e+01 1.977039e+02
      vertex   -4.312500e+02 -1.267796e+01 1.979985e+02
    endloop
  endfacet
  facet normal 0.000000e+00 9.659258e-01 -2.588190e-01
    outer loop
      vertex   -4.312500e+02 -1.267796e+01 1.979985e+02
      vertex   -4.375000e+02 -1.275691e+01 1.977039e+02
      vertex   -4.375000e+02 -1.267796e+01 1.979985e+02
    endloop
  endfacet
  facet normal 0.000000e+00 9.063078e-01 -4.226183e-01
    outer loop
      vertex   -4.312500e+02 -1.267796e+01 1.979985e+02
      vertex   -4.375000e+02 -1.267796e+01 1.979985e+02
      vertex   -4.312500e+02 -1.254904e+01 1.982750e+02
    endloop
  endfacet
  facet normal 0.000000e+00 9.063078e-01 -4.226183e-01
    outer loop
      vertex   -4.312500e+02 -1.254904e+01 1.982750e+02
      vertex   -4.375000e+02 -1.267796e+01 1.979985e+02
      vertex   -4.375000e+02 -1.254904e+01 1.982750e+02
    endloop
  endfacet
  facet normal 0.000000e+00 8.191520e-01 -5.735764e-01
    outer loop
      vertex   -4.312500e+02 -1.254904e+01 1.982750e+02
      vertex   -4.375000e+02 -1.254904e+01 1.982750e+02
      vertex   -4.312500e+02 -1.237408e+01 1.985249e+02
    endloop
  endfacet
  facet normal 0.000000e+00 8.191520e-01 -5.735764e-01
    outer loop
      vertex   -4.312500e+02 -1.237408e+01 1.985249e+02
      vertex   -4.375000e+02 -1.254904e+01 1.982750e+02
      vertex   -4.375000e+02 -1.237408e+01 1.985249e+02
    endloop
  endfacet
  facet normal 0.000000e+00 7.071068e-01 -7.071068e-01
    outer loop
      vertex   -4.312500e+02 -1.237408e+01 1.985249e+02
      vertex   -4.375000e+02 -1.237408e+01 1.985249e+02
      vertex   -4.312500e+02 -1.215838e+01 1.987406e+02
    endloop
  endfacet
  facet normal 0.000000e+00 7.071068e-01 -7.071068e-01
    outer loop
      vertex   -4.312500e+02 -1.215838e+01 1.987406e+02
      vertex   -4.375000e+02 -1.237408e+01 1.985249e+02
      vertex   -4.375000e+02 -1.215838e+01 1.987406e+02
    endloop
  endfacet
  facet normal 0.000000e+00 5.735764e-01 -8.191520e-01
    outer loop
      vertex   -4.312500e+02 -1.215838e+01 1.987406e+02
      vertex   -4.375000e+02 -1.215838e+01 1.987406e+02
      vertex   -4.312500e+02 -1.190850e+01 1.989155e+02
    endloop
  endfacet
  facet normal 0.000000e+00 5.735764e-01 -8.191520e-01
    outer loop
      vertex   -4.312500e+02 -1.190850e+01 1.989155e+02
      vertex   -4.375000e+02 -1.215838e+01 1.987406e+02
      vertex   -4.375000e+02 -1.190850e+01 1.989155e+02
    endloop
  endfacet
  facet normal 0.000000e+00 4.226183e-01 -9.063078e-01
    outer loop
      vertex   -4.312500e+02 -1.190850e+01 1.989155e+02
      vertex   -4.375000e+02 -1.190850e+01 1.989155e+02
      vertex   -4.312500e+02 -1.163204e+01 1.990445e+02
    endloop
  endfacet
  facet normal 0.000000e+00 4.226183e-01 -9.063078e-01
    outer loop
      vertex   -4.312500e+02 -1.163204e+01 1.990445e+02
      vertex   -4.375000e+02 -1.190850e+01 1.989155e+02
      vertex   -4.375000e+02 -1.163204e+01 1.990445e+02
    endloop
  endfacet
  facet normal 0.000000e+00 2.588190e-01 -9.659258e-01
    outer loop
      vertex   -4.312500e+02 -1.163204e+01 1.990445e+02
      vertex   -4.375000e+02 -1.163204e+01 1.990445e+02
      vertex   -4.312500e+02 -1.133738e+01 1.991234e+02
    endloop
  endfacet
  facet normal 0.000000e+00 2.588190e-01 -9.659258e-01
    outer loop
      vertex   -4.312500e+02 -1.133738e+01 1.991234e+02
      vertex   -4.375000e+02 -1.163204e+01 1.990445e+02
      vertex   -4.375000e+02 -1.133738e+01 1.991234e+02
    endloop
  endfacet
  facet normal 0.000000e+00 8.715574e-02 -9.961947e-01
    outer loop
      vertex   -4.312500e+02 -1.133738e+01 1.991234e+02
      vertex   -4.375000e+02 -1.133738e+01 1.991234e+02
      vertex   -4.312500e+02 -1.103350e+01 1.991500e+02
    endloop
  endfacet
  facet normal 0.000000e+00 8.715574e-02 -9.961947e-01
    outer loop
      vertex   -4.312500e+02 -1.103350e+01 1.991500e+02
      vertex   -4.375000e+02 -1.133738e+01 1.991234e+02
      vertex   -4.375000e+02 -1.103350e+01 1.991500e+02
    endloop
  endfacet
  facet normal -0.000000e+00 -8.715574e-02 -9.961947e-01
    outer loop
      vertex   -4.312500e+02 -1.103350e+01 1.991500e+02
      vertex   -4.375000e+02 -1.103350e+01 1.991500e+02
      vertex   -4.312500e+02 -1.072962e+01 1.991234e+02
    endloop
  endfacet
  facet normal -0.000000e+00 -8.715574e-02 -9.961947e-01
    outer loop
      vertex   -4.312500e+02 -1.072962e+01 1.991234e+02
      vertex   -4.375000e+02 -1.103350e+01 1.991500e+02
      vertex   -4.375000e+02 -1.072962e+01 1.991234e+02
    endloop
  endfacet
  facet normal -0.000000e+00 -2.588190e-01 -9.659258e-01
    outer loop
      vertex   -4.312500e+02 -1.072962e+01 1.991234e+02
      vertex   -4.375000e+02 -1.072962e+01 1.991234e+02
      vertex   -4.312500e+02 -1.043496e+01 1.990445e+02
    endloop
  endfacet
  facet normal -0.000000e+00 -2.588190e-01 -9.659258e-01
    outer loop
      vertex   -4.312500e+02 -1.043496e+01 1.990445e+02
      vertex   -4.375000e+02 -1.072962e+01 1.991234e+02
      vertex   -4.375000e+02 -1.043496e+01 1.990445e+02
    endloop
  endfacet
  facet normal -0.000000e+00 -4.226183e-01 -9.063078e-01
    outer loop
      vertex   -4.312500e+02 -1.043496e+01 1.990445e+02
      vertex   -4.375000e+02 -1.043496e+01 1.990445e+02
      vertex   -4.312500e+02 -1.015850e+01 1.989155e+02
    endloop
  endfacet
  facet normal -0.000000e+00 -4.226183e-01 -9.063078e-01
    outer loop
      vertex   -4.312500e+02 -1.015850e+01 1.989155e+02
      vertex   -4.375000e+02 -1.043496e+01 1.990445e+02
      vertex   -4.375000e+02 -1.015850e+01 1.989155e+02
    endloop
  endfacet
  facet normal -0.000000e+00 -5.735764e-01 -8.191520e-01
    outer loop
      vertex   -4.312500e+02 -1.015850e+01 1.989155e+02
      vertex   -4.375000e+02 -1.015850e+01 1.989155e+02
      vertex   -4.312500e+02 -9.908622e+00 1.987406e+02
    endloop
  endfacet
  facet normal -0.000000e+00 -5.735764e-01 -8.191520e-01
    outer loop
      vertex   -4.312500e+02 -9.908622e+00 1.987406e+02
      vertex   -4.375000e+02 -1.015850e+01 1.989155e+02
      vertex   -4.375000e+02 -9.908622e+00 1.987406e+02
    endloop
  endfacet
  facet normal -0.000000e+00 -7.071068e-01 -7.071068e-01
    outer loop
      vertex   -4.312500e+02 -9.908622e+00 1.987406e+02
      vertex   -4.375000e+02 -9.908622e+00 1.987406e+02
      vertex   -4.312500e+02 -9.692922e+00 1.985249e+02
    endloop
  endfacet
  facet normal -0.000000e+00 -7.071068e-01 -7.071068e-01
    outer loop
      vertex   -4.312500e+02 -9.692922e+00 1.985249e+02
      vertex   -4.375000e+02 -9.908622e+00 1.987406e+02
      vertex   -4.375000e+02 -9.692922e+00 1.985249e+02
    endloop
  endfacet
  facet normal -0.000000e+00 -8.191520e-01 -5.735764e-01
    outer loop
      vertex   -4.312500e+02 -9.692922e+00 1.985249e+02
      vertex   -4.375000e+02 -9.692922e+00 1.985249e+02
      vertex   -4.312500e+02 -9.517956e+00 1.982750e+02
    endloop
  endfacet
  facet normal -0.000000e+00 -8.191520e-01 -5.735764e-01
    outer loop
      vertex   -4.312500e+02 -9.517956e+00 1.982750e+02
      vertex   -4.375000e+02 -9.692922e+00 1.985249e+02
      vertex   -4.375000e+02 -9.517956e+00 1.982750e+02
    endloop
  endfacet
  facet normal -0.000000e+00 -9.063078e-01 -4.226183e-01
    outer loop
      vertex   -4.312500e+02 -9.517956e+00 1.982750e+02
      vertex   -4.375000e+02 -9.517956e+00 1.982750e+02
      vertex   -4.312500e+02 -9.389038e+00 1.979985e+02
    endloop
  endfacet
  facet normal -0.000000e+00 -9.063078e-01 -4.226183e-01
    outer loop
      vertex   -4.312500e+02 -9.389038e+00 1.979985e+02
      vertex   -4.375000e+02 -9.517956e+00 1.982750e+02
      vertex   -4.375000e+02 -9.389038e+00 1.979985e+02
    endloop
  endfacet
  facet normal -0.000000e+00 -9.659258e-01 -2.588190e-01
    outer loop
      vertex   -4.312500e+02 -9.389038e+00 1.979985e+02
      vertex   -4.375000e+02 -9.389038e+00 1.979985e+02
      vertex   -4.312500e+02 -9.310086e+00 1.977039e+02
    endloop
  endfacet
  facet normal -0.000000e+00 -9.659258e-01 -2.588190e-01
    outer loop
      vertex   -4.312500e+02 -9.310086e+00 1.977039e+02
      vertex   -4.375000e+02 -9.389038e+00 1.979985e+02
      vertex   -4.375000e+02 -9.310086e+00 1.977039e+02
    endloop
  endfacet
  facet normal -0.000000e+00 -9.961947e-01 -8.715574e-02
    outer loop
      vertex   -4.312500e+02 -9.310086e+00 1.977039e+02
      vertex   -4.375000e+02 -9.310086e+00 1.977039e+02
      vertex   -4.312500e+02 -9.283500e+00 1.974000e+02
    endloop
  endfacet
  facet normal -0.000000e+00 -9.961947e-01 -8.715574e-02
    outer loop
      vertex   -4.312500e+02 -9.283500e+00 1.974000e+02
      vertex   -4.375000e+02 -9.310086e+00 1.977039e+02
      vertex   -4.375000e+02 -9.283500e+00 1.974000e+02
    endloop
  endfacet
  facet normal 0.000000e+00 -9.961947e-01 8.715574e-02
    outer loop
      vertex   -4.312500e+02 -9.283500e+00 1.974000e+02
      vertex   -4.375000e+02 -9.283500e+00 1.974000e+02
      vertex   -4.312500e+02 -9.310086e+00 1.970961e+02
    endloop
  endfacet
  facet normal 0.000000e+00 -9.961947e-01 8.715574e-02
    outer loop
      vertex   -4.312500e+02 -9.310086e+00 1.970961e+02
      vertex   -4.375000e+02 -9.283500e+00 1.974000e+02
      vertex   -4.375000e+02 -9.310086e+00 1.970961e+02
    endloop
  endfacet
  facet normal 0.000000e+00 -9.659258e-01 2.588190e-01
    outer loop
      vertex   -4.312500e+02 -9.310086e+00 1.970961e+02
      vertex   -4.375000e+02 -9.310086e+00 1.970961e+02
      vertex   -4.312500e+02 -9.389038e+00 1.968015e+02
    endloop
  endfacet
  facet normal 0.000000e+00 -9.659258e-01 2.588190e-01
    outer loop
      vertex   -4.312500e+02 -9.389038e+00 1.968015e+02
      vertex   -4.375000e+02 -9.310086e+00 1.970961e+02
      vertex   -4.375000e+02 -9.389038e+00 1.968015e+02
    endloop
  endfacet
  facet normal 0.000000e+00 -9.063078e-01 4.226183e-01
    outer loop
      vertex   -4.312500e+02 -9.389038e+00 1.968015e+02
      vertex   -4.375000e+02 -9.389038e+00 1.968015e+02
      vertex   -4.312500e+02 -9.517956e+00 1.965250e+02
    endloop
  endfacet
  facet normal 0.000000e+00 -9.063078e-01 4.226183e-01
    outer loop
      vertex   -4.312500e+02 -9.517956e+00 1.965250e+02
      vertex   -4.375000e+02 -9.389038e+00 1.968015e+02
      vertex   -4.375000e+02 -9.517956e+00 1.965250e+02
    endloop
  endfacet
  facet normal 0.000000e+00 -8.191520e-01 5.735764e-01
    outer loop
      vertex   -4.312500e+02 -9.517956e+00 1.965250e+02
      vertex   -4.375000e+02 -9.517956e+00 1.965250e+02
      vertex   -4.312500e+02 -9.692922e+00 1.962751e+02
    endloop
  endfacet
  facet normal 0.000000e+00 -8.191520e-01 5.735764e-01
    outer loop
      vertex   -4.312500e+02 -9.692922e+00 1.962751e+02
      vertex   -4.375000e+02 -9.517956e+00 1.965250e+02
      vertex   -4.375000e+02 -9.692922e+00 1.962751e+02
    endloop
  endfacet
  facet normal 0.000000e+00 -7.071068e-01 7.071068e-01
    outer loop
      vertex   -4.312500e+02 -9.692922e+00 1.962751e+02
      vertex   -4.375000e+02 -9.692922e+00 1.962751e+02
      vertex   -4.312500e+02 -9.908622e+00 1.960594e+02
    endloop
  endfacet
  facet normal 0.000000e+00 -7.071068e-01 7.071068e-01
    outer loop
      vertex   -4.312500e+02 -9.908622e+00 1.960594e+02
      vertex   -4.375000e+02 -9.692922e+00 1.962751e+02
      vertex   -4.375000e+02 -9.908622e+00 1.960594e+02
    endloop
  endfacet
  facet normal 0.000000e+00 -5.735764e-01 8.191520e-01
    outer loop
      vertex   -4.312500e+02 -9.908622e+00 1.960594e+02
      vertex   -4.375000e+02 -9.908622e+00 1.960594e+02
      vertex   -4.312500e+02 -1.015850e+01 1.958845e+02
    endloop
  endfacet
  facet normal 0.000000e+00 -5.735764e-01 8.191520e-01
    outer loop
      vertex   -4.312500e+02 -1.015850e+01 1.958845e+02
      vertex   -4.375000e+02 -9.908622e+00 1.960594e+02
      vertex   -4.375000e+02 -1.015850e+01 1.958845e+02
    endloop
  endfacet
  facet normal 0.000000e+00 -4.226183e-01 9.063078e-01
    outer loop
      vertex   -4.312500e+02 -1.015850e+01 1.958845e+02
      vertex   -4.375000e+02 -1.015850e+01 1.958845e+02
      vertex   -4.312500e+02 -1.043496e+01 1.957555e+02
    endloop
  endfacet
  facet normal 0.000000e+00 -4.226183e-01 9.063078e-01
    outer loop
      vertex   -4.312500e+02 -1.043496e+01 1.957555e+02
      vertex   -4.375000e+02 -1.015850e+01 1.958845e+02
      vertex   -4.375000e+02 -1.043496e+01 1.957555e+02
    endloop
  endfacet
  facet normal 0.000000e+00 -2.588190e-01 9.659258e-01
    outer loop
      vertex   -4.312500e+02 -1.043496e+01 1.957555e+02
      vertex   -4.375000e+02 -1.043496e+01 1.957555e+02
      vertex   -4.312500e+02 -1.072962e+01 1.956766e+02
    endloop
  endfacet
  facet normal 0.000000e+00 -2.588190e-01 9.659258e-01
    outer loop
      vertex   -4.312500e+02 -1.072962e+01 1.956766e+02
      vertex   -4.375000e+02 -1.043496e+01 1.957555e+02
      vertex   -4.375000e+02 -1.072962e+01 1.956766e+02
    endloop
  endfacet
  facet normal 0.000000e+00 -8.715574e-02 9.961947e-01
    outer loop
      vertex   -4.312500e+02 -1.072962e+01 1.956766e+02
      vertex   -4.375000e+02 -1.072962e+01 1.956766e+02
      vertex   -4.312500e+02 -1.103350e+01 1.956500e+02
    endloop
  endfacet
  facet normal 0.000000e+00 -8.715574e-02 9.961947e-01
    outer loop
      vertex   -4.312500e+02 -1.103350e+01 1.956500e+02
      vertex   -4.375000e+02 -1.072962e+01 1.956766e+02
      vertex   -4.375000e+02 -1.103350e+01 1.956500e+02
    endloop
  endfacet
  facet normal 0.000000e+00 8.715574e-02 9.961947e-01
    outer loop
      vertex   -4.375000e+02 -1.103350e+01 1.956500e+02
      vertex   -4.437500e+02 -1.103350e+01 1.956500e+02
      vertex   -4.375000e+02 -1.133738e+01 1.956766e+02
    endloop
  endfacet
  facet normal 0.000000e+00 8.715574e-02 9.961947e-01
    outer loop
      vertex   -4.375000e+02 -1.133738e+01 1.956766e+02
      vertex   -4.437500e+02 -1.103350e+01 1.956500e+02
      vertex   -4.437500e+02 -1.133738e+01 1.956766e+02
    endloop
  endfacet
  facet normal 0.000000e+00 2.588190e-01 9.659258e-01
    outer loop
      vertex   -4.375000e+02 -1.133738e+01 1.956766e+02
      vertex   -4.437500e+02 -1.133738e+01 1.956766e+02
      vertex   -4.375000e+02 -1.163204e+01 1.957555e+02
    endloop
  endfacet
  facet normal 0.000000e+00 2.588190e-01 9.659258e-01
    outer loop
      vertex   -4.375000e+02 -1.163204e+01 1.957555e+02
      vertex   -4.437500e+02 -1.133738e+01 1.956766e+02
      vertex   -4.437500e+02 -1.163204e+01 1.957555e+02
    endloop
  endfacet
  facet normal 0.000000e+00 4.226183e-01 9.063078e-01
    outer loop
      vertex   -4.375000e+02 -1.163204e+01 1.957555e+02
      vertex   -4.437500e+02 -1.163204e+01 1.957555e+02
      vertex   -4.375000e+02 -1.190850e+01 1.958845e+02
    endloop
  endfacet
  facet normal 0.000000e+00 4.226183e-01 9.063078e-01
    outer loop
      vertex   -4.375000e+02 -1.190850e+01 1.958845e+02
      vertex   -4.437500e+02 -1.163204e+01 1.957555e+02
      vertex   -4.437500e+02 -1.190850e+01 1.958845e+02
    endloop
  endfacet
  facet normal 0.000000e+00 5.735764e-01 8.191520e-01
    outer loop
      vertex   -4.375000e+02 -1.190850e+01 1.958845e+02
      vertex   -4.437500e+02 -1.190850e+01 1.958845e+02
      vertex   -4.375000e+02 -1.215838e+01 1.960594e+02
    endloop
  endfacet
  facet normal 0.000000e+00 5.735764e-01 8.191520e-01
    outer loop
      vertex   -4.375000e+02 -1.215838e+01 1.960594e+02
      vertex   -4.437500e+02 -1.190850e+01 1.958845e+02
      vertex   -4.437500e+02 -1.215838e+01 1.960594e+02
    endloop
  endfacet
  facet normal 0.000000e+00 7.071068e-01 7.071068e-01
    outer loop
      vertex   -4.375000e+02 -1.215838e+01 1.960594e+02
      vertex   -4.437500e+02 -1.215838e+01 1.960594e+02
      vertex   -4.375000e+02 -1.237408e+01 1.962751e+02
    endloop
  endfacet
  facet normal 0.000000e+00 7.071068e-01 7.071068e-01
    outer loop
      vertex   -4.375000e+02 -1.237408e+01 1.962751e+02
      vertex   -4.437500e+02 -1.215838e+01 1.960594e+02
      vertex   -4.437500e+02 -1.237408e+01 1.962751e+02
    endloop
  endfacet
  facet normal 0.000000e+00 8.191520e-01 5.735764e-01
    outer loop
      vertex   -4.375000e+02 -1.237408e+01 1.962751e+02
      vertex   -4.437500e+02 -1.237408e+01 1.962751e+02
      vertex   -4.375000e+02 -1.254904e+01 1.965250e+02
    endloop
  endfacet
  facet normal 0.000000e+00 8.191520e-01 5.735764e-01
    outer loop
      vertex   -4.375000e+02 -1.254904e+01 1.965250e+02
      vertex   -4.437500e+02 -1.237408e+01 1.962751e+02
      vertex   -4.437500e+02 -1.254904e+01 1.965250e+02
    endloop
  endfacet
  facet normal 0.000000e+00 9.063078e-01 4.226183e-01
    outer loop
      vertex   -4.375000e+02 -1.254904e+01 1.965250e+02
      vertex   -4.437500e+02 -1.254904e+01 1.965250e+02
      vertex   -4.375000e+02 -1.267796e+01 1.968015e+02
    endloop
  endfacet
  facet normal 0.000000e+00 9.063078e-01 4.226183e-01
    outer loop
      vertex   -4.375000e+02 -1.267796e+01 1.968015e+02
      vertex   -4.437500e+02 -1.254904e+01 1.965250e+02
      vertex   -4.437500e+02 -1.267796e+01 1.968015e+02
    endloop
  endfacet
  facet normal 0.000000e+00 9.659258e-01 2.588190e-01
    outer loop
      vertex   -4.375000e+02 -1.267796e+01 1.968015e+02
      vertex   -4.437500e+02 -1.267796e+01 1.968015e+02
      vertex   -4.375000e+02 -1.275691e+01 1.970961e+02
    endloop
  endfacet
  facet normal 0.000000e+00 9.659258e-01 2.588190e-01
    outer loop
      vertex   -4.375000e+02 -1.275691e+01 1.970961e+02
      vertex   -4.437500e+02 -1.267796e+01 1.968015e+02
      vertex   -4.437500e+02 -1.275691e+01 1.970961e+02
    endloop
  endfacet
  facet normal 0.000000e+00 9.961947e-01 8.715574e-02
    outer loop
      vertex   -4.375000e+02 -1.275691e+01 1.970961e+02
      vertex   -4.437500e+02 -1.275691e+01 1.970961e+02
      vertex   -4.375000e+02 -1.278350e+01 1.974000e+02
    endloop
  endfacet
  facet normal 0.000000e+00 9.961947e-01 8.715574e-02
    outer loop
      vertex   -4.375000e+02 -1.278350e+01 1.974000e+02
      vertex   -4.437500e+02 -1.275691e+01 1.970961e+02
      vertex   -4.437500e+02 -1.278350e+01 1.974000e+02
    endloop
  endfacet
  facet normal 0.000000e+00 9.961947e-01 -8.715574e-02
    outer loop
      vertex   -4.375000e+02 -1.278350e+01 1.974000e+02
      vertex   -4.437500e+02 -1.278350e+01 1.974000e+02
      vertex   -4.375000e+02 -1.275691e+01 1.977039e+02
    endloop
  endfacet
  facet normal 0.000000e+00 9.961947e-01 -8.715574e-02
    outer loop
      vertex   -4.375000e+02 -1.275691e+01 1.977039e+02
      vertex   -4.437500e+02 -1.278350e+01 1.974000e+02
      vertex   -4.437500e+02 -1.275691e+01 1.977039e+02
    endloop
  endfacet
  facet normal 0.000000e+00 9.659258e-01 -2.588190e-01
    outer loop
      vertex   -4.375000e+02 -1.275691e+01 1.977039e+02
      vertex   -4.437500e+02 -1.275691e+01 1.977039e+02
      vertex   -4.375000e+02 -1.267796e+01 1.979985e+02
    endloop
  endfacet
  facet normal 0.000000e+00 9.659258e-01 -2.588190e-01
    outer loop
      vertex   -4.375000e+02 -1.267796e+01 1.979985e+02
      vertex   -4.437500e+02 -1.275691e+01 1.977039e+02
      vertex   -4.437500e+02 -1.267796e+01 1.979985e+02
    endloop
  endfacet
  facet normal 0.000000e+00 9.063078e-01 -4.226183e-01
    outer loop
      vertex   -4.375000e+02 -1.267796e+01 1.979985e+02
      vertex   -4.437500e+02 -1.267796e+01 1.979985e+02
      vertex   -4.375000e+02 -1.254904e+01 1.982750e+02
    endloop
  endfacet
  facet normal 0.000000e+00 9.063078e-01 -4.226183e-01
    outer loop
      vertex   -4.375000e+02 -1.254904e+01 1.982750e+02
      vertex   -4.437500e+02 -1.267796e+01 1.979985e+02
      vertex   -4.437500e+02 -1.254904e+01 1.982750e+02
    endloop
  endfacet
  facet normal 0.000000e+00 8.191520e-01 -5.735764e-01
    outer loop
      vertex   -4.375000e+02 -1.254904e+01 1.982750e+02
      vertex   -4.437500e+02 -1.254904e+01 1.982750e+02
      vertex   -4.375000e+02 -1.237408e+01 1.985249e+02
    endloop
  endfacet
  facet normal 0.000000e+00 8.191520e-01 -5.735764e-01
    outer loop
      vertex   -4.375000e+02 -1.237408e+01 1.985249e+02
      vertex   -4.437500e+02 -1.254904e+01 1.982750e+02
      vertex   -4.437500e+02 -1.237408e+01 1.985249e+02
    endloop
  endfacet
  facet normal 0.000000e+00 7.071068e-01 -7.071068e-01
    outer loop
      vertex   -4.375000e+02 -1.237408e+01 1.985249e+02
      vertex   -4.437500e+02 -1.237408e+01 1.985249e+02
      vertex   -4.375000e+02 -1.215838e+01 1.987406e+02
    endloop
  endfacet
  facet normal 0.000000e+00 7.071068e-01 -7.071068e-01
    outer loop
      vertex   -4.375000e+02 -1.215838e+01 1.987406e+02
      vertex   -4.437500e+02 -1.237408e+01 1.985249e+02
      vertex   -4.437500e+02 -1.215838e+01 1.987406e+02
    endloop
  endfacet
  facet normal 0.000000e+00 5.735764e-01 -8.191520e-01
    outer loop
      vertex   -4.375000e+02 -1.215838e+01 1.987406e+02
      vertex   -4.437500e+02 -1.215838e+01 1.987406e+02
      vertex   -4.375000e+02 -1.190850e+01 1.989155e+02
    endloop
  endfacet
  facet normal 0.000000e+00 5.735764e-01 -8.191520e-01
    outer loop
      vertex   -4.375000e+02 -1.190850e+01 1.989155e+02
      vertex   -4.437500e+02 -1.215838e+01 1.987406e+02
      vertex   -4.437500e+02 -1.190850e+01 1.989155e+02
    endloop
  endfacet
  facet normal 0.000000e+00 4.226183e-01 -9.063078e-01
    outer loop
      vertex   -4.375000e+02 -1.190850e+01 1.989155e+02
      vertex   -4.437500e+02 -1.190850e+01 1.989155e+02
      vertex   -4.375000e+02 -1.163204e+01 1.990445e+02
    endloop
  endfacet
  facet normal 0.000000e+00 4.226183e-01 -9.063078e-01
    outer loop
      vertex   -4.375000e+02 -1.163204e+01 1.990445e+02
      vertex   -4.437500e+02 -1.190850e+01 1.989155e+02
      vertex   -4.437500e+02 -1.163204e+01 1.990445e+02
    endloop
  endfacet
  facet normal 0.000000e+00 2.588190e-01 -9.659258e-01
    outer loop
      vertex   -4.375000e+02 -1.163204e+01 1.990445e+02
      vertex   -4.437500e+02 -1.163204e+01 1.990445e+02
      vertex   -4.375000e+02 -1.133738e+01 1.991234e+02
    endloop
  endfacet
  facet normal 0.000000e+00 2.588190e-01 -9.659258e-01
    outer loop
      vertex   -4.375000e+02 -1.133738e+01 1.991234e+02
      vertex   -4.437500e+02 -1.163204e+01 1.990445e+02
      vertex   -4.437500e+02 -1.133738e+01 1.991234e+02
    endloop
  endfacet
  facet normal 0.000000e+00 8.715574e-02 -9.961947e-01
    outer loop
      vertex   -4.375000e+02 -1.133738e+01 1.991234e+02
      vertex   -4.437500e+02 -1.133738e+01 1.991234e+02
      vertex   -4.375000e+02 -1.103350e+01 1.991500e+02
    endloop
  endfacet
  facet normal 0.000000e+00 8.715574e-02 -9.961947e-01
    outer loop
      vertex   -4.375000e+02 -1.103350e+01 1.991500e+02
      vertex   -4.437500e+02 -1.133738e+01 1.991234e+02
      vertex   -4.437500e+02 -1.103350e+01 1.991500e+02
    endloop
  endfacet
  facet normal -0.000000e+00 -8.715574e-02 -9.961947e-01
    outer loop
      vertex   -4.375000e+02 -1.103350e+01 1.991500e+02
      vertex   -4.437500e+02 -1.103350e+01 1.991500e+02
      vertex   -4.375000e+02 -1.072962e+01 1.991234e+02
    endloop
  endfacet
  facet normal -2.477115e-17 -8.715574e-02 -9.961947e-01
    outer loop
      vertex   -4.375000e+02 -1.072962e+01 1.991234e+02
      vertex   -4.437500e+02 -1.103350e+01 1.991500e+02
      vertex   -4.437500e+02 -1.072962e+01 1.991234e+02
    endloop
  endfacet
  facet normal -7.356080e-17 -2.588190e-01 -9.659258e-01
    outer loop
      vertex   -4.375000e+02 -1.072962e+01 1.991234e+02
      vertex   -4.437500e+02 -1.072962e+01 1.991234e+02
      vertex   -4.375000e+02 -1.043496e+01 1.990445e+02
    endloop
  endfacet
  facet normal -0.000000e+00 -2.588190e-01 -9.659258e-01
    outer loop
      vertex   -4.375000e+02 -1.043496e+01 1.990445e+02
      vertex   -4.437500e+02 -1.072962e+01 1.991234e+02
      vertex   -4.437500e+02 -1.043496e+01 1.990445e+02
    endloop
  endfacet
  facet normal -0.000000e+00 -4.226183e-01 -9.063078e-01
    outer loop
      vertex   -4.375000e+02 -1.043496e+01 1.990445e+02
      vertex   -4.437500e+02 -1.043496e+01 1.990445e+02
      vertex   -4.375000e+02 -1.015850e+01 1.989155e+02
    endloop
  endfacet
  facet normal -0.000000e+00 -4.226183e-01 -9.063078e-01
    outer loop
      vertex   -4.375000e+02 -1.015850e+01 1.989155e+02
      vertex   -4.437500e+02 -1.043496e+01 1.990445e+02
      vertex   -4.437500e+02 -1.015850e+01 1.989155e+02
    endloop
  endfacet
  facet normal -0.000000e+00 -5.735764e-01 -8.191520e-01
    outer loop
      vertex   -4.375000e+02 -1.015850e+01 1.989155e+02
      vertex   -4.437500e+02 -1.015850e+01 1.989155e+02
      vertex   -4.375000e+02 -9.908622e+00 1.987406e+02
    endloop
  endfacet
  facet normal -0.000000e+00 -5.735764e-01 -8.191520e-01
    outer loop
      vertex   -4.375000e+02 -9.908622e+00 1.987406e+02
      vertex   -4.437500e+02 -1.015850e+01 1.989155e+02
      vertex   -4.437500e+02 -9.908622e+00 1.987406e+02
    endloop
  endfacet
  facet normal -0.000000e+00 -7.071068e-01 -7.071068e-01
    outer loop
      vertex   -4.375000e+02 -9.908622e+00 1.987406e+02
      vertex   -4.437500e+02 -9.908622e+00 1.987406e+02
      vertex   -4.375000e+02 -9.692922e+00 1.985249e+02
    endloop
  endfacet
  facet normal -0.000000e+00 -7.071068e-01 -7.071068e-01
    outer loop
      vertex   -4.375000e+02 -9.692922e+00 1.985249e+02
      vertex   -4.437500e+02 -9.908622e+00 1.987406e+02
      vertex   -4.437500e+02 -9.692922e+00 1.985249e+02
    endloop
  endfacet
  facet normal -0.000000e+00 -8.191520e-01 -5.735764e-01
    outer loop
      vertex   -4.375000e+02 -9.692922e+00 1.985249e+02
      vertex   -4.437500e+02 -9.692922e+00 1.985249e+02
      vertex   -4.375000e+02 -9.517956e+00 1.982750e+02
    endloop
  endfacet
  facet normal -0.000000e+00 -8.191520e-01 -5.735764e-01
    outer loop
      vertex   -4.375000e+02 -9.517956e+00 1.982750e+02
      vertex   -4.437500e+02 -9.692922e+00 1.985249e+02
      vertex   -4.437500e+02 -9.517956e+00 1.982750e+02
    endloop
  endfacet
  facet normal -0.000000e+00 -9.063078e-01 -4.226183e-01
    outer loop
      vertex   -4.375000e+02 -9.517956e+00 1.982750e+02
      vertex   -4.437500e+02 -9.517956e+00 1.982750e+02
      vertex   -4.375000e+02 -9.389038e+00 1.979985e+02
    endloop
  endfacet
  facet normal -0.000000e+00 -9.063078e-01 -4.226183e-01
    outer loop
      vertex   -4.375000e+02 -9.389038e+00 1.979985e+02
      vertex   -4.437500e+02 -9.517956e+00 1.982750e+02
      vertex   -4.437500e+02 -9.389038e+00 1.979985e+02
    endloop
  endfacet
  facet normal -0.000000e+00 -9.659258e-01 -2.588190e-01
    outer loop
      vertex   -4.375000e+02 -9.389038e+00 1.979985e+02
      vertex   -4.437500e+02 -9.389038e+00 1.979985e+02
      vertex   -4.375000e+02 -9.310086e+00 1.977039e+02
    endloop
  endfacet
  facet normal -0.000000e+00 -9.659258e-01 -2.588190e-01
    outer loop
      vertex   -4.375000e+02 -9.310086e+00 1.977039e+02
      vertex   -4.437500e+02 -9.389038e+00 1.979985e+02
      vertex   -4.437500e+02 -9.310086e+00 1.977039e+02
    endloop
  endfacet
  facet normal -0.000000e+00 -9.961947e-01 -8.715574e-02
    outer loop
      vertex   -4.375000e+02 -9.310086e+00 1.977039e+02
      vertex   -4.437500e+02 -9.310086e+00 1.977039e+02
      vertex   -4.375000e+02 -9.283500e+00 1.974000e+02
    endloop
  endfacet
  facet normal -0.000000e+00 -9.961947e-01 -8.715574e-02
    outer loop
      vertex   -4.375000e+02 -9.283500e+00 1.974000e+02
      vertex   -4.437500e+02 -9.310086e+00 1.977039e+02
      vertex   -4.437500e+02 -9.283500e+00 1.974000e+02
    endloop
  endfacet
  facet normal 0.000000e+00 -9.961947e-01 8.715574e-02
    outer loop
      vertex   -4.375000e+02 -9.283500e+00 1.974000e+02
      vertex   -4.437500e+02 -9.283500e+00 1.974000e+02
      vertex   -4.375000e+02 -9.310086e+00 1.970961e+02
    endloop
  endfacet
  facet normal 0.000000e+00 -9.961947e-01 8.715574e-02
    outer loop
      vertex   -4.375000e+02 -9.310086e+00 1.970961e+02
      vertex   -4.437500e+02 -9.283500e+00 1.974000e+02
      vertex   -4.437500e+02 -9.310086e+00 1.970961e+02
    endloop
  endfacet
  facet normal 0.000000e+00 -9.659258e-01 2.588190e-01
    outer loop
      vertex   -4.375000e+02 -9.310086e+00 1.970961e+02
      vertex   -4.437500e+02 -9.310086e+00 1.970961e+02
      vertex   -4.375000e+02 -9.389038e+00 1.968015e+02
    endloop
  endfacet
  facet normal 0.000000e+00 -9.659258e-01 2.588190e-01
    outer loop
      vertex   -4.375000e+02 -9.389038e+00 1.968015e+02
      vertex   -4.437500e+02 -9.310086e+00 1.970961e+02
      vertex   -4.437500e+02 -9.389038e+00 1.968015e+02
    endloop
  endfacet
  facet normal 0.000000e+00 -9.063078e-01 4.226183e-01
    outer loop
      vertex   -4.375000e+02 -9.389038e+00 1.968015e+02
      vertex   -4.437500e+02 -9.389038e+00 1.968015e+02
      vertex   -4.375000e+02 -9.517956e+00 1.965250e+02
    endloop
  endfacet
  facet normal 0.000000e+00 -9.063078e-01 4.226183e-01
    outer loop
      vertex   -4.375000e+02 -9.517956e+00 1.965250e+02
      vertex   -4.437500e+02 -9.389038e+00 1.968015e+02
      vertex   -4.437500e+02 -9.517956e+00 1.965250e+02
    endloop
  endfacet
  facet normal 0.000000e+00 -8.191520e-01 5.735764e-01
    outer loop
      vertex   -4.375000e+02 -9.517956e+00 1.965250e+02
      vertex   -4.437500e+02 -9.517956e+00 1.965250e+02
      vertex   -4.375000e+02 -9.692922e+00 1.962751e+02
    endloop
  endfacet
  facet normal 0.000000e+00 -8.191520e-01 5.735764e-01
    outer loop
      vertex   -4.375000e+02 -9.692922e+00 1.962751e+02
      vertex   -4.437500e+02 -9.517956e+00 1.965250e+02
      vertex   -4.437500e+02 -9.692922e+00 1.962751e+02
    endloop
  endfacet
  facet normal 0.000000e+00 -7.071068e-01 7.071068e-01
    outer loop
      vertex   -4.375000e+02 -9.692922e+00 1.962751e+02
      vertex   -4.437500e+02 -9.692922e+00 1.962751e+02
      vertex   -4.375000e+02 -9.908622e+00 1.960594e+02
    endloop
  endfacet
  facet normal 0.000000e+00 -7.071068e-01 7.071068e-01
    outer loop
      vertex   -4.375000e+02 -9.908622e+00 1.960594e+02
      vertex   -4.437500e+02 -9.692922e+00 1.962751e+02
      vertex   -4.437500e+02 -9.908622e+00 1.960594e+02
    endloop
  endfacet
  facet normal 0.000000e+00 -5.735764e-01 8.191520e-01
    outer loop
      vertex   -4.375000e+02 -9.908622e+00 1.960594e+02
      vertex   -4.437500e+02 -9.908622e+00 1.960594e+02
      vertex   -4.375000e+02 -1.015850e+01 1.958845e+02
    endloop
  endfacet
  facet normal 0.000000e+00 -5.735764e-01 8.191520e-01
    outer loop
      vertex   -4.375000e+02 -1.015850e+01 1.958845e+02
      vertex   -4.437500e+02 -9.908622e+00 1.960594e+02
      vertex   -4.437500e+02 -1.015850e+01 1.958845e+02
    endloop
  endfacet
  facet normal 0.000000e+00 -4.226183e-01 9.063078e-01
    outer loop
      vertex   -4.375000e+02 -1.015850e+01 1.958845e+02
      vertex   -4.437500e+02 -1.015850e+01 1.958845e+02
      vertex   -4.375000e+02 -1.043496e+01 1.957555e+02
    endloop
  endfacet
  facet normal 0.000000e+00 -4.226183e-01 9.063078e-01
    outer loop
      vertex   -4.375000e+02 -1.043496e+01 1.957555e+02
      vertex   -4.437500e+02 -1.015850e+01 1.958845e+02
      vertex   -4.437500e+02 -1.043496e+01 1.957555e+02
    endloop
  endfacet
  facet normal 0.000000e+00 -2.588190e-01 9.659258e-01
    outer loop
      vertex   -4.375000e+02 -1.043496e+01 1.957555e+02
      vertex   -4.437500e+02 -1.043496e+01 1.957555e+02
      vertex   -4.375000e+02 -1.072962e+01 1.956766e+02
    endloop
  endfacet
  facet normal 0.000000e+00 -2.588190e-01 9.659258e-01
    outer loop
      vertex   -4.375000e+02 -1.072962e+01 1.956766e+02
      vertex   -4.437500e+02 -1.043496e+01 1.957555e+02
      vertex   -4.437500e+02 -1.072962e+01 1.956766e+02
    endloop
  endfacet
  facet normal 0.000000e+00 -8.715574e-02 9.961947e-01
    outer loop
      vertex   -4.375000e+02 -1.072962e+01 1.956766e+02
      vertex   -4.437500e+02 -1.072962e+01 1.956766e+02
      vertex   -4.375000e+02 -1.103350e+01 1.956500e+02
    endloop
  endfacet
  facet normal 0.000000e+00 -8.715574e-02 9.961947e-01
    outer loop
      vertex   -4.375000e+02 -1.103350e+01 1.956500e+02
      vertex   -4.437500e+02 -1.072962e+01 1.956766e+02
      vertex   -4.437500e+02 -1.103350e+01 1.956500e+02
    endloop
  endfacet
  facet normal 1.000000e+00 0.000000e+00 0.000000e+00
    outer loop
      vertex   -4.000000e+02 -1.133722e+01 3.218766e+02
      vertex   -4.000000e+02 -2.206667e+01 3.131615e+02
      vertex   -4.000000e+02 -1.103333e+01 3.218500e+02
    endloop
  endfacet
  facet normal 1.000000e+00 0.000000e+00 0.000000e+00
    outer loop
      vertex   -4.000000e+02 -1.103333e+01 3.218500e+02
      vertex   -4.000000e+02 -2.206667e+01 3.131615e+02
      vertex   -4.000000e+02 0.000000e+00 3.131615e+02
    endloop
  endfacet
  facet normal 1.000000e+00 -0.000000e+00 0.000000e+00
    outer loop
      vertex   -4.000000e+02 -1.103333e+01 3.218500e+02
      vertex   -4.000000e+02 0.000000e+00 3.131615e+02
      vertex   -4.000000e+02 -1.072945e+01 3.218766e+02
    endloop
  endfacet
  facet normal 1.000000e+00 -0.000000e+00 0.000000e+00
    outer loop
      vertex   -4.000000e+02 -1.072945e+01 3.218766e+02
      vertex   -4.000000e+02 0.000000e+00 3.131615e+02
      vertex   -4.000000e+02 -1.043480e+01 3.219555e+02
    endloop
  endfacet
  facet normal 1.000000e+00 -0.000000e+00 0.000000e+00
    outer loop
      vertex   -4.000000e+02 -1.043480e+01 3.219555e+02
      vertex   -4.000000e+02 0.000000e+00 3.131615e+02
      vertex   -4.000000e+02 -1.015833e+01 3.220845e+02
    endloop
  endfacet
  facet normal 1.000000e+00 -0.000000e+00 0.000000e+00
    outer loop
      vertex   -4.000000e+02 -1.015833e+01 3.220845e+02
      vertex   -4.000000e+02 0.000000e+00 3.131615e+02
      vertex   -4.000000e+02 -9.908455e+00 3.222594e+02
    endloop
  endfacet
  facet normal 1.000000e+00 -0.000000e+00 0.000000e+00
    outer loop
      vertex   -4.000000e+02 -9.908455e+00 3.222594e+02
      vertex   -4.000000e+02 0.000000e+00 3.131615e+02
      vertex   -4.000000e+02 -9.692756e+00 3.224751e+02
    endloop
  endfacet
  facet normal 1.000000e+00 -0.000000e+00 0.000000e+00
    outer loop
      vertex   -4.000000e+02 -9.692756e+00 3.224751e+02
      vertex   -4.000000e+02 0.000000e+00 3.131615e+02
      vertex   -4.000000e+02 -9.517789e+00 3.227250e+02
    endloop
  endfacet
  facet normal 1.000000e+00 -0.000000e+00 0.000000e+00
    outer loop
      vertex   -4.000000e+02 -9.517789e+00 3.227250e+02
      vertex   -4.000000e+02 0.000000e+00 3.131615e+02
      vertex   -4.000000e+02 -9.388871e+00 3.230015e+02
    endloop
  endfacet
  facet normal 1.000000e+00 -0.000000e+00 0.000000e+00
    outer loop
      vertex   -4.000000e+02 -9.388871e+00 3.230015e+02
      vertex   -4.000000e+02 0.000000e+00 3.131615e+02
      vertex   -4.000000e+02 -9.309920e+00 3.232961e+02
    endloop
  endfacet
  facet normal 1.000000e+00 -0.000000e+00 0.000000e+00
    outer loop
      vertex   -4.000000e+02 -9.309920e+00 3.232961e+02
      vertex   -4.000000e+02 0.000000e+00 3.131615e+02
      vertex   -4.000000e+02 -9.283333e+00 3.236000e+02
    endloop
  endfacet
  facet normal 1.000000e+00 -0.000000e+00 0.000000e+00
    outer loop
      vertex   -4.000000e+02 -9.283333e+00 3.236000e+02
      vertex   -4.000000e+02 0.000000e+00 3.131615e+02
      vertex   -4.000000e+02 0.000000e+00 3.340385e+02
    endloop
  endfacet
  facet normal 1.000000e+00 0.000000e+00 -0.000000e+00
    outer loop
      vertex   -4.000000e+02 -9.283333e+00 3.236000e+02
      vertex   -4.000000e+02 0.000000e+00 3.340385e+02
      vertex   -4.000000e+02 -9.309920e+00 3.239039e+02
    endloop
  endfacet
  facet normal 1.000000e+00 0.000000e+00 -0.000000e+00
    outer loop
      vertex   -4.000000e+02 -9.309920e+00 3.239039e+02
      vertex   -4.000000e+02 0.000000e+00 3.340385e+02
      vertex   -4.000000e+02 -9.388871e+00 3.241985e+02
    endloop
  endfacet
  facet normal 1.000000e+00 0.000000e+00 -0.000000e+00
    outer loop
      vertex   -4.000000e+02 -9.388871e+00 3.241985e+02
      vertex   -4.000000e+02 0.000000e+00 3.340385e+02
      vertex   -4.000000e+02 -9.517789e+00 3.244750e+02
    endloop
  endfacet
  facet normal 1.000000e+00 0.000000e+00 -0.000000e+00
    outer loop
      vertex   -4.000000e+02 -9.517789e+00 3.244750e+02
      vertex   -4.000000e+02 0.000000e+00 3.340385e+02
      vertex   -4.000000e+02 -9.692756e+00 3.247249e+02
    endloop
  endfacet
  facet normal 1.000000e+00 0.000000e+00 -0.000000e+00
    outer loop
      vertex   -4.000000e+02 -9.692756e+00 3.247249e+02
      vertex   -4.000000e+02 0.000000e+00 3.340385e+02
      vertex   -4.000000e+02 -9.908455e+00 3.249406e+02
    endloop
  endfacet
  facet normal 1.000000e+00 0.000000e+00 -0.000000e+00
    outer loop
      vertex   -4.000000e+02 -9.908455e+00 3.249406e+02
      vertex   -4.000000e+02 0.000000e+00 3.340385e+02
      vertex   -4.000000e+02 -1.015833e+01 3.251155e+02
    endloop
  endfacet
  facet normal 1.000000e+00 0.000000e+00 -0.000000e+00
    outer loop
      vertex   -4.000000e+02 -1.015833e+01 3.251155e+02
      vertex   -4.000000e+02 0.000000e+00 3.340385e+02
      vertex   -4.000000e+02 -1.043480e+01 3.252445e+02
    endloop
  endfacet
  facet normal 1.000000e+00 0.000000e+00 -0.000000e+00
    outer loop
      vertex   -4.000000e+02 -1.043480e+01 3.252445e+02
      vertex   -4.000000e+02 0.000000e+00 3.340385e+02
      vertex   -4.000000e+02 -1.072945e+01 3.253234e+02
    endloop
  endfacet
  facet normal 1.000000e+00 0.000000e+00 -0.000000e+00
    outer loop
      vertex   -4.000000e+02 -1.072945e+01 3.253234e+02
      vertex   -4.000000e+02 0.000000e+00 3.340385e+02
      vertex   -4.000000e+02 -1.103333e+01 3.253500e+02
    endloop
  endfacet
  facet normal 1.000000e+00 0.000000e+00 -0.000000e+00
    outer loop
      vertex   -4.000000e+02 -1.103333e+01 3.253500e+02
      vertex   -4.000000e+02 0.000000e+00 3.340385e+02
      vertex   -4.000000e+02 -2.206667e+01 3.340385e+02
    endloop
  endfacet
  facet normal 1.000000e+00 0.000000e+00 0.000000e+00
    outer loop
      vertex   -4.000000e+02 -1.103333e+01 3.253500e+02
      vertex   -4.000000e+02 -2.206667e+01 3.340385e+02
      vertex   -4.000000e+02 -1.133722e+01 3.253234e+02
    endloop
  endfacet
  facet normal 1.000000e+00 0.000000e+00 0.000000e+00
    outer loop
      vertex   -4.000000e+02 -1.133722e+01 3.253234e+02
      vertex   -4.000000e+02 -2.206667e+01 3.340385e+02
      vertex   -4.000000e+02 -1.163187e+01 3.252445e+02
    endloop
  endfacet
  facet normal 1.000000e+00 0.000000e+00 0.000000e+00
    outer loop
      vertex   -4.000000e+02 -1.163187e+01 3.252445e+02
      vertex   -4.000000e+02 -2.206667e+01 3.340385e+02
      vertex   -4.000000e+02 -1.190833e+01 3.251155e+02
    endloop
  endfacet
  facet normal 1.000000e+00 0.000000e+00 0.000000e+00
    outer loop
      vertex   -4.000000e+02 -1.190833e+01 3.251155e+02
      vertex   -4.000000e+02 -2.206667e+01 3.340385e+02
      vertex   -4.000000e+02 -1.215821e+01 3.249406e+02
    endloop
  endfacet
  facet normal 1.000000e+00 0.000000e+00 0.000000e+00
    outer loop
      vertex   -4.000000e+02 -1.215821e+01 3.249406e+02
      vertex   -4.000000e+02 -2.206667e+01 3.340385e+02
      vertex   -4.000000e+02 -1.237391e+01 3.247249e+02
    endloop
  endfacet
  facet normal 1.000000e+00 0.000000e+00 0.000000e+00
    outer loop
      vertex   -4.000000e+02 -1.237391e+01 3.247249e+02
      vertex   -4.000000e+02 -2.206667e+01 3.340385e+02
      vertex   -4.000000e+02 -1.254888e+01 3.244750e+02
    endloop
  endfacet
  facet normal 1.000000e+00 0.000000e+00 0.000000e+00
    outer loop
      vertex   -4.000000e+02 -1.254888e+01 3.244750e+02
      vertex   -4.000000e+02 -2.206667e+01 3.340385e+02
      vertex   -4.000000e+02 -1.267780e+01 3.241985e+02
    endloop
  endfacet
  facet normal 1.000000e+00 0.000000e+00 0.000000e+00
    outer loop
      vertex   -4.000000e+02 -1.267780e+01 3.241985e+02
      vertex   -4.000000e+02 -2.206667e+01 3.340385e+02
      vertex   -4.000000e+02 -1.275675e+01 3.239039e+02
    endloop
  endfacet
  facet normal 1.000000e+00 0.000000e+00 0.000000e+00
    outer loop
      vertex   -4.000000e+02 -1.275675e+01 3.239039e+02
      vertex   -4.000000e+02 -2.206667e+01 3.340385e+02
      vertex   -4.000000e+02 -1.278333e+01 3.236000e+02
    endloop
  endfacet
  facet normal 1.000000e+00 0.000000e+00 0.000000e+00
    outer loop
      vertex   -4.000000e+02 -1.278333e+01 3.236000e+02
      vertex   -4.000000e+02 -2.206667e+01 3.340385e+02
      vertex   -4.000000e+02 -2.206667e+01 3.131615e+02
    endloop
  endfacet
  facet normal 1.000000e+00 0.000000e+00 0.000000e+00
    outer loop
      vertex   -4.000000e+02 -1.278333e+01 3.236000e+02
      vertex   -4.000000e+02 -2.206667e+01 3.131615e+02
      vertex   -4.000000e+02 -1.275675e+01 3.232961e+02
    endloop
  endfacet
  facet normal 1.000000e+00 0.000000e+00 0.000000e+00
    outer loop
      vertex   -4.000000e+02 -1.275675e+01 3.232961e+02
      vertex   -4.000000e+02 -2.206667e+01 3.131615e+02
      vertex   -4.000000e+02 -1.267780e+01 3.230015e+02
    endloop
  endfacet
  facet normal 1.000000e+00 0.000000e+00 0.000000e+00
    outer loop
      vertex   -4.000000e+02 -1.267780e+01 3.230015e+02
      vertex   -4.000000e+02 -2.206667e+01 3.131615e+02
      vertex   -4.000000e+02 -1.254888e+01 3.227250e+02
    endloop
  endfacet
  facet normal 1.000000e+00 0.000000e+00 0.000000e+00
    outer loop
      vertex   -4.000000e+02 -1.254888e+01 3.227250e+02
      vertex   -4.000000e+02 -2.206667e+01 3.131615e+02
      vertex   -4.000000e+02 -1.237391e+01 3.224751e+02
    endloop
  endfacet
  facet normal 1.000000e+00 0.000000e+00 0.000000e+00
    outer loop
      vertex   -4.000000e+02 -1.237391e+01 3.224751e+02
      vertex   -4.000000e+02 -2.206667e+01 3.131615e+02
      vertex   -4.000000e+02 -1.215821e+01 3.222594e+02
    endloop
  endfacet
  facet normal 1.000000e+00 0.000000e+00 0.000000e+00
    outer loop
      vertex   -4.000000e+02 -1.215821e+01 3.222594e+02
      vertex   -4.000000e+02 -2.206667e+01 3.131615e+02
      vertex   -4.000000e+02 -1.190833e+01 3.220845e+02
    endloop
  endfacet
  facet normal 1.000000e+00 0.000000e+00 0.000000e+00
    outer loop
      vertex   -4.000000e+02 -1.190833e+01 3.220845e+02
      vertex   -4.000000e+02 -2.206667e+01 3.131615e+02
      vertex   -4.000000e+02 -1.163187e+01 3.219555e+02
    endloop
  endfacet
  facet normal 1.000000e+00 0.000000e+00 0.000000e+00
    outer loop
      vertex   -4.000000e+02 -1.163187e+01 3.219555e+02
      vertex   -4.000000e+02 -2.206667e+01 3.131615e+02
      vertex   -4.000000e+02 -1.133722e+01 3.218766e+02
    endloop
  endfacet
  facet normal 1.000000e+00 1.052095e-15 1.202551e-14
    outer loop
      vertex   -4.000000e+02 -1.133738e+01 1.956766e+02
      vertex   -4.000000e+02 -2.206667e+01 1.871615e+02
      vertex   -4.000000e+02 -1.103350e+01 1.956500e+02
    endloop
  endfacet
  facet normal 1.000000e+00 5.151971e-15 6.696597e-15
    outer loop
      vertex   -4.000000e+02 -1.103350e+01 1.956500e+02
      vertex   -4.000000e+02 -2.206667e+01 1.871615e+02
      vertex   -4.000000e+02 0.000000e+00 1.871615e+02
    endloop
  endfacet
  facet normal 1.000000e+00 -0.000000e+00 0.000000e+00
    outer loop
      vertex   -4.000000e+02 -1.103350e+01 1.956500e+02
      vertex   -4.000000e+02 0.000000e+00 1.871615e+02
      vertex   -4.000000e+02 -1.072962e+01 1.956766e+02
    endloop
  endfacet
  facet normal 1.000000e+00 -0.000000e+00 0.000000e+00
    outer loop
      vertex   -4.000000e+02 -1.072962e+01 1.956766e+02
      vertex   -4.000000e+02 0.000000e+00 1.871615e+02
      vertex   -4.000000e+02 -1.043496e+01 1.957555e+02
    endloop
  endfacet
  facet normal 1.000000e+00 -0.000000e+00 0.000000e+00
    outer loop
      vertex   -4.000000e+02 -1.043496e+01 1.957555e+02
      vertex   -4.000000e+02 0.000000e+00 1.871615e+02
      vertex   -4.000000e+02 -1.015850e+01 1.958845e+02
    endloop
  endfacet
  facet normal 1.000000e+00 -0.000000e+00 0.000000e+00
    outer loop
      vertex   -4.000000e+02 -1.015850e+01 1.958845e+02
      vertex   -4.000000e+02 0.000000e+00 1.871615e+02
      vertex   -4.000000e+02 -9.908622e+00 1.960594e+02
    endloop
  endfacet
  facet normal 1.000000e+00 -0.000000e+00 0.000000e+00
    outer loop
      vertex   -4.000000e+02 -9.908622e+00 1.960594e+02
      vertex   -4.000000e+02 0.000000e+00 1.871615e+02
      vertex   -4.000000e+02 -9.692922e+00 1.962751e+02
    endloop
  endfacet
  facet normal 1.000000e+00 -0.000000e+00 0.000000e+00
    outer loop
      vertex   -4.000000e+02 -9.692922e+00 1.962751e+02
      vertex   -4.000000e+02 0.000000e+00 1.871615e+02
      vertex   -4.000000e+02 -9.517956e+00 1.965250e+02
    endloop
  endfacet
  facet normal 1.000000e+00 -0.000000e+00 0.000000e+00
    outer loop
      vertex   -4.000000e+02 -9.517956e+00 1.965250e+02
      vertex   -4.000000e+02 0.000000e+00 1.871615e+02
      vertex   -4.000000e+02 -9.389038e+00 1.968015e+02
    endloop
  endfacet
  facet normal 1.000000e+00 -0.000000e+00 0.000000e+00
    outer loop
      vertex   -4.000000e+02 -9.389038e+00 1.968015e+02
      vertex   -4.000000e+02 0.000000e+00 1.871615e+02
      vertex   -4.000000e+02 -9.310086e+00 1.970961e+02
    endloop
  endfacet
  facet normal 1.000000e+00 -0.000000e+00 0.000000e+00
    outer loop
      vertex   -4.000000e+02 -9.310086e+00 1.970961e+02
      vertex   -4.000000e+02 0.000000e+00 1.871615e+02
      vertex   -4.000000e+02 -9.283500e+00 1.974000e+02
    endloop
  endfacet
  facet normal 1.000000e+00 -0.000000e+00 0.000000e+00
    outer loop
      vertex   -4.000000e+02 -9.283500e+00 1.974000e+02
      vertex   -4.000000e+02 0.000000e+00 1.871615e+02
      vertex   -4.000000e+02 0.000000e+00 2.076385e+02
    endloop
  endfacet
  facet normal 1.000000e+00 0.000000e+00 -0.000000e+00
    outer loop
      vertex   -4.000000e+02 -9.283500e+00 1.974000e+02
      vertex   -4.000000e+02 0.000000e+00 2.076385e+02
      vertex   -4.000000e+02 -9.310086e+00 1.977039e+02
    endloop
  endfacet
  facet normal 1.000000e+00 0.000000e+00 -0.000000e+00
    outer loop
      vertex   -4.000000e+02 -9.310086e+00 1.977039e+02
      vertex   -4.000000e+02 0.000000e+00 2.076385e+02
      vertex   -4.000000e+02 -9.389038e+00 1.979985e+02
    endloop
  endfacet
  facet normal 1.000000e+00 0.000000e+00 -0.000000e+00
    outer loop
      vertex   -4.000000e+02 -9.389038e+00 1.979985e+02
      vertex   -4.000000e+02 0.000000e+00 2.076385e+02
      vertex   -4.000000e+02 -9.517956e+00 1.982750e+02
    endloop
  endfacet
  facet normal 1.000000e+00 0.000000e+00 -0.000000e+00
    outer loop
      vertex   -4.000000e+02 -9.517956e+00 1.982750e+02
      vertex   -4.000000e+02 0.000000e+00 2.076385e+02
      vertex   -4.000000e+02 -9.692922e+00 1.985249e+02
    endloop
  endfacet
  facet normal 1.000000e+00 0.000000e+00 -0.000000e+00
    outer loop
      vertex   -4.000000e+02 -9.692922e+00 1.985249e+02
      vertex   -4.000000e+02 0.000000e+00 2.076385e+02
      vertex   -4.000000e+02 -9.908622e+00 1.987406e+02
    endloop
  endfacet
  facet normal 1.000000e+00 0.000000e+00 -0.000000e+00
    outer loop
      vertex   -4.000000e+02 -9.908622e+00 1.987406e+02
      vertex   -4.000000e+02 0.000000e+00 2.076385e+02
      vertex   -4.000000e+02 -1.015850e+01 1.989155e+02
    endloop
  endfacet
  facet normal 1.000000e+00 0.000000e+00 -0.000000e+00
    outer loop
      vertex   -4.000000e+02 -1.015850e+01 1.989155e+02
      vertex   -4.000000e+02 0.000000e+00 2.076385e+02
      vertex   -4.000000e+02 -1.043496e+01 1.990445e+02
    endloop
  endfacet
  facet normal 1.000000e+00 0.000000e+00 -0.000000e+00
    outer loop
      vertex   -4.000000e+02 -1.043496e+01 1.990445e+02
      vertex   -4.000000e+02 0.000000e+00 2.076385e+02
      vertex   -4.000000e+02 -1.072962e+01 1.991234e+02
    endloop
  endfacet
  facet normal 1.000000e+00 0.000000e+00 -0.000000e+00
    outer loop
      vertex   -4.000000e+02 -1.072962e+01 1.991234e+02
      vertex   -4.000000e+02 0.000000e+00 2.076385e+02
      vertex   -4.000000e+02 -1.103350e+01 1.991500e+02
    endloop
  endfacet
  facet normal 1.000000e+00 5.151971e-15 -6.696597e-15
    outer loop
      vertex   -4.000000e+02 -1.103350e+01 1.991500e+02
      vertex   -4.000000e+02 0.000000e+00 2.076385e+02
      vertex   -4.000000e+02 -2.206667e+01 2.076385e+02
    endloop
  endfacet
  facet normal 1.000000e+00 1.052095e-15 -1.202551e-14
    outer loop
      vertex   -4.000000e+02 -1.103350e+01 1.991500e+02
      vertex   -4.000000e+02 -2.206667e+01 2.076385e+02
      vertex   -4.000000e+02 -1.133738e+01 1.991234e+02
    endloop
  endfacet
  facet normal 1.000000e+00 2.674472e-15 -9.981266e-15
    outer loop
      vertex   -4.000000e+02 -1.133738e+01 1.991234e+02
      vertex   -4.000000e+02 -2.206667e+01 2.076385e+02
      vertex   -4.000000e+02 -1.163204e+01 1.990445e+02
    endloop
  endfacet
  facet normal 1.000000e+00 3.938615e-15 -8.446387e-15
    outer loop
      vertex   -4.000000e+02 -1.163204e+01 1.990445e+02
      vertex   -4.000000e+02 -2.206667e+01 2.076385e+02
      vertex   -4.000000e+02 -1.190850e+01 1.989155e+02
    endloop
  endfacet
  facet normal 1.000000e+00 5.026858e-15 -7.179097e-15
    outer loop
      vertex   -4.000000e+02 -1.190850e+01 1.989155e+02
      vertex   -4.000000e+02 -2.206667e+01 2.076385e+02
      vertex   -4.000000e+02 -1.215838e+01 1.987406e+02
    endloop
  endfacet
  facet normal 1.000000e+00 6.045165e-15 -6.045165e-15
    outer loop
      vertex   -4.000000e+02 -1.215838e+01 1.987406e+02
      vertex   -4.000000e+02 -2.206667e+01 2.076385e+02
      vertex   -4.000000e+02 -1.237408e+01 1.985249e+02
    endloop
  endfacet
  facet normal 1.000000e+00 7.072699e-15 -4.952357e-15
    outer loop
      vertex   -4.000000e+02 -1.237408e+01 1.985249e+02
      vertex   -4.000000e+02 -2.206667e+01 2.076385e+02
      vertex   -4.000000e+02 -1.254904e+01 1.982750e+02
    endloop
  endfacet
  facet normal 1.000000e+00 8.188388e-15 -3.818308e-15
    outer loop
      vertex   -4.000000e+02 -1.254904e+01 1.982750e+02
      vertex   -4.000000e+02 -2.206667e+01 2.076385e+02
      vertex   -4.000000e+02 -1.267796e+01 1.979985e+02
    endloop
  endfacet
  facet normal 1.000000e+00 9.496272e-15 -2.544518e-15
    outer loop
      vertex   -4.000000e+02 -1.267796e+01 1.979985e+02
      vertex   -4.000000e+02 -2.206667e+01 2.076385e+02
      vertex   -4.000000e+02 -1.275691e+01 1.977039e+02
    endloop
  endfacet
  facet normal 1.000000e+00 1.116885e-14 -9.771476e-16
    outer loop
      vertex   -4.000000e+02 -1.275691e+01 1.977039e+02
      vertex   -4.000000e+02 -2.206667e+01 2.076385e+02
      vertex   -4.000000e+02 -1.278350e+01 1.974000e+02
    endloop
  endfacet
  facet normal 1.000000e+00 1.224656e-14 0.000000e+00
    outer loop
      vertex   -4.000000e+02 -1.278350e+01 1.974000e+02
      vertex   -4.000000e+02 -2.206667e+01 2.076385e+02
      vertex   -4.000000e+02 -2.206667e+01 1.871615e+02
    endloop
  endfacet
  facet normal 1.000000e+00 1.116885e-14 9.771476e-16
    outer loop
      vertex   -4.000000e+02 -1.278350e+01 1.974000e+02
      vertex   -4.000000e+02 -2.206667e+01 1.871615e+02
      vertex   -4.000000e+02 -1.275691e+01 1.970961e+02
    endloop
  endfacet
  facet normal 1.000000e+00 9.496272e-15 2.544518e-15
    outer loop
      vertex   -4.000000e+02 -1.275691e+01 1.970961e+02
      vertex   -4.000000e+02 -2.206667e+01 1.871615e+02
      vertex   -4.000000e+02 -1.267796e+01 1.968015e+02
    endloop
  endfacet
  facet normal 1.000000e+00 8.188388e-15 3.818308e-15
    outer loop
      vertex   -4.000000e+02 -1.267796e+01 1.968015e+02
      vertex   -4.000000e+02 -2.206667e+01 1.871615e+02
      vertex   -4.000000e+02 -1.254904e+01 1.965250e+02
    endloop
  endfacet
  facet normal 1.000000e+00 7.072699e-15 4.952357e-15
    outer loop
      vertex   -4.000000e+02 -1.254904e+01 1.965250e+02
      vertex   -4.000000e+02 -2.206667e+01 1.871615e+02
      vertex   -4.000000e+02 -1.237408e+01 1.962751e+02
    endloop
  endfacet
  facet normal 1.000000e+00 6.045165e-15 6.045165e-15
    outer loop
      vertex   -4.000000e+02 -1.237408e+01 1.962751e+02
      vertex   -4.000000e+02 -2.206667e+01 1.871615e+02
      vertex   -4.000000e+02 -1.215838e+01 1.960594e+02
    endloop
  endfacet
  facet normal 1.000000e+00 5.026858e-15 7.179097e-15
    outer loop
      vertex   -4.000000e+02 -1.215838e+01 1.960594e+02
      vertex   -4.000000e+02 -2.206667e+01 1.871615e+02
      vertex   -4.000000e+02 -1.190850e+01 1.958845e+02
    endloop
  endfacet
  facet normal 1.000000e+00 3.938615e-15 8.446387e-15
    outer loop
      vertex   -4.000000e+02 -1.190850e+01 1.958845e+02
      vertex   -4.000000e+02 -2.206667e+01 1.871615e+02
      vertex   -4.000000e+02 -1.163204e+01 1.957555e+02
    endloop
  endfacet
  facet normal 1.000000e+00 2.674472e-15 9.981266e-15
    outer loop
      vertex   -4.000000e+02 -1.163204e+01 1.957555e+02
      vertex   -4.000000e+02 -2.206667e+01 1.871615e+02
      vertex   -4.000000e+02 -1.133738e+01 1.956766e+02
    endloop
  endfacet
  facet normal 1.000000e+00 -0.000000e+00 0.000000e+00
    outer loop
      vertex   -4.000000e+02 0.000000e+00 3.340385e+02
      vertex   -4.000000e+02 0.000000e+00 3.131615e+02
      vertex   -4.000000e+02 1.000000e+01 3.443990e+02
    endloop
  endfacet
  facet normal 1.000000e+00 0.000000e+00 0.000000e+00
    outer loop
      vertex   -4.000000e+02 1.000000e+01 3.443990e+02
      vertex   -4.000000e+02 0.000000e+00 3.131615e+02
      vertex   -4.000000e+02 0.000000e+00 2.076385e+02
    endloop
  endfacet
  facet normal 1.000000e+00 0.000000e+00 0.000000e+00
    outer loop
      vertex   -4.000000e+02 1.000000e+01 3.443990e+02
      vertex   -4.000000e+02 0.000000e+00 2.076385e+02
      vertex   -4.000000e+02 1.000000e+01 1.764010e+02
    endloop
  endfacet
  facet normal 1.000000e+00 0.000000e+00 0.000000e+00
    outer loop
      vertex   -4.000000e+02 1.000000e+01 1.764010e+02
      vertex   -4.000000e+02 0.000000e+00 2.076385e+02
      vertex   -4.000000e+02 0.000000e+00 1.871615e+02
    endloop
  endfacet
  facet normal 1.000000e+00 0.000000e+00 0.000000e+00
    outer loop
      vertex   -4.000000e+02 1.000000e+01 1.764010e+02
      vertex   -4.000000e+02 0.000000e+00 1.871615e+02
      vertex   -4.000000e+02 0.000000e+00 1.764010e+02
    endloop
  endfacet
  facet normal 1.000000e+00 0.000000e+00 0.000000e+00
    outer loop
      vertex   -4.000000e+02 1.000000e+01 3.443990e+02
      vertex   -4.000000e+02 0.000000e+00 3.443990e+02
      vertex   -4.000000e+02 0.000000e+00 3.340385e+02
    endloop
  endfacet
  facet normal -1.000000e+00 0.000000e+00 -0.000000e+00
    outer loop
      vertex   -4.500000e+02 -1.072945e+01 3.218766e+02
      vertex   -4.500000e+02 0.000000e+00 3.131615e+02
      vertex   -4.500000e+02 -1.103333e+01 3.218500e+02
    endloop
  endfacet
  facet normal -1.000000e+00 0.000000e+00 -0.000000e+00
    outer loop
      vertex   -4.500000e+02 -1.103333e+01 3.218500e+02
      vertex   -4.500000e+02 0.000000e+00 3.131615e+02
      vertex   -4.500000e+02 -2.206667e+01 3.131615e+02
    endloop
  endfacet
  facet normal -1.000000e+00 -0.000000e+00 0.000000e+00
    outer loop
      vertex   -4.500000e+02 -1.103333e+01 3.218500e+02
      vertex   -4.500000e+02 -2.206667e+01 3.131615e+02
      vertex   -4.500000e+02 -1.133722e+01 3.218766e+02
    endloop
  endfacet
  facet normal -1.000000e+00 -0.000000e+00 0.000000e+00
    outer loop
      vertex   -4.500000e+02 -1.133722e+01 3.218766e+02
      vertex   -4.500000e+02 -2.206667e+01 3.131615e+02
      vertex   -4.500000e+02 -1.163187e+01 3.219555e+02
    endloop
  endfacet
  facet normal -1.000000e+00 -0.000000e+00 0.000000e+00
    outer loop
      vertex   -4.500000e+02 -1.163187e+01 3.219555e+02
      vertex   -4.500000e+02 -2.206667e+01 3.131615e+02
      vertex   -4.500000e+02 -1.190833e+01 3.220845e+02
    endloop
  endfacet
  facet normal -1.000000e+00 -0.000000e+00 0.000000e+00
    outer loop
      vertex   -4.500000e+02 -1.190833e+01 3.220845e+02
      vertex   -4.500000e+02 -2.206667e+01 3.131615e+02
      vertex   -4.500000e+02 -1.215821e+01 3.222594e+02
    endloop
  endfacet
  facet normal -1.000000e+00 -0.000000e+00 0.000000e+00
    outer loop
      vertex   -4.500000e+02 -1.215821e+01 3.222594e+02
      vertex   -4.500000e+02 -2.206667e+01 3.131615e+02
      vertex   -4.500000e+02 -1.237391e+01 3.224751e+02
    endloop
  endfacet
  facet normal -1.000000e+00 -0.000000e+00 0.000000e+00
    outer loop
      vertex   -4.500000e+02 -1.237391e+01 3.224751e+02
      vertex   -4.500000e+02 -2.206667e+01 3.131615e+02
      vertex   -4.500000e+02 -1.254888e+01 3.227250e+02
    endloop
  endfacet
  facet normal -1.000000e+00 -0.000000e+00 0.000000e+00
    outer loop
      vertex   -4.500000e+02 -1.254888e+01 3.227250e+02
      vertex   -4.500000e+02 -2.206667e+01 3.131615e+02
      vertex   -4.500000e+02 -1.267780e+01 3.230015e+02
    endloop
  endfacet
  facet normal -1.000000e+00 -0.000000e+00 0.000000e+00
    outer loop
      vertex   -4.500000e+02 -1.267780e+01 3.230015e+02
      vertex   -4.500000e+02 -2.206667e+01 3.131615e+02
      vertex   -4.500000e+02 -1.275675e+01 3.232961e+02
    endloop
  endfacet
  facet normal -1.000000e+00 -0.000000e+00 0.000000e+00
    outer loop
      vertex   -4.500000e+02 -1.275675e+01 3.232961e+02
      vertex   -4.500000e+02 -2.206667e+01 3.131615e+02
      vertex   -4.500000e+02 -1.278333e+01 3.236000e+02
    endloop
  endfacet
  facet normal -1.000000e+00 -0.000000e+00 0.000000e+00
    outer loop
      vertex   -4.500000e+02 -1.278333e+01 3.236000e+02
      vertex   -4.500000e+02 -2.206667e+01 3.131615e+02
      vertex   -4.500000e+02 -2.206667e+01 3.340385e+02
    endloop
  endfacet
  facet normal -1.000000e+00 0.000000e+00 0.000000e+00
    outer loop
      vertex   -4.500000e+02 -1.278333e+01 3.236000e+02
      vertex   -4.500000e+02 -2.206667e+01 3.340385e+02
      vertex   -4.500000e+02 -1.275675e+01 3.239039e+02
    endloop
  endfacet
  facet normal -1.000000e+00 0.000000e+00 0.000000e+00
    outer loop
      vertex   -4.500000e+02 -1.275675e+01 3.239039e+02
      vertex   -4.500000e+02 -2.206667e+01 3.340385e+02
      vertex   -4.500000e+02 -1.267780e+01 3.241985e+02
    endloop
  endfacet
  facet normal -1.000000e+00 0.000000e+00 0.000000e+00
    outer loop
      vertex   -4.500000e+02 -1.267780e+01 3.241985e+02
      vertex   -4.500000e+02 -2.206667e+01 3.340385e+02
      vertex   -4.500000e+02 -1.254888e+01 3.244750e+02
    endloop
  endfacet
  facet normal -1.000000e+00 0.000000e+00 0.000000e+00
    outer loop
      vertex   -4.500000e+02 -1.254888e+01 3.244750e+02
      vertex   -4.500000e+02 -2.206667e+01 3.340385e+02
      vertex   -4.500000e+02 -1.237391e+01 3.247249e+02
    endloop
  endfacet
  facet normal -1.000000e+00 0.000000e+00 0.000000e+00
    outer loop
      vertex   -4.500000e+02 -1.237391e+01 3.247249e+02
      vertex   -4.500000e+02 -2.206667e+01 3.340385e+02
      vertex   -4.500000e+02 -1.215821e+01 3.249406e+02
    endloop
  endfacet
  facet normal -1.000000e+00 0.000000e+00 0.000000e+00
    outer loop
      vertex   -4.500000e+02 -1.215821e+01 3.249406e+02
      vertex   -4.500000e+02 -2.206667e+01 3.340385e+02
      vertex   -4.500000e+02 -1.190833e+01 3.251155e+02
    endloop
  endfacet
  facet normal -1.000000e+00 0.000000e+00 0.000000e+00
    outer loop
      vertex   -4.500000e+02 -1.190833e+01 3.251155e+02
      vertex   -4.500000e+02 -2.206667e+01 3.340385e+02
      vertex   -4.500000e+02 -1.163187e+01 3.252445e+02
    endloop
  endfacet
  facet normal -1.000000e+00 0.000000e+00 0.000000e+00
    outer loop
      vertex   -4.500000e+02 -1.163187e+01 3.252445e+02
      vertex   -4.500000e+02 -2.206667e+01 3.340385e+02
      vertex   -4.500000e+02 -1.133722e+01 3.253234e+02
    endloop
  endfacet
  facet normal -1.000000e+00 0.000000e+00 0.000000e+00
    outer loop
      vertex   -4.500000e+02 -1.133722e+01 3.253234e+02
      vertex   -4.500000e+02 -2.206667e+01 3.340385e+02
      vertex   -4.500000e+02 -1.103333e+01 3.253500e+02
    endloop
  endfacet
  facet normal -1.000000e+00 0.000000e+00 0.000000e+00
    outer loop
      vertex   -4.500000e+02 -1.103333e+01 3.253500e+02
      vertex   -4.500000e+02 -2.206667e+01 3.340385e+02
      vertex   -4.500000e+02 0.000000e+00 3.340385e+02
    endloop
  endfacet
  facet normal -1.000000e+00 0.000000e+00 0.000000e+00
    outer loop
      vertex   -4.500000e+02 -1.103333e+01 3.253500e+02
      vertex   -4.500000e+02 0.000000e+00 3.340385e+02
      vertex   -4.500000e+02 -1.072945e+01 3.253234e+02
    endloop
  endfacet
  facet normal -1.000000e+00 0.000000e+00 0.000000e+00
    outer loop
      vertex   -4.500000e+02 -1.072945e+01 3.253234e+02
      vertex   -4.500000e+02 0.000000e+00 3.340385e+02
      vertex   -4.500000e+02 -1.043480e+01 3.252445e+02
    endloop
  endfacet
  facet normal -1.000000e+00 0.000000e+00 0.000000e+00
    outer loop
      vertex   -4.500000e+02 -1.043480e+01 3.252445e+02
      vertex   -4.500000e+02 0.000000e+00 3.340385e+02
      vertex   -4.500000e+02 -1.015833e+01 3.251155e+02
    endloop
  endfacet
  facet normal -1.000000e+00 0.000000e+00 0.000000e+00
    outer loop
      vertex   -4.500000e+02 -1.015833e+01 3.251155e+02
      vertex   -4.500000e+02 0.000000e+00 3.340385e+02
      vertex   -4.500000e+02 -9.908455e+00 3.249406e+02
    endloop
  endfacet
  facet normal -1.000000e+00 0.000000e+00 0.000000e+00
    outer loop
      vertex   -4.500000e+02 -9.908455e+00 3.249406e+02
      vertex   -4.500000e+02 0.000000e+00 3.340385e+02
      vertex   -4.500000e+02 -9.692756e+00 3.247249e+02
    endloop
  endfacet
  facet normal -1.000000e+00 0.000000e+00 0.000000e+00
    outer loop
      vertex   -4.500000e+02 -9.692756e+00 3.247249e+02
      vertex   -4.500000e+02 0.000000e+00 3.340385e+02
      vertex   -4.500000e+02 -9.517789e+00 3.244750e+02
    endloop
  endfacet
  facet normal -1.000000e+00 0.000000e+00 0.000000e+00
    outer loop
      vertex   -4.500000e+02 -9.517789e+00 3.244750e+02
      vertex   -4.500000e+02 0.000000e+00 3.340385e+02
      vertex   -4.500000e+02 -9.388871e+00 3.241985e+02
    endloop
  endfacet
  facet normal -1.000000e+00 0.000000e+00 0.000000e+00
    outer loop
      vertex   -4.500000e+02 -9.388871e+00 3.241985e+02
      vertex   -4.500000e+02 0.000000e+00 3.340385e+02
      vertex   -4.500000e+02 -9.309920e+00 3.239039e+02
    endloop
  endfacet
  facet normal -1.000000e+00 0.000000e+00 0.000000e+00
    outer loop
      vertex   -4.500000e+02 -9.309920e+00 3.239039e+02
      vertex   -4.500000e+02 0.000000e+00 3.340385e+02
      vertex   -4.500000e+02 -9.283333e+00 3.236000e+02
    endloop
  endfacet
  facet normal -1.000000e+00 0.000000e+00 0.000000e+00
    outer loop
      vertex   -4.500000e+02 -9.283333e+00 3.236000e+02
      vertex   -4.500000e+02 0.000000e+00 3.340385e+02
      vertex   -4.500000e+02 0.000000e+00 3.131615e+02
    endloop
  endfacet
  facet normal -1.000000e+00 0.000000e+00 -0.000000e+00
    outer loop
      vertex   -4.500000e+02 -9.283333e+00 3.236000e+02
      vertex   -4.500000e+02 0.000000e+00 3.131615e+02
      vertex   -4.500000e+02 -9.309920e+00 3.232961e+02
    endloop
  endfacet
  facet normal -1.000000e+00 0.000000e+00 -0.000000e+00
    outer loop
      vertex   -4.500000e+02 -9.309920e+00 3.232961e+02
      vertex   -4.500000e+02 0.000000e+00 3.131615e+02
      vertex   -4.500000e+02 -9.388871e+00 3.230015e+02
    endloop
  endfacet
  facet normal -1.000000e+00 0.000000e+00 -0.000000e+00
    outer loop
      vertex   -4.500000e+02 -9.388871e+00 3.230015e+02
      vertex   -4.500000e+02 0.000000e+00 3.131615e+02
      vertex   -4.500000e+02 -9.517789e+00 3.227250e+02
    endloop
  endfacet
  facet normal -1.000000e+00 0.000000e+00 -0.000000e+00
    outer loop
      vertex   -4.500000e+02 -9.517789e+00 3.227250e+02
      vertex   -4.500000e+02 0.000000e+00 3.131615e+02
      vertex   -4.500000e+02 -9.692756e+00 3.224751e+02
    endloop
  endfacet
  facet normal -1.000000e+00 0.000000e+00 -0.000000e+00
    outer loop
      vertex   -4.500000e+02 -9.692756e+00 3.224751e+02
      vertex   -4.500000e+02 0.000000e+00 3.131615e+02
      vertex   -4.500000e+02 -9.908455e+00 3.222594e+02
    endloop
  endfacet
  facet normal -1.000000e+00 0.000000e+00 -0.000000e+00
    outer loop
      vertex   -4.500000e+02 -9.908455e+00 3.222594e+02
      vertex   -4.500000e+02 0.000000e+00 3.131615e+02
      vertex   -4.500000e+02 -1.015833e+01 3.220845e+02
    endloop
  endfacet
  facet normal -1.000000e+00 0.000000e+00 -0.000000e+00
    outer loop
      vertex   -4.500000e+02 -1.015833e+01 3.220845e+02
      vertex   -4.500000e+02 0.000000e+00 3.131615e+02
      vertex   -4.500000e+02 -1.043480e+01 3.219555e+02
    endloop
  endfacet
  facet normal -1.000000e+00 0.000000e+00 -0.000000e+00
    outer loop
      vertex   -4.500000e+02 -1.043480e+01 3.219555e+02
      vertex   -4.500000e+02 0.000000e+00 3.131615e+02
      vertex   -4.500000e+02 -1.072945e+01 3.218766e+02
    endloop
  endfacet
  facet normal -1.000000e+00 0.000000e+00 -0.000000e+00
    outer loop
      vertex   -4.500000e+02 -1.072962e+01 1.956766e+02
      vertex   -4.500000e+02 0.000000e+00 1.871615e+02
      vertex   -4.500000e+02 -1.103350e+01 1.956500e+02
    endloop
  endfacet
  facet normal -1.000000e+00 0.000000e+00 -0.000000e+00
    outer loop
      vertex   -4.500000e+02 -1.103350e+01 1.956500e+02
      vertex   -4.500000e+02 0.000000e+00 1.871615e+02
      vertex   -4.500000e+02 -2.206667e+01 1.871615e+02
    endloop
  endfacet
  facet normal -1.000000e+00 -0.000000e+00 0.000000e+00
    outer loop
      vertex   -4.500000e+02 -1.103350e+01 1.956500e+02
      vertex   -4.500000e+02 -2.206667e+01 1.871615e+02
      vertex   -4.500000e+02 -1.133738e+01 1.956766e+02
    endloop
  endfacet
  facet normal -1.000000e+00 -0.000000e+00 0.000000e+00
    outer loop
      vertex   -4.500000e+02 -1.133738e+01 1.956766e+02
      vertex   -4.500000e+02 -2.206667e+01 1.871615e+02
      vertex   -4.500000e+02 -1.163204e+01 1.957555e+02
    endloop
  endfacet
  facet normal -1.000000e+00 -0.000000e+00 0.000000e+00
    outer loop
      vertex   -4.500000e+02 -1.163204e+01 1.957555e+02
      vertex   -4.500000e+02 -2.206667e+01 1.871615e+02
      vertex   -4.500000e+02 -1.190850e+01 1.958845e+02
    endloop
  endfacet
  facet normal -1.000000e+00 -0.000000e+00 0.000000e+00
    outer loop
      vertex   -4.500000e+02 -1.190850e+01 1.958845e+02
      vertex   -4.500000e+02 -2.206667e+01 1.871615e+02
      vertex   -4.500000e+02 -1.215838e+01 1.960594e+02
    endloop
  endfacet
  facet normal -1.000000e+00 -0.000000e+00 0.000000e+00
    outer loop
      vertex   -4.500000e+02 -1.215838e+01 1.960594e+02
      vertex   -4.500000e+02 -2.206667e+01 1.871615e+02
      vertex   -4.500000e+02 -1.237408e+01 1.962751e+02
    endloop
  endfacet
  facet normal -1.000000e+00 -0.000000e+00 0.000000e+00
    outer loop
      vertex   -4.500000e+02 -1.237408e+01 1.962751e+02
      vertex   -4.500000e+02 -2.206667e+01 1.871615e+02
      vertex   -4.500000e+02 -1.254904e+01 1.965250e+02
    endloop
  endfacet
  facet normal -1.000000e+00 -0.000000e+00 0.000000e+00
    outer loop
      vertex   -4.500000e+02 -1.254904e+01 1.965250e+02
      vertex   -4.500000e+02 -2.206667e+01 1.871615e+02
      vertex   -4.500000e+02 -1.267796e+01 1.968015e+02
    endloop
  endfacet
  facet normal -1.000000e+00 -0.000000e+00 0.000000e+00
    outer loop
      vertex   -4.500000e+02 -1.267796e+01 1.968015e+02
      vertex   -4.500000e+02 -2.206667e+01 1.871615e+02
      vertex   -4.500000e+02 -1.275691e+01 1.970961e+02
    endloop
  endfacet
  facet normal -1.000000e+00 -0.000000e+00 0.000000e+00
    outer loop
      vertex   -4.500000e+02 -1.275691e+01 1.970961e+02
      vertex   -4.500000e+02 -2.206667e+01 1.871615e+02
      vertex   -4.500000e+02 -1.278350e+01 1.974000e+02
    endloop
  endfacet
  facet normal -1.000000e+00 -0.000000e+00 0.000000e+00
    outer loop
      vertex   -4.500000e+02 -1.278350e+01 1.974000e+02
      vertex   -4.500000e+02 -2.206667e+01 1.871615e+02
      vertex   -4.500000e+02 -2.206667e+01 2.076385e+02
    endloop
  endfacet
  facet normal -1.000000e+00 0.000000e+00 0.000000e+00
    outer loop
      vertex   -4.500000e+02 -1.278350e+01 1.974000e+02
      vertex   -4.500000e+02 -2.206667e+01 2.076385e+02
      vertex   -4.500000e+02 -1.275691e+01 1.977039e+02
    endloop
  endfacet
  facet normal -1.000000e+00 0.000000e+00 0.000000e+00
    outer loop
      vertex   -4.500000e+02 -1.275691e+01 1.977039e+02
      vertex   -4.500000e+02 -2.206667e+01 2.076385e+02
      vertex   -4.500000e+02 -1.267796e+01 1.979985e+02
    endloop
  endfacet
  facet normal -1.000000e+00 0.000000e+00 0.000000e+00
    outer loop
      vertex   -4.500000e+02 -1.267796e+01 1.979985e+02
      vertex   -4.500000e+02 -2.206667e+01 2.076385e+02
      vertex   -4.500000e+02 -1.254904e+01 1.982750e+02
    endloop
  endfacet
  facet normal -1.000000e+00 0.000000e+00 0.000000e+00
    outer loop
      vertex   -4.500000e+02 -1.254904e+01 1.982750e+02
      vertex   -4.500000e+02 -2.206667e+01 2.076385e+02
      vertex   -4.500000e+02 -1.237408e+01 1.985249e+02
    endloop
  endfacet
  facet normal -1.000000e+00 0.000000e+00 0.000000e+00
    outer loop
      vertex   -4.500000e+02 -1.237408e+01 1.985249e+02
      vertex   -4.500000e+02 -2.206667e+01 2.076385e+02
      vertex   -4.500000e+02 -1.215838e+01 1.987406e+02
    endloop
  endfacet
  facet normal -1.000000e+00 0.000000e+00 0.000000e+00
    outer loop
      vertex   -4.500000e+02 -1.215838e+01 1.987406e+02
      vertex   -4.500000e+02 -2.206667e+01 2.076385e+02
      vertex   -4.500000e+02 -1.190850e+01 1.989155e+02
    endloop
  endfacet
  facet normal -1.000000e+00 0.000000e+00 0.000000e+00
    outer loop
      vertex   -4.500000e+02 -1.190850e+01 1.989155e+02
      vertex   -4.500000e+02 -2.206667e+01 2.076385e+02
      vertex   -4.500000e+02 -1.163204e+01 1.990445e+02
    endloop
  endfacet
  facet normal -1.000000e+00 0.000000e+00 0.000000e+00
    outer loop
      vertex   -4.500000e+02 -1.163204e+01 1.990445e+02
      vertex   -4.500000e+02 -2.206667e+01 2.076385e+02
      vertex   -4.500000e+02 -1.133738e+01 1.991234e+02
    endloop
  endfacet
  facet normal -1.000000e+00 0.000000e+00 0.000000e+00
    outer loop
      vertex   -4.500000e+02 -1.133738e+01 1.991234e+02
      vertex   -4.500000e+02 -2.206667e+01 2.076385e+02
      vertex   -4.500000e+02 -1.103350e+01 1.991500e+02
    endloop
  endfacet
  facet normal -1.000000e+00 0.000000e+00 0.000000e+00
    outer loop
      vertex   -4.500000e+02 -1.103350e+01 1.991500e+02
      vertex   -4.500000e+02 -2.206667e+01 2.076385e+02
      vertex   -4.500000e+02 0.000000e+00 2.076385e+02
    endloop
  endfacet
  facet normal -1.000000e+00 0.000000e+00 0.000000e+00
    outer loop
      vertex   -4.500000e+02 -1.103350e+01 1.991500e+02
      vertex   -4.500000e+02 0.000000e+00 2.076385e+02
      vertex   -4.500000e+02 -1.072962e+01 1.991234e+02
    endloop
  endfacet
  facet normal -1.000000e+00 0.000000e+00 0.000000e+00
    outer loop
      vertex   -4.500000e+02 -1.072962e+01 1.991234e+02
      vertex   -4.500000e+02 0.000000e+00 2.076385e+02
      vertex   -4.500000e+02 -1.043496e+01 1.990445e+02
    endloop
  endfacet
  facet normal -1.000000e+00 0.000000e+00 0.000000e+00
    outer loop
      vertex   -4.500000e+02 -1.043496e+01 1.990445e+02
      vertex   -4.500000e+02 0.000000e+00 2.076385e+02
      vertex   -4.500000e+02 -1.015850e+01 1.989155e+02
    endloop
  endfacet
  facet normal -1.000000e+00 0.000000e+00 0.000000e+00
    outer loop
      vertex   -4.500000e+02 -1.015850e+01 1.989155e+02
      vertex   -4.500000e+02 0.000000e+00 2.076385e+02
      vertex   -4.500000e+02 -9.908622e+00 1.987406e+02
    endloop
  endfacet
  facet normal -1.000000e+00 0.000000e+00 0.000000e+00
    outer loop
      vertex   -4.500000e+02 -9.908622e+00 1.987406e+02
      vertex   -4.500000e+02 0.000000e+00 2.076385e+02
      vertex   -4.500000e+02 -9.692922e+00 1.985249e+02
    endloop
  endfacet
  facet normal -1.000000e+00 0.000000e+00 0.000000e+00
    outer loop
      vertex   -4.500000e+02 -9.692922e+00 1.985249e+02
      vertex   -4.500000e+02 0.000000e+00 2.076385e+02
      vertex   -4.500000e+02 -9.517956e+00 1.982750e+02
    endloop
  endfacet
  facet normal -1.000000e+00 0.000000e+00 0.000000e+00
    outer loop
      vertex   -4.500000e+02 -9.517956e+00 1.982750e+02
      vertex   -4.500000e+02 0.000000e+00 2.076385e+02
      vertex   -4.500000e+02 -9.389038e+00 1.979985e+02
    endloop
  endfacet
  facet normal -1.000000e+00 0.000000e+00 0.000000e+00
    outer loop
      vertex   -4.500000e+02 -9.389038e+00 1.979985e+02
      vertex   -4.500000e+02 0.000000e+00 2.076385e+02
      vertex   -4.500000e+02 -9.310086e+00 1.977039e+02
    endloop
  endfacet
  facet normal -1.000000e+00 0.000000e+00 0.000000e+00
    outer loop
      vertex   -4.500000e+02 -9.310086e+00 1.977039e+02
      vertex   -4.500000e+02 0.000000e+00 2.076385e+02
      vertex   -4.500000e+02 -9.283500e+00 1.974000e+02
    endloop
  endfacet
  facet normal -1.000000e+00 0.000000e+00 0.000000e+00
    outer loop
      vertex   -4.500000e+02 -9.283500e+00 1.974000e+02
      vertex   -4.500000e+02 0.000000e+00 2.076385e+02
      vertex   -4.500000e+02 0.000000e+00 1.871615e+02
    endloop
  endfacet
  facet normal -1.000000e+00 0.000000e+00 -0.000000e+00
    outer loop
      vertex   -4.500000e+02 -9.283500e+00 1.974000e+02
      vertex   -4.500000e+02 0.000000e+00 1.871615e+02
      vertex   -4.500000e+02 -9.310086e+00 1.970961e+02
    endloop
  endfacet
  facet normal -1.000000e+00 0.000000e+00 -0.000000e+00
    outer loop
      vertex   -4.500000e+02 -9.310086e+00 1.970961e+02
      vertex   -4.500000e+02 0.000000e+00 1.871615e+02
      vertex   -4.500000e+02 -9.389038e+00 1.968015e+02
    endloop
  endfacet
  facet normal -1.000000e+00 0.000000e+00 -0.000000e+00
    outer loop
      vertex   -4.500000e+02 -9.389038e+00 1.968015e+02
      vertex   -4.500000e+02 0.000000e+00 1.871615e+02
      vertex   -4.500000e+02 -9.517956e+00 1.965250e+02
    endloop
  endfacet
  facet normal -1.000000e+00 0.000000e+00 -0.000000e+00
    outer loop
      vertex   -4.500000e+02 -9.517956e+00 1.965250e+02
      vertex   -4.500000e+02 0.000000e+00 1.871615e+02
      vertex   -4.500000e+02 -9.692922e+00 1.962751e+02
    endloop
  endfacet
  facet normal -1.000000e+00 0.000000e+00 -0.000000e+00
    outer loop
      vertex   -4.500000e+02 -9.692922e+00 1.962751e+02
      vertex   -4.500000e+02 0.000000e+00 1.871615e+02
      vertex   -4.500000e+02 -9.908622e+00 1.960594e+02
    endloop
  endfacet
  facet normal -1.000000e+00 0.000000e+00 -0.000000e+00
    outer loop
      vertex   -4.500000e+02 -9.908622e+00 1.960594e+02
      vertex   -4.500000e+02 0.000000e+00 1.871615e+02
      vertex   -4.500000e+02 -1.015850e+01 1.958845e+02
    endloop
  endfacet
  facet normal -1.000000e+00 0.000000e+00 -0.000000e+00
    outer loop
      vertex   -4.500000e+02 -1.015850e+01 1.958845e+02
      vertex   -4.500000e+02 0.000000e+00 1.871615e+02
      vertex   -4.500000e+02 -1.043496e+01 1.957555e+02
    endloop
  endfacet
  facet normal -1.000000e+00 0.000000e+00 -0.000000e+00
    outer loop
      vertex   -4.500000e+02 -1.043496e+01 1.957555e+02
      vertex   -4.500000e+02 0.000000e+00 1.871615e+02
      vertex   -4.500000e+02 -1.072962e+01 1.956766e+02
    endloop
  endfacet
  facet normal -1.000000e+00 0.000000e+00 0.000000e+00
    outer loop
      vertex   -4.500000e+02 0.000000e+00 3.443990e+02
      vertex   -4.500000e+02 1.000000e+01 3.443990e+02
      vertex   -4.500000e+02 0.000000e+00 3.340385e+02
    endloop
  endfacet
  facet normal -1.000000e+00 0.000000e+00 0.000000e+00
    outer loop
      vertex   -4.500000e+02 0.000000e+00 3.340385e+02
      vertex   -4.500000e+02 1.000000e+01 3.443990e+02
      vertex   -4.500000e+02 0.000000e+00 3.131615e+02
    endloop
  endfacet
  facet normal -1.000000e+00 0.000000e+00 0.000000e+00
    outer loop
      vertex   -4.500000e+02 0.000000e+00 3.131615e+02
      vertex   -4.500000e+02 1.000000e+01 3.443990e+02
      vertex   -4.500000e+02 0.000000e+00 2.076385e+02
    endloop
  endfacet
  facet normal -1.000000e+00 0.000000e+00 0.000000e+00
    outer loop
      vertex   -4.500000e+02 0.000000e+00 2.076385e+02
      vertex   -4.500000e+02 1.000000e+01 3.443990e+02
      vertex   -4.500000e+02 1.000000e+01 1.764010e+02
    endloop
  endfacet
  facet normal -1.000000e+00 0.000000e+00 0.000000e+00
    outer loop
      vertex   -4.500000e+02 0.000000e+00 2.076385e+02
      vertex   -4.500000e+02 1.000000e+01 1.764010e+02
      vertex   -4.500000e+02 0.000000e+00 1.871615e+02
    endloop
  endfacet
  facet normal -1.000000e+00 0.000000e+00 0.000000e+00
    outer loop
      vertex   -4.500000e+02 0.000000e+00 1.871615e+02
      vertex   -4.500000e+02 1.000000e+01 1.764010e+02
      vertex   -4.500000e+02 0.000000e+00 1.764010e+02
    endloop
  endfacet
  facet normal 0.000000e+00 0.000000e+00 1.000000e+00
    outer loop
      vertex   -4.000000e+02 0.000000e+00 2.076385e+02
      vertex   -4.500000e+02 0.000000e+00 2.076385e+02
      vertex   -4.000000e+02 -2.206667e+01 2.076385e+02
    endloop
  endfacet
  facet normal 0.000000e+00 0.000000e+00 1.000000e+00
    outer loop
      vertex   -4.000000e+02 -2.206667e+01 2.076385e+02
      vertex   -4.500000e+02 0.000000e+00 2.076385e+02
      vertex   -4.500000e+02 -2.206667e+01 2.076385e+02
    endloop
  endfacet
  facet normal 0.000000e+00 0.000000e+00 1.000000e+00
    outer loop
      vertex   -4.000000e+02 0.000000e+00 3.340385e+02
      vertex   -4.500000e+02 0.000000e+00 3.340385e+02
      vertex   -4.000000e+02 -2.206667e+01 3.340385e+02
    endloop
  endfacet
  facet normal 0.000000e+00 0.000000e+00 1.000000e+00
    outer loop
      vertex   -4.000000e+02 -2.206667e+01 3.340385e+02
      vertex   -4.500000e+02 0.000000e+00 3.340385e+02
      vertex   -4.500000e+02 -2.206667e+01 3.340385e+02
    endloop
  endfacet
  facet normal 0.000000e+00 0.000000e+00 1.000000e+00
    outer loop
      vertex   -4.000000e+02 1.000000e+01 3.443990e+02
      vertex   -4.500000e+02 1.000000e+01 3.443990e+02
      vertex   -4.000000e+02 0.000000e+00 3.443990e+02
    endloop
  endfacet
  facet normal 0.000000e+00 0.000000e+00 1.000000e+00
    outer loop
      vertex   -4.000000e+02 0.000000e+00 3.443990e+02
      vertex   -4.500000e+02 1.000000e+01 3.443990e+02
      vertex   -4.500000e+02 0.000000e+00 3.443990e+02
    endloop
  endfacet
  facet normal 0.000000e+00 -1.000000e+00 0.000000e+00
    outer loop
      vertex   -4.500000e+02 0.000000e+00 3.340385e+02
      vertex   -4.000000e+02 0.000000e+00 3.340385e+02
      vertex   -4.500000e+02 0.000000e+00 3.443990e+02
    endloop
  endfacet
  facet normal 0.000000e+00 -1.000000e+00 0.000000e+00
    outer loop
      vertex   -4.500000e+02 0.000000e+00 3.443990e+02
      vertex   -4.000000e+02 0.000000e+00 3.340385e+02
      vertex   -4.000000e+02 0.000000e+00 3.443990e+02
    endloop
  endfacet
  facet normal -0.000000e+00 -1.000000e+00 -0.000000e+00
    outer loop
      vertex   -4.000000e+02 0.000000e+00 3.131615e+02
      vertex   -4.500000e+02 0.000000e+00 3.131615e+02
      vertex   -4.000000e+02 0.000000e+00 2.076385e+02
    endloop
  endfacet
  facet normal 0.000000e+00 -1.000000e+00 0.000000e+00
    outer loop
      vertex   -4.000000e+02 0.000000e+00 2.076385e+02
      vertex   -4.500000e+02 0.000000e+00 3.131615e+02
      vertex   -4.500000e+02 0.000000e+00 2.076385e+02
    endloop
  endfacet
  facet normal -0.000000e+00 -1.000000e+00 -0.000000e+00
    outer loop
      vertex   -4.000000e+02 0.000000e+00 1.871615e+02
      vertex   -4.500000e+02 0.000000e+00 1.871615e+02
      vertex   -4.000000e+02 0.000000e+00 1.764010e+02
    endloop
  endfacet
  facet normal 0.000000e+00 -1.000000e+00 0.000000e+00
    outer loop
      vertex   -4.000000e+02 0.000000e+00 1.764010e+02
      vertex   -4.500000e+02 0.000000e+00 1.871615e+02
      vertex   -4.500000e+02 0.000000e+00 1.764010e+02
    endloop
  endfacet
  facet normal -1.000000e+00 -0.000000e+00 -0.000000e+00
    outer loop
      vertex   -4.062000e+02 1.000000e+01 2.582000e+02
      vertex   -4.062000e+02 1.000000e+01 2.206005e+02
      vertex   -4.062000e+02 7.000000e+00 2.582000e+02
    endloop
  endfacet
  facet normal -1.000000e+00 0.000000e+00 0.000000e+00
    outer loop
      vertex   -4.062000e+02 7.000000e+00 2.582000e+02
      vertex   -4.062000e+02 1.000000e+01 2.206005e+02
      vertex   -4.062000e+02 7.000000e+00 2.206005e+02
    endloop
  endfacet
  facet normal 0.000000e+00 0.000000e+00 1.000000e+00
    outer loop
      vertex   -4.062000e+02 1.000000e+01 2.206005e+02
      vertex   -4.438161e+02 1.000000e+01 2.206005e+02
      vertex   -4.062000e+02 7.000000e+00 2.206005e+02
    endloop
  endfacet
  facet normal 0.000000e+00 0.000000e+00 1.000000e+00
    outer loop
      vertex   -4.062000e+02 7.000000e+00 2.206005e+02
      vertex   -4.438161e+02 1.000000e+01 2.206005e+02
      vertex   -4.438161e+02 7.000000e+00 2.206005e+02
    endloop
  endfacet
  facet normal 1.000000e+00 0.000000e+00 -0.000000e+00
    outer loop
      vertex   -4.438161e+02 1.000000e+01 2.206005e+02
      vertex   -4.438161e+02 1.000000e+01 2.582000e+02
      vertex   -4.438161e+02 7.000000e+00 2.206005e+02
    endloop
  endfacet
  facet normal 1.000000e+00 0.000000e+00 0.000000e+00
    outer loop
      vertex   -4.438161e+02 7.000000e+00 2.206005e+02
      vertex   -4.438161e+02 1.000000e+01 2.582000e+02
      vertex   -4.438161e+02 7.000000e+00 2.582000e+02
    endloop
  endfacet
  facet normal 0.000000e+00 0.000000e+00 -1.000000e+00
    outer loop
      vertex   -4.438161e+02 1.000000e+01 2.582000e+02
      vertex   -4.062000e+02 1.000000e+01 2.582000e+02
      vertex   -4.438161e+02 7.000000e+00 2.582000e+02
    endloop
  endfacet
  facet normal 0.000000e+00 0.000000e+00 -1.000000e+00
    outer loop
      vertex   -4.438161e+02 7.000000e+00 2.582000e+02
      vertex   -4.062000e+02 1.000000e+01 2.582000e+02
      vertex   -4.062000e+02 7.000000e+00 2.582000e+02
    endloop
  endfacet
  facet normal 0.000000e+00 1.000000e+00 0.000000e+00
    outer loop
      vertex   -4.062000e+02 7.000000e+00 2.582000e+02
      vertex   -4.062000e+02 7.000000e+00 2.206005e+02
      vertex   -4.438161e+02 7.000000e+00 2.582000e+02
    endloop
  endfacet
  facet normal 0.000000e+00 1.000000e+00 0.000000e+00
    outer loop
      vertex   -4.438161e+02 7.000000e+00 2.582000e+02
      vertex   -4.062000e+02 7.000000e+00 2.206005e+02
      vertex   -4.438161e+02 7.000000e+00 2.206005e+02
    endloop
  endfacet
  facet normal -1.000000e+00 -0.000000e+00 -0.000000e+00
    outer loop
      vertex   -4.062000e+02 1.000000e+01 3.002000e+02
      vertex   -4.062000e+02 1.000000e+01 2.626005e+02
      vertex   -4.062000e+02 7.000000e+00 3.002000e+02
    endloop
  endfacet
  facet normal -1.000000e+00 0.000000e+00 0.000000e+00
    outer loop
      vertex   -4.062000e+02 7.000000e+00 3.002000e+02
      vertex   -4.062000e+02 1.000000e+01 2.626005e+02
      vertex   -4.062000e+02 7.000000e+00 2.626005e+02
    endloop
  endfacet
  facet normal 0.000000e+00 0.000000e+00 1.000000e+00
    outer loop
      vertex   -4.062000e+02 1.000000e+01 2.626005e+02
      vertex   -4.438161e+02 1.000000e+01 2.626005e+02
      vertex   -4.062000e+02 7.000000e+00 2.626005e+02
    endloop
  endfacet
  facet normal 0.000000e+00 0.000000e+00 1.000000e+00
    outer loop
      vertex   -4.062000e+02 7.000000e+00 2.626005e+02
      vertex   -4.438161e+02 1.000000e+01 2.626005e+02
      vertex   -4.438161e+02 7.000000e+00 2.626005e+02
    endloop
  endfacet
  facet normal 1.000000e+00 0.000000e+00 -0.000000e+00
    outer loop
      vertex   -4.438161e+02 1.000000e+01 2.626005e+02
      vertex   -4.438161e+02 1.000000e+01 3.002000e+02
      vertex   -4.438161e+02 7.000000e+00 2.626005e+02
    endloop
  endfacet
  facet normal 1.000000e+00 0.000000e+00 0.000000e+00
    outer loop
      vertex   -4.438161e+02 7.000000e+00 2.626005e+02
      vertex   -4.438161e+02 1.000000e+01 3.002000e+02
      vertex   -4.438161e+02 7.000000e+00 3.002000e+02
    endloop
  endfacet
  facet normal 0.000000e+00 0.000000e+00 -1.000000e+00
    outer loop
      vertex   -4.438161e+02 1.000000e+01 3.002000e+02
      vertex   -4.062000e+02 1.000000e+01 3.002000e+02
      vertex   -4.438161e+02 7.000000e+00 3.002000e+02
    endloop
  endfacet
  facet normal 0.000000e+00 0.000000e+00 -1.000000e+00
    outer loop
      vertex   -4.438161e+02 7.000000e+00 3.002000e+02
      vertex   -4.062000e+02 1.000000e+01 3.002000e+02
      vertex   -4.062000e+02 7.000000e+00 3.002000e+02
    endloop
  endfacet
  facet normal 0.000000e+00 1.000000e+00 0.000000e+00
    outer loop
      vertex   -4.062000e+02 7.000000e+00 3.002000e+02
      vertex   -4.062000e+02 7.000000e+00 2.626005e+02
      vertex   -4.438161e+02 7.000000e+00 3.002000e+02
    endloop
  endfacet
  facet normal 0.000000e+00 1.000000e+00 0.000000e+00
    outer loop
      vertex   -4.438161e+02 7.000000e+00 3.002000e+02
      vertex   -4.062000e+02 7.000000e+00 2.626005e+02
      vertex   -4.438161e+02 7.000000e+00 2.626005e+02
    endloop
  endfacet
  facet normal -1.000000e+00 -0.000000e+00 -0.000000e+00
    outer loop
      vertex   -4.062000e+02 1.000000e+01 2.162000e+02
      vertex   -4.062000e+02 1.000000e+01 1.786005e+02
      vertex   -4.062000e+02 7.000000e+00 2.162000e+02
    endloop
  endfacet
  facet normal -1.000000e+00 0.000000e+00 0.000000e+00
    outer loop
      vertex   -4.062000e+02 7.000000e+00 2.162000e+02
      vertex   -4.062000e+02 1.000000e+01 1.786005e+02
      vertex   -4.062000e+02 7.000000e+00 1.786005e+02
    endloop
  endfacet
  facet normal 0.000000e+00 0.000000e+00 1.000000e+00
    outer loop
      vertex   -4.062000e+02 1.000000e+01 1.786005e+02
      vertex   -4.438161e+02 1.000000e+01 1.786005e+02
      vertex   -4.062000e+02 7.000000e+00 1.786005e+02
    endloop
  endfacet
  facet normal 0.000000e+00 0.000000e+00 1.000000e+00
    outer loop
      vertex   -4.062000e+02 7.000000e+00 1.786005e+02
      vertex   -4.438161e+02 1.000000e+01 1.786005e+02
      vertex   -4.438161e+02 7.000000e+00 1.786005e+02
    endloop
  endfacet
  facet normal 1.000000e+00 0.000000e+00 -0.000000e+00
    outer loop
      vertex   -4.438161e+02 1.000000e+01 1.786005e+02
      vertex   -4.438161e+02 1.000000e+01 2.162000e+02
      vertex   -4.438161e+02 7.000000e+00 1.786005e+02
    endloop
  endfacet
  facet normal 1.000000e+00 0.000000e+00 0.000000e+00
    outer loop
      vertex   -4.438161e+02 7.000000e+00 1.786005e+02
      vertex   -4.438161e+02 1.000000e+01 2.162000e+02
      vertex   -4.438161e+02 7.000000e+00 2.162000e+02
    endloop
  endfacet
  facet normal 0.000000e+00 0.000000e+00 -1.000000e+00
    outer loop
      vertex   -4.438161e+02 1.000000e+01 2.162000e+02
      vertex   -4.062000e+02 1.000000e+01 2.162000e+02
      vertex   -4.438161e+02 7.000000e+00 2.162000e+02
    endloop
  endfacet
  facet normal 0.000000e+00 0.000000e+00 -1.000000e+00
    outer loop
      vertex   -4.438161e+02 7.000000e+00 2.162000e+02
      vertex   -4.062000e+02 1.000000e+01 2.162000e+02
      vertex   -4.062000e+02 7.000000e+00 2.162000e+02
    endloop
  endfacet
  facet normal 0.000000e+00 1.000000e+00 0.000000e+00
    outer loop
      vertex   -4.062000e+02 7.000000e+00 2.162000e+02
      vertex   -4.062000e+02 7.000000e+00 1.786005e+02
      vertex   -4.438161e+02 7.000000e+00 2.162000e+02
    endloop
  endfacet
  facet normal 0.000000e+00 1.000000e+00 0.000000e+00
    outer loop
      vertex   -4.438161e+02 7.000000e+00 2.162000e+02
      vertex   -4.062000e+02 7.000000e+00 1.786005e+02
      vertex   -4.438161e+02 7.000000e+00 1.786005e+02
    endloop
  endfacet
  facet normal 9.999991e-01 0.000000e+00 -1.349008e-03
    outer loop
      vertex   -4.064018e+02 1.000000e+01 3.419995e+02
      vertex   -4.064015e+02 1.000000e+01 3.422000e+02
      vertex   -4.064018e+02 7.000000e+00 3.419995e+02
    endloop
  endfacet
  facet normal 9.999991e-01 0.000000e+00 -1.349008e-03
    outer loop
      vertex   -4.064018e+02 7.000000e+00 3.419995e+02
      vertex   -4.064015e+02 1.000000e+01 3.422000e+02
      vertex   -4.064015e+02 7.000000e+00 3.422000e+02
    endloop
  endfacet
  facet normal 0.000000e+00 0.000000e+00 -1.000000e+00
    outer loop
      vertex   -4.064015e+02 1.000000e+01 3.422000e+02
      vertex   -4.062000e+02 1.000000e+01 3.422000e+02
      vertex   -4.064015e+02 7.000000e+00 3.422000e+02
    endloop
  endfacet
  facet normal 0.000000e+00 0.000000e+00 -1.000000e+00
    outer loop
      vertex   -4.064015e+02 7.000000e+00 3.422000e+02
      vertex   -4.062000e+02 1.000000e+01 3.422000e+02
      vertex   -4.062000e+02 7.000000e+00 3.422000e+02
    endloop
  endfacet
  facet normal -1.000000e+00 -0.000000e+00 -0.000000e+00
    outer loop
      vertex   -4.062000e+02 1.000000e+01 3.422000e+02
      vertex   -4.062000e+02 1.000000e+01 3.046005e+02
      vertex   -4.062000e+02 7.000000e+00 3.422000e+02
    endloop
  endfacet
  facet normal -1.000000e+00 0.000000e+00 0.000000e+00
    outer loop
      vertex   -4.062000e+02 7.000000e+00 3.422000e+02
      vertex   -4.062000e+02 1.000000e+01 3.046005e+02
      vertex   -4.062000e+02 7.000000e+00 3.046005e+02
    endloop
  endfacet
  facet normal 0.000000e+00 0.000000e+00 1.000000e+00
    outer loop
      vertex   -4.062000e+02 1.000000e+01 3.046005e+02
      vertex   -4.438161e+02 1.000000e+01 3.046005e+02
      vertex   -4.062000e+02 7.000000e+00 3.046005e+02
    endloop
  endfacet
  facet normal 0.000000e+00 0.000000e+00 1.000000e+00
    outer loop
      vertex   -4.062000e+02 7.000000e+00 3.046005e+02
      vertex   -4.438161e+02 1.000000e+01 3.046005e+02
      vertex   -4.438161e+02 7.000000e+00 3.046005e+02
    endloop
  endfacet
  facet normal 1.000000e+00 0.000000e+00 -0.000000e+00
    outer loop
      vertex   -4.438161e+02 1.000000e+01 3.046005e+02
      vertex   -4.438161e+02 1.000000e+01 3.422000e+02
      vertex   -4.438161e+02 7.000000e+00 3.046005e+02
    endloop
  endfacet
  facet normal 1.000000e+00 0.000000e+00 0.000000e+00
    outer loop
      vertex   -4.438161e+02 7.000000e+00 3.046005e+02
      vertex   -4.438161e+02 1.000000e+01 3.422000e+02
      vertex   -4.438161e+02 7.000000e+00 3.422000e+02
    endloop
  endfacet
  facet normal 0.000000e+00 0.000000e+00 -1.000000e+00
    outer loop
      vertex   -4.438161e+02 1.000000e+01 3.422000e+02
      vertex   -4.064018e+02 1.000000e+01 3.422000e+02
      vertex   -4.438161e+02 7.000000e+00 3.422000e+02
    endloop
  endfacet
  facet normal 0.000000e+00 0.000000e+00 -1.000000e+00
    outer loop
      vertex   -4.438161e+02 7.000000e+00 3.422000e+02
      vertex   -4.064018e+02 1.000000e+01 3.422000e+02
      vertex   -4.064018e+02 7.000000e+00 3.422000e+02
    endloop
  endfacet
  facet normal -1.000000e+00 -0.000000e+00 -0.000000e+00
    outer loop
      vertex   -4.064018e+02 1.000000e+01 3.422000e+02
      vertex   -4.064018e+02 1.000000e+01 3.419995e+02
      vertex   -4.064018e+02 7.000000e+00 3.422000e+02
    endloop
  endfacet
  facet normal -1.000000e+00 0.000000e+00 0.000000e+00
    outer loop
      vertex   -4.064018e+02 7.000000e+00 3.422000e+02
      vertex   -4.064018e+02 1.000000e+01 3.419995e+02
      vertex   -4.064018e+02 7.000000e+00 3.419995e+02
    endloop
  endfacet
  facet normal 0.000000e+00 1.000000e+00 0.000000e+00
    outer loop
      vertex   -4.064018e+02 7.000000e+00 3.422000e+02
      vertex   -4.064018e+02 7.000000e+00 3.419995e+02
      vertex   -4.438161e+02 7.000000e+00 3.422000e+02
    endloop
  endfacet
  facet normal 0.000000e+00 1.000000e+00 0.000000e+00
    outer loop
      vertex   -4.438161e+02 7.000000e+00 3.422000e+02
      vertex   -4.064018e+02 7.000000e+00 3.419995e+02
      vertex   -4.438161e+02 7.000000e+00 3.046005e+02
    endloop
  endfacet
  facet normal 0.000000e+00 1.000000e+00 0.000000e+00
    outer loop
      vertex   -4.438161e+02 7.000000e+00 3.046005e+02
      vertex   -4.064018e+02 7.000000e+00 3.419995e+02
      vertex   -4.062000e+02 7.000000e+00 3.046005e+02
    endloop
  endfacet
  facet normal 0.000000e+00 1.000000e+00 -0.000000e+00
    outer loop
      vertex   -4.062000e+02 7.000000e+00 3.046005e+02
      vertex   -4.064018e+02 7.000000e+00 3.419995e+02
      vertex   -4.062000e+02 7.000000e+00 3.422000e+02
    endloop
  endfacet
  facet normal 0.000000e+00 1.000000e+00 0.000000e+00
    outer loop
      vertex   -4.062000e+02 7.000000e+00 3.422000e+02
      vertex   -4.064018e+02 7.000000e+00 3.419995e+02
      vertex   -4.064015e+02 7.000000e+00 3.422000e+02
    endloop
  endfacet
  facet normal 0.000000e+00 0.000000e+00 -1.000000e+00
    outer loop
      vertex   -4.500000e+02 1.000000e+01 1.764010e+02
      vertex   -4.000000e+02 1.000000e+01 1.764010e+02
      vertex   -4.500000e+02 0.000000e+00 1.764010e+02
    endloop
  endfacet
  facet normal 0.000000e+00 0.000000e+00 -1.000000e+00
    outer loop
      vertex   -4.500000e+02 0.000000e+00 1.764010e+02
      vertex   -4.000000e+02 1.000000e+01 1.764010e+02
      vertex   -4.000000e+02 0.000000e+00 1.764010e+02
    endloop
  endfacet
  facet normal 0.000000e+00 1.000000e+00 -0.000000e+00
    outer loop
      vertex   -4.000000e+02 1.000000e+01 1.764010e+02
      vertex   -4.062000e+02 1.000000e+01 2.582000e+02
      vertex   -4.000000e+02 1.000000e+01 3.443990e+02
    endloop
  endfacet
  facet normal 0.000000e+00 1.000000e+00 0.000000e+00
    outer loop
      vertex   -4.000000e+02 1.000000e+01 3.443990e+02
      vertex   -4.062000e+02 1.000000e+01 2.582000e+02
      vertex   -4.062000e+02 1.000000e+01 2.626005e+02
    endloop
  endfacet
  facet normal 0.000000e+00 1.000000e+00 0.000000e+00
    outer loop
      vertex   -4.000000e+02 1.000000e+01 3.443990e+02
      vertex   -4.062000e+02 1.000000e+01 2.626005e+02
      vertex   -4.062000e+02 1.000000e+01 3.002000e+02
    endloop
  endfacet
  facet normal 0.000000e+00 1.000000e+00 0.000000e+00
    outer loop
      vertex   -4.500000e+02 1.000000e+01 1.764010e+02
      vertex   -4.062000e+02 1.000000e+01 1.786005e+02
      vertex   -4.000000e+02 1.000000e+01 1.764010e+02
    endloop
  endfacet
  facet normal 0.000000e+00 1.000000e+00 0.000000e+00
    outer loop
      vertex   -4.000000e+02 1.000000e+01 1.764010e+02
      vertex   -4.062000e+02 1.000000e+01 1.786005e+02
      vertex   -4.062000e+02 1.000000e+01 2.162000e+02
    endloop
  endfacet
  facet normal 0.000000e+00 1.000000e+00 0.000000e+00
    outer loop
      vertex   -4.000000e+02 1.000000e+01 1.764010e+02
      vertex   -4.062000e+02 1.000000e+01 2.162000e+02
      vertex   -4.062000e+02 1.000000e+01 2.206005e+02
    endloop
  endfacet
  facet normal 0.000000e+00 1.000000e+00 0.000000e+00
    outer loop
      vertex   -4.062000e+02 1.000000e+01 2.206005e+02
      vertex   -4.062000e+02 1.000000e+01 2.162000e+02
      vertex   -4.438161e+02 1.000000e+01 2.206005e+02
    endloop
  endfacet
  facet normal 0.000000e+00 1.000000e+00 0.000000e+00
    outer loop
      vertex   -4.438161e+02 1.000000e+01 2.206005e+02
      vertex   -4.062000e+02 1.000000e+01 2.162000e+02
      vertex   -4.438161e+02 1.000000e+01 2.162000e+02
    endloop
  endfacet
  facet normal 0.000000e+00 1.000000e+00 0.000000e+00
    outer loop
      vertex   -4.438161e+02 1.000000e+01 2.206005e+02
      vertex   -4.438161e+02 1.000000e+01 2.162000e+02
      vertex   -4.500000e+02 1.000000e+01 1.764010e+02
    endloop
  endfacet
  facet normal 0.000000e+00 1.000000e+00 0.000000e+00
    outer loop
      vertex   -4.500000e+02 1.000000e+01 1.764010e+02
      vertex   -4.438161e+02 1.000000e+01 2.162000e+02
      vertex   -4.438161e+02 1.000000e+01 1.786005e+02
    endloop
  endfacet
  facet normal 0.000000e+00 1.000000e+00 0.000000e+00
    outer loop
      vertex   -4.500000e+02 1.000000e+01 1.764010e+02
      vertex   -4.438161e+02 1.000000e+01 1.786005e+02
      vertex   -4.062000e+02 1.000000e+01 1.786005e+02
    endloop
  endfacet
  facet normal 0.000000e+00 1.000000e+00 -0.000000e+00
    outer loop
      vertex   -4.438161e+02 1.000000e+01 2.206005e+02
      vertex   -4.500000e+02 1.000000e+01 1.764010e+02
      vertex   -4.438161e+02 1.000000e+01 2.582000e+02
    endloop
  endfacet
  facet normal 0.000000e+00 1.000000e+00 0.000000e+00
    outer loop
      vertex   -4.438161e+02 1.000000e+01 2.582000e+02
      vertex   -4.500000e+02 1.000000e+01 1.764010e+02
      vertex   -4.500000e+02 1.000000e+01 3.443990e+02
    endloop
  endfacet
  facet normal 0.000000e+00 1.000000e+00 -0.000000e+00
    outer loop
      vertex   -4.438161e+02 1.000000e+01 2.582000e+02
      vertex   -4.500000e+02 1.000000e+01 3.443990e+02
      vertex   -4.438161e+02 1.000000e+01 2.626005e+02
    endloop
  endfacet
  facet normal 0.000000e+00 1.000000e+00 -0.000000e+00
    outer loop
      vertex   -4.438161e+02 1.000000e+01 2.626005e+02
      vertex   -4.500000e+02 1.000000e+01 3.443990e+02
      vertex   -4.438161e+02 1.000000e+01 3.002000e+02
    endloop
  endfacet
  facet normal 0.000000e+00 1.000000e+00 -0.000000e+00
    outer loop
      vertex   -4.438161e+02 1.000000e+01 3.002000e+02
      vertex   -4.500000e+02 1.000000e+01 3.443990e+02
      vertex   -4.438161e+02 1.000000e+01 3.046005e+02
    endloop
  endfacet
  facet normal 0.000000e+00 1.000000e+00 0.000000e+00
    outer loop
      vertex   -4.438161e+02 1.000000e+01 3.002000e+02
      vertex   -4.438161e+02 1.000000e+01 3.046005e+02
      vertex   -4.062000e+02 1.000000e+01 3.002000e+02
    endloop
  endfacet
  facet normal 0.000000e+00 1.000000e+00 -0.000000e+00
    outer loop
      vertex   -4.062000e+02 1.000000e+01 3.002000e+02
      vertex   -4.438161e+02 1.000000e+01 3.046005e+02
      vertex   -4.062000e+02 1.000000e+01 3.046005e+02
    endloop
  endfacet
  facet normal 0.000000e+00 1.000000e+00 0.000000e+00
    outer loop
      vertex   -4.062000e+02 1.000000e+01 3.002000e+02
      vertex   -4.062000e+02 1.000000e+01 3.046005e+02
      vertex   -4.000000e+02 1.000000e+01 3.443990e+02
    endloop
  endfacet
  facet normal 0.000000e+00 1.000000e+00 0.000000e+00
    outer loop
      vertex   -4.000000e+02 1.000000e+01 3.443990e+02
      vertex   -4.062000e+02 1.000000e+01 3.046005e+02
      vertex   -4.062000e+02 1.000000e+01 3.422000e+02
    endloop
  endfacet
  facet normal 0.000000e+00 1.000000e+00 0.000000e+00
    outer loop
      vertex   -4.000000e+02 1.000000e+01 3.443990e+02
      vertex   -4.062000e+02 1.000000e+01 3.422000e+02
      vertex   -4.064015e+02 1.000000e+01 3.422000e+02
    endloop
  endfacet
  facet normal 0.000000e+00 1.000000e+00 0.000000e+00
    outer loop
      vertex   -4.000000e+02 1.000000e+01 3.443990e+02
      vertex   -4.064018e+02 1.000000e+01 3.422000e+02
      vertex   -4.500000e+02 1.000000e+01 3.443990e+02
    endloop
  endfacet
  facet normal 0.000000e+00 1.000000e+00 0.000000e+00
    outer loop
      vertex   -4.500000e+02 1.000000e+01 3.443990e+02
      vertex   -4.064018e+02 1.000000e+01 3.422000e+02
      vertex   -4.438161e+02 1.000000e+01 3.422000e+02
    endloop
  endfacet
  facet normal 0.000000e+00 1.000000e+00 0.000000e+00
    outer loop
      vertex   -4.500000e+02 1.000000e+01 3.443990e+02
      vertex   -4.438161e+02 1.000000e+01 3.422000e+02
      vertex   -4.438161e+02 1.000000e+01 3.046005e+02
    endloop
  endfacet
  facet normal -0.000000e+00 1.000000e+00 0.000000e+00
    outer loop
      vertex   -4.062000e+02 1.000000e+01 2.206005e+02
      vertex   -4.062000e+02 1.000000e+01 2.582000e+02
      vertex   -4.000000e+02 1.000000e+01 1.764010e+02
    endloop
  endfacet
  facet normal 0.000000e+00 1.000000e+00 0.000000e+00
    outer loop
      vertex   -4.062000e+02 1.000000e+01 2.626005e+02
      vertex   -4.062000e+02 1.000000e+01 2.582000e+02
      vertex   -4.438161e+02 1.000000e+01 2.626005e+02
    endloop
  endfacet
  facet normal 0.000000e+00 1.000000e+00 0.000000e+00
    outer loop
      vertex   -4.438161e+02 1.000000e+01 2.626005e+02
      vertex   -4.062000e+02 1.000000e+01 2.582000e+02
      vertex   -4.438161e+02 1.000000e+01 2.582000e+02
    endloop
  endfacet
  facet normal 0.000000e+00 1.000000e+00 0.000000e+00
    outer loop
      vertex   -4.064018e+02 1.000000e+01 3.419995e+02
      vertex   -4.064018e+02 1.000000e+01 3.422000e+02
      vertex   -4.064015e+02 1.000000e+01 3.422000e+02
    endloop
  endfacet
  facet normal 0.000000e+00 1.000000e+00 -0.000000e+00
    outer loop
      vertex   -4.064015e+02 1.000000e+01 3.422000e+02
      vertex   -4.064018e+02 1.000000e+01 3.422000e+02
      vertex   -4.000000e+02 1.000000e+01 3.443990e+02
    endloop
  endfacet
  facet normal 0.000000e+00 0.000000e+00 -1.000000e+00
    outer loop
      vertex   -4.500000e+02 0.000000e+00 1.871615e+02
      vertex   -4.000000e+02 0.000000e+00 1.871615e+02
      vertex   -4.500000e+02 -2.206667e+01 1.871615e+02
    endloop
  endfacet
  facet normal 0.000000e+00 0.000000e+00 -1.000000e+00
    outer loop
      vertex   -4.500000e+02 -2.206667e+01 1.871615e+02
      vertex   -4.000000e+02 0.000000e+00 1.871615e+02
      vertex   -4.000000e+02 -2.206667e+01 1.871615e+02
    endloop
  endfacet
  facet normal 0.000000e+00 -1.000000e+00 0.000000e+00
    outer loop
      vertex   -4.500000e+02 -2.206667e+01 2.076385e+02
      vertex   -4.500000e+02 -2.206667e+01 1.871615e+02
      vertex   -4.000000e+02 -2.206667e+01 2.076385e+02
    endloop
  endfacet
  facet normal 0.000000e+00 -1.000000e+00 -0.000000e+00
    outer loop
      vertex   -4.000000e+02 -2.206667e+01 2.076385e+02
      vertex   -4.500000e+02 -2.206667e+01 1.871615e+02
      vertex   -4.000000e+02 -2.206667e+01 1.871615e+02
    endloop
  endfacet
  facet normal 0.000000e+00 0.000000e+00 -1.000000e+00
    outer loop
      vertex   -4.500000e+02 0.000000e+00 3.131615e+02
      vertex   -4.000000e+02 0.000000e+00 3.131615e+02
      vertex   -4.500000e+02 -2.206667e+01 3.131615e+02
    endloop
  endfacet
  facet normal 0.000000e+00 0.000000e+00 -1.000000e+00
    outer loop
      vertex   -4.500000e+02 -2.206667e+01 3.131615e+02
      vertex   -4.000000e+02 0.000000e+00 3.131615e+02
      vertex   -4.000000e+02 -2.206667e+01 3.131615e+02
    endloop
  endfacet
  facet normal 0.000000e+00 -1.000000e+00 0.000000e+00
    outer loop
      vertex   -4.000000e+02 -2.206667e+01 3.131615e+02
      vertex   -4.000000e+02 -2.206667e+01 3.340385e+02
      vertex   -4.500000e+02 -2.206667e+01 3.131615e+02
    endloop
  endfacet
  facet normal 0.000000e+00 -1.000000e+00 0.000000e+00
    outer loop
      vertex   -4.500000e+02 -2.206667e+01 3.131615e+02
      vertex   -4.000000e+02 -2.206667e+01 3.340385e+02
      vertex   -4.500000e+02 -2.206667e+01 3.340385e+02
    endloop
  endfacet
endsolid
