solid ASCII
  facet normal 0.000000e+00 -7.071068e-01 -7.071068e-01
    outer loop
      vertex   -1.667600e+02 9.376365e+01 1.972358e+02
      vertex   -1.667600e+02 9.384850e+01 1.971510e+02
      vertex   -1.667500e+02 9.376365e+01 1.972358e+02
    endloop
  endfacet
  facet normal -2.660530e-05 -7.071083e-01 -7.071052e-01
    outer loop
      vertex   -1.667500e+02 9.376365e+01 1.972358e+02
      vertex   -1.667600e+02 9.384850e+01 1.971510e+02
      vertex   -1.667500e+02 9.384850e+01 1.971510e+02
    endloop
  endfacet
  facet normal 0.000000e+00 -7.071068e-01 7.071068e-01
    outer loop
      vertex   -1.667600e+02 9.376365e+01 2.385642e+02
      vertex   -1.667500e+02 9.376365e+01 2.385642e+02
      vertex   -1.667600e+02 9.384850e+01 2.386490e+02
    endloop
  endfacet
  facet normal -2.660530e-05 -7.071083e-01 7.071052e-01
    outer loop
      vertex   -1.667600e+02 9.384850e+01 2.386490e+02
      vertex   -1.667500e+02 9.376365e+01 2.385642e+02
      vertex   -1.667500e+02 9.384850e+01 2.386490e+02
    endloop
  endfacet
  facet normal -9.802491e-02 4.076127e-04 -9.951839e-01
    outer loop
      vertex   -1.670006e+02 9.384850e+01 1.971579e+02
      vertex   -1.670005e+02 9.384850e+01 1.971579e+02
      vertex   -1.670005e+02 9.384165e+01 1.971579e+02
    endloop
  endfacet
  facet normal -1.593155e-01 -3.967194e-04 -9.872276e-01
    outer loop
      vertex   -1.670006e+02 9.384850e+01 1.971579e+02
      vertex   -1.670005e+02 9.384165e+01 1.971579e+02
      vertex   -1.677679e+02 9.384850e+01 1.972817e+02
    endloop
  endfacet
  facet normal -1.593155e-01 -3.967194e-04 -9.872276e-01
    outer loop
      vertex   -1.677679e+02 9.384850e+01 1.972817e+02
      vertex   -1.670005e+02 9.384165e+01 1.971579e+02
      vertex   -1.677682e+02 9.379829e+01 1.972818e+02
    endloop
  endfacet
  facet normal -9.569400e-01 4.015041e-04 2.902855e-01
    outer loop
      vertex   -1.706180e+02 9.384850e+01 2.356688e+02
      vertex   -1.706183e+02 9.384850e+01 2.356679e+02
      vertex   -1.706182e+02 9.379829e+01 2.356682e+02
    endloop
  endfacet
  facet normal -9.872276e-01 -3.967194e-04 1.593155e-01
    outer loop
      vertex   -1.707421e+02 9.384850e+01 2.349006e+02
      vertex   -1.707421e+02 9.384165e+01 2.349005e+02
      vertex   -1.706183e+02 9.384850e+01 2.356679e+02
    endloop
  endfacet
  facet normal -9.872276e-01 -3.967194e-04 1.593155e-01
    outer loop
      vertex   -1.706183e+02 9.384850e+01 2.356679e+02
      vertex   -1.707421e+02 9.384165e+01 2.349005e+02
      vertex   -1.706182e+02 9.379829e+01 2.356682e+02
    endloop
  endfacet
  facet normal -8.819189e-01 3.962712e-04 4.714010e-01
    outer loop
      vertex   -1.703469e+02 9.384850e+01 2.363997e+02
      vertex   -1.703477e+02 9.384850e+01 2.363983e+02
      vertex   -1.703475e+02 9.376702e+01 2.363987e+02
    endloop
  endfacet
  facet normal -9.376738e-01 -3.931639e-04 3.475164e-01
    outer loop
      vertex   -1.706180e+02 9.384850e+01 2.356688e+02
      vertex   -1.706182e+02 9.379829e+01 2.356682e+02
      vertex   -1.703477e+02 9.384850e+01 2.363983e+02
    endloop
  endfacet
  facet normal -9.376738e-01 -3.931639e-04 3.475164e-01
    outer loop
      vertex   -1.703477e+02 9.384850e+01 2.363983e+02
      vertex   -1.706182e+02 9.379829e+01 2.356682e+02
      vertex   -1.703475e+02 9.376702e+01 2.363987e+02
    endloop
  endfacet
  facet normal -7.730244e-01 3.925921e-04 6.343762e-01
    outer loop
      vertex   -1.699387e+02 9.384850e+01 2.370648e+02
      vertex   -1.699399e+02 9.384850e+01 2.370634e+02
      vertex   -1.699396e+02 9.374941e+01 2.370638e+02
    endloop
  endfacet
  facet normal -8.524592e-01 -3.899271e-04 5.227935e-01
    outer loop
      vertex   -1.703469e+02 9.384850e+01 2.363997e+02
      vertex   -1.703475e+02 9.376702e+01 2.363987e+02
      vertex   -1.699399e+02 9.384850e+01 2.370634e+02
    endloop
  endfacet
  facet normal -8.524592e-01 -3.899271e-04 5.227935e-01
    outer loop
      vertex   -1.699399e+02 9.384850e+01 2.370634e+02
      vertex   -1.703475e+02 9.376702e+01 2.363987e+02
      vertex   -1.699396e+02 9.374941e+01 2.370638e+02
    endloop
  endfacet
  facet normal -6.343762e-01 3.889526e-04 7.730244e-01
    outer loop
      vertex   -1.694088e+02 9.384850e+01 2.376383e+02
      vertex   -1.694103e+02 9.384850e+01 2.376370e+02
      vertex   -1.694099e+02 9.374639e+01 2.376374e+02
    endloop
  endfacet
  facet normal -7.346911e-01 -3.873867e-04 6.784017e-01
    outer loop
      vertex   -1.699387e+02 9.384850e+01 2.370648e+02
      vertex   -1.699396e+02 9.374941e+01 2.370638e+02
      vertex   -1.694103e+02 9.384850e+01 2.376370e+02
    endloop
  endfacet
  facet normal -7.346911e-01 -3.873867e-04 6.784017e-01
    outer loop
      vertex   -1.694103e+02 9.384850e+01 2.376370e+02
      vertex   -1.699396e+02 9.374941e+01 2.370638e+02
      vertex   -1.694099e+02 9.374639e+01 2.376374e+02
    endloop
  endfacet
  facet normal -4.714010e-01 3.859400e-04 8.819189e-01
    outer loop
      vertex   -1.687780e+02 9.384850e+01 2.380977e+02
      vertex   -1.687795e+02 9.384850e+01 2.380969e+02
      vertex   -1.687791e+02 9.375813e+01 2.380971e+02
    endloop
  endfacet
  facet normal -5.889441e-01 -3.832495e-04 8.081737e-01
    outer loop
      vertex   -1.687795e+02 9.384850e+01 2.380969e+02
      vertex   -1.694088e+02 9.384850e+01 2.376383e+02
      vertex   -1.687791e+02 9.375813e+01 2.380971e+02
    endloop
  endfacet
  facet normal -5.889441e-01 -3.832495e-04 8.081737e-01
    outer loop
      vertex   -1.687791e+02 9.375813e+01 2.380971e+02
      vertex   -1.694088e+02 9.384850e+01 2.376383e+02
      vertex   -1.694099e+02 9.374639e+01 2.376374e+02
    endloop
  endfacet
  facet normal -2.902855e-01 3.814389e-04 9.569400e-01
    outer loop
      vertex   -1.680711e+02 9.384850e+01 2.384255e+02
      vertex   -1.680723e+02 9.384850e+01 2.384251e+02
      vertex   -1.680719e+02 9.378399e+01 2.384253e+02
    endloop
  endfacet
  facet normal -4.208720e-01 -3.783173e-04 9.071200e-01
    outer loop
      vertex   -1.680723e+02 9.384850e+01 2.384251e+02
      vertex   -1.687780e+02 9.384850e+01 2.380977e+02
      vertex   -1.680719e+02 9.378399e+01 2.384253e+02
    endloop
  endfacet
  facet normal -4.208720e-01 -3.783173e-04 9.071200e-01
    outer loop
      vertex   -1.680719e+02 9.378399e+01 2.384253e+02
      vertex   -1.687780e+02 9.384850e+01 2.380977e+02
      vertex   -1.687791e+02 9.375813e+01 2.380971e+02
    endloop
  endfacet
  facet normal -2.650314e-01 2.253847e-05 9.642398e-01
    outer loop
      vertex   -1.675433e+02 9.384850e+01 2.385706e+02
      vertex   -1.680711e+02 9.384850e+01 2.384255e+02
      vertex   -1.675433e+02 9.380997e+01 2.385706e+02
    endloop
  endfacet
  facet normal -2.650314e-01 2.253847e-05 9.642398e-01
    outer loop
      vertex   -1.675433e+02 9.380997e+01 2.385706e+02
      vertex   -1.680711e+02 9.384850e+01 2.384255e+02
      vertex   -1.680719e+02 9.378399e+01 2.384253e+02
    endloop
  endfacet
  facet normal -1.307795e-01 -2.142851e-05 9.914115e-01
    outer loop
      vertex   -1.670006e+02 9.384850e+01 2.386421e+02
      vertex   -1.675433e+02 9.384850e+01 2.385706e+02
      vertex   -1.670005e+02 9.384165e+01 2.386422e+02
    endloop
  endfacet
  facet normal -1.307795e-01 -2.142851e-05 9.914115e-01
    outer loop
      vertex   -1.670005e+02 9.384165e+01 2.386422e+02
      vertex   -1.675433e+02 9.384850e+01 2.385706e+02
      vertex   -1.675433e+02 9.380997e+01 2.385706e+02
    endloop
  endfacet
  facet normal -3.135354e-02 -2.417540e-12 9.995084e-01
    outer loop
      vertex   -1.667819e+02 9.384850e+01 2.386490e+02
      vertex   -1.670005e+02 9.384850e+01 2.386422e+02
      vertex   -1.670005e+02 9.384165e+01 2.386422e+02
    endloop
  endfacet
  facet normal -1.392886e-01 -7.002138e-01 -7.002138e-01
    outer loop
      vertex   -1.680224e+02 9.277034e+01 1.984324e+02
      vertex   -1.670005e+02 9.384165e+01 1.971579e+02
      vertex   -1.670005e+02 9.169903e+01 1.993005e+02
    endloop
  endfacet
  facet normal -6.700356e-02 -7.366817e-01 -6.729121e-01
    outer loop
      vertex   -1.680224e+02 9.277034e+01 1.984324e+02
      vertex   -1.677682e+02 9.379829e+01 1.972818e+02
      vertex   -1.670005e+02 9.384165e+01 1.971579e+02
    endloop
  endfacet
  facet normal -2.206405e-01 -7.026552e-01 -6.764565e-01
    outer loop
      vertex   -1.680224e+02 9.277034e+01 1.984324e+02
      vertex   -1.684987e+02 9.376702e+01 1.975525e+02
      vertex   -1.677682e+02 9.379829e+01 1.972818e+02
    endloop
  endfacet
  facet normal -3.553197e-01 -7.083106e-01 -6.099541e-01
    outer loop
      vertex   -1.680224e+02 9.277034e+01 1.984324e+02
      vertex   -1.691638e+02 9.374941e+01 1.979604e+02
      vertex   -1.684987e+02 9.376702e+01 1.975525e+02
    endloop
  endfacet
  facet normal -7.286427e-02 -6.689040e-01 -7.397690e-01
    outer loop
      vertex   -1.680224e+02 9.277034e+01 1.984324e+02
      vertex   -1.670005e+02 9.169903e+01 1.993005e+02
      vertex   -1.673125e+02 9.169903e+01 1.993312e+02
    endloop
  endfacet
  facet normal -2.057794e-01 -7.053986e-01 -6.782828e-01
    outer loop
      vertex   -1.680224e+02 9.277034e+01 1.984324e+02
      vertex   -1.673125e+02 9.169903e+01 1.993312e+02
      vertex   -1.676124e+02 9.169903e+01 1.994222e+02
    endloop
  endfacet
  facet normal -3.341248e-01 -7.053974e-01 -6.251201e-01
    outer loop
      vertex   -1.680224e+02 9.277034e+01 1.984324e+02
      vertex   -1.676124e+02 9.169903e+01 1.994222e+02
      vertex   -1.678889e+02 9.169903e+01 1.995700e+02
    endloop
  endfacet
  facet normal -4.822473e-01 -7.003508e-01 -5.262569e-01
    outer loop
      vertex   -1.688887e+02 9.277034e+01 1.990113e+02
      vertex   -1.697374e+02 9.374639e+01 1.984901e+02
      vertex   -1.691638e+02 9.374941e+01 1.979604e+02
    endloop
  endfacet
  facet normal -5.724990e-01 -7.135045e-01 -4.039259e-01
    outer loop
      vertex   -1.688887e+02 9.277034e+01 1.990113e+02
      vertex   -1.701971e+02 9.375813e+01 1.991209e+02
      vertex   -1.697374e+02 9.374639e+01 1.984901e+02
    endloop
  endfacet
  facet normal -4.496642e-01 -7.054035e-01 -5.479124e-01
    outer loop
      vertex   -1.688887e+02 9.277034e+01 1.990113e+02
      vertex   -1.678889e+02 9.169903e+01 1.995700e+02
      vertex   -1.681312e+02 9.169903e+01 1.997688e+02
    endloop
  endfacet
  facet normal -5.479124e-01 -7.054035e-01 -4.496642e-01
    outer loop
      vertex   -1.688887e+02 9.277034e+01 1.990113e+02
      vertex   -1.681312e+02 9.169903e+01 1.997688e+02
      vertex   -1.683300e+02 9.169903e+01 2.000111e+02
    endloop
  endfacet
  facet normal -3.834174e-01 -7.236624e-01 -5.738500e-01
    outer loop
      vertex   -1.688887e+02 9.277034e+01 1.990113e+02
      vertex   -1.691638e+02 9.374941e+01 1.979604e+02
      vertex   -1.680224e+02 9.277034e+01 1.984324e+02
    endloop
  endfacet
  facet normal -4.023519e-01 -6.895518e-01 -6.021888e-01
    outer loop
      vertex   -1.688887e+02 9.277034e+01 1.990113e+02
      vertex   -1.680224e+02 9.277034e+01 1.984324e+02
      vertex   -1.678889e+02 9.169903e+01 1.995700e+02
    endloop
  endfacet
  facet normal -6.574916e-01 -6.997140e-01 -2.794729e-01
    outer loop
      vertex   -1.694676e+02 9.277034e+01 1.998776e+02
      vertex   -1.705252e+02 9.378399e+01 1.998281e+02
      vertex   -1.701971e+02 9.375813e+01 1.991209e+02
    endloop
  endfacet
  facet normal -6.801954e-01 -7.171586e-01 -1.517159e-01
    outer loop
      vertex   -1.694676e+02 9.277034e+01 1.998776e+02
      vertex   -1.706705e+02 9.380997e+01 2.003567e+02
      vertex   -1.705252e+02 9.378399e+01 1.998281e+02
    endloop
  endfacet
  facet normal -6.631832e-01 -7.471701e-01 -4.387309e-02
    outer loop
      vertex   -1.694676e+02 9.277034e+01 1.998776e+02
      vertex   -1.707421e+02 9.384165e+01 2.008995e+02
      vertex   -1.706705e+02 9.380997e+01 2.003567e+02
    endloop
  endfacet
  facet normal -7.002138e-01 -7.002138e-01 -1.392886e-01
    outer loop
      vertex   -1.694676e+02 9.277034e+01 1.998776e+02
      vertex   -1.685995e+02 9.169903e+01 2.008995e+02
      vertex   -1.707421e+02 9.384165e+01 2.008995e+02
    endloop
  endfacet
  facet normal -6.251201e-01 -7.053974e-01 -3.341248e-01
    outer loop
      vertex   -1.694676e+02 9.277034e+01 1.998776e+02
      vertex   -1.683300e+02 9.169903e+01 2.000111e+02
      vertex   -1.684778e+02 9.169903e+01 2.002876e+02
    endloop
  endfacet
  facet normal -6.782828e-01 -7.053986e-01 -2.057794e-01
    outer loop
      vertex   -1.694676e+02 9.277034e+01 1.998776e+02
      vertex   -1.684778e+02 9.169903e+01 2.002876e+02
      vertex   -1.685688e+02 9.169903e+01 2.005875e+02
    endloop
  endfacet
  facet normal -7.397690e-01 -6.689040e-01 -7.286427e-02
    outer loop
      vertex   -1.694676e+02 9.277034e+01 1.998776e+02
      vertex   -1.685688e+02 9.169903e+01 2.005875e+02
      vertex   -1.685995e+02 9.169903e+01 2.008995e+02
    endloop
  endfacet
  facet normal -6.021888e-01 -6.895518e-01 -4.023519e-01
    outer loop
      vertex   -1.694676e+02 9.277034e+01 1.998776e+02
      vertex   -1.688887e+02 9.277034e+01 1.990113e+02
      vertex   -1.683300e+02 9.169903e+01 2.000111e+02
    endloop
  endfacet
  facet normal -5.763863e-01 -7.207410e-01 -3.851120e-01
    outer loop
      vertex   -1.694676e+02 9.277034e+01 1.998776e+02
      vertex   -1.701971e+02 9.375813e+01 1.991209e+02
      vertex   -1.688887e+02 9.277034e+01 1.990113e+02
    endloop
  endfacet
  facet normal -7.002138e-01 -7.002138e-01 1.392886e-01
    outer loop
      vertex   -1.694676e+02 9.277034e+01 2.359224e+02
      vertex   -1.707421e+02 9.384165e+01 2.349005e+02
      vertex   -1.685995e+02 9.169903e+01 2.349005e+02
    endloop
  endfacet
  facet normal -6.729121e-01 -7.366817e-01 6.700356e-02
    outer loop
      vertex   -1.694676e+02 9.277034e+01 2.359224e+02
      vertex   -1.706182e+02 9.379829e+01 2.356682e+02
      vertex   -1.707421e+02 9.384165e+01 2.349005e+02
    endloop
  endfacet
  facet normal -6.764565e-01 -7.026552e-01 2.206405e-01
    outer loop
      vertex   -1.694676e+02 9.277034e+01 2.359224e+02
      vertex   -1.703475e+02 9.376702e+01 2.363987e+02
      vertex   -1.706182e+02 9.379829e+01 2.356682e+02
    endloop
  endfacet
  facet normal -6.099541e-01 -7.083106e-01 3.553197e-01
    outer loop
      vertex   -1.694676e+02 9.277034e+01 2.359224e+02
      vertex   -1.699396e+02 9.374941e+01 2.370638e+02
      vertex   -1.703475e+02 9.376702e+01 2.363987e+02
    endloop
  endfacet
  facet normal -7.397690e-01 -6.689040e-01 7.286427e-02
    outer loop
      vertex   -1.694676e+02 9.277034e+01 2.359224e+02
      vertex   -1.685995e+02 9.169903e+01 2.349005e+02
      vertex   -1.685688e+02 9.169903e+01 2.352125e+02
    endloop
  endfacet
  facet normal -6.782828e-01 -7.053986e-01 2.057794e-01
    outer loop
      vertex   -1.694676e+02 9.277034e+01 2.359224e+02
      vertex   -1.685688e+02 9.169903e+01 2.352125e+02
      vertex   -1.684778e+02 9.169903e+01 2.355124e+02
    endloop
  endfacet
  facet normal -6.251201e-01 -7.053974e-01 3.341248e-01
    outer loop
      vertex   -1.694676e+02 9.277034e+01 2.359224e+02
      vertex   -1.684778e+02 9.169903e+01 2.355124e+02
      vertex   -1.683300e+02 9.169903e+01 2.357889e+02
    endloop
  endfacet
  facet normal -5.262569e-01 -7.003508e-01 4.822473e-01
    outer loop
      vertex   -1.688887e+02 9.277034e+01 2.367887e+02
      vertex   -1.694099e+02 9.374639e+01 2.376374e+02
      vertex   -1.699396e+02 9.374941e+01 2.370638e+02
    endloop
  endfacet
  facet normal -4.039259e-01 -7.135045e-01 5.724990e-01
    outer loop
      vertex   -1.688887e+02 9.277034e+01 2.367887e+02
      vertex   -1.687791e+02 9.375813e+01 2.380971e+02
      vertex   -1.694099e+02 9.374639e+01 2.376374e+02
    endloop
  endfacet
  facet normal -5.479124e-01 -7.054035e-01 4.496642e-01
    outer loop
      vertex   -1.688887e+02 9.277034e+01 2.367887e+02
      vertex   -1.683300e+02 9.169903e+01 2.357889e+02
      vertex   -1.681312e+02 9.169903e+01 2.360312e+02
    endloop
  endfacet
  facet normal -4.496642e-01 -7.054035e-01 5.479124e-01
    outer loop
      vertex   -1.688887e+02 9.277034e+01 2.367887e+02
      vertex   -1.681312e+02 9.169903e+01 2.360312e+02
      vertex   -1.678889e+02 9.169903e+01 2.362300e+02
    endloop
  endfacet
  facet normal -5.738500e-01 -7.236624e-01 3.834174e-01
    outer loop
      vertex   -1.688887e+02 9.277034e+01 2.367887e+02
      vertex   -1.699396e+02 9.374941e+01 2.370638e+02
      vertex   -1.694676e+02 9.277034e+01 2.359224e+02
    endloop
  endfacet
  facet normal -6.021888e-01 -6.895518e-01 4.023519e-01
    outer loop
      vertex   -1.688887e+02 9.277034e+01 2.367887e+02
      vertex   -1.694676e+02 9.277034e+01 2.359224e+02
      vertex   -1.683300e+02 9.169903e+01 2.357889e+02
    endloop
  endfacet
  facet normal -2.794729e-01 -6.997140e-01 6.574916e-01
    outer loop
      vertex   -1.680224e+02 9.277034e+01 2.373676e+02
      vertex   -1.680719e+02 9.378399e+01 2.384253e+02
      vertex   -1.687791e+02 9.375813e+01 2.380971e+02
    endloop
  endfacet
  facet normal -1.517159e-01 -7.171586e-01 6.801954e-01
    outer loop
      vertex   -1.680224e+02 9.277034e+01 2.373676e+02
      vertex   -1.675433e+02 9.380997e+01 2.385706e+02
      vertex   -1.680719e+02 9.378399e+01 2.384253e+02
    endloop
  endfacet
  facet normal -4.387309e-02 -7.471701e-01 6.631832e-01
    outer loop
      vertex   -1.680224e+02 9.277034e+01 2.373676e+02
      vertex   -1.670005e+02 9.384165e+01 2.386422e+02
      vertex   -1.675433e+02 9.380997e+01 2.385706e+02
    endloop
  endfacet
  facet normal -1.392886e-01 -7.002138e-01 7.002138e-01
    outer loop
      vertex   -1.680224e+02 9.277034e+01 2.373676e+02
      vertex   -1.670005e+02 9.169903e+01 2.364995e+02
      vertex   -1.670005e+02 9.384165e+01 2.386422e+02
    endloop
  endfacet
  facet normal -3.341248e-01 -7.053974e-01 6.251201e-01
    outer loop
      vertex   -1.680224e+02 9.277034e+01 2.373676e+02
      vertex   -1.678889e+02 9.169903e+01 2.362300e+02
      vertex   -1.676124e+02 9.169903e+01 2.363778e+02
    endloop
  endfacet
  facet normal -2.057794e-01 -7.053986e-01 6.782828e-01
    outer loop
      vertex   -1.680224e+02 9.277034e+01 2.373676e+02
      vertex   -1.676124e+02 9.169903e+01 2.363778e+02
      vertex   -1.673125e+02 9.169903e+01 2.364688e+02
    endloop
  endfacet
  facet normal -7.286427e-02 -6.689040e-01 7.397690e-01
    outer loop
      vertex   -1.680224e+02 9.277034e+01 2.373676e+02
      vertex   -1.673125e+02 9.169903e+01 2.364688e+02
      vertex   -1.670005e+02 9.169903e+01 2.364995e+02
    endloop
  endfacet
  facet normal -4.023519e-01 -6.895518e-01 6.021888e-01
    outer loop
      vertex   -1.680224e+02 9.277034e+01 2.373676e+02
      vertex   -1.688887e+02 9.277034e+01 2.367887e+02
      vertex   -1.678889e+02 9.169903e+01 2.362300e+02
    endloop
  endfacet
  facet normal -3.851120e-01 -7.207410e-01 5.763863e-01
    outer loop
      vertex   -1.680224e+02 9.277034e+01 2.373676e+02
      vertex   -1.687791e+02 9.375813e+01 2.380971e+02
      vertex   -1.688887e+02 9.277034e+01 2.367887e+02
    endloop
  endfacet
  facet normal -1.000000e+00 0.000000e+00 -0.000000e+00
    outer loop
      vertex   -1.685995e+02 9.169903e+01 2.349005e+02
      vertex   -1.685995e+02 9.169903e+01 2.008995e+02
      vertex   -1.685995e+02 8.989902e+01 2.008995e+02
    endloop
  endfacet
  facet normal -1.000000e+00 -0.000000e+00 0.000000e+00
    outer loop
      vertex   -1.685995e+02 9.169903e+01 2.349005e+02
      vertex   -1.685995e+02 8.989902e+01 2.008995e+02
      vertex   -1.685995e+02 8.989902e+01 2.349005e+02
    endloop
  endfacet
  facet normal -2.691894e-05 -7.071068e-01 7.071068e-01
    outer loop
      vertex   -1.667600e+02 9.384850e+01 2.386490e+02
      vertex   -1.667819e+02 9.384850e+01 2.386490e+02
      vertex   -1.667600e+02 9.376365e+01 2.385642e+02
    endloop
  endfacet
  facet normal -2.691894e-05 -7.071068e-01 7.071068e-01
    outer loop
      vertex   -1.667600e+02 9.376365e+01 2.385642e+02
      vertex   -1.667819e+02 9.384850e+01 2.386490e+02
      vertex   -1.670005e+02 9.169903e+01 2.364995e+02
    endloop
  endfacet
  facet normal -2.691894e-05 -7.071068e-01 7.071068e-01
    outer loop
      vertex   -1.670005e+02 9.169903e+01 2.364995e+02
      vertex   -1.667819e+02 9.384850e+01 2.386490e+02
      vertex   -1.670005e+02 9.384165e+01 2.386422e+02
    endloop
  endfacet
  facet normal -9.802164e-02 0.000000e+00 -9.951843e-01
    outer loop
      vertex   -1.673125e+02 9.169903e+01 1.993312e+02
      vertex   -1.670005e+02 9.169903e+01 1.993005e+02
      vertex   -1.670005e+02 8.989902e+01 1.993005e+02
    endloop
  endfacet
  facet normal -9.802164e-02 -0.000000e+00 -9.951843e-01
    outer loop
      vertex   -1.673125e+02 9.169903e+01 1.993312e+02
      vertex   -1.670005e+02 8.989902e+01 1.993005e+02
      vertex   -1.673125e+02 8.989902e+01 1.993312e+02
    endloop
  endfacet
  facet normal -2.903164e-01 -0.000000e+00 -9.569307e-01
    outer loop
      vertex   -1.676124e+02 9.169903e+01 1.994222e+02
      vertex   -1.673125e+02 8.989902e+01 1.993312e+02
      vertex   -1.676124e+02 8.989902e+01 1.994222e+02
    endloop
  endfacet
  facet normal -2.903164e-01 0.000000e+00 -9.569307e-01
    outer loop
      vertex   -1.676124e+02 9.169903e+01 1.994222e+02
      vertex   -1.673125e+02 9.169903e+01 1.993312e+02
      vertex   -1.673125e+02 8.989902e+01 1.993312e+02
    endloop
  endfacet
  facet normal -4.713871e-01 -0.000000e+00 -8.819264e-01
    outer loop
      vertex   -1.678889e+02 9.169903e+01 1.995700e+02
      vertex   -1.676124e+02 8.989902e+01 1.994222e+02
      vertex   -1.678889e+02 8.989902e+01 1.995700e+02
    endloop
  endfacet
  facet normal -4.713871e-01 0.000000e+00 -8.819264e-01
    outer loop
      vertex   -1.678889e+02 9.169903e+01 1.995700e+02
      vertex   -1.676124e+02 9.169903e+01 1.994222e+02
      vertex   -1.676124e+02 8.989902e+01 1.994222e+02
    endloop
  endfacet
  facet normal -6.343968e-01 -0.000000e+00 -7.730076e-01
    outer loop
      vertex   -1.681312e+02 9.169903e+01 1.997688e+02
      vertex   -1.678889e+02 8.989902e+01 1.995700e+02
      vertex   -1.681312e+02 8.989902e+01 1.997688e+02
    endloop
  endfacet
  facet normal -7.730076e-01 -0.000000e+00 -6.343968e-01
    outer loop
      vertex   -1.681312e+02 9.169903e+01 1.997688e+02
      vertex   -1.681312e+02 8.989902e+01 1.997688e+02
      vertex   -1.683300e+02 8.989902e+01 2.000111e+02
    endloop
  endfacet
  facet normal -6.343968e-01 0.000000e+00 -7.730076e-01
    outer loop
      vertex   -1.681312e+02 9.169903e+01 1.997688e+02
      vertex   -1.678889e+02 9.169903e+01 1.995700e+02
      vertex   -1.678889e+02 8.989902e+01 1.995700e+02
    endloop
  endfacet
  facet normal -7.730076e-01 -0.000000e+00 -6.343968e-01
    outer loop
      vertex   -1.683300e+02 9.169903e+01 2.000111e+02
      vertex   -1.681312e+02 9.169903e+01 1.997688e+02
      vertex   -1.683300e+02 8.989902e+01 2.000111e+02
    endloop
  endfacet
  facet normal -8.819264e-01 -0.000000e+00 -4.713871e-01
    outer loop
      vertex   -1.684778e+02 9.169903e+01 2.002876e+02
      vertex   -1.683300e+02 8.989902e+01 2.000111e+02
      vertex   -1.684778e+02 8.989902e+01 2.002876e+02
    endloop
  endfacet
  facet normal -8.819264e-01 0.000000e+00 -4.713871e-01
    outer loop
      vertex   -1.684778e+02 9.169903e+01 2.002876e+02
      vertex   -1.683300e+02 9.169903e+01 2.000111e+02
      vertex   -1.683300e+02 8.989902e+01 2.000111e+02
    endloop
  endfacet
  facet normal -9.569307e-01 -0.000000e+00 -2.903164e-01
    outer loop
      vertex   -1.685688e+02 9.169903e+01 2.005875e+02
      vertex   -1.684778e+02 8.989902e+01 2.002876e+02
      vertex   -1.685688e+02 8.989902e+01 2.005875e+02
    endloop
  endfacet
  facet normal -9.569307e-01 0.000000e+00 -2.903164e-01
    outer loop
      vertex   -1.685688e+02 9.169903e+01 2.005875e+02
      vertex   -1.684778e+02 9.169903e+01 2.002876e+02
      vertex   -1.684778e+02 8.989902e+01 2.002876e+02
    endloop
  endfacet
  facet normal -9.951843e-01 -0.000000e+00 -9.802164e-02
    outer loop
      vertex   -1.685995e+02 9.169903e+01 2.008995e+02
      vertex   -1.685688e+02 8.989902e+01 2.005875e+02
      vertex   -1.685995e+02 8.989902e+01 2.008995e+02
    endloop
  endfacet
  facet normal -9.951843e-01 0.000000e+00 -9.802164e-02
    outer loop
      vertex   -1.685995e+02 9.169903e+01 2.008995e+02
      vertex   -1.685688e+02 9.169903e+01 2.005875e+02
      vertex   -1.685688e+02 8.989902e+01 2.005875e+02
    endloop
  endfacet
  facet normal -9.951843e-01 0.000000e+00 9.802164e-02
    outer loop
      vertex   -1.685688e+02 9.169903e+01 2.352125e+02
      vertex   -1.685995e+02 9.169903e+01 2.349005e+02
      vertex   -1.685995e+02 8.989902e+01 2.349005e+02
    endloop
  endfacet
  facet normal -9.951843e-01 0.000000e+00 9.802164e-02
    outer loop
      vertex   -1.685688e+02 9.169903e+01 2.352125e+02
      vertex   -1.685995e+02 8.989902e+01 2.349005e+02
      vertex   -1.685688e+02 8.989902e+01 2.352125e+02
    endloop
  endfacet
  facet normal -9.569307e-01 0.000000e+00 2.903164e-01
    outer loop
      vertex   -1.684778e+02 9.169903e+01 2.355124e+02
      vertex   -1.685688e+02 8.989902e+01 2.352125e+02
      vertex   -1.684778e+02 8.989902e+01 2.355124e+02
    endloop
  endfacet
  facet normal -9.569307e-01 0.000000e+00 2.903164e-01
    outer loop
      vertex   -1.684778e+02 9.169903e+01 2.355124e+02
      vertex   -1.685688e+02 9.169903e+01 2.352125e+02
      vertex   -1.685688e+02 8.989902e+01 2.352125e+02
    endloop
  endfacet
  facet normal -8.819264e-01 0.000000e+00 4.713871e-01
    outer loop
      vertex   -1.683300e+02 9.169903e+01 2.357889e+02
      vertex   -1.684778e+02 8.989902e+01 2.355124e+02
      vertex   -1.683300e+02 8.989902e+01 2.357889e+02
    endloop
  endfacet
  facet normal -8.819264e-01 0.000000e+00 4.713871e-01
    outer loop
      vertex   -1.683300e+02 9.169903e+01 2.357889e+02
      vertex   -1.684778e+02 9.169903e+01 2.355124e+02
      vertex   -1.684778e+02 8.989902e+01 2.355124e+02
    endloop
  endfacet
  facet normal -7.730076e-01 0.000000e+00 6.343968e-01
    outer loop
      vertex   -1.681312e+02 9.169903e+01 2.360312e+02
      vertex   -1.683300e+02 8.989902e+01 2.357889e+02
      vertex   -1.681312e+02 8.989902e+01 2.360312e+02
    endloop
  endfacet
  facet normal -7.730076e-01 0.000000e+00 6.343968e-01
    outer loop
      vertex   -1.681312e+02 9.169903e+01 2.360312e+02
      vertex   -1.683300e+02 9.169903e+01 2.357889e+02
      vertex   -1.683300e+02 8.989902e+01 2.357889e+02
    endloop
  endfacet
  facet normal -6.343968e-01 0.000000e+00 7.730076e-01
    outer loop
      vertex   -1.678889e+02 9.169903e+01 2.362300e+02
      vertex   -1.681312e+02 8.989902e+01 2.360312e+02
      vertex   -1.678889e+02 8.989902e+01 2.362300e+02
    endloop
  endfacet
  facet normal -4.713871e-01 0.000000e+00 8.819264e-01
    outer loop
      vertex   -1.678889e+02 9.169903e+01 2.362300e+02
      vertex   -1.678889e+02 8.989902e+01 2.362300e+02
      vertex   -1.676124e+02 8.989902e+01 2.363778e+02
    endloop
  endfacet
  facet normal -6.343968e-01 0.000000e+00 7.730076e-01
    outer loop
      vertex   -1.678889e+02 9.169903e+01 2.362300e+02
      vertex   -1.681312e+02 9.169903e+01 2.360312e+02
      vertex   -1.681312e+02 8.989902e+01 2.360312e+02
    endloop
  endfacet
  facet normal -4.713871e-01 0.000000e+00 8.819264e-01
    outer loop
      vertex   -1.676124e+02 9.169903e+01 2.363778e+02
      vertex   -1.678889e+02 9.169903e+01 2.362300e+02
      vertex   -1.676124e+02 8.989902e+01 2.363778e+02
    endloop
  endfacet
  facet normal -2.903164e-01 0.000000e+00 9.569307e-01
    outer loop
      vertex   -1.673125e+02 9.169903e+01 2.364688e+02
      vertex   -1.676124e+02 8.989902e+01 2.363778e+02
      vertex   -1.673125e+02 8.989902e+01 2.364688e+02
    endloop
  endfacet
  facet normal -2.903164e-01 0.000000e+00 9.569307e-01
    outer loop
      vertex   -1.673125e+02 9.169903e+01 2.364688e+02
      vertex   -1.676124e+02 9.169903e+01 2.363778e+02
      vertex   -1.676124e+02 8.989902e+01 2.363778e+02
    endloop
  endfacet
  facet normal -9.802164e-02 0.000000e+00 9.951843e-01
    outer loop
      vertex   -1.670005e+02 9.169903e+01 2.364995e+02
      vertex   -1.673125e+02 8.989902e+01 2.364688e+02
      vertex   -1.670005e+02 8.989902e+01 2.364995e+02
    endloop
  endfacet
  facet normal -9.802164e-02 0.000000e+00 9.951843e-01
    outer loop
      vertex   -1.670005e+02 9.169903e+01 2.364995e+02
      vertex   -1.673125e+02 9.169903e+01 2.364688e+02
      vertex   -1.673125e+02 8.989902e+01 2.364688e+02
    endloop
  endfacet
  facet normal -7.071068e-01 -7.071068e-01 -0.000000e+00
    outer loop
      vertex   -1.678005e+02 8.910000e+01 2.349005e+02
      vertex   -1.685995e+02 8.989902e+01 2.008995e+02
      vertex   -1.678005e+02 8.910000e+01 2.008995e+02
    endloop
  endfacet
  facet normal -7.071068e-01 -7.071068e-01 0.000000e+00
    outer loop
      vertex   -1.678005e+02 8.910000e+01 2.349005e+02
      vertex   -1.685995e+02 8.989902e+01 2.349005e+02
      vertex   -1.685995e+02 8.989902e+01 2.008995e+02
    endloop
  endfacet
  facet normal -1.392806e-01 -7.002146e-01 -7.002146e-01
    outer loop
      vertex   -1.674595e+02 8.949951e+01 1.997913e+02
      vertex   -1.670005e+02 8.989902e+01 1.993005e+02
      vertex   -1.670005e+02 8.910000e+01 2.000995e+02
    endloop
  endfacet
  facet normal -6.560921e-02 -7.429616e-01 -6.661107e-01
    outer loop
      vertex   -1.674595e+02 8.949951e+01 1.997913e+02
      vertex   -1.673125e+02 8.989902e+01 1.993312e+02
      vertex   -1.670005e+02 8.989902e+01 1.993005e+02
    endloop
  endfacet
  facet normal -2.057815e-01 -7.053914e-01 -6.782897e-01
    outer loop
      vertex   -1.674595e+02 8.949951e+01 1.997913e+02
      vertex   -1.676124e+02 8.989902e+01 1.994222e+02
      vertex   -1.673125e+02 8.989902e+01 1.993312e+02
    endloop
  endfacet
  facet normal -3.341272e-01 -7.053923e-01 -6.251245e-01
    outer loop
      vertex   -1.674595e+02 8.949951e+01 1.997913e+02
      vertex   -1.678889e+02 8.989902e+01 1.995700e+02
      vertex   -1.676124e+02 8.989902e+01 1.994222e+02
    endloop
  endfacet
  facet normal -7.358185e-02 -6.607890e-01 -7.469562e-01
    outer loop
      vertex   -1.674595e+02 8.949951e+01 1.997913e+02
      vertex   -1.670005e+02 8.910000e+01 2.000995e+02
      vertex   -1.671566e+02 8.910000e+01 2.001149e+02
    endloop
  endfacet
  facet normal -2.057533e-01 -7.054015e-01 -6.782878e-01
    outer loop
      vertex   -1.674595e+02 8.949951e+01 1.997913e+02
      vertex   -1.671566e+02 8.910000e+01 2.001149e+02
      vertex   -1.673067e+02 8.910000e+01 2.001604e+02
    endloop
  endfacet
  facet normal -3.341488e-01 -7.053980e-01 -6.251066e-01
    outer loop
      vertex   -1.674595e+02 8.949951e+01 1.997913e+02
      vertex   -1.673067e+02 8.910000e+01 2.001604e+02
      vertex   -1.674450e+02 8.910000e+01 2.002343e+02
    endloop
  endfacet
  facet normal -4.496684e-01 -7.053969e-01 -5.479174e-01
    outer loop
      vertex   -1.678487e+02 8.949951e+01 2.000513e+02
      vertex   -1.681312e+02 8.989902e+01 1.997688e+02
      vertex   -1.678889e+02 8.989902e+01 1.995700e+02
    endloop
  endfacet
  facet normal -5.479174e-01 -7.053969e-01 -4.496684e-01
    outer loop
      vertex   -1.678487e+02 8.949951e+01 2.000513e+02
      vertex   -1.683300e+02 8.989902e+01 2.000111e+02
      vertex   -1.681312e+02 8.989902e+01 1.997688e+02
    endloop
  endfacet
  facet normal -4.496544e-01 -7.053960e-01 -5.479301e-01
    outer loop
      vertex   -1.678487e+02 8.949951e+01 2.000513e+02
      vertex   -1.674450e+02 8.910000e+01 2.002343e+02
      vertex   -1.675662e+02 8.910000e+01 2.003338e+02
    endloop
  endfacet
  facet normal -5.479301e-01 -7.053960e-01 -4.496544e-01
    outer loop
      vertex   -1.678487e+02 8.949951e+01 2.000513e+02
      vertex   -1.675662e+02 8.910000e+01 2.003338e+02
      vertex   -1.676657e+02 8.910000e+01 2.004551e+02
    endloop
  endfacet
  facet normal -3.816869e-01 -7.266451e-01 -5.712285e-01
    outer loop
      vertex   -1.678487e+02 8.949951e+01 2.000513e+02
      vertex   -1.678889e+02 8.989902e+01 1.995700e+02
      vertex   -1.674595e+02 8.949951e+01 1.997913e+02
    endloop
  endfacet
  facet normal -4.043391e-01 -6.858047e-01 -6.051296e-01
    outer loop
      vertex   -1.678487e+02 8.949951e+01 2.000513e+02
      vertex   -1.674595e+02 8.949951e+01 1.997913e+02
      vertex   -1.674450e+02 8.910000e+01 2.002343e+02
    endloop
  endfacet
  facet normal -6.251245e-01 -7.053923e-01 -3.341272e-01
    outer loop
      vertex   -1.681087e+02 8.949951e+01 2.004405e+02
      vertex   -1.684778e+02 8.989902e+01 2.002876e+02
      vertex   -1.683300e+02 8.989902e+01 2.000111e+02
    endloop
  endfacet
  facet normal -6.782897e-01 -7.053914e-01 -2.057815e-01
    outer loop
      vertex   -1.681087e+02 8.949951e+01 2.004405e+02
      vertex   -1.685688e+02 8.989902e+01 2.005875e+02
      vertex   -1.684778e+02 8.989902e+01 2.002876e+02
    endloop
  endfacet
  facet normal -6.661107e-01 -7.429616e-01 -6.560921e-02
    outer loop
      vertex   -1.681087e+02 8.949951e+01 2.004405e+02
      vertex   -1.685995e+02 8.989902e+01 2.008995e+02
      vertex   -1.685688e+02 8.989902e+01 2.005875e+02
    endloop
  endfacet
  facet normal -7.002146e-01 -7.002146e-01 -1.392806e-01
    outer loop
      vertex   -1.681087e+02 8.949951e+01 2.004405e+02
      vertex   -1.678005e+02 8.910000e+01 2.008995e+02
      vertex   -1.685995e+02 8.989902e+01 2.008995e+02
    endloop
  endfacet
  facet normal -6.251066e-01 -7.053980e-01 -3.341488e-01
    outer loop
      vertex   -1.681087e+02 8.949951e+01 2.004405e+02
      vertex   -1.676657e+02 8.910000e+01 2.004551e+02
      vertex   -1.677396e+02 8.910000e+01 2.005934e+02
    endloop
  endfacet
  facet normal -6.782878e-01 -7.054015e-01 -2.057533e-01
    outer loop
      vertex   -1.681087e+02 8.949951e+01 2.004405e+02
      vertex   -1.677396e+02 8.910000e+01 2.005934e+02
      vertex   -1.677851e+02 8.910000e+01 2.007434e+02
    endloop
  endfacet
  facet normal -7.469562e-01 -6.607890e-01 -7.358185e-02
    outer loop
      vertex   -1.681087e+02 8.949951e+01 2.004405e+02
      vertex   -1.677851e+02 8.910000e+01 2.007434e+02
      vertex   -1.678005e+02 8.910000e+01 2.008995e+02
    endloop
  endfacet
  facet normal -6.051296e-01 -6.858047e-01 -4.043391e-01
    outer loop
      vertex   -1.681087e+02 8.949951e+01 2.004405e+02
      vertex   -1.678487e+02 8.949951e+01 2.000513e+02
      vertex   -1.676657e+02 8.910000e+01 2.004551e+02
    endloop
  endfacet
  facet normal -5.712285e-01 -7.266451e-01 -3.816869e-01
    outer loop
      vertex   -1.681087e+02 8.949951e+01 2.004405e+02
      vertex   -1.683300e+02 8.989902e+01 2.000111e+02
      vertex   -1.678487e+02 8.949951e+01 2.000513e+02
    endloop
  endfacet
  facet normal -7.002146e-01 -7.002146e-01 1.392806e-01
    outer loop
      vertex   -1.681087e+02 8.949951e+01 2.353595e+02
      vertex   -1.685995e+02 8.989902e+01 2.349005e+02
      vertex   -1.678005e+02 8.910000e+01 2.349005e+02
    endloop
  endfacet
  facet normal -6.661107e-01 -7.429616e-01 6.560921e-02
    outer loop
      vertex   -1.681087e+02 8.949951e+01 2.353595e+02
      vertex   -1.685688e+02 8.989902e+01 2.352125e+02
      vertex   -1.685995e+02 8.989902e+01 2.349005e+02
    endloop
  endfacet
  facet normal -6.782897e-01 -7.053914e-01 2.057815e-01
    outer loop
      vertex   -1.681087e+02 8.949951e+01 2.353595e+02
      vertex   -1.684778e+02 8.989902e+01 2.355124e+02
      vertex   -1.685688e+02 8.989902e+01 2.352125e+02
    endloop
  endfacet
  facet normal -6.251245e-01 -7.053923e-01 3.341272e-01
    outer loop
      vertex   -1.681087e+02 8.949951e+01 2.353595e+02
      vertex   -1.683300e+02 8.989902e+01 2.357889e+02
      vertex   -1.684778e+02 8.989902e+01 2.355124e+02
    endloop
  endfacet
  facet normal -7.469562e-01 -6.607890e-01 7.358185e-02
    outer loop
      vertex   -1.681087e+02 8.949951e+01 2.353595e+02
      vertex   -1.678005e+02 8.910000e+01 2.349005e+02
      vertex   -1.677851e+02 8.910000e+01 2.350566e+02
    endloop
  endfacet
  facet normal -6.782878e-01 -7.054015e-01 2.057533e-01
    outer loop
      vertex   -1.681087e+02 8.949951e+01 2.353595e+02
      vertex   -1.677851e+02 8.910000e+01 2.350566e+02
      vertex   -1.677396e+02 8.910000e+01 2.352067e+02
    endloop
  endfacet
  facet normal -6.251066e-01 -7.053980e-01 3.341488e-01
    outer loop
      vertex   -1.681087e+02 8.949951e+01 2.353595e+02
      vertex   -1.677396e+02 8.910000e+01 2.352067e+02
      vertex   -1.676657e+02 8.910000e+01 2.353450e+02
    endloop
  endfacet
  facet normal -5.479174e-01 -7.053969e-01 4.496684e-01
    outer loop
      vertex   -1.678487e+02 8.949951e+01 2.357487e+02
      vertex   -1.681312e+02 8.989902e+01 2.360312e+02
      vertex   -1.683300e+02 8.989902e+01 2.357889e+02
    endloop
  endfacet
  facet normal -4.496684e-01 -7.053969e-01 5.479174e-01
    outer loop
      vertex   -1.678487e+02 8.949951e+01 2.357487e+02
      vertex   -1.678889e+02 8.989902e+01 2.362300e+02
      vertex   -1.681312e+02 8.989902e+01 2.360312e+02
    endloop
  endfacet
  facet normal -5.479301e-01 -7.053960e-01 4.496544e-01
    outer loop
      vertex   -1.678487e+02 8.949951e+01 2.357487e+02
      vertex   -1.676657e+02 8.910000e+01 2.353450e+02
      vertex   -1.675662e+02 8.910000e+01 2.354662e+02
    endloop
  endfacet
  facet normal -4.496544e-01 -7.053960e-01 5.479301e-01
    outer loop
      vertex   -1.678487e+02 8.949951e+01 2.357487e+02
      vertex   -1.675662e+02 8.910000e+01 2.354662e+02
      vertex   -1.674450e+02 8.910000e+01 2.355657e+02
    endloop
  endfacet
  facet normal -5.712285e-01 -7.266451e-01 3.816869e-01
    outer loop
      vertex   -1.678487e+02 8.949951e+01 2.357487e+02
      vertex   -1.683300e+02 8.989902e+01 2.357889e+02
      vertex   -1.681087e+02 8.949951e+01 2.353595e+02
    endloop
  endfacet
  facet normal -6.051296e-01 -6.858047e-01 4.043391e-01
    outer loop
      vertex   -1.678487e+02 8.949951e+01 2.357487e+02
      vertex   -1.681087e+02 8.949951e+01 2.353595e+02
      vertex   -1.676657e+02 8.910000e+01 2.353450e+02
    endloop
  endfacet
  facet normal -3.341272e-01 -7.053923e-01 6.251245e-01
    outer loop
      vertex   -1.674595e+02 8.949951e+01 2.360087e+02
      vertex   -1.676124e+02 8.989902e+01 2.363778e+02
      vertex   -1.678889e+02 8.989902e+01 2.362300e+02
    endloop
  endfacet
  facet normal -2.057815e-01 -7.053914e-01 6.782897e-01
    outer loop
      vertex   -1.674595e+02 8.949951e+01 2.360087e+02
      vertex   -1.673125e+02 8.989902e+01 2.364688e+02
      vertex   -1.676124e+02 8.989902e+01 2.363778e+02
    endloop
  endfacet
  facet normal -6.560921e-02 -7.429616e-01 6.661107e-01
    outer loop
      vertex   -1.674595e+02 8.949951e+01 2.360087e+02
      vertex   -1.670005e+02 8.989902e+01 2.364995e+02
      vertex   -1.673125e+02 8.989902e+01 2.364688e+02
    endloop
  endfacet
  facet normal -1.392806e-01 -7.002146e-01 7.002146e-01
    outer loop
      vertex   -1.674595e+02 8.949951e+01 2.360087e+02
      vertex   -1.670005e+02 8.910000e+01 2.357005e+02
      vertex   -1.670005e+02 8.989902e+01 2.364995e+02
    endloop
  endfacet
  facet normal -3.341488e-01 -7.053980e-01 6.251066e-01
    outer loop
      vertex   -1.674595e+02 8.949951e+01 2.360087e+02
      vertex   -1.674450e+02 8.910000e+01 2.355657e+02
      vertex   -1.673067e+02 8.910000e+01 2.356396e+02
    endloop
  endfacet
  facet normal -2.057533e-01 -7.054015e-01 6.782878e-01
    outer loop
      vertex   -1.674595e+02 8.949951e+01 2.360087e+02
      vertex   -1.673067e+02 8.910000e+01 2.356396e+02
      vertex   -1.671566e+02 8.910000e+01 2.356851e+02
    endloop
  endfacet
  facet normal -7.358185e-02 -6.607890e-01 7.469562e-01
    outer loop
      vertex   -1.674595e+02 8.949951e+01 2.360087e+02
      vertex   -1.671566e+02 8.910000e+01 2.356851e+02
      vertex   -1.670005e+02 8.910000e+01 2.357005e+02
    endloop
  endfacet
  facet normal -4.043391e-01 -6.858047e-01 6.051296e-01
    outer loop
      vertex   -1.674595e+02 8.949951e+01 2.360087e+02
      vertex   -1.678487e+02 8.949951e+01 2.357487e+02
      vertex   -1.674450e+02 8.910000e+01 2.355657e+02
    endloop
  endfacet
  facet normal -3.816869e-01 -7.266451e-01 5.712285e-01
    outer loop
      vertex   -1.674595e+02 8.949951e+01 2.360087e+02
      vertex   -1.678889e+02 8.989902e+01 2.362300e+02
      vertex   -1.678487e+02 8.949951e+01 2.357487e+02
    endloop
  endfacet
  facet normal 0.000000e+00 -1.000000e+00 0.000000e+00
    outer loop
      vertex   -1.677396e+02 8.910000e+01 2.352067e+02
      vertex   -1.675662e+02 8.910000e+01 2.354662e+02
      vertex   -1.676657e+02 8.910000e+01 2.353450e+02
    endloop
  endfacet
  facet normal 0.000000e+00 -1.000000e+00 0.000000e+00
    outer loop
      vertex   -1.673067e+02 8.910000e+01 2.356396e+02
      vertex   -1.674450e+02 8.910000e+01 2.355657e+02
      vertex   -1.675662e+02 8.910000e+01 2.354662e+02
    endloop
  endfacet
  facet normal 0.000000e+00 -1.000000e+00 0.000000e+00
    outer loop
      vertex   -1.673067e+02 8.910000e+01 2.356396e+02
      vertex   -1.675662e+02 8.910000e+01 2.354662e+02
      vertex   -1.677396e+02 8.910000e+01 2.352067e+02
    endloop
  endfacet
  facet normal 0.000000e+00 -1.000000e+00 0.000000e+00
    outer loop
      vertex   -1.678005e+02 8.910000e+01 2.349005e+02
      vertex   -1.677396e+02 8.910000e+01 2.352067e+02
      vertex   -1.677851e+02 8.910000e+01 2.350566e+02
    endloop
  endfacet
  facet normal 0.000000e+00 -1.000000e+00 0.000000e+00
    outer loop
      vertex   -1.670005e+02 8.910000e+01 2.357005e+02
      vertex   -1.671566e+02 8.910000e+01 2.356851e+02
      vertex   -1.673067e+02 8.910000e+01 2.356396e+02
    endloop
  endfacet
  facet normal 0.000000e+00 -1.000000e+00 0.000000e+00
    outer loop
      vertex   -1.670005e+02 8.910000e+01 2.357005e+02
      vertex   -1.673067e+02 8.910000e+01 2.356396e+02
      vertex   -1.677396e+02 8.910000e+01 2.352067e+02
    endloop
  endfacet
  facet normal 0.000000e+00 -1.000000e+00 0.000000e+00
    outer loop
      vertex   -1.670005e+02 8.910000e+01 2.357005e+02
      vertex   -1.677396e+02 8.910000e+01 2.352067e+02
      vertex   -1.678005e+02 8.910000e+01 2.349005e+02
    endloop
  endfacet
  facet normal 0.000000e+00 -1.000000e+00 0.000000e+00
    outer loop
      vertex   -1.675662e+02 8.910000e+01 2.003338e+02
      vertex   -1.677396e+02 8.910000e+01 2.005934e+02
      vertex   -1.676657e+02 8.910000e+01 2.004551e+02
    endloop
  endfacet
  facet normal 0.000000e+00 -1.000000e+00 0.000000e+00
    outer loop
      vertex   -1.675662e+02 8.910000e+01 2.003338e+02
      vertex   -1.677851e+02 8.910000e+01 2.007434e+02
      vertex   -1.677396e+02 8.910000e+01 2.005934e+02
    endloop
  endfacet
  facet normal 0.000000e+00 -1.000000e+00 0.000000e+00
    outer loop
      vertex   -1.675662e+02 8.910000e+01 2.003338e+02
      vertex   -1.678005e+02 8.910000e+01 2.008995e+02
      vertex   -1.677851e+02 8.910000e+01 2.007434e+02
    endloop
  endfacet
  facet normal 0.000000e+00 -1.000000e+00 0.000000e+00
    outer loop
      vertex   -1.671566e+02 8.910000e+01 2.001149e+02
      vertex   -1.674450e+02 8.910000e+01 2.002343e+02
      vertex   -1.673067e+02 8.910000e+01 2.001604e+02
    endloop
  endfacet
  facet normal 0.000000e+00 -1.000000e+00 0.000000e+00
    outer loop
      vertex   -1.671566e+02 8.910000e+01 2.001149e+02
      vertex   -1.675662e+02 8.910000e+01 2.003338e+02
      vertex   -1.674450e+02 8.910000e+01 2.002343e+02
    endloop
  endfacet
  facet normal 0.000000e+00 -1.000000e+00 0.000000e+00
    outer loop
      vertex   -1.670005e+02 8.910000e+01 2.000995e+02
      vertex   -1.678005e+02 8.910000e+01 2.008995e+02
      vertex   -1.675662e+02 8.910000e+01 2.003338e+02
    endloop
  endfacet
  facet normal 0.000000e+00 -1.000000e+00 0.000000e+00
    outer loop
      vertex   -1.670005e+02 8.910000e+01 2.000995e+02
      vertex   -1.675662e+02 8.910000e+01 2.003338e+02
      vertex   -1.671566e+02 8.910000e+01 2.001149e+02
    endloop
  endfacet
  facet normal -2.691894e-05 -7.071068e-01 -7.071068e-01
    outer loop
      vertex   -1.667600e+02 9.384850e+01 1.971510e+02
      vertex   -1.667600e+02 9.376365e+01 1.972358e+02
      vertex   -1.667819e+02 9.384850e+01 1.971510e+02
    endloop
  endfacet
  facet normal -2.691894e-05 -7.071068e-01 -7.071068e-01
    outer loop
      vertex   -1.667819e+02 9.384850e+01 1.971510e+02
      vertex   -1.667600e+02 9.376365e+01 1.972358e+02
      vertex   -1.670005e+02 9.169903e+01 1.993005e+02
    endloop
  endfacet
  facet normal -2.691894e-05 -7.071068e-01 -7.071068e-01
    outer loop
      vertex   -1.667819e+02 9.384850e+01 1.971510e+02
      vertex   -1.670005e+02 9.169903e+01 1.993005e+02
      vertex   -1.670005e+02 9.384165e+01 1.971579e+02
    endloop
  endfacet
  facet normal -3.135354e-02 -2.417558e-12 -9.995084e-01
    outer loop
      vertex   -1.670005e+02 9.384850e+01 1.971579e+02
      vertex   -1.667819e+02 9.384850e+01 1.971510e+02
      vertex   -1.670005e+02 9.384165e+01 1.971579e+02
    endloop
  endfacet
  facet normal -9.802491e-02 4.076127e-04 9.951839e-01
    outer loop
      vertex   -1.670005e+02 9.384850e+01 2.386422e+02
      vertex   -1.670006e+02 9.384850e+01 2.386421e+02
      vertex   -1.670005e+02 9.384165e+01 2.386422e+02
    endloop
  endfacet
  facet normal -2.902855e-01 4.015041e-04 -9.569400e-01
    outer loop
      vertex   -1.677688e+02 9.384850e+01 1.972820e+02
      vertex   -1.677679e+02 9.384850e+01 1.972817e+02
      vertex   -1.677682e+02 9.379829e+01 1.972818e+02
    endloop
  endfacet
  facet normal -3.475164e-01 -3.931639e-04 -9.376738e-01
    outer loop
      vertex   -1.677688e+02 9.384850e+01 1.972820e+02
      vertex   -1.677682e+02 9.379829e+01 1.972818e+02
      vertex   -1.684983e+02 9.384850e+01 1.975523e+02
    endloop
  endfacet
  facet normal -3.475164e-01 -3.931639e-04 -9.376738e-01
    outer loop
      vertex   -1.684983e+02 9.384850e+01 1.975523e+02
      vertex   -1.677682e+02 9.379829e+01 1.972818e+02
      vertex   -1.684987e+02 9.376702e+01 1.975525e+02
    endloop
  endfacet
  facet normal -4.714010e-01 3.962712e-04 -8.819189e-01
    outer loop
      vertex   -1.684997e+02 9.384850e+01 1.975531e+02
      vertex   -1.684983e+02 9.384850e+01 1.975523e+02
      vertex   -1.684987e+02 9.376702e+01 1.975525e+02
    endloop
  endfacet
  facet normal -5.227935e-01 -3.899271e-04 -8.524592e-01
    outer loop
      vertex   -1.684997e+02 9.384850e+01 1.975531e+02
      vertex   -1.684987e+02 9.376702e+01 1.975525e+02
      vertex   -1.691634e+02 9.384850e+01 1.979601e+02
    endloop
  endfacet
  facet normal -5.227935e-01 -3.899271e-04 -8.524592e-01
    outer loop
      vertex   -1.691634e+02 9.384850e+01 1.979601e+02
      vertex   -1.684987e+02 9.376702e+01 1.975525e+02
      vertex   -1.691638e+02 9.374941e+01 1.979604e+02
    endloop
  endfacet
  facet normal -6.343762e-01 3.925921e-04 -7.730244e-01
    outer loop
      vertex   -1.691648e+02 9.384850e+01 1.979613e+02
      vertex   -1.691634e+02 9.384850e+01 1.979601e+02
      vertex   -1.691638e+02 9.374941e+01 1.979604e+02
    endloop
  endfacet
  facet normal -6.784017e-01 -3.873867e-04 -7.346911e-01
    outer loop
      vertex   -1.691648e+02 9.384850e+01 1.979613e+02
      vertex   -1.691638e+02 9.374941e+01 1.979604e+02
      vertex   -1.697370e+02 9.384850e+01 1.984897e+02
    endloop
  endfacet
  facet normal -6.784017e-01 -3.873867e-04 -7.346911e-01
    outer loop
      vertex   -1.697370e+02 9.384850e+01 1.984897e+02
      vertex   -1.691638e+02 9.374941e+01 1.979604e+02
      vertex   -1.697374e+02 9.374639e+01 1.984901e+02
    endloop
  endfacet
  facet normal -7.730244e-01 3.889526e-04 -6.343762e-01
    outer loop
      vertex   -1.697383e+02 9.384850e+01 1.984912e+02
      vertex   -1.697370e+02 9.384850e+01 1.984897e+02
      vertex   -1.697374e+02 9.374639e+01 1.984901e+02
    endloop
  endfacet
  facet normal -8.081737e-01 -3.832495e-04 -5.889441e-01
    outer loop
      vertex   -1.701969e+02 9.384850e+01 1.991205e+02
      vertex   -1.697383e+02 9.384850e+01 1.984912e+02
      vertex   -1.701971e+02 9.375813e+01 1.991209e+02
    endloop
  endfacet
  facet normal -8.081737e-01 -3.832495e-04 -5.889441e-01
    outer loop
      vertex   -1.701971e+02 9.375813e+01 1.991209e+02
      vertex   -1.697383e+02 9.384850e+01 1.984912e+02
      vertex   -1.697374e+02 9.374639e+01 1.984901e+02
    endloop
  endfacet
  facet normal -8.819189e-01 3.859400e-04 -4.714010e-01
    outer loop
      vertex   -1.701977e+02 9.384850e+01 1.991220e+02
      vertex   -1.701969e+02 9.384850e+01 1.991205e+02
      vertex   -1.701971e+02 9.375813e+01 1.991209e+02
    endloop
  endfacet
  facet normal -9.071200e-01 -3.783173e-04 -4.208720e-01
    outer loop
      vertex   -1.705251e+02 9.384850e+01 1.998277e+02
      vertex   -1.701977e+02 9.384850e+01 1.991220e+02
      vertex   -1.705252e+02 9.378399e+01 1.998281e+02
    endloop
  endfacet
  facet normal -9.071200e-01 -3.783173e-04 -4.208720e-01
    outer loop
      vertex   -1.705252e+02 9.378399e+01 1.998281e+02
      vertex   -1.701977e+02 9.384850e+01 1.991220e+02
      vertex   -1.701971e+02 9.375813e+01 1.991209e+02
    endloop
  endfacet
  facet normal -9.569400e-01 3.814389e-04 -2.902855e-01
    outer loop
      vertex   -1.705255e+02 9.384850e+01 1.998289e+02
      vertex   -1.705251e+02 9.384850e+01 1.998277e+02
      vertex   -1.705252e+02 9.378399e+01 1.998281e+02
    endloop
  endfacet
  facet normal -9.642398e-01 2.253847e-05 -2.650314e-01
    outer loop
      vertex   -1.706705e+02 9.384850e+01 2.003567e+02
      vertex   -1.705255e+02 9.384850e+01 1.998289e+02
      vertex   -1.706705e+02 9.380997e+01 2.003567e+02
    endloop
  endfacet
  facet normal -9.642398e-01 2.253847e-05 -2.650314e-01
    outer loop
      vertex   -1.706705e+02 9.380997e+01 2.003567e+02
      vertex   -1.705255e+02 9.384850e+01 1.998289e+02
      vertex   -1.705252e+02 9.378399e+01 1.998281e+02
    endloop
  endfacet
  facet normal -9.914115e-01 -2.142851e-05 -1.307795e-01
    outer loop
      vertex   -1.707421e+02 9.384850e+01 2.008994e+02
      vertex   -1.706705e+02 9.384850e+01 2.003567e+02
      vertex   -1.707421e+02 9.384165e+01 2.008995e+02
    endloop
  endfacet
  facet normal -9.914115e-01 -2.142851e-05 -1.307795e-01
    outer loop
      vertex   -1.707421e+02 9.384165e+01 2.008995e+02
      vertex   -1.706705e+02 9.384850e+01 2.003567e+02
      vertex   -1.706705e+02 9.380997e+01 2.003567e+02
    endloop
  endfacet
  facet normal -9.951839e-01 4.076127e-04 -9.802491e-02
    outer loop
      vertex   -1.707422e+02 9.384850e+01 2.008995e+02
      vertex   -1.707421e+02 9.384850e+01 2.008994e+02
      vertex   -1.707421e+02 9.384165e+01 2.008995e+02
    endloop
  endfacet
  facet normal -9.995084e-01 -2.417540e-12 -3.135354e-02
    outer loop
      vertex   -1.707490e+02 9.384850e+01 2.011181e+02
      vertex   -1.707422e+02 9.384850e+01 2.008995e+02
      vertex   -1.707421e+02 9.384165e+01 2.008995e+02
    endloop
  endfacet
  facet normal -9.995084e-01 -2.417558e-12 3.135354e-02
    outer loop
      vertex   -1.707422e+02 9.384850e+01 2.349005e+02
      vertex   -1.707490e+02 9.384850e+01 2.346819e+02
      vertex   -1.707421e+02 9.384165e+01 2.349005e+02
    endloop
  endfacet
  facet normal -9.951839e-01 4.076127e-04 9.802491e-02
    outer loop
      vertex   -1.707421e+02 9.384850e+01 2.349006e+02
      vertex   -1.707422e+02 9.384850e+01 2.349005e+02
      vertex   -1.707421e+02 9.384165e+01 2.349005e+02
    endloop
  endfacet
  facet normal -7.071068e-01 -7.071068e-01 -2.691894e-05
    outer loop
      vertex   -1.707490e+02 9.384850e+01 2.011499e+02
      vertex   -1.707490e+02 9.384850e+01 2.011181e+02
      vertex   -1.685995e+02 9.169903e+01 2.008995e+02
    endloop
  endfacet
  facet normal -7.071068e-01 -7.071068e-01 -2.691894e-05
    outer loop
      vertex   -1.685995e+02 9.169903e+01 2.008995e+02
      vertex   -1.707490e+02 9.384850e+01 2.011181e+02
      vertex   -1.707421e+02 9.384165e+01 2.008995e+02
    endloop
  endfacet
  facet normal -7.071052e-01 -7.071083e-01 0.000000e+00
    outer loop
      vertex   -1.707490e+02 9.384850e+01 2.011499e+02
      vertex   -1.685995e+02 9.169903e+01 2.008995e+02
      vertex   -1.707490e+02 9.384850e+01 2.011657e+02
    endloop
  endfacet
  facet normal -7.071052e-01 -7.071083e-01 0.000000e+00
    outer loop
      vertex   -1.707490e+02 9.384850e+01 2.011657e+02
      vertex   -1.685995e+02 9.169903e+01 2.008995e+02
      vertex   -1.685995e+02 9.169903e+01 2.349005e+02
    endloop
  endfacet
  facet normal -7.071052e-01 -7.071083e-01 -0.000000e+00
    outer loop
      vertex   -1.707490e+02 9.384850e+01 2.346501e+02
      vertex   -1.707490e+02 9.384850e+01 2.011657e+02
      vertex   -1.685995e+02 9.169903e+01 2.349005e+02
    endloop
  endfacet
  facet normal -7.071068e-01 -7.071068e-01 2.691894e-05
    outer loop
      vertex   -1.707490e+02 9.384850e+01 2.346501e+02
      vertex   -1.685995e+02 9.169903e+01 2.349005e+02
      vertex   -1.707490e+02 9.384850e+01 2.346819e+02
    endloop
  endfacet
  facet normal -7.071068e-01 -7.071068e-01 2.691894e-05
    outer loop
      vertex   -1.707490e+02 9.384850e+01 2.346819e+02
      vertex   -1.685995e+02 9.169903e+01 2.349005e+02
      vertex   -1.707421e+02 9.384165e+01 2.349005e+02
    endloop
  endfacet
  facet normal 0.000000e+00 1.000000e+00 0.000000e+00
    outer loop
      vertex   -1.667490e+02 9.384850e+01 2.386490e+02
      vertex   -1.667490e+02 9.384850e+01 1.971510e+02
      vertex   -1.667500e+02 9.384850e+01 2.386490e+02
    endloop
  endfacet
  facet normal 0.000000e+00 1.000000e+00 0.000000e+00
    outer loop
      vertex   -1.667500e+02 9.384850e+01 2.386490e+02
      vertex   -1.667490e+02 9.384850e+01 1.971510e+02
      vertex   -1.667500e+02 9.384850e+01 1.971510e+02
    endloop
  endfacet
  facet normal 0.000000e+00 1.000000e+00 0.000000e+00
    outer loop
      vertex   -1.667500e+02 9.384850e+01 2.386490e+02
      vertex   -1.667500e+02 9.384850e+01 1.971510e+02
      vertex   -1.667600e+02 9.384850e+01 2.386490e+02
    endloop
  endfacet
  facet normal 0.000000e+00 1.000000e+00 0.000000e+00
    outer loop
      vertex   -1.667600e+02 9.384850e+01 2.386490e+02
      vertex   -1.667500e+02 9.384850e+01 1.971510e+02
      vertex   -1.667600e+02 9.384850e+01 1.971510e+02
    endloop
  endfacet
  facet normal 0.000000e+00 1.000000e+00 0.000000e+00
    outer loop
      vertex   -1.667600e+02 9.384850e+01 2.386490e+02
      vertex   -1.667600e+02 9.384850e+01 1.971510e+02
      vertex   -1.667819e+02 9.384850e+01 2.386490e+02
    endloop
  endfacet
  facet normal 0.000000e+00 1.000000e+00 0.000000e+00
    outer loop
      vertex   -1.667819e+02 9.384850e+01 2.386490e+02
      vertex   -1.667600e+02 9.384850e+01 1.971510e+02
      vertex   -1.667819e+02 9.384850e+01 1.971510e+02
    endloop
  endfacet
  facet normal 0.000000e+00 1.000000e+00 0.000000e+00
    outer loop
      vertex   -1.667819e+02 9.384850e+01 2.386490e+02
      vertex   -1.667819e+02 9.384850e+01 1.971510e+02
      vertex   -1.670005e+02 9.384850e+01 2.386422e+02
    endloop
  endfacet
  facet normal 0.000000e+00 1.000000e+00 0.000000e+00
    outer loop
      vertex   -1.670005e+02 9.384850e+01 2.386422e+02
      vertex   -1.667819e+02 9.384850e+01 1.971510e+02
      vertex   -1.670005e+02 9.384850e+01 1.971579e+02
    endloop
  endfacet
  facet normal 0.000000e+00 1.000000e+00 0.000000e+00
    outer loop
      vertex   -1.670005e+02 9.384850e+01 2.386422e+02
      vertex   -1.670005e+02 9.384850e+01 1.971579e+02
      vertex   -1.670006e+02 9.384850e+01 2.386421e+02
    endloop
  endfacet
  facet normal 0.000000e+00 1.000000e+00 0.000000e+00
    outer loop
      vertex   -1.670006e+02 9.384850e+01 2.386421e+02
      vertex   -1.670005e+02 9.384850e+01 1.971579e+02
      vertex   -1.670006e+02 9.384850e+01 1.971579e+02
    endloop
  endfacet
  facet normal 0.000000e+00 1.000000e+00 0.000000e+00
    outer loop
      vertex   -1.670006e+02 9.384850e+01 2.386421e+02
      vertex   -1.670006e+02 9.384850e+01 1.971579e+02
      vertex   -1.675433e+02 9.384850e+01 2.385706e+02
    endloop
  endfacet
  facet normal 0.000000e+00 1.000000e+00 0.000000e+00
    outer loop
      vertex   -1.675433e+02 9.384850e+01 2.385706e+02
      vertex   -1.670006e+02 9.384850e+01 1.971579e+02
      vertex   -1.677679e+02 9.384850e+01 1.972817e+02
    endloop
  endfacet
  facet normal 0.000000e+00 1.000000e+00 0.000000e+00
    outer loop
      vertex   -1.675433e+02 9.384850e+01 2.385706e+02
      vertex   -1.677679e+02 9.384850e+01 1.972817e+02
      vertex   -1.677688e+02 9.384850e+01 1.972820e+02
    endloop
  endfacet
  facet normal -0.000000e+00 1.000000e+00 0.000000e+00
    outer loop
      vertex   -1.684983e+02 9.384850e+01 1.975523e+02
      vertex   -1.680723e+02 9.384850e+01 2.384251e+02
      vertex   -1.677688e+02 9.384850e+01 1.972820e+02
    endloop
  endfacet
  facet normal 0.000000e+00 1.000000e+00 0.000000e+00
    outer loop
      vertex   -1.677688e+02 9.384850e+01 1.972820e+02
      vertex   -1.680723e+02 9.384850e+01 2.384251e+02
      vertex   -1.680711e+02 9.384850e+01 2.384255e+02
    endloop
  endfacet
  facet normal 0.000000e+00 1.000000e+00 -0.000000e+00
    outer loop
      vertex   -1.677688e+02 9.384850e+01 1.972820e+02
      vertex   -1.680711e+02 9.384850e+01 2.384255e+02
      vertex   -1.675433e+02 9.384850e+01 2.385706e+02
    endloop
  endfacet
  facet normal 0.000000e+00 1.000000e+00 0.000000e+00
    outer loop
      vertex   -1.680723e+02 9.384850e+01 2.384251e+02
      vertex   -1.684983e+02 9.384850e+01 1.975523e+02
      vertex   -1.687780e+02 9.384850e+01 2.380977e+02
    endloop
  endfacet
  facet normal 0.000000e+00 1.000000e+00 0.000000e+00
    outer loop
      vertex   -1.687780e+02 9.384850e+01 2.380977e+02
      vertex   -1.684983e+02 9.384850e+01 1.975523e+02
      vertex   -1.684997e+02 9.384850e+01 1.975531e+02
    endloop
  endfacet
  facet normal 0.000000e+00 1.000000e+00 0.000000e+00
    outer loop
      vertex   -1.687780e+02 9.384850e+01 2.380977e+02
      vertex   -1.684997e+02 9.384850e+01 1.975531e+02
      vertex   -1.687795e+02 9.384850e+01 2.380969e+02
    endloop
  endfacet
  facet normal 0.000000e+00 1.000000e+00 0.000000e+00
    outer loop
      vertex   -1.687795e+02 9.384850e+01 2.380969e+02
      vertex   -1.684997e+02 9.384850e+01 1.975531e+02
      vertex   -1.691634e+02 9.384850e+01 1.979601e+02
    endloop
  endfacet
  facet normal 0.000000e+00 1.000000e+00 0.000000e+00
    outer loop
      vertex   -1.687795e+02 9.384850e+01 2.380969e+02
      vertex   -1.691634e+02 9.384850e+01 1.979601e+02
      vertex   -1.694088e+02 9.384850e+01 2.376383e+02
    endloop
  endfacet
  facet normal 0.000000e+00 1.000000e+00 0.000000e+00
    outer loop
      vertex   -1.694088e+02 9.384850e+01 2.376383e+02
      vertex   -1.691634e+02 9.384850e+01 1.979601e+02
      vertex   -1.691648e+02 9.384850e+01 1.979613e+02
    endloop
  endfacet
  facet normal 0.000000e+00 1.000000e+00 0.000000e+00
    outer loop
      vertex   -1.694088e+02 9.384850e+01 2.376383e+02
      vertex   -1.691648e+02 9.384850e+01 1.979613e+02
      vertex   -1.694103e+02 9.384850e+01 2.376370e+02
    endloop
  endfacet
  facet normal 0.000000e+00 1.000000e+00 0.000000e+00
    outer loop
      vertex   -1.694103e+02 9.384850e+01 2.376370e+02
      vertex   -1.691648e+02 9.384850e+01 1.979613e+02
      vertex   -1.697370e+02 9.384850e+01 1.984897e+02
    endloop
  endfacet
  facet normal 0.000000e+00 1.000000e+00 0.000000e+00
    outer loop
      vertex   -1.694103e+02 9.384850e+01 2.376370e+02
      vertex   -1.697370e+02 9.384850e+01 1.984897e+02
      vertex   -1.699387e+02 9.384850e+01 2.370648e+02
    endloop
  endfacet
  facet normal 0.000000e+00 1.000000e+00 0.000000e+00
    outer loop
      vertex   -1.699387e+02 9.384850e+01 2.370648e+02
      vertex   -1.697370e+02 9.384850e+01 1.984897e+02
      vertex   -1.697383e+02 9.384850e+01 1.984912e+02
    endloop
  endfacet
  facet normal 0.000000e+00 1.000000e+00 0.000000e+00
    outer loop
      vertex   -1.699387e+02 9.384850e+01 2.370648e+02
      vertex   -1.697383e+02 9.384850e+01 1.984912e+02
      vertex   -1.699399e+02 9.384850e+01 2.370634e+02
    endloop
  endfacet
  facet normal 0.000000e+00 1.000000e+00 0.000000e+00
    outer loop
      vertex   -1.699399e+02 9.384850e+01 2.370634e+02
      vertex   -1.697383e+02 9.384850e+01 1.984912e+02
      vertex   -1.701969e+02 9.384850e+01 1.991205e+02
    endloop
  endfacet
  facet normal 0.000000e+00 1.000000e+00 0.000000e+00
    outer loop
      vertex   -1.699399e+02 9.384850e+01 2.370634e+02
      vertex   -1.701969e+02 9.384850e+01 1.991205e+02
      vertex   -1.703469e+02 9.384850e+01 2.363997e+02
    endloop
  endfacet
  facet normal 0.000000e+00 1.000000e+00 0.000000e+00
    outer loop
      vertex   -1.703469e+02 9.384850e+01 2.363997e+02
      vertex   -1.701969e+02 9.384850e+01 1.991205e+02
      vertex   -1.707490e+02 9.384850e+01 2.346501e+02
    endloop
  endfacet
  facet normal 0.000000e+00 1.000000e+00 0.000000e+00
    outer loop
      vertex   -1.703469e+02 9.384850e+01 2.363997e+02
      vertex   -1.707490e+02 9.384850e+01 2.346501e+02
      vertex   -1.703477e+02 9.384850e+01 2.363983e+02
    endloop
  endfacet
  facet normal 0.000000e+00 1.000000e+00 0.000000e+00
    outer loop
      vertex   -1.703477e+02 9.384850e+01 2.363983e+02
      vertex   -1.707490e+02 9.384850e+01 2.346501e+02
      vertex   -1.706180e+02 9.384850e+01 2.356688e+02
    endloop
  endfacet
  facet normal 0.000000e+00 1.000000e+00 0.000000e+00
    outer loop
      vertex   -1.706180e+02 9.384850e+01 2.356688e+02
      vertex   -1.707490e+02 9.384850e+01 2.346501e+02
      vertex   -1.706183e+02 9.384850e+01 2.356679e+02
    endloop
  endfacet
  facet normal 0.000000e+00 1.000000e+00 0.000000e+00
    outer loop
      vertex   -1.706183e+02 9.384850e+01 2.356679e+02
      vertex   -1.707490e+02 9.384850e+01 2.346501e+02
      vertex   -1.707421e+02 9.384850e+01 2.349006e+02
    endloop
  endfacet
  facet normal 0.000000e+00 1.000000e+00 0.000000e+00
    outer loop
      vertex   -1.707421e+02 9.384850e+01 2.349006e+02
      vertex   -1.707490e+02 9.384850e+01 2.346501e+02
      vertex   -1.707490e+02 9.384850e+01 2.346819e+02
    endloop
  endfacet
  facet normal 0.000000e+00 1.000000e+00 0.000000e+00
    outer loop
      vertex   -1.707421e+02 9.384850e+01 2.349006e+02
      vertex   -1.707490e+02 9.384850e+01 2.346819e+02
      vertex   -1.707422e+02 9.384850e+01 2.349005e+02
    endloop
  endfacet
  facet normal 0.000000e+00 1.000000e+00 0.000000e+00
    outer loop
      vertex   -1.707490e+02 9.384850e+01 2.346501e+02
      vertex   -1.701969e+02 9.384850e+01 1.991205e+02
      vertex   -1.707490e+02 9.384850e+01 2.011657e+02
    endloop
  endfacet
  facet normal 0.000000e+00 1.000000e+00 0.000000e+00
    outer loop
      vertex   -1.707490e+02 9.384850e+01 2.011657e+02
      vertex   -1.701969e+02 9.384850e+01 1.991205e+02
      vertex   -1.701977e+02 9.384850e+01 1.991220e+02
    endloop
  endfacet
  facet normal 0.000000e+00 1.000000e+00 0.000000e+00
    outer loop
      vertex   -1.707490e+02 9.384850e+01 2.011657e+02
      vertex   -1.701977e+02 9.384850e+01 1.991220e+02
      vertex   -1.705251e+02 9.384850e+01 1.998277e+02
    endloop
  endfacet
  facet normal 0.000000e+00 1.000000e+00 0.000000e+00
    outer loop
      vertex   -1.705251e+02 9.384850e+01 1.998277e+02
      vertex   -1.705255e+02 9.384850e+01 1.998289e+02
      vertex   -1.707490e+02 9.384850e+01 2.011657e+02
    endloop
  endfacet
  facet normal 0.000000e+00 1.000000e+00 0.000000e+00
    outer loop
      vertex   -1.707490e+02 9.384850e+01 2.011657e+02
      vertex   -1.705255e+02 9.384850e+01 1.998289e+02
      vertex   -1.706705e+02 9.384850e+01 2.003567e+02
    endloop
  endfacet
  facet normal 0.000000e+00 1.000000e+00 0.000000e+00
    outer loop
      vertex   -1.707490e+02 9.384850e+01 2.011657e+02
      vertex   -1.706705e+02 9.384850e+01 2.003567e+02
      vertex   -1.707421e+02 9.384850e+01 2.008994e+02
    endloop
  endfacet
  facet normal -0.000000e+00 1.000000e+00 -0.000000e+00
    outer loop
      vertex   -1.707422e+02 9.384850e+01 2.008995e+02
      vertex   -1.707490e+02 9.384850e+01 2.011181e+02
      vertex   -1.707421e+02 9.384850e+01 2.008994e+02
    endloop
  endfacet
  facet normal 0.000000e+00 1.000000e+00 0.000000e+00
    outer loop
      vertex   -1.707421e+02 9.384850e+01 2.008994e+02
      vertex   -1.707490e+02 9.384850e+01 2.011181e+02
      vertex   -1.707490e+02 9.384850e+01 2.011499e+02
    endloop
  endfacet
  facet normal 0.000000e+00 1.000000e+00 0.000000e+00
    outer loop
      vertex   -1.707421e+02 9.384850e+01 2.008994e+02
      vertex   -1.707490e+02 9.384850e+01 2.011499e+02
      vertex   -1.707490e+02 9.384850e+01 2.011657e+02
    endloop
  endfacet
  facet normal 0.000000e+00 -1.000000e+00 0.000000e+00
    outer loop
      vertex   -1.667500e+02 9.384950e+01 2.386500e+02
      vertex   -1.667500e+02 9.384950e+01 1.971500e+02
      vertex   -1.667490e+02 9.384950e+01 2.386500e+02
    endloop
  endfacet
  facet normal 0.000000e+00 -1.000000e+00 -0.000000e+00
    outer loop
      vertex   -1.667490e+02 9.384950e+01 2.386500e+02
      vertex   -1.667500e+02 9.384950e+01 1.971500e+02
      vertex   -1.667490e+02 9.384950e+01 1.971500e+02
    endloop
  endfacet
  facet normal -1.000000e+00 0.000000e+00 0.000000e+00
    outer loop
      vertex   -1.667490e+02 9.384850e+01 2.386490e+02
      vertex   -1.667490e+02 9.384943e+01 2.386500e+02
      vertex   -1.667490e+02 9.384850e+01 1.971510e+02
    endloop
  endfacet
  facet normal -1.000000e+00 0.000000e+00 0.000000e+00
    outer loop
      vertex   -1.667490e+02 9.384850e+01 1.971510e+02
      vertex   -1.667490e+02 9.384943e+01 2.386500e+02
      vertex   -1.667490e+02 9.384950e+01 1.971500e+02
    endloop
  endfacet
  facet normal -1.000000e+00 0.000000e+00 0.000000e+00
    outer loop
      vertex   -1.667490e+02 9.384950e+01 1.971500e+02
      vertex   -1.667490e+02 9.384943e+01 2.386500e+02
      vertex   -1.667490e+02 9.384950e+01 2.386500e+02
    endloop
  endfacet
  facet normal 5.392607e-13 -7.071083e-01 7.071052e-01
    outer loop
      vertex   -1.667490e+02 9.384943e+01 2.386500e+02
      vertex   -1.667490e+02 9.384850e+01 2.386490e+02
      vertex   -1.329995e+02 9.169903e+01 2.364995e+02
    endloop
  endfacet
  facet normal -7.451738e-15 -7.071083e-01 7.071052e-01
    outer loop
      vertex   -1.329995e+02 9.169903e+01 2.364995e+02
      vertex   -1.667490e+02 9.384850e+01 2.386490e+02
      vertex   -1.667500e+02 9.376365e+01 2.385642e+02
    endloop
  endfacet
  facet normal 0.000000e+00 -7.071083e-01 7.071052e-01
    outer loop
      vertex   -1.329995e+02 9.169903e+01 2.364995e+02
      vertex   -1.667500e+02 9.376365e+01 2.385642e+02
      vertex   -1.670005e+02 9.169903e+01 2.364995e+02
    endloop
  endfacet
  facet normal 0.000000e+00 -7.071083e-01 7.071052e-01
    outer loop
      vertex   -1.670005e+02 9.169903e+01 2.364995e+02
      vertex   -1.667500e+02 9.376365e+01 2.385642e+02
      vertex   -1.667600e+02 9.376365e+01 2.385642e+02
    endloop
  endfacet
  facet normal 0.000000e+00 -7.071083e-01 7.071052e-01
    outer loop
      vertex   -1.667490e+02 9.384850e+01 2.386490e+02
      vertex   -1.667500e+02 9.384850e+01 2.386490e+02
      vertex   -1.667500e+02 9.376365e+01 2.385642e+02
    endloop
  endfacet
  facet normal -1.000000e+00 0.000000e+00 0.000000e+00
    outer loop
      vertex   -1.667500e+02 9.384950e+01 2.386500e+02
      vertex   -1.667500e+02 9.605000e+01 2.010975e+02
      vertex   -1.667500e+02 9.384950e+01 1.971500e+02
    endloop
  endfacet
  facet normal -1.000000e+00 0.000000e+00 0.000000e+00
    outer loop
      vertex   -1.667500e+02 9.384950e+01 1.971500e+02
      vertex   -1.667500e+02 9.605000e+01 2.010975e+02
      vertex   -1.667500e+02 1.310500e+02 1.997976e+02
    endloop
  endfacet
  facet normal -1.000000e+00 0.000000e+00 0.000000e+00
    outer loop
      vertex   -1.667500e+02 9.384950e+01 1.971500e+02
      vertex   -1.667500e+02 1.310500e+02 1.997976e+02
      vertex   -1.667500e+02 1.319430e+02 1.991046e+02
    endloop
  endfacet
  facet normal -1.000000e+00 0.000000e+00 0.000000e+00
    outer loop
      vertex   -1.667500e+02 1.319430e+02 1.991046e+02
      vertex   -1.667500e+02 1.310500e+02 1.997976e+02
      vertex   -1.667500e+02 1.312500e+02 1.997976e+02
    endloop
  endfacet
  facet normal -1.000000e+00 -0.000000e+00 0.000000e+00
    outer loop
      vertex   -1.667500e+02 1.349000e+02 2.386500e+02
      vertex   -1.667500e+02 1.319430e+02 2.366954e+02
      vertex   -1.667500e+02 9.384950e+01 2.386500e+02
    endloop
  endfacet
  facet normal -1.000000e+00 0.000000e+00 0.000000e+00
    outer loop
      vertex   -1.667500e+02 9.384950e+01 2.386500e+02
      vertex   -1.667500e+02 1.319430e+02 2.366954e+02
      vertex   -1.667500e+02 1.310500e+02 2.360024e+02
    endloop
  endfacet
  facet normal -1.000000e+00 0.000000e+00 0.000000e+00
    outer loop
      vertex   -1.667500e+02 9.384950e+01 2.386500e+02
      vertex   -1.667500e+02 1.310500e+02 2.360024e+02
      vertex   -1.667500e+02 9.605000e+01 2.347025e+02
    endloop
  endfacet
  facet normal -1.000000e+00 0.000000e+00 0.000000e+00
    outer loop
      vertex   -1.667500e+02 9.605000e+01 2.347025e+02
      vertex   -1.667500e+02 1.310500e+02 2.360024e+02
      vertex   -1.667500e+02 1.310500e+02 2.347025e+02
    endloop
  endfacet
  facet normal -1.000000e+00 -0.000000e+00 0.000000e+00
    outer loop
      vertex   -1.667500e+02 1.349000e+02 2.378524e+02
      vertex   -1.667500e+02 1.337430e+02 2.366954e+02
      vertex   -1.667500e+02 1.349000e+02 2.386500e+02
    endloop
  endfacet
  facet normal -1.000000e+00 0.000000e+00 0.000000e+00
    outer loop
      vertex   -1.667500e+02 1.349000e+02 2.386500e+02
      vertex   -1.667500e+02 1.337430e+02 2.366954e+02
      vertex   -1.667500e+02 1.319430e+02 2.366954e+02
    endloop
  endfacet
  facet normal -1.000000e+00 0.000000e+00 0.000000e+00
    outer loop
      vertex   -1.667500e+02 1.319430e+02 2.366954e+02
      vertex   -1.667500e+02 1.312500e+02 2.360024e+02
      vertex   -1.667500e+02 1.310500e+02 2.360024e+02
    endloop
  endfacet
  facet normal -1.000000e+00 -0.000000e+00 -0.000000e+00
    outer loop
      vertex   -1.667500e+02 9.605000e+01 2.347025e+02
      vertex   -1.667500e+02 9.605000e+01 2.010975e+02
      vertex   -1.667500e+02 9.384950e+01 2.386500e+02
    endloop
  endfacet
  facet normal -1.000000e+00 0.000000e+00 0.000000e+00
    outer loop
      vertex   -1.667500e+02 9.605000e+01 2.010975e+02
      vertex   -1.667500e+02 1.310500e+02 2.010975e+02
      vertex   -1.667500e+02 1.310500e+02 1.997976e+02
    endloop
  endfacet
  facet normal -1.000000e+00 0.000000e+00 0.000000e+00
    outer loop
      vertex   -1.667500e+02 9.384950e+01 1.971500e+02
      vertex   -1.667500e+02 1.319430e+02 1.991046e+02
      vertex   -1.667500e+02 1.349000e+02 1.971500e+02
    endloop
  endfacet
  facet normal -1.000000e+00 0.000000e+00 0.000000e+00
    outer loop
      vertex   -1.667500e+02 1.349000e+02 1.971500e+02
      vertex   -1.667500e+02 1.319430e+02 1.991046e+02
      vertex   -1.667500e+02 1.337430e+02 1.991046e+02
    endloop
  endfacet
  facet normal -1.000000e+00 0.000000e+00 0.000000e+00
    outer loop
      vertex   -1.667500e+02 1.349000e+02 1.971500e+02
      vertex   -1.667500e+02 1.337430e+02 1.991046e+02
      vertex   -1.667500e+02 1.349000e+02 1.979476e+02
    endloop
  endfacet
  facet normal 0.000000e+00 1.000000e+00 0.000000e+00
    outer loop
      vertex   -1.332500e+02 1.349000e+02 2.386500e+02
      vertex   -1.667500e+02 1.349000e+02 2.378524e+02
      vertex   -1.667500e+02 1.349000e+02 2.386500e+02
    endloop
  endfacet
  facet normal 0.000000e+00 1.000000e+00 -0.000000e+00
    outer loop
      vertex   -1.332500e+02 1.349000e+02 2.378524e+02
      vertex   -1.667500e+02 1.349000e+02 2.378524e+02
      vertex   -1.332500e+02 1.349000e+02 2.386500e+02
    endloop
  endfacet
  facet normal 0.000000e+00 1.000000e+00 -0.000000e+00
    outer loop
      vertex   -1.326252e+02 1.349000e+02 2.377909e+02
      vertex   -1.332500e+02 1.349000e+02 2.386500e+02
      vertex   -1.324696e+02 1.349000e+02 2.385732e+02
    endloop
  endfacet
  facet normal 0.000000e+00 1.000000e+00 0.000000e+00
    outer loop
      vertex   -1.326252e+02 1.349000e+02 2.377909e+02
      vertex   -1.332500e+02 1.349000e+02 2.378524e+02
      vertex   -1.332500e+02 1.349000e+02 2.386500e+02
    endloop
  endfacet
  facet normal 0.000000e+00 1.000000e+00 -0.000000e+00
    outer loop
      vertex   -1.320245e+02 1.349000e+02 2.376087e+02
      vertex   -1.324696e+02 1.349000e+02 2.385732e+02
      vertex   -1.317193e+02 1.349000e+02 2.383455e+02
    endloop
  endfacet
  facet normal 0.000000e+00 1.000000e+00 0.000000e+00
    outer loop
      vertex   -1.320245e+02 1.349000e+02 2.376087e+02
      vertex   -1.326252e+02 1.349000e+02 2.377909e+02
      vertex   -1.324696e+02 1.349000e+02 2.385732e+02
    endloop
  endfacet
  facet normal 0.000000e+00 1.000000e+00 -0.000000e+00
    outer loop
      vertex   -1.314708e+02 1.349000e+02 2.373127e+02
      vertex   -1.317193e+02 1.349000e+02 2.383455e+02
      vertex   -1.310277e+02 1.349000e+02 2.379759e+02
    endloop
  endfacet
  facet normal 0.000000e+00 1.000000e+00 0.000000e+00
    outer loop
      vertex   -1.314708e+02 1.349000e+02 2.373127e+02
      vertex   -1.320245e+02 1.349000e+02 2.376087e+02
      vertex   -1.317193e+02 1.349000e+02 2.383455e+02
    endloop
  endfacet
  facet normal 0.000000e+00 1.000000e+00 -0.000000e+00
    outer loop
      vertex   -1.309855e+02 1.349000e+02 2.369145e+02
      vertex   -1.310277e+02 1.349000e+02 2.379759e+02
      vertex   -1.304216e+02 1.349000e+02 2.374784e+02
    endloop
  endfacet
  facet normal 0.000000e+00 1.000000e+00 0.000000e+00
    outer loop
      vertex   -1.309855e+02 1.349000e+02 2.369145e+02
      vertex   -1.314708e+02 1.349000e+02 2.373127e+02
      vertex   -1.310277e+02 1.349000e+02 2.379759e+02
    endloop
  endfacet
  facet normal 0.000000e+00 1.000000e+00 0.000000e+00
    outer loop
      vertex   -1.299241e+02 1.349000e+02 2.368723e+02
      vertex   -1.309855e+02 1.349000e+02 2.369145e+02
      vertex   -1.304216e+02 1.349000e+02 2.374784e+02
    endloop
  endfacet
  facet normal 0.000000e+00 1.000000e+00 0.000000e+00
    outer loop
      vertex   -1.299241e+02 1.349000e+02 2.368723e+02
      vertex   -1.305873e+02 1.349000e+02 2.364292e+02
      vertex   -1.309855e+02 1.349000e+02 2.369145e+02
    endloop
  endfacet
  facet normal 0.000000e+00 1.000000e+00 -0.000000e+00
    outer loop
      vertex   -1.302913e+02 1.349000e+02 2.358755e+02
      vertex   -1.305873e+02 1.349000e+02 2.364292e+02
      vertex   -1.299241e+02 1.349000e+02 2.368723e+02
    endloop
  endfacet
  facet normal 0.000000e+00 1.000000e+00 0.000000e+00
    outer loop
      vertex   -1.295545e+02 1.349000e+02 2.361807e+02
      vertex   -1.302913e+02 1.349000e+02 2.358755e+02
      vertex   -1.299241e+02 1.349000e+02 2.368723e+02
    endloop
  endfacet
  facet normal 0.000000e+00 1.000000e+00 0.000000e+00
    outer loop
      vertex   -1.293269e+02 1.349000e+02 2.354304e+02
      vertex   -1.301091e+02 1.349000e+02 2.352748e+02
      vertex   -1.302913e+02 1.349000e+02 2.358755e+02
    endloop
  endfacet
  facet normal 0.000000e+00 1.000000e+00 0.000000e+00
    outer loop
      vertex   -1.293269e+02 1.349000e+02 2.354304e+02
      vertex   -1.302913e+02 1.349000e+02 2.358755e+02
      vertex   -1.295545e+02 1.349000e+02 2.361807e+02
    endloop
  endfacet
  facet normal 0.000000e+00 1.000000e+00 -0.000000e+00
    outer loop
      vertex   -1.300476e+02 1.349000e+02 2.346500e+02
      vertex   -1.301091e+02 1.349000e+02 2.352748e+02
      vertex   -1.293269e+02 1.349000e+02 2.354304e+02
    endloop
  endfacet
  facet normal 0.000000e+00 1.000000e+00 0.000000e+00
    outer loop
      vertex   -1.292500e+02 1.349000e+02 2.346500e+02
      vertex   -1.300476e+02 1.349000e+02 2.346500e+02
      vertex   -1.293269e+02 1.349000e+02 2.354304e+02
    endloop
  endfacet
  facet normal 0.000000e+00 1.000000e+00 0.000000e+00
    outer loop
      vertex   -1.292500e+02 1.349000e+02 2.011500e+02
      vertex   -1.301091e+02 1.349000e+02 2.005252e+02
      vertex   -1.300476e+02 1.349000e+02 2.011500e+02
    endloop
  endfacet
  facet normal 0.000000e+00 1.000000e+00 0.000000e+00
    outer loop
      vertex   -1.292500e+02 1.349000e+02 2.011500e+02
      vertex   -1.300476e+02 1.349000e+02 2.011500e+02
      vertex   -1.300476e+02 1.349000e+02 2.346500e+02
    endloop
  endfacet
  facet normal 0.000000e+00 1.000000e+00 -0.000000e+00
    outer loop
      vertex   -1.292500e+02 1.349000e+02 2.011500e+02
      vertex   -1.300476e+02 1.349000e+02 2.346500e+02
      vertex   -1.292500e+02 1.349000e+02 2.346500e+02
    endloop
  endfacet
  facet normal 0.000000e+00 1.000000e+00 -0.000000e+00
    outer loop
      vertex   -1.332500e+02 1.349000e+02 1.971500e+02
      vertex   -1.667500e+02 1.349000e+02 1.979476e+02
      vertex   -1.332500e+02 1.349000e+02 1.979476e+02
    endloop
  endfacet
  facet normal 0.000000e+00 1.000000e+00 0.000000e+00
    outer loop
      vertex   -1.332500e+02 1.349000e+02 1.971500e+02
      vertex   -1.332500e+02 1.349000e+02 1.979476e+02
      vertex   -1.326252e+02 1.349000e+02 1.980091e+02
    endloop
  endfacet
  facet normal 0.000000e+00 1.000000e+00 0.000000e+00
    outer loop
      vertex   -1.332500e+02 1.349000e+02 1.971500e+02
      vertex   -1.667500e+02 1.349000e+02 1.971500e+02
      vertex   -1.667500e+02 1.349000e+02 1.979476e+02
    endloop
  endfacet
  facet normal 0.000000e+00 1.000000e+00 0.000000e+00
    outer loop
      vertex   -1.293269e+02 1.349000e+02 2.003696e+02
      vertex   -1.302913e+02 1.349000e+02 1.999245e+02
      vertex   -1.301091e+02 1.349000e+02 2.005252e+02
    endloop
  endfacet
  facet normal 0.000000e+00 1.000000e+00 -0.000000e+00
    outer loop
      vertex   -1.293269e+02 1.349000e+02 2.003696e+02
      vertex   -1.301091e+02 1.349000e+02 2.005252e+02
      vertex   -1.292500e+02 1.349000e+02 2.011500e+02
    endloop
  endfacet
  facet normal 0.000000e+00 1.000000e+00 -0.000000e+00
    outer loop
      vertex   -1.324696e+02 1.349000e+02 1.972269e+02
      vertex   -1.326252e+02 1.349000e+02 1.980091e+02
      vertex   -1.320245e+02 1.349000e+02 1.981913e+02
    endloop
  endfacet
  facet normal 0.000000e+00 1.000000e+00 0.000000e+00
    outer loop
      vertex   -1.324696e+02 1.349000e+02 1.972269e+02
      vertex   -1.332500e+02 1.349000e+02 1.971500e+02
      vertex   -1.326252e+02 1.349000e+02 1.980091e+02
    endloop
  endfacet
  facet normal 0.000000e+00 1.000000e+00 -0.000000e+00
    outer loop
      vertex   -1.295545e+02 1.349000e+02 1.996193e+02
      vertex   -1.302913e+02 1.349000e+02 1.999245e+02
      vertex   -1.293269e+02 1.349000e+02 2.003696e+02
    endloop
  endfacet
  facet normal 0.000000e+00 1.000000e+00 -0.000000e+00
    outer loop
      vertex   -1.317193e+02 1.349000e+02 1.974545e+02
      vertex   -1.320245e+02 1.349000e+02 1.981913e+02
      vertex   -1.314708e+02 1.349000e+02 1.984873e+02
    endloop
  endfacet
  facet normal 0.000000e+00 1.000000e+00 0.000000e+00
    outer loop
      vertex   -1.317193e+02 1.349000e+02 1.974545e+02
      vertex   -1.324696e+02 1.349000e+02 1.972269e+02
      vertex   -1.320245e+02 1.349000e+02 1.981913e+02
    endloop
  endfacet
  facet normal 0.000000e+00 1.000000e+00 -0.000000e+00
    outer loop
      vertex   -1.299241e+02 1.349000e+02 1.989277e+02
      vertex   -1.302913e+02 1.349000e+02 1.999245e+02
      vertex   -1.295545e+02 1.349000e+02 1.996193e+02
    endloop
  endfacet
  facet normal 0.000000e+00 1.000000e+00 0.000000e+00
    outer loop
      vertex   -1.299241e+02 1.349000e+02 1.989277e+02
      vertex   -1.305873e+02 1.349000e+02 1.993708e+02
      vertex   -1.302913e+02 1.349000e+02 1.999245e+02
    endloop
  endfacet
  facet normal 0.000000e+00 1.000000e+00 0.000000e+00
    outer loop
      vertex   -1.310277e+02 1.349000e+02 1.978241e+02
      vertex   -1.317193e+02 1.349000e+02 1.974545e+02
      vertex   -1.314708e+02 1.349000e+02 1.984873e+02
    endloop
  endfacet
  facet normal 0.000000e+00 1.000000e+00 -0.000000e+00
    outer loop
      vertex   -1.304216e+02 1.349000e+02 1.983216e+02
      vertex   -1.305873e+02 1.349000e+02 1.993708e+02
      vertex   -1.299241e+02 1.349000e+02 1.989277e+02
    endloop
  endfacet
  facet normal 0.000000e+00 1.000000e+00 0.000000e+00
    outer loop
      vertex   -1.304216e+02 1.349000e+02 1.983216e+02
      vertex   -1.310277e+02 1.349000e+02 1.978241e+02
      vertex   -1.314708e+02 1.349000e+02 1.984873e+02
    endloop
  endfacet
  facet normal 0.000000e+00 1.000000e+00 0.000000e+00
    outer loop
      vertex   -1.304216e+02 1.349000e+02 1.983216e+02
      vertex   -1.314708e+02 1.349000e+02 1.984873e+02
      vertex   -1.309855e+02 1.349000e+02 1.988855e+02
    endloop
  endfacet
  facet normal 0.000000e+00 1.000000e+00 0.000000e+00
    outer loop
      vertex   -1.304216e+02 1.349000e+02 1.983216e+02
      vertex   -1.309855e+02 1.349000e+02 1.988855e+02
      vertex   -1.305873e+02 1.349000e+02 1.993708e+02
    endloop
  endfacet
  facet normal 0.000000e+00 -0.000000e+00 1.000000e+00
    outer loop
      vertex   -1.332500e+02 9.384950e+01 2.386500e+02
      vertex   -1.332500e+02 1.349000e+02 2.386500e+02
      vertex   -1.667500e+02 1.349000e+02 2.386500e+02
    endloop
  endfacet
  facet normal 0.000000e+00 0.000000e+00 1.000000e+00
    outer loop
      vertex   -1.332500e+02 9.384950e+01 2.386500e+02
      vertex   -1.667500e+02 1.349000e+02 2.386500e+02
      vertex   -1.667490e+02 9.384950e+01 2.386500e+02
    endloop
  endfacet
  facet normal 0.000000e+00 0.000000e+00 1.000000e+00
    outer loop
      vertex   -1.667490e+02 9.384950e+01 2.386500e+02
      vertex   -1.667500e+02 1.349000e+02 2.386500e+02
      vertex   -1.667500e+02 9.384950e+01 2.386500e+02
    endloop
  endfacet
  facet normal 0.000000e+00 0.000000e+00 -1.000000e+00
    outer loop
      vertex   -1.667500e+02 9.384950e+01 1.971500e+02
      vertex   -1.667500e+02 1.349000e+02 1.971500e+02
      vertex   -1.667490e+02 9.384950e+01 1.971500e+02
    endloop
  endfacet
  facet normal 0.000000e+00 0.000000e+00 -1.000000e+00
    outer loop
      vertex   -1.667490e+02 9.384950e+01 1.971500e+02
      vertex   -1.667500e+02 1.349000e+02 1.971500e+02
      vertex   -1.332500e+02 9.384950e+01 1.971500e+02
    endloop
  endfacet
  facet normal 0.000000e+00 0.000000e+00 -1.000000e+00
    outer loop
      vertex   -1.332500e+02 9.384950e+01 1.971500e+02
      vertex   -1.667500e+02 1.349000e+02 1.971500e+02
      vertex   -1.332500e+02 1.349000e+02 1.971500e+02
    endloop
  endfacet
  facet normal 9.802728e-02 4.076044e-04 9.951836e-01
    outer loop
      vertex   -1.329995e+02 9.384165e+01 2.386422e+02
      vertex   -1.324696e+02 1.349000e+02 2.385732e+02
      vertex   -1.332500e+02 1.349000e+02 2.386500e+02
    endloop
  endfacet
  facet normal 3.135474e-02 0.000000e+00 9.995083e-01
    outer loop
      vertex   -1.329995e+02 9.384165e+01 2.386422e+02
      vertex   -1.332500e+02 1.349000e+02 2.386500e+02
      vertex   -1.332500e+02 9.384950e+01 2.386500e+02
    endloop
  endfacet
  facet normal 2.902855e-01 4.016388e-04 9.569400e-01
    outer loop
      vertex   -1.322318e+02 9.379829e+01 2.385183e+02
      vertex   -1.317193e+02 1.349000e+02 2.383455e+02
      vertex   -1.324696e+02 1.349000e+02 2.385732e+02
    endloop
  endfacet
  facet normal 1.593135e-01 -3.966571e-04 9.872280e-01
    outer loop
      vertex   -1.322318e+02 9.379829e+01 2.385183e+02
      vertex   -1.324696e+02 1.349000e+02 2.385732e+02
      vertex   -1.329995e+02 9.384165e+01 2.386422e+02
    endloop
  endfacet
  facet normal 4.713960e-01 3.962379e-04 8.819216e-01
    outer loop
      vertex   -1.315013e+02 9.376702e+01 2.382475e+02
      vertex   -1.310277e+02 1.349000e+02 2.379759e+02
      vertex   -1.317193e+02 1.349000e+02 2.383455e+02
    endloop
  endfacet
  facet normal 3.475244e-01 -3.931145e-04 9.376709e-01
    outer loop
      vertex   -1.315013e+02 9.376702e+01 2.382475e+02
      vertex   -1.317193e+02 1.349000e+02 2.383455e+02
      vertex   -1.322318e+02 9.379829e+01 2.385183e+02
    endloop
  endfacet
  facet normal 6.343822e-01 3.924890e-04 7.730195e-01
    outer loop
      vertex   -1.308362e+02 9.374941e+01 2.378396e+02
      vertex   -1.304216e+02 1.349000e+02 2.374784e+02
      vertex   -1.310277e+02 1.349000e+02 2.379759e+02
    endloop
  endfacet
  facet normal 5.227935e-01 -3.900482e-04 8.524592e-01
    outer loop
      vertex   -1.308362e+02 9.374941e+01 2.378396e+02
      vertex   -1.310277e+02 1.349000e+02 2.379759e+02
      vertex   -1.315013e+02 9.376702e+01 2.382475e+02
    endloop
  endfacet
  facet normal 7.730124e-01 3.892052e-04 6.343907e-01
    outer loop
      vertex   -1.302626e+02 9.374639e+01 2.373099e+02
      vertex   -1.299241e+02 1.349000e+02 2.368723e+02
      vertex   -1.304216e+02 1.349000e+02 2.374784e+02
    endloop
  endfacet
  facet normal 6.783895e-01 -3.871653e-04 7.347023e-01
    outer loop
      vertex   -1.302626e+02 9.374639e+01 2.373099e+02
      vertex   -1.304216e+02 1.349000e+02 2.374784e+02
      vertex   -1.308362e+02 9.374941e+01 2.378396e+02
    endloop
  endfacet
  facet normal 8.819239e-01 3.857949e-04 4.713916e-01
    outer loop
      vertex   -1.298029e+02 9.375813e+01 2.366791e+02
      vertex   -1.295545e+02 1.349000e+02 2.361807e+02
      vertex   -1.299241e+02 1.349000e+02 2.368723e+02
    endloop
  endfacet
  facet normal 8.081795e-01 -3.833822e-04 5.889361e-01
    outer loop
      vertex   -1.298029e+02 9.375813e+01 2.366791e+02
      vertex   -1.299241e+02 1.349000e+02 2.368723e+02
      vertex   -1.302626e+02 9.374639e+01 2.373099e+02
    endloop
  endfacet
  facet normal 9.569400e-01 3.814389e-04 2.902855e-01
    outer loop
      vertex   -1.294748e+02 9.378399e+01 2.359719e+02
      vertex   -1.293269e+02 1.349000e+02 2.354304e+02
      vertex   -1.295545e+02 1.349000e+02 2.361807e+02
    endloop
  endfacet
  facet normal 9.071200e-01 -3.783173e-04 4.208720e-01
    outer loop
      vertex   -1.294748e+02 9.378399e+01 2.359719e+02
      vertex   -1.295545e+02 1.349000e+02 2.361807e+02
      vertex   -1.298029e+02 9.375813e+01 2.366791e+02
    endloop
  endfacet
  facet normal 9.642398e-01 2.253847e-05 2.650314e-01
    outer loop
      vertex   -1.293295e+02 9.380997e+01 2.354433e+02
      vertex   -1.293269e+02 1.349000e+02 2.354304e+02
      vertex   -1.294748e+02 9.378399e+01 2.359719e+02
    endloop
  endfacet
  facet normal 9.951851e-01 4.077701e-04 9.801286e-02
    outer loop
      vertex   -1.292579e+02 9.384165e+01 2.349005e+02
      vertex   -1.292500e+02 1.349000e+02 2.346500e+02
      vertex   -1.293269e+02 1.349000e+02 2.354304e+02
    endloop
  endfacet
  facet normal 9.914115e-01 -2.142851e-05 1.307795e-01
    outer loop
      vertex   -1.292579e+02 9.384165e+01 2.349005e+02
      vertex   -1.293269e+02 1.349000e+02 2.354304e+02
      vertex   -1.293295e+02 9.380997e+01 2.354433e+02
    endloop
  endfacet
  facet normal 9.995095e-01 -0.000000e+00 3.131553e-02
    outer loop
      vertex   -1.292500e+02 9.384950e+01 2.346500e+02
      vertex   -1.292500e+02 1.349000e+02 2.346500e+02
      vertex   -1.292579e+02 9.384165e+01 2.349005e+02
    endloop
  endfacet
  facet normal 9.951851e-01 4.077701e-04 -9.801286e-02
    outer loop
      vertex   -1.292579e+02 9.384165e+01 2.008995e+02
      vertex   -1.293269e+02 1.349000e+02 2.003696e+02
      vertex   -1.292500e+02 1.349000e+02 2.011500e+02
    endloop
  endfacet
  facet normal 9.995095e-01 0.000000e+00 -3.131553e-02
    outer loop
      vertex   -1.292579e+02 9.384165e+01 2.008995e+02
      vertex   -1.292500e+02 1.349000e+02 2.011500e+02
      vertex   -1.292500e+02 9.384950e+01 2.011500e+02
    endloop
  endfacet
  facet normal 9.569400e-01 4.012820e-04 -2.902855e-01
    outer loop
      vertex   -1.293818e+02 9.379829e+01 2.001318e+02
      vertex   -1.295545e+02 1.349000e+02 1.996193e+02
      vertex   -1.293269e+02 1.349000e+02 2.003696e+02
    endloop
  endfacet
  facet normal 9.872257e-01 -3.968768e-04 -1.593274e-01
    outer loop
      vertex   -1.293818e+02 9.379829e+01 2.001318e+02
      vertex   -1.293269e+02 1.349000e+02 2.003696e+02
      vertex   -1.292579e+02 9.384165e+01 2.008995e+02
    endloop
  endfacet
  facet normal 8.819239e-01 3.964135e-04 -4.713916e-01
    outer loop
      vertex   -1.296525e+02 9.376702e+01 1.994013e+02
      vertex   -1.299241e+02 1.349000e+02 1.989277e+02
      vertex   -1.295545e+02 1.349000e+02 1.996193e+02
    endloop
  endfacet
  facet normal 9.376818e-01 -3.930795e-04 -3.474949e-01
    outer loop
      vertex   -1.296525e+02 9.376702e+01 1.994013e+02
      vertex   -1.295545e+02 1.349000e+02 1.996193e+02
      vertex   -1.293818e+02 9.379829e+01 2.001318e+02
    endloop
  endfacet
  facet normal 7.730124e-01 3.926993e-04 -6.343907e-01
    outer loop
      vertex   -1.300604e+02 9.374941e+01 1.987362e+02
      vertex   -1.304216e+02 1.349000e+02 1.983216e+02
      vertex   -1.299241e+02 1.349000e+02 1.989277e+02
    endloop
  endfacet
  facet normal 8.524592e-01 -3.899271e-04 -5.227935e-01
    outer loop
      vertex   -1.300604e+02 9.374941e+01 1.987362e+02
      vertex   -1.299241e+02 1.349000e+02 1.989277e+02
      vertex   -1.296525e+02 9.376702e+01 1.994013e+02
    endloop
  endfacet
  facet normal 6.343822e-01 3.892032e-04 -7.730195e-01
    outer loop
      vertex   -1.305901e+02 9.374639e+01 1.981626e+02
      vertex   -1.310277e+02 1.349000e+02 1.978241e+02
      vertex   -1.304216e+02 1.349000e+02 1.983216e+02
    endloop
  endfacet
  facet normal 7.346911e-01 -3.870462e-04 -6.784017e-01
    outer loop
      vertex   -1.305901e+02 9.374639e+01 1.981626e+02
      vertex   -1.304216e+02 1.349000e+02 1.983216e+02
      vertex   -1.300604e+02 9.374941e+01 1.987362e+02
    endloop
  endfacet
  facet normal 4.713960e-01 3.860810e-04 -8.819216e-01
    outer loop
      vertex   -1.312209e+02 9.375813e+01 1.977029e+02
      vertex   -1.317193e+02 1.349000e+02 1.974545e+02
      vertex   -1.310277e+02 1.349000e+02 1.978241e+02
    endloop
  endfacet
  facet normal 5.889441e-01 -3.831130e-04 -8.081737e-01
    outer loop
      vertex   -1.312209e+02 9.375813e+01 1.977029e+02
      vertex   -1.310277e+02 1.349000e+02 1.978241e+02
      vertex   -1.305901e+02 9.374639e+01 1.981626e+02
    endloop
  endfacet
  facet normal 2.902855e-01 3.814389e-04 -9.569400e-01
    outer loop
      vertex   -1.319281e+02 9.378399e+01 1.973748e+02
      vertex   -1.324696e+02 1.349000e+02 1.972269e+02
      vertex   -1.317193e+02 1.349000e+02 1.974545e+02
    endloop
  endfacet
  facet normal 4.208627e-01 -3.782614e-04 -9.071243e-01
    outer loop
      vertex   -1.319281e+02 9.378399e+01 1.973748e+02
      vertex   -1.317193e+02 1.349000e+02 1.974545e+02
      vertex   -1.312209e+02 9.375813e+01 1.977029e+02
    endloop
  endfacet
  facet normal 2.650314e-01 2.253847e-05 -9.642398e-01
    outer loop
      vertex   -1.324567e+02 9.380997e+01 1.972295e+02
      vertex   -1.324696e+02 1.349000e+02 1.972269e+02
      vertex   -1.319281e+02 9.378399e+01 1.973748e+02
    endloop
  endfacet
  facet normal 9.802728e-02 4.076044e-04 -9.951836e-01
    outer loop
      vertex   -1.329995e+02 9.384165e+01 1.971579e+02
      vertex   -1.332500e+02 1.349000e+02 1.971500e+02
      vertex   -1.324696e+02 1.349000e+02 1.972269e+02
    endloop
  endfacet
  facet normal 1.307818e-01 -2.142778e-05 -9.914112e-01
    outer loop
      vertex   -1.329995e+02 9.384165e+01 1.971579e+02
      vertex   -1.324696e+02 1.349000e+02 1.972269e+02
      vertex   -1.324567e+02 9.380997e+01 1.972295e+02
    endloop
  endfacet
  facet normal 3.135474e-02 0.000000e+00 -9.995083e-01
    outer loop
      vertex   -1.332500e+02 9.384950e+01 1.971500e+02
      vertex   -1.332500e+02 1.349000e+02 1.971500e+02
      vertex   -1.329995e+02 9.384165e+01 1.971579e+02
    endloop
  endfacet
  facet normal 1.000000e+00 0.000000e+00 0.000000e+00
    outer loop
      vertex   -1.292500e+02 9.384950e+01 2.011500e+02
      vertex   -1.292500e+02 1.349000e+02 2.011500e+02
      vertex   -1.292500e+02 1.349000e+02 2.346500e+02
    endloop
  endfacet
  facet normal 1.000000e+00 0.000000e+00 0.000000e+00
    outer loop
      vertex   -1.292500e+02 9.384950e+01 2.011500e+02
      vertex   -1.292500e+02 1.349000e+02 2.346500e+02
      vertex   -1.292500e+02 9.384950e+01 2.346500e+02
    endloop
  endfacet
  facet normal 0.000000e+00 7.071010e-01 -7.071126e-01
    outer loop
      vertex   -1.667500e+02 1.349000e+02 2.378524e+02
      vertex   -1.332500e+02 1.337430e+02 2.366954e+02
      vertex   -1.667500e+02 1.337430e+02 2.366954e+02
    endloop
  endfacet
  facet normal 0.000000e+00 7.071010e-01 -7.071126e-01
    outer loop
      vertex   -1.667500e+02 1.349000e+02 2.378524e+02
      vertex   -1.332500e+02 1.349000e+02 2.378524e+02
      vertex   -1.332500e+02 1.337430e+02 2.366954e+02
    endloop
  endfacet
  facet normal -7.054005e-01 7.053946e-01 -6.948811e-02
    outer loop
      vertex   -1.312439e+02 1.337430e+02 2.350491e+02
      vertex   -1.300476e+02 1.349000e+02 2.346500e+02
      vertex   -1.312046e+02 1.337430e+02 2.346500e+02
    endloop
  endfacet
  facet normal -7.053985e-01 7.053982e-01 -6.947171e-02
    outer loop
      vertex   -1.312439e+02 1.337430e+02 2.350491e+02
      vertex   -1.301091e+02 1.349000e+02 2.352748e+02
      vertex   -1.300476e+02 1.349000e+02 2.346500e+02
    endloop
  endfacet
  facet normal -6.782885e-01 7.053999e-01 -2.057563e-01
    outer loop
      vertex   -1.313603e+02 1.337430e+02 2.354327e+02
      vertex   -1.302913e+02 1.349000e+02 2.358755e+02
      vertex   -1.301091e+02 1.349000e+02 2.352748e+02
    endloop
  endfacet
  facet normal -6.782875e-01 7.053972e-01 -2.057690e-01
    outer loop
      vertex   -1.313603e+02 1.337430e+02 2.354327e+02
      vertex   -1.301091e+02 1.349000e+02 2.352748e+02
      vertex   -1.312439e+02 1.337430e+02 2.350491e+02
    endloop
  endfacet
  facet normal -6.251142e-01 7.053978e-01 -3.341350e-01
    outer loop
      vertex   -1.315493e+02 1.337430e+02 2.357864e+02
      vertex   -1.305873e+02 1.349000e+02 2.364292e+02
      vertex   -1.302913e+02 1.349000e+02 2.358755e+02
    endloop
  endfacet
  facet normal -6.251183e-01 7.054011e-01 -3.341202e-01
    outer loop
      vertex   -1.315493e+02 1.337430e+02 2.357864e+02
      vertex   -1.302913e+02 1.349000e+02 2.358755e+02
      vertex   -1.313603e+02 1.337430e+02 2.354327e+02
    endloop
  endfacet
  facet normal -5.479214e-01 7.054018e-01 -4.496560e-01
    outer loop
      vertex   -1.318037e+02 1.337430e+02 2.360963e+02
      vertex   -1.309855e+02 1.349000e+02 2.369145e+02
      vertex   -1.305873e+02 1.349000e+02 2.364292e+02
    endloop
  endfacet
  facet normal -5.479116e-01 7.053971e-01 -4.496753e-01
    outer loop
      vertex   -1.318037e+02 1.337430e+02 2.360963e+02
      vertex   -1.305873e+02 1.349000e+02 2.364292e+02
      vertex   -1.315493e+02 1.337430e+02 2.357864e+02
    endloop
  endfacet
  facet normal -4.496554e-01 7.053943e-01 -5.479314e-01
    outer loop
      vertex   -1.321136e+02 1.337430e+02 2.363507e+02
      vertex   -1.314708e+02 1.349000e+02 2.373127e+02
      vertex   -1.309855e+02 1.349000e+02 2.369145e+02
    endloop
  endfacet
  facet normal -3.341413e-01 7.053941e-01 -6.251151e-01
    outer loop
      vertex   -1.321136e+02 1.337430e+02 2.363507e+02
      vertex   -1.320245e+02 1.349000e+02 2.376087e+02
      vertex   -1.314708e+02 1.349000e+02 2.373127e+02
    endloop
  endfacet
  facet normal -4.496813e-01 7.054034e-01 -5.478984e-01
    outer loop
      vertex   -1.321136e+02 1.337430e+02 2.363507e+02
      vertex   -1.309855e+02 1.349000e+02 2.369145e+02
      vertex   -1.318037e+02 1.337430e+02 2.360963e+02
    endloop
  endfacet
  facet normal -3.341293e-01 7.053968e-01 -6.251184e-01
    outer loop
      vertex   -1.324673e+02 1.337430e+02 2.365397e+02
      vertex   -1.320245e+02 1.349000e+02 2.376087e+02
      vertex   -1.321136e+02 1.337430e+02 2.363507e+02
    endloop
  endfacet
  facet normal -2.057503e-01 7.053970e-01 -6.782933e-01
    outer loop
      vertex   -1.328510e+02 1.337430e+02 2.366561e+02
      vertex   -1.326252e+02 1.349000e+02 2.377909e+02
      vertex   -1.320245e+02 1.349000e+02 2.376087e+02
    endloop
  endfacet
  facet normal -2.057447e-01 7.053956e-01 -6.782965e-01
    outer loop
      vertex   -1.328510e+02 1.337430e+02 2.366561e+02
      vertex   -1.320245e+02 1.349000e+02 2.376087e+02
      vertex   -1.324673e+02 1.337430e+02 2.365397e+02
    endloop
  endfacet
  facet normal -6.947227e-02 7.053925e-01 -7.054041e-01
    outer loop
      vertex   -1.332500e+02 1.337430e+02 2.366954e+02
      vertex   -1.332500e+02 1.349000e+02 2.378524e+02
      vertex   -1.326252e+02 1.349000e+02 2.377909e+02
    endloop
  endfacet
  facet normal -6.949119e-02 7.053969e-01 -7.053979e-01
    outer loop
      vertex   -1.332500e+02 1.337430e+02 2.366954e+02
      vertex   -1.326252e+02 1.349000e+02 2.377909e+02
      vertex   -1.328510e+02 1.337430e+02 2.366561e+02
    endloop
  endfacet
  facet normal -7.071097e-01 7.071039e-01 0.000000e+00
    outer loop
      vertex   -1.300476e+02 1.349000e+02 2.346500e+02
      vertex   -1.312046e+02 1.337430e+02 2.011500e+02
      vertex   -1.312046e+02 1.337430e+02 2.346500e+02
    endloop
  endfacet
  facet normal -7.071097e-01 7.071039e-01 0.000000e+00
    outer loop
      vertex   -1.300476e+02 1.349000e+02 2.346500e+02
      vertex   -1.300476e+02 1.349000e+02 2.011500e+02
      vertex   -1.312046e+02 1.337430e+02 2.011500e+02
    endloop
  endfacet
  facet normal -6.949171e-02 7.053916e-01 7.054032e-01
    outer loop
      vertex   -1.328510e+02 1.337430e+02 1.991439e+02
      vertex   -1.332500e+02 1.349000e+02 1.979476e+02
      vertex   -1.332500e+02 1.337430e+02 1.991046e+02
    endloop
  endfacet
  facet normal -6.947194e-02 7.053959e-01 7.054008e-01
    outer loop
      vertex   -1.328510e+02 1.337430e+02 1.991439e+02
      vertex   -1.326252e+02 1.349000e+02 1.980091e+02
      vertex   -1.332500e+02 1.349000e+02 1.979476e+02
    endloop
  endfacet
  facet normal -2.057506e-01 7.053959e-01 6.782944e-01
    outer loop
      vertex   -1.324673e+02 1.337430e+02 1.992603e+02
      vertex   -1.320245e+02 1.349000e+02 1.981913e+02
      vertex   -1.326252e+02 1.349000e+02 1.980091e+02
    endloop
  endfacet
  facet normal -2.057442e-01 7.053973e-01 6.782949e-01
    outer loop
      vertex   -1.324673e+02 1.337430e+02 1.992603e+02
      vertex   -1.326252e+02 1.349000e+02 1.980091e+02
      vertex   -1.328510e+02 1.337430e+02 1.991439e+02
    endloop
  endfacet
  facet normal -3.341413e-01 7.053941e-01 6.251151e-01
    outer loop
      vertex   -1.321136e+02 1.337430e+02 1.994493e+02
      vertex   -1.314708e+02 1.349000e+02 1.984873e+02
      vertex   -1.320245e+02 1.349000e+02 1.981913e+02
    endloop
  endfacet
  facet normal -3.341293e-01 7.053968e-01 6.251184e-01
    outer loop
      vertex   -1.321136e+02 1.337430e+02 1.994493e+02
      vertex   -1.320245e+02 1.349000e+02 1.981913e+02
      vertex   -1.324673e+02 1.337430e+02 1.992603e+02
    endloop
  endfacet
  facet normal -4.496509e-01 7.054014e-01 5.479260e-01
    outer loop
      vertex   -1.318037e+02 1.337430e+02 1.997037e+02
      vertex   -1.309855e+02 1.349000e+02 1.988855e+02
      vertex   -1.314708e+02 1.349000e+02 1.984873e+02
    endloop
  endfacet
  facet normal -4.496884e-01 7.053923e-01 5.479070e-01
    outer loop
      vertex   -1.318037e+02 1.337430e+02 1.997037e+02
      vertex   -1.314708e+02 1.349000e+02 1.984873e+02
      vertex   -1.321136e+02 1.337430e+02 1.994493e+02
    endloop
  endfacet
  facet normal -5.479242e-01 7.053981e-01 4.496583e-01
    outer loop
      vertex   -1.315493e+02 1.337430e+02 2.000136e+02
      vertex   -1.305873e+02 1.349000e+02 1.993708e+02
      vertex   -1.309855e+02 1.349000e+02 1.988855e+02
    endloop
  endfacet
  facet normal -5.479072e-01 7.054028e-01 4.496717e-01
    outer loop
      vertex   -1.315493e+02 1.337430e+02 2.000136e+02
      vertex   -1.309855e+02 1.349000e+02 1.988855e+02
      vertex   -1.318037e+02 1.337430e+02 1.997037e+02
    endloop
  endfacet
  facet normal -6.251119e-01 7.054004e-01 3.341338e-01
    outer loop
      vertex   -1.313603e+02 1.337430e+02 2.003673e+02
      vertex   -1.302913e+02 1.349000e+02 1.999245e+02
      vertex   -1.305873e+02 1.349000e+02 1.993708e+02
    endloop
  endfacet
  facet normal -6.251219e-01 7.053970e-01 3.341221e-01
    outer loop
      vertex   -1.313603e+02 1.337430e+02 2.003673e+02
      vertex   -1.305873e+02 1.349000e+02 1.993708e+02
      vertex   -1.315493e+02 1.337430e+02 2.000136e+02
    endloop
  endfacet
  facet normal -6.782905e-01 7.053978e-01 2.057570e-01
    outer loop
      vertex   -1.312439e+02 1.337430e+02 2.007510e+02
      vertex   -1.301091e+02 1.349000e+02 2.005252e+02
      vertex   -1.302913e+02 1.349000e+02 1.999245e+02
    endloop
  endfacet
  facet normal -6.782843e-01 7.054006e-01 2.057680e-01
    outer loop
      vertex   -1.312439e+02 1.337430e+02 2.007510e+02
      vertex   -1.302913e+02 1.349000e+02 1.999245e+02
      vertex   -1.313603e+02 1.337430e+02 2.003673e+02
    endloop
  endfacet
  facet normal -7.054012e-01 7.053954e-01 6.947199e-02
    outer loop
      vertex   -1.312046e+02 1.337430e+02 2.011500e+02
      vertex   -1.300476e+02 1.349000e+02 2.011500e+02
      vertex   -1.301091e+02 1.349000e+02 2.005252e+02
    endloop
  endfacet
  facet normal -7.053961e-01 7.053990e-01 6.948769e-02
    outer loop
      vertex   -1.312046e+02 1.337430e+02 2.011500e+02
      vertex   -1.301091e+02 1.349000e+02 2.005252e+02
      vertex   -1.312439e+02 1.337430e+02 2.007510e+02
    endloop
  endfacet
  facet normal 0.000000e+00 7.071010e-01 7.071126e-01
    outer loop
      vertex   -1.332500e+02 1.349000e+02 1.979476e+02
      vertex   -1.667500e+02 1.337430e+02 1.991046e+02
      vertex   -1.332500e+02 1.337430e+02 1.991046e+02
    endloop
  endfacet
  facet normal 0.000000e+00 7.071010e-01 7.071126e-01
    outer loop
      vertex   -1.332500e+02 1.349000e+02 1.979476e+02
      vertex   -1.667500e+02 1.349000e+02 1.979476e+02
      vertex   -1.667500e+02 1.337430e+02 1.991046e+02
    endloop
  endfacet
  facet normal 2.691997e-05 -7.071068e-01 -7.071068e-01
    outer loop
      vertex   -1.329995e+02 9.169903e+01 1.993005e+02
      vertex   -1.332500e+02 9.384950e+01 1.971500e+02
      vertex   -1.329995e+02 9.384165e+01 1.971579e+02
    endloop
  endfacet
  facet normal 2.691997e-05 -7.071068e-01 7.071068e-01
    outer loop
      vertex   -1.329995e+02 9.169903e+01 2.364995e+02
      vertex   -1.329995e+02 9.384165e+01 2.386422e+02
      vertex   -1.332500e+02 9.384950e+01 2.386500e+02
    endloop
  endfacet
  facet normal 0.000000e+00 -7.071083e-01 7.071052e-01
    outer loop
      vertex   -1.667490e+02 9.384950e+01 2.386500e+02
      vertex   -1.667490e+02 9.384943e+01 2.386500e+02
      vertex   -1.332500e+02 9.384950e+01 2.386500e+02
    endloop
  endfacet
  facet normal -1.761594e-16 -7.071083e-01 7.071052e-01
    outer loop
      vertex   -1.332500e+02 9.384950e+01 2.386500e+02
      vertex   -1.667490e+02 9.384943e+01 2.386500e+02
      vertex   -1.329995e+02 9.169903e+01 2.364995e+02
    endloop
  endfacet
  facet normal 7.071068e-01 -7.071068e-01 0.000000e+00
    outer loop
      vertex   -1.314005e+02 9.169903e+01 2.349005e+02
      vertex   -1.292500e+02 9.384950e+01 2.346500e+02
      vertex   -1.292579e+02 9.384165e+01 2.349005e+02
    endloop
  endfacet
  facet normal 7.071068e-01 -7.071068e-01 0.000000e+00
    outer loop
      vertex   -1.314005e+02 9.169903e+01 2.008995e+02
      vertex   -1.292579e+02 9.384165e+01 2.008995e+02
      vertex   -1.292500e+02 9.384950e+01 2.011500e+02
    endloop
  endfacet
  facet normal 7.071068e-01 -7.071068e-01 0.000000e+00
    outer loop
      vertex   -1.314005e+02 9.169903e+01 2.008995e+02
      vertex   -1.292500e+02 9.384950e+01 2.011500e+02
      vertex   -1.292500e+02 9.384950e+01 2.346500e+02
    endloop
  endfacet
  facet normal 7.071068e-01 -7.071068e-01 0.000000e+00
    outer loop
      vertex   -1.314005e+02 9.169903e+01 2.008995e+02
      vertex   -1.292500e+02 9.384950e+01 2.346500e+02
      vertex   -1.314005e+02 9.169903e+01 2.349005e+02
    endloop
  endfacet
  facet normal 1.392874e-01 -7.002139e-01 7.002139e-01
    outer loop
      vertex   -1.319776e+02 9.277034e+01 2.373676e+02
      vertex   -1.329995e+02 9.384165e+01 2.386422e+02
      vertex   -1.329995e+02 9.169903e+01 2.364995e+02
    endloop
  endfacet
  facet normal 6.700271e-02 -7.366818e-01 6.729120e-01
    outer loop
      vertex   -1.319776e+02 9.277034e+01 2.373676e+02
      vertex   -1.322318e+02 9.379829e+01 2.385183e+02
      vertex   -1.329995e+02 9.384165e+01 2.386422e+02
    endloop
  endfacet
  facet normal 2.206463e-01 -7.026535e-01 6.764564e-01
    outer loop
      vertex   -1.319776e+02 9.277034e+01 2.373676e+02
      vertex   -1.315013e+02 9.376702e+01 2.382475e+02
      vertex   -1.322318e+02 9.379829e+01 2.385183e+02
    endloop
  endfacet
  facet normal 3.553216e-01 -7.083072e-01 6.099570e-01
    outer loop
      vertex   -1.319776e+02 9.277034e+01 2.373676e+02
      vertex   -1.308362e+02 9.374941e+01 2.378396e+02
      vertex   -1.315013e+02 9.376702e+01 2.382475e+02
    endloop
  endfacet
  facet normal 7.286635e-02 -6.689054e-01 7.397676e-01
    outer loop
      vertex   -1.319776e+02 9.277034e+01 2.373676e+02
      vertex   -1.329995e+02 9.169903e+01 2.364995e+02
      vertex   -1.326875e+02 9.169903e+01 2.364688e+02
    endloop
  endfacet
  facet normal 2.057733e-01 -7.053992e-01 6.782841e-01
    outer loop
      vertex   -1.319776e+02 9.277034e+01 2.373676e+02
      vertex   -1.326875e+02 9.169903e+01 2.364688e+02
      vertex   -1.323876e+02 9.169903e+01 2.363778e+02
    endloop
  endfacet
  facet normal 3.341241e-01 -7.053989e-01 6.251188e-01
    outer loop
      vertex   -1.319776e+02 9.277034e+01 2.373676e+02
      vertex   -1.323876e+02 9.169903e+01 2.363778e+02
      vertex   -1.321111e+02 9.169903e+01 2.362300e+02
    endloop
  endfacet
  facet normal 4.822381e-01 -7.003515e-01 5.262643e-01
    outer loop
      vertex   -1.311113e+02 9.277034e+01 2.367887e+02
      vertex   -1.302626e+02 9.374639e+01 2.373099e+02
      vertex   -1.308362e+02 9.374941e+01 2.378396e+02
    endloop
  endfacet
  facet normal 5.725006e-01 -7.135075e-01 4.039184e-01
    outer loop
      vertex   -1.311113e+02 9.277034e+01 2.367887e+02
      vertex   -1.298029e+02 9.375813e+01 2.366791e+02
      vertex   -1.302626e+02 9.374639e+01 2.373099e+02
    endloop
  endfacet
  facet normal 4.496554e-01 -7.054008e-01 5.479231e-01
    outer loop
      vertex   -1.311113e+02 9.277034e+01 2.367887e+02
      vertex   -1.321111e+02 9.169903e+01 2.362300e+02
      vertex   -1.318688e+02 9.169903e+01 2.360312e+02
    endloop
  endfacet
  facet normal 5.479143e-01 -7.054010e-01 4.496658e-01
    outer loop
      vertex   -1.311113e+02 9.277034e+01 2.367887e+02
      vertex   -1.318688e+02 9.169903e+01 2.360312e+02
      vertex   -1.316700e+02 9.169903e+01 2.357889e+02
    endloop
  endfacet
  facet normal 3.834217e-01 -7.236600e-01 5.738501e-01
    outer loop
      vertex   -1.311113e+02 9.277034e+01 2.367887e+02
      vertex   -1.308362e+02 9.374941e+01 2.378396e+02
      vertex   -1.319776e+02 9.277034e+01 2.373676e+02
    endloop
  endfacet
  facet normal 4.023544e-01 -6.895527e-01 6.021860e-01
    outer loop
      vertex   -1.311113e+02 9.277034e+01 2.367887e+02
      vertex   -1.319776e+02 9.277034e+01 2.373676e+02
      vertex   -1.321111e+02 9.169903e+01 2.362300e+02
    endloop
  endfacet
  facet normal 6.574944e-01 -6.997108e-01 2.794743e-01
    outer loop
      vertex   -1.305324e+02 9.277034e+01 2.359224e+02
      vertex   -1.294748e+02 9.378399e+01 2.359719e+02
      vertex   -1.298029e+02 9.375813e+01 2.366791e+02
    endloop
  endfacet
  facet normal 6.801985e-01 -7.171555e-01 1.517169e-01
    outer loop
      vertex   -1.305324e+02 9.277034e+01 2.359224e+02
      vertex   -1.293295e+02 9.380997e+01 2.354433e+02
      vertex   -1.294748e+02 9.378399e+01 2.359719e+02
    endloop
  endfacet
  facet normal 6.631863e-01 -7.471673e-01 4.387366e-02
    outer loop
      vertex   -1.305324e+02 9.277034e+01 2.359224e+02
      vertex   -1.292579e+02 9.384165e+01 2.349005e+02
      vertex   -1.293295e+02 9.380997e+01 2.354433e+02
    endloop
  endfacet
  facet normal 7.002144e-01 -7.002144e-01 1.392822e-01
    outer loop
      vertex   -1.305324e+02 9.277034e+01 2.359224e+02
      vertex   -1.314005e+02 9.169903e+01 2.349005e+02
      vertex   -1.292579e+02 9.384165e+01 2.349005e+02
    endloop
  endfacet
  facet normal 6.251201e-01 -7.053974e-01 3.341248e-01
    outer loop
      vertex   -1.305324e+02 9.277034e+01 2.359224e+02
      vertex   -1.316700e+02 9.169903e+01 2.357889e+02
      vertex   -1.315222e+02 9.169903e+01 2.355124e+02
    endloop
  endfacet
  facet normal 6.782828e-01 -7.053986e-01 2.057794e-01
    outer loop
      vertex   -1.305324e+02 9.277034e+01 2.359224e+02
      vertex   -1.315222e+02 9.169903e+01 2.355124e+02
      vertex   -1.314312e+02 9.169903e+01 2.352125e+02
    endloop
  endfacet
  facet normal 7.397777e-01 -6.688968e-01 7.284250e-02
    outer loop
      vertex   -1.305324e+02 9.277034e+01 2.359224e+02
      vertex   -1.314312e+02 9.169903e+01 2.352125e+02
      vertex   -1.314005e+02 9.169903e+01 2.349005e+02
    endloop
  endfacet
  facet normal 6.021868e-01 -6.895504e-01 4.023572e-01
    outer loop
      vertex   -1.305324e+02 9.277034e+01 2.359224e+02
      vertex   -1.311113e+02 9.277034e+01 2.367887e+02
      vertex   -1.316700e+02 9.169903e+01 2.357889e+02
    endloop
  endfacet
  facet normal 5.763852e-01 -7.207389e-01 3.851176e-01
    outer loop
      vertex   -1.305324e+02 9.277034e+01 2.359224e+02
      vertex   -1.298029e+02 9.375813e+01 2.366791e+02
      vertex   -1.311113e+02 9.277034e+01 2.367887e+02
    endloop
  endfacet
  facet normal 7.002144e-01 -7.002144e-01 -1.392822e-01
    outer loop
      vertex   -1.305324e+02 9.277034e+01 1.998776e+02
      vertex   -1.292579e+02 9.384165e+01 2.008995e+02
      vertex   -1.314005e+02 9.169903e+01 2.008995e+02
    endloop
  endfacet
  facet normal 6.729190e-01 -7.366744e-01 -6.701345e-02
    outer loop
      vertex   -1.305324e+02 9.277034e+01 1.998776e+02
      vertex   -1.293818e+02 9.379829e+01 2.001318e+02
      vertex   -1.292579e+02 9.384165e+01 2.008995e+02
    endloop
  endfacet
  facet normal 6.764631e-01 -7.026537e-01 -2.206254e-01
    outer loop
      vertex   -1.305324e+02 9.277034e+01 1.998776e+02
      vertex   -1.296525e+02 9.376702e+01 1.994013e+02
      vertex   -1.293818e+02 9.379829e+01 2.001318e+02
    endloop
  endfacet
  facet normal 6.099541e-01 -7.083106e-01 -3.553197e-01
    outer loop
      vertex   -1.305324e+02 9.277034e+01 1.998776e+02
      vertex   -1.300604e+02 9.374941e+01 1.987362e+02
      vertex   -1.296525e+02 9.376702e+01 1.994013e+02
    endloop
  endfacet
  facet normal 7.397777e-01 -6.688968e-01 -7.284250e-02
    outer loop
      vertex   -1.305324e+02 9.277034e+01 1.998776e+02
      vertex   -1.314005e+02 9.169903e+01 2.008995e+02
      vertex   -1.314312e+02 9.169903e+01 2.005875e+02
    endloop
  endfacet
  facet normal 6.782828e-01 -7.053986e-01 -2.057794e-01
    outer loop
      vertex   -1.305324e+02 9.277034e+01 1.998776e+02
      vertex   -1.314312e+02 9.169903e+01 2.005875e+02
      vertex   -1.315222e+02 9.169903e+01 2.002876e+02
    endloop
  endfacet
  facet normal 6.251201e-01 -7.053974e-01 -3.341248e-01
    outer loop
      vertex   -1.305324e+02 9.277034e+01 1.998776e+02
      vertex   -1.315222e+02 9.169903e+01 2.002876e+02
      vertex   -1.316700e+02 9.169903e+01 2.000111e+02
    endloop
  endfacet
  facet normal 5.262550e-01 -7.003534e-01 -4.822455e-01
    outer loop
      vertex   -1.311113e+02 9.277034e+01 1.990113e+02
      vertex   -1.305901e+02 9.374639e+01 1.981626e+02
      vertex   -1.300604e+02 9.374941e+01 1.987362e+02
    endloop
  endfacet
  facet normal 4.039247e-01 -7.135065e-01 -5.724974e-01
    outer loop
      vertex   -1.311113e+02 9.277034e+01 1.990113e+02
      vertex   -1.312209e+02 9.375813e+01 1.977029e+02
      vertex   -1.305901e+02 9.374639e+01 1.981626e+02
    endloop
  endfacet
  facet normal 5.479143e-01 -7.054010e-01 -4.496658e-01
    outer loop
      vertex   -1.311113e+02 9.277034e+01 1.990113e+02
      vertex   -1.316700e+02 9.169903e+01 2.000111e+02
      vertex   -1.318688e+02 9.169903e+01 1.997688e+02
    endloop
  endfacet
  facet normal 4.496554e-01 -7.054008e-01 -5.479231e-01
    outer loop
      vertex   -1.311113e+02 9.277034e+01 1.990113e+02
      vertex   -1.318688e+02 9.169903e+01 1.997688e+02
      vertex   -1.321111e+02 9.169903e+01 1.995700e+02
    endloop
  endfacet
  facet normal 5.738456e-01 -7.236642e-01 -3.834207e-01
    outer loop
      vertex   -1.311113e+02 9.277034e+01 1.990113e+02
      vertex   -1.300604e+02 9.374941e+01 1.987362e+02
      vertex   -1.305324e+02 9.277034e+01 1.998776e+02
    endloop
  endfacet
  facet normal 6.021868e-01 -6.895504e-01 -4.023572e-01
    outer loop
      vertex   -1.311113e+02 9.277034e+01 1.990113e+02
      vertex   -1.305324e+02 9.277034e+01 1.998776e+02
      vertex   -1.316700e+02 9.169903e+01 2.000111e+02
    endloop
  endfacet
  facet normal 2.794672e-01 -6.997126e-01 -6.574955e-01
    outer loop
      vertex   -1.319776e+02 9.277034e+01 1.984324e+02
      vertex   -1.319281e+02 9.378399e+01 1.973748e+02
      vertex   -1.312209e+02 9.375813e+01 1.977029e+02
    endloop
  endfacet
  facet normal 1.517164e-01 -7.171572e-01 -6.801968e-01
    outer loop
      vertex   -1.319776e+02 9.277034e+01 1.984324e+02
      vertex   -1.324567e+02 9.380997e+01 1.972295e+02
      vertex   -1.319281e+02 9.378399e+01 1.973748e+02
    endloop
  endfacet
  facet normal 4.387397e-02 -7.471695e-01 -6.631838e-01
    outer loop
      vertex   -1.319776e+02 9.277034e+01 1.984324e+02
      vertex   -1.329995e+02 9.384165e+01 1.971579e+02
      vertex   -1.324567e+02 9.380997e+01 1.972295e+02
    endloop
  endfacet
  facet normal 1.392874e-01 -7.002139e-01 -7.002139e-01
    outer loop
      vertex   -1.319776e+02 9.277034e+01 1.984324e+02
      vertex   -1.329995e+02 9.169903e+01 1.993005e+02
      vertex   -1.329995e+02 9.384165e+01 1.971579e+02
    endloop
  endfacet
  facet normal 3.341241e-01 -7.053989e-01 -6.251188e-01
    outer loop
      vertex   -1.319776e+02 9.277034e+01 1.984324e+02
      vertex   -1.321111e+02 9.169903e+01 1.995700e+02
      vertex   -1.323876e+02 9.169903e+01 1.994222e+02
    endloop
  endfacet
  facet normal 2.057733e-01 -7.053992e-01 -6.782841e-01
    outer loop
      vertex   -1.319776e+02 9.277034e+01 1.984324e+02
      vertex   -1.323876e+02 9.169903e+01 1.994222e+02
      vertex   -1.326875e+02 9.169903e+01 1.993312e+02
    endloop
  endfacet
  facet normal 7.286635e-02 -6.689054e-01 -7.397676e-01
    outer loop
      vertex   -1.319776e+02 9.277034e+01 1.984324e+02
      vertex   -1.326875e+02 9.169903e+01 1.993312e+02
      vertex   -1.329995e+02 9.169903e+01 1.993005e+02
    endloop
  endfacet
  facet normal 4.023544e-01 -6.895527e-01 -6.021860e-01
    outer loop
      vertex   -1.319776e+02 9.277034e+01 1.984324e+02
      vertex   -1.311113e+02 9.277034e+01 1.990113e+02
      vertex   -1.321111e+02 9.169903e+01 1.995700e+02
    endloop
  endfacet
  facet normal 3.851147e-01 -7.207414e-01 -5.763840e-01
    outer loop
      vertex   -1.319776e+02 9.277034e+01 1.984324e+02
      vertex   -1.312209e+02 9.375813e+01 1.977029e+02
      vertex   -1.311113e+02 9.277034e+01 1.990113e+02
    endloop
  endfacet
  facet normal 0.000000e+00 0.000000e+00 -1.000000e+00
    outer loop
      vertex   -1.667500e+02 1.337430e+02 2.366954e+02
      vertex   -1.332500e+02 1.337430e+02 2.366954e+02
      vertex   -1.332500e+02 1.319430e+02 2.366954e+02
    endloop
  endfacet
  facet normal 0.000000e+00 0.000000e+00 -1.000000e+00
    outer loop
      vertex   -1.667500e+02 1.319430e+02 2.366954e+02
      vertex   -1.667500e+02 1.337430e+02 2.366954e+02
      vertex   -1.332500e+02 1.319430e+02 2.366954e+02
    endloop
  endfacet
  facet normal -9.951830e-01 0.000000e+00 -9.803423e-02
    outer loop
      vertex   -1.312439e+02 1.319430e+02 2.350491e+02
      vertex   -1.312046e+02 1.337430e+02 2.346500e+02
      vertex   -1.312046e+02 1.319430e+02 2.346500e+02
    endloop
  endfacet
  facet normal -9.951830e-01 0.000000e+00 -9.803423e-02
    outer loop
      vertex   -1.312439e+02 1.319430e+02 2.350491e+02
      vertex   -1.312439e+02 1.337430e+02 2.350491e+02
      vertex   -1.312046e+02 1.337430e+02 2.346500e+02
    endloop
  endfacet
  facet normal -9.569353e-01 0.000000e+00 -2.903011e-01
    outer loop
      vertex   -1.313603e+02 1.319430e+02 2.354327e+02
      vertex   -1.313603e+02 1.337430e+02 2.354327e+02
      vertex   -1.312439e+02 1.337430e+02 2.350491e+02
    endloop
  endfacet
  facet normal -9.569353e-01 0.000000e+00 -2.903011e-01
    outer loop
      vertex   -1.313603e+02 1.319430e+02 2.354327e+02
      vertex   -1.312439e+02 1.337430e+02 2.350491e+02
      vertex   -1.312439e+02 1.319430e+02 2.350491e+02
    endloop
  endfacet
  facet normal -8.819286e-01 0.000000e+00 -4.713830e-01
    outer loop
      vertex   -1.315493e+02 1.319430e+02 2.357864e+02
      vertex   -1.315493e+02 1.337430e+02 2.357864e+02
      vertex   -1.313603e+02 1.337430e+02 2.354327e+02
    endloop
  endfacet
  facet normal -8.819286e-01 0.000000e+00 -4.713830e-01
    outer loop
      vertex   -1.315493e+02 1.319430e+02 2.357864e+02
      vertex   -1.313603e+02 1.337430e+02 2.354327e+02
      vertex   -1.313603e+02 1.319430e+02 2.354327e+02
    endloop
  endfacet
  facet normal -7.729995e-01 0.000000e+00 -6.344066e-01
    outer loop
      vertex   -1.318037e+02 1.319430e+02 2.360963e+02
      vertex   -1.318037e+02 1.337430e+02 2.360963e+02
      vertex   -1.315493e+02 1.337430e+02 2.357864e+02
    endloop
  endfacet
  facet normal -7.729995e-01 0.000000e+00 -6.344066e-01
    outer loop
      vertex   -1.318037e+02 1.319430e+02 2.360963e+02
      vertex   -1.315493e+02 1.337430e+02 2.357864e+02
      vertex   -1.315493e+02 1.319430e+02 2.357864e+02
    endloop
  endfacet
  facet normal -6.344208e-01 0.000000e+00 -7.729878e-01
    outer loop
      vertex   -1.321136e+02 1.319430e+02 2.363507e+02
      vertex   -1.321136e+02 1.337430e+02 2.363507e+02
      vertex   -1.318037e+02 1.337430e+02 2.360963e+02
    endloop
  endfacet
  facet normal -4.713929e-01 0.000000e+00 -8.819233e-01
    outer loop
      vertex   -1.321136e+02 1.319430e+02 2.363507e+02
      vertex   -1.324673e+02 1.337430e+02 2.365397e+02
      vertex   -1.321136e+02 1.337430e+02 2.363507e+02
    endloop
  endfacet
  facet normal -6.344208e-01 0.000000e+00 -7.729878e-01
    outer loop
      vertex   -1.321136e+02 1.319430e+02 2.363507e+02
      vertex   -1.318037e+02 1.337430e+02 2.360963e+02
      vertex   -1.318037e+02 1.319430e+02 2.360963e+02
    endloop
  endfacet
  facet normal -4.713929e-01 0.000000e+00 -8.819233e-01
    outer loop
      vertex   -1.324673e+02 1.319430e+02 2.365397e+02
      vertex   -1.324673e+02 1.337430e+02 2.365397e+02
      vertex   -1.321136e+02 1.319430e+02 2.363507e+02
    endloop
  endfacet
  facet normal -2.902662e-01 0.000000e+00 -9.569460e-01
    outer loop
      vertex   -1.328510e+02 1.319430e+02 2.366561e+02
      vertex   -1.328510e+02 1.337430e+02 2.366561e+02
      vertex   -1.324673e+02 1.337430e+02 2.365397e+02
    endloop
  endfacet
  facet normal -2.902662e-01 0.000000e+00 -9.569460e-01
    outer loop
      vertex   -1.328510e+02 1.319430e+02 2.366561e+02
      vertex   -1.324673e+02 1.337430e+02 2.365397e+02
      vertex   -1.324673e+02 1.319430e+02 2.365397e+02
    endloop
  endfacet
  facet normal -9.803888e-02 0.000000e+00 -9.951826e-01
    outer loop
      vertex   -1.332500e+02 1.319430e+02 2.366954e+02
      vertex   -1.332500e+02 1.337430e+02 2.366954e+02
      vertex   -1.328510e+02 1.337430e+02 2.366561e+02
    endloop
  endfacet
  facet normal -9.803888e-02 0.000000e+00 -9.951826e-01
    outer loop
      vertex   -1.332500e+02 1.319430e+02 2.366954e+02
      vertex   -1.328510e+02 1.337430e+02 2.366561e+02
      vertex   -1.328510e+02 1.319430e+02 2.366561e+02
    endloop
  endfacet
  facet normal -1.000000e+00 0.000000e+00 -0.000000e+00
    outer loop
      vertex   -1.312046e+02 1.337430e+02 2.346500e+02
      vertex   -1.312046e+02 1.337430e+02 2.011500e+02
      vertex   -1.312046e+02 1.319430e+02 2.011500e+02
    endloop
  endfacet
  facet normal -1.000000e+00 0.000000e+00 0.000000e+00
    outer loop
      vertex   -1.312046e+02 1.319430e+02 2.346500e+02
      vertex   -1.312046e+02 1.337430e+02 2.346500e+02
      vertex   -1.312046e+02 1.319430e+02 2.011500e+02
    endloop
  endfacet
  facet normal -9.803888e-02 0.000000e+00 9.951826e-01
    outer loop
      vertex   -1.328510e+02 1.319430e+02 1.991439e+02
      vertex   -1.332500e+02 1.337430e+02 1.991046e+02
      vertex   -1.332500e+02 1.319430e+02 1.991046e+02
    endloop
  endfacet
  facet normal -9.803888e-02 0.000000e+00 9.951826e-01
    outer loop
      vertex   -1.328510e+02 1.319430e+02 1.991439e+02
      vertex   -1.328510e+02 1.337430e+02 1.991439e+02
      vertex   -1.332500e+02 1.337430e+02 1.991046e+02
    endloop
  endfacet
  facet normal -2.902662e-01 0.000000e+00 9.569460e-01
    outer loop
      vertex   -1.324673e+02 1.319430e+02 1.992603e+02
      vertex   -1.324673e+02 1.337430e+02 1.992603e+02
      vertex   -1.328510e+02 1.337430e+02 1.991439e+02
    endloop
  endfacet
  facet normal -2.902662e-01 0.000000e+00 9.569460e-01
    outer loop
      vertex   -1.324673e+02 1.319430e+02 1.992603e+02
      vertex   -1.328510e+02 1.337430e+02 1.991439e+02
      vertex   -1.328510e+02 1.319430e+02 1.991439e+02
    endloop
  endfacet
  facet normal -4.713929e-01 0.000000e+00 8.819233e-01
    outer loop
      vertex   -1.321136e+02 1.319430e+02 1.994493e+02
      vertex   -1.321136e+02 1.337430e+02 1.994493e+02
      vertex   -1.324673e+02 1.337430e+02 1.992603e+02
    endloop
  endfacet
  facet normal -4.713929e-01 0.000000e+00 8.819233e-01
    outer loop
      vertex   -1.321136e+02 1.319430e+02 1.994493e+02
      vertex   -1.324673e+02 1.337430e+02 1.992603e+02
      vertex   -1.324673e+02 1.319430e+02 1.992603e+02
    endloop
  endfacet
  facet normal -6.344208e-01 0.000000e+00 7.729878e-01
    outer loop
      vertex   -1.318037e+02 1.319430e+02 1.997037e+02
      vertex   -1.318037e+02 1.337430e+02 1.997037e+02
      vertex   -1.321136e+02 1.337430e+02 1.994493e+02
    endloop
  endfacet
  facet normal -6.344208e-01 0.000000e+00 7.729878e-01
    outer loop
      vertex   -1.318037e+02 1.319430e+02 1.997037e+02
      vertex   -1.321136e+02 1.337430e+02 1.994493e+02
      vertex   -1.321136e+02 1.319430e+02 1.994493e+02
    endloop
  endfacet
  facet normal -7.729995e-01 0.000000e+00 6.344066e-01
    outer loop
      vertex   -1.315493e+02 1.319430e+02 2.000136e+02
      vertex   -1.315493e+02 1.337430e+02 2.000136e+02
      vertex   -1.318037e+02 1.337430e+02 1.997037e+02
    endloop
  endfacet
  facet normal -7.729995e-01 0.000000e+00 6.344066e-01
    outer loop
      vertex   -1.315493e+02 1.319430e+02 2.000136e+02
      vertex   -1.318037e+02 1.337430e+02 1.997037e+02
      vertex   -1.318037e+02 1.319430e+02 1.997037e+02
    endloop
  endfacet
  facet normal -8.819286e-01 0.000000e+00 4.713830e-01
    outer loop
      vertex   -1.313603e+02 1.319430e+02 2.003673e+02
      vertex   -1.313603e+02 1.337430e+02 2.003673e+02
      vertex   -1.315493e+02 1.337430e+02 2.000136e+02
    endloop
  endfacet
  facet normal -8.819286e-01 0.000000e+00 4.713830e-01
    outer loop
      vertex   -1.313603e+02 1.319430e+02 2.003673e+02
      vertex   -1.315493e+02 1.337430e+02 2.000136e+02
      vertex   -1.315493e+02 1.319430e+02 2.000136e+02
    endloop
  endfacet
  facet normal -9.569353e-01 0.000000e+00 2.903011e-01
    outer loop
      vertex   -1.312439e+02 1.319430e+02 2.007510e+02
      vertex   -1.312439e+02 1.337430e+02 2.007510e+02
      vertex   -1.313603e+02 1.337430e+02 2.003673e+02
    endloop
  endfacet
  facet normal -9.569353e-01 0.000000e+00 2.903011e-01
    outer loop
      vertex   -1.312439e+02 1.319430e+02 2.007510e+02
      vertex   -1.313603e+02 1.337430e+02 2.003673e+02
      vertex   -1.313603e+02 1.319430e+02 2.003673e+02
    endloop
  endfacet
  facet normal -9.951830e-01 0.000000e+00 9.803423e-02
    outer loop
      vertex   -1.312046e+02 1.319430e+02 2.011500e+02
      vertex   -1.312046e+02 1.337430e+02 2.011500e+02
      vertex   -1.312439e+02 1.337430e+02 2.007510e+02
    endloop
  endfacet
  facet normal -9.951830e-01 0.000000e+00 9.803423e-02
    outer loop
      vertex   -1.312046e+02 1.319430e+02 2.011500e+02
      vertex   -1.312439e+02 1.337430e+02 2.007510e+02
      vertex   -1.312439e+02 1.319430e+02 2.007510e+02
    endloop
  endfacet
  facet normal 0.000000e+00 0.000000e+00 1.000000e+00
    outer loop
      vertex   -1.332500e+02 1.337430e+02 1.991046e+02
      vertex   -1.667500e+02 1.337430e+02 1.991046e+02
      vertex   -1.667500e+02 1.319430e+02 1.991046e+02
    endloop
  endfacet
  facet normal 0.000000e+00 -0.000000e+00 1.000000e+00
    outer loop
      vertex   -1.332500e+02 1.319430e+02 1.991046e+02
      vertex   -1.332500e+02 1.337430e+02 1.991046e+02
      vertex   -1.667500e+02 1.319430e+02 1.991046e+02
    endloop
  endfacet
  facet normal 1.000000e+00 0.000000e+00 -0.000000e+00
    outer loop
      vertex   -1.314005e+02 9.169903e+01 2.008995e+02
      vertex   -1.314005e+02 9.169903e+01 2.349005e+02
      vertex   -1.314005e+02 8.989902e+01 2.349005e+02
    endloop
  endfacet
  facet normal 1.000000e+00 0.000000e+00 0.000000e+00
    outer loop
      vertex   -1.314005e+02 9.169903e+01 2.008995e+02
      vertex   -1.314005e+02 8.989902e+01 2.349005e+02
      vertex   -1.314005e+02 8.989902e+01 2.008995e+02
    endloop
  endfacet
  facet normal 9.802460e-02 0.000000e+00 9.951840e-01
    outer loop
      vertex   -1.326875e+02 9.169903e+01 2.364688e+02
      vertex   -1.329995e+02 9.169903e+01 2.364995e+02
      vertex   -1.329995e+02 8.989902e+01 2.364995e+02
    endloop
  endfacet
  facet normal 9.802460e-02 0.000000e+00 9.951840e-01
    outer loop
      vertex   -1.326875e+02 9.169903e+01 2.364688e+02
      vertex   -1.329995e+02 8.989902e+01 2.364995e+02
      vertex   -1.326875e+02 8.989902e+01 2.364688e+02
    endloop
  endfacet
  facet normal 2.903080e-01 0.000000e+00 9.569333e-01
    outer loop
      vertex   -1.323876e+02 9.169903e+01 2.363778e+02
      vertex   -1.326875e+02 8.989902e+01 2.364688e+02
      vertex   -1.323876e+02 8.989902e+01 2.363778e+02
    endloop
  endfacet
  facet normal 2.903080e-01 0.000000e+00 9.569333e-01
    outer loop
      vertex   -1.323876e+02 9.169903e+01 2.363778e+02
      vertex   -1.326875e+02 9.169903e+01 2.364688e+02
      vertex   -1.326875e+02 8.989902e+01 2.364688e+02
    endloop
  endfacet
  facet normal 4.713871e-01 0.000000e+00 8.819264e-01
    outer loop
      vertex   -1.321111e+02 9.169903e+01 2.362300e+02
      vertex   -1.323876e+02 8.989902e+01 2.363778e+02
      vertex   -1.321111e+02 8.989902e+01 2.362300e+02
    endloop
  endfacet
  facet normal 4.713871e-01 0.000000e+00 8.819264e-01
    outer loop
      vertex   -1.321111e+02 9.169903e+01 2.362300e+02
      vertex   -1.323876e+02 9.169903e+01 2.363778e+02
      vertex   -1.323876e+02 8.989902e+01 2.363778e+02
    endloop
  endfacet
  facet normal 6.343819e-01 0.000000e+00 7.730198e-01
    outer loop
      vertex   -1.318688e+02 9.169903e+01 2.360312e+02
      vertex   -1.321111e+02 8.989902e+01 2.362300e+02
      vertex   -1.318688e+02 8.989902e+01 2.360312e+02
    endloop
  endfacet
  facet normal 6.343819e-01 0.000000e+00 7.730198e-01
    outer loop
      vertex   -1.318688e+02 9.169903e+01 2.360312e+02
      vertex   -1.321111e+02 9.169903e+01 2.362300e+02
      vertex   -1.321111e+02 8.989902e+01 2.362300e+02
    endloop
  endfacet
  facet normal 7.730076e-01 0.000000e+00 6.343968e-01
    outer loop
      vertex   -1.316700e+02 9.169903e+01 2.357889e+02
      vertex   -1.318688e+02 8.989902e+01 2.360312e+02
      vertex   -1.316700e+02 8.989902e+01 2.357889e+02
    endloop
  endfacet
  facet normal 8.819264e-01 0.000000e+00 4.713871e-01
    outer loop
      vertex   -1.316700e+02 9.169903e+01 2.357889e+02
      vertex   -1.316700e+02 8.989902e+01 2.357889e+02
      vertex   -1.315222e+02 8.989902e+01 2.355124e+02
    endloop
  endfacet
  facet normal 7.730076e-01 0.000000e+00 6.343968e-01
    outer loop
      vertex   -1.316700e+02 9.169903e+01 2.357889e+02
      vertex   -1.318688e+02 9.169903e+01 2.360312e+02
      vertex   -1.318688e+02 8.989902e+01 2.360312e+02
    endloop
  endfacet
  facet normal 8.819264e-01 0.000000e+00 4.713871e-01
    outer loop
      vertex   -1.315222e+02 9.169903e+01 2.355124e+02
      vertex   -1.316700e+02 9.169903e+01 2.357889e+02
      vertex   -1.315222e+02 8.989902e+01 2.355124e+02
    endloop
  endfacet
  facet normal 9.569307e-01 0.000000e+00 2.903164e-01
    outer loop
      vertex   -1.314312e+02 9.169903e+01 2.352125e+02
      vertex   -1.315222e+02 8.989902e+01 2.355124e+02
      vertex   -1.314312e+02 8.989902e+01 2.352125e+02
    endloop
  endfacet
  facet normal 9.569307e-01 0.000000e+00 2.903164e-01
    outer loop
      vertex   -1.314312e+02 9.169903e+01 2.352125e+02
      vertex   -1.315222e+02 9.169903e+01 2.355124e+02
      vertex   -1.315222e+02 8.989902e+01 2.355124e+02
    endloop
  endfacet
  facet normal 9.951873e-01 0.000000e+00 9.799151e-02
    outer loop
      vertex   -1.314005e+02 9.169903e+01 2.349005e+02
      vertex   -1.314312e+02 8.989902e+01 2.352125e+02
      vertex   -1.314005e+02 8.989902e+01 2.349005e+02
    endloop
  endfacet
  facet normal 9.951873e-01 0.000000e+00 9.799151e-02
    outer loop
      vertex   -1.314005e+02 9.169903e+01 2.349005e+02
      vertex   -1.314312e+02 9.169903e+01 2.352125e+02
      vertex   -1.314312e+02 8.989902e+01 2.352125e+02
    endloop
  endfacet
  facet normal 9.951873e-01 0.000000e+00 -9.799151e-02
    outer loop
      vertex   -1.314312e+02 9.169903e+01 2.005875e+02
      vertex   -1.314005e+02 9.169903e+01 2.008995e+02
      vertex   -1.314005e+02 8.989902e+01 2.008995e+02
    endloop
  endfacet
  facet normal 9.951873e-01 0.000000e+00 -9.799151e-02
    outer loop
      vertex   -1.314312e+02 9.169903e+01 2.005875e+02
      vertex   -1.314005e+02 8.989902e+01 2.008995e+02
      vertex   -1.314312e+02 8.989902e+01 2.005875e+02
    endloop
  endfacet
  facet normal 9.569307e-01 0.000000e+00 -2.903164e-01
    outer loop
      vertex   -1.315222e+02 9.169903e+01 2.002876e+02
      vertex   -1.314312e+02 8.989902e+01 2.005875e+02
      vertex   -1.315222e+02 8.989902e+01 2.002876e+02
    endloop
  endfacet
  facet normal 9.569307e-01 0.000000e+00 -2.903164e-01
    outer loop
      vertex   -1.315222e+02 9.169903e+01 2.002876e+02
      vertex   -1.314312e+02 9.169903e+01 2.005875e+02
      vertex   -1.314312e+02 8.989902e+01 2.005875e+02
    endloop
  endfacet
  facet normal 8.819264e-01 0.000000e+00 -4.713871e-01
    outer loop
      vertex   -1.316700e+02 9.169903e+01 2.000111e+02
      vertex   -1.315222e+02 8.989902e+01 2.002876e+02
      vertex   -1.316700e+02 8.989902e+01 2.000111e+02
    endloop
  endfacet
  facet normal 8.819264e-01 0.000000e+00 -4.713871e-01
    outer loop
      vertex   -1.316700e+02 9.169903e+01 2.000111e+02
      vertex   -1.315222e+02 9.169903e+01 2.002876e+02
      vertex   -1.315222e+02 8.989902e+01 2.002876e+02
    endloop
  endfacet
  facet normal 7.730076e-01 0.000000e+00 -6.343968e-01
    outer loop
      vertex   -1.318688e+02 9.169903e+01 1.997688e+02
      vertex   -1.316700e+02 8.989902e+01 2.000111e+02
      vertex   -1.318688e+02 8.989902e+01 1.997688e+02
    endloop
  endfacet
  facet normal 7.730076e-01 0.000000e+00 -6.343968e-01
    outer loop
      vertex   -1.318688e+02 9.169903e+01 1.997688e+02
      vertex   -1.316700e+02 9.169903e+01 2.000111e+02
      vertex   -1.316700e+02 8.989902e+01 2.000111e+02
    endloop
  endfacet
  facet normal 6.343819e-01 0.000000e+00 -7.730198e-01
    outer loop
      vertex   -1.321111e+02 9.169903e+01 1.995700e+02
      vertex   -1.318688e+02 8.989902e+01 1.997688e+02
      vertex   -1.321111e+02 8.989902e+01 1.995700e+02
    endloop
  endfacet
  facet normal 6.343819e-01 0.000000e+00 -7.730198e-01
    outer loop
      vertex   -1.321111e+02 9.169903e+01 1.995700e+02
      vertex   -1.318688e+02 9.169903e+01 1.997688e+02
      vertex   -1.318688e+02 8.989902e+01 1.997688e+02
    endloop
  endfacet
  facet normal 4.713871e-01 0.000000e+00 -8.819264e-01
    outer loop
      vertex   -1.323876e+02 9.169903e+01 1.994222e+02
      vertex   -1.321111e+02 8.989902e+01 1.995700e+02
      vertex   -1.323876e+02 8.989902e+01 1.994222e+02
    endloop
  endfacet
  facet normal 4.713871e-01 0.000000e+00 -8.819264e-01
    outer loop
      vertex   -1.323876e+02 9.169903e+01 1.994222e+02
      vertex   -1.321111e+02 9.169903e+01 1.995700e+02
      vertex   -1.321111e+02 8.989902e+01 1.995700e+02
    endloop
  endfacet
  facet normal 2.903080e-01 0.000000e+00 -9.569333e-01
    outer loop
      vertex   -1.326875e+02 9.169903e+01 1.993312e+02
      vertex   -1.323876e+02 8.989902e+01 1.994222e+02
      vertex   -1.326875e+02 8.989902e+01 1.993312e+02
    endloop
  endfacet
  facet normal 2.903080e-01 0.000000e+00 -9.569333e-01
    outer loop
      vertex   -1.326875e+02 9.169903e+01 1.993312e+02
      vertex   -1.323876e+02 9.169903e+01 1.994222e+02
      vertex   -1.323876e+02 8.989902e+01 1.994222e+02
    endloop
  endfacet
  facet normal 9.802460e-02 0.000000e+00 -9.951840e-01
    outer loop
      vertex   -1.329995e+02 9.169903e+01 1.993005e+02
      vertex   -1.326875e+02 8.989902e+01 1.993312e+02
      vertex   -1.329995e+02 8.989902e+01 1.993005e+02
    endloop
  endfacet
  facet normal 9.802460e-02 0.000000e+00 -9.951840e-01
    outer loop
      vertex   -1.329995e+02 9.169903e+01 1.993005e+02
      vertex   -1.326875e+02 9.169903e+01 1.993312e+02
      vertex   -1.326875e+02 8.989902e+01 1.993312e+02
    endloop
  endfacet
  facet normal 0.000000e+00 7.071165e-01 -7.070970e-01
    outer loop
      vertex   -1.667500e+02 1.319430e+02 2.366954e+02
      vertex   -1.332500e+02 1.319430e+02 2.366954e+02
      vertex   -1.332500e+02 1.312500e+02 2.360024e+02
    endloop
  endfacet
  facet normal 0.000000e+00 7.071165e-01 -7.070970e-01
    outer loop
      vertex   -1.667500e+02 1.319430e+02 2.366954e+02
      vertex   -1.332500e+02 1.312500e+02 2.360024e+02
      vertex   -1.667500e+02 1.312500e+02 2.360024e+02
    endloop
  endfacet
  facet normal -7.053886e-01 7.054080e-01 -6.947318e-02
    outer loop
      vertex   -1.319236e+02 1.312500e+02 2.349139e+02
      vertex   -1.312046e+02 1.319430e+02 2.346500e+02
      vertex   -1.318976e+02 1.312500e+02 2.346500e+02
    endloop
  endfacet
  facet normal -7.053905e-01 7.054047e-01 -6.948714e-02
    outer loop
      vertex   -1.319236e+02 1.312500e+02 2.349139e+02
      vertex   -1.312439e+02 1.319430e+02 2.350491e+02
      vertex   -1.312046e+02 1.319430e+02 2.346500e+02
    endloop
  endfacet
  facet normal -6.782820e-01 7.054030e-01 -2.057673e-01
    outer loop
      vertex   -1.320005e+02 1.312500e+02 2.351676e+02
      vertex   -1.313603e+02 1.319430e+02 2.354327e+02
      vertex   -1.312439e+02 1.319430e+02 2.350491e+02
    endloop
  endfacet
  facet normal -6.782822e-01 7.054037e-01 -2.057641e-01
    outer loop
      vertex   -1.320005e+02 1.312500e+02 2.351676e+02
      vertex   -1.312439e+02 1.319430e+02 2.350491e+02
      vertex   -1.319236e+02 1.312500e+02 2.349139e+02
    endloop
  endfacet
  facet normal -6.251162e-01 7.054036e-01 -3.341191e-01
    outer loop
      vertex   -1.321255e+02 1.312500e+02 2.354014e+02
      vertex   -1.315493e+02 1.319430e+02 2.357864e+02
      vertex   -1.313603e+02 1.319430e+02 2.354327e+02
    endloop
  endfacet
  facet normal -6.251142e-01 7.054017e-01 -3.341268e-01
    outer loop
      vertex   -1.321255e+02 1.312500e+02 2.354014e+02
      vertex   -1.313603e+02 1.319430e+02 2.354327e+02
      vertex   -1.320005e+02 1.312500e+02 2.351676e+02
    endloop
  endfacet
  facet normal -5.479092e-01 7.054002e-01 -4.496733e-01
    outer loop
      vertex   -1.322937e+02 1.312500e+02 2.356063e+02
      vertex   -1.318037e+02 1.319430e+02 2.360963e+02
      vertex   -1.315493e+02 1.319430e+02 2.357864e+02
    endloop
  endfacet
  facet normal -5.479181e-01 7.054050e-01 -4.496549e-01
    outer loop
      vertex   -1.322937e+02 1.312500e+02 2.356063e+02
      vertex   -1.315493e+02 1.319430e+02 2.357864e+02
      vertex   -1.321255e+02 1.312500e+02 2.354014e+02
    endloop
  endfacet
  facet normal -4.496809e-01 7.054040e-01 -5.478980e-01
    outer loop
      vertex   -1.324986e+02 1.312500e+02 2.357745e+02
      vertex   -1.321136e+02 1.319430e+02 2.363507e+02
      vertex   -1.318037e+02 1.319430e+02 2.360963e+02
    endloop
  endfacet
  facet normal -4.496706e-01 7.054000e-01 -5.479117e-01
    outer loop
      vertex   -1.324986e+02 1.312500e+02 2.357745e+02
      vertex   -1.318037e+02 1.319430e+02 2.360963e+02
      vertex   -1.322937e+02 1.312500e+02 2.356063e+02
    endloop
  endfacet
  facet normal -3.341270e-01 7.054017e-01 -6.251141e-01
    outer loop
      vertex   -1.327324e+02 1.312500e+02 2.358995e+02
      vertex   -1.324673e+02 1.319430e+02 2.365397e+02
      vertex   -1.321136e+02 1.319430e+02 2.363507e+02
    endloop
  endfacet
  facet normal -3.341441e-01 7.054071e-01 -6.250989e-01
    outer loop
      vertex   -1.327324e+02 1.312500e+02 2.358995e+02
      vertex   -1.321136e+02 1.319430e+02 2.363507e+02
      vertex   -1.324986e+02 1.312500e+02 2.357745e+02
    endloop
  endfacet
  facet normal -2.057433e-01 7.054002e-01 -6.782922e-01
    outer loop
      vertex   -1.329862e+02 1.312500e+02 2.359765e+02
      vertex   -1.328510e+02 1.319430e+02 2.366561e+02
      vertex   -1.324673e+02 1.319430e+02 2.365397e+02
    endloop
  endfacet
  facet normal -2.057504e-01 7.054021e-01 -6.782880e-01
    outer loop
      vertex   -1.329862e+02 1.312500e+02 2.359765e+02
      vertex   -1.324673e+02 1.319430e+02 2.365397e+02
      vertex   -1.327324e+02 1.312500e+02 2.358995e+02
    endloop
  endfacet
  facet normal -6.949018e-02 7.054072e-01 -7.053877e-01
    outer loop
      vertex   -1.332500e+02 1.312500e+02 2.360024e+02
      vertex   -1.332500e+02 1.319430e+02 2.366954e+02
      vertex   -1.328510e+02 1.319430e+02 2.366561e+02
    endloop
  endfacet
  facet normal -6.945386e-02 7.053981e-01 -7.054003e-01
    outer loop
      vertex   -1.332500e+02 1.312500e+02 2.360024e+02
      vertex   -1.328510e+02 1.319430e+02 2.366561e+02
      vertex   -1.329862e+02 1.312500e+02 2.359765e+02
    endloop
  endfacet
  facet normal -7.070970e-01 7.071165e-01 0.000000e+00
    outer loop
      vertex   -1.312046e+02 1.319430e+02 2.346500e+02
      vertex   -1.312046e+02 1.319430e+02 2.011500e+02
      vertex   -1.318976e+02 1.312500e+02 2.011500e+02
    endloop
  endfacet
  facet normal -7.070970e-01 7.071165e-01 0.000000e+00
    outer loop
      vertex   -1.312046e+02 1.319430e+02 2.346500e+02
      vertex   -1.318976e+02 1.312500e+02 2.011500e+02
      vertex   -1.318976e+02 1.312500e+02 2.346500e+02
    endloop
  endfacet
  facet normal -6.945280e-02 7.054090e-01 7.053896e-01
    outer loop
      vertex   -1.329862e+02 1.312500e+02 1.998236e+02
      vertex   -1.332500e+02 1.319430e+02 1.991046e+02
      vertex   -1.332500e+02 1.312500e+02 1.997976e+02
    endloop
  endfacet
  facet normal -6.949088e-02 7.054000e-01 7.053949e-01
    outer loop
      vertex   -1.329862e+02 1.312500e+02 1.998236e+02
      vertex   -1.328510e+02 1.319430e+02 1.991439e+02
      vertex   -1.332500e+02 1.319430e+02 1.991046e+02
    endloop
  endfacet
  facet normal -2.057429e-01 7.054017e-01 6.782907e-01
    outer loop
      vertex   -1.327324e+02 1.312500e+02 1.999005e+02
      vertex   -1.324673e+02 1.319430e+02 1.992603e+02
      vertex   -1.328510e+02 1.319430e+02 1.991439e+02
    endloop
  endfacet
  facet normal -2.057511e-01 7.053998e-01 6.782902e-01
    outer loop
      vertex   -1.327324e+02 1.312500e+02 1.999005e+02
      vertex   -1.328510e+02 1.319430e+02 1.991439e+02
      vertex   -1.329862e+02 1.312500e+02 1.998236e+02
    endloop
  endfacet
  facet normal -3.341249e-01 7.054060e-01 6.251104e-01
    outer loop
      vertex   -1.324986e+02 1.312500e+02 2.000255e+02
      vertex   -1.321136e+02 1.319430e+02 1.994493e+02
      vertex   -1.324673e+02 1.319430e+02 1.992603e+02
    endloop
  endfacet
  facet normal -3.341472e-01 7.054006e-01 6.251046e-01
    outer loop
      vertex   -1.324986e+02 1.312500e+02 2.000255e+02
      vertex   -1.324673e+02 1.319430e+02 1.992603e+02
      vertex   -1.327324e+02 1.312500e+02 1.999005e+02
    endloop
  endfacet
  facet normal -4.496830e-01 7.054008e-01 5.479004e-01
    outer loop
      vertex   -1.322937e+02 1.312500e+02 2.001937e+02
      vertex   -1.318037e+02 1.319430e+02 1.997037e+02
      vertex   -1.321136e+02 1.319430e+02 1.994493e+02
    endloop
  endfacet
  facet normal -4.496675e-01 7.054049e-01 5.479079e-01
    outer loop
      vertex   -1.322937e+02 1.312500e+02 2.001937e+02
      vertex   -1.321136e+02 1.319430e+02 1.994493e+02
      vertex   -1.324986e+02 1.312500e+02 2.000255e+02
    endloop
  endfacet
  facet normal -5.479063e-01 7.054040e-01 4.496709e-01
    outer loop
      vertex   -1.321255e+02 1.312500e+02 2.003986e+02
      vertex   -1.315493e+02 1.319430e+02 2.000136e+02
      vertex   -1.318037e+02 1.319430e+02 1.997037e+02
    endloop
  endfacet
  facet normal -5.479226e-01 7.053992e-01 4.496586e-01
    outer loop
      vertex   -1.321255e+02 1.312500e+02 2.003986e+02
      vertex   -1.318037e+02 1.319430e+02 1.997037e+02
      vertex   -1.322937e+02 1.312500e+02 2.001937e+02
    endloop
  endfacet
  facet normal -6.251175e-01 7.054021e-01 3.341198e-01
    outer loop
      vertex   -1.320005e+02 1.312500e+02 2.006325e+02
      vertex   -1.313603e+02 1.319430e+02 2.003673e+02
      vertex   -1.315493e+02 1.319430e+02 2.000136e+02
    endloop
  endfacet
  facet normal -6.251122e-01 7.054039e-01 3.341258e-01
    outer loop
      vertex   -1.320005e+02 1.312500e+02 2.006325e+02
      vertex   -1.315493e+02 1.319430e+02 2.000136e+02
      vertex   -1.321255e+02 1.312500e+02 2.003986e+02
    endloop
  endfacet
  facet normal -6.782814e-01 7.054036e-01 2.057672e-01
    outer loop
      vertex   -1.319236e+02 1.312500e+02 2.008862e+02
      vertex   -1.312439e+02 1.319430e+02 2.007510e+02
      vertex   -1.313603e+02 1.319430e+02 2.003673e+02
    endloop
  endfacet
  facet normal -6.782830e-01 7.054028e-01 2.057644e-01
    outer loop
      vertex   -1.319236e+02 1.312500e+02 2.008862e+02
      vertex   -1.313603e+02 1.319430e+02 2.003673e+02
      vertex   -1.320005e+02 1.312500e+02 2.006325e+02
    endloop
  endfacet
  facet normal -7.053879e-01 7.054073e-01 6.948688e-02
    outer loop
      vertex   -1.318976e+02 1.312500e+02 2.011500e+02
      vertex   -1.312046e+02 1.319430e+02 2.011500e+02
      vertex   -1.312439e+02 1.319430e+02 2.007510e+02
    endloop
  endfacet
  facet normal -7.053925e-01 7.054040e-01 6.947357e-02
    outer loop
      vertex   -1.318976e+02 1.312500e+02 2.011500e+02
      vertex   -1.312439e+02 1.319430e+02 2.007510e+02
      vertex   -1.319236e+02 1.312500e+02 2.008862e+02
    endloop
  endfacet
  facet normal 0.000000e+00 7.071165e-01 7.070970e-01
    outer loop
      vertex   -1.332500e+02 1.319430e+02 1.991046e+02
      vertex   -1.667500e+02 1.319430e+02 1.991046e+02
      vertex   -1.667500e+02 1.312500e+02 1.997976e+02
    endloop
  endfacet
  facet normal 0.000000e+00 7.071165e-01 7.070970e-01
    outer loop
      vertex   -1.332500e+02 1.319430e+02 1.991046e+02
      vertex   -1.667500e+02 1.312500e+02 1.997976e+02
      vertex   -1.332500e+02 1.312500e+02 1.997976e+02
    endloop
  endfacet
  facet normal 0.000000e+00 -1.000000e+00 0.000000e+00
    outer loop
      vertex   -1.652981e+02 8.910000e+01 2.071981e+02
      vertex   -1.648056e+02 8.910000e+01 2.281977e+02
      vertex   -1.652981e+02 8.910000e+01 2.286019e+02
    endloop
  endfacet
  facet normal 0.000000e+00 -1.000000e+00 0.000000e+00
    outer loop
      vertex   -1.388056e+02 8.910000e+01 2.336023e+02
      vertex   -1.607019e+02 8.910000e+01 2.331981e+02
      vertex   -1.392981e+02 8.910000e+01 2.331981e+02
    endloop
  endfacet
  facet normal -0.000000e+00 -1.000000e+00 0.000000e+00
    outer loop
      vertex   -1.388056e+02 8.910000e+01 2.336023e+02
      vertex   -1.611944e+02 8.910000e+01 2.336023e+02
      vertex   -1.607019e+02 8.910000e+01 2.331981e+02
    endloop
  endfacet
  facet normal 0.000000e+00 -1.000000e+00 0.000000e+00
    outer loop
      vertex   -1.397023e+02 8.910000e+01 2.327056e+02
      vertex   -1.392981e+02 8.910000e+01 2.331981e+02
      vertex   -1.607019e+02 8.910000e+01 2.331981e+02
    endloop
  endfacet
  facet normal 0.000000e+00 -1.000000e+00 0.000000e+00
    outer loop
      vertex   -1.397023e+02 8.910000e+01 2.327056e+02
      vertex   -1.607019e+02 8.910000e+01 2.331981e+02
      vertex   -1.602977e+02 8.910000e+01 2.327056e+02
    endloop
  endfacet
  facet normal 0.000000e+00 -1.000000e+00 0.000000e+00
    outer loop
      vertex   -1.657023e+02 8.910000e+01 2.067056e+02
      vertex   -1.652981e+02 8.910000e+01 2.071981e+02
      vertex   -1.652981e+02 8.910000e+01 2.286019e+02
    endloop
  endfacet
  facet normal 0.000000e+00 -1.000000e+00 0.000000e+00
    outer loop
      vertex   -1.657023e+02 8.910000e+01 2.067056e+02
      vertex   -1.652981e+02 8.910000e+01 2.286019e+02
      vertex   -1.657023e+02 8.910000e+01 2.290944e+02
    endloop
  endfacet
  facet normal -0.000000e+00 -1.000000e+00 0.000000e+00
    outer loop
      vertex   -1.648056e+02 8.910000e+01 2.076023e+02
      vertex   -1.648056e+02 8.910000e+01 2.281977e+02
      vertex   -1.652981e+02 8.910000e+01 2.071981e+02
    endloop
  endfacet
  facet normal -0.000000e+00 -1.000000e+00 0.000000e+00
    outer loop
      vertex   -1.382437e+02 8.910000e+01 2.339026e+02
      vertex   -1.617563e+02 8.910000e+01 2.339026e+02
      vertex   -1.611944e+02 8.910000e+01 2.336023e+02
    endloop
  endfacet
  facet normal 0.000000e+00 -1.000000e+00 0.000000e+00
    outer loop
      vertex   -1.382437e+02 8.910000e+01 2.339026e+02
      vertex   -1.611944e+02 8.910000e+01 2.336023e+02
      vertex   -1.388056e+02 8.910000e+01 2.336023e+02
    endloop
  endfacet
  facet normal 0.000000e+00 -1.000000e+00 0.000000e+00
    outer loop
      vertex   -1.660026e+02 8.910000e+01 2.061437e+02
      vertex   -1.657023e+02 8.910000e+01 2.067056e+02
      vertex   -1.657023e+02 8.910000e+01 2.290944e+02
    endloop
  endfacet
  facet normal 0.000000e+00 -1.000000e+00 0.000000e+00
    outer loop
      vertex   -1.660026e+02 8.910000e+01 2.061437e+02
      vertex   -1.657023e+02 8.910000e+01 2.290944e+02
      vertex   -1.660026e+02 8.910000e+01 2.296563e+02
    endloop
  endfacet
  facet normal 0.000000e+00 -1.000000e+00 0.000000e+00
    outer loop
      vertex   -1.400026e+02 8.910000e+01 2.321437e+02
      vertex   -1.397023e+02 8.910000e+01 2.327056e+02
      vertex   -1.602977e+02 8.910000e+01 2.327056e+02
    endloop
  endfacet
  facet normal 0.000000e+00 -1.000000e+00 0.000000e+00
    outer loop
      vertex   -1.400026e+02 8.910000e+01 2.321437e+02
      vertex   -1.602977e+02 8.910000e+01 2.327056e+02
      vertex   -1.599974e+02 8.910000e+01 2.321437e+02
    endloop
  endfacet
  facet normal -0.000000e+00 -1.000000e+00 0.000000e+00
    outer loop
      vertex   -1.642437e+02 8.910000e+01 2.079026e+02
      vertex   -1.648056e+02 8.910000e+01 2.281977e+02
      vertex   -1.648056e+02 8.910000e+01 2.076023e+02
    endloop
  endfacet
  facet normal 0.000000e+00 -1.000000e+00 0.000000e+00
    outer loop
      vertex   -1.642437e+02 8.910000e+01 2.079026e+02
      vertex   -1.642437e+02 8.910000e+01 2.278974e+02
      vertex   -1.648056e+02 8.910000e+01 2.281977e+02
    endloop
  endfacet
  facet normal 0.000000e+00 -1.000000e+00 0.000000e+00
    outer loop
      vertex   -1.376340e+02 8.910000e+01 2.340876e+02
      vertex   -1.617563e+02 8.910000e+01 2.339026e+02
      vertex   -1.382437e+02 8.910000e+01 2.339026e+02
    endloop
  endfacet
  facet normal -0.000000e+00 -1.000000e+00 0.000000e+00
    outer loop
      vertex   -1.376340e+02 8.910000e+01 2.340876e+02
      vertex   -1.623660e+02 8.910000e+01 2.340876e+02
      vertex   -1.617563e+02 8.910000e+01 2.339026e+02
    endloop
  endfacet
  facet normal 0.000000e+00 -1.000000e+00 0.000000e+00
    outer loop
      vertex   -1.661876e+02 8.910000e+01 2.055341e+02
      vertex   -1.660026e+02 8.910000e+01 2.061437e+02
      vertex   -1.660026e+02 8.910000e+01 2.296563e+02
    endloop
  endfacet
  facet normal 0.000000e+00 -1.000000e+00 0.000000e+00
    outer loop
      vertex   -1.661876e+02 8.910000e+01 2.055341e+02
      vertex   -1.660026e+02 8.910000e+01 2.296563e+02
      vertex   -1.661876e+02 8.910000e+01 2.302660e+02
    endloop
  endfacet
  facet normal 0.000000e+00 -1.000000e+00 0.000000e+00
    outer loop
      vertex   -1.636340e+02 8.910000e+01 2.080876e+02
      vertex   -1.636340e+02 8.910000e+01 2.277125e+02
      vertex   -1.642437e+02 8.910000e+01 2.278974e+02
    endloop
  endfacet
  facet normal -0.000000e+00 -1.000000e+00 0.000000e+00
    outer loop
      vertex   -1.636340e+02 8.910000e+01 2.080876e+02
      vertex   -1.642437e+02 8.910000e+01 2.278974e+02
      vertex   -1.642437e+02 8.910000e+01 2.079026e+02
    endloop
  endfacet
  facet normal 0.000000e+00 -1.000000e+00 0.000000e+00
    outer loop
      vertex   -1.401875e+02 8.910000e+01 2.315340e+02
      vertex   -1.599974e+02 8.910000e+01 2.321437e+02
      vertex   -1.598125e+02 8.910000e+01 2.315340e+02
    endloop
  endfacet
  facet normal 0.000000e+00 -1.000000e+00 0.000000e+00
    outer loop
      vertex   -1.401875e+02 8.910000e+01 2.315340e+02
      vertex   -1.400026e+02 8.910000e+01 2.321437e+02
      vertex   -1.599974e+02 8.910000e+01 2.321437e+02
    endloop
  endfacet
  facet normal 0.000000e+00 -1.000000e+00 0.000000e+00
    outer loop
      vertex   -1.402500e+02 8.910000e+01 2.309000e+02
      vertex   -1.401875e+02 8.910000e+01 2.315340e+02
      vertex   -1.598125e+02 8.910000e+01 2.315340e+02
    endloop
  endfacet
  facet normal 0.000000e+00 -1.000000e+00 0.000000e+00
    outer loop
      vertex   -1.402500e+02 8.910000e+01 2.309000e+02
      vertex   -1.598125e+02 8.910000e+01 2.315340e+02
      vertex   -1.597500e+02 8.910000e+01 2.309000e+02
    endloop
  endfacet
  facet normal 0.000000e+00 -1.000000e+00 0.000000e+00
    outer loop
      vertex   -1.630000e+02 8.910000e+01 2.081500e+02
      vertex   -1.630000e+02 8.910000e+01 2.276500e+02
      vertex   -1.636340e+02 8.910000e+01 2.277125e+02
    endloop
  endfacet
  facet normal -0.000000e+00 -1.000000e+00 0.000000e+00
    outer loop
      vertex   -1.630000e+02 8.910000e+01 2.081500e+02
      vertex   -1.636340e+02 8.910000e+01 2.277125e+02
      vertex   -1.636340e+02 8.910000e+01 2.080876e+02
    endloop
  endfacet
  facet normal 0.000000e+00 -1.000000e+00 0.000000e+00
    outer loop
      vertex   -1.401875e+02 8.910000e+01 2.302660e+02
      vertex   -1.402500e+02 8.910000e+01 2.309000e+02
      vertex   -1.597500e+02 8.910000e+01 2.309000e+02
    endloop
  endfacet
  facet normal 0.000000e+00 -1.000000e+00 0.000000e+00
    outer loop
      vertex   -1.401875e+02 8.910000e+01 2.302660e+02
      vertex   -1.597500e+02 8.910000e+01 2.309000e+02
      vertex   -1.598125e+02 8.910000e+01 2.302660e+02
    endloop
  endfacet
  facet normal 0.000000e+00 -1.000000e+00 0.000000e+00
    outer loop
      vertex   -1.623660e+02 8.910000e+01 2.080876e+02
      vertex   -1.623660e+02 8.910000e+01 2.277125e+02
      vertex   -1.630000e+02 8.910000e+01 2.276500e+02
    endloop
  endfacet
  facet normal 0.000000e+00 -1.000000e+00 0.000000e+00
    outer loop
      vertex   -1.623660e+02 8.910000e+01 2.080876e+02
      vertex   -1.630000e+02 8.910000e+01 2.276500e+02
      vertex   -1.630000e+02 8.910000e+01 2.081500e+02
    endloop
  endfacet
  facet normal 0.000000e+00 -1.000000e+00 0.000000e+00
    outer loop
      vertex   -1.400026e+02 8.910000e+01 2.296563e+02
      vertex   -1.401875e+02 8.910000e+01 2.302660e+02
      vertex   -1.598125e+02 8.910000e+01 2.302660e+02
    endloop
  endfacet
  facet normal 0.000000e+00 -1.000000e+00 0.000000e+00
    outer loop
      vertex   -1.400026e+02 8.910000e+01 2.296563e+02
      vertex   -1.598125e+02 8.910000e+01 2.302660e+02
      vertex   -1.599974e+02 8.910000e+01 2.296563e+02
    endloop
  endfacet
  facet normal 0.000000e+00 -1.000000e+00 0.000000e+00
    outer loop
      vertex   -1.617563e+02 8.910000e+01 2.079026e+02
      vertex   -1.617563e+02 8.910000e+01 2.278974e+02
      vertex   -1.623660e+02 8.910000e+01 2.277125e+02
    endloop
  endfacet
  facet normal 0.000000e+00 -1.000000e+00 0.000000e+00
    outer loop
      vertex   -1.617563e+02 8.910000e+01 2.079026e+02
      vertex   -1.623660e+02 8.910000e+01 2.277125e+02
      vertex   -1.623660e+02 8.910000e+01 2.080876e+02
    endloop
  endfacet
  facet normal 0.000000e+00 -1.000000e+00 0.000000e+00
    outer loop
      vertex   -1.397023e+02 8.910000e+01 2.290944e+02
      vertex   -1.599974e+02 8.910000e+01 2.296563e+02
      vertex   -1.602977e+02 8.910000e+01 2.290944e+02
    endloop
  endfacet
  facet normal 0.000000e+00 -1.000000e+00 0.000000e+00
    outer loop
      vertex   -1.397023e+02 8.910000e+01 2.290944e+02
      vertex   -1.400026e+02 8.910000e+01 2.296563e+02
      vertex   -1.599974e+02 8.910000e+01 2.296563e+02
    endloop
  endfacet
  facet normal 0.000000e+00 -1.000000e+00 0.000000e+00
    outer loop
      vertex   -1.611944e+02 8.910000e+01 2.076023e+02
      vertex   -1.611944e+02 8.910000e+01 2.281977e+02
      vertex   -1.617563e+02 8.910000e+01 2.278974e+02
    endloop
  endfacet
  facet normal 0.000000e+00 -1.000000e+00 0.000000e+00
    outer loop
      vertex   -1.611944e+02 8.910000e+01 2.076023e+02
      vertex   -1.617563e+02 8.910000e+01 2.278974e+02
      vertex   -1.617563e+02 8.910000e+01 2.079026e+02
    endloop
  endfacet
  facet normal 0.000000e+00 -1.000000e+00 0.000000e+00
    outer loop
      vertex   -1.329995e+02 8.910000e+01 2.357005e+02
      vertex   -1.623660e+02 8.910000e+01 2.340876e+02
      vertex   -1.376340e+02 8.910000e+01 2.340876e+02
    endloop
  endfacet
  facet normal 0.000000e+00 -1.000000e+00 0.000000e+00
    outer loop
      vertex   -1.329995e+02 8.910000e+01 2.357005e+02
      vertex   -1.376340e+02 8.910000e+01 2.340876e+02
      vertex   -1.370000e+02 8.910000e+01 2.341500e+02
    endloop
  endfacet
  facet normal 0.000000e+00 -1.000000e+00 0.000000e+00
    outer loop
      vertex   -1.329995e+02 8.910000e+01 2.357005e+02
      vertex   -1.370000e+02 8.910000e+01 2.341500e+02
      vertex   -1.363660e+02 8.910000e+01 2.340876e+02
    endloop
  endfacet
  facet normal 0.000000e+00 -1.000000e+00 0.000000e+00
    outer loop
      vertex   -1.329995e+02 8.910000e+01 2.357005e+02
      vertex   -1.363660e+02 8.910000e+01 2.340876e+02
      vertex   -1.357563e+02 8.910000e+01 2.339026e+02
    endloop
  endfacet
  facet normal 0.000000e+00 -1.000000e+00 0.000000e+00
    outer loop
      vertex   -1.329995e+02 8.910000e+01 2.357005e+02
      vertex   -1.357563e+02 8.910000e+01 2.339026e+02
      vertex   -1.351944e+02 8.910000e+01 2.336023e+02
    endloop
  endfacet
  facet normal 0.000000e+00 -1.000000e+00 0.000000e+00
    outer loop
      vertex   -1.325550e+02 8.910000e+01 2.355657e+02
      vertex   -1.326933e+02 8.910000e+01 2.356396e+02
      vertex   -1.328434e+02 8.910000e+01 2.356851e+02
    endloop
  endfacet
  facet normal 0.000000e+00 -1.000000e+00 0.000000e+00
    outer loop
      vertex   -1.392981e+02 8.910000e+01 2.286019e+02
      vertex   -1.602977e+02 8.910000e+01 2.290944e+02
      vertex   -1.607019e+02 8.910000e+01 2.286019e+02
    endloop
  endfacet
  facet normal 0.000000e+00 -1.000000e+00 0.000000e+00
    outer loop
      vertex   -1.392981e+02 8.910000e+01 2.286019e+02
      vertex   -1.397023e+02 8.910000e+01 2.290944e+02
      vertex   -1.602977e+02 8.910000e+01 2.290944e+02
    endloop
  endfacet
  facet normal 0.000000e+00 -1.000000e+00 0.000000e+00
    outer loop
      vertex   -1.347019e+02 8.910000e+01 2.331981e+02
      vertex   -1.329995e+02 8.910000e+01 2.357005e+02
      vertex   -1.351944e+02 8.910000e+01 2.336023e+02
    endloop
  endfacet
  facet normal 0.000000e+00 -1.000000e+00 0.000000e+00
    outer loop
      vertex   -1.607019e+02 8.910000e+01 2.071981e+02
      vertex   -1.607019e+02 8.910000e+01 2.286019e+02
      vertex   -1.611944e+02 8.910000e+01 2.281977e+02
    endloop
  endfacet
  facet normal 0.000000e+00 -1.000000e+00 0.000000e+00
    outer loop
      vertex   -1.607019e+02 8.910000e+01 2.071981e+02
      vertex   -1.611944e+02 8.910000e+01 2.281977e+02
      vertex   -1.611944e+02 8.910000e+01 2.076023e+02
    endloop
  endfacet
  facet normal 0.000000e+00 -1.000000e+00 0.000000e+00
    outer loop
      vertex   -1.324338e+02 8.910000e+01 2.354662e+02
      vertex   -1.325550e+02 8.910000e+01 2.355657e+02
      vertex   -1.328434e+02 8.910000e+01 2.356851e+02
    endloop
  endfacet
  facet normal 0.000000e+00 -1.000000e+00 0.000000e+00
    outer loop
      vertex   -1.322604e+02 8.910000e+01 2.352067e+02
      vertex   -1.323343e+02 8.910000e+01 2.353450e+02
      vertex   -1.324338e+02 8.910000e+01 2.354662e+02
    endloop
  endfacet
  facet normal 0.000000e+00 -1.000000e+00 0.000000e+00
    outer loop
      vertex   -1.321995e+02 8.910000e+01 2.349005e+02
      vertex   -1.328434e+02 8.910000e+01 2.356851e+02
      vertex   -1.329995e+02 8.910000e+01 2.357005e+02
    endloop
  endfacet
  facet normal 0.000000e+00 -1.000000e+00 0.000000e+00
    outer loop
      vertex   -1.321995e+02 8.910000e+01 2.349005e+02
      vertex   -1.322149e+02 8.910000e+01 2.350566e+02
      vertex   -1.322604e+02 8.910000e+01 2.352067e+02
    endloop
  endfacet
  facet normal 0.000000e+00 -1.000000e+00 0.000000e+00
    outer loop
      vertex   -1.321995e+02 8.910000e+01 2.349005e+02
      vertex   -1.324338e+02 8.910000e+01 2.354662e+02
      vertex   -1.328434e+02 8.910000e+01 2.356851e+02
    endloop
  endfacet
  facet normal 0.000000e+00 -1.000000e+00 0.000000e+00
    outer loop
      vertex   -1.321995e+02 8.910000e+01 2.349005e+02
      vertex   -1.322604e+02 8.910000e+01 2.352067e+02
      vertex   -1.324338e+02 8.910000e+01 2.354662e+02
    endloop
  endfacet
  facet normal -0.000000e+00 -1.000000e+00 0.000000e+00
    outer loop
      vertex   -1.321995e+02 8.910000e+01 2.349005e+02
      vertex   -1.329995e+02 8.910000e+01 2.357005e+02
      vertex   -1.347019e+02 8.910000e+01 2.331981e+02
    endloop
  endfacet
  facet normal 0.000000e+00 -1.000000e+00 0.000000e+00
    outer loop
      vertex   -1.342977e+02 8.910000e+01 2.327056e+02
      vertex   -1.321995e+02 8.910000e+01 2.349005e+02
      vertex   -1.347019e+02 8.910000e+01 2.331981e+02
    endloop
  endfacet
  facet normal 0.000000e+00 -1.000000e+00 0.000000e+00
    outer loop
      vertex   -1.339974e+02 8.910000e+01 2.321437e+02
      vertex   -1.321995e+02 8.910000e+01 2.349005e+02
      vertex   -1.342977e+02 8.910000e+01 2.327056e+02
    endloop
  endfacet
  facet normal 0.000000e+00 -1.000000e+00 0.000000e+00
    outer loop
      vertex   -1.338124e+02 8.910000e+01 2.315340e+02
      vertex   -1.321995e+02 8.910000e+01 2.349005e+02
      vertex   -1.339974e+02 8.910000e+01 2.321437e+02
    endloop
  endfacet
  facet normal 0.000000e+00 -1.000000e+00 0.000000e+00
    outer loop
      vertex   -1.337500e+02 8.910000e+01 2.309000e+02
      vertex   -1.321995e+02 8.910000e+01 2.349005e+02
      vertex   -1.338124e+02 8.910000e+01 2.315340e+02
    endloop
  endfacet
  facet normal 0.000000e+00 -1.000000e+00 0.000000e+00
    outer loop
      vertex   -1.338124e+02 8.910000e+01 2.302660e+02
      vertex   -1.321995e+02 8.910000e+01 2.349005e+02
      vertex   -1.337500e+02 8.910000e+01 2.309000e+02
    endloop
  endfacet
  facet normal 0.000000e+00 -1.000000e+00 0.000000e+00
    outer loop
      vertex   -1.392981e+02 8.910000e+01 2.071981e+02
      vertex   -1.392981e+02 8.910000e+01 2.286019e+02
      vertex   -1.607019e+02 8.910000e+01 2.286019e+02
    endloop
  endfacet
  facet normal -0.000000e+00 -1.000000e+00 0.000000e+00
    outer loop
      vertex   -1.392981e+02 8.910000e+01 2.071981e+02
      vertex   -1.607019e+02 8.910000e+01 2.071981e+02
      vertex   -1.602977e+02 8.910000e+01 2.067056e+02
    endloop
  endfacet
  facet normal 0.000000e+00 -1.000000e+00 0.000000e+00
    outer loop
      vertex   -1.392981e+02 8.910000e+01 2.071981e+02
      vertex   -1.607019e+02 8.910000e+01 2.286019e+02
      vertex   -1.607019e+02 8.910000e+01 2.071981e+02
    endloop
  endfacet
  facet normal 0.000000e+00 -1.000000e+00 0.000000e+00
    outer loop
      vertex   -1.392981e+02 8.910000e+01 2.071981e+02
      vertex   -1.388056e+02 8.910000e+01 2.281977e+02
      vertex   -1.392981e+02 8.910000e+01 2.286019e+02
    endloop
  endfacet
  facet normal 0.000000e+00 -1.000000e+00 0.000000e+00
    outer loop
      vertex   -1.397023e+02 8.910000e+01 2.067056e+02
      vertex   -1.392981e+02 8.910000e+01 2.071981e+02
      vertex   -1.602977e+02 8.910000e+01 2.067056e+02
    endloop
  endfacet
  facet normal -0.000000e+00 -1.000000e+00 0.000000e+00
    outer loop
      vertex   -1.388056e+02 8.910000e+01 2.076023e+02
      vertex   -1.388056e+02 8.910000e+01 2.281977e+02
      vertex   -1.392981e+02 8.910000e+01 2.071981e+02
    endloop
  endfacet
  facet normal 0.000000e+00 -1.000000e+00 0.000000e+00
    outer loop
      vertex   -1.388056e+02 8.910000e+01 2.076023e+02
      vertex   -1.382437e+02 8.910000e+01 2.278974e+02
      vertex   -1.388056e+02 8.910000e+01 2.281977e+02
    endloop
  endfacet
  facet normal 0.000000e+00 -1.000000e+00 0.000000e+00
    outer loop
      vertex   -1.400026e+02 8.910000e+01 2.061437e+02
      vertex   -1.602977e+02 8.910000e+01 2.067056e+02
      vertex   -1.599974e+02 8.910000e+01 2.061437e+02
    endloop
  endfacet
  facet normal 0.000000e+00 -1.000000e+00 0.000000e+00
    outer loop
      vertex   -1.400026e+02 8.910000e+01 2.061437e+02
      vertex   -1.397023e+02 8.910000e+01 2.067056e+02
      vertex   -1.602977e+02 8.910000e+01 2.067056e+02
    endloop
  endfacet
  facet normal -0.000000e+00 -1.000000e+00 0.000000e+00
    outer loop
      vertex   -1.382437e+02 8.910000e+01 2.079026e+02
      vertex   -1.382437e+02 8.910000e+01 2.278974e+02
      vertex   -1.388056e+02 8.910000e+01 2.076023e+02
    endloop
  endfacet
  facet normal 0.000000e+00 -1.000000e+00 0.000000e+00
    outer loop
      vertex   -1.382437e+02 8.910000e+01 2.079026e+02
      vertex   -1.376340e+02 8.910000e+01 2.277125e+02
      vertex   -1.382437e+02 8.910000e+01 2.278974e+02
    endloop
  endfacet
  facet normal 0.000000e+00 -1.000000e+00 0.000000e+00
    outer loop
      vertex   -1.401875e+02 8.910000e+01 2.055341e+02
      vertex   -1.599974e+02 8.910000e+01 2.061437e+02
      vertex   -1.598125e+02 8.910000e+01 2.055341e+02
    endloop
  endfacet
  facet normal 0.000000e+00 -1.000000e+00 0.000000e+00
    outer loop
      vertex   -1.401875e+02 8.910000e+01 2.055341e+02
      vertex   -1.400026e+02 8.910000e+01 2.061437e+02
      vertex   -1.599974e+02 8.910000e+01 2.061437e+02
    endloop
  endfacet
  facet normal -0.000000e+00 -1.000000e+00 0.000000e+00
    outer loop
      vertex   -1.376340e+02 8.910000e+01 2.080876e+02
      vertex   -1.376340e+02 8.910000e+01 2.277125e+02
      vertex   -1.382437e+02 8.910000e+01 2.079026e+02
    endloop
  endfacet
  facet normal 0.000000e+00 -1.000000e+00 0.000000e+00
    outer loop
      vertex   -1.376340e+02 8.910000e+01 2.080876e+02
      vertex   -1.370000e+02 8.910000e+01 2.276500e+02
      vertex   -1.376340e+02 8.910000e+01 2.277125e+02
    endloop
  endfacet
  facet normal 0.000000e+00 -1.000000e+00 0.000000e+00
    outer loop
      vertex   -1.402500e+02 8.910000e+01 2.049000e+02
      vertex   -1.598125e+02 8.910000e+01 2.055341e+02
      vertex   -1.597500e+02 8.910000e+01 2.049000e+02
    endloop
  endfacet
  facet normal 0.000000e+00 -1.000000e+00 0.000000e+00
    outer loop
      vertex   -1.402500e+02 8.910000e+01 2.049000e+02
      vertex   -1.401875e+02 8.910000e+01 2.055341e+02
      vertex   -1.598125e+02 8.910000e+01 2.055341e+02
    endloop
  endfacet
  facet normal -0.000000e+00 -1.000000e+00 0.000000e+00
    outer loop
      vertex   -1.370000e+02 8.910000e+01 2.081500e+02
      vertex   -1.370000e+02 8.910000e+01 2.276500e+02
      vertex   -1.376340e+02 8.910000e+01 2.080876e+02
    endloop
  endfacet
  facet normal 0.000000e+00 -1.000000e+00 0.000000e+00
    outer loop
      vertex   -1.370000e+02 8.910000e+01 2.081500e+02
      vertex   -1.363660e+02 8.910000e+01 2.277125e+02
      vertex   -1.370000e+02 8.910000e+01 2.276500e+02
    endloop
  endfacet
  facet normal 0.000000e+00 -1.000000e+00 0.000000e+00
    outer loop
      vertex   -1.401875e+02 8.910000e+01 2.042660e+02
      vertex   -1.402500e+02 8.910000e+01 2.049000e+02
      vertex   -1.597500e+02 8.910000e+01 2.049000e+02
    endloop
  endfacet
  facet normal 0.000000e+00 -1.000000e+00 0.000000e+00
    outer loop
      vertex   -1.401875e+02 8.910000e+01 2.042660e+02
      vertex   -1.597500e+02 8.910000e+01 2.049000e+02
      vertex   -1.598125e+02 8.910000e+01 2.042660e+02
    endloop
  endfacet
  facet normal 0.000000e+00 -1.000000e+00 0.000000e+00
    outer loop
      vertex   -1.363660e+02 8.910000e+01 2.080876e+02
      vertex   -1.363660e+02 8.910000e+01 2.277125e+02
      vertex   -1.370000e+02 8.910000e+01 2.081500e+02
    endloop
  endfacet
  facet normal 0.000000e+00 -1.000000e+00 0.000000e+00
    outer loop
      vertex   -1.363660e+02 8.910000e+01 2.080876e+02
      vertex   -1.357563e+02 8.910000e+01 2.278974e+02
      vertex   -1.363660e+02 8.910000e+01 2.277125e+02
    endloop
  endfacet
  facet normal 0.000000e+00 -1.000000e+00 0.000000e+00
    outer loop
      vertex   -1.400026e+02 8.910000e+01 2.036563e+02
      vertex   -1.598125e+02 8.910000e+01 2.042660e+02
      vertex   -1.599974e+02 8.910000e+01 2.036563e+02
    endloop
  endfacet
  facet normal 0.000000e+00 -1.000000e+00 0.000000e+00
    outer loop
      vertex   -1.400026e+02 8.910000e+01 2.036563e+02
      vertex   -1.401875e+02 8.910000e+01 2.042660e+02
      vertex   -1.598125e+02 8.910000e+01 2.042660e+02
    endloop
  endfacet
  facet normal 0.000000e+00 -1.000000e+00 0.000000e+00
    outer loop
      vertex   -1.357563e+02 8.910000e+01 2.079026e+02
      vertex   -1.357563e+02 8.910000e+01 2.278974e+02
      vertex   -1.363660e+02 8.910000e+01 2.080876e+02
    endloop
  endfacet
  facet normal 0.000000e+00 -1.000000e+00 0.000000e+00
    outer loop
      vertex   -1.397023e+02 8.910000e+01 2.030944e+02
      vertex   -1.599974e+02 8.910000e+01 2.036563e+02
      vertex   -1.602977e+02 8.910000e+01 2.030944e+02
    endloop
  endfacet
  facet normal 0.000000e+00 -1.000000e+00 0.000000e+00
    outer loop
      vertex   -1.397023e+02 8.910000e+01 2.030944e+02
      vertex   -1.400026e+02 8.910000e+01 2.036563e+02
      vertex   -1.599974e+02 8.910000e+01 2.036563e+02
    endloop
  endfacet
  facet normal 0.000000e+00 -1.000000e+00 0.000000e+00
    outer loop
      vertex   -1.351944e+02 8.910000e+01 2.076023e+02
      vertex   -1.357563e+02 8.910000e+01 2.278974e+02
      vertex   -1.357563e+02 8.910000e+01 2.079026e+02
    endloop
  endfacet
  facet normal 0.000000e+00 -1.000000e+00 0.000000e+00
    outer loop
      vertex   -1.351944e+02 8.910000e+01 2.076023e+02
      vertex   -1.347019e+02 8.910000e+01 2.286019e+02
      vertex   -1.351944e+02 8.910000e+01 2.281977e+02
    endloop
  endfacet
  facet normal 0.000000e+00 -1.000000e+00 0.000000e+00
    outer loop
      vertex   -1.351944e+02 8.910000e+01 2.076023e+02
      vertex   -1.351944e+02 8.910000e+01 2.281977e+02
      vertex   -1.357563e+02 8.910000e+01 2.278974e+02
    endloop
  endfacet
  facet normal 0.000000e+00 -1.000000e+00 0.000000e+00
    outer loop
      vertex   -1.392981e+02 8.910000e+01 2.026019e+02
      vertex   -1.602977e+02 8.910000e+01 2.030944e+02
      vertex   -1.607019e+02 8.910000e+01 2.026019e+02
    endloop
  endfacet
  facet normal 0.000000e+00 -1.000000e+00 0.000000e+00
    outer loop
      vertex   -1.392981e+02 8.910000e+01 2.026019e+02
      vertex   -1.397023e+02 8.910000e+01 2.030944e+02
      vertex   -1.602977e+02 8.910000e+01 2.030944e+02
    endloop
  endfacet
  facet normal 0.000000e+00 -1.000000e+00 0.000000e+00
    outer loop
      vertex   -1.347019e+02 8.910000e+01 2.071981e+02
      vertex   -1.347019e+02 8.910000e+01 2.286019e+02
      vertex   -1.351944e+02 8.910000e+01 2.076023e+02
    endloop
  endfacet
  facet normal 0.000000e+00 -1.000000e+00 0.000000e+00
    outer loop
      vertex   -1.347019e+02 8.910000e+01 2.071981e+02
      vertex   -1.342977e+02 8.910000e+01 2.290944e+02
      vertex   -1.347019e+02 8.910000e+01 2.286019e+02
    endloop
  endfacet
  facet normal 0.000000e+00 -1.000000e+00 0.000000e+00
    outer loop
      vertex   -1.388056e+02 8.910000e+01 2.021977e+02
      vertex   -1.607019e+02 8.910000e+01 2.026019e+02
      vertex   -1.611944e+02 8.910000e+01 2.021977e+02
    endloop
  endfacet
  facet normal 0.000000e+00 -1.000000e+00 0.000000e+00
    outer loop
      vertex   -1.388056e+02 8.910000e+01 2.021977e+02
      vertex   -1.392981e+02 8.910000e+01 2.026019e+02
      vertex   -1.607019e+02 8.910000e+01 2.026019e+02
    endloop
  endfacet
  facet normal 0.000000e+00 -1.000000e+00 0.000000e+00
    outer loop
      vertex   -1.342977e+02 8.910000e+01 2.067056e+02
      vertex   -1.342977e+02 8.910000e+01 2.290944e+02
      vertex   -1.347019e+02 8.910000e+01 2.071981e+02
    endloop
  endfacet
  facet normal 0.000000e+00 -1.000000e+00 0.000000e+00
    outer loop
      vertex   -1.339974e+02 8.910000e+01 2.061437e+02
      vertex   -1.342977e+02 8.910000e+01 2.290944e+02
      vertex   -1.342977e+02 8.910000e+01 2.067056e+02
    endloop
  endfacet
  facet normal 0.000000e+00 -1.000000e+00 0.000000e+00
    outer loop
      vertex   -1.339974e+02 8.910000e+01 2.061437e+02
      vertex   -1.339974e+02 8.910000e+01 2.296563e+02
      vertex   -1.342977e+02 8.910000e+01 2.290944e+02
    endloop
  endfacet
  facet normal 0.000000e+00 -1.000000e+00 0.000000e+00
    outer loop
      vertex   -1.338124e+02 8.910000e+01 2.055341e+02
      vertex   -1.339974e+02 8.910000e+01 2.296563e+02
      vertex   -1.339974e+02 8.910000e+01 2.061437e+02
    endloop
  endfacet
  facet normal 0.000000e+00 -1.000000e+00 0.000000e+00
    outer loop
      vertex   -1.338124e+02 8.910000e+01 2.055341e+02
      vertex   -1.321995e+02 8.910000e+01 2.349005e+02
      vertex   -1.338124e+02 8.910000e+01 2.302660e+02
    endloop
  endfacet
  facet normal 0.000000e+00 -1.000000e+00 0.000000e+00
    outer loop
      vertex   -1.338124e+02 8.910000e+01 2.055341e+02
      vertex   -1.338124e+02 8.910000e+01 2.302660e+02
      vertex   -1.339974e+02 8.910000e+01 2.296563e+02
    endloop
  endfacet
  facet normal 0.000000e+00 -1.000000e+00 0.000000e+00
    outer loop
      vertex   -1.321995e+02 8.910000e+01 2.008995e+02
      vertex   -1.321995e+02 8.910000e+01 2.349005e+02
      vertex   -1.338124e+02 8.910000e+01 2.055341e+02
    endloop
  endfacet
  facet normal 0.000000e+00 -1.000000e+00 0.000000e+00
    outer loop
      vertex   -1.321995e+02 8.910000e+01 2.008995e+02
      vertex   -1.338124e+02 8.910000e+01 2.055341e+02
      vertex   -1.337500e+02 8.910000e+01 2.049000e+02
    endloop
  endfacet
  facet normal 0.000000e+00 -1.000000e+00 0.000000e+00
    outer loop
      vertex   -1.321995e+02 8.910000e+01 2.008995e+02
      vertex   -1.337500e+02 8.910000e+01 2.049000e+02
      vertex   -1.338124e+02 8.910000e+01 2.042660e+02
    endloop
  endfacet
  facet normal 0.000000e+00 -1.000000e+00 0.000000e+00
    outer loop
      vertex   -1.321995e+02 8.910000e+01 2.008995e+02
      vertex   -1.338124e+02 8.910000e+01 2.042660e+02
      vertex   -1.339974e+02 8.910000e+01 2.036563e+02
    endloop
  endfacet
  facet normal 0.000000e+00 -1.000000e+00 0.000000e+00
    outer loop
      vertex   -1.321995e+02 8.910000e+01 2.008995e+02
      vertex   -1.339974e+02 8.910000e+01 2.036563e+02
      vertex   -1.342977e+02 8.910000e+01 2.030944e+02
    endloop
  endfacet
  facet normal 0.000000e+00 -1.000000e+00 0.000000e+00
    outer loop
      vertex   -1.321995e+02 8.910000e+01 2.008995e+02
      vertex   -1.342977e+02 8.910000e+01 2.030944e+02
      vertex   -1.347019e+02 8.910000e+01 2.026019e+02
    endloop
  endfacet
  facet normal 0.000000e+00 -1.000000e+00 0.000000e+00
    outer loop
      vertex   -1.329995e+02 8.910000e+01 2.000995e+02
      vertex   -1.347019e+02 8.910000e+01 2.026019e+02
      vertex   -1.351944e+02 8.910000e+01 2.021977e+02
    endloop
  endfacet
  facet normal 0.000000e+00 -1.000000e+00 0.000000e+00
    outer loop
      vertex   -1.329995e+02 8.910000e+01 2.000995e+02
      vertex   -1.351944e+02 8.910000e+01 2.021977e+02
      vertex   -1.357563e+02 8.910000e+01 2.018974e+02
    endloop
  endfacet
  facet normal 0.000000e+00 -1.000000e+00 0.000000e+00
    outer loop
      vertex   -1.329995e+02 8.910000e+01 2.000995e+02
      vertex   -1.357563e+02 8.910000e+01 2.018974e+02
      vertex   -1.363660e+02 8.910000e+01 2.017125e+02
    endloop
  endfacet
  facet normal 0.000000e+00 -1.000000e+00 0.000000e+00
    outer loop
      vertex   -1.329995e+02 8.910000e+01 2.000995e+02
      vertex   -1.363660e+02 8.910000e+01 2.017125e+02
      vertex   -1.370000e+02 8.910000e+01 2.016500e+02
    endloop
  endfacet
  facet normal 0.000000e+00 -1.000000e+00 0.000000e+00
    outer loop
      vertex   -1.329995e+02 8.910000e+01 2.000995e+02
      vertex   -1.370000e+02 8.910000e+01 2.016500e+02
      vertex   -1.376340e+02 8.910000e+01 2.017125e+02
    endloop
  endfacet
  facet normal 0.000000e+00 -1.000000e+00 0.000000e+00
    outer loop
      vertex   -1.329995e+02 8.910000e+01 2.000995e+02
      vertex   -1.321995e+02 8.910000e+01 2.008995e+02
      vertex   -1.347019e+02 8.910000e+01 2.026019e+02
    endloop
  endfacet
  facet normal 0.000000e+00 -1.000000e+00 0.000000e+00
    outer loop
      vertex   -1.323343e+02 8.910000e+01 2.004551e+02
      vertex   -1.322149e+02 8.910000e+01 2.007434e+02
      vertex   -1.321995e+02 8.910000e+01 2.008995e+02
    endloop
  endfacet
  facet normal 0.000000e+00 -1.000000e+00 0.000000e+00
    outer loop
      vertex   -1.323343e+02 8.910000e+01 2.004551e+02
      vertex   -1.322604e+02 8.910000e+01 2.005934e+02
      vertex   -1.322149e+02 8.910000e+01 2.007434e+02
    endloop
  endfacet
  facet normal 0.000000e+00 -1.000000e+00 0.000000e+00
    outer loop
      vertex   -1.325550e+02 8.910000e+01 2.002343e+02
      vertex   -1.328434e+02 8.910000e+01 2.001149e+02
      vertex   -1.326933e+02 8.910000e+01 2.001604e+02
    endloop
  endfacet
  facet normal 0.000000e+00 -1.000000e+00 0.000000e+00
    outer loop
      vertex   -1.325550e+02 8.910000e+01 2.002343e+02
      vertex   -1.329995e+02 8.910000e+01 2.000995e+02
      vertex   -1.328434e+02 8.910000e+01 2.001149e+02
    endloop
  endfacet
  facet normal -0.000000e+00 -1.000000e+00 0.000000e+00
    outer loop
      vertex   -1.325550e+02 8.910000e+01 2.002343e+02
      vertex   -1.321995e+02 8.910000e+01 2.008995e+02
      vertex   -1.329995e+02 8.910000e+01 2.000995e+02
    endloop
  endfacet
  facet normal 0.000000e+00 -1.000000e+00 0.000000e+00
    outer loop
      vertex   -1.324338e+02 8.910000e+01 2.003338e+02
      vertex   -1.323343e+02 8.910000e+01 2.004551e+02
      vertex   -1.321995e+02 8.910000e+01 2.008995e+02
    endloop
  endfacet
  facet normal -0.000000e+00 -1.000000e+00 0.000000e+00
    outer loop
      vertex   -1.324338e+02 8.910000e+01 2.003338e+02
      vertex   -1.321995e+02 8.910000e+01 2.008995e+02
      vertex   -1.325550e+02 8.910000e+01 2.002343e+02
    endloop
  endfacet
  facet normal 0.000000e+00 -1.000000e+00 0.000000e+00
    outer loop
      vertex   -1.329995e+02 8.910000e+01 2.000995e+02
      vertex   -1.617563e+02 8.910000e+01 2.018974e+02
      vertex   -1.623660e+02 8.910000e+01 2.017125e+02
    endloop
  endfacet
  facet normal 0.000000e+00 -1.000000e+00 0.000000e+00
    outer loop
      vertex   -1.329995e+02 8.910000e+01 2.000995e+02
      vertex   -1.611944e+02 8.910000e+01 2.021977e+02
      vertex   -1.617563e+02 8.910000e+01 2.018974e+02
    endloop
  endfacet
  facet normal 0.000000e+00 -1.000000e+00 0.000000e+00
    outer loop
      vertex   -1.329995e+02 8.910000e+01 2.000995e+02
      vertex   -1.376340e+02 8.910000e+01 2.017125e+02
      vertex   -1.611944e+02 8.910000e+01 2.021977e+02
    endloop
  endfacet
  facet normal 0.000000e+00 -1.000000e+00 0.000000e+00
    outer loop
      vertex   -1.376340e+02 8.910000e+01 2.017125e+02
      vertex   -1.382437e+02 8.910000e+01 2.018974e+02
      vertex   -1.611944e+02 8.910000e+01 2.021977e+02
    endloop
  endfacet
  facet normal 0.000000e+00 -1.000000e+00 0.000000e+00
    outer loop
      vertex   -1.382437e+02 8.910000e+01 2.018974e+02
      vertex   -1.388056e+02 8.910000e+01 2.021977e+02
      vertex   -1.611944e+02 8.910000e+01 2.021977e+02
    endloop
  endfacet
  facet normal 7.071068e-01 -7.071068e-01 0.000000e+00
    outer loop
      vertex   -1.321995e+02 8.910000e+01 2.008995e+02
      vertex   -1.314005e+02 8.989902e+01 2.349005e+02
      vertex   -1.321995e+02 8.910000e+01 2.349005e+02
    endloop
  endfacet
  facet normal 7.071068e-01 -7.071068e-01 0.000000e+00
    outer loop
      vertex   -1.321995e+02 8.910000e+01 2.008995e+02
      vertex   -1.314005e+02 8.989902e+01 2.008995e+02
      vertex   -1.314005e+02 8.989902e+01 2.349005e+02
    endloop
  endfacet
  facet normal 1.392806e-01 -7.002146e-01 7.002146e-01
    outer loop
      vertex   -1.325405e+02 8.949951e+01 2.360087e+02
      vertex   -1.329995e+02 8.989902e+01 2.364995e+02
      vertex   -1.329995e+02 8.910000e+01 2.357005e+02
    endloop
  endfacet
  facet normal 6.561132e-02 -7.429605e-01 6.661117e-01
    outer loop
      vertex   -1.325405e+02 8.949951e+01 2.360087e+02
      vertex   -1.326875e+02 8.989902e+01 2.364688e+02
      vertex   -1.329995e+02 8.989902e+01 2.364995e+02
    endloop
  endfacet
  facet normal 2.057756e-01 -7.053911e-01 6.782918e-01
    outer loop
      vertex   -1.325405e+02 8.949951e+01 2.360087e+02
      vertex   -1.323876e+02 8.989902e+01 2.363778e+02
      vertex   -1.326875e+02 8.989902e+01 2.364688e+02
    endloop
  endfacet
  facet normal 3.341272e-01 -7.053923e-01 6.251245e-01
    outer loop
      vertex   -1.325405e+02 8.949951e+01 2.360087e+02
      vertex   -1.321111e+02 8.989902e+01 2.362300e+02
      vertex   -1.323876e+02 8.989902e+01 2.363778e+02
    endloop
  endfacet
  facet normal 7.357763e-02 -6.607863e-01 7.469590e-01
    outer loop
      vertex   -1.325405e+02 8.949951e+01 2.360087e+02
      vertex   -1.329995e+02 8.910000e+01 2.357005e+02
      vertex   -1.328434e+02 8.910000e+01 2.356851e+02
    endloop
  endfacet
  facet normal 2.057651e-01 -7.054021e-01 6.782836e-01
    outer loop
      vertex   -1.325405e+02 8.949951e+01 2.360087e+02
      vertex   -1.328434e+02 8.910000e+01 2.356851e+02
      vertex   -1.326933e+02 8.910000e+01 2.356396e+02
    endloop
  endfacet
  facet normal 3.341304e-01 -7.053990e-01 6.251153e-01
    outer loop
      vertex   -1.325405e+02 8.949951e+01 2.360087e+02
      vertex   -1.326933e+02 8.910000e+01 2.356396e+02
      vertex   -1.325550e+02 8.910000e+01 2.355657e+02
    endloop
  endfacet
  facet normal 4.496582e-01 -7.053962e-01 5.479266e-01
    outer loop
      vertex   -1.321513e+02 8.949951e+01 2.357487e+02
      vertex   -1.318688e+02 8.989902e+01 2.360312e+02
      vertex   -1.321111e+02 8.989902e+01 2.362300e+02
    endloop
  endfacet
  facet normal 5.479174e-01 -7.053969e-01 4.496684e-01
    outer loop
      vertex   -1.321513e+02 8.949951e+01 2.357487e+02
      vertex   -1.316700e+02 8.989902e+01 2.357889e+02
      vertex   -1.318688e+02 8.989902e+01 2.360312e+02
    endloop
  endfacet
  facet normal 4.496544e-01 -7.053960e-01 5.479301e-01
    outer loop
      vertex   -1.321513e+02 8.949951e+01 2.357487e+02
      vertex   -1.325550e+02 8.910000e+01 2.355657e+02
      vertex   -1.324338e+02 8.910000e+01 2.354662e+02
    endloop
  endfacet
  facet normal 5.479301e-01 -7.053960e-01 4.496544e-01
    outer loop
      vertex   -1.321513e+02 8.949951e+01 2.357487e+02
      vertex   -1.324338e+02 8.910000e+01 2.354662e+02
      vertex   -1.323343e+02 8.910000e+01 2.353450e+02
    endloop
  endfacet
  facet normal 3.816817e-01 -7.266429e-01 5.712347e-01
    outer loop
      vertex   -1.321513e+02 8.949951e+01 2.357487e+02
      vertex   -1.321111e+02 8.989902e+01 2.362300e+02
      vertex   -1.325405e+02 8.949951e+01 2.360087e+02
    endloop
  endfacet
  facet normal 4.043336e-01 -6.858021e-01 6.051362e-01
    outer loop
      vertex   -1.321513e+02 8.949951e+01 2.357487e+02
      vertex   -1.325405e+02 8.949951e+01 2.360087e+02
      vertex   -1.325550e+02 8.910000e+01 2.355657e+02
    endloop
  endfacet
  facet normal 6.251179e-01 -7.053998e-01 3.341237e-01
    outer loop
      vertex   -1.318913e+02 8.949951e+01 2.353595e+02
      vertex   -1.315222e+02 8.989902e+01 2.355124e+02
      vertex   -1.316700e+02 8.989902e+01 2.357889e+02
    endloop
  endfacet
  facet normal 6.782820e-01 -7.053996e-01 2.057792e-01
    outer loop
      vertex   -1.318913e+02 8.949951e+01 2.353595e+02
      vertex   -1.314312e+02 8.989902e+01 2.352125e+02
      vertex   -1.315222e+02 8.989902e+01 2.355124e+02
    endloop
  endfacet
  facet normal 6.661000e-01 -7.429731e-01 6.558780e-02
    outer loop
      vertex   -1.318913e+02 8.949951e+01 2.353595e+02
      vertex   -1.314005e+02 8.989902e+01 2.349005e+02
      vertex   -1.314312e+02 8.989902e+01 2.352125e+02
    endloop
  endfacet
  facet normal 7.002146e-01 -7.002146e-01 1.392806e-01
    outer loop
      vertex   -1.318913e+02 8.949951e+01 2.353595e+02
      vertex   -1.321995e+02 8.910000e+01 2.349005e+02
      vertex   -1.314005e+02 8.989902e+01 2.349005e+02
    endloop
  endfacet
  facet normal 6.251229e-01 -7.053998e-01 3.341144e-01
    outer loop
      vertex   -1.318913e+02 8.949951e+01 2.353595e+02
      vertex   -1.323343e+02 8.910000e+01 2.353450e+02
      vertex   -1.322604e+02 8.910000e+01 2.352067e+02
    endloop
  endfacet
  facet normal 6.782878e-01 -7.054015e-01 2.057533e-01
    outer loop
      vertex   -1.318913e+02 8.949951e+01 2.353595e+02
      vertex   -1.322604e+02 8.910000e+01 2.352067e+02
      vertex   -1.322149e+02 8.910000e+01 2.350566e+02
    endloop
  endfacet
  facet normal 7.469562e-01 -6.607890e-01 7.358185e-02
    outer loop
      vertex   -1.318913e+02 8.949951e+01 2.353595e+02
      vertex   -1.322149e+02 8.910000e+01 2.350566e+02
      vertex   -1.321995e+02 8.910000e+01 2.349005e+02
    endloop
  endfacet
  facet normal 6.051394e-01 -6.858009e-01 4.043309e-01
    outer loop
      vertex   -1.318913e+02 8.949951e+01 2.353595e+02
      vertex   -1.321513e+02 8.949951e+01 2.357487e+02
      vertex   -1.323343e+02 8.910000e+01 2.353450e+02
    endloop
  endfacet
  facet normal 5.712321e-01 -7.266483e-01 3.816754e-01
    outer loop
      vertex   -1.318913e+02 8.949951e+01 2.353595e+02
      vertex   -1.316700e+02 8.989902e+01 2.357889e+02
      vertex   -1.321513e+02 8.949951e+01 2.357487e+02
    endloop
  endfacet
  facet normal 7.002146e-01 -7.002146e-01 -1.392806e-01
    outer loop
      vertex   -1.318913e+02 8.949951e+01 2.004405e+02
      vertex   -1.314005e+02 8.989902e+01 2.008995e+02
      vertex   -1.321995e+02 8.910000e+01 2.008995e+02
    endloop
  endfacet
  facet normal 6.661000e-01 -7.429731e-01 -6.558780e-02
    outer loop
      vertex   -1.318913e+02 8.949951e+01 2.004405e+02
      vertex   -1.314312e+02 8.989902e+01 2.005875e+02
      vertex   -1.314005e+02 8.989902e+01 2.008995e+02
    endloop
  endfacet
  facet normal 6.782820e-01 -7.053996e-01 -2.057792e-01
    outer loop
      vertex   -1.318913e+02 8.949951e+01 2.004405e+02
      vertex   -1.315222e+02 8.989902e+01 2.002876e+02
      vertex   -1.314312e+02 8.989902e+01 2.005875e+02
    endloop
  endfacet
  facet normal 6.251179e-01 -7.053998e-01 -3.341237e-01
    outer loop
      vertex   -1.318913e+02 8.949951e+01 2.004405e+02
      vertex   -1.316700e+02 8.989902e+01 2.000111e+02
      vertex   -1.315222e+02 8.989902e+01 2.002876e+02
    endloop
  endfacet
  facet normal 7.469562e-01 -6.607890e-01 -7.358185e-02
    outer loop
      vertex   -1.318913e+02 8.949951e+01 2.004405e+02
      vertex   -1.321995e+02 8.910000e+01 2.008995e+02
      vertex   -1.322149e+02 8.910000e+01 2.007434e+02
    endloop
  endfacet
  facet normal 6.782878e-01 -7.054015e-01 -2.057533e-01
    outer loop
      vertex   -1.318913e+02 8.949951e+01 2.004405e+02
      vertex   -1.322149e+02 8.910000e+01 2.007434e+02
      vertex   -1.322604e+02 8.910000e+01 2.005934e+02
    endloop
  endfacet
  facet normal 6.251229e-01 -7.053998e-01 -3.341144e-01
    outer loop
      vertex   -1.318913e+02 8.949951e+01 2.004405e+02
      vertex   -1.322604e+02 8.910000e+01 2.005934e+02
      vertex   -1.323343e+02 8.910000e+01 2.004551e+02
    endloop
  endfacet
  facet normal 5.479174e-01 -7.053969e-01 -4.496684e-01
    outer loop
      vertex   -1.321513e+02 8.949951e+01 2.000513e+02
      vertex   -1.318688e+02 8.989902e+01 1.997688e+02
      vertex   -1.316700e+02 8.989902e+01 2.000111e+02
    endloop
  endfacet
  facet normal 4.496582e-01 -7.053962e-01 -5.479266e-01
    outer loop
      vertex   -1.321513e+02 8.949951e+01 2.000513e+02
      vertex   -1.321111e+02 8.989902e+01 1.995700e+02
      vertex   -1.318688e+02 8.989902e+01 1.997688e+02
    endloop
  endfacet
  facet normal 5.479301e-01 -7.053960e-01 -4.496544e-01
    outer loop
      vertex   -1.321513e+02 8.949951e+01 2.000513e+02
      vertex   -1.323343e+02 8.910000e+01 2.004551e+02
      vertex   -1.324338e+02 8.910000e+01 2.003338e+02
    endloop
  endfacet
  facet normal 4.496544e-01 -7.053960e-01 -5.479301e-01
    outer loop
      vertex   -1.321513e+02 8.949951e+01 2.000513e+02
      vertex   -1.324338e+02 8.910000e+01 2.003338e+02
      vertex   -1.325550e+02 8.910000e+01 2.002343e+02
    endloop
  endfacet
  facet normal 5.712321e-01 -7.266483e-01 -3.816754e-01
    outer loop
      vertex   -1.321513e+02 8.949951e+01 2.000513e+02
      vertex   -1.316700e+02 8.989902e+01 2.000111e+02
      vertex   -1.318913e+02 8.949951e+01 2.004405e+02
    endloop
  endfacet
  facet normal 6.051394e-01 -6.858009e-01 -4.043309e-01
    outer loop
      vertex   -1.321513e+02 8.949951e+01 2.000513e+02
      vertex   -1.318913e+02 8.949951e+01 2.004405e+02
      vertex   -1.323343e+02 8.910000e+01 2.004551e+02
    endloop
  endfacet
  facet normal 3.341272e-01 -7.053923e-01 -6.251245e-01
    outer loop
      vertex   -1.325405e+02 8.949951e+01 1.997913e+02
      vertex   -1.323876e+02 8.989902e+01 1.994222e+02
      vertex   -1.321111e+02 8.989902e+01 1.995700e+02
    endloop
  endfacet
  facet normal 2.057756e-01 -7.053911e-01 -6.782918e-01
    outer loop
      vertex   -1.325405e+02 8.949951e+01 1.997913e+02
      vertex   -1.326875e+02 8.989902e+01 1.993312e+02
      vertex   -1.323876e+02 8.989902e+01 1.994222e+02
    endloop
  endfacet
  facet normal 6.561132e-02 -7.429605e-01 -6.661117e-01
    outer loop
      vertex   -1.325405e+02 8.949951e+01 1.997913e+02
      vertex   -1.329995e+02 8.989902e+01 1.993005e+02
      vertex   -1.326875e+02 8.989902e+01 1.993312e+02
    endloop
  endfacet
  facet normal 1.392806e-01 -7.002146e-01 -7.002146e-01
    outer loop
      vertex   -1.325405e+02 8.949951e+01 1.997913e+02
      vertex   -1.329995e+02 8.910000e+01 2.000995e+02
      vertex   -1.329995e+02 8.989902e+01 1.993005e+02
    endloop
  endfacet
  facet normal 3.341304e-01 -7.053990e-01 -6.251153e-01
    outer loop
      vertex   -1.325405e+02 8.949951e+01 1.997913e+02
      vertex   -1.325550e+02 8.910000e+01 2.002343e+02
      vertex   -1.326933e+02 8.910000e+01 2.001604e+02
    endloop
  endfacet
  facet normal 2.057651e-01 -7.054021e-01 -6.782836e-01
    outer loop
      vertex   -1.325405e+02 8.949951e+01 1.997913e+02
      vertex   -1.326933e+02 8.910000e+01 2.001604e+02
      vertex   -1.328434e+02 8.910000e+01 2.001149e+02
    endloop
  endfacet
  facet normal 7.357763e-02 -6.607863e-01 -7.469590e-01
    outer loop
      vertex   -1.325405e+02 8.949951e+01 1.997913e+02
      vertex   -1.328434e+02 8.910000e+01 2.001149e+02
      vertex   -1.329995e+02 8.910000e+01 2.000995e+02
    endloop
  endfacet
  facet normal 4.043336e-01 -6.858021e-01 -6.051362e-01
    outer loop
      vertex   -1.325405e+02 8.949951e+01 1.997913e+02
      vertex   -1.321513e+02 8.949951e+01 2.000513e+02
      vertex   -1.325550e+02 8.910000e+01 2.002343e+02
    endloop
  endfacet
  facet normal 3.816817e-01 -7.266429e-01 -5.712347e-01
    outer loop
      vertex   -1.325405e+02 8.949951e+01 1.997913e+02
      vertex   -1.321111e+02 8.989902e+01 1.995700e+02
      vertex   -1.321513e+02 8.949951e+01 2.000513e+02
    endloop
  endfacet
  facet normal 0.000000e+00 0.000000e+00 -1.000000e+00
    outer loop
      vertex   -1.332500e+02 1.310500e+02 2.360024e+02
      vertex   -1.667500e+02 1.310500e+02 2.360024e+02
      vertex   -1.667500e+02 1.312500e+02 2.360024e+02
    endloop
  endfacet
  facet normal 0.000000e+00 0.000000e+00 -1.000000e+00
    outer loop
      vertex   -1.332500e+02 1.310500e+02 2.360024e+02
      vertex   -1.667500e+02 1.312500e+02 2.360024e+02
      vertex   -1.332500e+02 1.312500e+02 2.360024e+02
    endloop
  endfacet
  facet normal -9.798639e-02 0.000000e+00 -9.951878e-01
    outer loop
      vertex   -1.329862e+02 1.310500e+02 2.359765e+02
      vertex   -1.332500e+02 1.310500e+02 2.360024e+02
      vertex   -1.332500e+02 1.312500e+02 2.360024e+02
    endloop
  endfacet
  facet normal -9.798639e-02 0.000000e+00 -9.951878e-01
    outer loop
      vertex   -1.329862e+02 1.310500e+02 2.359765e+02
      vertex   -1.332500e+02 1.312500e+02 2.360024e+02
      vertex   -1.329862e+02 1.312500e+02 2.359765e+02
    endloop
  endfacet
  facet normal -2.902769e-01 0.000000e+00 -9.569427e-01
    outer loop
      vertex   -1.327324e+02 1.310500e+02 2.358995e+02
      vertex   -1.329862e+02 1.312500e+02 2.359765e+02
      vertex   -1.327324e+02 1.312500e+02 2.358995e+02
    endloop
  endfacet
  facet normal -2.902769e-01 0.000000e+00 -9.569427e-01
    outer loop
      vertex   -1.327324e+02 1.310500e+02 2.358995e+02
      vertex   -1.329862e+02 1.310500e+02 2.359765e+02
      vertex   -1.329862e+02 1.312500e+02 2.359765e+02
    endloop
  endfacet
  facet normal -4.714207e-01 0.000000e+00 -8.819085e-01
    outer loop
      vertex   -1.324986e+02 1.310500e+02 2.357745e+02
      vertex   -1.327324e+02 1.312500e+02 2.358995e+02
      vertex   -1.324986e+02 1.312500e+02 2.357745e+02
    endloop
  endfacet
  facet normal -4.714207e-01 0.000000e+00 -8.819085e-01
    outer loop
      vertex   -1.324986e+02 1.310500e+02 2.357745e+02
      vertex   -1.327324e+02 1.310500e+02 2.358995e+02
      vertex   -1.327324e+02 1.312500e+02 2.358995e+02
    endloop
  endfacet
  facet normal -6.344026e-01 0.000000e+00 -7.730028e-01
    outer loop
      vertex   -1.322937e+02 1.310500e+02 2.356063e+02
      vertex   -1.324986e+02 1.312500e+02 2.357745e+02
      vertex   -1.322937e+02 1.312500e+02 2.356063e+02
    endloop
  endfacet
  facet normal -6.344026e-01 0.000000e+00 -7.730028e-01
    outer loop
      vertex   -1.322937e+02 1.310500e+02 2.356063e+02
      vertex   -1.324986e+02 1.310500e+02 2.357745e+02
      vertex   -1.324986e+02 1.312500e+02 2.357745e+02
    endloop
  endfacet
  facet normal -7.730173e-01 0.000000e+00 -6.343850e-01
    outer loop
      vertex   -1.321255e+02 1.310500e+02 2.354014e+02
      vertex   -1.322937e+02 1.312500e+02 2.356063e+02
      vertex   -1.321255e+02 1.312500e+02 2.354014e+02
    endloop
  endfacet
  facet normal -7.730173e-01 0.000000e+00 -6.343850e-01
    outer loop
      vertex   -1.321255e+02 1.310500e+02 2.354014e+02
      vertex   -1.322937e+02 1.310500e+02 2.356063e+02
      vertex   -1.322937e+02 1.312500e+02 2.356063e+02
    endloop
  endfacet
  facet normal -8.819234e-01 0.000000e+00 -4.713927e-01
    outer loop
      vertex   -1.320005e+02 1.310500e+02 2.351676e+02
      vertex   -1.321255e+02 1.312500e+02 2.354014e+02
      vertex   -1.320005e+02 1.312500e+02 2.351676e+02
    endloop
  endfacet
  facet normal -8.819234e-01 0.000000e+00 -4.713927e-01
    outer loop
      vertex   -1.320005e+02 1.310500e+02 2.351676e+02
      vertex   -1.321255e+02 1.310500e+02 2.354014e+02
      vertex   -1.321255e+02 1.312500e+02 2.354014e+02
    endloop
  endfacet
  facet normal -9.569366e-01 0.000000e+00 -2.902969e-01
    outer loop
      vertex   -1.319236e+02 1.310500e+02 2.349139e+02
      vertex   -1.320005e+02 1.312500e+02 2.351676e+02
      vertex   -1.319236e+02 1.312500e+02 2.349139e+02
    endloop
  endfacet
  facet normal -9.569366e-01 0.000000e+00 -2.902969e-01
    outer loop
      vertex   -1.319236e+02 1.310500e+02 2.349139e+02
      vertex   -1.320005e+02 1.310500e+02 2.351676e+02
      vertex   -1.320005e+02 1.312500e+02 2.351676e+02
    endloop
  endfacet
  facet normal -9.951849e-01 0.000000e+00 -9.801500e-02
    outer loop
      vertex   -1.318976e+02 1.310500e+02 2.346500e+02
      vertex   -1.319236e+02 1.312500e+02 2.349139e+02
      vertex   -1.318976e+02 1.312500e+02 2.346500e+02
    endloop
  endfacet
  facet normal -9.951849e-01 0.000000e+00 -9.801500e-02
    outer loop
      vertex   -1.318976e+02 1.310500e+02 2.346500e+02
      vertex   -1.319236e+02 1.310500e+02 2.349139e+02
      vertex   -1.319236e+02 1.312500e+02 2.349139e+02
    endloop
  endfacet
  facet normal -1.000000e+00 0.000000e+00 0.000000e+00
    outer loop
      vertex   -1.318976e+02 1.310500e+02 2.011500e+02
      vertex   -1.318976e+02 1.310500e+02 2.346500e+02
      vertex   -1.318976e+02 1.312500e+02 2.346500e+02
    endloop
  endfacet
  facet normal -1.000000e+00 0.000000e+00 0.000000e+00
    outer loop
      vertex   -1.318976e+02 1.310500e+02 2.011500e+02
      vertex   -1.318976e+02 1.312500e+02 2.346500e+02
      vertex   -1.318976e+02 1.312500e+02 2.011500e+02
    endloop
  endfacet
  facet normal -9.951849e-01 0.000000e+00 9.801500e-02
    outer loop
      vertex   -1.319236e+02 1.310500e+02 2.008862e+02
      vertex   -1.318976e+02 1.310500e+02 2.011500e+02
      vertex   -1.318976e+02 1.312500e+02 2.011500e+02
    endloop
  endfacet
  facet normal -9.951849e-01 0.000000e+00 9.801500e-02
    outer loop
      vertex   -1.319236e+02 1.310500e+02 2.008862e+02
      vertex   -1.318976e+02 1.312500e+02 2.011500e+02
      vertex   -1.319236e+02 1.312500e+02 2.008862e+02
    endloop
  endfacet
  facet normal -9.569366e-01 0.000000e+00 2.902969e-01
    outer loop
      vertex   -1.320005e+02 1.310500e+02 2.006325e+02
      vertex   -1.319236e+02 1.312500e+02 2.008862e+02
      vertex   -1.320005e+02 1.312500e+02 2.006325e+02
    endloop
  endfacet
  facet normal -9.569366e-01 0.000000e+00 2.902969e-01
    outer loop
      vertex   -1.320005e+02 1.310500e+02 2.006325e+02
      vertex   -1.319236e+02 1.310500e+02 2.008862e+02
      vertex   -1.319236e+02 1.312500e+02 2.008862e+02
    endloop
  endfacet
  facet normal -8.819234e-01 0.000000e+00 4.713927e-01
    outer loop
      vertex   -1.321255e+02 1.310500e+02 2.003986e+02
      vertex   -1.320005e+02 1.312500e+02 2.006325e+02
      vertex   -1.321255e+02 1.312500e+02 2.003986e+02
    endloop
  endfacet
  facet normal -8.819234e-01 0.000000e+00 4.713927e-01
    outer loop
      vertex   -1.321255e+02 1.310500e+02 2.003986e+02
      vertex   -1.320005e+02 1.310500e+02 2.006325e+02
      vertex   -1.320005e+02 1.312500e+02 2.006325e+02
    endloop
  endfacet
  facet normal -7.730173e-01 0.000000e+00 6.343850e-01
    outer loop
      vertex   -1.322937e+02 1.310500e+02 2.001937e+02
      vertex   -1.321255e+02 1.312500e+02 2.003986e+02
      vertex   -1.322937e+02 1.312500e+02 2.001937e+02
    endloop
  endfacet
  facet normal -7.730173e-01 0.000000e+00 6.343850e-01
    outer loop
      vertex   -1.322937e+02 1.310500e+02 2.001937e+02
      vertex   -1.321255e+02 1.310500e+02 2.003986e+02
      vertex   -1.321255e+02 1.312500e+02 2.003986e+02
    endloop
  endfacet
  facet normal -6.344026e-01 0.000000e+00 7.730028e-01
    outer loop
      vertex   -1.324986e+02 1.310500e+02 2.000255e+02
      vertex   -1.322937e+02 1.312500e+02 2.001937e+02
      vertex   -1.324986e+02 1.312500e+02 2.000255e+02
    endloop
  endfacet
  facet normal -6.344026e-01 0.000000e+00 7.730028e-01
    outer loop
      vertex   -1.324986e+02 1.310500e+02 2.000255e+02
      vertex   -1.322937e+02 1.310500e+02 2.001937e+02
      vertex   -1.322937e+02 1.312500e+02 2.001937e+02
    endloop
  endfacet
  facet normal -4.714207e-01 0.000000e+00 8.819085e-01
    outer loop
      vertex   -1.327324e+02 1.310500e+02 1.999005e+02
      vertex   -1.324986e+02 1.312500e+02 2.000255e+02
      vertex   -1.327324e+02 1.312500e+02 1.999005e+02
    endloop
  endfacet
  facet normal -4.714207e-01 0.000000e+00 8.819085e-01
    outer loop
      vertex   -1.327324e+02 1.310500e+02 1.999005e+02
      vertex   -1.324986e+02 1.310500e+02 2.000255e+02
      vertex   -1.324986e+02 1.312500e+02 2.000255e+02
    endloop
  endfacet
  facet normal -2.902769e-01 0.000000e+00 9.569427e-01
    outer loop
      vertex   -1.329862e+02 1.310500e+02 1.998236e+02
      vertex   -1.327324e+02 1.312500e+02 1.999005e+02
      vertex   -1.329862e+02 1.312500e+02 1.998236e+02
    endloop
  endfacet
  facet normal -2.902769e-01 0.000000e+00 9.569427e-01
    outer loop
      vertex   -1.329862e+02 1.310500e+02 1.998236e+02
      vertex   -1.327324e+02 1.310500e+02 1.999005e+02
      vertex   -1.327324e+02 1.312500e+02 1.999005e+02
    endloop
  endfacet
  facet normal -9.798639e-02 0.000000e+00 9.951878e-01
    outer loop
      vertex   -1.332500e+02 1.310500e+02 1.997976e+02
      vertex   -1.329862e+02 1.312500e+02 1.998236e+02
      vertex   -1.332500e+02 1.312500e+02 1.997976e+02
    endloop
  endfacet
  facet normal -9.798639e-02 0.000000e+00 9.951878e-01
    outer loop
      vertex   -1.332500e+02 1.310500e+02 1.997976e+02
      vertex   -1.329862e+02 1.310500e+02 1.998236e+02
      vertex   -1.329862e+02 1.312500e+02 1.998236e+02
    endloop
  endfacet
  facet normal 0.000000e+00 0.000000e+00 1.000000e+00
    outer loop
      vertex   -1.332500e+02 1.310500e+02 1.997976e+02
      vertex   -1.667500e+02 1.312500e+02 1.997976e+02
      vertex   -1.667500e+02 1.310500e+02 1.997976e+02
    endloop
  endfacet
  facet normal 0.000000e+00 -0.000000e+00 1.000000e+00
    outer loop
      vertex   -1.332500e+02 1.310500e+02 1.997976e+02
      vertex   -1.332500e+02 1.312500e+02 1.997976e+02
      vertex   -1.667500e+02 1.312500e+02 1.997976e+02
    endloop
  endfacet
  facet normal 9.951849e-01 0.000000e+00 -9.801562e-02
    outer loop
      vertex   -1.661876e+02 9.150000e+01 2.315340e+02
      vertex   -1.662500e+02 8.910000e+01 2.309000e+02
      vertex   -1.662500e+02 9.150000e+01 2.309000e+02
    endloop
  endfacet
  facet normal 9.951849e-01 0.000000e+00 -9.801562e-02
    outer loop
      vertex   -1.661876e+02 9.150000e+01 2.315340e+02
      vertex   -1.661876e+02 8.910000e+01 2.315340e+02
      vertex   -1.662500e+02 8.910000e+01 2.309000e+02
    endloop
  endfacet
  facet normal 9.569443e-01 0.000000e+00 -2.902716e-01
    outer loop
      vertex   -1.660026e+02 9.150000e+01 2.321437e+02
      vertex   -1.660026e+02 8.910000e+01 2.321437e+02
      vertex   -1.661876e+02 8.910000e+01 2.315340e+02
    endloop
  endfacet
  facet normal 9.569443e-01 0.000000e+00 -2.902716e-01
    outer loop
      vertex   -1.660026e+02 9.150000e+01 2.321437e+02
      vertex   -1.661876e+02 8.910000e+01 2.315340e+02
      vertex   -1.661876e+02 9.150000e+01 2.315340e+02
    endloop
  endfacet
  facet normal 8.819233e-01 0.000000e+00 -4.713929e-01
    outer loop
      vertex   -1.657023e+02 9.150000e+01 2.327056e+02
      vertex   -1.657023e+02 8.910000e+01 2.327056e+02
      vertex   -1.660026e+02 8.910000e+01 2.321437e+02
    endloop
  endfacet
  facet normal 8.819233e-01 0.000000e+00 -4.713929e-01
    outer loop
      vertex   -1.657023e+02 9.150000e+01 2.327056e+02
      vertex   -1.660026e+02 8.910000e+01 2.321437e+02
      vertex   -1.660026e+02 9.150000e+01 2.321437e+02
    endloop
  endfacet
  facet normal 7.730067e-01 0.000000e+00 -6.343978e-01
    outer loop
      vertex   -1.652981e+02 9.150000e+01 2.331981e+02
      vertex   -1.652981e+02 8.910000e+01 2.331981e+02
      vertex   -1.657023e+02 8.910000e+01 2.327056e+02
    endloop
  endfacet
  facet normal 7.730067e-01 0.000000e+00 -6.343978e-01
    outer loop
      vertex   -1.652981e+02 9.150000e+01 2.331981e+02
      vertex   -1.657023e+02 8.910000e+01 2.327056e+02
      vertex   -1.657023e+02 9.150000e+01 2.327056e+02
    endloop
  endfacet
  facet normal 6.343978e-01 0.000000e+00 -7.730067e-01
    outer loop
      vertex   -1.648056e+02 9.150000e+01 2.336023e+02
      vertex   -1.648056e+02 8.910000e+01 2.336023e+02
      vertex   -1.652981e+02 8.910000e+01 2.331981e+02
    endloop
  endfacet
  facet normal 4.713929e-01 0.000000e+00 -8.819233e-01
    outer loop
      vertex   -1.648056e+02 9.150000e+01 2.336023e+02
      vertex   -1.642437e+02 8.910000e+01 2.339026e+02
      vertex   -1.648056e+02 8.910000e+01 2.336023e+02
    endloop
  endfacet
  facet normal 6.343978e-01 0.000000e+00 -7.730067e-01
    outer loop
      vertex   -1.648056e+02 9.150000e+01 2.336023e+02
      vertex   -1.652981e+02 8.910000e+01 2.331981e+02
      vertex   -1.652981e+02 9.150000e+01 2.331981e+02
    endloop
  endfacet
  facet normal 4.713929e-01 0.000000e+00 -8.819233e-01
    outer loop
      vertex   -1.642437e+02 9.150000e+01 2.339026e+02
      vertex   -1.642437e+02 8.910000e+01 2.339026e+02
      vertex   -1.648056e+02 9.150000e+01 2.336023e+02
    endloop
  endfacet
  facet normal 2.902716e-01 0.000000e+00 -9.569443e-01
    outer loop
      vertex   -1.636340e+02 9.150000e+01 2.340876e+02
      vertex   -1.636340e+02 8.910000e+01 2.340876e+02
      vertex   -1.642437e+02 8.910000e+01 2.339026e+02
    endloop
  endfacet
  facet normal 2.902716e-01 0.000000e+00 -9.569443e-01
    outer loop
      vertex   -1.636340e+02 9.150000e+01 2.340876e+02
      vertex   -1.642437e+02 8.910000e+01 2.339026e+02
      vertex   -1.642437e+02 9.150000e+01 2.339026e+02
    endloop
  endfacet
  facet normal 9.801562e-02 0.000000e+00 -9.951849e-01
    outer loop
      vertex   -1.630000e+02 9.150000e+01 2.341500e+02
      vertex   -1.630000e+02 8.910000e+01 2.341500e+02
      vertex   -1.636340e+02 8.910000e+01 2.340876e+02
    endloop
  endfacet
  facet normal 9.801562e-02 0.000000e+00 -9.951849e-01
    outer loop
      vertex   -1.630000e+02 9.150000e+01 2.341500e+02
      vertex   -1.636340e+02 8.910000e+01 2.340876e+02
      vertex   -1.636340e+02 9.150000e+01 2.340876e+02
    endloop
  endfacet
  facet normal -9.801562e-02 0.000000e+00 -9.951849e-01
    outer loop
      vertex   -1.623660e+02 9.150000e+01 2.340876e+02
      vertex   -1.630000e+02 8.910000e+01 2.341500e+02
      vertex   -1.630000e+02 9.150000e+01 2.341500e+02
    endloop
  endfacet
  facet normal -9.801562e-02 -0.000000e+00 -9.951849e-01
    outer loop
      vertex   -1.623660e+02 9.150000e+01 2.340876e+02
      vertex   -1.623660e+02 8.910000e+01 2.340876e+02
      vertex   -1.630000e+02 8.910000e+01 2.341500e+02
    endloop
  endfacet
  facet normal -2.902799e-01 0.000000e+00 -9.569418e-01
    outer loop
      vertex   -1.617563e+02 9.150000e+01 2.339026e+02
      vertex   -1.623660e+02 8.910000e+01 2.340876e+02
      vertex   -1.623660e+02 9.150000e+01 2.340876e+02
    endloop
  endfacet
  facet normal -2.902799e-01 -0.000000e+00 -9.569418e-01
    outer loop
      vertex   -1.617563e+02 9.150000e+01 2.339026e+02
      vertex   -1.617563e+02 8.910000e+01 2.339026e+02
      vertex   -1.623660e+02 8.910000e+01 2.340876e+02
    endloop
  endfacet
  facet normal -4.713929e-01 0.000000e+00 -8.819233e-01
    outer loop
      vertex   -1.611944e+02 9.150000e+01 2.336023e+02
      vertex   -1.617563e+02 8.910000e+01 2.339026e+02
      vertex   -1.617563e+02 9.150000e+01 2.339026e+02
    endloop
  endfacet
  facet normal -4.713929e-01 -0.000000e+00 -8.819233e-01
    outer loop
      vertex   -1.611944e+02 9.150000e+01 2.336023e+02
      vertex   -1.611944e+02 8.910000e+01 2.336023e+02
      vertex   -1.617563e+02 8.910000e+01 2.339026e+02
    endloop
  endfacet
  facet normal -6.343978e-01 -0.000000e+00 -7.730067e-01
    outer loop
      vertex   -1.611944e+02 9.150000e+01 2.336023e+02
      vertex   -1.607019e+02 8.910000e+01 2.331981e+02
      vertex   -1.611944e+02 8.910000e+01 2.336023e+02
    endloop
  endfacet
  facet normal -6.343978e-01 -0.000000e+00 -7.730067e-01
    outer loop
      vertex   -1.607019e+02 9.150000e+01 2.331981e+02
      vertex   -1.607019e+02 8.910000e+01 2.331981e+02
      vertex   -1.611944e+02 9.150000e+01 2.336023e+02
    endloop
  endfacet
  facet normal -7.730067e-01 0.000000e+00 -6.343978e-01
    outer loop
      vertex   -1.602977e+02 9.150000e+01 2.327056e+02
      vertex   -1.607019e+02 8.910000e+01 2.331981e+02
      vertex   -1.607019e+02 9.150000e+01 2.331981e+02
    endloop
  endfacet
  facet normal -7.730067e-01 -0.000000e+00 -6.343978e-01
    outer loop
      vertex   -1.602977e+02 9.150000e+01 2.327056e+02
      vertex   -1.602977e+02 8.910000e+01 2.327056e+02
      vertex   -1.607019e+02 8.910000e+01 2.331981e+02
    endloop
  endfacet
  facet normal -8.819233e-01 0.000000e+00 -4.713929e-01
    outer loop
      vertex   -1.599974e+02 9.150000e+01 2.321437e+02
      vertex   -1.602977e+02 8.910000e+01 2.327056e+02
      vertex   -1.602977e+02 9.150000e+01 2.327056e+02
    endloop
  endfacet
  facet normal -8.819233e-01 -0.000000e+00 -4.713929e-01
    outer loop
      vertex   -1.599974e+02 9.150000e+01 2.321437e+02
      vertex   -1.599974e+02 8.910000e+01 2.321437e+02
      vertex   -1.602977e+02 8.910000e+01 2.327056e+02
    endloop
  endfacet
  facet normal -9.569443e-01 0.000000e+00 -2.902716e-01
    outer loop
      vertex   -1.598125e+02 9.150000e+01 2.315340e+02
      vertex   -1.599974e+02 8.910000e+01 2.321437e+02
      vertex   -1.599974e+02 9.150000e+01 2.321437e+02
    endloop
  endfacet
  facet normal -9.569443e-01 -0.000000e+00 -2.902716e-01
    outer loop
      vertex   -1.598125e+02 9.150000e+01 2.315340e+02
      vertex   -1.598125e+02 8.910000e+01 2.315340e+02
      vertex   -1.599974e+02 8.910000e+01 2.321437e+02
    endloop
  endfacet
  facet normal -9.951849e-01 -0.000000e+00 -9.801562e-02
    outer loop
      vertex   -1.598125e+02 9.150000e+01 2.315340e+02
      vertex   -1.597500e+02 8.910000e+01 2.309000e+02
      vertex   -1.598125e+02 8.910000e+01 2.315340e+02
    endloop
  endfacet
  facet normal -9.951849e-01 -0.000000e+00 -9.801562e-02
    outer loop
      vertex   -1.597500e+02 9.150000e+01 2.309000e+02
      vertex   -1.597500e+02 8.910000e+01 2.309000e+02
      vertex   -1.598125e+02 9.150000e+01 2.315340e+02
    endloop
  endfacet
  facet normal -9.951849e-01 0.000000e+00 9.801562e-02
    outer loop
      vertex   -1.598125e+02 9.150000e+01 2.302660e+02
      vertex   -1.597500e+02 8.910000e+01 2.309000e+02
      vertex   -1.597500e+02 9.150000e+01 2.309000e+02
    endloop
  endfacet
  facet normal -9.951849e-01 0.000000e+00 9.801562e-02
    outer loop
      vertex   -1.598125e+02 9.150000e+01 2.302660e+02
      vertex   -1.598125e+02 8.910000e+01 2.302660e+02
      vertex   -1.597500e+02 8.910000e+01 2.309000e+02
    endloop
  endfacet
  facet normal -9.569418e-01 0.000000e+00 2.902799e-01
    outer loop
      vertex   -1.598125e+02 9.150000e+01 2.302660e+02
      vertex   -1.599974e+02 8.910000e+01 2.296563e+02
      vertex   -1.598125e+02 8.910000e+01 2.302660e+02
    endloop
  endfacet
  facet normal -9.569418e-01 0.000000e+00 2.902799e-01
    outer loop
      vertex   -1.599974e+02 9.150000e+01 2.296563e+02
      vertex   -1.599974e+02 8.910000e+01 2.296563e+02
      vertex   -1.598125e+02 9.150000e+01 2.302660e+02
    endloop
  endfacet
  facet normal -8.819233e-01 0.000000e+00 4.713929e-01
    outer loop
      vertex   -1.602977e+02 9.150000e+01 2.290944e+02
      vertex   -1.599974e+02 8.910000e+01 2.296563e+02
      vertex   -1.599974e+02 9.150000e+01 2.296563e+02
    endloop
  endfacet
  facet normal -8.819233e-01 0.000000e+00 4.713929e-01
    outer loop
      vertex   -1.602977e+02 9.150000e+01 2.290944e+02
      vertex   -1.602977e+02 8.910000e+01 2.290944e+02
      vertex   -1.599974e+02 8.910000e+01 2.296563e+02
    endloop
  endfacet
  facet normal -7.730067e-01 0.000000e+00 6.343978e-01
    outer loop
      vertex   -1.607019e+02 9.150000e+01 2.286019e+02
      vertex   -1.602977e+02 8.910000e+01 2.290944e+02
      vertex   -1.602977e+02 9.150000e+01 2.290944e+02
    endloop
  endfacet
  facet normal -7.730067e-01 0.000000e+00 6.343978e-01
    outer loop
      vertex   -1.607019e+02 9.150000e+01 2.286019e+02
      vertex   -1.607019e+02 8.910000e+01 2.286019e+02
      vertex   -1.602977e+02 8.910000e+01 2.290944e+02
    endloop
  endfacet
  facet normal -6.343978e-01 0.000000e+00 7.730067e-01
    outer loop
      vertex   -1.607019e+02 9.150000e+01 2.286019e+02
      vertex   -1.611944e+02 8.910000e+01 2.281977e+02
      vertex   -1.607019e+02 8.910000e+01 2.286019e+02
    endloop
  endfacet
  facet normal -6.343978e-01 0.000000e+00 7.730067e-01
    outer loop
      vertex   -1.611944e+02 9.150000e+01 2.281977e+02
      vertex   -1.611944e+02 8.910000e+01 2.281977e+02
      vertex   -1.607019e+02 9.150000e+01 2.286019e+02
    endloop
  endfacet
  facet normal -4.713929e-01 0.000000e+00 8.819233e-01
    outer loop
      vertex   -1.617563e+02 9.150000e+01 2.278974e+02
      vertex   -1.611944e+02 8.910000e+01 2.281977e+02
      vertex   -1.611944e+02 9.150000e+01 2.281977e+02
    endloop
  endfacet
  facet normal -4.713929e-01 0.000000e+00 8.819233e-01
    outer loop
      vertex   -1.617563e+02 9.150000e+01 2.278974e+02
      vertex   -1.617563e+02 8.910000e+01 2.278974e+02
      vertex   -1.611944e+02 8.910000e+01 2.281977e+02
    endloop
  endfacet
  facet normal -2.902799e-01 0.000000e+00 9.569418e-01
    outer loop
      vertex   -1.623660e+02 9.150000e+01 2.277125e+02
      vertex   -1.623660e+02 8.910000e+01 2.277125e+02
      vertex   -1.617563e+02 8.910000e+01 2.278974e+02
    endloop
  endfacet
  facet normal -9.801562e-02 0.000000e+00 9.951849e-01
    outer loop
      vertex   -1.623660e+02 9.150000e+01 2.277125e+02
      vertex   -1.630000e+02 8.910000e+01 2.276500e+02
      vertex   -1.623660e+02 8.910000e+01 2.277125e+02
    endloop
  endfacet
  facet normal -2.902799e-01 0.000000e+00 9.569418e-01
    outer loop
      vertex   -1.623660e+02 9.150000e+01 2.277125e+02
      vertex   -1.617563e+02 8.910000e+01 2.278974e+02
      vertex   -1.617563e+02 9.150000e+01 2.278974e+02
    endloop
  endfacet
  facet normal -9.801562e-02 0.000000e+00 9.951849e-01
    outer loop
      vertex   -1.630000e+02 9.150000e+01 2.276500e+02
      vertex   -1.630000e+02 8.910000e+01 2.276500e+02
      vertex   -1.623660e+02 9.150000e+01 2.277125e+02
    endloop
  endfacet
  facet normal 9.801562e-02 0.000000e+00 9.951849e-01
    outer loop
      vertex   -1.636340e+02 9.150000e+01 2.277125e+02
      vertex   -1.636340e+02 8.910000e+01 2.277125e+02
      vertex   -1.630000e+02 8.910000e+01 2.276500e+02
    endloop
  endfacet
  facet normal 2.902716e-01 0.000000e+00 9.569443e-01
    outer loop
      vertex   -1.636340e+02 9.150000e+01 2.277125e+02
      vertex   -1.642437e+02 8.910000e+01 2.278974e+02
      vertex   -1.636340e+02 8.910000e+01 2.277125e+02
    endloop
  endfacet
  facet normal 9.801562e-02 0.000000e+00 9.951849e-01
    outer loop
      vertex   -1.636340e+02 9.150000e+01 2.277125e+02
      vertex   -1.630000e+02 8.910000e+01 2.276500e+02
      vertex   -1.630000e+02 9.150000e+01 2.276500e+02
    endloop
  endfacet
  facet normal 2.902716e-01 0.000000e+00 9.569443e-01
    outer loop
      vertex   -1.642437e+02 9.150000e+01 2.278974e+02
      vertex   -1.642437e+02 8.910000e+01 2.278974e+02
      vertex   -1.636340e+02 9.150000e+01 2.277125e+02
    endloop
  endfacet
  facet normal 4.713929e-01 0.000000e+00 8.819233e-01
    outer loop
      vertex   -1.648056e+02 9.150000e+01 2.281977e+02
      vertex   -1.648056e+02 8.910000e+01 2.281977e+02
      vertex   -1.642437e+02 8.910000e+01 2.278974e+02
    endloop
  endfacet
  facet normal 6.343978e-01 0.000000e+00 7.730067e-01
    outer loop
      vertex   -1.648056e+02 9.150000e+01 2.281977e+02
      vertex   -1.652981e+02 8.910000e+01 2.286019e+02
      vertex   -1.648056e+02 8.910000e+01 2.281977e+02
    endloop
  endfacet
  facet normal 4.713929e-01 0.000000e+00 8.819233e-01
    outer loop
      vertex   -1.648056e+02 9.150000e+01 2.281977e+02
      vertex   -1.642437e+02 8.910000e+01 2.278974e+02
      vertex   -1.642437e+02 9.150000e+01 2.278974e+02
    endloop
  endfacet
  facet normal 6.343978e-01 0.000000e+00 7.730067e-01
    outer loop
      vertex   -1.652981e+02 9.150000e+01 2.286019e+02
      vertex   -1.652981e+02 8.910000e+01 2.286019e+02
      vertex   -1.648056e+02 9.150000e+01 2.281977e+02
    endloop
  endfacet
  facet normal 7.730067e-01 0.000000e+00 6.343978e-01
    outer loop
      vertex   -1.657023e+02 9.150000e+01 2.290944e+02
      vertex   -1.657023e+02 8.910000e+01 2.290944e+02
      vertex   -1.652981e+02 8.910000e+01 2.286019e+02
    endloop
  endfacet
  facet normal 7.730067e-01 0.000000e+00 6.343978e-01
    outer loop
      vertex   -1.657023e+02 9.150000e+01 2.290944e+02
      vertex   -1.652981e+02 8.910000e+01 2.286019e+02
      vertex   -1.652981e+02 9.150000e+01 2.286019e+02
    endloop
  endfacet
  facet normal 8.819233e-01 0.000000e+00 4.713929e-01
    outer loop
      vertex   -1.660026e+02 9.150000e+01 2.296563e+02
      vertex   -1.660026e+02 8.910000e+01 2.296563e+02
      vertex   -1.657023e+02 8.910000e+01 2.290944e+02
    endloop
  endfacet
  facet normal 9.569418e-01 0.000000e+00 2.902799e-01
    outer loop
      vertex   -1.660026e+02 9.150000e+01 2.296563e+02
      vertex   -1.661876e+02 8.910000e+01 2.302660e+02
      vertex   -1.660026e+02 8.910000e+01 2.296563e+02
    endloop
  endfacet
  facet normal 8.819233e-01 0.000000e+00 4.713929e-01
    outer loop
      vertex   -1.660026e+02 9.150000e+01 2.296563e+02
      vertex   -1.657023e+02 8.910000e+01 2.290944e+02
      vertex   -1.657023e+02 9.150000e+01 2.290944e+02
    endloop
  endfacet
  facet normal 9.569418e-01 0.000000e+00 2.902799e-01
    outer loop
      vertex   -1.661876e+02 9.150000e+01 2.302660e+02
      vertex   -1.661876e+02 8.910000e+01 2.302660e+02
      vertex   -1.660026e+02 9.150000e+01 2.296563e+02
    endloop
  endfacet
  facet normal 9.951849e-01 0.000000e+00 9.801562e-02
    outer loop
      vertex   -1.662500e+02 9.150000e+01 2.309000e+02
      vertex   -1.662500e+02 8.910000e+01 2.309000e+02
      vertex   -1.661876e+02 8.910000e+01 2.302660e+02
    endloop
  endfacet
  facet normal 9.951849e-01 0.000000e+00 9.801562e-02
    outer loop
      vertex   -1.662500e+02 9.150000e+01 2.309000e+02
      vertex   -1.661876e+02 8.910000e+01 2.302660e+02
      vertex   -1.661876e+02 9.150000e+01 2.302660e+02
    endloop
  endfacet
  facet normal 9.951849e-01 0.000000e+00 -9.801562e-02
    outer loop
      vertex   -1.401875e+02 9.150000e+01 2.315340e+02
      vertex   -1.402500e+02 8.910000e+01 2.309000e+02
      vertex   -1.402500e+02 9.150000e+01 2.309000e+02
    endloop
  endfacet
  facet normal 9.951849e-01 0.000000e+00 -9.801562e-02
    outer loop
      vertex   -1.401875e+02 9.150000e+01 2.315340e+02
      vertex   -1.401875e+02 8.910000e+01 2.315340e+02
      vertex   -1.402500e+02 8.910000e+01 2.309000e+02
    endloop
  endfacet
  facet normal 9.569443e-01 0.000000e+00 -2.902716e-01
    outer loop
      vertex   -1.400026e+02 9.150000e+01 2.321437e+02
      vertex   -1.400026e+02 8.910000e+01 2.321437e+02
      vertex   -1.401875e+02 8.910000e+01 2.315340e+02
    endloop
  endfacet
  facet normal 9.569443e-01 0.000000e+00 -2.902716e-01
    outer loop
      vertex   -1.400026e+02 9.150000e+01 2.321437e+02
      vertex   -1.401875e+02 8.910000e+01 2.315340e+02
      vertex   -1.401875e+02 9.150000e+01 2.315340e+02
    endloop
  endfacet
  facet normal 8.819233e-01 0.000000e+00 -4.713929e-01
    outer loop
      vertex   -1.397023e+02 9.150000e+01 2.327056e+02
      vertex   -1.397023e+02 8.910000e+01 2.327056e+02
      vertex   -1.400026e+02 8.910000e+01 2.321437e+02
    endloop
  endfacet
  facet normal 8.819233e-01 0.000000e+00 -4.713929e-01
    outer loop
      vertex   -1.397023e+02 9.150000e+01 2.327056e+02
      vertex   -1.400026e+02 8.910000e+01 2.321437e+02
      vertex   -1.400026e+02 9.150000e+01 2.321437e+02
    endloop
  endfacet
  facet normal 7.730067e-01 0.000000e+00 -6.343978e-01
    outer loop
      vertex   -1.392981e+02 9.150000e+01 2.331981e+02
      vertex   -1.392981e+02 8.910000e+01 2.331981e+02
      vertex   -1.397023e+02 8.910000e+01 2.327056e+02
    endloop
  endfacet
  facet normal 7.730067e-01 0.000000e+00 -6.343978e-01
    outer loop
      vertex   -1.392981e+02 9.150000e+01 2.331981e+02
      vertex   -1.397023e+02 8.910000e+01 2.327056e+02
      vertex   -1.397023e+02 9.150000e+01 2.327056e+02
    endloop
  endfacet
  facet normal 6.343978e-01 0.000000e+00 -7.730067e-01
    outer loop
      vertex   -1.388056e+02 9.150000e+01 2.336023e+02
      vertex   -1.388056e+02 8.910000e+01 2.336023e+02
      vertex   -1.392981e+02 8.910000e+01 2.331981e+02
    endloop
  endfacet
  facet normal 4.713992e-01 0.000000e+00 -8.819200e-01
    outer loop
      vertex   -1.388056e+02 9.150000e+01 2.336023e+02
      vertex   -1.382437e+02 8.910000e+01 2.339026e+02
      vertex   -1.388056e+02 8.910000e+01 2.336023e+02
    endloop
  endfacet
  facet normal 6.343978e-01 0.000000e+00 -7.730067e-01
    outer loop
      vertex   -1.388056e+02 9.150000e+01 2.336023e+02
      vertex   -1.392981e+02 8.910000e+01 2.331981e+02
      vertex   -1.392981e+02 9.150000e+01 2.331981e+02
    endloop
  endfacet
  facet normal 4.713992e-01 0.000000e+00 -8.819200e-01
    outer loop
      vertex   -1.382437e+02 9.150000e+01 2.339026e+02
      vertex   -1.382437e+02 8.910000e+01 2.339026e+02
      vertex   -1.388056e+02 9.150000e+01 2.336023e+02
    endloop
  endfacet
  facet normal 2.902716e-01 0.000000e+00 -9.569443e-01
    outer loop
      vertex   -1.376340e+02 9.150000e+01 2.340876e+02
      vertex   -1.376340e+02 8.910000e+01 2.340876e+02
      vertex   -1.382437e+02 8.910000e+01 2.339026e+02
    endloop
  endfacet
  facet normal 2.902716e-01 0.000000e+00 -9.569443e-01
    outer loop
      vertex   -1.376340e+02 9.150000e+01 2.340876e+02
      vertex   -1.382437e+02 8.910000e+01 2.339026e+02
      vertex   -1.382437e+02 9.150000e+01 2.339026e+02
    endloop
  endfacet
  facet normal 9.801562e-02 0.000000e+00 -9.951849e-01
    outer loop
      vertex   -1.370000e+02 9.150000e+01 2.341500e+02
      vertex   -1.370000e+02 8.910000e+01 2.341500e+02
      vertex   -1.376340e+02 8.910000e+01 2.340876e+02
    endloop
  endfacet
  facet normal 9.801562e-02 0.000000e+00 -9.951849e-01
    outer loop
      vertex   -1.370000e+02 9.150000e+01 2.341500e+02
      vertex   -1.376340e+02 8.910000e+01 2.340876e+02
      vertex   -1.376340e+02 9.150000e+01 2.340876e+02
    endloop
  endfacet
  facet normal -9.801562e-02 0.000000e+00 -9.951849e-01
    outer loop
      vertex   -1.363660e+02 9.150000e+01 2.340876e+02
      vertex   -1.370000e+02 8.910000e+01 2.341500e+02
      vertex   -1.370000e+02 9.150000e+01 2.341500e+02
    endloop
  endfacet
  facet normal -9.801562e-02 -0.000000e+00 -9.951849e-01
    outer loop
      vertex   -1.363660e+02 9.150000e+01 2.340876e+02
      vertex   -1.363660e+02 8.910000e+01 2.340876e+02
      vertex   -1.370000e+02 8.910000e+01 2.341500e+02
    endloop
  endfacet
  facet normal -2.902758e-01 0.000000e+00 -9.569430e-01
    outer loop
      vertex   -1.357563e+02 9.150000e+01 2.339026e+02
      vertex   -1.363660e+02 8.910000e+01 2.340876e+02
      vertex   -1.363660e+02 9.150000e+01 2.340876e+02
    endloop
  endfacet
  facet normal -2.902758e-01 -0.000000e+00 -9.569430e-01
    outer loop
      vertex   -1.357563e+02 9.150000e+01 2.339026e+02
      vertex   -1.357563e+02 8.910000e+01 2.339026e+02
      vertex   -1.363660e+02 8.910000e+01 2.340876e+02
    endloop
  endfacet
  facet normal -4.713929e-01 0.000000e+00 -8.819233e-01
    outer loop
      vertex   -1.351944e+02 9.150000e+01 2.336023e+02
      vertex   -1.357563e+02 8.910000e+01 2.339026e+02
      vertex   -1.357563e+02 9.150000e+01 2.339026e+02
    endloop
  endfacet
  facet normal -4.713929e-01 -0.000000e+00 -8.819233e-01
    outer loop
      vertex   -1.351944e+02 9.150000e+01 2.336023e+02
      vertex   -1.351944e+02 8.910000e+01 2.336023e+02
      vertex   -1.357563e+02 8.910000e+01 2.339026e+02
    endloop
  endfacet
  facet normal -6.343978e-01 -0.000000e+00 -7.730067e-01
    outer loop
      vertex   -1.351944e+02 9.150000e+01 2.336023e+02
      vertex   -1.347019e+02 8.910000e+01 2.331981e+02
      vertex   -1.351944e+02 8.910000e+01 2.336023e+02
    endloop
  endfacet
  facet normal -6.343978e-01 -0.000000e+00 -7.730067e-01
    outer loop
      vertex   -1.347019e+02 9.150000e+01 2.331981e+02
      vertex   -1.347019e+02 8.910000e+01 2.331981e+02
      vertex   -1.351944e+02 9.150000e+01 2.336023e+02
    endloop
  endfacet
  facet normal -7.730141e-01 0.000000e+00 -6.343889e-01
    outer loop
      vertex   -1.342977e+02 9.150000e+01 2.327056e+02
      vertex   -1.347019e+02 8.910000e+01 2.331981e+02
      vertex   -1.347019e+02 9.150000e+01 2.331981e+02
    endloop
  endfacet
  facet normal -7.730141e-01 -0.000000e+00 -6.343889e-01
    outer loop
      vertex   -1.342977e+02 9.150000e+01 2.327056e+02
      vertex   -1.342977e+02 8.910000e+01 2.327056e+02
      vertex   -1.347019e+02 8.910000e+01 2.331981e+02
    endloop
  endfacet
  facet normal -8.819233e-01 0.000000e+00 -4.713929e-01
    outer loop
      vertex   -1.339974e+02 9.150000e+01 2.321437e+02
      vertex   -1.342977e+02 8.910000e+01 2.327056e+02
      vertex   -1.342977e+02 9.150000e+01 2.327056e+02
    endloop
  endfacet
  facet normal -8.819233e-01 -0.000000e+00 -4.713929e-01
    outer loop
      vertex   -1.339974e+02 9.150000e+01 2.321437e+02
      vertex   -1.339974e+02 8.910000e+01 2.321437e+02
      vertex   -1.342977e+02 8.910000e+01 2.327056e+02
    endloop
  endfacet
  facet normal -9.569401e-01 0.000000e+00 -2.902853e-01
    outer loop
      vertex   -1.338124e+02 9.150000e+01 2.315340e+02
      vertex   -1.339974e+02 8.910000e+01 2.321437e+02
      vertex   -1.339974e+02 9.150000e+01 2.321437e+02
    endloop
  endfacet
  facet normal -9.569401e-01 -0.000000e+00 -2.902853e-01
    outer loop
      vertex   -1.338124e+02 9.150000e+01 2.315340e+02
      vertex   -1.338124e+02 8.910000e+01 2.315340e+02
      vertex   -1.339974e+02 8.910000e+01 2.321437e+02
    endloop
  endfacet
  facet normal -9.951849e-01 -0.000000e+00 -9.801562e-02
    outer loop
      vertex   -1.338124e+02 9.150000e+01 2.315340e+02
      vertex   -1.337500e+02 8.910000e+01 2.309000e+02
      vertex   -1.338124e+02 8.910000e+01 2.315340e+02
    endloop
  endfacet
  facet normal -9.951849e-01 -0.000000e+00 -9.801562e-02
    outer loop
      vertex   -1.337500e+02 9.150000e+01 2.309000e+02
      vertex   -1.337500e+02 8.910000e+01 2.309000e+02
      vertex   -1.338124e+02 9.150000e+01 2.315340e+02
    endloop
  endfacet
  facet normal -9.951849e-01 0.000000e+00 9.801562e-02
    outer loop
      vertex   -1.338124e+02 9.150000e+01 2.302660e+02
      vertex   -1.337500e+02 8.910000e+01 2.309000e+02
      vertex   -1.337500e+02 9.150000e+01 2.309000e+02
    endloop
  endfacet
  facet normal -9.951849e-01 0.000000e+00 9.801562e-02
    outer loop
      vertex   -1.338124e+02 9.150000e+01 2.302660e+02
      vertex   -1.338124e+02 8.910000e+01 2.302660e+02
      vertex   -1.337500e+02 8.910000e+01 2.309000e+02
    endloop
  endfacet
  facet normal -9.569376e-01 0.000000e+00 2.902936e-01
    outer loop
      vertex   -1.338124e+02 9.150000e+01 2.302660e+02
      vertex   -1.339974e+02 8.910000e+01 2.296563e+02
      vertex   -1.338124e+02 8.910000e+01 2.302660e+02
    endloop
  endfacet
  facet normal -9.569376e-01 0.000000e+00 2.902936e-01
    outer loop
      vertex   -1.339974e+02 9.150000e+01 2.296563e+02
      vertex   -1.339974e+02 8.910000e+01 2.296563e+02
      vertex   -1.338124e+02 9.150000e+01 2.302660e+02
    endloop
  endfacet
  facet normal -8.819233e-01 0.000000e+00 4.713929e-01
    outer loop
      vertex   -1.342977e+02 9.150000e+01 2.290944e+02
      vertex   -1.339974e+02 8.910000e+01 2.296563e+02
      vertex   -1.339974e+02 9.150000e+01 2.296563e+02
    endloop
  endfacet
  facet normal -8.819233e-01 0.000000e+00 4.713929e-01
    outer loop
      vertex   -1.342977e+02 9.150000e+01 2.290944e+02
      vertex   -1.342977e+02 8.910000e+01 2.290944e+02
      vertex   -1.339974e+02 8.910000e+01 2.296563e+02
    endloop
  endfacet
  facet normal -7.730141e-01 0.000000e+00 6.343889e-01
    outer loop
      vertex   -1.347019e+02 9.150000e+01 2.286019e+02
      vertex   -1.342977e+02 8.910000e+01 2.290944e+02
      vertex   -1.342977e+02 9.150000e+01 2.290944e+02
    endloop
  endfacet
  facet normal -7.730141e-01 0.000000e+00 6.343889e-01
    outer loop
      vertex   -1.347019e+02 9.150000e+01 2.286019e+02
      vertex   -1.347019e+02 8.910000e+01 2.286019e+02
      vertex   -1.342977e+02 8.910000e+01 2.290944e+02
    endloop
  endfacet
  facet normal -6.343978e-01 0.000000e+00 7.730067e-01
    outer loop
      vertex   -1.347019e+02 9.150000e+01 2.286019e+02
      vertex   -1.351944e+02 8.910000e+01 2.281977e+02
      vertex   -1.347019e+02 8.910000e+01 2.286019e+02
    endloop
  endfacet
  facet normal -6.343978e-01 0.000000e+00 7.730067e-01
    outer loop
      vertex   -1.351944e+02 9.150000e+01 2.281977e+02
      vertex   -1.351944e+02 8.910000e+01 2.281977e+02
      vertex   -1.347019e+02 9.150000e+01 2.286019e+02
    endloop
  endfacet
  facet normal -4.713929e-01 0.000000e+00 8.819233e-01
    outer loop
      vertex   -1.357563e+02 9.150000e+01 2.278974e+02
      vertex   -1.351944e+02 8.910000e+01 2.281977e+02
      vertex   -1.351944e+02 9.150000e+01 2.281977e+02
    endloop
  endfacet
  facet normal -4.713929e-01 0.000000e+00 8.819233e-01
    outer loop
      vertex   -1.357563e+02 9.150000e+01 2.278974e+02
      vertex   -1.357563e+02 8.910000e+01 2.278974e+02
      vertex   -1.351944e+02 8.910000e+01 2.281977e+02
    endloop
  endfacet
  facet normal -2.902758e-01 0.000000e+00 9.569430e-01
    outer loop
      vertex   -1.363660e+02 9.150000e+01 2.277125e+02
      vertex   -1.363660e+02 8.910000e+01 2.277125e+02
      vertex   -1.357563e+02 8.910000e+01 2.278974e+02
    endloop
  endfacet
  facet normal -9.801562e-02 0.000000e+00 9.951849e-01
    outer loop
      vertex   -1.363660e+02 9.150000e+01 2.277125e+02
      vertex   -1.370000e+02 8.910000e+01 2.276500e+02
      vertex   -1.363660e+02 8.910000e+01 2.277125e+02
    endloop
  endfacet
  facet normal -2.902758e-01 0.000000e+00 9.569430e-01
    outer loop
      vertex   -1.363660e+02 9.150000e+01 2.277125e+02
      vertex   -1.357563e+02 8.910000e+01 2.278974e+02
      vertex   -1.357563e+02 9.150000e+01 2.278974e+02
    endloop
  endfacet
  facet normal -9.801562e-02 0.000000e+00 9.951849e-01
    outer loop
      vertex   -1.370000e+02 9.150000e+01 2.276500e+02
      vertex   -1.370000e+02 8.910000e+01 2.276500e+02
      vertex   -1.363660e+02 9.150000e+01 2.277125e+02
    endloop
  endfacet
  facet normal 9.801562e-02 0.000000e+00 9.951849e-01
    outer loop
      vertex   -1.376340e+02 9.150000e+01 2.277125e+02
      vertex   -1.376340e+02 8.910000e+01 2.277125e+02
      vertex   -1.370000e+02 8.910000e+01 2.276500e+02
    endloop
  endfacet
  facet normal 2.902716e-01 0.000000e+00 9.569443e-01
    outer loop
      vertex   -1.376340e+02 9.150000e+01 2.277125e+02
      vertex   -1.382437e+02 8.910000e+01 2.278974e+02
      vertex   -1.376340e+02 8.910000e+01 2.277125e+02
    endloop
  endfacet
  facet normal 9.801562e-02 0.000000e+00 9.951849e-01
    outer loop
      vertex   -1.376340e+02 9.150000e+01 2.277125e+02
      vertex   -1.370000e+02 8.910000e+01 2.276500e+02
      vertex   -1.370000e+02 9.150000e+01 2.276500e+02
    endloop
  endfacet
  facet normal 2.902716e-01 0.000000e+00 9.569443e-01
    outer loop
      vertex   -1.382437e+02 9.150000e+01 2.278974e+02
      vertex   -1.382437e+02 8.910000e+01 2.278974e+02
      vertex   -1.376340e+02 9.150000e+01 2.277125e+02
    endloop
  endfacet
  facet normal 4.713992e-01 0.000000e+00 8.819200e-01
    outer loop
      vertex   -1.388056e+02 9.150000e+01 2.281977e+02
      vertex   -1.388056e+02 8.910000e+01 2.281977e+02
      vertex   -1.382437e+02 8.910000e+01 2.278974e+02
    endloop
  endfacet
  facet normal 6.343978e-01 0.000000e+00 7.730067e-01
    outer loop
      vertex   -1.388056e+02 9.150000e+01 2.281977e+02
      vertex   -1.392981e+02 8.910000e+01 2.286019e+02
      vertex   -1.388056e+02 8.910000e+01 2.281977e+02
    endloop
  endfacet
  facet normal 4.713992e-01 0.000000e+00 8.819200e-01
    outer loop
      vertex   -1.388056e+02 9.150000e+01 2.281977e+02
      vertex   -1.382437e+02 8.910000e+01 2.278974e+02
      vertex   -1.382437e+02 9.150000e+01 2.278974e+02
    endloop
  endfacet
  facet normal 6.343978e-01 0.000000e+00 7.730067e-01
    outer loop
      vertex   -1.392981e+02 9.150000e+01 2.286019e+02
      vertex   -1.392981e+02 8.910000e+01 2.286019e+02
      vertex   -1.388056e+02 9.150000e+01 2.281977e+02
    endloop
  endfacet
  facet normal 7.730067e-01 0.000000e+00 6.343978e-01
    outer loop
      vertex   -1.397023e+02 9.150000e+01 2.290944e+02
      vertex   -1.397023e+02 8.910000e+01 2.290944e+02
      vertex   -1.392981e+02 8.910000e+01 2.286019e+02
    endloop
  endfacet
  facet normal 7.730067e-01 0.000000e+00 6.343978e-01
    outer loop
      vertex   -1.397023e+02 9.150000e+01 2.290944e+02
      vertex   -1.392981e+02 8.910000e+01 2.286019e+02
      vertex   -1.392981e+02 9.150000e+01 2.286019e+02
    endloop
  endfacet
  facet normal 8.819233e-01 0.000000e+00 4.713929e-01
    outer loop
      vertex   -1.400026e+02 9.150000e+01 2.296563e+02
      vertex   -1.400026e+02 8.910000e+01 2.296563e+02
      vertex   -1.397023e+02 8.910000e+01 2.290944e+02
    endloop
  endfacet
  facet normal 9.569418e-01 0.000000e+00 2.902799e-01
    outer loop
      vertex   -1.400026e+02 9.150000e+01 2.296563e+02
      vertex   -1.401875e+02 8.910000e+01 2.302660e+02
      vertex   -1.400026e+02 8.910000e+01 2.296563e+02
    endloop
  endfacet
  facet normal 8.819233e-01 0.000000e+00 4.713929e-01
    outer loop
      vertex   -1.400026e+02 9.150000e+01 2.296563e+02
      vertex   -1.397023e+02 8.910000e+01 2.290944e+02
      vertex   -1.397023e+02 9.150000e+01 2.290944e+02
    endloop
  endfacet
  facet normal 9.569418e-01 0.000000e+00 2.902799e-01
    outer loop
      vertex   -1.401875e+02 9.150000e+01 2.302660e+02
      vertex   -1.401875e+02 8.910000e+01 2.302660e+02
      vertex   -1.400026e+02 9.150000e+01 2.296563e+02
    endloop
  endfacet
  facet normal 9.951849e-01 0.000000e+00 9.801562e-02
    outer loop
      vertex   -1.402500e+02 9.150000e+01 2.309000e+02
      vertex   -1.402500e+02 8.910000e+01 2.309000e+02
      vertex   -1.401875e+02 8.910000e+01 2.302660e+02
    endloop
  endfacet
  facet normal 9.951849e-01 0.000000e+00 9.801562e-02
    outer loop
      vertex   -1.402500e+02 9.150000e+01 2.309000e+02
      vertex   -1.401875e+02 8.910000e+01 2.302660e+02
      vertex   -1.401875e+02 9.150000e+01 2.302660e+02
    endloop
  endfacet
  facet normal 9.951849e-01 0.000000e+00 -9.801562e-02
    outer loop
      vertex   -1.661876e+02 9.150000e+01 2.055341e+02
      vertex   -1.662500e+02 8.910000e+01 2.049000e+02
      vertex   -1.662500e+02 9.150000e+01 2.049000e+02
    endloop
  endfacet
  facet normal 9.951849e-01 0.000000e+00 -9.801562e-02
    outer loop
      vertex   -1.661876e+02 9.150000e+01 2.055341e+02
      vertex   -1.661876e+02 8.910000e+01 2.055341e+02
      vertex   -1.662500e+02 8.910000e+01 2.049000e+02
    endloop
  endfacet
  facet normal 9.569418e-01 0.000000e+00 -2.902799e-01
    outer loop
      vertex   -1.660026e+02 9.150000e+01 2.061437e+02
      vertex   -1.660026e+02 8.910000e+01 2.061437e+02
      vertex   -1.661876e+02 8.910000e+01 2.055341e+02
    endloop
  endfacet
  facet normal 9.569418e-01 0.000000e+00 -2.902799e-01
    outer loop
      vertex   -1.660026e+02 9.150000e+01 2.061437e+02
      vertex   -1.661876e+02 8.910000e+01 2.055341e+02
      vertex   -1.661876e+02 9.150000e+01 2.055341e+02
    endloop
  endfacet
  facet normal 8.819233e-01 0.000000e+00 -4.713929e-01
    outer loop
      vertex   -1.657023e+02 9.150000e+01 2.067056e+02
      vertex   -1.657023e+02 8.910000e+01 2.067056e+02
      vertex   -1.660026e+02 8.910000e+01 2.061437e+02
    endloop
  endfacet
  facet normal 8.819233e-01 0.000000e+00 -4.713929e-01
    outer loop
      vertex   -1.657023e+02 9.150000e+01 2.067056e+02
      vertex   -1.660026e+02 8.910000e+01 2.061437e+02
      vertex   -1.660026e+02 9.150000e+01 2.061437e+02
    endloop
  endfacet
  facet normal 7.730067e-01 0.000000e+00 -6.343978e-01
    outer loop
      vertex   -1.652981e+02 9.150000e+01 2.071981e+02
      vertex   -1.652981e+02 8.910000e+01 2.071981e+02
      vertex   -1.657023e+02 8.910000e+01 2.067056e+02
    endloop
  endfacet
  facet normal 7.730067e-01 0.000000e+00 -6.343978e-01
    outer loop
      vertex   -1.652981e+02 9.150000e+01 2.071981e+02
      vertex   -1.657023e+02 8.910000e+01 2.067056e+02
      vertex   -1.657023e+02 9.150000e+01 2.067056e+02
    endloop
  endfacet
  facet normal 6.343978e-01 0.000000e+00 -7.730067e-01
    outer loop
      vertex   -1.648056e+02 9.150000e+01 2.076023e+02
      vertex   -1.648056e+02 8.910000e+01 2.076023e+02
      vertex   -1.652981e+02 8.910000e+01 2.071981e+02
    endloop
  endfacet
  facet normal 4.713929e-01 0.000000e+00 -8.819233e-01
    outer loop
      vertex   -1.648056e+02 9.150000e+01 2.076023e+02
      vertex   -1.642437e+02 8.910000e+01 2.079026e+02
      vertex   -1.648056e+02 8.910000e+01 2.076023e+02
    endloop
  endfacet
  facet normal 6.343978e-01 0.000000e+00 -7.730067e-01
    outer loop
      vertex   -1.648056e+02 9.150000e+01 2.076023e+02
      vertex   -1.652981e+02 8.910000e+01 2.071981e+02
      vertex   -1.652981e+02 9.150000e+01 2.071981e+02
    endloop
  endfacet
  facet normal 4.713929e-01 0.000000e+00 -8.819233e-01
    outer loop
      vertex   -1.642437e+02 9.150000e+01 2.079026e+02
      vertex   -1.642437e+02 8.910000e+01 2.079026e+02
      vertex   -1.648056e+02 9.150000e+01 2.076023e+02
    endloop
  endfacet
  facet normal 2.902716e-01 0.000000e+00 -9.569443e-01
    outer loop
      vertex   -1.636340e+02 9.150000e+01 2.080876e+02
      vertex   -1.636340e+02 8.910000e+01 2.080876e+02
      vertex   -1.642437e+02 8.910000e+01 2.079026e+02
    endloop
  endfacet
  facet normal 2.902716e-01 0.000000e+00 -9.569443e-01
    outer loop
      vertex   -1.636340e+02 9.150000e+01 2.080876e+02
      vertex   -1.642437e+02 8.910000e+01 2.079026e+02
      vertex   -1.642437e+02 9.150000e+01 2.079026e+02
    endloop
  endfacet
  facet normal 9.801562e-02 0.000000e+00 -9.951849e-01
    outer loop
      vertex   -1.630000e+02 9.150000e+01 2.081500e+02
      vertex   -1.630000e+02 8.910000e+01 2.081500e+02
      vertex   -1.636340e+02 8.910000e+01 2.080876e+02
    endloop
  endfacet
  facet normal 9.801562e-02 0.000000e+00 -9.951849e-01
    outer loop
      vertex   -1.630000e+02 9.150000e+01 2.081500e+02
      vertex   -1.636340e+02 8.910000e+01 2.080876e+02
      vertex   -1.636340e+02 9.150000e+01 2.080876e+02
    endloop
  endfacet
  facet normal -9.801562e-02 0.000000e+00 -9.951849e-01
    outer loop
      vertex   -1.623660e+02 9.150000e+01 2.080876e+02
      vertex   -1.630000e+02 8.910000e+01 2.081500e+02
      vertex   -1.630000e+02 9.150000e+01 2.081500e+02
    endloop
  endfacet
  facet normal -9.801562e-02 -0.000000e+00 -9.951849e-01
    outer loop
      vertex   -1.623660e+02 9.150000e+01 2.080876e+02
      vertex   -1.623660e+02 8.910000e+01 2.080876e+02
      vertex   -1.630000e+02 8.910000e+01 2.081500e+02
    endloop
  endfacet
  facet normal -2.902799e-01 0.000000e+00 -9.569418e-01
    outer loop
      vertex   -1.617563e+02 9.150000e+01 2.079026e+02
      vertex   -1.623660e+02 8.910000e+01 2.080876e+02
      vertex   -1.623660e+02 9.150000e+01 2.080876e+02
    endloop
  endfacet
  facet normal -2.902799e-01 -0.000000e+00 -9.569418e-01
    outer loop
      vertex   -1.617563e+02 9.150000e+01 2.079026e+02
      vertex   -1.617563e+02 8.910000e+01 2.079026e+02
      vertex   -1.623660e+02 8.910000e+01 2.080876e+02
    endloop
  endfacet
  facet normal -4.713929e-01 0.000000e+00 -8.819233e-01
    outer loop
      vertex   -1.611944e+02 9.150000e+01 2.076023e+02
      vertex   -1.617563e+02 8.910000e+01 2.079026e+02
      vertex   -1.617563e+02 9.150000e+01 2.079026e+02
    endloop
  endfacet
  facet normal -4.713929e-01 -0.000000e+00 -8.819233e-01
    outer loop
      vertex   -1.611944e+02 9.150000e+01 2.076023e+02
      vertex   -1.611944e+02 8.910000e+01 2.076023e+02
      vertex   -1.617563e+02 8.910000e+01 2.079026e+02
    endloop
  endfacet
  facet normal -6.343978e-01 -0.000000e+00 -7.730067e-01
    outer loop
      vertex   -1.611944e+02 9.150000e+01 2.076023e+02
      vertex   -1.607019e+02 8.910000e+01 2.071981e+02
      vertex   -1.611944e+02 8.910000e+01 2.076023e+02
    endloop
  endfacet
  facet normal -6.343978e-01 -0.000000e+00 -7.730067e-01
    outer loop
      vertex   -1.607019e+02 9.150000e+01 2.071981e+02
      vertex   -1.607019e+02 8.910000e+01 2.071981e+02
      vertex   -1.611944e+02 9.150000e+01 2.076023e+02
    endloop
  endfacet
  facet normal -7.730067e-01 0.000000e+00 -6.343978e-01
    outer loop
      vertex   -1.602977e+02 9.150000e+01 2.067056e+02
      vertex   -1.607019e+02 8.910000e+01 2.071981e+02
      vertex   -1.607019e+02 9.150000e+01 2.071981e+02
    endloop
  endfacet
  facet normal -7.730067e-01 -0.000000e+00 -6.343978e-01
    outer loop
      vertex   -1.602977e+02 9.150000e+01 2.067056e+02
      vertex   -1.602977e+02 8.910000e+01 2.067056e+02
      vertex   -1.607019e+02 8.910000e+01 2.071981e+02
    endloop
  endfacet
  facet normal -8.819233e-01 0.000000e+00 -4.713929e-01
    outer loop
      vertex   -1.599974e+02 9.150000e+01 2.061437e+02
      vertex   -1.602977e+02 8.910000e+01 2.067056e+02
      vertex   -1.602977e+02 9.150000e+01 2.067056e+02
    endloop
  endfacet
  facet normal -8.819233e-01 -0.000000e+00 -4.713929e-01
    outer loop
      vertex   -1.599974e+02 9.150000e+01 2.061437e+02
      vertex   -1.599974e+02 8.910000e+01 2.061437e+02
      vertex   -1.602977e+02 8.910000e+01 2.067056e+02
    endloop
  endfacet
  facet normal -9.569418e-01 0.000000e+00 -2.902799e-01
    outer loop
      vertex   -1.598125e+02 9.150000e+01 2.055341e+02
      vertex   -1.599974e+02 8.910000e+01 2.061437e+02
      vertex   -1.599974e+02 9.150000e+01 2.061437e+02
    endloop
  endfacet
  facet normal -9.569418e-01 -0.000000e+00 -2.902799e-01
    outer loop
      vertex   -1.598125e+02 9.150000e+01 2.055341e+02
      vertex   -1.598125e+02 8.910000e+01 2.055341e+02
      vertex   -1.599974e+02 8.910000e+01 2.061437e+02
    endloop
  endfacet
  facet normal -9.951849e-01 -0.000000e+00 -9.801562e-02
    outer loop
      vertex   -1.598125e+02 9.150000e+01 2.055341e+02
      vertex   -1.597500e+02 8.910000e+01 2.049000e+02
      vertex   -1.598125e+02 8.910000e+01 2.055341e+02
    endloop
  endfacet
  facet normal -9.951849e-01 -0.000000e+00 -9.801562e-02
    outer loop
      vertex   -1.597500e+02 9.150000e+01 2.049000e+02
      vertex   -1.597500e+02 8.910000e+01 2.049000e+02
      vertex   -1.598125e+02 9.150000e+01 2.055341e+02
    endloop
  endfacet
  facet normal -9.951849e-01 0.000000e+00 9.801562e-02
    outer loop
      vertex   -1.598125e+02 9.150000e+01 2.042660e+02
      vertex   -1.597500e+02 8.910000e+01 2.049000e+02
      vertex   -1.597500e+02 9.150000e+01 2.049000e+02
    endloop
  endfacet
  facet normal -9.951849e-01 0.000000e+00 9.801562e-02
    outer loop
      vertex   -1.598125e+02 9.150000e+01 2.042660e+02
      vertex   -1.598125e+02 8.910000e+01 2.042660e+02
      vertex   -1.597500e+02 8.910000e+01 2.049000e+02
    endloop
  endfacet
  facet normal -9.569443e-01 0.000000e+00 2.902716e-01
    outer loop
      vertex   -1.598125e+02 9.150000e+01 2.042660e+02
      vertex   -1.599974e+02 8.910000e+01 2.036563e+02
      vertex   -1.598125e+02 8.910000e+01 2.042660e+02
    endloop
  endfacet
  facet normal -9.569443e-01 0.000000e+00 2.902716e-01
    outer loop
      vertex   -1.599974e+02 9.150000e+01 2.036563e+02
      vertex   -1.599974e+02 8.910000e+01 2.036563e+02
      vertex   -1.598125e+02 9.150000e+01 2.042660e+02
    endloop
  endfacet
  facet normal -8.819233e-01 0.000000e+00 4.713929e-01
    outer loop
      vertex   -1.602977e+02 9.150000e+01 2.030944e+02
      vertex   -1.599974e+02 8.910000e+01 2.036563e+02
      vertex   -1.599974e+02 9.150000e+01 2.036563e+02
    endloop
  endfacet
  facet normal -8.819233e-01 0.000000e+00 4.713929e-01
    outer loop
      vertex   -1.602977e+02 9.150000e+01 2.030944e+02
      vertex   -1.602977e+02 8.910000e+01 2.030944e+02
      vertex   -1.599974e+02 8.910000e+01 2.036563e+02
    endloop
  endfacet
  facet normal -7.730067e-01 0.000000e+00 6.343978e-01
    outer loop
      vertex   -1.607019e+02 9.150000e+01 2.026019e+02
      vertex   -1.602977e+02 8.910000e+01 2.030944e+02
      vertex   -1.602977e+02 9.150000e+01 2.030944e+02
    endloop
  endfacet
  facet normal -7.730067e-01 0.000000e+00 6.343978e-01
    outer loop
      vertex   -1.607019e+02 9.150000e+01 2.026019e+02
      vertex   -1.607019e+02 8.910000e+01 2.026019e+02
      vertex   -1.602977e+02 8.910000e+01 2.030944e+02
    endloop
  endfacet
  facet normal -6.343978e-01 0.000000e+00 7.730067e-01
    outer loop
      vertex   -1.607019e+02 9.150000e+01 2.026019e+02
      vertex   -1.611944e+02 8.910000e+01 2.021977e+02
      vertex   -1.607019e+02 8.910000e+01 2.026019e+02
    endloop
  endfacet
  facet normal -6.343978e-01 0.000000e+00 7.730067e-01
    outer loop
      vertex   -1.611944e+02 9.150000e+01 2.021977e+02
      vertex   -1.611944e+02 8.910000e+01 2.021977e+02
      vertex   -1.607019e+02 9.150000e+01 2.026019e+02
    endloop
  endfacet
  facet normal -4.713929e-01 0.000000e+00 8.819233e-01
    outer loop
      vertex   -1.617563e+02 9.150000e+01 2.018974e+02
      vertex   -1.611944e+02 8.910000e+01 2.021977e+02
      vertex   -1.611944e+02 9.150000e+01 2.021977e+02
    endloop
  endfacet
  facet normal -4.713929e-01 0.000000e+00 8.819233e-01
    outer loop
      vertex   -1.617563e+02 9.150000e+01 2.018974e+02
      vertex   -1.617563e+02 8.910000e+01 2.018974e+02
      vertex   -1.611944e+02 8.910000e+01 2.021977e+02
    endloop
  endfacet
  facet normal -2.902799e-01 0.000000e+00 9.569418e-01
    outer loop
      vertex   -1.623660e+02 9.150000e+01 2.017125e+02
      vertex   -1.623660e+02 8.910000e+01 2.017125e+02
      vertex   -1.617563e+02 8.910000e+01 2.018974e+02
    endloop
  endfacet
  facet normal -9.801562e-02 0.000000e+00 9.951849e-01
    outer loop
      vertex   -1.623660e+02 9.150000e+01 2.017125e+02
      vertex   -1.630000e+02 8.910000e+01 2.016500e+02
      vertex   -1.623660e+02 8.910000e+01 2.017125e+02
    endloop
  endfacet
  facet normal -2.902799e-01 0.000000e+00 9.569418e-01
    outer loop
      vertex   -1.623660e+02 9.150000e+01 2.017125e+02
      vertex   -1.617563e+02 8.910000e+01 2.018974e+02
      vertex   -1.617563e+02 9.150000e+01 2.018974e+02
    endloop
  endfacet
  facet normal -9.801562e-02 0.000000e+00 9.951849e-01
    outer loop
      vertex   -1.630000e+02 9.150000e+01 2.016500e+02
      vertex   -1.630000e+02 8.910000e+01 2.016500e+02
      vertex   -1.623660e+02 9.150000e+01 2.017125e+02
    endloop
  endfacet
  facet normal 9.801562e-02 0.000000e+00 9.951849e-01
    outer loop
      vertex   -1.636340e+02 9.150000e+01 2.017125e+02
      vertex   -1.636340e+02 8.910000e+01 2.017125e+02
      vertex   -1.630000e+02 8.910000e+01 2.016500e+02
    endloop
  endfacet
  facet normal 2.902716e-01 0.000000e+00 9.569443e-01
    outer loop
      vertex   -1.636340e+02 9.150000e+01 2.017125e+02
      vertex   -1.642437e+02 8.910000e+01 2.018974e+02
      vertex   -1.636340e+02 8.910000e+01 2.017125e+02
    endloop
  endfacet
  facet normal 9.801562e-02 0.000000e+00 9.951849e-01
    outer loop
      vertex   -1.636340e+02 9.150000e+01 2.017125e+02
      vertex   -1.630000e+02 8.910000e+01 2.016500e+02
      vertex   -1.630000e+02 9.150000e+01 2.016500e+02
    endloop
  endfacet
  facet normal 2.902716e-01 0.000000e+00 9.569443e-01
    outer loop
      vertex   -1.642437e+02 9.150000e+01 2.018974e+02
      vertex   -1.642437e+02 8.910000e+01 2.018974e+02
      vertex   -1.636340e+02 9.150000e+01 2.017125e+02
    endloop
  endfacet
  facet normal 4.713929e-01 0.000000e+00 8.819233e-01
    outer loop
      vertex   -1.648056e+02 9.150000e+01 2.021977e+02
      vertex   -1.648056e+02 8.910000e+01 2.021977e+02
      vertex   -1.642437e+02 8.910000e+01 2.018974e+02
    endloop
  endfacet
  facet normal 6.343978e-01 0.000000e+00 7.730067e-01
    outer loop
      vertex   -1.648056e+02 9.150000e+01 2.021977e+02
      vertex   -1.652981e+02 8.910000e+01 2.026019e+02
      vertex   -1.648056e+02 8.910000e+01 2.021977e+02
    endloop
  endfacet
  facet normal 4.713929e-01 0.000000e+00 8.819233e-01
    outer loop
      vertex   -1.648056e+02 9.150000e+01 2.021977e+02
      vertex   -1.642437e+02 8.910000e+01 2.018974e+02
      vertex   -1.642437e+02 9.150000e+01 2.018974e+02
    endloop
  endfacet
  facet normal 6.343978e-01 0.000000e+00 7.730067e-01
    outer loop
      vertex   -1.652981e+02 9.150000e+01 2.026019e+02
      vertex   -1.652981e+02 8.910000e+01 2.026019e+02
      vertex   -1.648056e+02 9.150000e+01 2.021977e+02
    endloop
  endfacet
  facet normal 7.730067e-01 0.000000e+00 6.343978e-01
    outer loop
      vertex   -1.657023e+02 9.150000e+01 2.030944e+02
      vertex   -1.657023e+02 8.910000e+01 2.030944e+02
      vertex   -1.652981e+02 8.910000e+01 2.026019e+02
    endloop
  endfacet
  facet normal 7.730067e-01 0.000000e+00 6.343978e-01
    outer loop
      vertex   -1.657023e+02 9.150000e+01 2.030944e+02
      vertex   -1.652981e+02 8.910000e+01 2.026019e+02
      vertex   -1.652981e+02 9.150000e+01 2.026019e+02
    endloop
  endfacet
  facet normal 8.819233e-01 0.000000e+00 4.713929e-01
    outer loop
      vertex   -1.660026e+02 9.150000e+01 2.036563e+02
      vertex   -1.660026e+02 8.910000e+01 2.036563e+02
      vertex   -1.657023e+02 8.910000e+01 2.030944e+02
    endloop
  endfacet
  facet normal 9.569443e-01 0.000000e+00 2.902716e-01
    outer loop
      vertex   -1.660026e+02 9.150000e+01 2.036563e+02
      vertex   -1.661876e+02 8.910000e+01 2.042660e+02
      vertex   -1.660026e+02 8.910000e+01 2.036563e+02
    endloop
  endfacet
  facet normal 8.819233e-01 0.000000e+00 4.713929e-01
    outer loop
      vertex   -1.660026e+02 9.150000e+01 2.036563e+02
      vertex   -1.657023e+02 8.910000e+01 2.030944e+02
      vertex   -1.657023e+02 9.150000e+01 2.030944e+02
    endloop
  endfacet
  facet normal 9.569443e-01 0.000000e+00 2.902716e-01
    outer loop
      vertex   -1.661876e+02 9.150000e+01 2.042660e+02
      vertex   -1.661876e+02 8.910000e+01 2.042660e+02
      vertex   -1.660026e+02 9.150000e+01 2.036563e+02
    endloop
  endfacet
  facet normal 9.951849e-01 0.000000e+00 9.801562e-02
    outer loop
      vertex   -1.662500e+02 9.150000e+01 2.049000e+02
      vertex   -1.662500e+02 8.910000e+01 2.049000e+02
      vertex   -1.661876e+02 8.910000e+01 2.042660e+02
    endloop
  endfacet
  facet normal 9.951849e-01 0.000000e+00 9.801562e-02
    outer loop
      vertex   -1.662500e+02 9.150000e+01 2.049000e+02
      vertex   -1.661876e+02 8.910000e+01 2.042660e+02
      vertex   -1.661876e+02 9.150000e+01 2.042660e+02
    endloop
  endfacet
  facet normal 9.951849e-01 0.000000e+00 -9.801562e-02
    outer loop
      vertex   -1.401875e+02 9.150000e+01 2.055341e+02
      vertex   -1.402500e+02 8.910000e+01 2.049000e+02
      vertex   -1.402500e+02 9.150000e+01 2.049000e+02
    endloop
  endfacet
  facet normal 9.951849e-01 0.000000e+00 -9.801562e-02
    outer loop
      vertex   -1.401875e+02 9.150000e+01 2.055341e+02
      vertex   -1.401875e+02 8.910000e+01 2.055341e+02
      vertex   -1.402500e+02 8.910000e+01 2.049000e+02
    endloop
  endfacet
  facet normal 9.569418e-01 0.000000e+00 -2.902799e-01
    outer loop
      vertex   -1.400026e+02 9.150000e+01 2.061437e+02
      vertex   -1.400026e+02 8.910000e+01 2.061437e+02
      vertex   -1.401875e+02 8.910000e+01 2.055341e+02
    endloop
  endfacet
  facet normal 9.569418e-01 0.000000e+00 -2.902799e-01
    outer loop
      vertex   -1.400026e+02 9.150000e+01 2.061437e+02
      vertex   -1.401875e+02 8.910000e+01 2.055341e+02
      vertex   -1.401875e+02 9.150000e+01 2.055341e+02
    endloop
  endfacet
  facet normal 8.819233e-01 0.000000e+00 -4.713929e-01
    outer loop
      vertex   -1.397023e+02 9.150000e+01 2.067056e+02
      vertex   -1.397023e+02 8.910000e+01 2.067056e+02
      vertex   -1.400026e+02 8.910000e+01 2.061437e+02
    endloop
  endfacet
  facet normal 8.819233e-01 0.000000e+00 -4.713929e-01
    outer loop
      vertex   -1.397023e+02 9.150000e+01 2.067056e+02
      vertex   -1.400026e+02 8.910000e+01 2.061437e+02
      vertex   -1.400026e+02 9.150000e+01 2.061437e+02
    endloop
  endfacet
  facet normal 7.730067e-01 0.000000e+00 -6.343978e-01
    outer loop
      vertex   -1.392981e+02 9.150000e+01 2.071981e+02
      vertex   -1.392981e+02 8.910000e+01 2.071981e+02
      vertex   -1.397023e+02 8.910000e+01 2.067056e+02
    endloop
  endfacet
  facet normal 7.730067e-01 0.000000e+00 -6.343978e-01
    outer loop
      vertex   -1.392981e+02 9.150000e+01 2.071981e+02
      vertex   -1.397023e+02 8.910000e+01 2.067056e+02
      vertex   -1.397023e+02 9.150000e+01 2.067056e+02
    endloop
  endfacet
  facet normal 6.343978e-01 0.000000e+00 -7.730067e-01
    outer loop
      vertex   -1.388056e+02 9.150000e+01 2.076023e+02
      vertex   -1.388056e+02 8.910000e+01 2.076023e+02
      vertex   -1.392981e+02 8.910000e+01 2.071981e+02
    endloop
  endfacet
  facet normal 4.713992e-01 0.000000e+00 -8.819200e-01
    outer loop
      vertex   -1.388056e+02 9.150000e+01 2.076023e+02
      vertex   -1.382437e+02 8.910000e+01 2.079026e+02
      vertex   -1.388056e+02 8.910000e+01 2.076023e+02
    endloop
  endfacet
  facet normal 6.343978e-01 0.000000e+00 -7.730067e-01
    outer loop
      vertex   -1.388056e+02 9.150000e+01 2.076023e+02
      vertex   -1.392981e+02 8.910000e+01 2.071981e+02
      vertex   -1.392981e+02 9.150000e+01 2.071981e+02
    endloop
  endfacet
  facet normal 4.713992e-01 0.000000e+00 -8.819200e-01
    outer loop
      vertex   -1.382437e+02 9.150000e+01 2.079026e+02
      vertex   -1.382437e+02 8.910000e+01 2.079026e+02
      vertex   -1.388056e+02 9.150000e+01 2.076023e+02
    endloop
  endfacet
  facet normal 2.902716e-01 0.000000e+00 -9.569443e-01
    outer loop
      vertex   -1.376340e+02 9.150000e+01 2.080876e+02
      vertex   -1.376340e+02 8.910000e+01 2.080876e+02
      vertex   -1.382437e+02 8.910000e+01 2.079026e+02
    endloop
  endfacet
  facet normal 2.902716e-01 0.000000e+00 -9.569443e-01
    outer loop
      vertex   -1.376340e+02 9.150000e+01 2.080876e+02
      vertex   -1.382437e+02 8.910000e+01 2.079026e+02
      vertex   -1.382437e+02 9.150000e+01 2.079026e+02
    endloop
  endfacet
  facet normal 9.801562e-02 0.000000e+00 -9.951849e-01
    outer loop
      vertex   -1.370000e+02 9.150000e+01 2.081500e+02
      vertex   -1.370000e+02 8.910000e+01 2.081500e+02
      vertex   -1.376340e+02 8.910000e+01 2.080876e+02
    endloop
  endfacet
  facet normal 9.801562e-02 0.000000e+00 -9.951849e-01
    outer loop
      vertex   -1.370000e+02 9.150000e+01 2.081500e+02
      vertex   -1.376340e+02 8.910000e+01 2.080876e+02
      vertex   -1.376340e+02 9.150000e+01 2.080876e+02
    endloop
  endfacet
  facet normal -9.801562e-02 0.000000e+00 -9.951849e-01
    outer loop
      vertex   -1.363660e+02 9.150000e+01 2.080876e+02
      vertex   -1.370000e+02 8.910000e+01 2.081500e+02
      vertex   -1.370000e+02 9.150000e+01 2.081500e+02
    endloop
  endfacet
  facet normal -9.801562e-02 -0.000000e+00 -9.951849e-01
    outer loop
      vertex   -1.363660e+02 9.150000e+01 2.080876e+02
      vertex   -1.363660e+02 8.910000e+01 2.080876e+02
      vertex   -1.370000e+02 8.910000e+01 2.081500e+02
    endloop
  endfacet
  facet normal -2.902758e-01 0.000000e+00 -9.569430e-01
    outer loop
      vertex   -1.357563e+02 9.150000e+01 2.079026e+02
      vertex   -1.363660e+02 8.910000e+01 2.080876e+02
      vertex   -1.363660e+02 9.150000e+01 2.080876e+02
    endloop
  endfacet
  facet normal -2.902758e-01 -0.000000e+00 -9.569430e-01
    outer loop
      vertex   -1.357563e+02 9.150000e+01 2.079026e+02
      vertex   -1.357563e+02 8.910000e+01 2.079026e+02
      vertex   -1.363660e+02 8.910000e+01 2.080876e+02
    endloop
  endfacet
  facet normal -4.713929e-01 0.000000e+00 -8.819233e-01
    outer loop
      vertex   -1.351944e+02 9.150000e+01 2.076023e+02
      vertex   -1.357563e+02 8.910000e+01 2.079026e+02
      vertex   -1.357563e+02 9.150000e+01 2.079026e+02
    endloop
  endfacet
  facet normal -4.713929e-01 -0.000000e+00 -8.819233e-01
    outer loop
      vertex   -1.351944e+02 9.150000e+01 2.076023e+02
      vertex   -1.351944e+02 8.910000e+01 2.076023e+02
      vertex   -1.357563e+02 8.910000e+01 2.079026e+02
    endloop
  endfacet
  facet normal -6.343978e-01 -0.000000e+00 -7.730067e-01
    outer loop
      vertex   -1.351944e+02 9.150000e+01 2.076023e+02
      vertex   -1.347019e+02 8.910000e+01 2.071981e+02
      vertex   -1.351944e+02 8.910000e+01 2.076023e+02
    endloop
  endfacet
  facet normal -6.343978e-01 -0.000000e+00 -7.730067e-01
    outer loop
      vertex   -1.347019e+02 9.150000e+01 2.071981e+02
      vertex   -1.347019e+02 8.910000e+01 2.071981e+02
      vertex   -1.351944e+02 9.150000e+01 2.076023e+02
    endloop
  endfacet
  facet normal -7.730141e-01 0.000000e+00 -6.343889e-01
    outer loop
      vertex   -1.342977e+02 9.150000e+01 2.067056e+02
      vertex   -1.347019e+02 8.910000e+01 2.071981e+02
      vertex   -1.347019e+02 9.150000e+01 2.071981e+02
    endloop
  endfacet
  facet normal -7.730141e-01 -0.000000e+00 -6.343889e-01
    outer loop
      vertex   -1.342977e+02 9.150000e+01 2.067056e+02
      vertex   -1.342977e+02 8.910000e+01 2.067056e+02
      vertex   -1.347019e+02 8.910000e+01 2.071981e+02
    endloop
  endfacet
  facet normal -8.819233e-01 0.000000e+00 -4.713929e-01
    outer loop
      vertex   -1.339974e+02 9.150000e+01 2.061437e+02
      vertex   -1.342977e+02 8.910000e+01 2.067056e+02
      vertex   -1.342977e+02 9.150000e+01 2.067056e+02
    endloop
  endfacet
  facet normal -8.819233e-01 -0.000000e+00 -4.713929e-01
    outer loop
      vertex   -1.339974e+02 9.150000e+01 2.061437e+02
      vertex   -1.339974e+02 8.910000e+01 2.061437e+02
      vertex   -1.342977e+02 8.910000e+01 2.067056e+02
    endloop
  endfacet
  facet normal -9.569376e-01 0.000000e+00 -2.902936e-01
    outer loop
      vertex   -1.338124e+02 9.150000e+01 2.055341e+02
      vertex   -1.339974e+02 8.910000e+01 2.061437e+02
      vertex   -1.339974e+02 9.150000e+01 2.061437e+02
    endloop
  endfacet
  facet normal -9.569376e-01 -0.000000e+00 -2.902936e-01
    outer loop
      vertex   -1.338124e+02 9.150000e+01 2.055341e+02
      vertex   -1.338124e+02 8.910000e+01 2.055341e+02
      vertex   -1.339974e+02 8.910000e+01 2.061437e+02
    endloop
  endfacet
  facet normal -9.951849e-01 -0.000000e+00 -9.801562e-02
    outer loop
      vertex   -1.338124e+02 9.150000e+01 2.055341e+02
      vertex   -1.337500e+02 8.910000e+01 2.049000e+02
      vertex   -1.338124e+02 8.910000e+01 2.055341e+02
    endloop
  endfacet
  facet normal -9.951849e-01 -0.000000e+00 -9.801562e-02
    outer loop
      vertex   -1.337500e+02 9.150000e+01 2.049000e+02
      vertex   -1.337500e+02 8.910000e+01 2.049000e+02
      vertex   -1.338124e+02 9.150000e+01 2.055341e+02
    endloop
  endfacet
  facet normal -9.951849e-01 0.000000e+00 9.801562e-02
    outer loop
      vertex   -1.338124e+02 9.150000e+01 2.042660e+02
      vertex   -1.337500e+02 8.910000e+01 2.049000e+02
      vertex   -1.337500e+02 9.150000e+01 2.049000e+02
    endloop
  endfacet
  facet normal -9.951849e-01 0.000000e+00 9.801562e-02
    outer loop
      vertex   -1.338124e+02 9.150000e+01 2.042660e+02
      vertex   -1.338124e+02 8.910000e+01 2.042660e+02
      vertex   -1.337500e+02 8.910000e+01 2.049000e+02
    endloop
  endfacet
  facet normal -9.569401e-01 0.000000e+00 2.902853e-01
    outer loop
      vertex   -1.338124e+02 9.150000e+01 2.042660e+02
      vertex   -1.339974e+02 8.910000e+01 2.036563e+02
      vertex   -1.338124e+02 8.910000e+01 2.042660e+02
    endloop
  endfacet
  facet normal -9.569401e-01 0.000000e+00 2.902853e-01
    outer loop
      vertex   -1.339974e+02 9.150000e+01 2.036563e+02
      vertex   -1.339974e+02 8.910000e+01 2.036563e+02
      vertex   -1.338124e+02 9.150000e+01 2.042660e+02
    endloop
  endfacet
  facet normal -8.819233e-01 0.000000e+00 4.713929e-01
    outer loop
      vertex   -1.342977e+02 9.150000e+01 2.030944e+02
      vertex   -1.339974e+02 8.910000e+01 2.036563e+02
      vertex   -1.339974e+02 9.150000e+01 2.036563e+02
    endloop
  endfacet
  facet normal -8.819233e-01 0.000000e+00 4.713929e-01
    outer loop
      vertex   -1.342977e+02 9.150000e+01 2.030944e+02
      vertex   -1.342977e+02 8.910000e+01 2.030944e+02
      vertex   -1.339974e+02 8.910000e+01 2.036563e+02
    endloop
  endfacet
  facet normal -7.730141e-01 0.000000e+00 6.343889e-01
    outer loop
      vertex   -1.347019e+02 9.150000e+01 2.026019e+02
      vertex   -1.342977e+02 8.910000e+01 2.030944e+02
      vertex   -1.342977e+02 9.150000e+01 2.030944e+02
    endloop
  endfacet
  facet normal -7.730141e-01 0.000000e+00 6.343889e-01
    outer loop
      vertex   -1.347019e+02 9.150000e+01 2.026019e+02
      vertex   -1.347019e+02 8.910000e+01 2.026019e+02
      vertex   -1.342977e+02 8.910000e+01 2.030944e+02
    endloop
  endfacet
  facet normal -6.343978e-01 0.000000e+00 7.730067e-01
    outer loop
      vertex   -1.347019e+02 9.150000e+01 2.026019e+02
      vertex   -1.351944e+02 8.910000e+01 2.021977e+02
      vertex   -1.347019e+02 8.910000e+01 2.026019e+02
    endloop
  endfacet
  facet normal -6.343978e-01 0.000000e+00 7.730067e-01
    outer loop
      vertex   -1.351944e+02 9.150000e+01 2.021977e+02
      vertex   -1.351944e+02 8.910000e+01 2.021977e+02
      vertex   -1.347019e+02 9.150000e+01 2.026019e+02
    endloop
  endfacet
  facet normal -4.713929e-01 0.000000e+00 8.819233e-01
    outer loop
      vertex   -1.357563e+02 9.150000e+01 2.018974e+02
      vertex   -1.351944e+02 8.910000e+01 2.021977e+02
      vertex   -1.351944e+02 9.150000e+01 2.021977e+02
    endloop
  endfacet
  facet normal -4.713929e-01 0.000000e+00 8.819233e-01
    outer loop
      vertex   -1.357563e+02 9.150000e+01 2.018974e+02
      vertex   -1.357563e+02 8.910000e+01 2.018974e+02
      vertex   -1.351944e+02 8.910000e+01 2.021977e+02
    endloop
  endfacet
  facet normal -2.902758e-01 0.000000e+00 9.569430e-01
    outer loop
      vertex   -1.363660e+02 9.150000e+01 2.017125e+02
      vertex   -1.363660e+02 8.910000e+01 2.017125e+02
      vertex   -1.357563e+02 8.910000e+01 2.018974e+02
    endloop
  endfacet
  facet normal -9.801562e-02 0.000000e+00 9.951849e-01
    outer loop
      vertex   -1.363660e+02 9.150000e+01 2.017125e+02
      vertex   -1.370000e+02 8.910000e+01 2.016500e+02
      vertex   -1.363660e+02 8.910000e+01 2.017125e+02
    endloop
  endfacet
  facet normal -2.902758e-01 0.000000e+00 9.569430e-01
    outer loop
      vertex   -1.363660e+02 9.150000e+01 2.017125e+02
      vertex   -1.357563e+02 8.910000e+01 2.018974e+02
      vertex   -1.357563e+02 9.150000e+01 2.018974e+02
    endloop
  endfacet
  facet normal -9.801562e-02 0.000000e+00 9.951849e-01
    outer loop
      vertex   -1.370000e+02 9.150000e+01 2.016500e+02
      vertex   -1.370000e+02 8.910000e+01 2.016500e+02
      vertex   -1.363660e+02 9.150000e+01 2.017125e+02
    endloop
  endfacet
  facet normal 9.801562e-02 0.000000e+00 9.951849e-01
    outer loop
      vertex   -1.376340e+02 9.150000e+01 2.017125e+02
      vertex   -1.376340e+02 8.910000e+01 2.017125e+02
      vertex   -1.370000e+02 8.910000e+01 2.016500e+02
    endloop
  endfacet
  facet normal 2.902716e-01 0.000000e+00 9.569443e-01
    outer loop
      vertex   -1.376340e+02 9.150000e+01 2.017125e+02
      vertex   -1.382437e+02 8.910000e+01 2.018974e+02
      vertex   -1.376340e+02 8.910000e+01 2.017125e+02
    endloop
  endfacet
  facet normal 9.801562e-02 0.000000e+00 9.951849e-01
    outer loop
      vertex   -1.376340e+02 9.150000e+01 2.017125e+02
      vertex   -1.370000e+02 8.910000e+01 2.016500e+02
      vertex   -1.370000e+02 9.150000e+01 2.016500e+02
    endloop
  endfacet
  facet normal 2.902716e-01 0.000000e+00 9.569443e-01
    outer loop
      vertex   -1.382437e+02 9.150000e+01 2.018974e+02
      vertex   -1.382437e+02 8.910000e+01 2.018974e+02
      vertex   -1.376340e+02 9.150000e+01 2.017125e+02
    endloop
  endfacet
  facet normal 4.713992e-01 0.000000e+00 8.819200e-01
    outer loop
      vertex   -1.388056e+02 9.150000e+01 2.021977e+02
      vertex   -1.388056e+02 8.910000e+01 2.021977e+02
      vertex   -1.382437e+02 8.910000e+01 2.018974e+02
    endloop
  endfacet
  facet normal 6.343978e-01 0.000000e+00 7.730067e-01
    outer loop
      vertex   -1.388056e+02 9.150000e+01 2.021977e+02
      vertex   -1.392981e+02 8.910000e+01 2.026019e+02
      vertex   -1.388056e+02 8.910000e+01 2.021977e+02
    endloop
  endfacet
  facet normal 4.713992e-01 0.000000e+00 8.819200e-01
    outer loop
      vertex   -1.388056e+02 9.150000e+01 2.021977e+02
      vertex   -1.382437e+02 8.910000e+01 2.018974e+02
      vertex   -1.382437e+02 9.150000e+01 2.018974e+02
    endloop
  endfacet
  facet normal 6.343978e-01 0.000000e+00 7.730067e-01
    outer loop
      vertex   -1.392981e+02 9.150000e+01 2.026019e+02
      vertex   -1.392981e+02 8.910000e+01 2.026019e+02
      vertex   -1.388056e+02 9.150000e+01 2.021977e+02
    endloop
  endfacet
  facet normal 7.730067e-01 0.000000e+00 6.343978e-01
    outer loop
      vertex   -1.397023e+02 9.150000e+01 2.030944e+02
      vertex   -1.397023e+02 8.910000e+01 2.030944e+02
      vertex   -1.392981e+02 8.910000e+01 2.026019e+02
    endloop
  endfacet
  facet normal 7.730067e-01 0.000000e+00 6.343978e-01
    outer loop
      vertex   -1.397023e+02 9.150000e+01 2.030944e+02
      vertex   -1.392981e+02 8.910000e+01 2.026019e+02
      vertex   -1.392981e+02 9.150000e+01 2.026019e+02
    endloop
  endfacet
  facet normal 8.819233e-01 0.000000e+00 4.713929e-01
    outer loop
      vertex   -1.400026e+02 9.150000e+01 2.036563e+02
      vertex   -1.400026e+02 8.910000e+01 2.036563e+02
      vertex   -1.397023e+02 8.910000e+01 2.030944e+02
    endloop
  endfacet
  facet normal 9.569443e-01 0.000000e+00 2.902716e-01
    outer loop
      vertex   -1.400026e+02 9.150000e+01 2.036563e+02
      vertex   -1.401875e+02 8.910000e+01 2.042660e+02
      vertex   -1.400026e+02 8.910000e+01 2.036563e+02
    endloop
  endfacet
  facet normal 8.819233e-01 0.000000e+00 4.713929e-01
    outer loop
      vertex   -1.400026e+02 9.150000e+01 2.036563e+02
      vertex   -1.397023e+02 8.910000e+01 2.030944e+02
      vertex   -1.397023e+02 9.150000e+01 2.030944e+02
    endloop
  endfacet
  facet normal 9.569443e-01 0.000000e+00 2.902716e-01
    outer loop
      vertex   -1.401875e+02 9.150000e+01 2.042660e+02
      vertex   -1.401875e+02 8.910000e+01 2.042660e+02
      vertex   -1.400026e+02 9.150000e+01 2.036563e+02
    endloop
  endfacet
  facet normal 9.951849e-01 0.000000e+00 9.801562e-02
    outer loop
      vertex   -1.402500e+02 9.150000e+01 2.049000e+02
      vertex   -1.402500e+02 8.910000e+01 2.049000e+02
      vertex   -1.401875e+02 8.910000e+01 2.042660e+02
    endloop
  endfacet
  facet normal 9.951849e-01 0.000000e+00 9.801562e-02
    outer loop
      vertex   -1.402500e+02 9.150000e+01 2.049000e+02
      vertex   -1.401875e+02 8.910000e+01 2.042660e+02
      vertex   -1.401875e+02 9.150000e+01 2.042660e+02
    endloop
  endfacet
  facet normal 0.000000e+00 1.000000e+00 0.000000e+00
    outer loop
      vertex   -1.324986e+02 1.310500e+02 2.357745e+02
      vertex   -1.332500e+02 1.310500e+02 2.360024e+02
      vertex   -1.329862e+02 1.310500e+02 2.359765e+02
    endloop
  endfacet
  facet normal 0.000000e+00 1.000000e+00 0.000000e+00
    outer loop
      vertex   -1.324986e+02 1.310500e+02 2.357745e+02
      vertex   -1.329862e+02 1.310500e+02 2.359765e+02
      vertex   -1.327324e+02 1.310500e+02 2.358995e+02
    endloop
  endfacet
  facet normal 0.000000e+00 1.000000e+00 0.000000e+00
    outer loop
      vertex   -1.321255e+02 1.310500e+02 2.354014e+02
      vertex   -1.324986e+02 1.310500e+02 2.357745e+02
      vertex   -1.322937e+02 1.310500e+02 2.356063e+02
    endloop
  endfacet
  facet normal 0.000000e+00 1.000000e+00 0.000000e+00
    outer loop
      vertex   -1.321255e+02 1.310500e+02 2.354014e+02
      vertex   -1.332500e+02 1.310500e+02 2.360024e+02
      vertex   -1.324986e+02 1.310500e+02 2.357745e+02
    endloop
  endfacet
  facet normal 0.000000e+00 1.000000e+00 0.000000e+00
    outer loop
      vertex   -1.319236e+02 1.310500e+02 2.349139e+02
      vertex   -1.321255e+02 1.310500e+02 2.354014e+02
      vertex   -1.320005e+02 1.310500e+02 2.351676e+02
    endloop
  endfacet
  facet normal 0.000000e+00 1.000000e+00 0.000000e+00
    outer loop
      vertex   -1.319236e+02 1.310500e+02 2.349139e+02
      vertex   -1.332500e+02 1.310500e+02 2.360024e+02
      vertex   -1.321255e+02 1.310500e+02 2.354014e+02
    endloop
  endfacet
  facet normal 0.000000e+00 1.000000e+00 0.000000e+00
    outer loop
      vertex   -1.318976e+02 1.310500e+02 2.346500e+02
      vertex   -1.332500e+02 1.310500e+02 2.360024e+02
      vertex   -1.319236e+02 1.310500e+02 2.349139e+02
    endloop
  endfacet
  facet normal 0.000000e+00 1.000000e+00 0.000000e+00
    outer loop
      vertex   -1.332500e+02 1.310500e+02 1.997976e+02
      vertex   -1.318976e+02 1.310500e+02 2.346500e+02
      vertex   -1.318976e+02 1.310500e+02 2.011500e+02
    endloop
  endfacet
  facet normal 0.000000e+00 1.000000e+00 0.000000e+00
    outer loop
      vertex   -1.332500e+02 1.310500e+02 1.997976e+02
      vertex   -1.332500e+02 1.310500e+02 2.360024e+02
      vertex   -1.318976e+02 1.310500e+02 2.346500e+02
    endloop
  endfacet
  facet normal 0.000000e+00 1.000000e+00 -0.000000e+00
    outer loop
      vertex   -1.329862e+02 1.310500e+02 1.998236e+02
      vertex   -1.332500e+02 1.310500e+02 1.997976e+02
      vertex   -1.318976e+02 1.310500e+02 2.011500e+02
    endloop
  endfacet
  facet normal 0.000000e+00 1.000000e+00 0.000000e+00
    outer loop
      vertex   -1.320005e+02 1.310500e+02 2.006325e+02
      vertex   -1.318976e+02 1.310500e+02 2.011500e+02
      vertex   -1.319236e+02 1.310500e+02 2.008862e+02
    endloop
  endfacet
  facet normal 0.000000e+00 1.000000e+00 0.000000e+00
    outer loop
      vertex   -1.324986e+02 1.310500e+02 2.000255e+02
      vertex   -1.327324e+02 1.310500e+02 1.999005e+02
      vertex   -1.329862e+02 1.310500e+02 1.998236e+02
    endloop
  endfacet
  facet normal 0.000000e+00 1.000000e+00 0.000000e+00
    outer loop
      vertex   -1.322937e+02 1.310500e+02 2.001937e+02
      vertex   -1.318976e+02 1.310500e+02 2.011500e+02
      vertex   -1.320005e+02 1.310500e+02 2.006325e+02
    endloop
  endfacet
  facet normal 0.000000e+00 1.000000e+00 0.000000e+00
    outer loop
      vertex   -1.322937e+02 1.310500e+02 2.001937e+02
      vertex   -1.324986e+02 1.310500e+02 2.000255e+02
      vertex   -1.329862e+02 1.310500e+02 1.998236e+02
    endloop
  endfacet
  facet normal 0.000000e+00 1.000000e+00 0.000000e+00
    outer loop
      vertex   -1.322937e+02 1.310500e+02 2.001937e+02
      vertex   -1.320005e+02 1.310500e+02 2.006325e+02
      vertex   -1.321255e+02 1.310500e+02 2.003986e+02
    endloop
  endfacet
  facet normal 0.000000e+00 1.000000e+00 -0.000000e+00
    outer loop
      vertex   -1.322937e+02 1.310500e+02 2.001937e+02
      vertex   -1.329862e+02 1.310500e+02 1.998236e+02
      vertex   -1.318976e+02 1.310500e+02 2.011500e+02
    endloop
  endfacet
  facet normal 0.000000e+00 -1.000000e+00 0.000000e+00
    outer loop
      vertex   -1.617528e+02 9.150000e+01 2.300666e+02
      vertex   -1.607019e+02 9.150000e+01 2.286019e+02
      vertex   -1.602977e+02 9.150000e+01 2.290944e+02
    endloop
  endfacet
  facet normal 0.000000e+00 -1.000000e+00 -0.000000e+00
    outer loop
      vertex   -1.617528e+02 9.150000e+01 2.300666e+02
      vertex   -1.619393e+02 9.150000e+01 2.298393e+02
      vertex   -1.607019e+02 9.150000e+01 2.286019e+02
    endloop
  endfacet
  facet normal 0.000000e+00 -1.000000e+00 0.000000e+00
    outer loop
      vertex   -1.621666e+02 9.150000e+01 2.296528e+02
      vertex   -1.611944e+02 9.150000e+01 2.281977e+02
      vertex   -1.607019e+02 9.150000e+01 2.286019e+02
    endloop
  endfacet
  facet normal 0.000000e+00 -1.000000e+00 0.000000e+00
    outer loop
      vertex   -1.621666e+02 9.150000e+01 2.296528e+02
      vertex   -1.607019e+02 9.150000e+01 2.286019e+02
      vertex   -1.619393e+02 9.150000e+01 2.298393e+02
    endloop
  endfacet
  facet normal 0.000000e+00 -1.000000e+00 0.000000e+00
    outer loop
      vertex   -1.616142e+02 9.150000e+01 2.303260e+02
      vertex   -1.602977e+02 9.150000e+01 2.290944e+02
      vertex   -1.599974e+02 9.150000e+01 2.296563e+02
    endloop
  endfacet
  facet normal 0.000000e+00 -1.000000e+00 -0.000000e+00
    outer loop
      vertex   -1.616142e+02 9.150000e+01 2.303260e+02
      vertex   -1.617528e+02 9.150000e+01 2.300666e+02
      vertex   -1.602977e+02 9.150000e+01 2.290944e+02
    endloop
  endfacet
  facet normal 0.000000e+00 -1.000000e+00 0.000000e+00
    outer loop
      vertex   -1.624260e+02 9.150000e+01 2.295142e+02
      vertex   -1.617563e+02 9.150000e+01 2.278974e+02
      vertex   -1.611944e+02 9.150000e+01 2.281977e+02
    endloop
  endfacet
  facet normal 0.000000e+00 -1.000000e+00 0.000000e+00
    outer loop
      vertex   -1.624260e+02 9.150000e+01 2.295142e+02
      vertex   -1.611944e+02 9.150000e+01 2.281977e+02
      vertex   -1.621666e+02 9.150000e+01 2.296528e+02
    endloop
  endfacet
  facet normal 0.000000e+00 -1.000000e+00 0.000000e+00
    outer loop
      vertex   -1.615288e+02 9.150000e+01 2.306074e+02
      vertex   -1.599974e+02 9.150000e+01 2.296563e+02
      vertex   -1.598125e+02 9.150000e+01 2.302660e+02
    endloop
  endfacet
  facet normal 0.000000e+00 -1.000000e+00 -0.000000e+00
    outer loop
      vertex   -1.615288e+02 9.150000e+01 2.306074e+02
      vertex   -1.616142e+02 9.150000e+01 2.303260e+02
      vertex   -1.599974e+02 9.150000e+01 2.296563e+02
    endloop
  endfacet
  facet normal 0.000000e+00 -1.000000e+00 0.000000e+00
    outer loop
      vertex   -1.627074e+02 9.150000e+01 2.294288e+02
      vertex   -1.623660e+02 9.150000e+01 2.277125e+02
      vertex   -1.617563e+02 9.150000e+01 2.278974e+02
    endloop
  endfacet
  facet normal 0.000000e+00 -1.000000e+00 0.000000e+00
    outer loop
      vertex   -1.627074e+02 9.150000e+01 2.294288e+02
      vertex   -1.617563e+02 9.150000e+01 2.278974e+02
      vertex   -1.624260e+02 9.150000e+01 2.295142e+02
    endloop
  endfacet
  facet normal 0.000000e+00 -1.000000e+00 0.000000e+00
    outer loop
      vertex   -1.615000e+02 9.150000e+01 2.309000e+02
      vertex   -1.598125e+02 9.150000e+01 2.302660e+02
      vertex   -1.597500e+02 9.150000e+01 2.309000e+02
    endloop
  endfacet
  facet normal 0.000000e+00 -1.000000e+00 -0.000000e+00
    outer loop
      vertex   -1.615000e+02 9.150000e+01 2.309000e+02
      vertex   -1.615288e+02 9.150000e+01 2.306074e+02
      vertex   -1.598125e+02 9.150000e+01 2.302660e+02
    endloop
  endfacet
  facet normal 0.000000e+00 -1.000000e+00 0.000000e+00
    outer loop
      vertex   -1.630000e+02 9.150000e+01 2.294000e+02
      vertex   -1.630000e+02 9.150000e+01 2.276500e+02
      vertex   -1.623660e+02 9.150000e+01 2.277125e+02
    endloop
  endfacet
  facet normal 0.000000e+00 -1.000000e+00 0.000000e+00
    outer loop
      vertex   -1.630000e+02 9.150000e+01 2.294000e+02
      vertex   -1.623660e+02 9.150000e+01 2.277125e+02
      vertex   -1.627074e+02 9.150000e+01 2.294288e+02
    endloop
  endfacet
  facet normal 0.000000e+00 -1.000000e+00 0.000000e+00
    outer loop
      vertex   -1.615288e+02 9.150000e+01 2.311926e+02
      vertex   -1.597500e+02 9.150000e+01 2.309000e+02
      vertex   -1.598125e+02 9.150000e+01 2.315340e+02
    endloop
  endfacet
  facet normal 0.000000e+00 -1.000000e+00 0.000000e+00
    outer loop
      vertex   -1.615288e+02 9.150000e+01 2.311926e+02
      vertex   -1.615000e+02 9.150000e+01 2.309000e+02
      vertex   -1.597500e+02 9.150000e+01 2.309000e+02
    endloop
  endfacet
  facet normal 0.000000e+00 -1.000000e+00 0.000000e+00
    outer loop
      vertex   -1.632926e+02 9.150000e+01 2.294288e+02
      vertex   -1.630000e+02 9.150000e+01 2.276500e+02
      vertex   -1.630000e+02 9.150000e+01 2.294000e+02
    endloop
  endfacet
  facet normal 0.000000e+00 -1.000000e+00 -0.000000e+00
    outer loop
      vertex   -1.632926e+02 9.150000e+01 2.294288e+02
      vertex   -1.636340e+02 9.150000e+01 2.277125e+02
      vertex   -1.630000e+02 9.150000e+01 2.276500e+02
    endloop
  endfacet
  facet normal 0.000000e+00 -1.000000e+00 0.000000e+00
    outer loop
      vertex   -1.616142e+02 9.150000e+01 2.314740e+02
      vertex   -1.615288e+02 9.150000e+01 2.311926e+02
      vertex   -1.598125e+02 9.150000e+01 2.315340e+02
    endloop
  endfacet
  facet normal 0.000000e+00 -1.000000e+00 0.000000e+00
    outer loop
      vertex   -1.616142e+02 9.150000e+01 2.314740e+02
      vertex   -1.598125e+02 9.150000e+01 2.315340e+02
      vertex   -1.599974e+02 9.150000e+01 2.321437e+02
    endloop
  endfacet
  facet normal 0.000000e+00 -1.000000e+00 -0.000000e+00
    outer loop
      vertex   -1.635740e+02 9.150000e+01 2.295142e+02
      vertex   -1.636340e+02 9.150000e+01 2.277125e+02
      vertex   -1.632926e+02 9.150000e+01 2.294288e+02
    endloop
  endfacet
  facet normal 0.000000e+00 -1.000000e+00 0.000000e+00
    outer loop
      vertex   -1.635740e+02 9.150000e+01 2.295142e+02
      vertex   -1.642437e+02 9.150000e+01 2.278974e+02
      vertex   -1.636340e+02 9.150000e+01 2.277125e+02
    endloop
  endfacet
  facet normal 0.000000e+00 -1.000000e+00 0.000000e+00
    outer loop
      vertex   -1.635740e+02 9.150000e+01 2.295142e+02
      vertex   -1.648056e+02 9.150000e+01 2.281977e+02
      vertex   -1.642437e+02 9.150000e+01 2.278974e+02
    endloop
  endfacet
  facet normal 0.000000e+00 -1.000000e+00 0.000000e+00
    outer loop
      vertex   -1.617528e+02 9.150000e+01 2.317334e+02
      vertex   -1.599974e+02 9.150000e+01 2.321437e+02
      vertex   -1.602977e+02 9.150000e+01 2.327056e+02
    endloop
  endfacet
  facet normal 0.000000e+00 -1.000000e+00 0.000000e+00
    outer loop
      vertex   -1.617528e+02 9.150000e+01 2.317334e+02
      vertex   -1.616142e+02 9.150000e+01 2.314740e+02
      vertex   -1.599974e+02 9.150000e+01 2.321437e+02
    endloop
  endfacet
  facet normal 0.000000e+00 -1.000000e+00 -0.000000e+00
    outer loop
      vertex   -1.638334e+02 9.150000e+01 2.296528e+02
      vertex   -1.648056e+02 9.150000e+01 2.281977e+02
      vertex   -1.635740e+02 9.150000e+01 2.295142e+02
    endloop
  endfacet
  facet normal 0.000000e+00 -1.000000e+00 -0.000000e+00
    outer loop
      vertex   -1.607019e+02 9.150000e+01 2.331981e+02
      vertex   -1.617528e+02 9.150000e+01 2.317334e+02
      vertex   -1.602977e+02 9.150000e+01 2.327056e+02
    endloop
  endfacet
  facet normal 0.000000e+00 -1.000000e+00 0.000000e+00
    outer loop
      vertex   -1.607019e+02 9.150000e+01 2.331981e+02
      vertex   -1.619393e+02 9.150000e+01 2.319607e+02
      vertex   -1.617528e+02 9.150000e+01 2.317334e+02
    endloop
  endfacet
  facet normal 0.000000e+00 -1.000000e+00 -0.000000e+00
    outer loop
      vertex   -1.640607e+02 9.150000e+01 2.298393e+02
      vertex   -1.648056e+02 9.150000e+01 2.281977e+02
      vertex   -1.638334e+02 9.150000e+01 2.296528e+02
    endloop
  endfacet
  facet normal 0.000000e+00 -1.000000e+00 0.000000e+00
    outer loop
      vertex   -1.652981e+02 9.150000e+01 2.286019e+02
      vertex   -1.648056e+02 9.150000e+01 2.281977e+02
      vertex   -1.640607e+02 9.150000e+01 2.298393e+02
    endloop
  endfacet
  facet normal 0.000000e+00 -1.000000e+00 -0.000000e+00
    outer loop
      vertex   -1.611944e+02 9.150000e+01 2.336023e+02
      vertex   -1.619393e+02 9.150000e+01 2.319607e+02
      vertex   -1.607019e+02 9.150000e+01 2.331981e+02
    endloop
  endfacet
  facet normal 0.000000e+00 -1.000000e+00 0.000000e+00
    outer loop
      vertex   -1.611944e+02 9.150000e+01 2.336023e+02
      vertex   -1.624260e+02 9.150000e+01 2.322858e+02
      vertex   -1.621666e+02 9.150000e+01 2.321472e+02
    endloop
  endfacet
  facet normal 0.000000e+00 -1.000000e+00 0.000000e+00
    outer loop
      vertex   -1.611944e+02 9.150000e+01 2.336023e+02
      vertex   -1.621666e+02 9.150000e+01 2.321472e+02
      vertex   -1.619393e+02 9.150000e+01 2.319607e+02
    endloop
  endfacet
  facet normal 0.000000e+00 -1.000000e+00 0.000000e+00
    outer loop
      vertex   -1.657023e+02 9.150000e+01 2.290944e+02
      vertex   -1.652981e+02 9.150000e+01 2.286019e+02
      vertex   -1.640607e+02 9.150000e+01 2.298393e+02
    endloop
  endfacet
  facet normal 0.000000e+00 -1.000000e+00 0.000000e+00
    outer loop
      vertex   -1.657023e+02 9.150000e+01 2.290944e+02
      vertex   -1.640607e+02 9.150000e+01 2.298393e+02
      vertex   -1.642472e+02 9.150000e+01 2.300666e+02
    endloop
  endfacet
  facet normal 0.000000e+00 -1.000000e+00 0.000000e+00
    outer loop
      vertex   -1.657023e+02 9.150000e+01 2.290944e+02
      vertex   -1.642472e+02 9.150000e+01 2.300666e+02
      vertex   -1.643858e+02 9.150000e+01 2.303260e+02
    endloop
  endfacet
  facet normal 0.000000e+00 -1.000000e+00 -0.000000e+00
    outer loop
      vertex   -1.617563e+02 9.150000e+01 2.339026e+02
      vertex   -1.624260e+02 9.150000e+01 2.322858e+02
      vertex   -1.611944e+02 9.150000e+01 2.336023e+02
    endloop
  endfacet
  facet normal 0.000000e+00 -1.000000e+00 0.000000e+00
    outer loop
      vertex   -1.660026e+02 9.150000e+01 2.296563e+02
      vertex   -1.657023e+02 9.150000e+01 2.290944e+02
      vertex   -1.643858e+02 9.150000e+01 2.303260e+02
    endloop
  endfacet
  facet normal 0.000000e+00 -1.000000e+00 0.000000e+00
    outer loop
      vertex   -1.623660e+02 9.150000e+01 2.340876e+02
      vertex   -1.627074e+02 9.150000e+01 2.323712e+02
      vertex   -1.624260e+02 9.150000e+01 2.322858e+02
    endloop
  endfacet
  facet normal 0.000000e+00 -1.000000e+00 -0.000000e+00
    outer loop
      vertex   -1.623660e+02 9.150000e+01 2.340876e+02
      vertex   -1.624260e+02 9.150000e+01 2.322858e+02
      vertex   -1.617563e+02 9.150000e+01 2.339026e+02
    endloop
  endfacet
  facet normal 0.000000e+00 -1.000000e+00 0.000000e+00
    outer loop
      vertex   -1.661876e+02 9.150000e+01 2.302660e+02
      vertex   -1.660026e+02 9.150000e+01 2.296563e+02
      vertex   -1.643858e+02 9.150000e+01 2.303260e+02
    endloop
  endfacet
  facet normal 0.000000e+00 -1.000000e+00 0.000000e+00
    outer loop
      vertex   -1.661876e+02 9.150000e+01 2.302660e+02
      vertex   -1.643858e+02 9.150000e+01 2.303260e+02
      vertex   -1.644712e+02 9.150000e+01 2.306074e+02
    endloop
  endfacet
  facet normal 0.000000e+00 -1.000000e+00 0.000000e+00
    outer loop
      vertex   -1.662500e+02 9.150000e+01 2.309000e+02
      vertex   -1.644712e+02 9.150000e+01 2.306074e+02
      vertex   -1.645000e+02 9.150000e+01 2.309000e+02
    endloop
  endfacet
  facet normal 0.000000e+00 -1.000000e+00 0.000000e+00
    outer loop
      vertex   -1.662500e+02 9.150000e+01 2.309000e+02
      vertex   -1.661876e+02 9.150000e+01 2.302660e+02
      vertex   -1.644712e+02 9.150000e+01 2.306074e+02
    endloop
  endfacet
  facet normal 0.000000e+00 -1.000000e+00 0.000000e+00
    outer loop
      vertex   -1.630000e+02 9.150000e+01 2.341500e+02
      vertex   -1.630000e+02 9.150000e+01 2.324000e+02
      vertex   -1.627074e+02 9.150000e+01 2.323712e+02
    endloop
  endfacet
  facet normal 0.000000e+00 -1.000000e+00 0.000000e+00
    outer loop
      vertex   -1.630000e+02 9.150000e+01 2.341500e+02
      vertex   -1.627074e+02 9.150000e+01 2.323712e+02
      vertex   -1.623660e+02 9.150000e+01 2.340876e+02
    endloop
  endfacet
  facet normal 0.000000e+00 -1.000000e+00 0.000000e+00
    outer loop
      vertex   -1.661876e+02 9.150000e+01 2.315340e+02
      vertex   -1.645000e+02 9.150000e+01 2.309000e+02
      vertex   -1.644712e+02 9.150000e+01 2.311926e+02
    endloop
  endfacet
  facet normal 0.000000e+00 -1.000000e+00 0.000000e+00
    outer loop
      vertex   -1.661876e+02 9.150000e+01 2.315340e+02
      vertex   -1.644712e+02 9.150000e+01 2.311926e+02
      vertex   -1.643858e+02 9.150000e+01 2.314740e+02
    endloop
  endfacet
  facet normal 0.000000e+00 -1.000000e+00 -0.000000e+00
    outer loop
      vertex   -1.661876e+02 9.150000e+01 2.315340e+02
      vertex   -1.662500e+02 9.150000e+01 2.309000e+02
      vertex   -1.645000e+02 9.150000e+01 2.309000e+02
    endloop
  endfacet
  facet normal 0.000000e+00 -1.000000e+00 0.000000e+00
    outer loop
      vertex   -1.636340e+02 9.150000e+01 2.340876e+02
      vertex   -1.635740e+02 9.150000e+01 2.322858e+02
      vertex   -1.632926e+02 9.150000e+01 2.323712e+02
    endloop
  endfacet
  facet normal 0.000000e+00 -1.000000e+00 0.000000e+00
    outer loop
      vertex   -1.636340e+02 9.150000e+01 2.340876e+02
      vertex   -1.632926e+02 9.150000e+01 2.323712e+02
      vertex   -1.630000e+02 9.150000e+01 2.324000e+02
    endloop
  endfacet
  facet normal 0.000000e+00 -1.000000e+00 0.000000e+00
    outer loop
      vertex   -1.636340e+02 9.150000e+01 2.340876e+02
      vertex   -1.630000e+02 9.150000e+01 2.324000e+02
      vertex   -1.630000e+02 9.150000e+01 2.341500e+02
    endloop
  endfacet
  facet normal 0.000000e+00 -1.000000e+00 -0.000000e+00
    outer loop
      vertex   -1.660026e+02 9.150000e+01 2.321437e+02
      vertex   -1.661876e+02 9.150000e+01 2.315340e+02
      vertex   -1.643858e+02 9.150000e+01 2.314740e+02
    endloop
  endfacet
  facet normal 0.000000e+00 -1.000000e+00 0.000000e+00
    outer loop
      vertex   -1.642437e+02 9.150000e+01 2.339026e+02
      vertex   -1.638334e+02 9.150000e+01 2.321472e+02
      vertex   -1.635740e+02 9.150000e+01 2.322858e+02
    endloop
  endfacet
  facet normal 0.000000e+00 -1.000000e+00 0.000000e+00
    outer loop
      vertex   -1.642437e+02 9.150000e+01 2.339026e+02
      vertex   -1.635740e+02 9.150000e+01 2.322858e+02
      vertex   -1.636340e+02 9.150000e+01 2.340876e+02
    endloop
  endfacet
  facet normal 0.000000e+00 -1.000000e+00 0.000000e+00
    outer loop
      vertex   -1.657023e+02 9.150000e+01 2.327056e+02
      vertex   -1.643858e+02 9.150000e+01 2.314740e+02
      vertex   -1.642472e+02 9.150000e+01 2.317334e+02
    endloop
  endfacet
  facet normal 0.000000e+00 -1.000000e+00 -0.000000e+00
    outer loop
      vertex   -1.657023e+02 9.150000e+01 2.327056e+02
      vertex   -1.660026e+02 9.150000e+01 2.321437e+02
      vertex   -1.643858e+02 9.150000e+01 2.314740e+02
    endloop
  endfacet
  facet normal 0.000000e+00 -1.000000e+00 0.000000e+00
    outer loop
      vertex   -1.648056e+02 9.150000e+01 2.336023e+02
      vertex   -1.638334e+02 9.150000e+01 2.321472e+02
      vertex   -1.642437e+02 9.150000e+01 2.339026e+02
    endloop
  endfacet
  facet normal 0.000000e+00 -1.000000e+00 0.000000e+00
    outer loop
      vertex   -1.652981e+02 9.150000e+01 2.331981e+02
      vertex   -1.642472e+02 9.150000e+01 2.317334e+02
      vertex   -1.640607e+02 9.150000e+01 2.319607e+02
    endloop
  endfacet
  facet normal 0.000000e+00 -1.000000e+00 0.000000e+00
    outer loop
      vertex   -1.652981e+02 9.150000e+01 2.331981e+02
      vertex   -1.640607e+02 9.150000e+01 2.319607e+02
      vertex   -1.638334e+02 9.150000e+01 2.321472e+02
    endloop
  endfacet
  facet normal 0.000000e+00 -1.000000e+00 -0.000000e+00
    outer loop
      vertex   -1.652981e+02 9.150000e+01 2.331981e+02
      vertex   -1.657023e+02 9.150000e+01 2.327056e+02
      vertex   -1.642472e+02 9.150000e+01 2.317334e+02
    endloop
  endfacet
  facet normal 0.000000e+00 -1.000000e+00 0.000000e+00
    outer loop
      vertex   -1.652981e+02 9.150000e+01 2.331981e+02
      vertex   -1.638334e+02 9.150000e+01 2.321472e+02
      vertex   -1.648056e+02 9.150000e+01 2.336023e+02
    endloop
  endfacet
  facet normal 0.000000e+00 -1.000000e+00 0.000000e+00
    outer loop
      vertex   -1.357528e+02 9.150000e+01 2.300666e+02
      vertex   -1.347019e+02 9.150000e+01 2.286019e+02
      vertex   -1.342977e+02 9.150000e+01 2.290944e+02
    endloop
  endfacet
  facet normal 0.000000e+00 -1.000000e+00 -0.000000e+00
    outer loop
      vertex   -1.357528e+02 9.150000e+01 2.300666e+02
      vertex   -1.359393e+02 9.150000e+01 2.298393e+02
      vertex   -1.347019e+02 9.150000e+01 2.286019e+02
    endloop
  endfacet
  facet normal 0.000000e+00 -1.000000e+00 0.000000e+00
    outer loop
      vertex   -1.361666e+02 9.150000e+01 2.296528e+02
      vertex   -1.351944e+02 9.150000e+01 2.281977e+02
      vertex   -1.347019e+02 9.150000e+01 2.286019e+02
    endloop
  endfacet
  facet normal 0.000000e+00 -1.000000e+00 0.000000e+00
    outer loop
      vertex   -1.361666e+02 9.150000e+01 2.296528e+02
      vertex   -1.347019e+02 9.150000e+01 2.286019e+02
      vertex   -1.359393e+02 9.150000e+01 2.298393e+02
    endloop
  endfacet
  facet normal 0.000000e+00 -1.000000e+00 0.000000e+00
    outer loop
      vertex   -1.356142e+02 9.150000e+01 2.303260e+02
      vertex   -1.342977e+02 9.150000e+01 2.290944e+02
      vertex   -1.339974e+02 9.150000e+01 2.296563e+02
    endloop
  endfacet
  facet normal 0.000000e+00 -1.000000e+00 -0.000000e+00
    outer loop
      vertex   -1.356142e+02 9.150000e+01 2.303260e+02
      vertex   -1.357528e+02 9.150000e+01 2.300666e+02
      vertex   -1.342977e+02 9.150000e+01 2.290944e+02
    endloop
  endfacet
  facet normal 0.000000e+00 -1.000000e+00 0.000000e+00
    outer loop
      vertex   -1.364260e+02 9.150000e+01 2.295142e+02
      vertex   -1.357563e+02 9.150000e+01 2.278974e+02
      vertex   -1.351944e+02 9.150000e+01 2.281977e+02
    endloop
  endfacet
  facet normal 0.000000e+00 -1.000000e+00 0.000000e+00
    outer loop
      vertex   -1.364260e+02 9.150000e+01 2.295142e+02
      vertex   -1.351944e+02 9.150000e+01 2.281977e+02
      vertex   -1.361666e+02 9.150000e+01 2.296528e+02
    endloop
  endfacet
  facet normal 0.000000e+00 -1.000000e+00 0.000000e+00
    outer loop
      vertex   -1.355288e+02 9.150000e+01 2.306074e+02
      vertex   -1.339974e+02 9.150000e+01 2.296563e+02
      vertex   -1.338124e+02 9.150000e+01 2.302660e+02
    endloop
  endfacet
  facet normal 0.000000e+00 -1.000000e+00 -0.000000e+00
    outer loop
      vertex   -1.355288e+02 9.150000e+01 2.306074e+02
      vertex   -1.356142e+02 9.150000e+01 2.303260e+02
      vertex   -1.339974e+02 9.150000e+01 2.296563e+02
    endloop
  endfacet
  facet normal 0.000000e+00 -1.000000e+00 0.000000e+00
    outer loop
      vertex   -1.367074e+02 9.150000e+01 2.294288e+02
      vertex   -1.363660e+02 9.150000e+01 2.277125e+02
      vertex   -1.357563e+02 9.150000e+01 2.278974e+02
    endloop
  endfacet
  facet normal 0.000000e+00 -1.000000e+00 0.000000e+00
    outer loop
      vertex   -1.367074e+02 9.150000e+01 2.294288e+02
      vertex   -1.357563e+02 9.150000e+01 2.278974e+02
      vertex   -1.364260e+02 9.150000e+01 2.295142e+02
    endloop
  endfacet
  facet normal 0.000000e+00 -1.000000e+00 0.000000e+00
    outer loop
      vertex   -1.355000e+02 9.150000e+01 2.309000e+02
      vertex   -1.338124e+02 9.150000e+01 2.302660e+02
      vertex   -1.337500e+02 9.150000e+01 2.309000e+02
    endloop
  endfacet
  facet normal 0.000000e+00 -1.000000e+00 -0.000000e+00
    outer loop
      vertex   -1.355000e+02 9.150000e+01 2.309000e+02
      vertex   -1.355288e+02 9.150000e+01 2.306074e+02
      vertex   -1.338124e+02 9.150000e+01 2.302660e+02
    endloop
  endfacet
  facet normal 0.000000e+00 -1.000000e+00 0.000000e+00
    outer loop
      vertex   -1.370000e+02 9.150000e+01 2.294000e+02
      vertex   -1.370000e+02 9.150000e+01 2.276500e+02
      vertex   -1.363660e+02 9.150000e+01 2.277125e+02
    endloop
  endfacet
  facet normal 0.000000e+00 -1.000000e+00 0.000000e+00
    outer loop
      vertex   -1.370000e+02 9.150000e+01 2.294000e+02
      vertex   -1.363660e+02 9.150000e+01 2.277125e+02
      vertex   -1.367074e+02 9.150000e+01 2.294288e+02
    endloop
  endfacet
  facet normal 0.000000e+00 -1.000000e+00 0.000000e+00
    outer loop
      vertex   -1.355288e+02 9.150000e+01 2.311926e+02
      vertex   -1.337500e+02 9.150000e+01 2.309000e+02
      vertex   -1.338124e+02 9.150000e+01 2.315340e+02
    endloop
  endfacet
  facet normal 0.000000e+00 -1.000000e+00 0.000000e+00
    outer loop
      vertex   -1.355288e+02 9.150000e+01 2.311926e+02
      vertex   -1.355000e+02 9.150000e+01 2.309000e+02
      vertex   -1.337500e+02 9.150000e+01 2.309000e+02
    endloop
  endfacet
  facet normal 0.000000e+00 -1.000000e+00 0.000000e+00
    outer loop
      vertex   -1.372926e+02 9.150000e+01 2.294288e+02
      vertex   -1.370000e+02 9.150000e+01 2.276500e+02
      vertex   -1.370000e+02 9.150000e+01 2.294000e+02
    endloop
  endfacet
  facet normal 0.000000e+00 -1.000000e+00 -0.000000e+00
    outer loop
      vertex   -1.372926e+02 9.150000e+01 2.294288e+02
      vertex   -1.376340e+02 9.150000e+01 2.277125e+02
      vertex   -1.370000e+02 9.150000e+01 2.276500e+02
    endloop
  endfacet
  facet normal 0.000000e+00 -1.000000e+00 0.000000e+00
    outer loop
      vertex   -1.356142e+02 9.150000e+01 2.314740e+02
      vertex   -1.355288e+02 9.150000e+01 2.311926e+02
      vertex   -1.338124e+02 9.150000e+01 2.315340e+02
    endloop
  endfacet
  facet normal 0.000000e+00 -1.000000e+00 0.000000e+00
    outer loop
      vertex   -1.356142e+02 9.150000e+01 2.314740e+02
      vertex   -1.338124e+02 9.150000e+01 2.315340e+02
      vertex   -1.339974e+02 9.150000e+01 2.321437e+02
    endloop
  endfacet
  facet normal 0.000000e+00 -1.000000e+00 -0.000000e+00
    outer loop
      vertex   -1.375740e+02 9.150000e+01 2.295142e+02
      vertex   -1.376340e+02 9.150000e+01 2.277125e+02
      vertex   -1.372926e+02 9.150000e+01 2.294288e+02
    endloop
  endfacet
  facet normal 0.000000e+00 -1.000000e+00 0.000000e+00
    outer loop
      vertex   -1.375740e+02 9.150000e+01 2.295142e+02
      vertex   -1.382437e+02 9.150000e+01 2.278974e+02
      vertex   -1.376340e+02 9.150000e+01 2.277125e+02
    endloop
  endfacet
  facet normal 0.000000e+00 -1.000000e+00 0.000000e+00
    outer loop
      vertex   -1.375740e+02 9.150000e+01 2.295142e+02
      vertex   -1.388056e+02 9.150000e+01 2.281977e+02
      vertex   -1.382437e+02 9.150000e+01 2.278974e+02
    endloop
  endfacet
  facet normal 0.000000e+00 -1.000000e+00 0.000000e+00
    outer loop
      vertex   -1.357528e+02 9.150000e+01 2.317334e+02
      vertex   -1.339974e+02 9.150000e+01 2.321437e+02
      vertex   -1.342977e+02 9.150000e+01 2.327056e+02
    endloop
  endfacet
  facet normal 0.000000e+00 -1.000000e+00 0.000000e+00
    outer loop
      vertex   -1.357528e+02 9.150000e+01 2.317334e+02
      vertex   -1.356142e+02 9.150000e+01 2.314740e+02
      vertex   -1.339974e+02 9.150000e+01 2.321437e+02
    endloop
  endfacet
  facet normal 0.000000e+00 -1.000000e+00 -0.000000e+00
    outer loop
      vertex   -1.378334e+02 9.150000e+01 2.296528e+02
      vertex   -1.388056e+02 9.150000e+01 2.281977e+02
      vertex   -1.375740e+02 9.150000e+01 2.295142e+02
    endloop
  endfacet
  facet normal 0.000000e+00 -1.000000e+00 -0.000000e+00
    outer loop
      vertex   -1.347019e+02 9.150000e+01 2.331981e+02
      vertex   -1.357528e+02 9.150000e+01 2.317334e+02
      vertex   -1.342977e+02 9.150000e+01 2.327056e+02
    endloop
  endfacet
  facet normal 0.000000e+00 -1.000000e+00 0.000000e+00
    outer loop
      vertex   -1.347019e+02 9.150000e+01 2.331981e+02
      vertex   -1.359393e+02 9.150000e+01 2.319607e+02
      vertex   -1.357528e+02 9.150000e+01 2.317334e+02
    endloop
  endfacet
  facet normal 0.000000e+00 -1.000000e+00 -0.000000e+00
    outer loop
      vertex   -1.380607e+02 9.150000e+01 2.298393e+02
      vertex   -1.388056e+02 9.150000e+01 2.281977e+02
      vertex   -1.378334e+02 9.150000e+01 2.296528e+02
    endloop
  endfacet
  facet normal 0.000000e+00 -1.000000e+00 0.000000e+00
    outer loop
      vertex   -1.392981e+02 9.150000e+01 2.286019e+02
      vertex   -1.388056e+02 9.150000e+01 2.281977e+02
      vertex   -1.380607e+02 9.150000e+01 2.298393e+02
    endloop
  endfacet
  facet normal 0.000000e+00 -1.000000e+00 -0.000000e+00
    outer loop
      vertex   -1.351944e+02 9.150000e+01 2.336023e+02
      vertex   -1.359393e+02 9.150000e+01 2.319607e+02
      vertex   -1.347019e+02 9.150000e+01 2.331981e+02
    endloop
  endfacet
  facet normal 0.000000e+00 -1.000000e+00 0.000000e+00
    outer loop
      vertex   -1.351944e+02 9.150000e+01 2.336023e+02
      vertex   -1.364260e+02 9.150000e+01 2.322858e+02
      vertex   -1.361666e+02 9.150000e+01 2.321472e+02
    endloop
  endfacet
  facet normal 0.000000e+00 -1.000000e+00 0.000000e+00
    outer loop
      vertex   -1.351944e+02 9.150000e+01 2.336023e+02
      vertex   -1.361666e+02 9.150000e+01 2.321472e+02
      vertex   -1.359393e+02 9.150000e+01 2.319607e+02
    endloop
  endfacet
  facet normal 0.000000e+00 -1.000000e+00 0.000000e+00
    outer loop
      vertex   -1.397023e+02 9.150000e+01 2.290944e+02
      vertex   -1.392981e+02 9.150000e+01 2.286019e+02
      vertex   -1.380607e+02 9.150000e+01 2.298393e+02
    endloop
  endfacet
  facet normal 0.000000e+00 -1.000000e+00 0.000000e+00
    outer loop
      vertex   -1.397023e+02 9.150000e+01 2.290944e+02
      vertex   -1.380607e+02 9.150000e+01 2.298393e+02
      vertex   -1.382472e+02 9.150000e+01 2.300666e+02
    endloop
  endfacet
  facet normal 0.000000e+00 -1.000000e+00 0.000000e+00
    outer loop
      vertex   -1.397023e+02 9.150000e+01 2.290944e+02
      vertex   -1.382472e+02 9.150000e+01 2.300666e+02
      vertex   -1.383858e+02 9.150000e+01 2.303260e+02
    endloop
  endfacet
  facet normal 0.000000e+00 -1.000000e+00 -0.000000e+00
    outer loop
      vertex   -1.357563e+02 9.150000e+01 2.339026e+02
      vertex   -1.364260e+02 9.150000e+01 2.322858e+02
      vertex   -1.351944e+02 9.150000e+01 2.336023e+02
    endloop
  endfacet
  facet normal 0.000000e+00 -1.000000e+00 0.000000e+00
    outer loop
      vertex   -1.400026e+02 9.150000e+01 2.296563e+02
      vertex   -1.397023e+02 9.150000e+01 2.290944e+02
      vertex   -1.383858e+02 9.150000e+01 2.303260e+02
    endloop
  endfacet
  facet normal 0.000000e+00 -1.000000e+00 0.000000e+00
    outer loop
      vertex   -1.363660e+02 9.150000e+01 2.340876e+02
      vertex   -1.367074e+02 9.150000e+01 2.323712e+02
      vertex   -1.364260e+02 9.150000e+01 2.322858e+02
    endloop
  endfacet
  facet normal 0.000000e+00 -1.000000e+00 -0.000000e+00
    outer loop
      vertex   -1.363660e+02 9.150000e+01 2.340876e+02
      vertex   -1.364260e+02 9.150000e+01 2.322858e+02
      vertex   -1.357563e+02 9.150000e+01 2.339026e+02
    endloop
  endfacet
  facet normal 0.000000e+00 -1.000000e+00 0.000000e+00
    outer loop
      vertex   -1.401875e+02 9.150000e+01 2.302660e+02
      vertex   -1.400026e+02 9.150000e+01 2.296563e+02
      vertex   -1.383858e+02 9.150000e+01 2.303260e+02
    endloop
  endfacet
  facet normal 0.000000e+00 -1.000000e+00 0.000000e+00
    outer loop
      vertex   -1.401875e+02 9.150000e+01 2.302660e+02
      vertex   -1.383858e+02 9.150000e+01 2.303260e+02
      vertex   -1.384712e+02 9.150000e+01 2.306074e+02
    endloop
  endfacet
  facet normal 0.000000e+00 -1.000000e+00 0.000000e+00
    outer loop
      vertex   -1.402500e+02 9.150000e+01 2.309000e+02
      vertex   -1.384712e+02 9.150000e+01 2.306074e+02
      vertex   -1.385000e+02 9.150000e+01 2.309000e+02
    endloop
  endfacet
  facet normal 0.000000e+00 -1.000000e+00 0.000000e+00
    outer loop
      vertex   -1.402500e+02 9.150000e+01 2.309000e+02
      vertex   -1.401875e+02 9.150000e+01 2.302660e+02
      vertex   -1.384712e+02 9.150000e+01 2.306074e+02
    endloop
  endfacet
  facet normal 0.000000e+00 -1.000000e+00 0.000000e+00
    outer loop
      vertex   -1.370000e+02 9.150000e+01 2.341500e+02
      vertex   -1.370000e+02 9.150000e+01 2.324000e+02
      vertex   -1.367074e+02 9.150000e+01 2.323712e+02
    endloop
  endfacet
  facet normal 0.000000e+00 -1.000000e+00 0.000000e+00
    outer loop
      vertex   -1.370000e+02 9.150000e+01 2.341500e+02
      vertex   -1.367074e+02 9.150000e+01 2.323712e+02
      vertex   -1.363660e+02 9.150000e+01 2.340876e+02
    endloop
  endfacet
  facet normal 0.000000e+00 -1.000000e+00 0.000000e+00
    outer loop
      vertex   -1.401875e+02 9.150000e+01 2.315340e+02
      vertex   -1.385000e+02 9.150000e+01 2.309000e+02
      vertex   -1.384712e+02 9.150000e+01 2.311926e+02
    endloop
  endfacet
  facet normal 0.000000e+00 -1.000000e+00 0.000000e+00
    outer loop
      vertex   -1.401875e+02 9.150000e+01 2.315340e+02
      vertex   -1.384712e+02 9.150000e+01 2.311926e+02
      vertex   -1.383858e+02 9.150000e+01 2.314740e+02
    endloop
  endfacet
  facet normal 0.000000e+00 -1.000000e+00 -0.000000e+00
    outer loop
      vertex   -1.401875e+02 9.150000e+01 2.315340e+02
      vertex   -1.402500e+02 9.150000e+01 2.309000e+02
      vertex   -1.385000e+02 9.150000e+01 2.309000e+02
    endloop
  endfacet
  facet normal 0.000000e+00 -1.000000e+00 0.000000e+00
    outer loop
      vertex   -1.376340e+02 9.150000e+01 2.340876e+02
      vertex   -1.375740e+02 9.150000e+01 2.322858e+02
      vertex   -1.372926e+02 9.150000e+01 2.323712e+02
    endloop
  endfacet
  facet normal 0.000000e+00 -1.000000e+00 0.000000e+00
    outer loop
      vertex   -1.376340e+02 9.150000e+01 2.340876e+02
      vertex   -1.372926e+02 9.150000e+01 2.323712e+02
      vertex   -1.370000e+02 9.150000e+01 2.324000e+02
    endloop
  endfacet
  facet normal 0.000000e+00 -1.000000e+00 0.000000e+00
    outer loop
      vertex   -1.376340e+02 9.150000e+01 2.340876e+02
      vertex   -1.370000e+02 9.150000e+01 2.324000e+02
      vertex   -1.370000e+02 9.150000e+01 2.341500e+02
    endloop
  endfacet
  facet normal 0.000000e+00 -1.000000e+00 -0.000000e+00
    outer loop
      vertex   -1.400026e+02 9.150000e+01 2.321437e+02
      vertex   -1.401875e+02 9.150000e+01 2.315340e+02
      vertex   -1.383858e+02 9.150000e+01 2.314740e+02
    endloop
  endfacet
  facet normal 0.000000e+00 -1.000000e+00 0.000000e+00
    outer loop
      vertex   -1.382437e+02 9.150000e+01 2.339026e+02
      vertex   -1.378334e+02 9.150000e+01 2.321472e+02
      vertex   -1.375740e+02 9.150000e+01 2.322858e+02
    endloop
  endfacet
  facet normal 0.000000e+00 -1.000000e+00 0.000000e+00
    outer loop
      vertex   -1.382437e+02 9.150000e+01 2.339026e+02
      vertex   -1.375740e+02 9.150000e+01 2.322858e+02
      vertex   -1.376340e+02 9.150000e+01 2.340876e+02
    endloop
  endfacet
  facet normal 0.000000e+00 -1.000000e+00 0.000000e+00
    outer loop
      vertex   -1.397023e+02 9.150000e+01 2.327056e+02
      vertex   -1.383858e+02 9.150000e+01 2.314740e+02
      vertex   -1.382472e+02 9.150000e+01 2.317334e+02
    endloop
  endfacet
  facet normal 0.000000e+00 -1.000000e+00 -0.000000e+00
    outer loop
      vertex   -1.397023e+02 9.150000e+01 2.327056e+02
      vertex   -1.400026e+02 9.150000e+01 2.321437e+02
      vertex   -1.383858e+02 9.150000e+01 2.314740e+02
    endloop
  endfacet
  facet normal 0.000000e+00 -1.000000e+00 0.000000e+00
    outer loop
      vertex   -1.388056e+02 9.150000e+01 2.336023e+02
      vertex   -1.378334e+02 9.150000e+01 2.321472e+02
      vertex   -1.382437e+02 9.150000e+01 2.339026e+02
    endloop
  endfacet
  facet normal 0.000000e+00 -1.000000e+00 0.000000e+00
    outer loop
      vertex   -1.392981e+02 9.150000e+01 2.331981e+02
      vertex   -1.382472e+02 9.150000e+01 2.317334e+02
      vertex   -1.380607e+02 9.150000e+01 2.319607e+02
    endloop
  endfacet
  facet normal 0.000000e+00 -1.000000e+00 0.000000e+00
    outer loop
      vertex   -1.392981e+02 9.150000e+01 2.331981e+02
      vertex   -1.380607e+02 9.150000e+01 2.319607e+02
      vertex   -1.378334e+02 9.150000e+01 2.321472e+02
    endloop
  endfacet
  facet normal 0.000000e+00 -1.000000e+00 -0.000000e+00
    outer loop
      vertex   -1.392981e+02 9.150000e+01 2.331981e+02
      vertex   -1.397023e+02 9.150000e+01 2.327056e+02
      vertex   -1.382472e+02 9.150000e+01 2.317334e+02
    endloop
  endfacet
  facet normal 0.000000e+00 -1.000000e+00 0.000000e+00
    outer loop
      vertex   -1.392981e+02 9.150000e+01 2.331981e+02
      vertex   -1.378334e+02 9.150000e+01 2.321472e+02
      vertex   -1.388056e+02 9.150000e+01 2.336023e+02
    endloop
  endfacet
  facet normal 0.000000e+00 -1.000000e+00 0.000000e+00
    outer loop
      vertex   -1.617528e+02 9.150000e+01 2.040667e+02
      vertex   -1.607019e+02 9.150000e+01 2.026019e+02
      vertex   -1.602977e+02 9.150000e+01 2.030944e+02
    endloop
  endfacet
  facet normal 0.000000e+00 -1.000000e+00 -0.000000e+00
    outer loop
      vertex   -1.617528e+02 9.150000e+01 2.040667e+02
      vertex   -1.619393e+02 9.150000e+01 2.038393e+02
      vertex   -1.607019e+02 9.150000e+01 2.026019e+02
    endloop
  endfacet
  facet normal 0.000000e+00 -1.000000e+00 0.000000e+00
    outer loop
      vertex   -1.621666e+02 9.150000e+01 2.036528e+02
      vertex   -1.611944e+02 9.150000e+01 2.021977e+02
      vertex   -1.607019e+02 9.150000e+01 2.026019e+02
    endloop
  endfacet
  facet normal 0.000000e+00 -1.000000e+00 0.000000e+00
    outer loop
      vertex   -1.621666e+02 9.150000e+01 2.036528e+02
      vertex   -1.607019e+02 9.150000e+01 2.026019e+02
      vertex   -1.619393e+02 9.150000e+01 2.038393e+02
    endloop
  endfacet
  facet normal 0.000000e+00 -1.000000e+00 0.000000e+00
    outer loop
      vertex   -1.616142e+02 9.150000e+01 2.043260e+02
      vertex   -1.602977e+02 9.150000e+01 2.030944e+02
      vertex   -1.599974e+02 9.150000e+01 2.036563e+02
    endloop
  endfacet
  facet normal 0.000000e+00 -1.000000e+00 -0.000000e+00
    outer loop
      vertex   -1.616142e+02 9.150000e+01 2.043260e+02
      vertex   -1.617528e+02 9.150000e+01 2.040667e+02
      vertex   -1.602977e+02 9.150000e+01 2.030944e+02
    endloop
  endfacet
  facet normal 0.000000e+00 -1.000000e+00 0.000000e+00
    outer loop
      vertex   -1.624260e+02 9.150000e+01 2.035142e+02
      vertex   -1.617563e+02 9.150000e+01 2.018974e+02
      vertex   -1.611944e+02 9.150000e+01 2.021977e+02
    endloop
  endfacet
  facet normal 0.000000e+00 -1.000000e+00 0.000000e+00
    outer loop
      vertex   -1.624260e+02 9.150000e+01 2.035142e+02
      vertex   -1.611944e+02 9.150000e+01 2.021977e+02
      vertex   -1.621666e+02 9.150000e+01 2.036528e+02
    endloop
  endfacet
  facet normal 0.000000e+00 -1.000000e+00 0.000000e+00
    outer loop
      vertex   -1.615288e+02 9.150000e+01 2.046074e+02
      vertex   -1.599974e+02 9.150000e+01 2.036563e+02
      vertex   -1.598125e+02 9.150000e+01 2.042660e+02
    endloop
  endfacet
  facet normal 0.000000e+00 -1.000000e+00 -0.000000e+00
    outer loop
      vertex   -1.615288e+02 9.150000e+01 2.046074e+02
      vertex   -1.616142e+02 9.150000e+01 2.043260e+02
      vertex   -1.599974e+02 9.150000e+01 2.036563e+02
    endloop
  endfacet
  facet normal 0.000000e+00 -1.000000e+00 0.000000e+00
    outer loop
      vertex   -1.627074e+02 9.150000e+01 2.034288e+02
      vertex   -1.623660e+02 9.150000e+01 2.017125e+02
      vertex   -1.617563e+02 9.150000e+01 2.018974e+02
    endloop
  endfacet
  facet normal 0.000000e+00 -1.000000e+00 0.000000e+00
    outer loop
      vertex   -1.627074e+02 9.150000e+01 2.034288e+02
      vertex   -1.617563e+02 9.150000e+01 2.018974e+02
      vertex   -1.624260e+02 9.150000e+01 2.035142e+02
    endloop
  endfacet
  facet normal 0.000000e+00 -1.000000e+00 0.000000e+00
    outer loop
      vertex   -1.615000e+02 9.150000e+01 2.049000e+02
      vertex   -1.598125e+02 9.150000e+01 2.042660e+02
      vertex   -1.597500e+02 9.150000e+01 2.049000e+02
    endloop
  endfacet
  facet normal 0.000000e+00 -1.000000e+00 -0.000000e+00
    outer loop
      vertex   -1.615000e+02 9.150000e+01 2.049000e+02
      vertex   -1.615288e+02 9.150000e+01 2.046074e+02
      vertex   -1.598125e+02 9.150000e+01 2.042660e+02
    endloop
  endfacet
  facet normal 0.000000e+00 -1.000000e+00 0.000000e+00
    outer loop
      vertex   -1.630000e+02 9.150000e+01 2.034000e+02
      vertex   -1.630000e+02 9.150000e+01 2.016500e+02
      vertex   -1.623660e+02 9.150000e+01 2.017125e+02
    endloop
  endfacet
  facet normal 0.000000e+00 -1.000000e+00 0.000000e+00
    outer loop
      vertex   -1.630000e+02 9.150000e+01 2.034000e+02
      vertex   -1.623660e+02 9.150000e+01 2.017125e+02
      vertex   -1.627074e+02 9.150000e+01 2.034288e+02
    endloop
  endfacet
  facet normal 0.000000e+00 -1.000000e+00 0.000000e+00
    outer loop
      vertex   -1.615288e+02 9.150000e+01 2.051926e+02
      vertex   -1.597500e+02 9.150000e+01 2.049000e+02
      vertex   -1.598125e+02 9.150000e+01 2.055341e+02
    endloop
  endfacet
  facet normal 0.000000e+00 -1.000000e+00 0.000000e+00
    outer loop
      vertex   -1.615288e+02 9.150000e+01 2.051926e+02
      vertex   -1.615000e+02 9.150000e+01 2.049000e+02
      vertex   -1.597500e+02 9.150000e+01 2.049000e+02
    endloop
  endfacet
  facet normal 0.000000e+00 -1.000000e+00 0.000000e+00
    outer loop
      vertex   -1.632926e+02 9.150000e+01 2.034288e+02
      vertex   -1.630000e+02 9.150000e+01 2.016500e+02
      vertex   -1.630000e+02 9.150000e+01 2.034000e+02
    endloop
  endfacet
  facet normal 0.000000e+00 -1.000000e+00 -0.000000e+00
    outer loop
      vertex   -1.632926e+02 9.150000e+01 2.034288e+02
      vertex   -1.636340e+02 9.150000e+01 2.017125e+02
      vertex   -1.630000e+02 9.150000e+01 2.016500e+02
    endloop
  endfacet
  facet normal 0.000000e+00 -1.000000e+00 0.000000e+00
    outer loop
      vertex   -1.616142e+02 9.150000e+01 2.054740e+02
      vertex   -1.615288e+02 9.150000e+01 2.051926e+02
      vertex   -1.598125e+02 9.150000e+01 2.055341e+02
    endloop
  endfacet
  facet normal 0.000000e+00 -1.000000e+00 0.000000e+00
    outer loop
      vertex   -1.616142e+02 9.150000e+01 2.054740e+02
      vertex   -1.598125e+02 9.150000e+01 2.055341e+02
      vertex   -1.599974e+02 9.150000e+01 2.061437e+02
    endloop
  endfacet
  facet normal 0.000000e+00 -1.000000e+00 -0.000000e+00
    outer loop
      vertex   -1.635740e+02 9.150000e+01 2.035142e+02
      vertex   -1.636340e+02 9.150000e+01 2.017125e+02
      vertex   -1.632926e+02 9.150000e+01 2.034288e+02
    endloop
  endfacet
  facet normal 0.000000e+00 -1.000000e+00 0.000000e+00
    outer loop
      vertex   -1.635740e+02 9.150000e+01 2.035142e+02
      vertex   -1.642437e+02 9.150000e+01 2.018974e+02
      vertex   -1.636340e+02 9.150000e+01 2.017125e+02
    endloop
  endfacet
  facet normal 0.000000e+00 -1.000000e+00 0.000000e+00
    outer loop
      vertex   -1.635740e+02 9.150000e+01 2.035142e+02
      vertex   -1.648056e+02 9.150000e+01 2.021977e+02
      vertex   -1.642437e+02 9.150000e+01 2.018974e+02
    endloop
  endfacet
  facet normal 0.000000e+00 -1.000000e+00 0.000000e+00
    outer loop
      vertex   -1.617528e+02 9.150000e+01 2.057334e+02
      vertex   -1.599974e+02 9.150000e+01 2.061437e+02
      vertex   -1.602977e+02 9.150000e+01 2.067056e+02
    endloop
  endfacet
  facet normal 0.000000e+00 -1.000000e+00 0.000000e+00
    outer loop
      vertex   -1.617528e+02 9.150000e+01 2.057334e+02
      vertex   -1.616142e+02 9.150000e+01 2.054740e+02
      vertex   -1.599974e+02 9.150000e+01 2.061437e+02
    endloop
  endfacet
  facet normal 0.000000e+00 -1.000000e+00 -0.000000e+00
    outer loop
      vertex   -1.638334e+02 9.150000e+01 2.036528e+02
      vertex   -1.648056e+02 9.150000e+01 2.021977e+02
      vertex   -1.635740e+02 9.150000e+01 2.035142e+02
    endloop
  endfacet
  facet normal 0.000000e+00 -1.000000e+00 -0.000000e+00
    outer loop
      vertex   -1.607019e+02 9.150000e+01 2.071981e+02
      vertex   -1.617528e+02 9.150000e+01 2.057334e+02
      vertex   -1.602977e+02 9.150000e+01 2.067056e+02
    endloop
  endfacet
  facet normal 0.000000e+00 -1.000000e+00 0.000000e+00
    outer loop
      vertex   -1.607019e+02 9.150000e+01 2.071981e+02
      vertex   -1.619393e+02 9.150000e+01 2.059607e+02
      vertex   -1.617528e+02 9.150000e+01 2.057334e+02
    endloop
  endfacet
  facet normal 0.000000e+00 -1.000000e+00 -0.000000e+00
    outer loop
      vertex   -1.640607e+02 9.150000e+01 2.038393e+02
      vertex   -1.648056e+02 9.150000e+01 2.021977e+02
      vertex   -1.638334e+02 9.150000e+01 2.036528e+02
    endloop
  endfacet
  facet normal 0.000000e+00 -1.000000e+00 0.000000e+00
    outer loop
      vertex   -1.652981e+02 9.150000e+01 2.026019e+02
      vertex   -1.648056e+02 9.150000e+01 2.021977e+02
      vertex   -1.640607e+02 9.150000e+01 2.038393e+02
    endloop
  endfacet
  facet normal 0.000000e+00 -1.000000e+00 -0.000000e+00
    outer loop
      vertex   -1.611944e+02 9.150000e+01 2.076023e+02
      vertex   -1.619393e+02 9.150000e+01 2.059607e+02
      vertex   -1.607019e+02 9.150000e+01 2.071981e+02
    endloop
  endfacet
  facet normal 0.000000e+00 -1.000000e+00 0.000000e+00
    outer loop
      vertex   -1.611944e+02 9.150000e+01 2.076023e+02
      vertex   -1.624260e+02 9.150000e+01 2.062858e+02
      vertex   -1.621666e+02 9.150000e+01 2.061472e+02
    endloop
  endfacet
  facet normal 0.000000e+00 -1.000000e+00 0.000000e+00
    outer loop
      vertex   -1.611944e+02 9.150000e+01 2.076023e+02
      vertex   -1.621666e+02 9.150000e+01 2.061472e+02
      vertex   -1.619393e+02 9.150000e+01 2.059607e+02
    endloop
  endfacet
  facet normal 0.000000e+00 -1.000000e+00 0.000000e+00
    outer loop
      vertex   -1.657023e+02 9.150000e+01 2.030944e+02
      vertex   -1.652981e+02 9.150000e+01 2.026019e+02
      vertex   -1.640607e+02 9.150000e+01 2.038393e+02
    endloop
  endfacet
  facet normal 0.000000e+00 -1.000000e+00 0.000000e+00
    outer loop
      vertex   -1.657023e+02 9.150000e+01 2.030944e+02
      vertex   -1.640607e+02 9.150000e+01 2.038393e+02
      vertex   -1.642472e+02 9.150000e+01 2.040667e+02
    endloop
  endfacet
  facet normal 0.000000e+00 -1.000000e+00 0.000000e+00
    outer loop
      vertex   -1.657023e+02 9.150000e+01 2.030944e+02
      vertex   -1.642472e+02 9.150000e+01 2.040667e+02
      vertex   -1.643858e+02 9.150000e+01 2.043260e+02
    endloop
  endfacet
  facet normal 0.000000e+00 -1.000000e+00 -0.000000e+00
    outer loop
      vertex   -1.617563e+02 9.150000e+01 2.079026e+02
      vertex   -1.624260e+02 9.150000e+01 2.062858e+02
      vertex   -1.611944e+02 9.150000e+01 2.076023e+02
    endloop
  endfacet
  facet normal 0.000000e+00 -1.000000e+00 0.000000e+00
    outer loop
      vertex   -1.660026e+02 9.150000e+01 2.036563e+02
      vertex   -1.657023e+02 9.150000e+01 2.030944e+02
      vertex   -1.643858e+02 9.150000e+01 2.043260e+02
    endloop
  endfacet
  facet normal 0.000000e+00 -1.000000e+00 0.000000e+00
    outer loop
      vertex   -1.623660e+02 9.150000e+01 2.080876e+02
      vertex   -1.627074e+02 9.150000e+01 2.063712e+02
      vertex   -1.624260e+02 9.150000e+01 2.062858e+02
    endloop
  endfacet
  facet normal 0.000000e+00 -1.000000e+00 -0.000000e+00
    outer loop
      vertex   -1.623660e+02 9.150000e+01 2.080876e+02
      vertex   -1.624260e+02 9.150000e+01 2.062858e+02
      vertex   -1.617563e+02 9.150000e+01 2.079026e+02
    endloop
  endfacet
  facet normal 0.000000e+00 -1.000000e+00 0.000000e+00
    outer loop
      vertex   -1.661876e+02 9.150000e+01 2.042660e+02
      vertex   -1.660026e+02 9.150000e+01 2.036563e+02
      vertex   -1.643858e+02 9.150000e+01 2.043260e+02
    endloop
  endfacet
  facet normal 0.000000e+00 -1.000000e+00 0.000000e+00
    outer loop
      vertex   -1.661876e+02 9.150000e+01 2.042660e+02
      vertex   -1.643858e+02 9.150000e+01 2.043260e+02
      vertex   -1.644712e+02 9.150000e+01 2.046074e+02
    endloop
  endfacet
  facet normal 0.000000e+00 -1.000000e+00 0.000000e+00
    outer loop
      vertex   -1.662500e+02 9.150000e+01 2.049000e+02
      vertex   -1.644712e+02 9.150000e+01 2.046074e+02
      vertex   -1.645000e+02 9.150000e+01 2.049000e+02
    endloop
  endfacet
  facet normal 0.000000e+00 -1.000000e+00 0.000000e+00
    outer loop
      vertex   -1.662500e+02 9.150000e+01 2.049000e+02
      vertex   -1.661876e+02 9.150000e+01 2.042660e+02
      vertex   -1.644712e+02 9.150000e+01 2.046074e+02
    endloop
  endfacet
  facet normal 0.000000e+00 -1.000000e+00 0.000000e+00
    outer loop
      vertex   -1.630000e+02 9.150000e+01 2.081500e+02
      vertex   -1.630000e+02 9.150000e+01 2.064000e+02
      vertex   -1.627074e+02 9.150000e+01 2.063712e+02
    endloop
  endfacet
  facet normal 0.000000e+00 -1.000000e+00 0.000000e+00
    outer loop
      vertex   -1.630000e+02 9.150000e+01 2.081500e+02
      vertex   -1.627074e+02 9.150000e+01 2.063712e+02
      vertex   -1.623660e+02 9.150000e+01 2.080876e+02
    endloop
  endfacet
  facet normal 0.000000e+00 -1.000000e+00 0.000000e+00
    outer loop
      vertex   -1.661876e+02 9.150000e+01 2.055341e+02
      vertex   -1.645000e+02 9.150000e+01 2.049000e+02
      vertex   -1.644712e+02 9.150000e+01 2.051926e+02
    endloop
  endfacet
  facet normal 0.000000e+00 -1.000000e+00 0.000000e+00
    outer loop
      vertex   -1.661876e+02 9.150000e+01 2.055341e+02
      vertex   -1.644712e+02 9.150000e+01 2.051926e+02
      vertex   -1.643858e+02 9.150000e+01 2.054740e+02
    endloop
  endfacet
  facet normal 0.000000e+00 -1.000000e+00 -0.000000e+00
    outer loop
      vertex   -1.661876e+02 9.150000e+01 2.055341e+02
      vertex   -1.662500e+02 9.150000e+01 2.049000e+02
      vertex   -1.645000e+02 9.150000e+01 2.049000e+02
    endloop
  endfacet
  facet normal 0.000000e+00 -1.000000e+00 0.000000e+00
    outer loop
      vertex   -1.636340e+02 9.150000e+01 2.080876e+02
      vertex   -1.635740e+02 9.150000e+01 2.062858e+02
      vertex   -1.632926e+02 9.150000e+01 2.063712e+02
    endloop
  endfacet
  facet normal 0.000000e+00 -1.000000e+00 0.000000e+00
    outer loop
      vertex   -1.636340e+02 9.150000e+01 2.080876e+02
      vertex   -1.632926e+02 9.150000e+01 2.063712e+02
      vertex   -1.630000e+02 9.150000e+01 2.064000e+02
    endloop
  endfacet
  facet normal 0.000000e+00 -1.000000e+00 0.000000e+00
    outer loop
      vertex   -1.636340e+02 9.150000e+01 2.080876e+02
      vertex   -1.630000e+02 9.150000e+01 2.064000e+02
      vertex   -1.630000e+02 9.150000e+01 2.081500e+02
    endloop
  endfacet
  facet normal 0.000000e+00 -1.000000e+00 -0.000000e+00
    outer loop
      vertex   -1.660026e+02 9.150000e+01 2.061437e+02
      vertex   -1.661876e+02 9.150000e+01 2.055341e+02
      vertex   -1.643858e+02 9.150000e+01 2.054740e+02
    endloop
  endfacet
  facet normal 0.000000e+00 -1.000000e+00 0.000000e+00
    outer loop
      vertex   -1.642437e+02 9.150000e+01 2.079026e+02
      vertex   -1.638334e+02 9.150000e+01 2.061472e+02
      vertex   -1.635740e+02 9.150000e+01 2.062858e+02
    endloop
  endfacet
  facet normal 0.000000e+00 -1.000000e+00 0.000000e+00
    outer loop
      vertex   -1.642437e+02 9.150000e+01 2.079026e+02
      vertex   -1.635740e+02 9.150000e+01 2.062858e+02
      vertex   -1.636340e+02 9.150000e+01 2.080876e+02
    endloop
  endfacet
  facet normal 0.000000e+00 -1.000000e+00 0.000000e+00
    outer loop
      vertex   -1.657023e+02 9.150000e+01 2.067056e+02
      vertex   -1.643858e+02 9.150000e+01 2.054740e+02
      vertex   -1.642472e+02 9.150000e+01 2.057334e+02
    endloop
  endfacet
  facet normal 0.000000e+00 -1.000000e+00 -0.000000e+00
    outer loop
      vertex   -1.657023e+02 9.150000e+01 2.067056e+02
      vertex   -1.660026e+02 9.150000e+01 2.061437e+02
      vertex   -1.643858e+02 9.150000e+01 2.054740e+02
    endloop
  endfacet
  facet normal 0.000000e+00 -1.000000e+00 0.000000e+00
    outer loop
      vertex   -1.648056e+02 9.150000e+01 2.076023e+02
      vertex   -1.638334e+02 9.150000e+01 2.061472e+02
      vertex   -1.642437e+02 9.150000e+01 2.079026e+02
    endloop
  endfacet
  facet normal 0.000000e+00 -1.000000e+00 0.000000e+00
    outer loop
      vertex   -1.652981e+02 9.150000e+01 2.071981e+02
      vertex   -1.642472e+02 9.150000e+01 2.057334e+02
      vertex   -1.640607e+02 9.150000e+01 2.059607e+02
    endloop
  endfacet
  facet normal 0.000000e+00 -1.000000e+00 0.000000e+00
    outer loop
      vertex   -1.652981e+02 9.150000e+01 2.071981e+02
      vertex   -1.640607e+02 9.150000e+01 2.059607e+02
      vertex   -1.638334e+02 9.150000e+01 2.061472e+02
    endloop
  endfacet
  facet normal 0.000000e+00 -1.000000e+00 -0.000000e+00
    outer loop
      vertex   -1.652981e+02 9.150000e+01 2.071981e+02
      vertex   -1.657023e+02 9.150000e+01 2.067056e+02
      vertex   -1.642472e+02 9.150000e+01 2.057334e+02
    endloop
  endfacet
  facet normal 0.000000e+00 -1.000000e+00 0.000000e+00
    outer loop
      vertex   -1.652981e+02 9.150000e+01 2.071981e+02
      vertex   -1.638334e+02 9.150000e+01 2.061472e+02
      vertex   -1.648056e+02 9.150000e+01 2.076023e+02
    endloop
  endfacet
  facet normal 0.000000e+00 -1.000000e+00 0.000000e+00
    outer loop
      vertex   -1.357528e+02 9.150000e+01 2.040667e+02
      vertex   -1.347019e+02 9.150000e+01 2.026019e+02
      vertex   -1.342977e+02 9.150000e+01 2.030944e+02
    endloop
  endfacet
  facet normal 0.000000e+00 -1.000000e+00 -0.000000e+00
    outer loop
      vertex   -1.357528e+02 9.150000e+01 2.040667e+02
      vertex   -1.359393e+02 9.150000e+01 2.038393e+02
      vertex   -1.347019e+02 9.150000e+01 2.026019e+02
    endloop
  endfacet
  facet normal 0.000000e+00 -1.000000e+00 0.000000e+00
    outer loop
      vertex   -1.361666e+02 9.150000e+01 2.036528e+02
      vertex   -1.351944e+02 9.150000e+01 2.021977e+02
      vertex   -1.347019e+02 9.150000e+01 2.026019e+02
    endloop
  endfacet
  facet normal 0.000000e+00 -1.000000e+00 0.000000e+00
    outer loop
      vertex   -1.361666e+02 9.150000e+01 2.036528e+02
      vertex   -1.347019e+02 9.150000e+01 2.026019e+02
      vertex   -1.359393e+02 9.150000e+01 2.038393e+02
    endloop
  endfacet
  facet normal 0.000000e+00 -1.000000e+00 0.000000e+00
    outer loop
      vertex   -1.356142e+02 9.150000e+01 2.043260e+02
      vertex   -1.342977e+02 9.150000e+01 2.030944e+02
      vertex   -1.339974e+02 9.150000e+01 2.036563e+02
    endloop
  endfacet
  facet normal 0.000000e+00 -1.000000e+00 -0.000000e+00
    outer loop
      vertex   -1.356142e+02 9.150000e+01 2.043260e+02
      vertex   -1.357528e+02 9.150000e+01 2.040667e+02
      vertex   -1.342977e+02 9.150000e+01 2.030944e+02
    endloop
  endfacet
  facet normal 0.000000e+00 -1.000000e+00 0.000000e+00
    outer loop
      vertex   -1.364260e+02 9.150000e+01 2.035142e+02
      vertex   -1.357563e+02 9.150000e+01 2.018974e+02
      vertex   -1.351944e+02 9.150000e+01 2.021977e+02
    endloop
  endfacet
  facet normal 0.000000e+00 -1.000000e+00 0.000000e+00
    outer loop
      vertex   -1.364260e+02 9.150000e+01 2.035142e+02
      vertex   -1.351944e+02 9.150000e+01 2.021977e+02
      vertex   -1.361666e+02 9.150000e+01 2.036528e+02
    endloop
  endfacet
  facet normal 0.000000e+00 -1.000000e+00 0.000000e+00
    outer loop
      vertex   -1.355288e+02 9.150000e+01 2.046074e+02
      vertex   -1.339974e+02 9.150000e+01 2.036563e+02
      vertex   -1.338124e+02 9.150000e+01 2.042660e+02
    endloop
  endfacet
  facet normal 0.000000e+00 -1.000000e+00 -0.000000e+00
    outer loop
      vertex   -1.355288e+02 9.150000e+01 2.046074e+02
      vertex   -1.356142e+02 9.150000e+01 2.043260e+02
      vertex   -1.339974e+02 9.150000e+01 2.036563e+02
    endloop
  endfacet
  facet normal 0.000000e+00 -1.000000e+00 0.000000e+00
    outer loop
      vertex   -1.367074e+02 9.150000e+01 2.034288e+02
      vertex   -1.363660e+02 9.150000e+01 2.017125e+02
      vertex   -1.357563e+02 9.150000e+01 2.018974e+02
    endloop
  endfacet
  facet normal 0.000000e+00 -1.000000e+00 0.000000e+00
    outer loop
      vertex   -1.367074e+02 9.150000e+01 2.034288e+02
      vertex   -1.357563e+02 9.150000e+01 2.018974e+02
      vertex   -1.364260e+02 9.150000e+01 2.035142e+02
    endloop
  endfacet
  facet normal 0.000000e+00 -1.000000e+00 0.000000e+00
    outer loop
      vertex   -1.355000e+02 9.150000e+01 2.049000e+02
      vertex   -1.338124e+02 9.150000e+01 2.042660e+02
      vertex   -1.337500e+02 9.150000e+01 2.049000e+02
    endloop
  endfacet
  facet normal 0.000000e+00 -1.000000e+00 -0.000000e+00
    outer loop
      vertex   -1.355000e+02 9.150000e+01 2.049000e+02
      vertex   -1.355288e+02 9.150000e+01 2.046074e+02
      vertex   -1.338124e+02 9.150000e+01 2.042660e+02
    endloop
  endfacet
  facet normal 0.000000e+00 -1.000000e+00 0.000000e+00
    outer loop
      vertex   -1.370000e+02 9.150000e+01 2.034000e+02
      vertex   -1.370000e+02 9.150000e+01 2.016500e+02
      vertex   -1.363660e+02 9.150000e+01 2.017125e+02
    endloop
  endfacet
  facet normal 0.000000e+00 -1.000000e+00 0.000000e+00
    outer loop
      vertex   -1.370000e+02 9.150000e+01 2.034000e+02
      vertex   -1.363660e+02 9.150000e+01 2.017125e+02
      vertex   -1.367074e+02 9.150000e+01 2.034288e+02
    endloop
  endfacet
  facet normal 0.000000e+00 -1.000000e+00 0.000000e+00
    outer loop
      vertex   -1.355288e+02 9.150000e+01 2.051926e+02
      vertex   -1.337500e+02 9.150000e+01 2.049000e+02
      vertex   -1.338124e+02 9.150000e+01 2.055341e+02
    endloop
  endfacet
  facet normal 0.000000e+00 -1.000000e+00 0.000000e+00
    outer loop
      vertex   -1.355288e+02 9.150000e+01 2.051926e+02
      vertex   -1.355000e+02 9.150000e+01 2.049000e+02
      vertex   -1.337500e+02 9.150000e+01 2.049000e+02
    endloop
  endfacet
  facet normal 0.000000e+00 -1.000000e+00 0.000000e+00
    outer loop
      vertex   -1.372926e+02 9.150000e+01 2.034288e+02
      vertex   -1.370000e+02 9.150000e+01 2.016500e+02
      vertex   -1.370000e+02 9.150000e+01 2.034000e+02
    endloop
  endfacet
  facet normal 0.000000e+00 -1.000000e+00 -0.000000e+00
    outer loop
      vertex   -1.372926e+02 9.150000e+01 2.034288e+02
      vertex   -1.376340e+02 9.150000e+01 2.017125e+02
      vertex   -1.370000e+02 9.150000e+01 2.016500e+02
    endloop
  endfacet
  facet normal 0.000000e+00 -1.000000e+00 0.000000e+00
    outer loop
      vertex   -1.356142e+02 9.150000e+01 2.054740e+02
      vertex   -1.355288e+02 9.150000e+01 2.051926e+02
      vertex   -1.338124e+02 9.150000e+01 2.055341e+02
    endloop
  endfacet
  facet normal 0.000000e+00 -1.000000e+00 0.000000e+00
    outer loop
      vertex   -1.356142e+02 9.150000e+01 2.054740e+02
      vertex   -1.338124e+02 9.150000e+01 2.055341e+02
      vertex   -1.339974e+02 9.150000e+01 2.061437e+02
    endloop
  endfacet
  facet normal 0.000000e+00 -1.000000e+00 -0.000000e+00
    outer loop
      vertex   -1.375740e+02 9.150000e+01 2.035142e+02
      vertex   -1.376340e+02 9.150000e+01 2.017125e+02
      vertex   -1.372926e+02 9.150000e+01 2.034288e+02
    endloop
  endfacet
  facet normal 0.000000e+00 -1.000000e+00 0.000000e+00
    outer loop
      vertex   -1.375740e+02 9.150000e+01 2.035142e+02
      vertex   -1.382437e+02 9.150000e+01 2.018974e+02
      vertex   -1.376340e+02 9.150000e+01 2.017125e+02
    endloop
  endfacet
  facet normal 0.000000e+00 -1.000000e+00 0.000000e+00
    outer loop
      vertex   -1.375740e+02 9.150000e+01 2.035142e+02
      vertex   -1.388056e+02 9.150000e+01 2.021977e+02
      vertex   -1.382437e+02 9.150000e+01 2.018974e+02
    endloop
  endfacet
  facet normal 0.000000e+00 -1.000000e+00 0.000000e+00
    outer loop
      vertex   -1.357528e+02 9.150000e+01 2.057334e+02
      vertex   -1.339974e+02 9.150000e+01 2.061437e+02
      vertex   -1.342977e+02 9.150000e+01 2.067056e+02
    endloop
  endfacet
  facet normal 0.000000e+00 -1.000000e+00 0.000000e+00
    outer loop
      vertex   -1.357528e+02 9.150000e+01 2.057334e+02
      vertex   -1.356142e+02 9.150000e+01 2.054740e+02
      vertex   -1.339974e+02 9.150000e+01 2.061437e+02
    endloop
  endfacet
  facet normal 0.000000e+00 -1.000000e+00 -0.000000e+00
    outer loop
      vertex   -1.378334e+02 9.150000e+01 2.036528e+02
      vertex   -1.388056e+02 9.150000e+01 2.021977e+02
      vertex   -1.375740e+02 9.150000e+01 2.035142e+02
    endloop
  endfacet
  facet normal 0.000000e+00 -1.000000e+00 -0.000000e+00
    outer loop
      vertex   -1.347019e+02 9.150000e+01 2.071981e+02
      vertex   -1.357528e+02 9.150000e+01 2.057334e+02
      vertex   -1.342977e+02 9.150000e+01 2.067056e+02
    endloop
  endfacet
  facet normal 0.000000e+00 -1.000000e+00 0.000000e+00
    outer loop
      vertex   -1.347019e+02 9.150000e+01 2.071981e+02
      vertex   -1.359393e+02 9.150000e+01 2.059607e+02
      vertex   -1.357528e+02 9.150000e+01 2.057334e+02
    endloop
  endfacet
  facet normal 0.000000e+00 -1.000000e+00 -0.000000e+00
    outer loop
      vertex   -1.380607e+02 9.150000e+01 2.038393e+02
      vertex   -1.388056e+02 9.150000e+01 2.021977e+02
      vertex   -1.378334e+02 9.150000e+01 2.036528e+02
    endloop
  endfacet
  facet normal 0.000000e+00 -1.000000e+00 0.000000e+00
    outer loop
      vertex   -1.392981e+02 9.150000e+01 2.026019e+02
      vertex   -1.388056e+02 9.150000e+01 2.021977e+02
      vertex   -1.380607e+02 9.150000e+01 2.038393e+02
    endloop
  endfacet
  facet normal 0.000000e+00 -1.000000e+00 -0.000000e+00
    outer loop
      vertex   -1.351944e+02 9.150000e+01 2.076023e+02
      vertex   -1.359393e+02 9.150000e+01 2.059607e+02
      vertex   -1.347019e+02 9.150000e+01 2.071981e+02
    endloop
  endfacet
  facet normal 0.000000e+00 -1.000000e+00 0.000000e+00
    outer loop
      vertex   -1.351944e+02 9.150000e+01 2.076023e+02
      vertex   -1.364260e+02 9.150000e+01 2.062858e+02
      vertex   -1.361666e+02 9.150000e+01 2.061472e+02
    endloop
  endfacet
  facet normal 0.000000e+00 -1.000000e+00 0.000000e+00
    outer loop
      vertex   -1.351944e+02 9.150000e+01 2.076023e+02
      vertex   -1.361666e+02 9.150000e+01 2.061472e+02
      vertex   -1.359393e+02 9.150000e+01 2.059607e+02
    endloop
  endfacet
  facet normal 0.000000e+00 -1.000000e+00 0.000000e+00
    outer loop
      vertex   -1.397023e+02 9.150000e+01 2.030944e+02
      vertex   -1.392981e+02 9.150000e+01 2.026019e+02
      vertex   -1.380607e+02 9.150000e+01 2.038393e+02
    endloop
  endfacet
  facet normal 0.000000e+00 -1.000000e+00 0.000000e+00
    outer loop
      vertex   -1.397023e+02 9.150000e+01 2.030944e+02
      vertex   -1.380607e+02 9.150000e+01 2.038393e+02
      vertex   -1.382472e+02 9.150000e+01 2.040667e+02
    endloop
  endfacet
  facet normal 0.000000e+00 -1.000000e+00 0.000000e+00
    outer loop
      vertex   -1.397023e+02 9.150000e+01 2.030944e+02
      vertex   -1.382472e+02 9.150000e+01 2.040667e+02
      vertex   -1.383858e+02 9.150000e+01 2.043260e+02
    endloop
  endfacet
  facet normal 0.000000e+00 -1.000000e+00 -0.000000e+00
    outer loop
      vertex   -1.357563e+02 9.150000e+01 2.079026e+02
      vertex   -1.364260e+02 9.150000e+01 2.062858e+02
      vertex   -1.351944e+02 9.150000e+01 2.076023e+02
    endloop
  endfacet
  facet normal 0.000000e+00 -1.000000e+00 0.000000e+00
    outer loop
      vertex   -1.400026e+02 9.150000e+01 2.036563e+02
      vertex   -1.397023e+02 9.150000e+01 2.030944e+02
      vertex   -1.383858e+02 9.150000e+01 2.043260e+02
    endloop
  endfacet
  facet normal 0.000000e+00 -1.000000e+00 0.000000e+00
    outer loop
      vertex   -1.363660e+02 9.150000e+01 2.080876e+02
      vertex   -1.367074e+02 9.150000e+01 2.063712e+02
      vertex   -1.364260e+02 9.150000e+01 2.062858e+02
    endloop
  endfacet
  facet normal 0.000000e+00 -1.000000e+00 -0.000000e+00
    outer loop
      vertex   -1.363660e+02 9.150000e+01 2.080876e+02
      vertex   -1.364260e+02 9.150000e+01 2.062858e+02
      vertex   -1.357563e+02 9.150000e+01 2.079026e+02
    endloop
  endfacet
  facet normal 0.000000e+00 -1.000000e+00 0.000000e+00
    outer loop
      vertex   -1.401875e+02 9.150000e+01 2.042660e+02
      vertex   -1.400026e+02 9.150000e+01 2.036563e+02
      vertex   -1.383858e+02 9.150000e+01 2.043260e+02
    endloop
  endfacet
  facet normal 0.000000e+00 -1.000000e+00 0.000000e+00
    outer loop
      vertex   -1.401875e+02 9.150000e+01 2.042660e+02
      vertex   -1.383858e+02 9.150000e+01 2.043260e+02
      vertex   -1.384712e+02 9.150000e+01 2.046074e+02
    endloop
  endfacet
  facet normal 0.000000e+00 -1.000000e+00 0.000000e+00
    outer loop
      vertex   -1.402500e+02 9.150000e+01 2.049000e+02
      vertex   -1.384712e+02 9.150000e+01 2.046074e+02
      vertex   -1.385000e+02 9.150000e+01 2.049000e+02
    endloop
  endfacet
  facet normal 0.000000e+00 -1.000000e+00 0.000000e+00
    outer loop
      vertex   -1.402500e+02 9.150000e+01 2.049000e+02
      vertex   -1.401875e+02 9.150000e+01 2.042660e+02
      vertex   -1.384712e+02 9.150000e+01 2.046074e+02
    endloop
  endfacet
  facet normal 0.000000e+00 -1.000000e+00 0.000000e+00
    outer loop
      vertex   -1.370000e+02 9.150000e+01 2.081500e+02
      vertex   -1.370000e+02 9.150000e+01 2.064000e+02
      vertex   -1.367074e+02 9.150000e+01 2.063712e+02
    endloop
  endfacet
  facet normal 0.000000e+00 -1.000000e+00 0.000000e+00
    outer loop
      vertex   -1.370000e+02 9.150000e+01 2.081500e+02
      vertex   -1.367074e+02 9.150000e+01 2.063712e+02
      vertex   -1.363660e+02 9.150000e+01 2.080876e+02
    endloop
  endfacet
  facet normal 0.000000e+00 -1.000000e+00 0.000000e+00
    outer loop
      vertex   -1.401875e+02 9.150000e+01 2.055341e+02
      vertex   -1.385000e+02 9.150000e+01 2.049000e+02
      vertex   -1.384712e+02 9.150000e+01 2.051926e+02
    endloop
  endfacet
  facet normal 0.000000e+00 -1.000000e+00 0.000000e+00
    outer loop
      vertex   -1.401875e+02 9.150000e+01 2.055341e+02
      vertex   -1.384712e+02 9.150000e+01 2.051926e+02
      vertex   -1.383858e+02 9.150000e+01 2.054740e+02
    endloop
  endfacet
  facet normal 0.000000e+00 -1.000000e+00 -0.000000e+00
    outer loop
      vertex   -1.401875e+02 9.150000e+01 2.055341e+02
      vertex   -1.402500e+02 9.150000e+01 2.049000e+02
      vertex   -1.385000e+02 9.150000e+01 2.049000e+02
    endloop
  endfacet
  facet normal 0.000000e+00 -1.000000e+00 0.000000e+00
    outer loop
      vertex   -1.376340e+02 9.150000e+01 2.080876e+02
      vertex   -1.375740e+02 9.150000e+01 2.062858e+02
      vertex   -1.372926e+02 9.150000e+01 2.063712e+02
    endloop
  endfacet
  facet normal 0.000000e+00 -1.000000e+00 0.000000e+00
    outer loop
      vertex   -1.376340e+02 9.150000e+01 2.080876e+02
      vertex   -1.372926e+02 9.150000e+01 2.063712e+02
      vertex   -1.370000e+02 9.150000e+01 2.064000e+02
    endloop
  endfacet
  facet normal 0.000000e+00 -1.000000e+00 0.000000e+00
    outer loop
      vertex   -1.376340e+02 9.150000e+01 2.080876e+02
      vertex   -1.370000e+02 9.150000e+01 2.064000e+02
      vertex   -1.370000e+02 9.150000e+01 2.081500e+02
    endloop
  endfacet
  facet normal 0.000000e+00 -1.000000e+00 -0.000000e+00
    outer loop
      vertex   -1.400026e+02 9.150000e+01 2.061437e+02
      vertex   -1.401875e+02 9.150000e+01 2.055341e+02
      vertex   -1.383858e+02 9.150000e+01 2.054740e+02
    endloop
  endfacet
  facet normal 0.000000e+00 -1.000000e+00 0.000000e+00
    outer loop
      vertex   -1.382437e+02 9.150000e+01 2.079026e+02
      vertex   -1.378334e+02 9.150000e+01 2.061472e+02
      vertex   -1.375740e+02 9.150000e+01 2.062858e+02
    endloop
  endfacet
  facet normal 0.000000e+00 -1.000000e+00 0.000000e+00
    outer loop
      vertex   -1.382437e+02 9.150000e+01 2.079026e+02
      vertex   -1.375740e+02 9.150000e+01 2.062858e+02
      vertex   -1.376340e+02 9.150000e+01 2.080876e+02
    endloop
  endfacet
  facet normal 0.000000e+00 -1.000000e+00 0.000000e+00
    outer loop
      vertex   -1.397023e+02 9.150000e+01 2.067056e+02
      vertex   -1.383858e+02 9.150000e+01 2.054740e+02
      vertex   -1.382472e+02 9.150000e+01 2.057334e+02
    endloop
  endfacet
  facet normal 0.000000e+00 -1.000000e+00 -0.000000e+00
    outer loop
      vertex   -1.397023e+02 9.150000e+01 2.067056e+02
      vertex   -1.400026e+02 9.150000e+01 2.061437e+02
      vertex   -1.383858e+02 9.150000e+01 2.054740e+02
    endloop
  endfacet
  facet normal 0.000000e+00 -1.000000e+00 0.000000e+00
    outer loop
      vertex   -1.388056e+02 9.150000e+01 2.076023e+02
      vertex   -1.378334e+02 9.150000e+01 2.061472e+02
      vertex   -1.382437e+02 9.150000e+01 2.079026e+02
    endloop
  endfacet
  facet normal 0.000000e+00 -1.000000e+00 0.000000e+00
    outer loop
      vertex   -1.392981e+02 9.150000e+01 2.071981e+02
      vertex   -1.382472e+02 9.150000e+01 2.057334e+02
      vertex   -1.380607e+02 9.150000e+01 2.059607e+02
    endloop
  endfacet
  facet normal 0.000000e+00 -1.000000e+00 0.000000e+00
    outer loop
      vertex   -1.392981e+02 9.150000e+01 2.071981e+02
      vertex   -1.380607e+02 9.150000e+01 2.059607e+02
      vertex   -1.378334e+02 9.150000e+01 2.061472e+02
    endloop
  endfacet
  facet normal 0.000000e+00 -1.000000e+00 -0.000000e+00
    outer loop
      vertex   -1.392981e+02 9.150000e+01 2.071981e+02
      vertex   -1.397023e+02 9.150000e+01 2.067056e+02
      vertex   -1.382472e+02 9.150000e+01 2.057334e+02
    endloop
  endfacet
  facet normal 0.000000e+00 -1.000000e+00 0.000000e+00
    outer loop
      vertex   -1.392981e+02 9.150000e+01 2.071981e+02
      vertex   -1.378334e+02 9.150000e+01 2.061472e+02
      vertex   -1.388056e+02 9.150000e+01 2.076023e+02
    endloop
  endfacet
  facet normal 9.951857e-01 0.000000e+00 -9.800727e-02
    outer loop
      vertex   -1.644712e+02 9.510000e+01 2.311926e+02
      vertex   -1.645000e+02 9.150000e+01 2.309000e+02
      vertex   -1.645000e+02 9.510000e+01 2.309000e+02
    endloop
  endfacet
  facet normal 9.951857e-01 0.000000e+00 -9.800727e-02
    outer loop
      vertex   -1.644712e+02 9.510000e+01 2.311926e+02
      vertex   -1.644712e+02 9.150000e+01 2.311926e+02
      vertex   -1.645000e+02 9.150000e+01 2.309000e+02
    endloop
  endfacet
  facet normal 9.569272e-01 0.000000e+00 -2.903278e-01
    outer loop
      vertex   -1.643858e+02 9.510000e+01 2.314740e+02
      vertex   -1.643858e+02 9.150000e+01 2.314740e+02
      vertex   -1.644712e+02 9.150000e+01 2.311926e+02
    endloop
  endfacet
  facet normal 9.569272e-01 0.000000e+00 -2.903278e-01
    outer loop
      vertex   -1.643858e+02 9.510000e+01 2.314740e+02
      vertex   -1.644712e+02 9.150000e+01 2.311926e+02
      vertex   -1.644712e+02 9.510000e+01 2.311926e+02
    endloop
  endfacet
  facet normal 8.819270e-01 0.000000e+00 -4.713860e-01
    outer loop
      vertex   -1.642472e+02 9.510000e+01 2.317334e+02
      vertex   -1.642472e+02 9.150000e+01 2.317334e+02
      vertex   -1.643858e+02 9.150000e+01 2.314740e+02
    endloop
  endfacet
  facet normal 8.819270e-01 0.000000e+00 -4.713860e-01
    outer loop
      vertex   -1.642472e+02 9.510000e+01 2.317334e+02
      vertex   -1.643858e+02 9.150000e+01 2.314740e+02
      vertex   -1.643858e+02 9.510000e+01 2.314740e+02
    endloop
  endfacet
  facet normal 7.730375e-01 0.000000e+00 -6.343603e-01
    outer loop
      vertex   -1.640607e+02 9.510000e+01 2.319607e+02
      vertex   -1.640607e+02 9.150000e+01 2.319607e+02
      vertex   -1.642472e+02 9.150000e+01 2.317334e+02
    endloop
  endfacet
  facet normal 7.730375e-01 0.000000e+00 -6.343603e-01
    outer loop
      vertex   -1.640607e+02 9.510000e+01 2.319607e+02
      vertex   -1.642472e+02 9.150000e+01 2.317334e+02
      vertex   -1.642472e+02 9.510000e+01 2.317334e+02
    endloop
  endfacet
  facet normal 6.343603e-01 0.000000e+00 -7.730375e-01
    outer loop
      vertex   -1.638334e+02 9.510000e+01 2.321472e+02
      vertex   -1.638334e+02 9.150000e+01 2.321472e+02
      vertex   -1.640607e+02 9.150000e+01 2.319607e+02
    endloop
  endfacet
  facet normal 4.713860e-01 0.000000e+00 -8.819270e-01
    outer loop
      vertex   -1.638334e+02 9.510000e+01 2.321472e+02
      vertex   -1.635740e+02 9.150000e+01 2.322858e+02
      vertex   -1.638334e+02 9.150000e+01 2.321472e+02
    endloop
  endfacet
  facet normal 6.343603e-01 0.000000e+00 -7.730375e-01
    outer loop
      vertex   -1.638334e+02 9.510000e+01 2.321472e+02
      vertex   -1.640607e+02 9.150000e+01 2.319607e+02
      vertex   -1.640607e+02 9.510000e+01 2.319607e+02
    endloop
  endfacet
  facet normal 4.713860e-01 0.000000e+00 -8.819270e-01
    outer loop
      vertex   -1.635740e+02 9.510000e+01 2.322858e+02
      vertex   -1.635740e+02 9.150000e+01 2.322858e+02
      vertex   -1.638334e+02 9.510000e+01 2.321472e+02
    endloop
  endfacet
  facet normal 2.903278e-01 0.000000e+00 -9.569272e-01
    outer loop
      vertex   -1.632926e+02 9.510000e+01 2.323712e+02
      vertex   -1.632926e+02 9.150000e+01 2.323712e+02
      vertex   -1.635740e+02 9.150000e+01 2.322858e+02
    endloop
  endfacet
  facet normal 2.903278e-01 0.000000e+00 -9.569272e-01
    outer loop
      vertex   -1.632926e+02 9.510000e+01 2.323712e+02
      vertex   -1.635740e+02 9.150000e+01 2.322858e+02
      vertex   -1.635740e+02 9.510000e+01 2.322858e+02
    endloop
  endfacet
  facet normal 9.800727e-02 0.000000e+00 -9.951857e-01
    outer loop
      vertex   -1.630000e+02 9.510000e+01 2.324000e+02
      vertex   -1.630000e+02 9.150000e+01 2.324000e+02
      vertex   -1.632926e+02 9.150000e+01 2.323712e+02
    endloop
  endfacet
  facet normal 9.800727e-02 0.000000e+00 -9.951857e-01
    outer loop
      vertex   -1.630000e+02 9.510000e+01 2.324000e+02
      vertex   -1.632926e+02 9.150000e+01 2.323712e+02
      vertex   -1.632926e+02 9.510000e+01 2.323712e+02
    endloop
  endfacet
  facet normal -9.801360e-02 0.000000e+00 -9.951851e-01
    outer loop
      vertex   -1.627074e+02 9.510000e+01 2.323712e+02
      vertex   -1.630000e+02 9.150000e+01 2.324000e+02
      vertex   -1.630000e+02 9.510000e+01 2.324000e+02
    endloop
  endfacet
  facet normal -9.801360e-02 -0.000000e+00 -9.951851e-01
    outer loop
      vertex   -1.627074e+02 9.510000e+01 2.323712e+02
      vertex   -1.627074e+02 9.150000e+01 2.323712e+02
      vertex   -1.630000e+02 9.150000e+01 2.324000e+02
    endloop
  endfacet
  facet normal -2.903278e-01 0.000000e+00 -9.569272e-01
    outer loop
      vertex   -1.624260e+02 9.510000e+01 2.322858e+02
      vertex   -1.627074e+02 9.150000e+01 2.323712e+02
      vertex   -1.627074e+02 9.510000e+01 2.323712e+02
    endloop
  endfacet
  facet normal -2.903278e-01 -0.000000e+00 -9.569272e-01
    outer loop
      vertex   -1.624260e+02 9.510000e+01 2.322858e+02
      vertex   -1.624260e+02 9.150000e+01 2.322858e+02
      vertex   -1.627074e+02 9.150000e+01 2.323712e+02
    endloop
  endfacet
  facet normal -4.713590e-01 -0.000000e+00 -8.819414e-01
    outer loop
      vertex   -1.624260e+02 9.510000e+01 2.322858e+02
      vertex   -1.621666e+02 9.150000e+01 2.321472e+02
      vertex   -1.624260e+02 9.150000e+01 2.322858e+02
    endloop
  endfacet
  facet normal -4.713590e-01 -0.000000e+00 -8.819414e-01
    outer loop
      vertex   -1.621666e+02 9.510000e+01 2.321472e+02
      vertex   -1.621666e+02 9.150000e+01 2.321472e+02
      vertex   -1.624260e+02 9.510000e+01 2.322858e+02
    endloop
  endfacet
  facet normal -6.343922e-01 0.000000e+00 -7.730114e-01
    outer loop
      vertex   -1.619393e+02 9.510000e+01 2.319607e+02
      vertex   -1.621666e+02 9.150000e+01 2.321472e+02
      vertex   -1.621666e+02 9.510000e+01 2.321472e+02
    endloop
  endfacet
  facet normal -6.343922e-01 -0.000000e+00 -7.730114e-01
    outer loop
      vertex   -1.619393e+02 9.510000e+01 2.319607e+02
      vertex   -1.619393e+02 9.150000e+01 2.319607e+02
      vertex   -1.621666e+02 9.150000e+01 2.321472e+02
    endloop
  endfacet
  facet normal -7.730375e-01 0.000000e+00 -6.343603e-01
    outer loop
      vertex   -1.617528e+02 9.510000e+01 2.317334e+02
      vertex   -1.619393e+02 9.150000e+01 2.319607e+02
      vertex   -1.619393e+02 9.510000e+01 2.319607e+02
    endloop
  endfacet
  facet normal -7.730375e-01 -0.000000e+00 -6.343603e-01
    outer loop
      vertex   -1.617528e+02 9.510000e+01 2.317334e+02
      vertex   -1.617528e+02 9.150000e+01 2.317334e+02
      vertex   -1.619393e+02 9.150000e+01 2.319607e+02
    endloop
  endfacet
  facet normal -8.819270e-01 0.000000e+00 -4.713860e-01
    outer loop
      vertex   -1.616142e+02 9.510000e+01 2.314740e+02
      vertex   -1.617528e+02 9.150000e+01 2.317334e+02
      vertex   -1.617528e+02 9.510000e+01 2.317334e+02
    endloop
  endfacet
  facet normal -8.819270e-01 -0.000000e+00 -4.713860e-01
    outer loop
      vertex   -1.616142e+02 9.510000e+01 2.314740e+02
      vertex   -1.616142e+02 9.150000e+01 2.314740e+02
      vertex   -1.617528e+02 9.150000e+01 2.317334e+02
    endloop
  endfacet
  facet normal -9.569272e-01 0.000000e+00 -2.903278e-01
    outer loop
      vertex   -1.615288e+02 9.510000e+01 2.311926e+02
      vertex   -1.616142e+02 9.150000e+01 2.314740e+02
      vertex   -1.616142e+02 9.510000e+01 2.314740e+02
    endloop
  endfacet
  facet normal -9.569272e-01 -0.000000e+00 -2.903278e-01
    outer loop
      vertex   -1.615288e+02 9.510000e+01 2.311926e+02
      vertex   -1.615288e+02 9.150000e+01 2.311926e+02
      vertex   -1.616142e+02 9.150000e+01 2.314740e+02
    endloop
  endfacet
  facet normal -9.951857e-01 0.000000e+00 -9.800727e-02
    outer loop
      vertex   -1.615000e+02 9.510000e+01 2.309000e+02
      vertex   -1.615288e+02 9.150000e+01 2.311926e+02
      vertex   -1.615288e+02 9.510000e+01 2.311926e+02
    endloop
  endfacet
  facet normal -9.951857e-01 -0.000000e+00 -9.800727e-02
    outer loop
      vertex   -1.615000e+02 9.510000e+01 2.309000e+02
      vertex   -1.615000e+02 9.150000e+01 2.309000e+02
      vertex   -1.615288e+02 9.150000e+01 2.311926e+02
    endloop
  endfacet
  facet normal -9.951851e-01 0.000000e+00 9.801360e-02
    outer loop
      vertex   -1.615288e+02 9.510000e+01 2.306074e+02
      vertex   -1.615000e+02 9.150000e+01 2.309000e+02
      vertex   -1.615000e+02 9.510000e+01 2.309000e+02
    endloop
  endfacet
  facet normal -9.951851e-01 0.000000e+00 9.801360e-02
    outer loop
      vertex   -1.615288e+02 9.510000e+01 2.306074e+02
      vertex   -1.615288e+02 9.150000e+01 2.306074e+02
      vertex   -1.615000e+02 9.150000e+01 2.309000e+02
    endloop
  endfacet
  facet normal -9.569272e-01 0.000000e+00 2.903278e-01
    outer loop
      vertex   -1.616142e+02 9.510000e+01 2.303260e+02
      vertex   -1.615288e+02 9.150000e+01 2.306074e+02
      vertex   -1.615288e+02 9.510000e+01 2.306074e+02
    endloop
  endfacet
  facet normal -9.569272e-01 0.000000e+00 2.903278e-01
    outer loop
      vertex   -1.616142e+02 9.510000e+01 2.303260e+02
      vertex   -1.616142e+02 9.150000e+01 2.303260e+02
      vertex   -1.615288e+02 9.150000e+01 2.306074e+02
    endloop
  endfacet
  facet normal -8.819414e-01 0.000000e+00 4.713590e-01
    outer loop
      vertex   -1.617528e+02 9.510000e+01 2.300666e+02
      vertex   -1.616142e+02 9.150000e+01 2.303260e+02
      vertex   -1.616142e+02 9.510000e+01 2.303260e+02
    endloop
  endfacet
  facet normal -8.819414e-01 0.000000e+00 4.713590e-01
    outer loop
      vertex   -1.617528e+02 9.510000e+01 2.300666e+02
      vertex   -1.617528e+02 9.150000e+01 2.300666e+02
      vertex   -1.616142e+02 9.150000e+01 2.303260e+02
    endloop
  endfacet
  facet normal -7.730114e-01 0.000000e+00 6.343922e-01
    outer loop
      vertex   -1.619393e+02 9.510000e+01 2.298393e+02
      vertex   -1.617528e+02 9.150000e+01 2.300666e+02
      vertex   -1.617528e+02 9.510000e+01 2.300666e+02
    endloop
  endfacet
  facet normal -7.730114e-01 0.000000e+00 6.343922e-01
    outer loop
      vertex   -1.619393e+02 9.510000e+01 2.298393e+02
      vertex   -1.619393e+02 9.150000e+01 2.298393e+02
      vertex   -1.617528e+02 9.150000e+01 2.300666e+02
    endloop
  endfacet
  facet normal -6.343922e-01 0.000000e+00 7.730114e-01
    outer loop
      vertex   -1.621666e+02 9.510000e+01 2.296528e+02
      vertex   -1.621666e+02 9.150000e+01 2.296528e+02
      vertex   -1.619393e+02 9.150000e+01 2.298393e+02
    endloop
  endfacet
  facet normal -6.343922e-01 0.000000e+00 7.730114e-01
    outer loop
      vertex   -1.621666e+02 9.510000e+01 2.296528e+02
      vertex   -1.619393e+02 9.150000e+01 2.298393e+02
      vertex   -1.619393e+02 9.510000e+01 2.298393e+02
    endloop
  endfacet
  facet normal -4.713590e-01 0.000000e+00 8.819414e-01
    outer loop
      vertex   -1.621666e+02 9.510000e+01 2.296528e+02
      vertex   -1.624260e+02 9.150000e+01 2.295142e+02
      vertex   -1.621666e+02 9.150000e+01 2.296528e+02
    endloop
  endfacet
  facet normal -4.713590e-01 0.000000e+00 8.819414e-01
    outer loop
      vertex   -1.624260e+02 9.510000e+01 2.295142e+02
      vertex   -1.624260e+02 9.150000e+01 2.295142e+02
      vertex   -1.621666e+02 9.510000e+01 2.296528e+02
    endloop
  endfacet
  facet normal -2.903278e-01 0.000000e+00 9.569272e-01
    outer loop
      vertex   -1.627074e+02 9.510000e+01 2.294288e+02
      vertex   -1.627074e+02 9.150000e+01 2.294288e+02
      vertex   -1.624260e+02 9.150000e+01 2.295142e+02
    endloop
  endfacet
  facet normal -2.903278e-01 0.000000e+00 9.569272e-01
    outer loop
      vertex   -1.627074e+02 9.510000e+01 2.294288e+02
      vertex   -1.624260e+02 9.150000e+01 2.295142e+02
      vertex   -1.624260e+02 9.510000e+01 2.295142e+02
    endloop
  endfacet
  facet normal -9.801360e-02 0.000000e+00 9.951851e-01
    outer loop
      vertex   -1.630000e+02 9.510000e+01 2.294000e+02
      vertex   -1.630000e+02 9.150000e+01 2.294000e+02
      vertex   -1.627074e+02 9.150000e+01 2.294288e+02
    endloop
  endfacet
  facet normal 9.800727e-02 0.000000e+00 9.951857e-01
    outer loop
      vertex   -1.630000e+02 9.510000e+01 2.294000e+02
      vertex   -1.632926e+02 9.150000e+01 2.294288e+02
      vertex   -1.630000e+02 9.150000e+01 2.294000e+02
    endloop
  endfacet
  facet normal -9.801360e-02 0.000000e+00 9.951851e-01
    outer loop
      vertex   -1.630000e+02 9.510000e+01 2.294000e+02
      vertex   -1.627074e+02 9.150000e+01 2.294288e+02
      vertex   -1.627074e+02 9.510000e+01 2.294288e+02
    endloop
  endfacet
  facet normal 9.800727e-02 0.000000e+00 9.951857e-01
    outer loop
      vertex   -1.632926e+02 9.510000e+01 2.294288e+02
      vertex   -1.632926e+02 9.150000e+01 2.294288e+02
      vertex   -1.630000e+02 9.510000e+01 2.294000e+02
    endloop
  endfacet
  facet normal 2.903278e-01 0.000000e+00 9.569272e-01
    outer loop
      vertex   -1.635740e+02 9.510000e+01 2.295142e+02
      vertex   -1.635740e+02 9.150000e+01 2.295142e+02
      vertex   -1.632926e+02 9.150000e+01 2.294288e+02
    endloop
  endfacet
  facet normal 4.713860e-01 0.000000e+00 8.819270e-01
    outer loop
      vertex   -1.635740e+02 9.510000e+01 2.295142e+02
      vertex   -1.638334e+02 9.150000e+01 2.296528e+02
      vertex   -1.635740e+02 9.150000e+01 2.295142e+02
    endloop
  endfacet
  facet normal 2.903278e-01 0.000000e+00 9.569272e-01
    outer loop
      vertex   -1.635740e+02 9.510000e+01 2.295142e+02
      vertex   -1.632926e+02 9.150000e+01 2.294288e+02
      vertex   -1.632926e+02 9.510000e+01 2.294288e+02
    endloop
  endfacet
  facet normal 4.713860e-01 0.000000e+00 8.819270e-01
    outer loop
      vertex   -1.638334e+02 9.510000e+01 2.296528e+02
      vertex   -1.638334e+02 9.150000e+01 2.296528e+02
      vertex   -1.635740e+02 9.510000e+01 2.295142e+02
    endloop
  endfacet
  facet normal 6.343603e-01 0.000000e+00 7.730375e-01
    outer loop
      vertex   -1.640607e+02 9.510000e+01 2.298393e+02
      vertex   -1.640607e+02 9.150000e+01 2.298393e+02
      vertex   -1.638334e+02 9.150000e+01 2.296528e+02
    endloop
  endfacet
  facet normal 6.343603e-01 0.000000e+00 7.730375e-01
    outer loop
      vertex   -1.640607e+02 9.510000e+01 2.298393e+02
      vertex   -1.638334e+02 9.150000e+01 2.296528e+02
      vertex   -1.638334e+02 9.510000e+01 2.296528e+02
    endloop
  endfacet
  facet normal 7.730114e-01 0.000000e+00 6.343922e-01
    outer loop
      vertex   -1.642472e+02 9.510000e+01 2.300666e+02
      vertex   -1.642472e+02 9.150000e+01 2.300666e+02
      vertex   -1.640607e+02 9.150000e+01 2.298393e+02
    endloop
  endfacet
  facet normal 8.819414e-01 0.000000e+00 4.713590e-01
    outer loop
      vertex   -1.642472e+02 9.510000e+01 2.300666e+02
      vertex   -1.643858e+02 9.150000e+01 2.303260e+02
      vertex   -1.642472e+02 9.150000e+01 2.300666e+02
    endloop
  endfacet
  facet normal 7.730114e-01 0.000000e+00 6.343922e-01
    outer loop
      vertex   -1.642472e+02 9.510000e+01 2.300666e+02
      vertex   -1.640607e+02 9.150000e+01 2.298393e+02
      vertex   -1.640607e+02 9.510000e+01 2.298393e+02
    endloop
  endfacet
  facet normal 8.819414e-01 0.000000e+00 4.713590e-01
    outer loop
      vertex   -1.643858e+02 9.510000e+01 2.303260e+02
      vertex   -1.643858e+02 9.150000e+01 2.303260e+02
      vertex   -1.642472e+02 9.510000e+01 2.300666e+02
    endloop
  endfacet
  facet normal 9.569272e-01 0.000000e+00 2.903278e-01
    outer loop
      vertex   -1.644712e+02 9.510000e+01 2.306074e+02
      vertex   -1.644712e+02 9.150000e+01 2.306074e+02
      vertex   -1.643858e+02 9.150000e+01 2.303260e+02
    endloop
  endfacet
  facet normal 9.951851e-01 0.000000e+00 9.801360e-02
    outer loop
      vertex   -1.644712e+02 9.510000e+01 2.306074e+02
      vertex   -1.645000e+02 9.150000e+01 2.309000e+02
      vertex   -1.644712e+02 9.150000e+01 2.306074e+02
    endloop
  endfacet
  facet normal 9.569272e-01 0.000000e+00 2.903278e-01
    outer loop
      vertex   -1.644712e+02 9.510000e+01 2.306074e+02
      vertex   -1.643858e+02 9.150000e+01 2.303260e+02
      vertex   -1.643858e+02 9.510000e+01 2.303260e+02
    endloop
  endfacet
  facet normal 9.951851e-01 0.000000e+00 9.801360e-02
    outer loop
      vertex   -1.645000e+02 9.510000e+01 2.309000e+02
      vertex   -1.645000e+02 9.150000e+01 2.309000e+02
      vertex   -1.644712e+02 9.510000e+01 2.306074e+02
    endloop
  endfacet
  facet normal 9.951857e-01 0.000000e+00 -9.800727e-02
    outer loop
      vertex   -1.384712e+02 9.510000e+01 2.311926e+02
      vertex   -1.385000e+02 9.150000e+01 2.309000e+02
      vertex   -1.385000e+02 9.510000e+01 2.309000e+02
    endloop
  endfacet
  facet normal 9.951857e-01 0.000000e+00 -9.800727e-02
    outer loop
      vertex   -1.384712e+02 9.510000e+01 2.311926e+02
      vertex   -1.384712e+02 9.150000e+01 2.311926e+02
      vertex   -1.385000e+02 9.150000e+01 2.309000e+02
    endloop
  endfacet
  facet normal 9.569363e-01 0.000000e+00 -2.902981e-01
    outer loop
      vertex   -1.383858e+02 9.510000e+01 2.314740e+02
      vertex   -1.383858e+02 9.150000e+01 2.314740e+02
      vertex   -1.384712e+02 9.150000e+01 2.311926e+02
    endloop
  endfacet
  facet normal 9.569363e-01 0.000000e+00 -2.902981e-01
    outer loop
      vertex   -1.383858e+02 9.510000e+01 2.314740e+02
      vertex   -1.384712e+02 9.150000e+01 2.311926e+02
      vertex   -1.384712e+02 9.510000e+01 2.311926e+02
    endloop
  endfacet
  facet normal 8.819135e-01 0.000000e+00 -4.714112e-01
    outer loop
      vertex   -1.382472e+02 9.510000e+01 2.317334e+02
      vertex   -1.382472e+02 9.150000e+01 2.317334e+02
      vertex   -1.383858e+02 9.150000e+01 2.314740e+02
    endloop
  endfacet
  facet normal 8.819135e-01 0.000000e+00 -4.714112e-01
    outer loop
      vertex   -1.382472e+02 9.510000e+01 2.317334e+02
      vertex   -1.383858e+02 9.150000e+01 2.314740e+02
      vertex   -1.383858e+02 9.510000e+01 2.314740e+02
    endloop
  endfacet
  facet normal 7.730375e-01 0.000000e+00 -6.343603e-01
    outer loop
      vertex   -1.380607e+02 9.510000e+01 2.319607e+02
      vertex   -1.380607e+02 9.150000e+01 2.319607e+02
      vertex   -1.382472e+02 9.150000e+01 2.317334e+02
    endloop
  endfacet
  facet normal 7.730375e-01 0.000000e+00 -6.343603e-01
    outer loop
      vertex   -1.380607e+02 9.510000e+01 2.319607e+02
      vertex   -1.382472e+02 9.150000e+01 2.317334e+02
      vertex   -1.382472e+02 9.510000e+01 2.317334e+02
    endloop
  endfacet
  facet normal 6.343762e-01 0.000000e+00 -7.730244e-01
    outer loop
      vertex   -1.378334e+02 9.510000e+01 2.321472e+02
      vertex   -1.378334e+02 9.150000e+01 2.321472e+02
      vertex   -1.380607e+02 9.150000e+01 2.319607e+02
    endloop
  endfacet
  facet normal 4.713860e-01 0.000000e+00 -8.819270e-01
    outer loop
      vertex   -1.378334e+02 9.510000e+01 2.321472e+02
      vertex   -1.375740e+02 9.150000e+01 2.322858e+02
      vertex   -1.378334e+02 9.150000e+01 2.321472e+02
    endloop
  endfacet
  facet normal 6.343762e-01 0.000000e+00 -7.730244e-01
    outer loop
      vertex   -1.378334e+02 9.510000e+01 2.321472e+02
      vertex   -1.380607e+02 9.150000e+01 2.319607e+02
      vertex   -1.380607e+02 9.510000e+01 2.319607e+02
    endloop
  endfacet
  facet normal 4.713860e-01 0.000000e+00 -8.819270e-01
    outer loop
      vertex   -1.375740e+02 9.510000e+01 2.322858e+02
      vertex   -1.375740e+02 9.150000e+01 2.322858e+02
      vertex   -1.378334e+02 9.510000e+01 2.321472e+02
    endloop
  endfacet
  facet normal 2.903278e-01 0.000000e+00 -9.569272e-01
    outer loop
      vertex   -1.372926e+02 9.510000e+01 2.323712e+02
      vertex   -1.372926e+02 9.150000e+01 2.323712e+02
      vertex   -1.375740e+02 9.150000e+01 2.322858e+02
    endloop
  endfacet
  facet normal 2.903278e-01 0.000000e+00 -9.569272e-01
    outer loop
      vertex   -1.372926e+02 9.510000e+01 2.323712e+02
      vertex   -1.375740e+02 9.150000e+01 2.322858e+02
      vertex   -1.375740e+02 9.510000e+01 2.322858e+02
    endloop
  endfacet
  facet normal 9.800727e-02 0.000000e+00 -9.951857e-01
    outer loop
      vertex   -1.370000e+02 9.510000e+01 2.324000e+02
      vertex   -1.370000e+02 9.150000e+01 2.324000e+02
      vertex   -1.372926e+02 9.150000e+01 2.323712e+02
    endloop
  endfacet
  facet normal 9.800727e-02 0.000000e+00 -9.951857e-01
    outer loop
      vertex   -1.370000e+02 9.510000e+01 2.324000e+02
      vertex   -1.372926e+02 9.150000e+01 2.323712e+02
      vertex   -1.372926e+02 9.510000e+01 2.323712e+02
    endloop
  endfacet
  facet normal -9.801044e-02 0.000000e+00 -9.951854e-01
    outer loop
      vertex   -1.367074e+02 9.510000e+01 2.323712e+02
      vertex   -1.370000e+02 9.150000e+01 2.324000e+02
      vertex   -1.370000e+02 9.510000e+01 2.324000e+02
    endloop
  endfacet
  facet normal -9.801044e-02 -0.000000e+00 -9.951854e-01
    outer loop
      vertex   -1.367074e+02 9.510000e+01 2.323712e+02
      vertex   -1.367074e+02 9.150000e+01 2.323712e+02
      vertex   -1.370000e+02 9.150000e+01 2.324000e+02
    endloop
  endfacet
  facet normal -2.903278e-01 0.000000e+00 -9.569272e-01
    outer loop
      vertex   -1.364260e+02 9.510000e+01 2.322858e+02
      vertex   -1.367074e+02 9.150000e+01 2.323712e+02
      vertex   -1.367074e+02 9.510000e+01 2.323712e+02
    endloop
  endfacet
  facet normal -2.903278e-01 -0.000000e+00 -9.569272e-01
    outer loop
      vertex   -1.364260e+02 9.510000e+01 2.322858e+02
      vertex   -1.364260e+02 9.150000e+01 2.322858e+02
      vertex   -1.367074e+02 9.150000e+01 2.323712e+02
    endloop
  endfacet
  facet normal -4.713725e-01 -0.000000e+00 -8.819342e-01
    outer loop
      vertex   -1.364260e+02 9.510000e+01 2.322858e+02
      vertex   -1.361666e+02 9.150000e+01 2.321472e+02
      vertex   -1.364260e+02 9.150000e+01 2.322858e+02
    endloop
  endfacet
  facet normal -4.713725e-01 -0.000000e+00 -8.819342e-01
    outer loop
      vertex   -1.361666e+02 9.510000e+01 2.321472e+02
      vertex   -1.361666e+02 9.150000e+01 2.321472e+02
      vertex   -1.364260e+02 9.510000e+01 2.322858e+02
    endloop
  endfacet
  facet normal -6.343922e-01 0.000000e+00 -7.730114e-01
    outer loop
      vertex   -1.359393e+02 9.510000e+01 2.319607e+02
      vertex   -1.361666e+02 9.150000e+01 2.321472e+02
      vertex   -1.361666e+02 9.510000e+01 2.321472e+02
    endloop
  endfacet
  facet normal -6.343922e-01 -0.000000e+00 -7.730114e-01
    outer loop
      vertex   -1.359393e+02 9.510000e+01 2.319607e+02
      vertex   -1.359393e+02 9.150000e+01 2.319607e+02
      vertex   -1.361666e+02 9.150000e+01 2.321472e+02
    endloop
  endfacet
  facet normal -7.730375e-01 0.000000e+00 -6.343603e-01
    outer loop
      vertex   -1.357528e+02 9.510000e+01 2.317334e+02
      vertex   -1.359393e+02 9.150000e+01 2.319607e+02
      vertex   -1.359393e+02 9.510000e+01 2.319607e+02
    endloop
  endfacet
  facet normal -7.730375e-01 -0.000000e+00 -6.343603e-01
    outer loop
      vertex   -1.357528e+02 9.510000e+01 2.317334e+02
      vertex   -1.357528e+02 9.150000e+01 2.317334e+02
      vertex   -1.359393e+02 9.150000e+01 2.319607e+02
    endloop
  endfacet
  facet normal -8.819001e-01 0.000000e+00 -4.714364e-01
    outer loop
      vertex   -1.356142e+02 9.510000e+01 2.314740e+02
      vertex   -1.357528e+02 9.150000e+01 2.317334e+02
      vertex   -1.357528e+02 9.510000e+01 2.317334e+02
    endloop
  endfacet
  facet normal -8.819001e-01 -0.000000e+00 -4.714364e-01
    outer loop
      vertex   -1.356142e+02 9.510000e+01 2.314740e+02
      vertex   -1.356142e+02 9.150000e+01 2.314740e+02
      vertex   -1.357528e+02 9.150000e+01 2.317334e+02
    endloop
  endfacet
  facet normal -9.569453e-01 0.000000e+00 -2.902684e-01
    outer loop
      vertex   -1.355288e+02 9.510000e+01 2.311926e+02
      vertex   -1.356142e+02 9.150000e+01 2.314740e+02
      vertex   -1.356142e+02 9.510000e+01 2.314740e+02
    endloop
  endfacet
  facet normal -9.569453e-01 -0.000000e+00 -2.902684e-01
    outer loop
      vertex   -1.355288e+02 9.510000e+01 2.311926e+02
      vertex   -1.355288e+02 9.150000e+01 2.311926e+02
      vertex   -1.356142e+02 9.150000e+01 2.314740e+02
    endloop
  endfacet
  facet normal -9.951857e-01 0.000000e+00 -9.800727e-02
    outer loop
      vertex   -1.355000e+02 9.510000e+01 2.309000e+02
      vertex   -1.355288e+02 9.150000e+01 2.311926e+02
      vertex   -1.355288e+02 9.510000e+01 2.311926e+02
    endloop
  endfacet
  facet normal -9.951857e-01 -0.000000e+00 -9.800727e-02
    outer loop
      vertex   -1.355000e+02 9.510000e+01 2.309000e+02
      vertex   -1.355000e+02 9.150000e+01 2.309000e+02
      vertex   -1.355288e+02 9.150000e+01 2.311926e+02
    endloop
  endfacet
  facet normal -9.951851e-01 0.000000e+00 9.801360e-02
    outer loop
      vertex   -1.355288e+02 9.510000e+01 2.306074e+02
      vertex   -1.355000e+02 9.150000e+01 2.309000e+02
      vertex   -1.355000e+02 9.510000e+01 2.309000e+02
    endloop
  endfacet
  facet normal -9.951851e-01 0.000000e+00 9.801360e-02
    outer loop
      vertex   -1.355288e+02 9.510000e+01 2.306074e+02
      vertex   -1.355288e+02 9.150000e+01 2.306074e+02
      vertex   -1.355000e+02 9.150000e+01 2.309000e+02
    endloop
  endfacet
  facet normal -9.569453e-01 0.000000e+00 2.902684e-01
    outer loop
      vertex   -1.356142e+02 9.510000e+01 2.303260e+02
      vertex   -1.355288e+02 9.150000e+01 2.306074e+02
      vertex   -1.355288e+02 9.510000e+01 2.306074e+02
    endloop
  endfacet
  facet normal -9.569453e-01 0.000000e+00 2.902684e-01
    outer loop
      vertex   -1.356142e+02 9.510000e+01 2.303260e+02
      vertex   -1.356142e+02 9.150000e+01 2.303260e+02
      vertex   -1.355288e+02 9.150000e+01 2.306074e+02
    endloop
  endfacet
  facet normal -8.819145e-01 0.000000e+00 4.714095e-01
    outer loop
      vertex   -1.357528e+02 9.510000e+01 2.300666e+02
      vertex   -1.356142e+02 9.150000e+01 2.303260e+02
      vertex   -1.356142e+02 9.510000e+01 2.303260e+02
    endloop
  endfacet
  facet normal -8.819145e-01 0.000000e+00 4.714095e-01
    outer loop
      vertex   -1.357528e+02 9.510000e+01 2.300666e+02
      vertex   -1.357528e+02 9.150000e+01 2.300666e+02
      vertex   -1.356142e+02 9.150000e+01 2.303260e+02
    endloop
  endfacet
  facet normal -7.730114e-01 0.000000e+00 6.343922e-01
    outer loop
      vertex   -1.359393e+02 9.510000e+01 2.298393e+02
      vertex   -1.357528e+02 9.150000e+01 2.300666e+02
      vertex   -1.357528e+02 9.510000e+01 2.300666e+02
    endloop
  endfacet
  facet normal -7.730114e-01 0.000000e+00 6.343922e-01
    outer loop
      vertex   -1.359393e+02 9.510000e+01 2.298393e+02
      vertex   -1.359393e+02 9.150000e+01 2.298393e+02
      vertex   -1.357528e+02 9.150000e+01 2.300666e+02
    endloop
  endfacet
  facet normal -6.343922e-01 0.000000e+00 7.730114e-01
    outer loop
      vertex   -1.361666e+02 9.510000e+01 2.296528e+02
      vertex   -1.361666e+02 9.150000e+01 2.296528e+02
      vertex   -1.359393e+02 9.150000e+01 2.298393e+02
    endloop
  endfacet
  facet normal -6.343922e-01 0.000000e+00 7.730114e-01
    outer loop
      vertex   -1.361666e+02 9.510000e+01 2.296528e+02
      vertex   -1.359393e+02 9.150000e+01 2.298393e+02
      vertex   -1.359393e+02 9.510000e+01 2.298393e+02
    endloop
  endfacet
  facet normal -4.713725e-01 0.000000e+00 8.819342e-01
    outer loop
      vertex   -1.361666e+02 9.510000e+01 2.296528e+02
      vertex   -1.364260e+02 9.150000e+01 2.295142e+02
      vertex   -1.361666e+02 9.150000e+01 2.296528e+02
    endloop
  endfacet
  facet normal -4.713725e-01 0.000000e+00 8.819342e-01
    outer loop
      vertex   -1.364260e+02 9.510000e+01 2.295142e+02
      vertex   -1.364260e+02 9.150000e+01 2.295142e+02
      vertex   -1.361666e+02 9.510000e+01 2.296528e+02
    endloop
  endfacet
  facet normal -2.903278e-01 0.000000e+00 9.569272e-01
    outer loop
      vertex   -1.367074e+02 9.510000e+01 2.294288e+02
      vertex   -1.367074e+02 9.150000e+01 2.294288e+02
      vertex   -1.364260e+02 9.150000e+01 2.295142e+02
    endloop
  endfacet
  facet normal -2.903278e-01 0.000000e+00 9.569272e-01
    outer loop
      vertex   -1.367074e+02 9.510000e+01 2.294288e+02
      vertex   -1.364260e+02 9.150000e+01 2.295142e+02
      vertex   -1.364260e+02 9.510000e+01 2.295142e+02
    endloop
  endfacet
  facet normal -9.801044e-02 0.000000e+00 9.951854e-01
    outer loop
      vertex   -1.370000e+02 9.510000e+01 2.294000e+02
      vertex   -1.370000e+02 9.150000e+01 2.294000e+02
      vertex   -1.367074e+02 9.150000e+01 2.294288e+02
    endloop
  endfacet
  facet normal 9.800727e-02 0.000000e+00 9.951857e-01
    outer loop
      vertex   -1.370000e+02 9.510000e+01 2.294000e+02
      vertex   -1.372926e+02 9.150000e+01 2.294288e+02
      vertex   -1.370000e+02 9.150000e+01 2.294000e+02
    endloop
  endfacet
  facet normal -9.801044e-02 0.000000e+00 9.951854e-01
    outer loop
      vertex   -1.370000e+02 9.510000e+01 2.294000e+02
      vertex   -1.367074e+02 9.150000e+01 2.294288e+02
      vertex   -1.367074e+02 9.510000e+01 2.294288e+02
    endloop
  endfacet
  facet normal 9.800727e-02 0.000000e+00 9.951857e-01
    outer loop
      vertex   -1.372926e+02 9.510000e+01 2.294288e+02
      vertex   -1.372926e+02 9.150000e+01 2.294288e+02
      vertex   -1.370000e+02 9.510000e+01 2.294000e+02
    endloop
  endfacet
  facet normal 2.903278e-01 0.000000e+00 9.569272e-01
    outer loop
      vertex   -1.375740e+02 9.510000e+01 2.295142e+02
      vertex   -1.375740e+02 9.150000e+01 2.295142e+02
      vertex   -1.372926e+02 9.150000e+01 2.294288e+02
    endloop
  endfacet
  facet normal 4.713860e-01 0.000000e+00 8.819270e-01
    outer loop
      vertex   -1.375740e+02 9.510000e+01 2.295142e+02
      vertex   -1.378334e+02 9.150000e+01 2.296528e+02
      vertex   -1.375740e+02 9.150000e+01 2.295142e+02
    endloop
  endfacet
  facet normal 2.903278e-01 0.000000e+00 9.569272e-01
    outer loop
      vertex   -1.375740e+02 9.510000e+01 2.295142e+02
      vertex   -1.372926e+02 9.150000e+01 2.294288e+02
      vertex   -1.372926e+02 9.510000e+01 2.294288e+02
    endloop
  endfacet
  facet normal 4.713860e-01 0.000000e+00 8.819270e-01
    outer loop
      vertex   -1.378334e+02 9.510000e+01 2.296528e+02
      vertex   -1.378334e+02 9.150000e+01 2.296528e+02
      vertex   -1.375740e+02 9.510000e+01 2.295142e+02
    endloop
  endfacet
  facet normal 6.343762e-01 0.000000e+00 7.730244e-01
    outer loop
      vertex   -1.380607e+02 9.510000e+01 2.298393e+02
      vertex   -1.380607e+02 9.150000e+01 2.298393e+02
      vertex   -1.378334e+02 9.150000e+01 2.296528e+02
    endloop
  endfacet
  facet normal 6.343762e-01 0.000000e+00 7.730244e-01
    outer loop
      vertex   -1.380607e+02 9.510000e+01 2.298393e+02
      vertex   -1.378334e+02 9.150000e+01 2.296528e+02
      vertex   -1.378334e+02 9.510000e+01 2.296528e+02
    endloop
  endfacet
  facet normal 7.730114e-01 0.000000e+00 6.343922e-01
    outer loop
      vertex   -1.382472e+02 9.510000e+01 2.300666e+02
      vertex   -1.382472e+02 9.150000e+01 2.300666e+02
      vertex   -1.380607e+02 9.150000e+01 2.298393e+02
    endloop
  endfacet
  facet normal 8.819279e-01 0.000000e+00 4.713842e-01
    outer loop
      vertex   -1.382472e+02 9.510000e+01 2.300666e+02
      vertex   -1.383858e+02 9.150000e+01 2.303260e+02
      vertex   -1.382472e+02 9.150000e+01 2.300666e+02
    endloop
  endfacet
  facet normal 7.730114e-01 0.000000e+00 6.343922e-01
    outer loop
      vertex   -1.382472e+02 9.510000e+01 2.300666e+02
      vertex   -1.380607e+02 9.150000e+01 2.298393e+02
      vertex   -1.380607e+02 9.510000e+01 2.298393e+02
    endloop
  endfacet
  facet normal 8.819279e-01 0.000000e+00 4.713842e-01
    outer loop
      vertex   -1.383858e+02 9.510000e+01 2.303260e+02
      vertex   -1.383858e+02 9.150000e+01 2.303260e+02
      vertex   -1.382472e+02 9.510000e+01 2.300666e+02
    endloop
  endfacet
  facet normal 9.569363e-01 0.000000e+00 2.902981e-01
    outer loop
      vertex   -1.384712e+02 9.510000e+01 2.306074e+02
      vertex   -1.384712e+02 9.150000e+01 2.306074e+02
      vertex   -1.383858e+02 9.150000e+01 2.303260e+02
    endloop
  endfacet
  facet normal 9.951851e-01 0.000000e+00 9.801360e-02
    outer loop
      vertex   -1.384712e+02 9.510000e+01 2.306074e+02
      vertex   -1.385000e+02 9.150000e+01 2.309000e+02
      vertex   -1.384712e+02 9.150000e+01 2.306074e+02
    endloop
  endfacet
  facet normal 9.569363e-01 0.000000e+00 2.902981e-01
    outer loop
      vertex   -1.384712e+02 9.510000e+01 2.306074e+02
      vertex   -1.383858e+02 9.150000e+01 2.303260e+02
      vertex   -1.383858e+02 9.510000e+01 2.303260e+02
    endloop
  endfacet
  facet normal 9.951851e-01 0.000000e+00 9.801360e-02
    outer loop
      vertex   -1.385000e+02 9.510000e+01 2.309000e+02
      vertex   -1.385000e+02 9.150000e+01 2.309000e+02
      vertex   -1.384712e+02 9.510000e+01 2.306074e+02
    endloop
  endfacet
  facet normal 9.951851e-01 0.000000e+00 -9.801360e-02
    outer loop
      vertex   -1.644712e+02 9.510000e+01 2.051926e+02
      vertex   -1.645000e+02 9.150000e+01 2.049000e+02
      vertex   -1.645000e+02 9.510000e+01 2.049000e+02
    endloop
  endfacet
  facet normal 9.951851e-01 0.000000e+00 -9.801360e-02
    outer loop
      vertex   -1.644712e+02 9.510000e+01 2.051926e+02
      vertex   -1.644712e+02 9.150000e+01 2.051926e+02
      vertex   -1.645000e+02 9.150000e+01 2.049000e+02
    endloop
  endfacet
  facet normal 9.569272e-01 0.000000e+00 -2.903278e-01
    outer loop
      vertex   -1.643858e+02 9.510000e+01 2.054740e+02
      vertex   -1.643858e+02 9.150000e+01 2.054740e+02
      vertex   -1.644712e+02 9.150000e+01 2.051926e+02
    endloop
  endfacet
  facet normal 9.569272e-01 0.000000e+00 -2.903278e-01
    outer loop
      vertex   -1.643858e+02 9.510000e+01 2.054740e+02
      vertex   -1.644712e+02 9.150000e+01 2.051926e+02
      vertex   -1.644712e+02 9.510000e+01 2.051926e+02
    endloop
  endfacet
  facet normal 8.819414e-01 0.000000e+00 -4.713590e-01
    outer loop
      vertex   -1.642472e+02 9.510000e+01 2.057334e+02
      vertex   -1.642472e+02 9.150000e+01 2.057334e+02
      vertex   -1.643858e+02 9.150000e+01 2.054740e+02
    endloop
  endfacet
  facet normal 8.819414e-01 0.000000e+00 -4.713590e-01
    outer loop
      vertex   -1.642472e+02 9.510000e+01 2.057334e+02
      vertex   -1.643858e+02 9.150000e+01 2.054740e+02
      vertex   -1.643858e+02 9.510000e+01 2.054740e+02
    endloop
  endfacet
  facet normal 7.730114e-01 0.000000e+00 -6.343922e-01
    outer loop
      vertex   -1.640607e+02 9.510000e+01 2.059607e+02
      vertex   -1.640607e+02 9.150000e+01 2.059607e+02
      vertex   -1.642472e+02 9.150000e+01 2.057334e+02
    endloop
  endfacet
  facet normal 7.730114e-01 0.000000e+00 -6.343922e-01
    outer loop
      vertex   -1.640607e+02 9.510000e+01 2.059607e+02
      vertex   -1.642472e+02 9.150000e+01 2.057334e+02
      vertex   -1.642472e+02 9.510000e+01 2.057334e+02
    endloop
  endfacet
  facet normal 6.343603e-01 0.000000e+00 -7.730375e-01
    outer loop
      vertex   -1.638334e+02 9.510000e+01 2.061472e+02
      vertex   -1.638334e+02 9.150000e+01 2.061472e+02
      vertex   -1.640607e+02 9.150000e+01 2.059607e+02
    endloop
  endfacet
  facet normal 4.713860e-01 0.000000e+00 -8.819270e-01
    outer loop
      vertex   -1.638334e+02 9.510000e+01 2.061472e+02
      vertex   -1.635740e+02 9.150000e+01 2.062858e+02
      vertex   -1.638334e+02 9.150000e+01 2.061472e+02
    endloop
  endfacet
  facet normal 6.343603e-01 0.000000e+00 -7.730375e-01
    outer loop
      vertex   -1.638334e+02 9.510000e+01 2.061472e+02
      vertex   -1.640607e+02 9.150000e+01 2.059607e+02
      vertex   -1.640607e+02 9.510000e+01 2.059607e+02
    endloop
  endfacet
  facet normal 4.713860e-01 0.000000e+00 -8.819270e-01
    outer loop
      vertex   -1.635740e+02 9.510000e+01 2.062858e+02
      vertex   -1.635740e+02 9.150000e+01 2.062858e+02
      vertex   -1.638334e+02 9.510000e+01 2.061472e+02
    endloop
  endfacet
  facet normal 2.903278e-01 0.000000e+00 -9.569272e-01
    outer loop
      vertex   -1.632926e+02 9.510000e+01 2.063712e+02
      vertex   -1.632926e+02 9.150000e+01 2.063712e+02
      vertex   -1.635740e+02 9.150000e+01 2.062858e+02
    endloop
  endfacet
  facet normal 2.903278e-01 0.000000e+00 -9.569272e-01
    outer loop
      vertex   -1.632926e+02 9.510000e+01 2.063712e+02
      vertex   -1.635740e+02 9.150000e+01 2.062858e+02
      vertex   -1.635740e+02 9.510000e+01 2.062858e+02
    endloop
  endfacet
  facet normal 9.800727e-02 0.000000e+00 -9.951857e-01
    outer loop
      vertex   -1.630000e+02 9.510000e+01 2.064000e+02
      vertex   -1.630000e+02 9.150000e+01 2.064000e+02
      vertex   -1.632926e+02 9.150000e+01 2.063712e+02
    endloop
  endfacet
  facet normal 9.800727e-02 0.000000e+00 -9.951857e-01
    outer loop
      vertex   -1.630000e+02 9.510000e+01 2.064000e+02
      vertex   -1.632926e+02 9.150000e+01 2.063712e+02
      vertex   -1.632926e+02 9.510000e+01 2.063712e+02
    endloop
  endfacet
  facet normal -9.801360e-02 0.000000e+00 -9.951851e-01
    outer loop
      vertex   -1.627074e+02 9.510000e+01 2.063712e+02
      vertex   -1.630000e+02 9.150000e+01 2.064000e+02
      vertex   -1.630000e+02 9.510000e+01 2.064000e+02
    endloop
  endfacet
  facet normal -9.801360e-02 -0.000000e+00 -9.951851e-01
    outer loop
      vertex   -1.627074e+02 9.510000e+01 2.063712e+02
      vertex   -1.627074e+02 9.150000e+01 2.063712e+02
      vertex   -1.630000e+02 9.150000e+01 2.064000e+02
    endloop
  endfacet
  facet normal -2.903278e-01 0.000000e+00 -9.569272e-01
    outer loop
      vertex   -1.624260e+02 9.510000e+01 2.062858e+02
      vertex   -1.627074e+02 9.150000e+01 2.063712e+02
      vertex   -1.627074e+02 9.510000e+01 2.063712e+02
    endloop
  endfacet
  facet normal -2.903278e-01 -0.000000e+00 -9.569272e-01
    outer loop
      vertex   -1.624260e+02 9.510000e+01 2.062858e+02
      vertex   -1.624260e+02 9.150000e+01 2.062858e+02
      vertex   -1.627074e+02 9.150000e+01 2.063712e+02
    endloop
  endfacet
  facet normal -4.713590e-01 -0.000000e+00 -8.819414e-01
    outer loop
      vertex   -1.624260e+02 9.510000e+01 2.062858e+02
      vertex   -1.621666e+02 9.150000e+01 2.061472e+02
      vertex   -1.624260e+02 9.150000e+01 2.062858e+02
    endloop
  endfacet
  facet normal -4.713590e-01 -0.000000e+00 -8.819414e-01
    outer loop
      vertex   -1.621666e+02 9.510000e+01 2.061472e+02
      vertex   -1.621666e+02 9.150000e+01 2.061472e+02
      vertex   -1.624260e+02 9.510000e+01 2.062858e+02
    endloop
  endfacet
  facet normal -6.343922e-01 0.000000e+00 -7.730114e-01
    outer loop
      vertex   -1.619393e+02 9.510000e+01 2.059607e+02
      vertex   -1.621666e+02 9.150000e+01 2.061472e+02
      vertex   -1.621666e+02 9.510000e+01 2.061472e+02
    endloop
  endfacet
  facet normal -6.343922e-01 -0.000000e+00 -7.730114e-01
    outer loop
      vertex   -1.619393e+02 9.510000e+01 2.059607e+02
      vertex   -1.619393e+02 9.150000e+01 2.059607e+02
      vertex   -1.621666e+02 9.150000e+01 2.061472e+02
    endloop
  endfacet
  facet normal -7.730114e-01 0.000000e+00 -6.343922e-01
    outer loop
      vertex   -1.617528e+02 9.510000e+01 2.057334e+02
      vertex   -1.619393e+02 9.150000e+01 2.059607e+02
      vertex   -1.619393e+02 9.510000e+01 2.059607e+02
    endloop
  endfacet
  facet normal -7.730114e-01 -0.000000e+00 -6.343922e-01
    outer loop
      vertex   -1.617528e+02 9.510000e+01 2.057334e+02
      vertex   -1.617528e+02 9.150000e+01 2.057334e+02
      vertex   -1.619393e+02 9.150000e+01 2.059607e+02
    endloop
  endfacet
  facet normal -8.819414e-01 0.000000e+00 -4.713590e-01
    outer loop
      vertex   -1.616142e+02 9.510000e+01 2.054740e+02
      vertex   -1.617528e+02 9.150000e+01 2.057334e+02
      vertex   -1.617528e+02 9.510000e+01 2.057334e+02
    endloop
  endfacet
  facet normal -8.819414e-01 -0.000000e+00 -4.713590e-01
    outer loop
      vertex   -1.616142e+02 9.510000e+01 2.054740e+02
      vertex   -1.616142e+02 9.150000e+01 2.054740e+02
      vertex   -1.617528e+02 9.150000e+01 2.057334e+02
    endloop
  endfacet
  facet normal -9.569272e-01 0.000000e+00 -2.903278e-01
    outer loop
      vertex   -1.615288e+02 9.510000e+01 2.051926e+02
      vertex   -1.616142e+02 9.150000e+01 2.054740e+02
      vertex   -1.616142e+02 9.510000e+01 2.054740e+02
    endloop
  endfacet
  facet normal -9.569272e-01 -0.000000e+00 -2.903278e-01
    outer loop
      vertex   -1.615288e+02 9.510000e+01 2.051926e+02
      vertex   -1.615288e+02 9.150000e+01 2.051926e+02
      vertex   -1.616142e+02 9.150000e+01 2.054740e+02
    endloop
  endfacet
  facet normal -9.951851e-01 0.000000e+00 -9.801360e-02
    outer loop
      vertex   -1.615000e+02 9.510000e+01 2.049000e+02
      vertex   -1.615288e+02 9.150000e+01 2.051926e+02
      vertex   -1.615288e+02 9.510000e+01 2.051926e+02
    endloop
  endfacet
  facet normal -9.951851e-01 -0.000000e+00 -9.801360e-02
    outer loop
      vertex   -1.615000e+02 9.510000e+01 2.049000e+02
      vertex   -1.615000e+02 9.150000e+01 2.049000e+02
      vertex   -1.615288e+02 9.150000e+01 2.051926e+02
    endloop
  endfacet
  facet normal -9.951857e-01 0.000000e+00 9.800727e-02
    outer loop
      vertex   -1.615288e+02 9.510000e+01 2.046074e+02
      vertex   -1.615000e+02 9.150000e+01 2.049000e+02
      vertex   -1.615000e+02 9.510000e+01 2.049000e+02
    endloop
  endfacet
  facet normal -9.951857e-01 0.000000e+00 9.800727e-02
    outer loop
      vertex   -1.615288e+02 9.510000e+01 2.046074e+02
      vertex   -1.615288e+02 9.150000e+01 2.046074e+02
      vertex   -1.615000e+02 9.150000e+01 2.049000e+02
    endloop
  endfacet
  facet normal -9.569272e-01 0.000000e+00 2.903278e-01
    outer loop
      vertex   -1.616142e+02 9.510000e+01 2.043260e+02
      vertex   -1.615288e+02 9.150000e+01 2.046074e+02
      vertex   -1.615288e+02 9.510000e+01 2.046074e+02
    endloop
  endfacet
  facet normal -9.569272e-01 0.000000e+00 2.903278e-01
    outer loop
      vertex   -1.616142e+02 9.510000e+01 2.043260e+02
      vertex   -1.616142e+02 9.150000e+01 2.043260e+02
      vertex   -1.615288e+02 9.150000e+01 2.046074e+02
    endloop
  endfacet
  facet normal -8.819270e-01 0.000000e+00 4.713860e-01
    outer loop
      vertex   -1.617528e+02 9.510000e+01 2.040667e+02
      vertex   -1.616142e+02 9.150000e+01 2.043260e+02
      vertex   -1.616142e+02 9.510000e+01 2.043260e+02
    endloop
  endfacet
  facet normal -8.819270e-01 0.000000e+00 4.713860e-01
    outer loop
      vertex   -1.617528e+02 9.510000e+01 2.040667e+02
      vertex   -1.617528e+02 9.150000e+01 2.040667e+02
      vertex   -1.616142e+02 9.150000e+01 2.043260e+02
    endloop
  endfacet
  facet normal -7.730375e-01 0.000000e+00 6.343603e-01
    outer loop
      vertex   -1.619393e+02 9.510000e+01 2.038393e+02
      vertex   -1.617528e+02 9.150000e+01 2.040667e+02
      vertex   -1.617528e+02 9.510000e+01 2.040667e+02
    endloop
  endfacet
  facet normal -7.730375e-01 0.000000e+00 6.343603e-01
    outer loop
      vertex   -1.619393e+02 9.510000e+01 2.038393e+02
      vertex   -1.619393e+02 9.150000e+01 2.038393e+02
      vertex   -1.617528e+02 9.150000e+01 2.040667e+02
    endloop
  endfacet
  facet normal -6.343922e-01 0.000000e+00 7.730114e-01
    outer loop
      vertex   -1.621666e+02 9.510000e+01 2.036528e+02
      vertex   -1.621666e+02 9.150000e+01 2.036528e+02
      vertex   -1.619393e+02 9.150000e+01 2.038393e+02
    endloop
  endfacet
  facet normal -6.343922e-01 0.000000e+00 7.730114e-01
    outer loop
      vertex   -1.621666e+02 9.510000e+01 2.036528e+02
      vertex   -1.619393e+02 9.150000e+01 2.038393e+02
      vertex   -1.619393e+02 9.510000e+01 2.038393e+02
    endloop
  endfacet
  facet normal -4.713590e-01 0.000000e+00 8.819414e-01
    outer loop
      vertex   -1.621666e+02 9.510000e+01 2.036528e+02
      vertex   -1.624260e+02 9.150000e+01 2.035142e+02
      vertex   -1.621666e+02 9.150000e+01 2.036528e+02
    endloop
  endfacet
  facet normal -4.713590e-01 0.000000e+00 8.819414e-01
    outer loop
      vertex   -1.624260e+02 9.510000e+01 2.035142e+02
      vertex   -1.624260e+02 9.150000e+01 2.035142e+02
      vertex   -1.621666e+02 9.510000e+01 2.036528e+02
    endloop
  endfacet
  facet normal -2.903278e-01 0.000000e+00 9.569272e-01
    outer loop
      vertex   -1.627074e+02 9.510000e+01 2.034288e+02
      vertex   -1.627074e+02 9.150000e+01 2.034288e+02
      vertex   -1.624260e+02 9.150000e+01 2.035142e+02
    endloop
  endfacet
  facet normal -2.903278e-01 0.000000e+00 9.569272e-01
    outer loop
      vertex   -1.627074e+02 9.510000e+01 2.034288e+02
      vertex   -1.624260e+02 9.150000e+01 2.035142e+02
      vertex   -1.624260e+02 9.510000e+01 2.035142e+02
    endloop
  endfacet
  facet normal -9.801360e-02 0.000000e+00 9.951851e-01
    outer loop
      vertex   -1.630000e+02 9.510000e+01 2.034000e+02
      vertex   -1.630000e+02 9.150000e+01 2.034000e+02
      vertex   -1.627074e+02 9.150000e+01 2.034288e+02
    endloop
  endfacet
  facet normal 9.800727e-02 0.000000e+00 9.951857e-01
    outer loop
      vertex   -1.630000e+02 9.510000e+01 2.034000e+02
      vertex   -1.632926e+02 9.150000e+01 2.034288e+02
      vertex   -1.630000e+02 9.150000e+01 2.034000e+02
    endloop
  endfacet
  facet normal -9.801360e-02 0.000000e+00 9.951851e-01
    outer loop
      vertex   -1.630000e+02 9.510000e+01 2.034000e+02
      vertex   -1.627074e+02 9.150000e+01 2.034288e+02
      vertex   -1.627074e+02 9.510000e+01 2.034288e+02
    endloop
  endfacet
  facet normal 9.800727e-02 0.000000e+00 9.951857e-01
    outer loop
      vertex   -1.632926e+02 9.510000e+01 2.034288e+02
      vertex   -1.632926e+02 9.150000e+01 2.034288e+02
      vertex   -1.630000e+02 9.510000e+01 2.034000e+02
    endloop
  endfacet
  facet normal 2.903278e-01 0.000000e+00 9.569272e-01
    outer loop
      vertex   -1.635740e+02 9.510000e+01 2.035142e+02
      vertex   -1.635740e+02 9.150000e+01 2.035142e+02
      vertex   -1.632926e+02 9.150000e+01 2.034288e+02
    endloop
  endfacet
  facet normal 4.713860e-01 0.000000e+00 8.819270e-01
    outer loop
      vertex   -1.635740e+02 9.510000e+01 2.035142e+02
      vertex   -1.638334e+02 9.150000e+01 2.036528e+02
      vertex   -1.635740e+02 9.150000e+01 2.035142e+02
    endloop
  endfacet
  facet normal 2.903278e-01 0.000000e+00 9.569272e-01
    outer loop
      vertex   -1.635740e+02 9.510000e+01 2.035142e+02
      vertex   -1.632926e+02 9.150000e+01 2.034288e+02
      vertex   -1.632926e+02 9.510000e+01 2.034288e+02
    endloop
  endfacet
  facet normal 4.713860e-01 0.000000e+00 8.819270e-01
    outer loop
      vertex   -1.638334e+02 9.510000e+01 2.036528e+02
      vertex   -1.638334e+02 9.150000e+01 2.036528e+02
      vertex   -1.635740e+02 9.510000e+01 2.035142e+02
    endloop
  endfacet
  facet normal 6.343603e-01 0.000000e+00 7.730375e-01
    outer loop
      vertex   -1.640607e+02 9.510000e+01 2.038393e+02
      vertex   -1.640607e+02 9.150000e+01 2.038393e+02
      vertex   -1.638334e+02 9.150000e+01 2.036528e+02
    endloop
  endfacet
  facet normal 6.343603e-01 0.000000e+00 7.730375e-01
    outer loop
      vertex   -1.640607e+02 9.510000e+01 2.038393e+02
      vertex   -1.638334e+02 9.150000e+01 2.036528e+02
      vertex   -1.638334e+02 9.510000e+01 2.036528e+02
    endloop
  endfacet
  facet normal 7.730375e-01 0.000000e+00 6.343603e-01
    outer loop
      vertex   -1.642472e+02 9.510000e+01 2.040667e+02
      vertex   -1.642472e+02 9.150000e+01 2.040667e+02
      vertex   -1.640607e+02 9.150000e+01 2.038393e+02
    endloop
  endfacet
  facet normal 8.819270e-01 0.000000e+00 4.713860e-01
    outer loop
      vertex   -1.642472e+02 9.510000e+01 2.040667e+02
      vertex   -1.643858e+02 9.150000e+01 2.043260e+02
      vertex   -1.642472e+02 9.150000e+01 2.040667e+02
    endloop
  endfacet
  facet normal 7.730375e-01 0.000000e+00 6.343603e-01
    outer loop
      vertex   -1.642472e+02 9.510000e+01 2.040667e+02
      vertex   -1.640607e+02 9.150000e+01 2.038393e+02
      vertex   -1.640607e+02 9.510000e+01 2.038393e+02
    endloop
  endfacet
  facet normal 8.819270e-01 0.000000e+00 4.713860e-01
    outer loop
      vertex   -1.643858e+02 9.510000e+01 2.043260e+02
      vertex   -1.643858e+02 9.150000e+01 2.043260e+02
      vertex   -1.642472e+02 9.510000e+01 2.040667e+02
    endloop
  endfacet
  facet normal 9.569272e-01 0.000000e+00 2.903278e-01
    outer loop
      vertex   -1.644712e+02 9.510000e+01 2.046074e+02
      vertex   -1.644712e+02 9.150000e+01 2.046074e+02
      vertex   -1.643858e+02 9.150000e+01 2.043260e+02
    endloop
  endfacet
  facet normal 9.951857e-01 0.000000e+00 9.800727e-02
    outer loop
      vertex   -1.644712e+02 9.510000e+01 2.046074e+02
      vertex   -1.645000e+02 9.150000e+01 2.049000e+02
      vertex   -1.644712e+02 9.150000e+01 2.046074e+02
    endloop
  endfacet
  facet normal 9.569272e-01 0.000000e+00 2.903278e-01
    outer loop
      vertex   -1.644712e+02 9.510000e+01 2.046074e+02
      vertex   -1.643858e+02 9.150000e+01 2.043260e+02
      vertex   -1.643858e+02 9.510000e+01 2.043260e+02
    endloop
  endfacet
  facet normal 9.951857e-01 0.000000e+00 9.800727e-02
    outer loop
      vertex   -1.645000e+02 9.510000e+01 2.049000e+02
      vertex   -1.645000e+02 9.150000e+01 2.049000e+02
      vertex   -1.644712e+02 9.510000e+01 2.046074e+02
    endloop
  endfacet
  facet normal 9.951851e-01 0.000000e+00 -9.801360e-02
    outer loop
      vertex   -1.384712e+02 9.510000e+01 2.051926e+02
      vertex   -1.385000e+02 9.150000e+01 2.049000e+02
      vertex   -1.385000e+02 9.510000e+01 2.049000e+02
    endloop
  endfacet
  facet normal 9.951851e-01 0.000000e+00 -9.801360e-02
    outer loop
      vertex   -1.384712e+02 9.510000e+01 2.051926e+02
      vertex   -1.384712e+02 9.150000e+01 2.051926e+02
      vertex   -1.385000e+02 9.150000e+01 2.049000e+02
    endloop
  endfacet
  facet normal 9.569363e-01 0.000000e+00 -2.902981e-01
    outer loop
      vertex   -1.383858e+02 9.510000e+01 2.054740e+02
      vertex   -1.383858e+02 9.150000e+01 2.054740e+02
      vertex   -1.384712e+02 9.150000e+01 2.051926e+02
    endloop
  endfacet
  facet normal 9.569363e-01 0.000000e+00 -2.902981e-01
    outer loop
      vertex   -1.383858e+02 9.510000e+01 2.054740e+02
      vertex   -1.384712e+02 9.150000e+01 2.051926e+02
      vertex   -1.384712e+02 9.510000e+01 2.051926e+02
    endloop
  endfacet
  facet normal 8.819279e-01 0.000000e+00 -4.713842e-01
    outer loop
      vertex   -1.382472e+02 9.510000e+01 2.057334e+02
      vertex   -1.382472e+02 9.150000e+01 2.057334e+02
      vertex   -1.383858e+02 9.150000e+01 2.054740e+02
    endloop
  endfacet
  facet normal 8.819279e-01 0.000000e+00 -4.713842e-01
    outer loop
      vertex   -1.382472e+02 9.510000e+01 2.057334e+02
      vertex   -1.383858e+02 9.150000e+01 2.054740e+02
      vertex   -1.383858e+02 9.510000e+01 2.054740e+02
    endloop
  endfacet
  facet normal 7.730114e-01 0.000000e+00 -6.343922e-01
    outer loop
      vertex   -1.380607e+02 9.510000e+01 2.059607e+02
      vertex   -1.380607e+02 9.150000e+01 2.059607e+02
      vertex   -1.382472e+02 9.150000e+01 2.057334e+02
    endloop
  endfacet
  facet normal 7.730114e-01 0.000000e+00 -6.343922e-01
    outer loop
      vertex   -1.380607e+02 9.510000e+01 2.059607e+02
      vertex   -1.382472e+02 9.150000e+01 2.057334e+02
      vertex   -1.382472e+02 9.510000e+01 2.057334e+02
    endloop
  endfacet
  facet normal 6.343762e-01 0.000000e+00 -7.730244e-01
    outer loop
      vertex   -1.378334e+02 9.510000e+01 2.061472e+02
      vertex   -1.378334e+02 9.150000e+01 2.061472e+02
      vertex   -1.380607e+02 9.150000e+01 2.059607e+02
    endloop
  endfacet
  facet normal 4.713860e-01 0.000000e+00 -8.819270e-01
    outer loop
      vertex   -1.378334e+02 9.510000e+01 2.061472e+02
      vertex   -1.375740e+02 9.150000e+01 2.062858e+02
      vertex   -1.378334e+02 9.150000e+01 2.061472e+02
    endloop
  endfacet
  facet normal 6.343762e-01 0.000000e+00 -7.730244e-01
    outer loop
      vertex   -1.378334e+02 9.510000e+01 2.061472e+02
      vertex   -1.380607e+02 9.150000e+01 2.059607e+02
      vertex   -1.380607e+02 9.510000e+01 2.059607e+02
    endloop
  endfacet
  facet normal 4.713860e-01 0.000000e+00 -8.819270e-01
    outer loop
      vertex   -1.375740e+02 9.510000e+01 2.062858e+02
      vertex   -1.375740e+02 9.150000e+01 2.062858e+02
      vertex   -1.378334e+02 9.510000e+01 2.061472e+02
    endloop
  endfacet
  facet normal 2.903278e-01 0.000000e+00 -9.569272e-01
    outer loop
      vertex   -1.372926e+02 9.510000e+01 2.063712e+02
      vertex   -1.372926e+02 9.150000e+01 2.063712e+02
      vertex   -1.375740e+02 9.150000e+01 2.062858e+02
    endloop
  endfacet
  facet normal 2.903278e-01 0.000000e+00 -9.569272e-01
    outer loop
      vertex   -1.372926e+02 9.510000e+01 2.063712e+02
      vertex   -1.375740e+02 9.150000e+01 2.062858e+02
      vertex   -1.375740e+02 9.510000e+01 2.062858e+02
    endloop
  endfacet
  facet normal 9.800727e-02 0.000000e+00 -9.951857e-01
    outer loop
      vertex   -1.370000e+02 9.510000e+01 2.064000e+02
      vertex   -1.370000e+02 9.150000e+01 2.064000e+02
      vertex   -1.372926e+02 9.150000e+01 2.063712e+02
    endloop
  endfacet
  facet normal 9.800727e-02 0.000000e+00 -9.951857e-01
    outer loop
      vertex   -1.370000e+02 9.510000e+01 2.064000e+02
      vertex   -1.372926e+02 9.150000e+01 2.063712e+02
      vertex   -1.372926e+02 9.510000e+01 2.063712e+02
    endloop
  endfacet
  facet normal -9.801044e-02 0.000000e+00 -9.951854e-01
    outer loop
      vertex   -1.367074e+02 9.510000e+01 2.063712e+02
      vertex   -1.370000e+02 9.150000e+01 2.064000e+02
      vertex   -1.370000e+02 9.510000e+01 2.064000e+02
    endloop
  endfacet
  facet normal -9.801044e-02 -0.000000e+00 -9.951854e-01
    outer loop
      vertex   -1.367074e+02 9.510000e+01 2.063712e+02
      vertex   -1.367074e+02 9.150000e+01 2.063712e+02
      vertex   -1.370000e+02 9.150000e+01 2.064000e+02
    endloop
  endfacet
  facet normal -2.903278e-01 0.000000e+00 -9.569272e-01
    outer loop
      vertex   -1.364260e+02 9.510000e+01 2.062858e+02
      vertex   -1.367074e+02 9.150000e+01 2.063712e+02
      vertex   -1.367074e+02 9.510000e+01 2.063712e+02
    endloop
  endfacet
  facet normal -2.903278e-01 -0.000000e+00 -9.569272e-01
    outer loop
      vertex   -1.364260e+02 9.510000e+01 2.062858e+02
      vertex   -1.364260e+02 9.150000e+01 2.062858e+02
      vertex   -1.367074e+02 9.150000e+01 2.063712e+02
    endloop
  endfacet
  facet normal -4.713725e-01 -0.000000e+00 -8.819342e-01
    outer loop
      vertex   -1.364260e+02 9.510000e+01 2.062858e+02
      vertex   -1.361666e+02 9.150000e+01 2.061472e+02
      vertex   -1.364260e+02 9.150000e+01 2.062858e+02
    endloop
  endfacet
  facet normal -4.713725e-01 -0.000000e+00 -8.819342e-01
    outer loop
      vertex   -1.361666e+02 9.510000e+01 2.061472e+02
      vertex   -1.361666e+02 9.150000e+01 2.061472e+02
      vertex   -1.364260e+02 9.510000e+01 2.062858e+02
    endloop
  endfacet
  facet normal -6.343922e-01 0.000000e+00 -7.730114e-01
    outer loop
      vertex   -1.359393e+02 9.510000e+01 2.059607e+02
      vertex   -1.361666e+02 9.150000e+01 2.061472e+02
      vertex   -1.361666e+02 9.510000e+01 2.061472e+02
    endloop
  endfacet
  facet normal -6.343922e-01 -0.000000e+00 -7.730114e-01
    outer loop
      vertex   -1.359393e+02 9.510000e+01 2.059607e+02
      vertex   -1.359393e+02 9.150000e+01 2.059607e+02
      vertex   -1.361666e+02 9.150000e+01 2.061472e+02
    endloop
  endfacet
  facet normal -7.730114e-01 0.000000e+00 -6.343922e-01
    outer loop
      vertex   -1.357528e+02 9.510000e+01 2.057334e+02
      vertex   -1.359393e+02 9.150000e+01 2.059607e+02
      vertex   -1.359393e+02 9.510000e+01 2.059607e+02
    endloop
  endfacet
  facet normal -7.730114e-01 -0.000000e+00 -6.343922e-01
    outer loop
      vertex   -1.357528e+02 9.510000e+01 2.057334e+02
      vertex   -1.357528e+02 9.150000e+01 2.057334e+02
      vertex   -1.359393e+02 9.150000e+01 2.059607e+02
    endloop
  endfacet
  facet normal -8.819145e-01 0.000000e+00 -4.714095e-01
    outer loop
      vertex   -1.356142e+02 9.510000e+01 2.054740e+02
      vertex   -1.357528e+02 9.150000e+01 2.057334e+02
      vertex   -1.357528e+02 9.510000e+01 2.057334e+02
    endloop
  endfacet
  facet normal -8.819145e-01 -0.000000e+00 -4.714095e-01
    outer loop
      vertex   -1.356142e+02 9.510000e+01 2.054740e+02
      vertex   -1.356142e+02 9.150000e+01 2.054740e+02
      vertex   -1.357528e+02 9.150000e+01 2.057334e+02
    endloop
  endfacet
  facet normal -9.569453e-01 0.000000e+00 -2.902684e-01
    outer loop
      vertex   -1.355288e+02 9.510000e+01 2.051926e+02
      vertex   -1.356142e+02 9.150000e+01 2.054740e+02
      vertex   -1.356142e+02 9.510000e+01 2.054740e+02
    endloop
  endfacet
  facet normal -9.569453e-01 -0.000000e+00 -2.902684e-01
    outer loop
      vertex   -1.355288e+02 9.510000e+01 2.051926e+02
      vertex   -1.355288e+02 9.150000e+01 2.051926e+02
      vertex   -1.356142e+02 9.150000e+01 2.054740e+02
    endloop
  endfacet
  facet normal -9.951851e-01 0.000000e+00 -9.801360e-02
    outer loop
      vertex   -1.355000e+02 9.510000e+01 2.049000e+02
      vertex   -1.355288e+02 9.150000e+01 2.051926e+02
      vertex   -1.355288e+02 9.510000e+01 2.051926e+02
    endloop
  endfacet
  facet normal -9.951851e-01 -0.000000e+00 -9.801360e-02
    outer loop
      vertex   -1.355000e+02 9.510000e+01 2.049000e+02
      vertex   -1.355000e+02 9.150000e+01 2.049000e+02
      vertex   -1.355288e+02 9.150000e+01 2.051926e+02
    endloop
  endfacet
  facet normal -9.951857e-01 0.000000e+00 9.800727e-02
    outer loop
      vertex   -1.355288e+02 9.510000e+01 2.046074e+02
      vertex   -1.355000e+02 9.150000e+01 2.049000e+02
      vertex   -1.355000e+02 9.510000e+01 2.049000e+02
    endloop
  endfacet
  facet normal -9.951857e-01 0.000000e+00 9.800727e-02
    outer loop
      vertex   -1.355288e+02 9.510000e+01 2.046074e+02
      vertex   -1.355288e+02 9.150000e+01 2.046074e+02
      vertex   -1.355000e+02 9.150000e+01 2.049000e+02
    endloop
  endfacet
  facet normal -9.569453e-01 0.000000e+00 2.902684e-01
    outer loop
      vertex   -1.356142e+02 9.510000e+01 2.043260e+02
      vertex   -1.355288e+02 9.150000e+01 2.046074e+02
      vertex   -1.355288e+02 9.510000e+01 2.046074e+02
    endloop
  endfacet
  facet normal -9.569453e-01 0.000000e+00 2.902684e-01
    outer loop
      vertex   -1.356142e+02 9.510000e+01 2.043260e+02
      vertex   -1.356142e+02 9.150000e+01 2.043260e+02
      vertex   -1.355288e+02 9.150000e+01 2.046074e+02
    endloop
  endfacet
  facet normal -8.819001e-01 0.000000e+00 4.714364e-01
    outer loop
      vertex   -1.357528e+02 9.510000e+01 2.040667e+02
      vertex   -1.356142e+02 9.150000e+01 2.043260e+02
      vertex   -1.356142e+02 9.510000e+01 2.043260e+02
    endloop
  endfacet
  facet normal -8.819001e-01 0.000000e+00 4.714364e-01
    outer loop
      vertex   -1.357528e+02 9.510000e+01 2.040667e+02
      vertex   -1.357528e+02 9.150000e+01 2.040667e+02
      vertex   -1.356142e+02 9.150000e+01 2.043260e+02
    endloop
  endfacet
  facet normal -7.730375e-01 0.000000e+00 6.343603e-01
    outer loop
      vertex   -1.359393e+02 9.510000e+01 2.038393e+02
      vertex   -1.357528e+02 9.150000e+01 2.040667e+02
      vertex   -1.357528e+02 9.510000e+01 2.040667e+02
    endloop
  endfacet
  facet normal -7.730375e-01 0.000000e+00 6.343603e-01
    outer loop
      vertex   -1.359393e+02 9.510000e+01 2.038393e+02
      vertex   -1.359393e+02 9.150000e+01 2.038393e+02
      vertex   -1.357528e+02 9.150000e+01 2.040667e+02
    endloop
  endfacet
  facet normal -6.343922e-01 0.000000e+00 7.730114e-01
    outer loop
      vertex   -1.361666e+02 9.510000e+01 2.036528e+02
      vertex   -1.361666e+02 9.150000e+01 2.036528e+02
      vertex   -1.359393e+02 9.150000e+01 2.038393e+02
    endloop
  endfacet
  facet normal -6.343922e-01 0.000000e+00 7.730114e-01
    outer loop
      vertex   -1.361666e+02 9.510000e+01 2.036528e+02
      vertex   -1.359393e+02 9.150000e+01 2.038393e+02
      vertex   -1.359393e+02 9.510000e+01 2.038393e+02
    endloop
  endfacet
  facet normal -4.713725e-01 0.000000e+00 8.819342e-01
    outer loop
      vertex   -1.361666e+02 9.510000e+01 2.036528e+02
      vertex   -1.364260e+02 9.150000e+01 2.035142e+02
      vertex   -1.361666e+02 9.150000e+01 2.036528e+02
    endloop
  endfacet
  facet normal -4.713725e-01 0.000000e+00 8.819342e-01
    outer loop
      vertex   -1.364260e+02 9.510000e+01 2.035142e+02
      vertex   -1.364260e+02 9.150000e+01 2.035142e+02
      vertex   -1.361666e+02 9.510000e+01 2.036528e+02
    endloop
  endfacet
  facet normal -2.903278e-01 0.000000e+00 9.569272e-01
    outer loop
      vertex   -1.367074e+02 9.510000e+01 2.034288e+02
      vertex   -1.367074e+02 9.150000e+01 2.034288e+02
      vertex   -1.364260e+02 9.150000e+01 2.035142e+02
    endloop
  endfacet
  facet normal -2.903278e-01 0.000000e+00 9.569272e-01
    outer loop
      vertex   -1.367074e+02 9.510000e+01 2.034288e+02
      vertex   -1.364260e+02 9.150000e+01 2.035142e+02
      vertex   -1.364260e+02 9.510000e+01 2.035142e+02
    endloop
  endfacet
  facet normal -9.801044e-02 0.000000e+00 9.951854e-01
    outer loop
      vertex   -1.370000e+02 9.510000e+01 2.034000e+02
      vertex   -1.370000e+02 9.150000e+01 2.034000e+02
      vertex   -1.367074e+02 9.150000e+01 2.034288e+02
    endloop
  endfacet
  facet normal 9.800727e-02 0.000000e+00 9.951857e-01
    outer loop
      vertex   -1.370000e+02 9.510000e+01 2.034000e+02
      vertex   -1.372926e+02 9.150000e+01 2.034288e+02
      vertex   -1.370000e+02 9.150000e+01 2.034000e+02
    endloop
  endfacet
  facet normal -9.801044e-02 0.000000e+00 9.951854e-01
    outer loop
      vertex   -1.370000e+02 9.510000e+01 2.034000e+02
      vertex   -1.367074e+02 9.150000e+01 2.034288e+02
      vertex   -1.367074e+02 9.510000e+01 2.034288e+02
    endloop
  endfacet
  facet normal 9.800727e-02 0.000000e+00 9.951857e-01
    outer loop
      vertex   -1.372926e+02 9.510000e+01 2.034288e+02
      vertex   -1.372926e+02 9.150000e+01 2.034288e+02
      vertex   -1.370000e+02 9.510000e+01 2.034000e+02
    endloop
  endfacet
  facet normal 2.903278e-01 0.000000e+00 9.569272e-01
    outer loop
      vertex   -1.375740e+02 9.510000e+01 2.035142e+02
      vertex   -1.375740e+02 9.150000e+01 2.035142e+02
      vertex   -1.372926e+02 9.150000e+01 2.034288e+02
    endloop
  endfacet
  facet normal 4.713860e-01 0.000000e+00 8.819270e-01
    outer loop
      vertex   -1.375740e+02 9.510000e+01 2.035142e+02
      vertex   -1.378334e+02 9.150000e+01 2.036528e+02
      vertex   -1.375740e+02 9.150000e+01 2.035142e+02
    endloop
  endfacet
  facet normal 2.903278e-01 0.000000e+00 9.569272e-01
    outer loop
      vertex   -1.375740e+02 9.510000e+01 2.035142e+02
      vertex   -1.372926e+02 9.150000e+01 2.034288e+02
      vertex   -1.372926e+02 9.510000e+01 2.034288e+02
    endloop
  endfacet
  facet normal 4.713860e-01 0.000000e+00 8.819270e-01
    outer loop
      vertex   -1.378334e+02 9.510000e+01 2.036528e+02
      vertex   -1.378334e+02 9.150000e+01 2.036528e+02
      vertex   -1.375740e+02 9.510000e+01 2.035142e+02
    endloop
  endfacet
  facet normal 6.343762e-01 0.000000e+00 7.730244e-01
    outer loop
      vertex   -1.380607e+02 9.510000e+01 2.038393e+02
      vertex   -1.380607e+02 9.150000e+01 2.038393e+02
      vertex   -1.378334e+02 9.150000e+01 2.036528e+02
    endloop
  endfacet
  facet normal 6.343762e-01 0.000000e+00 7.730244e-01
    outer loop
      vertex   -1.380607e+02 9.510000e+01 2.038393e+02
      vertex   -1.378334e+02 9.150000e+01 2.036528e+02
      vertex   -1.378334e+02 9.510000e+01 2.036528e+02
    endloop
  endfacet
  facet normal 7.730375e-01 0.000000e+00 6.343603e-01
    outer loop
      vertex   -1.382472e+02 9.510000e+01 2.040667e+02
      vertex   -1.382472e+02 9.150000e+01 2.040667e+02
      vertex   -1.380607e+02 9.150000e+01 2.038393e+02
    endloop
  endfacet
  facet normal 8.819135e-01 0.000000e+00 4.714112e-01
    outer loop
      vertex   -1.382472e+02 9.510000e+01 2.040667e+02
      vertex   -1.383858e+02 9.150000e+01 2.043260e+02
      vertex   -1.382472e+02 9.150000e+01 2.040667e+02
    endloop
  endfacet
  facet normal 7.730375e-01 0.000000e+00 6.343603e-01
    outer loop
      vertex   -1.382472e+02 9.510000e+01 2.040667e+02
      vertex   -1.380607e+02 9.150000e+01 2.038393e+02
      vertex   -1.380607e+02 9.510000e+01 2.038393e+02
    endloop
  endfacet
  facet normal 8.819135e-01 0.000000e+00 4.714112e-01
    outer loop
      vertex   -1.383858e+02 9.510000e+01 2.043260e+02
      vertex   -1.383858e+02 9.150000e+01 2.043260e+02
      vertex   -1.382472e+02 9.510000e+01 2.040667e+02
    endloop
  endfacet
  facet normal 9.569363e-01 0.000000e+00 2.902981e-01
    outer loop
      vertex   -1.384712e+02 9.510000e+01 2.046074e+02
      vertex   -1.384712e+02 9.150000e+01 2.046074e+02
      vertex   -1.383858e+02 9.150000e+01 2.043260e+02
    endloop
  endfacet
  facet normal 9.951857e-01 0.000000e+00 9.800727e-02
    outer loop
      vertex   -1.384712e+02 9.510000e+01 2.046074e+02
      vertex   -1.385000e+02 9.150000e+01 2.049000e+02
      vertex   -1.384712e+02 9.150000e+01 2.046074e+02
    endloop
  endfacet
  facet normal 9.569363e-01 0.000000e+00 2.902981e-01
    outer loop
      vertex   -1.384712e+02 9.510000e+01 2.046074e+02
      vertex   -1.383858e+02 9.150000e+01 2.043260e+02
      vertex   -1.383858e+02 9.510000e+01 2.043260e+02
    endloop
  endfacet
  facet normal 9.951857e-01 0.000000e+00 9.800727e-02
    outer loop
      vertex   -1.385000e+02 9.510000e+01 2.049000e+02
      vertex   -1.385000e+02 9.150000e+01 2.049000e+02
      vertex   -1.384712e+02 9.510000e+01 2.046074e+02
    endloop
  endfacet
  facet normal 0.000000e+00 -1.000000e+00 0.000000e+00
    outer loop
      vertex   -1.615288e+02 9.510000e+01 2.306074e+02
      vertex   -1.617528e+02 9.510000e+01 2.300666e+02
      vertex   -1.616142e+02 9.510000e+01 2.303260e+02
    endloop
  endfacet
  facet normal 0.000000e+00 -1.000000e+00 0.000000e+00
    outer loop
      vertex   -1.640607e+02 9.510000e+01 2.298393e+02
      vertex   -1.635740e+02 9.510000e+01 2.295142e+02
      vertex   -1.632926e+02 9.510000e+01 2.294288e+02
    endloop
  endfacet
  facet normal 0.000000e+00 -1.000000e+00 0.000000e+00
    outer loop
      vertex   -1.640607e+02 9.510000e+01 2.298393e+02
      vertex   -1.638334e+02 9.510000e+01 2.296528e+02
      vertex   -1.635740e+02 9.510000e+01 2.295142e+02
    endloop
  endfacet
  facet normal 0.000000e+00 -1.000000e+00 0.000000e+00
    outer loop
      vertex   -1.642472e+02 9.510000e+01 2.300666e+02
      vertex   -1.632926e+02 9.510000e+01 2.294288e+02
      vertex   -1.630000e+02 9.510000e+01 2.294000e+02
    endloop
  endfacet
  facet normal 0.000000e+00 -1.000000e+00 0.000000e+00
    outer loop
      vertex   -1.642472e+02 9.510000e+01 2.300666e+02
      vertex   -1.640607e+02 9.510000e+01 2.298393e+02
      vertex   -1.632926e+02 9.510000e+01 2.294288e+02
    endloop
  endfacet
  facet normal 0.000000e+00 -1.000000e+00 0.000000e+00
    outer loop
      vertex   -1.627074e+02 9.510000e+01 2.323712e+02
      vertex   -1.621666e+02 9.510000e+01 2.321472e+02
      vertex   -1.624260e+02 9.510000e+01 2.322858e+02
    endloop
  endfacet
  facet normal 0.000000e+00 -1.000000e+00 0.000000e+00
    outer loop
      vertex   -1.627074e+02 9.510000e+01 2.323712e+02
      vertex   -1.619393e+02 9.510000e+01 2.319607e+02
      vertex   -1.621666e+02 9.510000e+01 2.321472e+02
    endloop
  endfacet
  facet normal 0.000000e+00 -1.000000e+00 0.000000e+00
    outer loop
      vertex   -1.644712e+02 9.510000e+01 2.306074e+02
      vertex   -1.630000e+02 9.510000e+01 2.294000e+02
      vertex   -1.627074e+02 9.510000e+01 2.294288e+02
    endloop
  endfacet
  facet normal 0.000000e+00 -1.000000e+00 0.000000e+00
    outer loop
      vertex   -1.644712e+02 9.510000e+01 2.306074e+02
      vertex   -1.643858e+02 9.510000e+01 2.303260e+02
      vertex   -1.642472e+02 9.510000e+01 2.300666e+02
    endloop
  endfacet
  facet normal 0.000000e+00 -1.000000e+00 0.000000e+00
    outer loop
      vertex   -1.644712e+02 9.510000e+01 2.306074e+02
      vertex   -1.642472e+02 9.510000e+01 2.300666e+02
      vertex   -1.630000e+02 9.510000e+01 2.294000e+02
    endloop
  endfacet
  facet normal 0.000000e+00 -1.000000e+00 0.000000e+00
    outer loop
      vertex   -1.642472e+02 9.510000e+01 2.317334e+02
      vertex   -1.644712e+02 9.510000e+01 2.311926e+02
      vertex   -1.645000e+02 9.510000e+01 2.309000e+02
    endloop
  endfacet
  facet normal 0.000000e+00 -1.000000e+00 0.000000e+00
    outer loop
      vertex   -1.642472e+02 9.510000e+01 2.317334e+02
      vertex   -1.643858e+02 9.510000e+01 2.314740e+02
      vertex   -1.644712e+02 9.510000e+01 2.311926e+02
    endloop
  endfacet
  facet normal 0.000000e+00 -1.000000e+00 0.000000e+00
    outer loop
      vertex   -1.642472e+02 9.510000e+01 2.317334e+02
      vertex   -1.645000e+02 9.510000e+01 2.309000e+02
      vertex   -1.644712e+02 9.510000e+01 2.306074e+02
    endloop
  endfacet
  facet normal 0.000000e+00 -1.000000e+00 0.000000e+00
    outer loop
      vertex   -1.638334e+02 9.510000e+01 2.321472e+02
      vertex   -1.632926e+02 9.510000e+01 2.323712e+02
      vertex   -1.635740e+02 9.510000e+01 2.322858e+02
    endloop
  endfacet
  facet normal 0.000000e+00 -1.000000e+00 0.000000e+00
    outer loop
      vertex   -1.638334e+02 9.510000e+01 2.321472e+02
      vertex   -1.630000e+02 9.510000e+01 2.324000e+02
      vertex   -1.632926e+02 9.510000e+01 2.323712e+02
    endloop
  endfacet
  facet normal 0.000000e+00 -1.000000e+00 0.000000e+00
    outer loop
      vertex   -1.638334e+02 9.510000e+01 2.321472e+02
      vertex   -1.627074e+02 9.510000e+01 2.323712e+02
      vertex   -1.630000e+02 9.510000e+01 2.324000e+02
    endloop
  endfacet
  facet normal 0.000000e+00 -1.000000e+00 0.000000e+00
    outer loop
      vertex   -1.640607e+02 9.510000e+01 2.319607e+02
      vertex   -1.617528e+02 9.510000e+01 2.317334e+02
      vertex   -1.619393e+02 9.510000e+01 2.319607e+02
    endloop
  endfacet
  facet normal 0.000000e+00 -1.000000e+00 0.000000e+00
    outer loop
      vertex   -1.640607e+02 9.510000e+01 2.319607e+02
      vertex   -1.616142e+02 9.510000e+01 2.314740e+02
      vertex   -1.617528e+02 9.510000e+01 2.317334e+02
    endloop
  endfacet
  facet normal 0.000000e+00 -1.000000e+00 0.000000e+00
    outer loop
      vertex   -1.640607e+02 9.510000e+01 2.319607e+02
      vertex   -1.615288e+02 9.510000e+01 2.311926e+02
      vertex   -1.616142e+02 9.510000e+01 2.314740e+02
    endloop
  endfacet
  facet normal 0.000000e+00 -1.000000e+00 0.000000e+00
    outer loop
      vertex   -1.640607e+02 9.510000e+01 2.319607e+02
      vertex   -1.615000e+02 9.510000e+01 2.309000e+02
      vertex   -1.615288e+02 9.510000e+01 2.311926e+02
    endloop
  endfacet
  facet normal 0.000000e+00 -1.000000e+00 0.000000e+00
    outer loop
      vertex   -1.640607e+02 9.510000e+01 2.319607e+02
      vertex   -1.615288e+02 9.510000e+01 2.306074e+02
      vertex   -1.615000e+02 9.510000e+01 2.309000e+02
    endloop
  endfacet
  facet normal 0.000000e+00 -1.000000e+00 0.000000e+00
    outer loop
      vertex   -1.640607e+02 9.510000e+01 2.319607e+02
      vertex   -1.619393e+02 9.510000e+01 2.298393e+02
      vertex   -1.617528e+02 9.510000e+01 2.300666e+02
    endloop
  endfacet
  facet normal 0.000000e+00 -1.000000e+00 0.000000e+00
    outer loop
      vertex   -1.640607e+02 9.510000e+01 2.319607e+02
      vertex   -1.621666e+02 9.510000e+01 2.296528e+02
      vertex   -1.619393e+02 9.510000e+01 2.298393e+02
    endloop
  endfacet
  facet normal 0.000000e+00 -1.000000e+00 0.000000e+00
    outer loop
      vertex   -1.640607e+02 9.510000e+01 2.319607e+02
      vertex   -1.624260e+02 9.510000e+01 2.295142e+02
      vertex   -1.621666e+02 9.510000e+01 2.296528e+02
    endloop
  endfacet
  facet normal 0.000000e+00 -1.000000e+00 0.000000e+00
    outer loop
      vertex   -1.640607e+02 9.510000e+01 2.319607e+02
      vertex   -1.627074e+02 9.510000e+01 2.294288e+02
      vertex   -1.624260e+02 9.510000e+01 2.295142e+02
    endloop
  endfacet
  facet normal 0.000000e+00 -1.000000e+00 0.000000e+00
    outer loop
      vertex   -1.640607e+02 9.510000e+01 2.319607e+02
      vertex   -1.617528e+02 9.510000e+01 2.300666e+02
      vertex   -1.615288e+02 9.510000e+01 2.306074e+02
    endloop
  endfacet
  facet normal 0.000000e+00 -1.000000e+00 0.000000e+00
    outer loop
      vertex   -1.640607e+02 9.510000e+01 2.319607e+02
      vertex   -1.627074e+02 9.510000e+01 2.323712e+02
      vertex   -1.638334e+02 9.510000e+01 2.321472e+02
    endloop
  endfacet
  facet normal 0.000000e+00 -1.000000e+00 -0.000000e+00
    outer loop
      vertex   -1.640607e+02 9.510000e+01 2.319607e+02
      vertex   -1.644712e+02 9.510000e+01 2.306074e+02
      vertex   -1.627074e+02 9.510000e+01 2.294288e+02
    endloop
  endfacet
  facet normal 0.000000e+00 -1.000000e+00 0.000000e+00
    outer loop
      vertex   -1.640607e+02 9.510000e+01 2.319607e+02
      vertex   -1.619393e+02 9.510000e+01 2.319607e+02
      vertex   -1.627074e+02 9.510000e+01 2.323712e+02
    endloop
  endfacet
  facet normal 0.000000e+00 -1.000000e+00 0.000000e+00
    outer loop
      vertex   -1.640607e+02 9.510000e+01 2.319607e+02
      vertex   -1.642472e+02 9.510000e+01 2.317334e+02
      vertex   -1.644712e+02 9.510000e+01 2.306074e+02
    endloop
  endfacet
  facet normal 0.000000e+00 -1.000000e+00 0.000000e+00
    outer loop
      vertex   -1.355288e+02 9.510000e+01 2.306074e+02
      vertex   -1.357528e+02 9.510000e+01 2.300666e+02
      vertex   -1.356142e+02 9.510000e+01 2.303260e+02
    endloop
  endfacet
  facet normal 0.000000e+00 -1.000000e+00 0.000000e+00
    outer loop
      vertex   -1.380607e+02 9.510000e+01 2.298393e+02
      vertex   -1.375740e+02 9.510000e+01 2.295142e+02
      vertex   -1.372926e+02 9.510000e+01 2.294288e+02
    endloop
  endfacet
  facet normal 0.000000e+00 -1.000000e+00 0.000000e+00
    outer loop
      vertex   -1.380607e+02 9.510000e+01 2.298393e+02
      vertex   -1.378334e+02 9.510000e+01 2.296528e+02
      vertex   -1.375740e+02 9.510000e+01 2.295142e+02
    endloop
  endfacet
  facet normal 0.000000e+00 -1.000000e+00 0.000000e+00
    outer loop
      vertex   -1.382472e+02 9.510000e+01 2.300666e+02
      vertex   -1.372926e+02 9.510000e+01 2.294288e+02
      vertex   -1.370000e+02 9.510000e+01 2.294000e+02
    endloop
  endfacet
  facet normal 0.000000e+00 -1.000000e+00 0.000000e+00
    outer loop
      vertex   -1.382472e+02 9.510000e+01 2.300666e+02
      vertex   -1.380607e+02 9.510000e+01 2.298393e+02
      vertex   -1.372926e+02 9.510000e+01 2.294288e+02
    endloop
  endfacet
  facet normal 0.000000e+00 -1.000000e+00 0.000000e+00
    outer loop
      vertex   -1.367074e+02 9.510000e+01 2.323712e+02
      vertex   -1.361666e+02 9.510000e+01 2.321472e+02
      vertex   -1.364260e+02 9.510000e+01 2.322858e+02
    endloop
  endfacet
  facet normal 0.000000e+00 -1.000000e+00 0.000000e+00
    outer loop
      vertex   -1.367074e+02 9.510000e+01 2.323712e+02
      vertex   -1.359393e+02 9.510000e+01 2.319607e+02
      vertex   -1.361666e+02 9.510000e+01 2.321472e+02
    endloop
  endfacet
  facet normal 0.000000e+00 -1.000000e+00 0.000000e+00
    outer loop
      vertex   -1.384712e+02 9.510000e+01 2.306074e+02
      vertex   -1.370000e+02 9.510000e+01 2.294000e+02
      vertex   -1.367074e+02 9.510000e+01 2.294288e+02
    endloop
  endfacet
  facet normal 0.000000e+00 -1.000000e+00 0.000000e+00
    outer loop
      vertex   -1.384712e+02 9.510000e+01 2.306074e+02
      vertex   -1.383858e+02 9.510000e+01 2.303260e+02
      vertex   -1.382472e+02 9.510000e+01 2.300666e+02
    endloop
  endfacet
  facet normal 0.000000e+00 -1.000000e+00 0.000000e+00
    outer loop
      vertex   -1.384712e+02 9.510000e+01 2.306074e+02
      vertex   -1.382472e+02 9.510000e+01 2.300666e+02
      vertex   -1.370000e+02 9.510000e+01 2.294000e+02
    endloop
  endfacet
  facet normal 0.000000e+00 -1.000000e+00 0.000000e+00
    outer loop
      vertex   -1.382472e+02 9.510000e+01 2.317334e+02
      vertex   -1.384712e+02 9.510000e+01 2.311926e+02
      vertex   -1.385000e+02 9.510000e+01 2.309000e+02
    endloop
  endfacet
  facet normal 0.000000e+00 -1.000000e+00 0.000000e+00
    outer loop
      vertex   -1.382472e+02 9.510000e+01 2.317334e+02
      vertex   -1.383858e+02 9.510000e+01 2.314740e+02
      vertex   -1.384712e+02 9.510000e+01 2.311926e+02
    endloop
  endfacet
  facet normal 0.000000e+00 -1.000000e+00 0.000000e+00
    outer loop
      vertex   -1.382472e+02 9.510000e+01 2.317334e+02
      vertex   -1.385000e+02 9.510000e+01 2.309000e+02
      vertex   -1.384712e+02 9.510000e+01 2.306074e+02
    endloop
  endfacet
  facet normal 0.000000e+00 -1.000000e+00 0.000000e+00
    outer loop
      vertex   -1.378334e+02 9.510000e+01 2.321472e+02
      vertex   -1.372926e+02 9.510000e+01 2.323712e+02
      vertex   -1.375740e+02 9.510000e+01 2.322858e+02
    endloop
  endfacet
  facet normal 0.000000e+00 -1.000000e+00 0.000000e+00
    outer loop
      vertex   -1.378334e+02 9.510000e+01 2.321472e+02
      vertex   -1.370000e+02 9.510000e+01 2.324000e+02
      vertex   -1.372926e+02 9.510000e+01 2.323712e+02
    endloop
  endfacet
  facet normal 0.000000e+00 -1.000000e+00 0.000000e+00
    outer loop
      vertex   -1.378334e+02 9.510000e+01 2.321472e+02
      vertex   -1.367074e+02 9.510000e+01 2.323712e+02
      vertex   -1.370000e+02 9.510000e+01 2.324000e+02
    endloop
  endfacet
  facet normal 0.000000e+00 -1.000000e+00 0.000000e+00
    outer loop
      vertex   -1.380607e+02 9.510000e+01 2.319607e+02
      vertex   -1.357528e+02 9.510000e+01 2.317334e+02
      vertex   -1.359393e+02 9.510000e+01 2.319607e+02
    endloop
  endfacet
  facet normal 0.000000e+00 -1.000000e+00 0.000000e+00
    outer loop
      vertex   -1.380607e+02 9.510000e+01 2.319607e+02
      vertex   -1.356142e+02 9.510000e+01 2.314740e+02
      vertex   -1.357528e+02 9.510000e+01 2.317334e+02
    endloop
  endfacet
  facet normal 0.000000e+00 -1.000000e+00 0.000000e+00
    outer loop
      vertex   -1.380607e+02 9.510000e+01 2.319607e+02
      vertex   -1.355288e+02 9.510000e+01 2.311926e+02
      vertex   -1.356142e+02 9.510000e+01 2.314740e+02
    endloop
  endfacet
  facet normal 0.000000e+00 -1.000000e+00 0.000000e+00
    outer loop
      vertex   -1.380607e+02 9.510000e+01 2.319607e+02
      vertex   -1.355000e+02 9.510000e+01 2.309000e+02
      vertex   -1.355288e+02 9.510000e+01 2.311926e+02
    endloop
  endfacet
  facet normal 0.000000e+00 -1.000000e+00 0.000000e+00
    outer loop
      vertex   -1.380607e+02 9.510000e+01 2.319607e+02
      vertex   -1.355288e+02 9.510000e+01 2.306074e+02
      vertex   -1.355000e+02 9.510000e+01 2.309000e+02
    endloop
  endfacet
  facet normal 0.000000e+00 -1.000000e+00 0.000000e+00
    outer loop
      vertex   -1.380607e+02 9.510000e+01 2.319607e+02
      vertex   -1.359393e+02 9.510000e+01 2.298393e+02
      vertex   -1.357528e+02 9.510000e+01 2.300666e+02
    endloop
  endfacet
  facet normal 0.000000e+00 -1.000000e+00 0.000000e+00
    outer loop
      vertex   -1.380607e+02 9.510000e+01 2.319607e+02
      vertex   -1.361666e+02 9.510000e+01 2.296528e+02
      vertex   -1.359393e+02 9.510000e+01 2.298393e+02
    endloop
  endfacet
  facet normal 0.000000e+00 -1.000000e+00 0.000000e+00
    outer loop
      vertex   -1.380607e+02 9.510000e+01 2.319607e+02
      vertex   -1.364260e+02 9.510000e+01 2.295142e+02
      vertex   -1.361666e+02 9.510000e+01 2.296528e+02
    endloop
  endfacet
  facet normal 0.000000e+00 -1.000000e+00 0.000000e+00
    outer loop
      vertex   -1.380607e+02 9.510000e+01 2.319607e+02
      vertex   -1.367074e+02 9.510000e+01 2.294288e+02
      vertex   -1.364260e+02 9.510000e+01 2.295142e+02
    endloop
  endfacet
  facet normal 0.000000e+00 -1.000000e+00 0.000000e+00
    outer loop
      vertex   -1.380607e+02 9.510000e+01 2.319607e+02
      vertex   -1.357528e+02 9.510000e+01 2.300666e+02
      vertex   -1.355288e+02 9.510000e+01 2.306074e+02
    endloop
  endfacet
  facet normal 0.000000e+00 -1.000000e+00 0.000000e+00
    outer loop
      vertex   -1.380607e+02 9.510000e+01 2.319607e+02
      vertex   -1.367074e+02 9.510000e+01 2.323712e+02
      vertex   -1.378334e+02 9.510000e+01 2.321472e+02
    endloop
  endfacet
  facet normal 0.000000e+00 -1.000000e+00 -0.000000e+00
    outer loop
      vertex   -1.380607e+02 9.510000e+01 2.319607e+02
      vertex   -1.384712e+02 9.510000e+01 2.306074e+02
      vertex   -1.367074e+02 9.510000e+01 2.294288e+02
    endloop
  endfacet
  facet normal 0.000000e+00 -1.000000e+00 0.000000e+00
    outer loop
      vertex   -1.380607e+02 9.510000e+01 2.319607e+02
      vertex   -1.359393e+02 9.510000e+01 2.319607e+02
      vertex   -1.367074e+02 9.510000e+01 2.323712e+02
    endloop
  endfacet
  facet normal 0.000000e+00 -1.000000e+00 0.000000e+00
    outer loop
      vertex   -1.380607e+02 9.510000e+01 2.319607e+02
      vertex   -1.382472e+02 9.510000e+01 2.317334e+02
      vertex   -1.384712e+02 9.510000e+01 2.306074e+02
    endloop
  endfacet
  facet normal 0.000000e+00 -1.000000e+00 0.000000e+00
    outer loop
      vertex   -1.615288e+02 9.510000e+01 2.046074e+02
      vertex   -1.617528e+02 9.510000e+01 2.040667e+02
      vertex   -1.616142e+02 9.510000e+01 2.043260e+02
    endloop
  endfacet
  facet normal 0.000000e+00 -1.000000e+00 0.000000e+00
    outer loop
      vertex   -1.640607e+02 9.510000e+01 2.038393e+02
      vertex   -1.635740e+02 9.510000e+01 2.035142e+02
      vertex   -1.632926e+02 9.510000e+01 2.034288e+02
    endloop
  endfacet
  facet normal 0.000000e+00 -1.000000e+00 0.000000e+00
    outer loop
      vertex   -1.640607e+02 9.510000e+01 2.038393e+02
      vertex   -1.638334e+02 9.510000e+01 2.036528e+02
      vertex   -1.635740e+02 9.510000e+01 2.035142e+02
    endloop
  endfacet
  facet normal 0.000000e+00 -1.000000e+00 0.000000e+00
    outer loop
      vertex   -1.642472e+02 9.510000e+01 2.040667e+02
      vertex   -1.632926e+02 9.510000e+01 2.034288e+02
      vertex   -1.630000e+02 9.510000e+01 2.034000e+02
    endloop
  endfacet
  facet normal 0.000000e+00 -1.000000e+00 0.000000e+00
    outer loop
      vertex   -1.642472e+02 9.510000e+01 2.040667e+02
      vertex   -1.640607e+02 9.510000e+01 2.038393e+02
      vertex   -1.632926e+02 9.510000e+01 2.034288e+02
    endloop
  endfacet
  facet normal 0.000000e+00 -1.000000e+00 0.000000e+00
    outer loop
      vertex   -1.627074e+02 9.510000e+01 2.063712e+02
      vertex   -1.621666e+02 9.510000e+01 2.061472e+02
      vertex   -1.624260e+02 9.510000e+01 2.062858e+02
    endloop
  endfacet
  facet normal 0.000000e+00 -1.000000e+00 0.000000e+00
    outer loop
      vertex   -1.627074e+02 9.510000e+01 2.063712e+02
      vertex   -1.619393e+02 9.510000e+01 2.059607e+02
      vertex   -1.621666e+02 9.510000e+01 2.061472e+02
    endloop
  endfacet
  facet normal 0.000000e+00 -1.000000e+00 0.000000e+00
    outer loop
      vertex   -1.644712e+02 9.510000e+01 2.046074e+02
      vertex   -1.630000e+02 9.510000e+01 2.034000e+02
      vertex   -1.627074e+02 9.510000e+01 2.034288e+02
    endloop
  endfacet
  facet normal 0.000000e+00 -1.000000e+00 0.000000e+00
    outer loop
      vertex   -1.644712e+02 9.510000e+01 2.046074e+02
      vertex   -1.643858e+02 9.510000e+01 2.043260e+02
      vertex   -1.642472e+02 9.510000e+01 2.040667e+02
    endloop
  endfacet
  facet normal 0.000000e+00 -1.000000e+00 0.000000e+00
    outer loop
      vertex   -1.644712e+02 9.510000e+01 2.046074e+02
      vertex   -1.642472e+02 9.510000e+01 2.040667e+02
      vertex   -1.630000e+02 9.510000e+01 2.034000e+02
    endloop
  endfacet
  facet normal 0.000000e+00 -1.000000e+00 0.000000e+00
    outer loop
      vertex   -1.642472e+02 9.510000e+01 2.057334e+02
      vertex   -1.644712e+02 9.510000e+01 2.051926e+02
      vertex   -1.645000e+02 9.510000e+01 2.049000e+02
    endloop
  endfacet
  facet normal 0.000000e+00 -1.000000e+00 0.000000e+00
    outer loop
      vertex   -1.642472e+02 9.510000e+01 2.057334e+02
      vertex   -1.643858e+02 9.510000e+01 2.054740e+02
      vertex   -1.644712e+02 9.510000e+01 2.051926e+02
    endloop
  endfacet
  facet normal 0.000000e+00 -1.000000e+00 0.000000e+00
    outer loop
      vertex   -1.642472e+02 9.510000e+01 2.057334e+02
      vertex   -1.645000e+02 9.510000e+01 2.049000e+02
      vertex   -1.644712e+02 9.510000e+01 2.046074e+02
    endloop
  endfacet
  facet normal 0.000000e+00 -1.000000e+00 0.000000e+00
    outer loop
      vertex   -1.638334e+02 9.510000e+01 2.061472e+02
      vertex   -1.632926e+02 9.510000e+01 2.063712e+02
      vertex   -1.635740e+02 9.510000e+01 2.062858e+02
    endloop
  endfacet
  facet normal 0.000000e+00 -1.000000e+00 0.000000e+00
    outer loop
      vertex   -1.638334e+02 9.510000e+01 2.061472e+02
      vertex   -1.630000e+02 9.510000e+01 2.064000e+02
      vertex   -1.632926e+02 9.510000e+01 2.063712e+02
    endloop
  endfacet
  facet normal 0.000000e+00 -1.000000e+00 0.000000e+00
    outer loop
      vertex   -1.638334e+02 9.510000e+01 2.061472e+02
      vertex   -1.627074e+02 9.510000e+01 2.063712e+02
      vertex   -1.630000e+02 9.510000e+01 2.064000e+02
    endloop
  endfacet
  facet normal 0.000000e+00 -1.000000e+00 0.000000e+00
    outer loop
      vertex   -1.640607e+02 9.510000e+01 2.059607e+02
      vertex   -1.617528e+02 9.510000e+01 2.057334e+02
      vertex   -1.619393e+02 9.510000e+01 2.059607e+02
    endloop
  endfacet
  facet normal 0.000000e+00 -1.000000e+00 0.000000e+00
    outer loop
      vertex   -1.640607e+02 9.510000e+01 2.059607e+02
      vertex   -1.616142e+02 9.510000e+01 2.054740e+02
      vertex   -1.617528e+02 9.510000e+01 2.057334e+02
    endloop
  endfacet
  facet normal 0.000000e+00 -1.000000e+00 0.000000e+00
    outer loop
      vertex   -1.640607e+02 9.510000e+01 2.059607e+02
      vertex   -1.615288e+02 9.510000e+01 2.051926e+02
      vertex   -1.616142e+02 9.510000e+01 2.054740e+02
    endloop
  endfacet
  facet normal 0.000000e+00 -1.000000e+00 0.000000e+00
    outer loop
      vertex   -1.640607e+02 9.510000e+01 2.059607e+02
      vertex   -1.615000e+02 9.510000e+01 2.049000e+02
      vertex   -1.615288e+02 9.510000e+01 2.051926e+02
    endloop
  endfacet
  facet normal 0.000000e+00 -1.000000e+00 0.000000e+00
    outer loop
      vertex   -1.640607e+02 9.510000e+01 2.059607e+02
      vertex   -1.615288e+02 9.510000e+01 2.046074e+02
      vertex   -1.615000e+02 9.510000e+01 2.049000e+02
    endloop
  endfacet
  facet normal 0.000000e+00 -1.000000e+00 0.000000e+00
    outer loop
      vertex   -1.640607e+02 9.510000e+01 2.059607e+02
      vertex   -1.619393e+02 9.510000e+01 2.038393e+02
      vertex   -1.617528e+02 9.510000e+01 2.040667e+02
    endloop
  endfacet
  facet normal 0.000000e+00 -1.000000e+00 0.000000e+00
    outer loop
      vertex   -1.640607e+02 9.510000e+01 2.059607e+02
      vertex   -1.621666e+02 9.510000e+01 2.036528e+02
      vertex   -1.619393e+02 9.510000e+01 2.038393e+02
    endloop
  endfacet
  facet normal 0.000000e+00 -1.000000e+00 0.000000e+00
    outer loop
      vertex   -1.640607e+02 9.510000e+01 2.059607e+02
      vertex   -1.624260e+02 9.510000e+01 2.035142e+02
      vertex   -1.621666e+02 9.510000e+01 2.036528e+02
    endloop
  endfacet
  facet normal 0.000000e+00 -1.000000e+00 0.000000e+00
    outer loop
      vertex   -1.640607e+02 9.510000e+01 2.059607e+02
      vertex   -1.627074e+02 9.510000e+01 2.034288e+02
      vertex   -1.624260e+02 9.510000e+01 2.035142e+02
    endloop
  endfacet
  facet normal 0.000000e+00 -1.000000e+00 0.000000e+00
    outer loop
      vertex   -1.640607e+02 9.510000e+01 2.059607e+02
      vertex   -1.617528e+02 9.510000e+01 2.040667e+02
      vertex   -1.615288e+02 9.510000e+01 2.046074e+02
    endloop
  endfacet
  facet normal 0.000000e+00 -1.000000e+00 0.000000e+00
    outer loop
      vertex   -1.640607e+02 9.510000e+01 2.059607e+02
      vertex   -1.627074e+02 9.510000e+01 2.063712e+02
      vertex   -1.638334e+02 9.510000e+01 2.061472e+02
    endloop
  endfacet
  facet normal 0.000000e+00 -1.000000e+00 -0.000000e+00
    outer loop
      vertex   -1.640607e+02 9.510000e+01 2.059607e+02
      vertex   -1.644712e+02 9.510000e+01 2.046074e+02
      vertex   -1.627074e+02 9.510000e+01 2.034288e+02
    endloop
  endfacet
  facet normal 0.000000e+00 -1.000000e+00 0.000000e+00
    outer loop
      vertex   -1.640607e+02 9.510000e+01 2.059607e+02
      vertex   -1.619393e+02 9.510000e+01 2.059607e+02
      vertex   -1.627074e+02 9.510000e+01 2.063712e+02
    endloop
  endfacet
  facet normal 0.000000e+00 -1.000000e+00 0.000000e+00
    outer loop
      vertex   -1.640607e+02 9.510000e+01 2.059607e+02
      vertex   -1.642472e+02 9.510000e+01 2.057334e+02
      vertex   -1.644712e+02 9.510000e+01 2.046074e+02
    endloop
  endfacet
  facet normal 0.000000e+00 -1.000000e+00 0.000000e+00
    outer loop
      vertex   -1.355288e+02 9.510000e+01 2.046074e+02
      vertex   -1.357528e+02 9.510000e+01 2.040667e+02
      vertex   -1.356142e+02 9.510000e+01 2.043260e+02
    endloop
  endfacet
  facet normal 0.000000e+00 -1.000000e+00 0.000000e+00
    outer loop
      vertex   -1.380607e+02 9.510000e+01 2.038393e+02
      vertex   -1.375740e+02 9.510000e+01 2.035142e+02
      vertex   -1.372926e+02 9.510000e+01 2.034288e+02
    endloop
  endfacet
  facet normal 0.000000e+00 -1.000000e+00 0.000000e+00
    outer loop
      vertex   -1.380607e+02 9.510000e+01 2.038393e+02
      vertex   -1.378334e+02 9.510000e+01 2.036528e+02
      vertex   -1.375740e+02 9.510000e+01 2.035142e+02
    endloop
  endfacet
  facet normal 0.000000e+00 -1.000000e+00 0.000000e+00
    outer loop
      vertex   -1.382472e+02 9.510000e+01 2.040667e+02
      vertex   -1.372926e+02 9.510000e+01 2.034288e+02
      vertex   -1.370000e+02 9.510000e+01 2.034000e+02
    endloop
  endfacet
  facet normal 0.000000e+00 -1.000000e+00 0.000000e+00
    outer loop
      vertex   -1.382472e+02 9.510000e+01 2.040667e+02
      vertex   -1.380607e+02 9.510000e+01 2.038393e+02
      vertex   -1.372926e+02 9.510000e+01 2.034288e+02
    endloop
  endfacet
  facet normal 0.000000e+00 -1.000000e+00 0.000000e+00
    outer loop
      vertex   -1.367074e+02 9.510000e+01 2.063712e+02
      vertex   -1.361666e+02 9.510000e+01 2.061472e+02
      vertex   -1.364260e+02 9.510000e+01 2.062858e+02
    endloop
  endfacet
  facet normal 0.000000e+00 -1.000000e+00 0.000000e+00
    outer loop
      vertex   -1.367074e+02 9.510000e+01 2.063712e+02
      vertex   -1.359393e+02 9.510000e+01 2.059607e+02
      vertex   -1.361666e+02 9.510000e+01 2.061472e+02
    endloop
  endfacet
  facet normal 0.000000e+00 -1.000000e+00 0.000000e+00
    outer loop
      vertex   -1.384712e+02 9.510000e+01 2.046074e+02
      vertex   -1.370000e+02 9.510000e+01 2.034000e+02
      vertex   -1.367074e+02 9.510000e+01 2.034288e+02
    endloop
  endfacet
  facet normal 0.000000e+00 -1.000000e+00 0.000000e+00
    outer loop
      vertex   -1.384712e+02 9.510000e+01 2.046074e+02
      vertex   -1.383858e+02 9.510000e+01 2.043260e+02
      vertex   -1.382472e+02 9.510000e+01 2.040667e+02
    endloop
  endfacet
  facet normal 0.000000e+00 -1.000000e+00 0.000000e+00
    outer loop
      vertex   -1.384712e+02 9.510000e+01 2.046074e+02
      vertex   -1.382472e+02 9.510000e+01 2.040667e+02
      vertex   -1.370000e+02 9.510000e+01 2.034000e+02
    endloop
  endfacet
  facet normal 0.000000e+00 -1.000000e+00 0.000000e+00
    outer loop
      vertex   -1.382472e+02 9.510000e+01 2.057334e+02
      vertex   -1.384712e+02 9.510000e+01 2.051926e+02
      vertex   -1.385000e+02 9.510000e+01 2.049000e+02
    endloop
  endfacet
  facet normal 0.000000e+00 -1.000000e+00 0.000000e+00
    outer loop
      vertex   -1.382472e+02 9.510000e+01 2.057334e+02
      vertex   -1.383858e+02 9.510000e+01 2.054740e+02
      vertex   -1.384712e+02 9.510000e+01 2.051926e+02
    endloop
  endfacet
  facet normal 0.000000e+00 -1.000000e+00 0.000000e+00
    outer loop
      vertex   -1.382472e+02 9.510000e+01 2.057334e+02
      vertex   -1.385000e+02 9.510000e+01 2.049000e+02
      vertex   -1.384712e+02 9.510000e+01 2.046074e+02
    endloop
  endfacet
  facet normal 0.000000e+00 -1.000000e+00 0.000000e+00
    outer loop
      vertex   -1.378334e+02 9.510000e+01 2.061472e+02
      vertex   -1.372926e+02 9.510000e+01 2.063712e+02
      vertex   -1.375740e+02 9.510000e+01 2.062858e+02
    endloop
  endfacet
  facet normal 0.000000e+00 -1.000000e+00 0.000000e+00
    outer loop
      vertex   -1.378334e+02 9.510000e+01 2.061472e+02
      vertex   -1.370000e+02 9.510000e+01 2.064000e+02
      vertex   -1.372926e+02 9.510000e+01 2.063712e+02
    endloop
  endfacet
  facet normal 0.000000e+00 -1.000000e+00 0.000000e+00
    outer loop
      vertex   -1.378334e+02 9.510000e+01 2.061472e+02
      vertex   -1.367074e+02 9.510000e+01 2.063712e+02
      vertex   -1.370000e+02 9.510000e+01 2.064000e+02
    endloop
  endfacet
  facet normal 0.000000e+00 -1.000000e+00 0.000000e+00
    outer loop
      vertex   -1.380607e+02 9.510000e+01 2.059607e+02
      vertex   -1.357528e+02 9.510000e+01 2.057334e+02
      vertex   -1.359393e+02 9.510000e+01 2.059607e+02
    endloop
  endfacet
  facet normal 0.000000e+00 -1.000000e+00 0.000000e+00
    outer loop
      vertex   -1.380607e+02 9.510000e+01 2.059607e+02
      vertex   -1.356142e+02 9.510000e+01 2.054740e+02
      vertex   -1.357528e+02 9.510000e+01 2.057334e+02
    endloop
  endfacet
  facet normal 0.000000e+00 -1.000000e+00 0.000000e+00
    outer loop
      vertex   -1.380607e+02 9.510000e+01 2.059607e+02
      vertex   -1.355288e+02 9.510000e+01 2.051926e+02
      vertex   -1.356142e+02 9.510000e+01 2.054740e+02
    endloop
  endfacet
  facet normal 0.000000e+00 -1.000000e+00 0.000000e+00
    outer loop
      vertex   -1.380607e+02 9.510000e+01 2.059607e+02
      vertex   -1.355000e+02 9.510000e+01 2.049000e+02
      vertex   -1.355288e+02 9.510000e+01 2.051926e+02
    endloop
  endfacet
  facet normal 0.000000e+00 -1.000000e+00 0.000000e+00
    outer loop
      vertex   -1.380607e+02 9.510000e+01 2.059607e+02
      vertex   -1.355288e+02 9.510000e+01 2.046074e+02
      vertex   -1.355000e+02 9.510000e+01 2.049000e+02
    endloop
  endfacet
  facet normal 0.000000e+00 -1.000000e+00 0.000000e+00
    outer loop
      vertex   -1.380607e+02 9.510000e+01 2.059607e+02
      vertex   -1.359393e+02 9.510000e+01 2.038393e+02
      vertex   -1.357528e+02 9.510000e+01 2.040667e+02
    endloop
  endfacet
  facet normal 0.000000e+00 -1.000000e+00 0.000000e+00
    outer loop
      vertex   -1.380607e+02 9.510000e+01 2.059607e+02
      vertex   -1.361666e+02 9.510000e+01 2.036528e+02
      vertex   -1.359393e+02 9.510000e+01 2.038393e+02
    endloop
  endfacet
  facet normal 0.000000e+00 -1.000000e+00 0.000000e+00
    outer loop
      vertex   -1.380607e+02 9.510000e+01 2.059607e+02
      vertex   -1.364260e+02 9.510000e+01 2.035142e+02
      vertex   -1.361666e+02 9.510000e+01 2.036528e+02
    endloop
  endfacet
  facet normal 0.000000e+00 -1.000000e+00 0.000000e+00
    outer loop
      vertex   -1.380607e+02 9.510000e+01 2.059607e+02
      vertex   -1.367074e+02 9.510000e+01 2.034288e+02
      vertex   -1.364260e+02 9.510000e+01 2.035142e+02
    endloop
  endfacet
  facet normal 0.000000e+00 -1.000000e+00 0.000000e+00
    outer loop
      vertex   -1.380607e+02 9.510000e+01 2.059607e+02
      vertex   -1.357528e+02 9.510000e+01 2.040667e+02
      vertex   -1.355288e+02 9.510000e+01 2.046074e+02
    endloop
  endfacet
  facet normal 0.000000e+00 -1.000000e+00 0.000000e+00
    outer loop
      vertex   -1.380607e+02 9.510000e+01 2.059607e+02
      vertex   -1.367074e+02 9.510000e+01 2.063712e+02
      vertex   -1.378334e+02 9.510000e+01 2.061472e+02
    endloop
  endfacet
  facet normal 0.000000e+00 -1.000000e+00 -0.000000e+00
    outer loop
      vertex   -1.380607e+02 9.510000e+01 2.059607e+02
      vertex   -1.384712e+02 9.510000e+01 2.046074e+02
      vertex   -1.367074e+02 9.510000e+01 2.034288e+02
    endloop
  endfacet
  facet normal 0.000000e+00 -1.000000e+00 0.000000e+00
    outer loop
      vertex   -1.380607e+02 9.510000e+01 2.059607e+02
      vertex   -1.359393e+02 9.510000e+01 2.059607e+02
      vertex   -1.367074e+02 9.510000e+01 2.063712e+02
    endloop
  endfacet
  facet normal 0.000000e+00 -1.000000e+00 0.000000e+00
    outer loop
      vertex   -1.380607e+02 9.510000e+01 2.059607e+02
      vertex   -1.382472e+02 9.510000e+01 2.057334e+02
      vertex   -1.384712e+02 9.510000e+01 2.046074e+02
    endloop
  endfacet
  facet normal -1.000000e+00 -0.000000e+00 -0.000000e+00
    outer loop
      vertex   -1.332500e+02 1.310500e+02 2.360024e+02
      vertex   -1.332500e+02 1.310500e+02 1.997976e+02
      vertex   -1.332500e+02 9.605000e+01 2.360024e+02
    endloop
  endfacet
  facet normal -1.000000e+00 0.000000e+00 0.000000e+00
    outer loop
      vertex   -1.332500e+02 9.605000e+01 2.360024e+02
      vertex   -1.332500e+02 1.310500e+02 1.997976e+02
      vertex   -1.332500e+02 9.605000e+01 1.997976e+02
    endloop
  endfacet
  facet normal 0.000000e+00 -1.000000e+00 0.000000e+00
    outer loop
      vertex   -1.660026e+02 8.910000e+01 2.036563e+02
      vertex   -1.667500e+02 8.910000e+01 2.030921e+02
      vertex   -1.667500e+02 8.910000e+01 2.025103e+02
    endloop
  endfacet
  facet normal -0.000000e+00 -1.000000e+00 0.000000e+00
    outer loop
      vertex   -1.667500e+02 8.910000e+01 2.025103e+02
      vertex   -1.667500e+02 8.910000e+01 2.030921e+02
      vertex   -1.667600e+02 8.910000e+01 2.001832e+02
    endloop
  endfacet
  facet normal 0.000000e+00 -1.000000e+00 -0.000000e+00
    outer loop
      vertex   -1.667500e+02 8.910000e+01 2.025103e+02
      vertex   -1.667600e+02 8.910000e+01 2.001832e+02
      vertex   -1.667500e+02 8.910000e+01 2.019984e+02
    endloop
  endfacet
  facet normal 0.000000e+00 -1.000000e+00 -0.000000e+00
    outer loop
      vertex   -1.667500e+02 8.910000e+01 2.019984e+02
      vertex   -1.667600e+02 8.910000e+01 2.001832e+02
      vertex   -1.667500e+02 8.910000e+01 2.016142e+02
    endloop
  endfacet
  facet normal 0.000000e+00 -1.000000e+00 0.000000e+00
    outer loop
      vertex   -1.667500e+02 8.910000e+01 2.019984e+02
      vertex   -1.667500e+02 8.910000e+01 2.016142e+02
      vertex   -1.652981e+02 8.910000e+01 2.026019e+02
    endloop
  endfacet
  facet normal -0.000000e+00 -1.000000e+00 0.000000e+00
    outer loop
      vertex   -1.660026e+02 8.910000e+01 2.036563e+02
      vertex   -1.661876e+02 8.910000e+01 2.042660e+02
      vertex   -1.667500e+02 8.910000e+01 2.030921e+02
    endloop
  endfacet
  facet normal 0.000000e+00 -1.000000e+00 0.000000e+00
    outer loop
      vertex   -1.667600e+02 8.910000e+01 2.001832e+02
      vertex   -1.667500e+02 8.910000e+01 2.030921e+02
      vertex   -1.667500e+02 8.910000e+01 2.036100e+02
    endloop
  endfacet
  facet normal 0.000000e+00 -1.000000e+00 0.000000e+00
    outer loop
      vertex   -1.667500e+02 8.910000e+01 2.036100e+02
      vertex   -1.667500e+02 8.910000e+01 2.030921e+02
      vertex   -1.661876e+02 8.910000e+01 2.042660e+02
    endloop
  endfacet
  facet normal 0.000000e+00 -1.000000e+00 0.000000e+00
    outer loop
      vertex   -1.667500e+02 8.910000e+01 2.036100e+02
      vertex   -1.661876e+02 8.910000e+01 2.042660e+02
      vertex   -1.662500e+02 8.910000e+01 2.049000e+02
    endloop
  endfacet
  facet normal 0.000000e+00 -1.000000e+00 0.000000e+00
    outer loop
      vertex   -1.667600e+02 8.910000e+01 2.001832e+02
      vertex   -1.667500e+02 8.910000e+01 2.036100e+02
      vertex   -1.667500e+02 8.910000e+01 2.039180e+02
    endloop
  endfacet
  facet normal 0.000000e+00 -1.000000e+00 0.000000e+00
    outer loop
      vertex   -1.667500e+02 8.910000e+01 2.039180e+02
      vertex   -1.667500e+02 8.910000e+01 2.036100e+02
      vertex   -1.662500e+02 8.910000e+01 2.049000e+02
    endloop
  endfacet
  facet normal 0.000000e+00 -1.000000e+00 0.000000e+00
    outer loop
      vertex   -1.667500e+02 8.910000e+01 2.039180e+02
      vertex   -1.662500e+02 8.910000e+01 2.049000e+02
      vertex   -1.661876e+02 8.910000e+01 2.055341e+02
    endloop
  endfacet
  facet normal -0.000000e+00 -1.000000e+00 0.000000e+00
    outer loop
      vertex   -1.661876e+02 8.910000e+01 2.055341e+02
      vertex   -1.667500e+02 8.910000e+01 2.157742e+02
      vertex   -1.667500e+02 8.910000e+01 2.039180e+02
    endloop
  endfacet
  facet normal -0.000000e+00 -1.000000e+00 0.000000e+00
    outer loop
      vertex   -1.667500e+02 8.910000e+01 2.039180e+02
      vertex   -1.667500e+02 8.910000e+01 2.157742e+02
      vertex   -1.667600e+02 8.910000e+01 2.001832e+02
    endloop
  endfacet
  facet normal 0.000000e+00 -1.000000e+00 0.000000e+00
    outer loop
      vertex   -1.661876e+02 8.910000e+01 2.055341e+02
      vertex   -1.661876e+02 8.910000e+01 2.302660e+02
      vertex   -1.667500e+02 8.910000e+01 2.157742e+02
    endloop
  endfacet
  facet normal 0.000000e+00 -1.000000e+00 0.000000e+00
    outer loop
      vertex   -1.667500e+02 8.910000e+01 2.157742e+02
      vertex   -1.661876e+02 8.910000e+01 2.302660e+02
      vertex   -1.667500e+02 8.910000e+01 2.318820e+02
    endloop
  endfacet
  facet normal -0.000000e+00 -1.000000e+00 0.000000e+00
    outer loop
      vertex   -1.667500e+02 8.910000e+01 2.157742e+02
      vertex   -1.667500e+02 8.910000e+01 2.318820e+02
      vertex   -1.667600e+02 8.910000e+01 2.001832e+02
    endloop
  endfacet
  facet normal 0.000000e+00 -1.000000e+00 0.000000e+00
    outer loop
      vertex   -1.667600e+02 8.910000e+01 2.001832e+02
      vertex   -1.667500e+02 8.910000e+01 2.318820e+02
      vertex   -1.667500e+02 8.910000e+01 2.321901e+02
    endloop
  endfacet
  facet normal 0.000000e+00 -1.000000e+00 0.000000e+00
    outer loop
      vertex   -1.667600e+02 8.910000e+01 2.001832e+02
      vertex   -1.667500e+02 8.910000e+01 2.321901e+02
      vertex   -1.667500e+02 8.910000e+01 2.327079e+02
    endloop
  endfacet
  facet normal 0.000000e+00 -1.000000e+00 0.000000e+00
    outer loop
      vertex   -1.667500e+02 8.910000e+01 2.327079e+02
      vertex   -1.667500e+02 8.910000e+01 2.321901e+02
      vertex   -1.661876e+02 8.910000e+01 2.315340e+02
    endloop
  endfacet
  facet normal -0.000000e+00 -1.000000e+00 0.000000e+00
    outer loop
      vertex   -1.661876e+02 8.910000e+01 2.315340e+02
      vertex   -1.667500e+02 8.910000e+01 2.321901e+02
      vertex   -1.662500e+02 8.910000e+01 2.309000e+02
    endloop
  endfacet
  facet normal 0.000000e+00 -1.000000e+00 0.000000e+00
    outer loop
      vertex   -1.661876e+02 8.910000e+01 2.302660e+02
      vertex   -1.662500e+02 8.910000e+01 2.309000e+02
      vertex   -1.667500e+02 8.910000e+01 2.318820e+02
    endloop
  endfacet
  facet normal 0.000000e+00 -1.000000e+00 0.000000e+00
    outer loop
      vertex   -1.667500e+02 8.910000e+01 2.318820e+02
      vertex   -1.662500e+02 8.910000e+01 2.309000e+02
      vertex   -1.667500e+02 8.910000e+01 2.321901e+02
    endloop
  endfacet
  facet normal 0.000000e+00 -1.000000e+00 0.000000e+00
    outer loop
      vertex   -1.661876e+02 8.910000e+01 2.315340e+02
      vertex   -1.660026e+02 8.910000e+01 2.321437e+02
      vertex   -1.667500e+02 8.910000e+01 2.327079e+02
    endloop
  endfacet
  facet normal 0.000000e+00 -1.000000e+00 0.000000e+00
    outer loop
      vertex   -1.667500e+02 8.910000e+01 2.327079e+02
      vertex   -1.660026e+02 8.910000e+01 2.321437e+02
      vertex   -1.667500e+02 8.910000e+01 2.332897e+02
    endloop
  endfacet
  facet normal -0.000000e+00 -1.000000e+00 0.000000e+00
    outer loop
      vertex   -1.667500e+02 8.910000e+01 2.327079e+02
      vertex   -1.667500e+02 8.910000e+01 2.332897e+02
      vertex   -1.667600e+02 8.910000e+01 2.001832e+02
    endloop
  endfacet
  facet normal 0.000000e+00 -1.000000e+00 0.000000e+00
    outer loop
      vertex   -1.667600e+02 8.910000e+01 2.001832e+02
      vertex   -1.667500e+02 8.910000e+01 2.332897e+02
      vertex   -1.667500e+02 8.910000e+01 2.338016e+02
    endloop
  endfacet
  facet normal 0.000000e+00 -1.000000e+00 0.000000e+00
    outer loop
      vertex   -1.667600e+02 8.910000e+01 2.001832e+02
      vertex   -1.667500e+02 8.910000e+01 2.338016e+02
      vertex   -1.667500e+02 8.910000e+01 2.341858e+02
    endloop
  endfacet
  facet normal 0.000000e+00 -1.000000e+00 0.000000e+00
    outer loop
      vertex   -1.667500e+02 8.910000e+01 2.341858e+02
      vertex   -1.667500e+02 8.910000e+01 2.338016e+02
      vertex   -1.652981e+02 8.910000e+01 2.331981e+02
    endloop
  endfacet
  facet normal -0.000000e+00 -1.000000e+00 0.000000e+00
    outer loop
      vertex   -1.652981e+02 8.910000e+01 2.331981e+02
      vertex   -1.667500e+02 8.910000e+01 2.338016e+02
      vertex   -1.657023e+02 8.910000e+01 2.327056e+02
    endloop
  endfacet
  facet normal 0.000000e+00 -1.000000e+00 0.000000e+00
    outer loop
      vertex   -1.660026e+02 8.910000e+01 2.321437e+02
      vertex   -1.657023e+02 8.910000e+01 2.327056e+02
      vertex   -1.667500e+02 8.910000e+01 2.332897e+02
    endloop
  endfacet
  facet normal 0.000000e+00 -1.000000e+00 0.000000e+00
    outer loop
      vertex   -1.667500e+02 8.910000e+01 2.332897e+02
      vertex   -1.657023e+02 8.910000e+01 2.327056e+02
      vertex   -1.667500e+02 8.910000e+01 2.338016e+02
    endloop
  endfacet
  facet normal 0.000000e+00 -1.000000e+00 0.000000e+00
    outer loop
      vertex   -1.652981e+02 8.910000e+01 2.331981e+02
      vertex   -1.667500e+02 8.910000e+01 2.353323e+02
      vertex   -1.667500e+02 8.910000e+01 2.341858e+02
    endloop
  endfacet
  facet normal -0.000000e+00 -1.000000e+00 0.000000e+00
    outer loop
      vertex   -1.667500e+02 8.910000e+01 2.341858e+02
      vertex   -1.667500e+02 8.910000e+01 2.353323e+02
      vertex   -1.667600e+02 8.910000e+01 2.001832e+02
    endloop
  endfacet
  facet normal 0.000000e+00 -1.000000e+00 0.000000e+00
    outer loop
      vertex   -1.652981e+02 8.910000e+01 2.331981e+02
      vertex   -1.648056e+02 8.910000e+01 2.336023e+02
      vertex   -1.667500e+02 8.910000e+01 2.353323e+02
    endloop
  endfacet
  facet normal 0.000000e+00 -1.000000e+00 0.000000e+00
    outer loop
      vertex   -1.667500e+02 8.910000e+01 2.353323e+02
      vertex   -1.648056e+02 8.910000e+01 2.336023e+02
      vertex   -1.667500e+02 8.910000e+01 2.354610e+02
    endloop
  endfacet
  facet normal -0.000000e+00 -1.000000e+00 0.000000e+00
    outer loop
      vertex   -1.667500e+02 8.910000e+01 2.353323e+02
      vertex   -1.667500e+02 8.910000e+01 2.354610e+02
      vertex   -1.667600e+02 8.910000e+01 2.001832e+02
    endloop
  endfacet
  facet normal 0.000000e+00 -1.000000e+00 0.000000e+00
    outer loop
      vertex   -1.667600e+02 8.910000e+01 2.001832e+02
      vertex   -1.667500e+02 8.910000e+01 2.354610e+02
      vertex   -1.667500e+02 8.910000e+01 2.355371e+02
    endloop
  endfacet
  facet normal 0.000000e+00 -1.000000e+00 0.000000e+00
    outer loop
      vertex   -1.667600e+02 8.910000e+01 2.001832e+02
      vertex   -1.667500e+02 8.910000e+01 2.355371e+02
      vertex   -1.667500e+02 8.910000e+01 2.355805e+02
    endloop
  endfacet
  facet normal 0.000000e+00 -1.000000e+00 0.000000e+00
    outer loop
      vertex   -1.667500e+02 8.910000e+01 2.355805e+02
      vertex   -1.667500e+02 8.910000e+01 2.355371e+02
      vertex   -1.642437e+02 8.910000e+01 2.339026e+02
    endloop
  endfacet
  facet normal 0.000000e+00 -1.000000e+00 0.000000e+00
    outer loop
      vertex   -1.667500e+02 8.910000e+01 2.355805e+02
      vertex   -1.642437e+02 8.910000e+01 2.339026e+02
      vertex   -1.636340e+02 8.910000e+01 2.340876e+02
    endloop
  endfacet
  facet normal 0.000000e+00 -1.000000e+00 0.000000e+00
    outer loop
      vertex   -1.648056e+02 8.910000e+01 2.336023e+02
      vertex   -1.642437e+02 8.910000e+01 2.339026e+02
      vertex   -1.667500e+02 8.910000e+01 2.354610e+02
    endloop
  endfacet
  facet normal 0.000000e+00 -1.000000e+00 0.000000e+00
    outer loop
      vertex   -1.667500e+02 8.910000e+01 2.354610e+02
      vertex   -1.642437e+02 8.910000e+01 2.339026e+02
      vertex   -1.667500e+02 8.910000e+01 2.355371e+02
    endloop
  endfacet
  facet normal 0.000000e+00 -1.000000e+00 0.000000e+00
    outer loop
      vertex   -1.667600e+02 8.910000e+01 2.001832e+02
      vertex   -1.667500e+02 8.910000e+01 2.355805e+02
      vertex   -1.667500e+02 8.910000e+01 2.356034e+02
    endloop
  endfacet
  facet normal 0.000000e+00 -1.000000e+00 0.000000e+00
    outer loop
      vertex   -1.667500e+02 8.910000e+01 2.356034e+02
      vertex   -1.667500e+02 8.910000e+01 2.355805e+02
      vertex   -1.636340e+02 8.910000e+01 2.340876e+02
    endloop
  endfacet
  facet normal 0.000000e+00 -1.000000e+00 0.000000e+00
    outer loop
      vertex   -1.667500e+02 8.910000e+01 2.356034e+02
      vertex   -1.636340e+02 8.910000e+01 2.340876e+02
      vertex   -1.630000e+02 8.910000e+01 2.341500e+02
    endloop
  endfacet
  facet normal 0.000000e+00 -1.000000e+00 0.000000e+00
    outer loop
      vertex   -1.667600e+02 8.910000e+01 2.001832e+02
      vertex   -1.667500e+02 8.910000e+01 2.356034e+02
      vertex   -1.667500e+02 8.910000e+01 2.356133e+02
    endloop
  endfacet
  facet normal 0.000000e+00 -1.000000e+00 0.000000e+00
    outer loop
      vertex   -1.667500e+02 8.910000e+01 2.356133e+02
      vertex   -1.667500e+02 8.910000e+01 2.356034e+02
      vertex   -1.630000e+02 8.910000e+01 2.341500e+02
    endloop
  endfacet
  facet normal 0.000000e+00 -1.000000e+00 0.000000e+00
    outer loop
      vertex   -1.667500e+02 8.910000e+01 2.356133e+02
      vertex   -1.630000e+02 8.910000e+01 2.341500e+02
      vertex   -1.623660e+02 8.910000e+01 2.340876e+02
    endloop
  endfacet
  facet normal 0.000000e+00 -1.000000e+00 0.000000e+00
    outer loop
      vertex   -1.623660e+02 8.910000e+01 2.340876e+02
      vertex   -1.329995e+02 8.910000e+01 2.357005e+02
      vertex   -1.667500e+02 8.910000e+01 2.356133e+02
    endloop
  endfacet
  facet normal 0.000000e+00 -1.000000e+00 0.000000e+00
    outer loop
      vertex   -1.667500e+02 8.910000e+01 2.356133e+02
      vertex   -1.329995e+02 8.910000e+01 2.357005e+02
      vertex   -1.667600e+02 8.910000e+01 2.356168e+02
    endloop
  endfacet
  facet normal -0.000000e+00 -1.000000e+00 0.000000e+00
    outer loop
      vertex   -1.667500e+02 8.910000e+01 2.356133e+02
      vertex   -1.667600e+02 8.910000e+01 2.356168e+02
      vertex   -1.667600e+02 8.910000e+01 2.356073e+02
    endloop
  endfacet
  facet normal 0.000000e+00 -1.000000e+00 0.000000e+00
    outer loop
      vertex   -1.667600e+02 8.910000e+01 2.356073e+02
      vertex   -1.667600e+02 8.910000e+01 2.356168e+02
      vertex   -1.670005e+02 8.910000e+01 2.357005e+02
    endloop
  endfacet
  facet normal -0.000000e+00 -1.000000e+00 0.000000e+00
    outer loop
      vertex   -1.329995e+02 8.910000e+01 2.357005e+02
      vertex   -1.670005e+02 8.910000e+01 2.357005e+02
      vertex   -1.667600e+02 8.910000e+01 2.356168e+02
    endloop
  endfacet
  facet normal 0.000000e+00 -1.000000e+00 0.000000e+00
    outer loop
      vertex   -1.670005e+02 8.910000e+01 2.357005e+02
      vertex   -1.667600e+02 8.910000e+01 2.355853e+02
      vertex   -1.667600e+02 8.910000e+01 2.356073e+02
    endloop
  endfacet
  facet normal 0.000000e+00 -1.000000e+00 0.000000e+00
    outer loop
      vertex   -1.667600e+02 8.910000e+01 2.356073e+02
      vertex   -1.667600e+02 8.910000e+01 2.355853e+02
      vertex   -1.667500e+02 8.910000e+01 2.356133e+02
    endloop
  endfacet
  facet normal 0.000000e+00 -1.000000e+00 0.000000e+00
    outer loop
      vertex   -1.670005e+02 8.910000e+01 2.357005e+02
      vertex   -1.667600e+02 8.910000e+01 2.355437e+02
      vertex   -1.667600e+02 8.910000e+01 2.355853e+02
    endloop
  endfacet
  facet normal 0.000000e+00 -1.000000e+00 0.000000e+00
    outer loop
      vertex   -1.667600e+02 8.910000e+01 2.355853e+02
      vertex   -1.667600e+02 8.910000e+01 2.355437e+02
      vertex   -1.667500e+02 8.910000e+01 2.356133e+02
    endloop
  endfacet
  facet normal 0.000000e+00 -1.000000e+00 0.000000e+00
    outer loop
      vertex   -1.670005e+02 8.910000e+01 2.357005e+02
      vertex   -1.667600e+02 8.910000e+01 2.354706e+02
      vertex   -1.667600e+02 8.910000e+01 2.355437e+02
    endloop
  endfacet
  facet normal 0.000000e+00 -1.000000e+00 0.000000e+00
    outer loop
      vertex   -1.667600e+02 8.910000e+01 2.355437e+02
      vertex   -1.667600e+02 8.910000e+01 2.354706e+02
      vertex   -1.667500e+02 8.910000e+01 2.356133e+02
    endloop
  endfacet
  facet normal 0.000000e+00 -1.000000e+00 0.000000e+00
    outer loop
      vertex   -1.670005e+02 8.910000e+01 2.357005e+02
      vertex   -1.667600e+02 8.910000e+01 2.353470e+02
      vertex   -1.667600e+02 8.910000e+01 2.354706e+02
    endloop
  endfacet
  facet normal 0.000000e+00 -1.000000e+00 0.000000e+00
    outer loop
      vertex   -1.667600e+02 8.910000e+01 2.354706e+02
      vertex   -1.667600e+02 8.910000e+01 2.353470e+02
      vertex   -1.667500e+02 8.910000e+01 2.356133e+02
    endloop
  endfacet
  facet normal 0.000000e+00 -1.000000e+00 -0.000000e+00
    outer loop
      vertex   -1.670005e+02 8.910000e+01 2.357005e+02
      vertex   -1.678005e+02 8.910000e+01 2.349005e+02
      vertex   -1.667600e+02 8.910000e+01 2.353470e+02
    endloop
  endfacet
  facet normal 0.000000e+00 -1.000000e+00 -0.000000e+00
    outer loop
      vertex   -1.667600e+02 8.910000e+01 2.353470e+02
      vertex   -1.678005e+02 8.910000e+01 2.349005e+02
      vertex   -1.667600e+02 8.910000e+01 2.341926e+02
    endloop
  endfacet
  facet normal 0.000000e+00 -1.000000e+00 0.000000e+00
    outer loop
      vertex   -1.667600e+02 8.910000e+01 2.353470e+02
      vertex   -1.667600e+02 8.910000e+01 2.341926e+02
      vertex   -1.667500e+02 8.910000e+01 2.356133e+02
    endloop
  endfacet
  facet normal 0.000000e+00 -1.000000e+00 0.000000e+00
    outer loop
      vertex   -1.667500e+02 8.910000e+01 2.356133e+02
      vertex   -1.667600e+02 8.910000e+01 2.341926e+02
      vertex   -1.667600e+02 8.910000e+01 2.338121e+02
    endloop
  endfacet
  facet normal 0.000000e+00 -1.000000e+00 0.000000e+00
    outer loop
      vertex   -1.667500e+02 8.910000e+01 2.356133e+02
      vertex   -1.667600e+02 8.910000e+01 2.338121e+02
      vertex   -1.667600e+02 8.910000e+01 2.333050e+02
    endloop
  endfacet
  facet normal 0.000000e+00 -1.000000e+00 0.000000e+00
    outer loop
      vertex   -1.667600e+02 8.910000e+01 2.333050e+02
      vertex   -1.667600e+02 8.910000e+01 2.338121e+02
      vertex   -1.678005e+02 8.910000e+01 2.349005e+02
    endloop
  endfacet
  facet normal -0.000000e+00 -1.000000e+00 -0.000000e+00
    outer loop
      vertex   -1.667600e+02 8.910000e+01 2.341926e+02
      vertex   -1.678005e+02 8.910000e+01 2.349005e+02
      vertex   -1.667600e+02 8.910000e+01 2.338121e+02
    endloop
  endfacet
  facet normal 0.000000e+00 -1.000000e+00 0.000000e+00
    outer loop
      vertex   -1.678005e+02 8.910000e+01 2.349005e+02
      vertex   -1.667600e+02 8.910000e+01 2.327288e+02
      vertex   -1.667600e+02 8.910000e+01 2.333050e+02
    endloop
  endfacet
  facet normal 0.000000e+00 -1.000000e+00 0.000000e+00
    outer loop
      vertex   -1.667600e+02 8.910000e+01 2.333050e+02
      vertex   -1.667600e+02 8.910000e+01 2.327288e+02
      vertex   -1.667500e+02 8.910000e+01 2.356133e+02
    endloop
  endfacet
  facet normal 0.000000e+00 -1.000000e+00 0.000000e+00
    outer loop
      vertex   -1.678005e+02 8.910000e+01 2.349005e+02
      vertex   -1.667600e+02 8.910000e+01 2.322159e+02
      vertex   -1.667600e+02 8.910000e+01 2.327288e+02
    endloop
  endfacet
  facet normal 0.000000e+00 -1.000000e+00 0.000000e+00
    outer loop
      vertex   -1.667600e+02 8.910000e+01 2.327288e+02
      vertex   -1.667600e+02 8.910000e+01 2.322159e+02
      vertex   -1.667500e+02 8.910000e+01 2.356133e+02
    endloop
  endfacet
  facet normal 0.000000e+00 -1.000000e+00 0.000000e+00
    outer loop
      vertex   -1.678005e+02 8.910000e+01 2.349005e+02
      vertex   -1.667600e+02 8.910000e+01 2.319108e+02
      vertex   -1.667600e+02 8.910000e+01 2.322159e+02
    endloop
  endfacet
  facet normal 0.000000e+00 -1.000000e+00 0.000000e+00
    outer loop
      vertex   -1.667600e+02 8.910000e+01 2.322159e+02
      vertex   -1.667600e+02 8.910000e+01 2.319108e+02
      vertex   -1.667500e+02 8.910000e+01 2.356133e+02
    endloop
  endfacet
  facet normal 0.000000e+00 -1.000000e+00 0.000000e+00
    outer loop
      vertex   -1.678005e+02 8.910000e+01 2.349005e+02
      vertex   -1.667600e+02 8.910000e+01 2.159563e+02
      vertex   -1.667600e+02 8.910000e+01 2.319108e+02
    endloop
  endfacet
  facet normal 0.000000e+00 -1.000000e+00 0.000000e+00
    outer loop
      vertex   -1.667600e+02 8.910000e+01 2.319108e+02
      vertex   -1.667600e+02 8.910000e+01 2.159563e+02
      vertex   -1.667500e+02 8.910000e+01 2.356133e+02
    endloop
  endfacet
  facet normal 0.000000e+00 -1.000000e+00 0.000000e+00
    outer loop
      vertex   -1.678005e+02 8.910000e+01 2.349005e+02
      vertex   -1.678005e+02 8.910000e+01 2.008995e+02
      vertex   -1.667600e+02 8.910000e+01 2.159563e+02
    endloop
  endfacet
  facet normal 0.000000e+00 -1.000000e+00 -0.000000e+00
    outer loop
      vertex   -1.667600e+02 8.910000e+01 2.159563e+02
      vertex   -1.678005e+02 8.910000e+01 2.008995e+02
      vertex   -1.667600e+02 8.910000e+01 2.038892e+02
    endloop
  endfacet
  facet normal 0.000000e+00 -1.000000e+00 0.000000e+00
    outer loop
      vertex   -1.667600e+02 8.910000e+01 2.159563e+02
      vertex   -1.667600e+02 8.910000e+01 2.038892e+02
      vertex   -1.667500e+02 8.910000e+01 2.356133e+02
    endloop
  endfacet
  facet normal 0.000000e+00 -1.000000e+00 0.000000e+00
    outer loop
      vertex   -1.667500e+02 8.910000e+01 2.356133e+02
      vertex   -1.667600e+02 8.910000e+01 2.038892e+02
      vertex   -1.667600e+02 8.910000e+01 2.035842e+02
    endloop
  endfacet
  facet normal 0.000000e+00 -1.000000e+00 0.000000e+00
    outer loop
      vertex   -1.667500e+02 8.910000e+01 2.356133e+02
      vertex   -1.667600e+02 8.910000e+01 2.035842e+02
      vertex   -1.667600e+02 8.910000e+01 2.030712e+02
    endloop
  endfacet
  facet normal -0.000000e+00 -1.000000e+00 0.000000e+00
    outer loop
      vertex   -1.667600e+02 8.910000e+01 2.030712e+02
      vertex   -1.667600e+02 8.910000e+01 2.035842e+02
      vertex   -1.678005e+02 8.910000e+01 2.008995e+02
    endloop
  endfacet
  facet normal 0.000000e+00 -1.000000e+00 -0.000000e+00
    outer loop
      vertex   -1.667600e+02 8.910000e+01 2.038892e+02
      vertex   -1.678005e+02 8.910000e+01 2.008995e+02
      vertex   -1.667600e+02 8.910000e+01 2.035842e+02
    endloop
  endfacet
  facet normal 0.000000e+00 -1.000000e+00 0.000000e+00
    outer loop
      vertex   -1.678005e+02 8.910000e+01 2.008995e+02
      vertex   -1.667600e+02 8.910000e+01 2.024950e+02
      vertex   -1.667600e+02 8.910000e+01 2.030712e+02
    endloop
  endfacet
  facet normal 0.000000e+00 -1.000000e+00 0.000000e+00
    outer loop
      vertex   -1.667600e+02 8.910000e+01 2.030712e+02
      vertex   -1.667600e+02 8.910000e+01 2.024950e+02
      vertex   -1.667500e+02 8.910000e+01 2.356133e+02
    endloop
  endfacet
  facet normal 0.000000e+00 -1.000000e+00 0.000000e+00
    outer loop
      vertex   -1.678005e+02 8.910000e+01 2.008995e+02
      vertex   -1.667600e+02 8.910000e+01 2.019880e+02
      vertex   -1.667600e+02 8.910000e+01 2.024950e+02
    endloop
  endfacet
  facet normal 0.000000e+00 -1.000000e+00 0.000000e+00
    outer loop
      vertex   -1.667600e+02 8.910000e+01 2.024950e+02
      vertex   -1.667600e+02 8.910000e+01 2.019880e+02
      vertex   -1.667500e+02 8.910000e+01 2.356133e+02
    endloop
  endfacet
  facet normal 0.000000e+00 -1.000000e+00 0.000000e+00
    outer loop
      vertex   -1.678005e+02 8.910000e+01 2.008995e+02
      vertex   -1.667600e+02 8.910000e+01 2.016074e+02
      vertex   -1.667600e+02 8.910000e+01 2.019880e+02
    endloop
  endfacet
  facet normal 0.000000e+00 -1.000000e+00 0.000000e+00
    outer loop
      vertex   -1.667600e+02 8.910000e+01 2.019880e+02
      vertex   -1.667600e+02 8.910000e+01 2.016074e+02
      vertex   -1.667500e+02 8.910000e+01 2.356133e+02
    endloop
  endfacet
  facet normal 0.000000e+00 -1.000000e+00 0.000000e+00
    outer loop
      vertex   -1.667500e+02 8.910000e+01 2.356133e+02
      vertex   -1.667600e+02 8.910000e+01 2.016074e+02
      vertex   -1.667600e+02 8.910000e+01 2.004530e+02
    endloop
  endfacet
  facet normal 0.000000e+00 -1.000000e+00 0.000000e+00
    outer loop
      vertex   -1.667600e+02 8.910000e+01 2.004530e+02
      vertex   -1.667600e+02 8.910000e+01 2.016074e+02
      vertex   -1.678005e+02 8.910000e+01 2.008995e+02
    endloop
  endfacet
  facet normal -0.000000e+00 -1.000000e+00 0.000000e+00
    outer loop
      vertex   -1.667600e+02 8.910000e+01 2.004530e+02
      vertex   -1.678005e+02 8.910000e+01 2.008995e+02
      vertex   -1.670005e+02 8.910000e+01 2.000995e+02
    endloop
  endfacet
  facet normal 0.000000e+00 -1.000000e+00 0.000000e+00
    outer loop
      vertex   -1.670005e+02 8.910000e+01 2.000995e+02
      vertex   -1.667600e+02 8.910000e+01 2.003294e+02
      vertex   -1.667600e+02 8.910000e+01 2.004530e+02
    endloop
  endfacet
  facet normal 0.000000e+00 -1.000000e+00 0.000000e+00
    outer loop
      vertex   -1.667600e+02 8.910000e+01 2.004530e+02
      vertex   -1.667600e+02 8.910000e+01 2.003294e+02
      vertex   -1.667500e+02 8.910000e+01 2.356133e+02
    endloop
  endfacet
  facet normal 0.000000e+00 -1.000000e+00 0.000000e+00
    outer loop
      vertex   -1.670005e+02 8.910000e+01 2.000995e+02
      vertex   -1.667600e+02 8.910000e+01 2.002564e+02
      vertex   -1.667600e+02 8.910000e+01 2.003294e+02
    endloop
  endfacet
  facet normal 0.000000e+00 -1.000000e+00 0.000000e+00
    outer loop
      vertex   -1.667600e+02 8.910000e+01 2.003294e+02
      vertex   -1.667600e+02 8.910000e+01 2.002564e+02
      vertex   -1.667500e+02 8.910000e+01 2.356133e+02
    endloop
  endfacet
  facet normal 0.000000e+00 -1.000000e+00 0.000000e+00
    outer loop
      vertex   -1.670005e+02 8.910000e+01 2.000995e+02
      vertex   -1.667600e+02 8.910000e+01 2.002147e+02
      vertex   -1.667600e+02 8.910000e+01 2.002564e+02
    endloop
  endfacet
  facet normal 0.000000e+00 -1.000000e+00 0.000000e+00
    outer loop
      vertex   -1.667600e+02 8.910000e+01 2.002564e+02
      vertex   -1.667600e+02 8.910000e+01 2.002147e+02
      vertex   -1.667500e+02 8.910000e+01 2.356133e+02
    endloop
  endfacet
  facet normal 0.000000e+00 -1.000000e+00 0.000000e+00
    outer loop
      vertex   -1.670005e+02 8.910000e+01 2.000995e+02
      vertex   -1.667600e+02 8.910000e+01 2.001927e+02
      vertex   -1.667600e+02 8.910000e+01 2.002147e+02
    endloop
  endfacet
  facet normal 0.000000e+00 -1.000000e+00 0.000000e+00
    outer loop
      vertex   -1.667600e+02 8.910000e+01 2.002147e+02
      vertex   -1.667600e+02 8.910000e+01 2.001927e+02
      vertex   -1.667500e+02 8.910000e+01 2.356133e+02
    endloop
  endfacet
  facet normal 0.000000e+00 -1.000000e+00 0.000000e+00
    outer loop
      vertex   -1.670005e+02 8.910000e+01 2.000995e+02
      vertex   -1.667600e+02 8.910000e+01 2.001832e+02
      vertex   -1.667600e+02 8.910000e+01 2.001927e+02
    endloop
  endfacet
  facet normal 0.000000e+00 -1.000000e+00 0.000000e+00
    outer loop
      vertex   -1.667600e+02 8.910000e+01 2.001927e+02
      vertex   -1.667600e+02 8.910000e+01 2.001832e+02
      vertex   -1.667500e+02 8.910000e+01 2.356133e+02
    endloop
  endfacet
  facet normal 0.000000e+00 -1.000000e+00 0.000000e+00
    outer loop
      vertex   -1.670005e+02 8.910000e+01 2.000995e+02
      vertex   -1.329995e+02 8.910000e+01 2.000995e+02
      vertex   -1.667600e+02 8.910000e+01 2.001832e+02
    endloop
  endfacet
  facet normal 0.000000e+00 -1.000000e+00 0.000000e+00
    outer loop
      vertex   -1.667600e+02 8.910000e+01 2.001832e+02
      vertex   -1.329995e+02 8.910000e+01 2.000995e+02
      vertex   -1.667500e+02 8.910000e+01 2.001867e+02
    endloop
  endfacet
  facet normal 0.000000e+00 -1.000000e+00 0.000000e+00
    outer loop
      vertex   -1.667600e+02 8.910000e+01 2.001832e+02
      vertex   -1.667500e+02 8.910000e+01 2.001867e+02
      vertex   -1.667500e+02 8.910000e+01 2.001966e+02
    endloop
  endfacet
  facet normal 0.000000e+00 -1.000000e+00 0.000000e+00
    outer loop
      vertex   -1.667500e+02 8.910000e+01 2.001966e+02
      vertex   -1.667500e+02 8.910000e+01 2.001867e+02
      vertex   -1.630000e+02 8.910000e+01 2.016500e+02
    endloop
  endfacet
  facet normal 0.000000e+00 -1.000000e+00 -0.000000e+00
    outer loop
      vertex   -1.630000e+02 8.910000e+01 2.016500e+02
      vertex   -1.667500e+02 8.910000e+01 2.001867e+02
      vertex   -1.623660e+02 8.910000e+01 2.017125e+02
    endloop
  endfacet
  facet normal 0.000000e+00 -1.000000e+00 0.000000e+00
    outer loop
      vertex   -1.329995e+02 8.910000e+01 2.000995e+02
      vertex   -1.623660e+02 8.910000e+01 2.017125e+02
      vertex   -1.667500e+02 8.910000e+01 2.001867e+02
    endloop
  endfacet
  facet normal -0.000000e+00 -1.000000e+00 0.000000e+00
    outer loop
      vertex   -1.630000e+02 8.910000e+01 2.016500e+02
      vertex   -1.636340e+02 8.910000e+01 2.017125e+02
      vertex   -1.667500e+02 8.910000e+01 2.001966e+02
    endloop
  endfacet
  facet normal 0.000000e+00 -1.000000e+00 0.000000e+00
    outer loop
      vertex   -1.667500e+02 8.910000e+01 2.001966e+02
      vertex   -1.636340e+02 8.910000e+01 2.017125e+02
      vertex   -1.667500e+02 8.910000e+01 2.002195e+02
    endloop
  endfacet
  facet normal -0.000000e+00 -1.000000e+00 0.000000e+00
    outer loop
      vertex   -1.667500e+02 8.910000e+01 2.001966e+02
      vertex   -1.667500e+02 8.910000e+01 2.002195e+02
      vertex   -1.667600e+02 8.910000e+01 2.001832e+02
    endloop
  endfacet
  facet normal 0.000000e+00 -1.000000e+00 0.000000e+00
    outer loop
      vertex   -1.667600e+02 8.910000e+01 2.001832e+02
      vertex   -1.667500e+02 8.910000e+01 2.002195e+02
      vertex   -1.667500e+02 8.910000e+01 2.002629e+02
    endloop
  endfacet
  facet normal 0.000000e+00 -1.000000e+00 0.000000e+00
    outer loop
      vertex   -1.667600e+02 8.910000e+01 2.001832e+02
      vertex   -1.667500e+02 8.910000e+01 2.002629e+02
      vertex   -1.667500e+02 8.910000e+01 2.003390e+02
    endloop
  endfacet
  facet normal 0.000000e+00 -1.000000e+00 0.000000e+00
    outer loop
      vertex   -1.667500e+02 8.910000e+01 2.003390e+02
      vertex   -1.667500e+02 8.910000e+01 2.002629e+02
      vertex   -1.642437e+02 8.910000e+01 2.018974e+02
    endloop
  endfacet
  facet normal 0.000000e+00 -1.000000e+00 0.000000e+00
    outer loop
      vertex   -1.667500e+02 8.910000e+01 2.003390e+02
      vertex   -1.642437e+02 8.910000e+01 2.018974e+02
      vertex   -1.648056e+02 8.910000e+01 2.021977e+02
    endloop
  endfacet
  facet normal -0.000000e+00 -1.000000e+00 0.000000e+00
    outer loop
      vertex   -1.636340e+02 8.910000e+01 2.017125e+02
      vertex   -1.642437e+02 8.910000e+01 2.018974e+02
      vertex   -1.667500e+02 8.910000e+01 2.002195e+02
    endloop
  endfacet
  facet normal 0.000000e+00 -1.000000e+00 0.000000e+00
    outer loop
      vertex   -1.667500e+02 8.910000e+01 2.002195e+02
      vertex   -1.642437e+02 8.910000e+01 2.018974e+02
      vertex   -1.667500e+02 8.910000e+01 2.002629e+02
    endloop
  endfacet
  facet normal 0.000000e+00 -1.000000e+00 0.000000e+00
    outer loop
      vertex   -1.667600e+02 8.910000e+01 2.001832e+02
      vertex   -1.667500e+02 8.910000e+01 2.003390e+02
      vertex   -1.667500e+02 8.910000e+01 2.004677e+02
    endloop
  endfacet
  facet normal 0.000000e+00 -1.000000e+00 0.000000e+00
    outer loop
      vertex   -1.667500e+02 8.910000e+01 2.004677e+02
      vertex   -1.667500e+02 8.910000e+01 2.003390e+02
      vertex   -1.648056e+02 8.910000e+01 2.021977e+02
    endloop
  endfacet
  facet normal 0.000000e+00 -1.000000e+00 0.000000e+00
    outer loop
      vertex   -1.667500e+02 8.910000e+01 2.004677e+02
      vertex   -1.648056e+02 8.910000e+01 2.021977e+02
      vertex   -1.652981e+02 8.910000e+01 2.026019e+02
    endloop
  endfacet
  facet normal 0.000000e+00 -1.000000e+00 0.000000e+00
    outer loop
      vertex   -1.652981e+02 8.910000e+01 2.026019e+02
      vertex   -1.667500e+02 8.910000e+01 2.016142e+02
      vertex   -1.667500e+02 8.910000e+01 2.004677e+02
    endloop
  endfacet
  facet normal -0.000000e+00 -1.000000e+00 0.000000e+00
    outer loop
      vertex   -1.667500e+02 8.910000e+01 2.004677e+02
      vertex   -1.667500e+02 8.910000e+01 2.016142e+02
      vertex   -1.667600e+02 8.910000e+01 2.001832e+02
    endloop
  endfacet
  facet normal -0.000000e+00 -1.000000e+00 0.000000e+00
    outer loop
      vertex   -1.652981e+02 8.910000e+01 2.026019e+02
      vertex   -1.657023e+02 8.910000e+01 2.030944e+02
      vertex   -1.667500e+02 8.910000e+01 2.019984e+02
    endloop
  endfacet
  facet normal 0.000000e+00 -1.000000e+00 0.000000e+00
    outer loop
      vertex   -1.667500e+02 8.910000e+01 2.019984e+02
      vertex   -1.657023e+02 8.910000e+01 2.030944e+02
      vertex   -1.667500e+02 8.910000e+01 2.025103e+02
    endloop
  endfacet
  facet normal 0.000000e+00 -1.000000e+00 0.000000e+00
    outer loop
      vertex   -1.667500e+02 8.910000e+01 2.025103e+02
      vertex   -1.657023e+02 8.910000e+01 2.030944e+02
      vertex   -1.660026e+02 8.910000e+01 2.036563e+02
    endloop
  endfacet
  facet normal 0.000000e+00 -7.071068e-01 -7.071068e-01
    outer loop
      vertex   -1.329995e+02 8.989902e+01 1.993005e+02
      vertex   -1.329995e+02 8.910000e+01 2.000995e+02
      vertex   -1.667500e+02 8.910589e+01 2.000936e+02
    endloop
  endfacet
  facet normal -7.403556e-15 -7.071068e-01 -7.071068e-01
    outer loop
      vertex   -1.667500e+02 8.910589e+01 2.000936e+02
      vertex   -1.329995e+02 8.910000e+01 2.000995e+02
      vertex   -1.667600e+02 8.910565e+01 2.000939e+02
    endloop
  endfacet
  facet normal -9.974544e-13 -7.071068e-01 -7.071068e-01
    outer loop
      vertex   -1.667500e+02 8.910589e+01 2.000936e+02
      vertex   -1.667600e+02 8.910565e+01 2.000939e+02
      vertex   -1.670005e+02 8.989902e+01 1.993005e+02
    endloop
  endfacet
  facet normal 4.166765e-14 -7.071068e-01 -7.071068e-01
    outer loop
      vertex   -1.670005e+02 8.989902e+01 1.993005e+02
      vertex   -1.667600e+02 8.910565e+01 2.000939e+02
      vertex   -1.670005e+02 8.910000e+01 2.000995e+02
    endloop
  endfacet
  facet normal -0.000000e+00 -7.071068e-01 -7.071068e-01
    outer loop
      vertex   -1.329995e+02 8.910000e+01 2.000995e+02
      vertex   -1.670005e+02 8.910000e+01 2.000995e+02
      vertex   -1.667600e+02 8.910565e+01 2.000939e+02
    endloop
  endfacet
  facet normal 0.000000e+00 -7.071068e-01 -7.071068e-01
    outer loop
      vertex   -1.670005e+02 8.989902e+01 1.993005e+02
      vertex   -1.329995e+02 8.989902e+01 1.993005e+02
      vertex   -1.667500e+02 8.910589e+01 2.000936e+02
    endloop
  endfacet
  facet normal 0.000000e+00 0.000000e+00 -1.000000e+00
    outer loop
      vertex   -1.329995e+02 8.989902e+01 1.993005e+02
      vertex   -1.670005e+02 8.989902e+01 1.993005e+02
      vertex   -1.667500e+02 9.168577e+01 1.993005e+02
    endloop
  endfacet
  facet normal -0.000000e+00 0.000000e+00 -1.000000e+00
    outer loop
      vertex   -1.667500e+02 9.168577e+01 1.993005e+02
      vertex   -1.670005e+02 8.989902e+01 1.993005e+02
      vertex   -1.667600e+02 9.168630e+01 1.993005e+02
    endloop
  endfacet
  facet normal 0.000000e+00 0.000000e+00 -1.000000e+00
    outer loop
      vertex   -1.667500e+02 9.168577e+01 1.993005e+02
      vertex   -1.667600e+02 9.168630e+01 1.993005e+02
      vertex   -1.329995e+02 9.169903e+01 1.993005e+02
    endloop
  endfacet
  facet normal -0.000000e+00 0.000000e+00 -1.000000e+00
    outer loop
      vertex   -1.329995e+02 9.169903e+01 1.993005e+02
      vertex   -1.667600e+02 9.168630e+01 1.993005e+02
      vertex   -1.670005e+02 9.169903e+01 1.993005e+02
    endloop
  endfacet
  facet normal 0.000000e+00 0.000000e+00 -1.000000e+00
    outer loop
      vertex   -1.670005e+02 8.989902e+01 1.993005e+02
      vertex   -1.670005e+02 9.169903e+01 1.993005e+02
      vertex   -1.667600e+02 9.168630e+01 1.993005e+02
    endloop
  endfacet
  facet normal 0.000000e+00 -0.000000e+00 -1.000000e+00
    outer loop
      vertex   -1.329995e+02 9.169903e+01 1.993005e+02
      vertex   -1.329995e+02 8.989902e+01 1.993005e+02
      vertex   -1.667500e+02 9.168577e+01 1.993005e+02
    endloop
  endfacet
  facet normal 1.471105e-16 -7.071083e-01 -7.071052e-01
    outer loop
      vertex   -1.332500e+02 9.384950e+01 1.971500e+02
      vertex   -1.329995e+02 9.169903e+01 1.993005e+02
      vertex   -1.667500e+02 9.171499e+01 1.992845e+02
    endloop
  endfacet
  facet normal -6.514227e-15 -7.071083e-01 -7.071052e-01
    outer loop
      vertex   -1.667500e+02 9.171499e+01 1.992845e+02
      vertex   -1.329995e+02 9.169903e+01 1.993005e+02
      vertex   -1.667600e+02 9.171435e+01 1.992852e+02
    endloop
  endfacet
  facet normal -9.038124e-13 -7.071083e-01 -7.071052e-01
    outer loop
      vertex   -1.667500e+02 9.171499e+01 1.992845e+02
      vertex   -1.667600e+02 9.171435e+01 1.992852e+02
      vertex   -1.667600e+02 9.376365e+01 1.972358e+02
    endloop
  endfacet
  facet normal 1.656482e-14 -7.071083e-01 -7.071052e-01
    outer loop
      vertex   -1.667600e+02 9.376365e+01 1.972358e+02
      vertex   -1.667600e+02 9.171435e+01 1.992852e+02
      vertex   -1.670005e+02 9.169903e+01 1.993005e+02
    endloop
  endfacet
  facet normal -0.000000e+00 -7.071083e-01 -7.071052e-01
    outer loop
      vertex   -1.329995e+02 9.169903e+01 1.993005e+02
      vertex   -1.670005e+02 9.169903e+01 1.993005e+02
      vertex   -1.667600e+02 9.171435e+01 1.992852e+02
    endloop
  endfacet
  facet normal 0.000000e+00 -7.071083e-01 -7.071052e-01
    outer loop
      vertex   -1.667600e+02 9.376365e+01 1.972358e+02
      vertex   -1.667500e+02 9.376365e+01 1.972358e+02
      vertex   -1.667500e+02 9.171499e+01 1.992845e+02
    endloop
  endfacet
  facet normal -2.562282e-16 -7.071083e-01 -7.071052e-01
    outer loop
      vertex   -1.667500e+02 9.171499e+01 1.992845e+02
      vertex   -1.667500e+02 9.376365e+01 1.972358e+02
      vertex   -1.332500e+02 9.384950e+01 1.971500e+02
    endloop
  endfacet
  facet normal 6.712749e-16 -7.071083e-01 -7.071052e-01
    outer loop
      vertex   -1.332500e+02 9.384950e+01 1.971500e+02
      vertex   -1.667500e+02 9.376365e+01 1.972358e+02
      vertex   -1.667490e+02 9.384850e+01 1.971510e+02
    endloop
  endfacet
  facet normal -0.000000e+00 -7.071083e-01 -7.071052e-01
    outer loop
      vertex   -1.332500e+02 9.384950e+01 1.971500e+02
      vertex   -1.667490e+02 9.384850e+01 1.971510e+02
      vertex   -1.667490e+02 9.384950e+01 1.971500e+02
    endloop
  endfacet
  facet normal 0.000000e+00 -7.071083e-01 -7.071052e-01
    outer loop
      vertex   -1.667500e+02 9.376365e+01 1.972358e+02
      vertex   -1.667500e+02 9.384850e+01 1.971510e+02
      vertex   -1.667490e+02 9.384850e+01 1.971510e+02
    endloop
  endfacet
  facet normal 0.000000e+00 -7.071068e-01 7.071068e-01
    outer loop
      vertex   -1.329995e+02 8.910000e+01 2.357005e+02
      vertex   -1.667500e+02 8.989314e+01 2.364937e+02
      vertex   -1.670005e+02 8.910000e+01 2.357005e+02
    endloop
  endfacet
  facet normal 9.923284e-13 -7.071068e-01 7.071068e-01
    outer loop
      vertex   -1.670005e+02 8.910000e+01 2.357005e+02
      vertex   -1.667500e+02 8.989314e+01 2.364937e+02
      vertex   -1.667600e+02 8.989337e+01 2.364939e+02
    endloop
  endfacet
  facet normal -4.166765e-14 -7.071068e-01 7.071068e-01
    outer loop
      vertex   -1.670005e+02 8.910000e+01 2.357005e+02
      vertex   -1.667600e+02 8.989337e+01 2.364939e+02
      vertex   -1.670005e+02 8.989902e+01 2.364995e+02
    endloop
  endfacet
  facet normal 0.000000e+00 -7.071068e-01 7.071068e-01
    outer loop
      vertex   -1.329995e+02 8.910000e+01 2.357005e+02
      vertex   -1.329995e+02 8.989902e+01 2.364995e+02
      vertex   -1.667500e+02 8.989314e+01 2.364937e+02
    endloop
  endfacet
  facet normal 7.403556e-15 -7.071068e-01 7.071068e-01
    outer loop
      vertex   -1.667500e+02 8.989314e+01 2.364937e+02
      vertex   -1.329995e+02 8.989902e+01 2.364995e+02
      vertex   -1.667600e+02 8.989337e+01 2.364939e+02
    endloop
  endfacet
  facet normal 0.000000e+00 -7.071068e-01 7.071068e-01
    outer loop
      vertex   -1.329995e+02 8.989902e+01 2.364995e+02
      vertex   -1.670005e+02 8.989902e+01 2.364995e+02
      vertex   -1.667600e+02 8.989337e+01 2.364939e+02
    endloop
  endfacet
  facet normal 0.000000e+00 0.000000e+00 1.000000e+00
    outer loop
      vertex   -1.670005e+02 8.989902e+01 2.364995e+02
      vertex   -1.329995e+02 8.989902e+01 2.364995e+02
      vertex   -1.667600e+02 8.991176e+01 2.364995e+02
    endloop
  endfacet
  facet normal -0.000000e+00 0.000000e+00 1.000000e+00
    outer loop
      vertex   -1.667600e+02 8.991176e+01 2.364995e+02
      vertex   -1.329995e+02 8.989902e+01 2.364995e+02
      vertex   -1.667500e+02 8.991229e+01 2.364995e+02
    endloop
  endfacet
  facet normal 0.000000e+00 -0.000000e+00 1.000000e+00
    outer loop
      vertex   -1.667600e+02 8.991176e+01 2.364995e+02
      vertex   -1.667500e+02 8.991229e+01 2.364995e+02
      vertex   -1.670005e+02 9.169903e+01 2.364995e+02
    endloop
  endfacet
  facet normal -0.000000e+00 0.000000e+00 1.000000e+00
    outer loop
      vertex   -1.670005e+02 9.169903e+01 2.364995e+02
      vertex   -1.667500e+02 8.991229e+01 2.364995e+02
      vertex   -1.329995e+02 9.169903e+01 2.364995e+02
    endloop
  endfacet
  facet normal 0.000000e+00 -0.000000e+00 1.000000e+00
    outer loop
      vertex   -1.329995e+02 8.989902e+01 2.364995e+02
      vertex   -1.329995e+02 9.169903e+01 2.364995e+02
      vertex   -1.667500e+02 8.991229e+01 2.364995e+02
    endloop
  endfacet
  facet normal 0.000000e+00 0.000000e+00 1.000000e+00
    outer loop
      vertex   -1.670005e+02 9.169903e+01 2.364995e+02
      vertex   -1.670005e+02 8.989902e+01 2.364995e+02
      vertex   -1.667600e+02 8.991176e+01 2.364995e+02
    endloop
  endfacet
  facet normal 0.000000e+00 1.000000e+00 0.000000e+00
    outer loop
      vertex   -1.667500e+02 1.310500e+02 1.997976e+02
      vertex   -1.667500e+02 1.310500e+02 2.010975e+02
      vertex   -1.332500e+02 1.310500e+02 1.997976e+02
    endloop
  endfacet
  facet normal 3.877567e-02 -0.000000e+00 9.992479e-01
    outer loop
      vertex   -1.667500e+02 9.605000e+01 2.010975e+02
      vertex   -1.332500e+02 9.605000e+01 1.997976e+02
      vertex   -1.667500e+02 1.310500e+02 2.010975e+02
    endloop
  endfacet
  facet normal 3.877567e-02 0.000000e+00 9.992479e-01
    outer loop
      vertex   -1.667500e+02 1.310500e+02 2.010975e+02
      vertex   -1.332500e+02 9.605000e+01 1.997976e+02
      vertex   -1.332500e+02 1.310500e+02 1.997976e+02
    endloop
  endfacet
  facet normal -0.000000e+00 1.000000e+00 0.000000e+00
    outer loop
      vertex   -1.667500e+02 9.605000e+01 2.010975e+02
      vertex   -1.667500e+02 9.605000e+01 2.347025e+02
      vertex   -1.332500e+02 9.605000e+01 1.997976e+02
    endloop
  endfacet
  facet normal 0.000000e+00 1.000000e+00 -0.000000e+00
    outer loop
      vertex   -1.332500e+02 9.605000e+01 1.997976e+02
      vertex   -1.667500e+02 9.605000e+01 2.347025e+02
      vertex   -1.332500e+02 9.605000e+01 2.360024e+02
    endloop
  endfacet
  facet normal 3.877567e-02 0.000000e+00 -9.992479e-01
    outer loop
      vertex   -1.667500e+02 1.310500e+02 2.347025e+02
      vertex   -1.332500e+02 1.310500e+02 2.360024e+02
      vertex   -1.667500e+02 9.605000e+01 2.347025e+02
    endloop
  endfacet
  facet normal 3.877567e-02 0.000000e+00 -9.992479e-01
    outer loop
      vertex   -1.667500e+02 9.605000e+01 2.347025e+02
      vertex   -1.332500e+02 1.310500e+02 2.360024e+02
      vertex   -1.332500e+02 9.605000e+01 2.360024e+02
    endloop
  endfacet
  facet normal 0.000000e+00 1.000000e+00 0.000000e+00
    outer loop
      vertex   -1.667500e+02 1.310500e+02 2.347025e+02
      vertex   -1.667500e+02 1.310500e+02 2.360024e+02
      vertex   -1.332500e+02 1.310500e+02 2.360024e+02
    endloop
  endfacet
endsolid
