solid ASCII
  facet normal -3.902685e-07 0.000000e+00 1.000000e+00
    outer loop
      vertex   1.080132e+01 3.000000e+01 2.750000e+02
      vertex   8.000000e+00 3.000000e+01 2.750000e+02
      vertex   1.080132e+01 1.900000e+01 2.750000e+02
    endloop
  endfacet
  facet normal -3.902685e-07 0.000000e+00 1.000000e+00
    outer loop
      vertex   1.080132e+01 1.900000e+01 2.750000e+02
      vertex   8.000000e+00 3.000000e+01 2.750000e+02
      vertex   8.000000e+00 0.000000e+00 2.750000e+02
    endloop
  endfacet
  facet normal -3.902685e-07 3.593307e-17 1.000000e+00
    outer loop
      vertex   1.080132e+01 1.900000e+01 2.750000e+02
      vertex   8.000000e+00 0.000000e+00 2.750000e+02
      vertex   1.292330e+01 0.000000e+00 2.750000e+02
    endloop
  endfacet
  facet normal -3.902685e-07 0.000000e+00 1.000000e+00
    outer loop
      vertex   1.292330e+01 0.000000e+00 2.750000e+02
      vertex   1.292330e+01 1.900000e+01 2.750000e+02
      vertex   1.080132e+01 1.900000e+01 2.750000e+02
    endloop
  endfacet
  facet normal -0.000000e+00 -0.000000e+00 -1.000000e+00
    outer loop
      vertex   1.080132e+01 3.000000e+01 2.850000e+02
      vertex   1.080132e+01 1.900000e+01 2.850000e+02
      vertex   8.000000e+00 3.000000e+01 2.850000e+02
    endloop
  endfacet
  facet normal 0.000000e+00 0.000000e+00 -1.000000e+00
    outer loop
      vertex   8.000000e+00 3.000000e+01 2.850000e+02
      vertex   1.080132e+01 1.900000e+01 2.850000e+02
      vertex   8.000000e+00 0.000000e+00 2.850000e+02
    endloop
  endfacet
  facet normal 0.000000e+00 0.000000e+00 -1.000000e+00
    outer loop
      vertex   8.000000e+00 0.000000e+00 2.850000e+02
      vertex   1.080132e+01 1.900000e+01 2.850000e+02
      vertex   1.292330e+01 0.000000e+00 2.850000e+02
    endloop
  endfacet
  facet normal 0.000000e+00 0.000000e+00 -1.000000e+00
    outer loop
      vertex   1.292330e+01 0.000000e+00 2.850000e+02
      vertex   1.080132e+01 1.900000e+01 2.850000e+02
      vertex   1.292330e+01 1.900000e+01 2.850000e+02
    endloop
  endfacet
  facet normal -1.000000e+00 0.000000e+00 0.000000e+00
    outer loop
      vertex   8.000000e+00 0.000000e+00 2.850000e+02
      vertex   8.000000e+00 0.000000e+00 2.990000e+02
      vertex   8.000000e+00 3.000000e+01 2.850000e+02
    endloop
  endfacet
  facet normal -1.000000e+00 0.000000e+00 0.000000e+00
    outer loop
      vertex   8.000000e+00 3.000000e+01 2.850000e+02
      vertex   8.000000e+00 0.000000e+00 2.990000e+02
      vertex   8.000000e+00 3.000000e+01 2.990000e+02
    endloop
  endfacet
  facet normal 0.000000e+00 1.000000e+00 -0.000000e+00
    outer loop
      vertex   1.080132e+01 3.000000e+01 2.850000e+02
      vertex   8.000000e+00 3.000000e+01 2.850000e+02
      vertex   1.101618e+01 3.000000e+01 2.856111e+02
    endloop
  endfacet
  facet normal 0.000000e+00 1.000000e+00 -0.000000e+00
    outer loop
      vertex   1.101618e+01 3.000000e+01 2.856111e+02
      vertex   8.000000e+00 3.000000e+01 2.850000e+02
      vertex   1.125560e+01 3.000000e+01 2.862131e+02
    endloop
  endfacet
  facet normal 0.000000e+00 1.000000e+00 -0.000000e+00
    outer loop
      vertex   1.125560e+01 3.000000e+01 2.862131e+02
      vertex   8.000000e+00 3.000000e+01 2.850000e+02
      vertex   1.151919e+01 3.000000e+01 2.868049e+02
    endloop
  endfacet
  facet normal 0.000000e+00 1.000000e+00 -0.000000e+00
    outer loop
      vertex   1.151919e+01 3.000000e+01 2.868049e+02
      vertex   8.000000e+00 3.000000e+01 2.850000e+02
      vertex   1.180652e+01 3.000000e+01 2.873855e+02
    endloop
  endfacet
  facet normal 0.000000e+00 1.000000e+00 -0.000000e+00
    outer loop
      vertex   1.180652e+01 3.000000e+01 2.873855e+02
      vertex   8.000000e+00 3.000000e+01 2.850000e+02
      vertex   1.211711e+01 3.000000e+01 2.879540e+02
    endloop
  endfacet
  facet normal 0.000000e+00 1.000000e+00 -0.000000e+00
    outer loop
      vertex   1.211711e+01 3.000000e+01 2.879540e+02
      vertex   8.000000e+00 3.000000e+01 2.850000e+02
      vertex   1.245047e+01 3.000000e+01 2.885094e+02
    endloop
  endfacet
  facet normal 0.000000e+00 1.000000e+00 0.000000e+00
    outer loop
      vertex   1.245047e+01 3.000000e+01 2.885094e+02
      vertex   8.000000e+00 3.000000e+01 2.850000e+02
      vertex   8.000000e+00 3.000000e+01 2.990000e+02
    endloop
  endfacet
  facet normal 0.000000e+00 1.000000e+00 -0.000000e+00
    outer loop
      vertex   1.245047e+01 3.000000e+01 2.885094e+02
      vertex   8.000000e+00 3.000000e+01 2.990000e+02
      vertex   1.280604e+01 3.000000e+01 2.890509e+02
    endloop
  endfacet
  facet normal 0.000000e+00 1.000000e+00 -0.000000e+00
    outer loop
      vertex   1.280604e+01 3.000000e+01 2.890509e+02
      vertex   8.000000e+00 3.000000e+01 2.990000e+02
      vertex   1.318323e+01 3.000000e+01 2.895776e+02
    endloop
  endfacet
  facet normal 0.000000e+00 1.000000e+00 -0.000000e+00
    outer loop
      vertex   1.318323e+01 3.000000e+01 2.895776e+02
      vertex   8.000000e+00 3.000000e+01 2.990000e+02
      vertex   1.358144e+01 3.000000e+01 2.900886e+02
    endloop
  endfacet
  facet normal 0.000000e+00 1.000000e+00 -0.000000e+00
    outer loop
      vertex   1.358144e+01 3.000000e+01 2.900886e+02
      vertex   8.000000e+00 3.000000e+01 2.990000e+02
      vertex   1.400000e+01 3.000000e+01 2.905830e+02
    endloop
  endfacet
  facet normal 0.000000e+00 1.000000e+00 -0.000000e+00
    outer loop
      vertex   1.400000e+01 3.000000e+01 2.905830e+02
      vertex   8.000000e+00 3.000000e+01 2.990000e+02
      vertex   1.445507e+01 3.000000e+01 2.910777e+02
    endloop
  endfacet
  facet normal 0.000000e+00 1.000000e+00 -0.000000e+00
    outer loop
      vertex   1.445507e+01 3.000000e+01 2.910777e+02
      vertex   8.000000e+00 3.000000e+01 2.990000e+02
      vertex   1.493052e+01 3.000000e+01 2.915528e+02
    endloop
  endfacet
  facet normal 0.000000e+00 1.000000e+00 -0.000000e+00
    outer loop
      vertex   1.493052e+01 3.000000e+01 2.915528e+02
      vertex   8.000000e+00 3.000000e+01 2.990000e+02
      vertex   1.542550e+01 3.000000e+01 2.920075e+02
    endloop
  endfacet
  facet normal 0.000000e+00 1.000000e+00 -0.000000e+00
    outer loop
      vertex   1.542550e+01 3.000000e+01 2.920075e+02
      vertex   8.000000e+00 3.000000e+01 2.990000e+02
      vertex   1.593915e+01 3.000000e+01 2.924410e+02
    endloop
  endfacet
  facet normal 0.000000e+00 1.000000e+00 -0.000000e+00
    outer loop
      vertex   1.593915e+01 3.000000e+01 2.924410e+02
      vertex   8.000000e+00 3.000000e+01 2.990000e+02
      vertex   1.647055e+01 3.000000e+01 2.928526e+02
    endloop
  endfacet
  facet normal 0.000000e+00 1.000000e+00 -0.000000e+00
    outer loop
      vertex   1.647055e+01 3.000000e+01 2.928526e+02
      vertex   8.000000e+00 3.000000e+01 2.990000e+02
      vertex   1.701877e+01 3.000000e+01 2.932415e+02
    endloop
  endfacet
  facet normal 0.000000e+00 1.000000e+00 -0.000000e+00
    outer loop
      vertex   1.701877e+01 3.000000e+01 2.932415e+02
      vertex   8.000000e+00 3.000000e+01 2.990000e+02
      vertex   1.758283e+01 3.000000e+01 2.936070e+02
    endloop
  endfacet
  facet normal 0.000000e+00 1.000000e+00 -0.000000e+00
    outer loop
      vertex   1.758283e+01 3.000000e+01 2.936070e+02
      vertex   8.000000e+00 3.000000e+01 2.990000e+02
      vertex   1.816176e+01 3.000000e+01 2.939486e+02
    endloop
  endfacet
  facet normal 0.000000e+00 1.000000e+00 -0.000000e+00
    outer loop
      vertex   1.816176e+01 3.000000e+01 2.939486e+02
      vertex   8.000000e+00 3.000000e+01 2.990000e+02
      vertex   1.875451e+01 3.000000e+01 2.942654e+02
    endloop
  endfacet
  facet normal 0.000000e+00 1.000000e+00 -0.000000e+00
    outer loop
      vertex   1.875451e+01 3.000000e+01 2.942654e+02
      vertex   8.000000e+00 3.000000e+01 2.990000e+02
      vertex   1.936005e+01 3.000000e+01 2.945572e+02
    endloop
  endfacet
  facet normal 0.000000e+00 1.000000e+00 -0.000000e+00
    outer loop
      vertex   1.936005e+01 3.000000e+01 2.945572e+02
      vertex   8.000000e+00 3.000000e+01 2.990000e+02
      vertex   1.997731e+01 3.000000e+01 2.948232e+02
    endloop
  endfacet
  facet normal 0.000000e+00 1.000000e+00 -0.000000e+00
    outer loop
      vertex   1.997731e+01 3.000000e+01 2.948232e+02
      vertex   8.000000e+00 3.000000e+01 2.990000e+02
      vertex   2.060520e+01 3.000000e+01 2.950631e+02
    endloop
  endfacet
  facet normal 0.000000e+00 1.000000e+00 -0.000000e+00
    outer loop
      vertex   2.060520e+01 3.000000e+01 2.950631e+02
      vertex   8.000000e+00 3.000000e+01 2.990000e+02
      vertex   2.124261e+01 3.000000e+01 2.952764e+02
    endloop
  endfacet
  facet normal 0.000000e+00 1.000000e+00 -0.000000e+00
    outer loop
      vertex   2.124261e+01 3.000000e+01 2.952764e+02
      vertex   8.000000e+00 3.000000e+01 2.990000e+02
      vertex   2.188841e+01 3.000000e+01 2.954627e+02
    endloop
  endfacet
  facet normal 0.000000e+00 1.000000e+00 -0.000000e+00
    outer loop
      vertex   2.188841e+01 3.000000e+01 2.954627e+02
      vertex   8.000000e+00 3.000000e+01 2.990000e+02
      vertex   2.254147e+01 3.000000e+01 2.956217e+02
    endloop
  endfacet
  facet normal 0.000000e+00 1.000000e+00 -0.000000e+00
    outer loop
      vertex   2.254147e+01 3.000000e+01 2.956217e+02
      vertex   8.000000e+00 3.000000e+01 2.990000e+02
      vertex   2.320064e+01 3.000000e+01 2.957532e+02
    endloop
  endfacet
  facet normal 0.000000e+00 1.000000e+00 -0.000000e+00
    outer loop
      vertex   2.320064e+01 3.000000e+01 2.957532e+02
      vertex   8.000000e+00 3.000000e+01 2.990000e+02
      vertex   2.386474e+01 3.000000e+01 2.958569e+02
    endloop
  endfacet
  facet normal 0.000000e+00 1.000000e+00 -0.000000e+00
    outer loop
      vertex   2.386474e+01 3.000000e+01 2.958569e+02
      vertex   8.000000e+00 3.000000e+01 2.990000e+02
      vertex   2.453262e+01 3.000000e+01 2.959326e+02
    endloop
  endfacet
  facet normal 0.000000e+00 1.000000e+00 -0.000000e+00
    outer loop
      vertex   2.453262e+01 3.000000e+01 2.959326e+02
      vertex   8.000000e+00 3.000000e+01 2.990000e+02
      vertex   2.520308e+01 3.000000e+01 2.959801e+02
    endloop
  endfacet
  facet normal 0.000000e+00 1.000000e+00 -0.000000e+00
    outer loop
      vertex   2.520308e+01 3.000000e+01 2.959801e+02
      vertex   8.000000e+00 3.000000e+01 2.990000e+02
      vertex   2.587495e+01 3.000000e+01 2.959995e+02
    endloop
  endfacet
  facet normal -0.000000e+00 1.000000e+00 -0.000000e+00
    outer loop
      vertex   2.587495e+01 3.000000e+01 2.959995e+02
      vertex   8.000000e+00 3.000000e+01 2.990000e+02
      vertex   2.654704e+01 3.000000e+01 2.959906e+02
    endloop
  endfacet
  facet normal 0.000000e+00 1.000000e+00 -0.000000e+00
    outer loop
      vertex   2.654704e+01 3.000000e+01 2.959906e+02
      vertex   8.000000e+00 3.000000e+01 2.990000e+02
      vertex   4.900000e+01 3.000000e+01 2.990000e+02
    endloop
  endfacet
  facet normal -0.000000e+00 1.000000e+00 0.000000e+00
    outer loop
      vertex   2.654704e+01 3.000000e+01 2.959906e+02
      vertex   4.900000e+01 3.000000e+01 2.990000e+02
      vertex   2.721816e+01 3.000000e+01 2.959536e+02
    endloop
  endfacet
  facet normal -0.000000e+00 1.000000e+00 0.000000e+00
    outer loop
      vertex   2.721816e+01 3.000000e+01 2.959536e+02
      vertex   4.900000e+01 3.000000e+01 2.990000e+02
      vertex   2.788713e+01 3.000000e+01 2.958883e+02
    endloop
  endfacet
  facet normal -0.000000e+00 1.000000e+00 0.000000e+00
    outer loop
      vertex   2.788713e+01 3.000000e+01 2.958883e+02
      vertex   4.900000e+01 3.000000e+01 2.990000e+02
      vertex   2.855278e+01 3.000000e+01 2.957950e+02
    endloop
  endfacet
  facet normal -0.000000e+00 1.000000e+00 0.000000e+00
    outer loop
      vertex   2.855278e+01 3.000000e+01 2.957950e+02
      vertex   4.900000e+01 3.000000e+01 2.990000e+02
      vertex   2.921392e+01 3.000000e+01 2.956739e+02
    endloop
  endfacet
  facet normal -0.000000e+00 1.000000e+00 0.000000e+00
    outer loop
      vertex   2.921392e+01 3.000000e+01 2.956739e+02
      vertex   4.900000e+01 3.000000e+01 2.990000e+02
      vertex   2.986938e+01 3.000000e+01 2.955251e+02
    endloop
  endfacet
  facet normal -0.000000e+00 1.000000e+00 0.000000e+00
    outer loop
      vertex   2.986938e+01 3.000000e+01 2.955251e+02
      vertex   4.900000e+01 3.000000e+01 2.990000e+02
      vertex   3.051802e+01 3.000000e+01 2.953489e+02
    endloop
  endfacet
  facet normal -0.000000e+00 1.000000e+00 0.000000e+00
    outer loop
      vertex   3.051802e+01 3.000000e+01 2.953489e+02
      vertex   4.900000e+01 3.000000e+01 2.990000e+02
      vertex   3.115869e+01 3.000000e+01 2.951456e+02
    endloop
  endfacet
  facet normal -0.000000e+00 1.000000e+00 0.000000e+00
    outer loop
      vertex   3.115869e+01 3.000000e+01 2.951456e+02
      vertex   4.900000e+01 3.000000e+01 2.990000e+02
      vertex   3.179025e+01 3.000000e+01 2.949155e+02
    endloop
  endfacet
  facet normal -0.000000e+00 1.000000e+00 0.000000e+00
    outer loop
      vertex   3.179025e+01 3.000000e+01 2.949155e+02
      vertex   4.900000e+01 3.000000e+01 2.990000e+02
      vertex   3.241159e+01 3.000000e+01 2.946592e+02
    endloop
  endfacet
  facet normal -0.000000e+00 1.000000e+00 0.000000e+00
    outer loop
      vertex   3.241159e+01 3.000000e+01 2.946592e+02
      vertex   4.900000e+01 3.000000e+01 2.990000e+02
      vertex   3.302162e+01 3.000000e+01 2.943770e+02
    endloop
  endfacet
  facet normal -0.000000e+00 1.000000e+00 0.000000e+00
    outer loop
      vertex   3.302162e+01 3.000000e+01 2.943770e+02
      vertex   4.900000e+01 3.000000e+01 2.990000e+02
      vertex   3.361925e+01 3.000000e+01 2.940694e+02
    endloop
  endfacet
  facet normal -0.000000e+00 1.000000e+00 0.000000e+00
    outer loop
      vertex   3.361925e+01 3.000000e+01 2.940694e+02
      vertex   4.900000e+01 3.000000e+01 2.990000e+02
      vertex   3.420344e+01 3.000000e+01 2.937369e+02
    endloop
  endfacet
  facet normal -0.000000e+00 1.000000e+00 0.000000e+00
    outer loop
      vertex   3.420344e+01 3.000000e+01 2.937369e+02
      vertex   4.900000e+01 3.000000e+01 2.990000e+02
      vertex   3.477316e+01 3.000000e+01 2.933803e+02
    endloop
  endfacet
  facet normal -0.000000e+00 1.000000e+00 0.000000e+00
    outer loop
      vertex   3.477316e+01 3.000000e+01 2.933803e+02
      vertex   4.900000e+01 3.000000e+01 2.990000e+02
      vertex   3.532739e+01 3.000000e+01 2.930000e+02
    endloop
  endfacet
  facet normal -0.000000e+00 1.000000e+00 0.000000e+00
    outer loop
      vertex   3.532739e+01 3.000000e+01 2.930000e+02
      vertex   4.900000e+01 3.000000e+01 2.990000e+02
      vertex   4.299000e+01 3.000000e+01 2.920000e+02
    endloop
  endfacet
  facet normal 0.000000e+00 1.000000e+00 0.000000e+00
    outer loop
      vertex   3.532739e+01 3.000000e+01 2.930000e+02
      vertex   4.299000e+01 3.000000e+01 2.920000e+02
      vertex   3.586692e+01 3.000000e+01 2.925954e+02
    endloop
  endfacet
  facet normal 0.000000e+00 1.000000e+00 0.000000e+00
    outer loop
      vertex   3.586692e+01 3.000000e+01 2.925954e+02
      vertex   4.299000e+01 3.000000e+01 2.920000e+02
      vertex   3.638892e+01 3.000000e+01 2.921684e+02
    endloop
  endfacet
  facet normal 0.000000e+00 1.000000e+00 0.000000e+00
    outer loop
      vertex   3.638892e+01 3.000000e+01 2.921684e+02
      vertex   4.299000e+01 3.000000e+01 2.920000e+02
      vertex   3.689247e+01 3.000000e+01 2.917198e+02
    endloop
  endfacet
  facet normal -0.000000e+00 1.000000e+00 0.000000e+00
    outer loop
      vertex   3.689247e+01 3.000000e+01 2.917198e+02
      vertex   4.299000e+01 3.000000e+01 2.920000e+02
      vertex   3.737666e+01 3.000000e+01 2.912504e+02
    endloop
  endfacet
  facet normal -0.000000e+00 1.000000e+00 0.000000e+00
    outer loop
      vertex   3.737666e+01 3.000000e+01 2.912504e+02
      vertex   4.299000e+01 3.000000e+01 2.920000e+02
      vertex   3.784065e+01 3.000000e+01 2.907610e+02
    endloop
  endfacet
  facet normal -0.000000e+00 1.000000e+00 0.000000e+00
    outer loop
      vertex   3.784065e+01 3.000000e+01 2.907610e+02
      vertex   4.299000e+01 3.000000e+01 2.920000e+02
      vertex   3.828360e+01 3.000000e+01 2.902525e+02
    endloop
  endfacet
  facet normal -0.000000e+00 1.000000e+00 0.000000e+00
    outer loop
      vertex   3.828360e+01 3.000000e+01 2.902525e+02
      vertex   4.299000e+01 3.000000e+01 2.920000e+02
      vertex   3.870472e+01 3.000000e+01 2.897257e+02
    endloop
  endfacet
  facet normal -0.000000e+00 1.000000e+00 0.000000e+00
    outer loop
      vertex   3.870472e+01 3.000000e+01 2.897257e+02
      vertex   4.299000e+01 3.000000e+01 2.920000e+02
      vertex   3.910328e+01 3.000000e+01 2.891817e+02
    endloop
  endfacet
  facet normal -0.000000e+00 1.000000e+00 0.000000e+00
    outer loop
      vertex   3.910328e+01 3.000000e+01 2.891817e+02
      vertex   4.299000e+01 3.000000e+01 2.920000e+02
      vertex   3.947856e+01 3.000000e+01 2.886214e+02
    endloop
  endfacet
  facet normal -0.000000e+00 1.000000e+00 0.000000e+00
    outer loop
      vertex   3.947856e+01 3.000000e+01 2.886214e+02
      vertex   4.299000e+01 3.000000e+01 2.920000e+02
      vertex   3.982989e+01 3.000000e+01 2.880458e+02
    endloop
  endfacet
  facet normal -0.000000e+00 1.000000e+00 0.000000e+00
    outer loop
      vertex   3.982989e+01 3.000000e+01 2.880458e+02
      vertex   4.299000e+01 3.000000e+01 2.920000e+02
      vertex   4.015665e+01 3.000000e+01 2.874558e+02
    endloop
  endfacet
  facet normal -0.000000e+00 1.000000e+00 0.000000e+00
    outer loop
      vertex   4.015665e+01 3.000000e+01 2.874558e+02
      vertex   4.299000e+01 3.000000e+01 2.920000e+02
      vertex   4.045826e+01 3.000000e+01 2.868526e+02
    endloop
  endfacet
  facet normal -0.000000e+00 1.000000e+00 0.000000e+00
    outer loop
      vertex   4.045826e+01 3.000000e+01 2.868526e+02
      vertex   4.299000e+01 3.000000e+01 2.920000e+02
      vertex   4.073419e+01 3.000000e+01 2.862373e+02
    endloop
  endfacet
  facet normal -0.000000e+00 1.000000e+00 0.000000e+00
    outer loop
      vertex   4.073419e+01 3.000000e+01 2.862373e+02
      vertex   4.299000e+01 3.000000e+01 2.920000e+02
      vertex   4.098394e+01 3.000000e+01 2.856108e+02
    endloop
  endfacet
  facet normal -0.000000e+00 1.000000e+00 0.000000e+00
    outer loop
      vertex   4.098394e+01 3.000000e+01 2.856108e+02
      vertex   4.299000e+01 3.000000e+01 2.920000e+02
      vertex   4.120707e+01 3.000000e+01 2.849744e+02
    endloop
  endfacet
  facet normal -0.000000e+00 1.000000e+00 0.000000e+00
    outer loop
      vertex   4.120707e+01 3.000000e+01 2.849744e+02
      vertex   4.299000e+01 3.000000e+01 2.920000e+02
      vertex   4.140318e+01 3.000000e+01 2.843292e+02
    endloop
  endfacet
  facet normal -0.000000e+00 1.000000e+00 0.000000e+00
    outer loop
      vertex   4.140318e+01 3.000000e+01 2.843292e+02
      vertex   4.299000e+01 3.000000e+01 2.920000e+02
      vertex   4.157193e+01 3.000000e+01 2.836763e+02
    endloop
  endfacet
  facet normal -0.000000e+00 1.000000e+00 0.000000e+00
    outer loop
      vertex   4.157193e+01 3.000000e+01 2.836763e+02
      vertex   4.299000e+01 3.000000e+01 2.920000e+02
      vertex   4.171302e+01 3.000000e+01 2.830168e+02
    endloop
  endfacet
  facet normal -0.000000e+00 1.000000e+00 0.000000e+00
    outer loop
      vertex   4.171302e+01 3.000000e+01 2.830168e+02
      vertex   4.299000e+01 3.000000e+01 2.920000e+02
      vertex   4.182618e+01 3.000000e+01 2.823520e+02
    endloop
  endfacet
  facet normal -0.000000e+00 1.000000e+00 0.000000e+00
    outer loop
      vertex   4.182618e+01 3.000000e+01 2.823520e+02
      vertex   4.299000e+01 3.000000e+01 2.920000e+02
      vertex   4.191124e+01 3.000000e+01 2.816830e+02
    endloop
  endfacet
  facet normal -0.000000e+00 1.000000e+00 0.000000e+00
    outer loop
      vertex   4.191124e+01 3.000000e+01 2.816830e+02
      vertex   4.299000e+01 3.000000e+01 2.920000e+02
      vertex   4.196802e+01 3.000000e+01 2.810110e+02
    endloop
  endfacet
  facet normal -0.000000e+00 1.000000e+00 0.000000e+00
    outer loop
      vertex   4.196802e+01 3.000000e+01 2.810110e+02
      vertex   4.299000e+01 3.000000e+01 2.920000e+02
      vertex   4.199644e+01 3.000000e+01 2.803372e+02
    endloop
  endfacet
  facet normal -0.000000e+00 1.000000e+00 0.000000e+00
    outer loop
      vertex   4.199644e+01 3.000000e+01 2.803372e+02
      vertex   4.299000e+01 3.000000e+01 2.920000e+02
      vertex   4.299000e+01 3.000000e+01 2.680000e+02
    endloop
  endfacet
  facet normal 0.000000e+00 1.000000e+00 0.000000e+00
    outer loop
      vertex   4.199644e+01 3.000000e+01 2.803372e+02
      vertex   4.299000e+01 3.000000e+01 2.680000e+02
      vertex   4.199644e+01 3.000000e+01 2.796628e+02
    endloop
  endfacet
  facet normal 0.000000e+00 1.000000e+00 0.000000e+00
    outer loop
      vertex   4.199644e+01 3.000000e+01 2.796628e+02
      vertex   4.299000e+01 3.000000e+01 2.680000e+02
      vertex   4.196802e+01 3.000000e+01 2.789890e+02
    endloop
  endfacet
  facet normal 0.000000e+00 1.000000e+00 0.000000e+00
    outer loop
      vertex   4.196802e+01 3.000000e+01 2.789890e+02
      vertex   4.299000e+01 3.000000e+01 2.680000e+02
      vertex   4.191124e+01 3.000000e+01 2.783170e+02
    endloop
  endfacet
  facet normal 0.000000e+00 1.000000e+00 0.000000e+00
    outer loop
      vertex   4.191124e+01 3.000000e+01 2.783170e+02
      vertex   4.299000e+01 3.000000e+01 2.680000e+02
      vertex   4.182618e+01 3.000000e+01 2.776480e+02
    endloop
  endfacet
  facet normal 0.000000e+00 1.000000e+00 0.000000e+00
    outer loop
      vertex   4.182618e+01 3.000000e+01 2.776480e+02
      vertex   4.299000e+01 3.000000e+01 2.680000e+02
      vertex   4.171301e+01 3.000000e+01 2.769832e+02
    endloop
  endfacet
  facet normal 0.000000e+00 1.000000e+00 0.000000e+00
    outer loop
      vertex   4.171301e+01 3.000000e+01 2.769832e+02
      vertex   4.299000e+01 3.000000e+01 2.680000e+02
      vertex   4.157193e+01 3.000000e+01 2.763237e+02
    endloop
  endfacet
  facet normal 0.000000e+00 1.000000e+00 0.000000e+00
    outer loop
      vertex   4.157193e+01 3.000000e+01 2.763237e+02
      vertex   4.299000e+01 3.000000e+01 2.680000e+02
      vertex   4.140318e+01 3.000000e+01 2.756708e+02
    endloop
  endfacet
  facet normal 0.000000e+00 1.000000e+00 0.000000e+00
    outer loop
      vertex   4.140318e+01 3.000000e+01 2.756708e+02
      vertex   4.299000e+01 3.000000e+01 2.680000e+02
      vertex   4.120706e+01 3.000000e+01 2.750256e+02
    endloop
  endfacet
  facet normal 0.000000e+00 1.000000e+00 0.000000e+00
    outer loop
      vertex   4.120706e+01 3.000000e+01 2.750256e+02
      vertex   4.299000e+01 3.000000e+01 2.680000e+02
      vertex   4.098393e+01 3.000000e+01 2.743892e+02
    endloop
  endfacet
  facet normal 0.000000e+00 1.000000e+00 0.000000e+00
    outer loop
      vertex   4.098393e+01 3.000000e+01 2.743892e+02
      vertex   4.299000e+01 3.000000e+01 2.680000e+02
      vertex   4.073418e+01 3.000000e+01 2.737627e+02
    endloop
  endfacet
  facet normal 0.000000e+00 1.000000e+00 0.000000e+00
    outer loop
      vertex   4.073418e+01 3.000000e+01 2.737627e+02
      vertex   4.299000e+01 3.000000e+01 2.680000e+02
      vertex   4.045825e+01 3.000000e+01 2.731474e+02
    endloop
  endfacet
  facet normal 0.000000e+00 1.000000e+00 0.000000e+00
    outer loop
      vertex   4.045825e+01 3.000000e+01 2.731474e+02
      vertex   4.299000e+01 3.000000e+01 2.680000e+02
      vertex   4.015664e+01 3.000000e+01 2.725442e+02
    endloop
  endfacet
  facet normal 0.000000e+00 1.000000e+00 0.000000e+00
    outer loop
      vertex   4.015664e+01 3.000000e+01 2.725442e+02
      vertex   4.299000e+01 3.000000e+01 2.680000e+02
      vertex   3.982988e+01 3.000000e+01 2.719542e+02
    endloop
  endfacet
  facet normal 0.000000e+00 1.000000e+00 0.000000e+00
    outer loop
      vertex   3.982988e+01 3.000000e+01 2.719542e+02
      vertex   4.299000e+01 3.000000e+01 2.680000e+02
      vertex   3.947855e+01 3.000000e+01 2.713786e+02
    endloop
  endfacet
  facet normal 0.000000e+00 1.000000e+00 0.000000e+00
    outer loop
      vertex   3.947855e+01 3.000000e+01 2.713786e+02
      vertex   4.299000e+01 3.000000e+01 2.680000e+02
      vertex   3.910327e+01 3.000000e+01 2.708183e+02
    endloop
  endfacet
  facet normal 0.000000e+00 1.000000e+00 0.000000e+00
    outer loop
      vertex   3.910327e+01 3.000000e+01 2.708183e+02
      vertex   4.299000e+01 3.000000e+01 2.680000e+02
      vertex   3.870471e+01 3.000000e+01 2.702743e+02
    endloop
  endfacet
  facet normal 0.000000e+00 1.000000e+00 0.000000e+00
    outer loop
      vertex   3.870471e+01 3.000000e+01 2.702743e+02
      vertex   4.299000e+01 3.000000e+01 2.680000e+02
      vertex   3.828359e+01 3.000000e+01 2.697475e+02
    endloop
  endfacet
  facet normal 0.000000e+00 1.000000e+00 0.000000e+00
    outer loop
      vertex   3.828359e+01 3.000000e+01 2.697475e+02
      vertex   4.299000e+01 3.000000e+01 2.680000e+02
      vertex   3.784064e+01 3.000000e+01 2.692390e+02
    endloop
  endfacet
  facet normal 0.000000e+00 1.000000e+00 0.000000e+00
    outer loop
      vertex   3.784064e+01 3.000000e+01 2.692390e+02
      vertex   4.299000e+01 3.000000e+01 2.680000e+02
      vertex   3.737665e+01 3.000000e+01 2.687496e+02
    endloop
  endfacet
  facet normal 0.000000e+00 1.000000e+00 0.000000e+00
    outer loop
      vertex   3.737665e+01 3.000000e+01 2.687496e+02
      vertex   4.299000e+01 3.000000e+01 2.680000e+02
      vertex   3.689246e+01 3.000000e+01 2.682802e+02
    endloop
  endfacet
  facet normal 0.000000e+00 1.000000e+00 0.000000e+00
    outer loop
      vertex   3.689246e+01 3.000000e+01 2.682802e+02
      vertex   4.299000e+01 3.000000e+01 2.680000e+02
      vertex   3.638891e+01 3.000000e+01 2.678316e+02
    endloop
  endfacet
  facet normal -0.000000e+00 1.000000e+00 0.000000e+00
    outer loop
      vertex   3.638891e+01 3.000000e+01 2.678316e+02
      vertex   4.299000e+01 3.000000e+01 2.680000e+02
      vertex   3.586690e+01 3.000000e+01 2.674046e+02
    endloop
  endfacet
  facet normal -0.000000e+00 1.000000e+00 0.000000e+00
    outer loop
      vertex   3.586690e+01 3.000000e+01 2.674046e+02
      vertex   4.299000e+01 3.000000e+01 2.680000e+02
      vertex   3.532737e+01 3.000000e+01 2.670000e+02
    endloop
  endfacet
  facet normal -0.000000e+00 1.000000e+00 0.000000e+00
    outer loop
      vertex   3.532737e+01 3.000000e+01 2.670000e+02
      vertex   4.299000e+01 3.000000e+01 2.680000e+02
      vertex   3.532658e+01 3.000000e+01 2.669994e+02
    endloop
  endfacet
  facet normal -0.000000e+00 1.000000e+00 0.000000e+00
    outer loop
      vertex   3.532658e+01 3.000000e+01 2.669994e+02
      vertex   4.299000e+01 3.000000e+01 2.680000e+02
      vertex   4.900000e+01 3.000000e+01 2.610000e+02
    endloop
  endfacet
  facet normal 0.000000e+00 1.000000e+00 0.000000e+00
    outer loop
      vertex   3.532658e+01 3.000000e+01 2.669994e+02
      vertex   4.900000e+01 3.000000e+01 2.610000e+02
      vertex   3.477236e+01 3.000000e+01 2.666192e+02
    endloop
  endfacet
  facet normal 0.000000e+00 1.000000e+00 0.000000e+00
    outer loop
      vertex   3.477236e+01 3.000000e+01 2.666192e+02
      vertex   4.900000e+01 3.000000e+01 2.610000e+02
      vertex   3.420265e+01 3.000000e+01 2.662626e+02
    endloop
  endfacet
  facet normal 0.000000e+00 1.000000e+00 0.000000e+00
    outer loop
      vertex   3.420265e+01 3.000000e+01 2.662626e+02
      vertex   4.900000e+01 3.000000e+01 2.610000e+02
      vertex   3.361846e+01 3.000000e+01 2.659302e+02
    endloop
  endfacet
  facet normal 0.000000e+00 1.000000e+00 0.000000e+00
    outer loop
      vertex   3.361846e+01 3.000000e+01 2.659302e+02
      vertex   4.900000e+01 3.000000e+01 2.610000e+02
      vertex   3.302084e+01 3.000000e+01 2.656227e+02
    endloop
  endfacet
  facet normal 0.000000e+00 1.000000e+00 0.000000e+00
    outer loop
      vertex   3.302084e+01 3.000000e+01 2.656227e+02
      vertex   4.900000e+01 3.000000e+01 2.610000e+02
      vertex   3.241082e+01 3.000000e+01 2.653405e+02
    endloop
  endfacet
  facet normal 0.000000e+00 1.000000e+00 0.000000e+00
    outer loop
      vertex   3.241082e+01 3.000000e+01 2.653405e+02
      vertex   4.900000e+01 3.000000e+01 2.610000e+02
      vertex   3.178949e+01 3.000000e+01 2.650842e+02
    endloop
  endfacet
  facet normal 0.000000e+00 1.000000e+00 0.000000e+00
    outer loop
      vertex   3.178949e+01 3.000000e+01 2.650842e+02
      vertex   4.900000e+01 3.000000e+01 2.610000e+02
      vertex   3.115794e+01 3.000000e+01 2.648542e+02
    endloop
  endfacet
  facet normal 0.000000e+00 1.000000e+00 0.000000e+00
    outer loop
      vertex   3.115794e+01 3.000000e+01 2.648542e+02
      vertex   4.900000e+01 3.000000e+01 2.610000e+02
      vertex   3.051729e+01 3.000000e+01 2.646509e+02
    endloop
  endfacet
  facet normal 0.000000e+00 1.000000e+00 0.000000e+00
    outer loop
      vertex   3.051729e+01 3.000000e+01 2.646509e+02
      vertex   4.900000e+01 3.000000e+01 2.610000e+02
      vertex   2.986868e+01 3.000000e+01 2.644748e+02
    endloop
  endfacet
  facet normal 0.000000e+00 1.000000e+00 0.000000e+00
    outer loop
      vertex   2.986868e+01 3.000000e+01 2.644748e+02
      vertex   4.900000e+01 3.000000e+01 2.610000e+02
      vertex   2.921323e+01 3.000000e+01 2.643260e+02
    endloop
  endfacet
  facet normal 0.000000e+00 1.000000e+00 0.000000e+00
    outer loop
      vertex   2.921323e+01 3.000000e+01 2.643260e+02
      vertex   4.900000e+01 3.000000e+01 2.610000e+02
      vertex   2.855211e+01 3.000000e+01 2.642049e+02
    endloop
  endfacet
  facet normal 0.000000e+00 1.000000e+00 0.000000e+00
    outer loop
      vertex   2.855211e+01 3.000000e+01 2.642049e+02
      vertex   4.900000e+01 3.000000e+01 2.610000e+02
      vertex   2.788649e+01 3.000000e+01 2.641116e+02
    endloop
  endfacet
  facet normal 0.000000e+00 1.000000e+00 0.000000e+00
    outer loop
      vertex   2.788649e+01 3.000000e+01 2.641116e+02
      vertex   4.900000e+01 3.000000e+01 2.610000e+02
      vertex   2.721754e+01 3.000000e+01 2.640464e+02
    endloop
  endfacet
  facet normal 0.000000e+00 1.000000e+00 0.000000e+00
    outer loop
      vertex   2.721754e+01 3.000000e+01 2.640464e+02
      vertex   4.900000e+01 3.000000e+01 2.610000e+02
      vertex   2.654645e+01 3.000000e+01 2.640093e+02
    endloop
  endfacet
  facet normal 0.000000e+00 1.000000e+00 0.000000e+00
    outer loop
      vertex   2.654645e+01 3.000000e+01 2.640093e+02
      vertex   4.900000e+01 3.000000e+01 2.610000e+02
      vertex   8.000000e+00 3.000000e+01 2.610000e+02
    endloop
  endfacet
  facet normal 0.000000e+00 1.000000e+00 0.000000e+00
    outer loop
      vertex   2.654645e+01 3.000000e+01 2.640093e+02
      vertex   8.000000e+00 3.000000e+01 2.610000e+02
      vertex   2.587439e+01 3.000000e+01 2.640005e+02
    endloop
  endfacet
  facet normal 0.000000e+00 1.000000e+00 0.000000e+00
    outer loop
      vertex   2.587439e+01 3.000000e+01 2.640005e+02
      vertex   8.000000e+00 3.000000e+01 2.610000e+02
      vertex   2.520255e+01 3.000000e+01 2.640199e+02
    endloop
  endfacet
  facet normal 0.000000e+00 1.000000e+00 0.000000e+00
    outer loop
      vertex   2.520255e+01 3.000000e+01 2.640199e+02
      vertex   8.000000e+00 3.000000e+01 2.610000e+02
      vertex   2.453211e+01 3.000000e+01 2.640675e+02
    endloop
  endfacet
  facet normal 0.000000e+00 1.000000e+00 0.000000e+00
    outer loop
      vertex   2.453211e+01 3.000000e+01 2.640675e+02
      vertex   8.000000e+00 3.000000e+01 2.610000e+02
      vertex   2.386427e+01 3.000000e+01 2.641432e+02
    endloop
  endfacet
  facet normal 0.000000e+00 1.000000e+00 0.000000e+00
    outer loop
      vertex   2.386427e+01 3.000000e+01 2.641432e+02
      vertex   8.000000e+00 3.000000e+01 2.610000e+02
      vertex   2.320020e+01 3.000000e+01 2.642469e+02
    endloop
  endfacet
  facet normal 0.000000e+00 1.000000e+00 0.000000e+00
    outer loop
      vertex   2.320020e+01 3.000000e+01 2.642469e+02
      vertex   8.000000e+00 3.000000e+01 2.610000e+02
      vertex   2.254106e+01 3.000000e+01 2.643784e+02
    endloop
  endfacet
  facet normal 0.000000e+00 1.000000e+00 0.000000e+00
    outer loop
      vertex   2.254106e+01 3.000000e+01 2.643784e+02
      vertex   8.000000e+00 3.000000e+01 2.610000e+02
      vertex   2.188803e+01 3.000000e+01 2.645374e+02
    endloop
  endfacet
  facet normal 0.000000e+00 1.000000e+00 0.000000e+00
    outer loop
      vertex   2.188803e+01 3.000000e+01 2.645374e+02
      vertex   8.000000e+00 3.000000e+01 2.610000e+02
      vertex   2.124226e+01 3.000000e+01 2.647238e+02
    endloop
  endfacet
  facet normal 0.000000e+00 1.000000e+00 0.000000e+00
    outer loop
      vertex   2.124226e+01 3.000000e+01 2.647238e+02
      vertex   8.000000e+00 3.000000e+01 2.610000e+02
      vertex   2.060488e+01 3.000000e+01 2.649370e+02
    endloop
  endfacet
  facet normal 0.000000e+00 1.000000e+00 0.000000e+00
    outer loop
      vertex   2.060488e+01 3.000000e+01 2.649370e+02
      vertex   8.000000e+00 3.000000e+01 2.610000e+02
      vertex   1.997703e+01 3.000000e+01 2.651769e+02
    endloop
  endfacet
  facet normal 0.000000e+00 1.000000e+00 0.000000e+00
    outer loop
      vertex   1.997703e+01 3.000000e+01 2.651769e+02
      vertex   8.000000e+00 3.000000e+01 2.610000e+02
      vertex   1.935980e+01 3.000000e+01 2.654430e+02
    endloop
  endfacet
  facet normal 0.000000e+00 1.000000e+00 0.000000e+00
    outer loop
      vertex   1.935980e+01 3.000000e+01 2.654430e+02
      vertex   8.000000e+00 3.000000e+01 2.610000e+02
      vertex   1.875429e+01 3.000000e+01 2.657347e+02
    endloop
  endfacet
  facet normal 0.000000e+00 1.000000e+00 0.000000e+00
    outer loop
      vertex   1.875429e+01 3.000000e+01 2.657347e+02
      vertex   8.000000e+00 3.000000e+01 2.610000e+02
      vertex   1.816156e+01 3.000000e+01 2.660516e+02
    endloop
  endfacet
  facet normal 0.000000e+00 1.000000e+00 0.000000e+00
    outer loop
      vertex   1.816156e+01 3.000000e+01 2.660516e+02
      vertex   8.000000e+00 3.000000e+01 2.610000e+02
      vertex   1.758267e+01 3.000000e+01 2.663931e+02
    endloop
  endfacet
  facet normal 0.000000e+00 1.000000e+00 0.000000e+00
    outer loop
      vertex   1.758267e+01 3.000000e+01 2.663931e+02
      vertex   8.000000e+00 3.000000e+01 2.610000e+02
      vertex   1.701863e+01 3.000000e+01 2.667586e+02
    endloop
  endfacet
  facet normal 0.000000e+00 1.000000e+00 0.000000e+00
    outer loop
      vertex   1.701863e+01 3.000000e+01 2.667586e+02
      vertex   8.000000e+00 3.000000e+01 2.610000e+02
      vertex   1.647044e+01 3.000000e+01 2.671475e+02
    endloop
  endfacet
  facet normal 0.000000e+00 1.000000e+00 0.000000e+00
    outer loop
      vertex   1.647044e+01 3.000000e+01 2.671475e+02
      vertex   8.000000e+00 3.000000e+01 2.610000e+02
      vertex   1.593906e+01 3.000000e+01 2.675590e+02
    endloop
  endfacet
  facet normal 0.000000e+00 1.000000e+00 0.000000e+00
    outer loop
      vertex   1.593906e+01 3.000000e+01 2.675590e+02
      vertex   8.000000e+00 3.000000e+01 2.610000e+02
      vertex   1.542544e+01 3.000000e+01 2.679926e+02
    endloop
  endfacet
  facet normal 0.000000e+00 1.000000e+00 0.000000e+00
    outer loop
      vertex   1.542544e+01 3.000000e+01 2.679926e+02
      vertex   8.000000e+00 3.000000e+01 2.610000e+02
      vertex   1.493048e+01 3.000000e+01 2.684473e+02
    endloop
  endfacet
  facet normal 0.000000e+00 1.000000e+00 0.000000e+00
    outer loop
      vertex   1.493048e+01 3.000000e+01 2.684473e+02
      vertex   8.000000e+00 3.000000e+01 2.610000e+02
      vertex   1.445505e+01 3.000000e+01 2.689224e+02
    endloop
  endfacet
  facet normal 0.000000e+00 1.000000e+00 0.000000e+00
    outer loop
      vertex   1.445505e+01 3.000000e+01 2.689224e+02
      vertex   8.000000e+00 3.000000e+01 2.610000e+02
      vertex   1.400000e+01 3.000000e+01 2.694170e+02
    endloop
  endfacet
  facet normal 0.000000e+00 1.000000e+00 0.000000e+00
    outer loop
      vertex   1.400000e+01 3.000000e+01 2.694170e+02
      vertex   8.000000e+00 3.000000e+01 2.610000e+02
      vertex   1.358144e+01 3.000000e+01 2.699114e+02
    endloop
  endfacet
  facet normal 0.000000e+00 1.000000e+00 0.000000e+00
    outer loop
      vertex   1.358144e+01 3.000000e+01 2.699114e+02
      vertex   8.000000e+00 3.000000e+01 2.610000e+02
      vertex   1.318323e+01 3.000000e+01 2.704224e+02
    endloop
  endfacet
  facet normal 0.000000e+00 1.000000e+00 0.000000e+00
    outer loop
      vertex   1.318323e+01 3.000000e+01 2.704224e+02
      vertex   8.000000e+00 3.000000e+01 2.610000e+02
      vertex   1.280604e+01 3.000000e+01 2.709491e+02
    endloop
  endfacet
  facet normal 0.000000e+00 1.000000e+00 0.000000e+00
    outer loop
      vertex   1.280604e+01 3.000000e+01 2.709491e+02
      vertex   8.000000e+00 3.000000e+01 2.610000e+02
      vertex   1.245047e+01 3.000000e+01 2.714906e+02
    endloop
  endfacet
  facet normal 0.000000e+00 1.000000e+00 0.000000e+00
    outer loop
      vertex   1.245047e+01 3.000000e+01 2.714906e+02
      vertex   8.000000e+00 3.000000e+01 2.610000e+02
      vertex   8.000000e+00 3.000000e+01 2.750000e+02
    endloop
  endfacet
  facet normal 0.000000e+00 1.000000e+00 0.000000e+00
    outer loop
      vertex   1.245047e+01 3.000000e+01 2.714906e+02
      vertex   8.000000e+00 3.000000e+01 2.750000e+02
      vertex   1.211712e+01 3.000000e+01 2.720461e+02
    endloop
  endfacet
  facet normal 0.000000e+00 1.000000e+00 0.000000e+00
    outer loop
      vertex   1.211712e+01 3.000000e+01 2.720461e+02
      vertex   8.000000e+00 3.000000e+01 2.750000e+02
      vertex   1.180652e+01 3.000000e+01 2.726145e+02
    endloop
  endfacet
  facet normal 0.000000e+00 1.000000e+00 0.000000e+00
    outer loop
      vertex   1.180652e+01 3.000000e+01 2.726145e+02
      vertex   8.000000e+00 3.000000e+01 2.750000e+02
      vertex   1.151919e+01 3.000000e+01 2.731952e+02
    endloop
  endfacet
  facet normal 0.000000e+00 1.000000e+00 0.000000e+00
    outer loop
      vertex   1.151919e+01 3.000000e+01 2.731952e+02
      vertex   8.000000e+00 3.000000e+01 2.750000e+02
      vertex   1.125560e+01 3.000000e+01 2.737869e+02
    endloop
  endfacet
  facet normal 0.000000e+00 1.000000e+00 0.000000e+00
    outer loop
      vertex   1.125560e+01 3.000000e+01 2.737869e+02
      vertex   8.000000e+00 3.000000e+01 2.750000e+02
      vertex   1.101618e+01 3.000000e+01 2.743889e+02
    endloop
  endfacet
  facet normal 0.000000e+00 1.000000e+00 0.000000e+00
    outer loop
      vertex   1.101618e+01 3.000000e+01 2.743889e+02
      vertex   8.000000e+00 3.000000e+01 2.750000e+02
      vertex   1.080132e+01 3.000000e+01 2.750000e+02
    endloop
  endfacet
  facet normal 0.000000e+00 1.000000e+00 0.000000e+00
    outer loop
      vertex   4.900000e+01 3.000000e+01 2.990000e+02
      vertex   4.900000e+01 3.000000e+01 2.960000e+02
      vertex   4.299000e+01 3.000000e+01 2.920000e+02
    endloop
  endfacet
  facet normal 0.000000e+00 1.000000e+00 0.000000e+00
    outer loop
      vertex   4.299000e+01 3.000000e+01 2.920000e+02
      vertex   4.900000e+01 3.000000e+01 2.960000e+02
      vertex   4.910000e+01 3.000000e+01 2.920000e+02
    endloop
  endfacet
  facet normal 0.000000e+00 1.000000e+00 -0.000000e+00
    outer loop
      vertex   4.910000e+01 3.000000e+01 2.920000e+02
      vertex   4.900000e+01 3.000000e+01 2.960000e+02
      vertex   4.910000e+01 3.000000e+01 2.960000e+02
    endloop
  endfacet
  facet normal 0.000000e+00 1.000000e+00 -0.000000e+00
    outer loop
      vertex   4.900000e+01 3.000000e+01 2.610000e+02
      vertex   4.299000e+01 3.000000e+01 2.680000e+02
      vertex   4.900000e+01 3.000000e+01 2.640000e+02
    endloop
  endfacet
  facet normal 0.000000e+00 1.000000e+00 -0.000000e+00
    outer loop
      vertex   4.900000e+01 3.000000e+01 2.640000e+02
      vertex   4.299000e+01 3.000000e+01 2.680000e+02
      vertex   4.910000e+01 3.000000e+01 2.680000e+02
    endloop
  endfacet
  facet normal -0.000000e+00 1.000000e+00 0.000000e+00
    outer loop
      vertex   4.900000e+01 3.000000e+01 2.640000e+02
      vertex   4.910000e+01 3.000000e+01 2.680000e+02
      vertex   4.910000e+01 3.000000e+01 2.640000e+02
    endloop
  endfacet
  facet normal -0.000000e+00 -1.000000e+00 -3.795336e-15
    outer loop
      vertex   1.292330e+01 0.000000e+00 2.850000e+02
      vertex   1.316227e+01 -2.220446e-15 2.855851e+02
      vertex   8.000000e+00 0.000000e+00 2.850000e+02
    endloop
  endfacet
  facet normal -4.539040e-16 -1.000000e+00 2.097784e-16
    outer loop
      vertex   8.000000e+00 0.000000e+00 2.850000e+02
      vertex   1.316227e+01 -2.220446e-15 2.855851e+02
      vertex   1.342740e+01 -2.220446e-15 2.861587e+02
    endloop
  endfacet
  facet normal -4.600050e-16 -1.000000e+00 2.383553e-16
    outer loop
      vertex   8.000000e+00 0.000000e+00 2.850000e+02
      vertex   1.342740e+01 -2.220446e-15 2.861587e+02
      vertex   1.371815e+01 -2.220446e-15 2.867198e+02
    endloop
  endfacet
  facet normal -4.698274e-16 -1.000000e+00 2.710133e-16
    outer loop
      vertex   1.371815e+01 -2.220446e-15 2.867198e+02
      vertex   1.403392e+01 -2.220446e-15 2.872673e+02
      vertex   8.000000e+00 0.000000e+00 2.850000e+02
    endloop
  endfacet
  facet normal -4.841863e-16 -1.000000e+00 3.092273e-16
    outer loop
      vertex   8.000000e+00 0.000000e+00 2.850000e+02
      vertex   1.403392e+01 -2.220446e-15 2.872673e+02
      vertex   1.437408e+01 -2.220446e-15 2.877999e+02
    endloop
  endfacet
  facet normal -5.043525e-16 -1.000000e+00 3.551368e-16
    outer loop
      vertex   8.000000e+00 0.000000e+00 2.850000e+02
      vertex   1.437408e+01 -2.220446e-15 2.877999e+02
      vertex   1.473792e+01 -2.220446e-15 2.883166e+02
    endloop
  endfacet
  facet normal -3.295446e-16 -1.000000e+00 0.000000e+00
    outer loop
      vertex   8.000000e+00 0.000000e+00 2.850000e+02
      vertex   1.473792e+01 -2.220446e-15 2.883166e+02
      vertex   8.000000e+00 0.000000e+00 2.990000e+02
    endloop
  endfacet
  facet normal -1.479683e-16 -1.000000e+00 1.145183e-16
    outer loop
      vertex   8.000000e+00 0.000000e+00 2.990000e+02
      vertex   1.473792e+01 -2.220446e-15 2.883166e+02
      vertex   1.512472e+01 -2.220446e-15 2.888164e+02
    endloop
  endfacet
  facet normal -1.408155e-16 -1.000000e+00 1.195227e-16
    outer loop
      vertex   8.000000e+00 0.000000e+00 2.990000e+02
      vertex   1.512472e+01 -2.220446e-15 2.888164e+02
      vertex   1.553367e+01 -2.220446e-15 2.892982e+02
    endloop
  endfacet
  facet normal -1.341450e-16 -1.000000e+00 1.247024e-16
    outer loop
      vertex   1.553367e+01 -2.220446e-15 2.892982e+02
      vertex   1.596395e+01 -2.220446e-15 2.897610e+02
      vertex   8.000000e+00 0.000000e+00 2.990000e+02
    endloop
  endfacet
  facet normal -1.278709e-16 -1.000000e+00 1.301107e-16
    outer loop
      vertex   8.000000e+00 0.000000e+00 2.990000e+02
      vertex   1.596395e+01 -2.220446e-15 2.897610e+02
      vertex   1.641469e+01 -2.220446e-15 2.902040e+02
    endloop
  endfacet
  facet normal -1.219189e-16 -1.000000e+00 1.358046e-16
    outer loop
      vertex   8.000000e+00 0.000000e+00 2.990000e+02
      vertex   1.641469e+01 -2.220446e-15 2.902040e+02
      vertex   1.688495e+01 -2.220446e-15 2.906262e+02
    endloop
  endfacet
  facet normal -1.162230e-16 -1.000000e+00 1.418482e-16
    outer loop
      vertex   1.688495e+01 -2.220446e-15 2.906262e+02
      vertex   1.737379e+01 -2.220446e-15 2.910267e+02
      vertex   8.000000e+00 0.000000e+00 2.990000e+02
    endloop
  endfacet
  facet normal -1.107228e-16 -1.000000e+00 1.483146e-16
    outer loop
      vertex   8.000000e+00 0.000000e+00 2.990000e+02
      vertex   1.737379e+01 -2.220446e-15 2.910267e+02
      vertex   1.788020e+01 -2.220446e-15 2.914048e+02
    endloop
  endfacet
  facet normal -1.053611e-16 -1.000000e+00 1.552892e-16
    outer loop
      vertex   8.000000e+00 0.000000e+00 2.990000e+02
      vertex   1.788020e+01 -2.220446e-15 2.914048e+02
      vertex   1.840316e+01 -2.220446e-15 2.917596e+02
    endloop
  endfacet
  facet normal -1.000820e-16 -1.000000e+00 1.628743e-16
    outer loop
      vertex   1.840316e+01 -2.220446e-15 2.917596e+02
      vertex   1.894160e+01 -2.220446e-15 2.920905e+02
      vertex   8.000000e+00 0.000000e+00 2.990000e+02
    endloop
  endfacet
  facet normal -9.482821e-17 -1.000000e+00 1.711940e-16
    outer loop
      vertex   8.000000e+00 0.000000e+00 2.990000e+02
      vertex   1.894160e+01 -2.220446e-15 2.920905e+02
      vertex   1.949443e+01 -2.220446e-15 2.923967e+02
    endloop
  endfacet
  facet normal -8.953844e-17 -1.000000e+00 1.804020e-16
    outer loop
      vertex   8.000000e+00 0.000000e+00 2.990000e+02
      vertex   1.949443e+01 -2.220446e-15 2.923967e+02
      vertex   2.006051e+01 -2.220446e-15 2.926776e+02
    endloop
  endfacet
  facet normal -8.414433e-17 -1.000000e+00 1.906917e-16
    outer loop
      vertex   2.006051e+01 -2.220446e-15 2.926776e+02
      vertex   2.063869e+01 -2.220446e-15 2.929328e+02
      vertex   8.000000e+00 0.000000e+00 2.990000e+02
    endloop
  endfacet
  facet normal -7.856614e-17 -1.000000e+00 2.023117e-16
    outer loop
      vertex   8.000000e+00 0.000000e+00 2.990000e+02
      vertex   2.063869e+01 -2.220446e-15 2.929328e+02
      vertex   2.122780e+01 -2.220446e-15 2.931615e+02
    endloop
  endfacet
  facet normal -7.270676e-17 -1.000000e+00 2.155869e-16
    outer loop
      vertex   8.000000e+00 0.000000e+00 2.990000e+02
      vertex   2.122780e+01 -2.220446e-15 2.931615e+02
      vertex   2.182663e+01 -2.220446e-15 2.933635e+02
    endloop
  endfacet
  facet normal -6.644308e-17 -1.000000e+00 2.309520e-16
    outer loop
      vertex   2.182663e+01 -2.220446e-15 2.933635e+02
      vertex   2.243396e+01 -2.220446e-15 2.935382e+02
      vertex   8.000000e+00 0.000000e+00 2.990000e+02
    endloop
  endfacet
  facet normal -5.961267e-17 -1.000000e+00 2.490028e-16
    outer loop
      vertex   8.000000e+00 0.000000e+00 2.990000e+02
      vertex   2.243396e+01 -2.220446e-15 2.935382e+02
      vertex   2.304856e+01 -2.220446e-15 2.936854e+02
    endloop
  endfacet
  facet normal -5.199248e-17 -1.000000e+00 2.705796e-16
    outer loop
      vertex   8.000000e+00 0.000000e+00 2.990000e+02
      vertex   2.304856e+01 -2.220446e-15 2.936854e+02
      vertex   2.366918e+01 -2.220446e-15 2.938046e+02
    endloop
  endfacet
  facet normal -4.326304e-17 -1.000000e+00 2.969074e-16
    outer loop
      vertex   2.366918e+01 -2.220446e-15 2.938046e+02
      vertex   2.429454e+01 -2.220446e-15 2.938957e+02
      vertex   8.000000e+00 0.000000e+00 2.990000e+02
    endloop
  endfacet
  facet normal -3.294491e-17 -1.000000e+00 3.298464e-16
    outer loop
      vertex   8.000000e+00 0.000000e+00 2.990000e+02
      vertex   2.429454e+01 -2.220446e-15 2.938957e+02
      vertex   2.492338e+01 -2.220446e-15 2.939585e+02
    endloop
  endfacet
  facet normal -2.027853e-17 -1.000000e+00 3.723654e-16
    outer loop
      vertex   8.000000e+00 0.000000e+00 2.990000e+02
      vertex   2.492338e+01 -2.220446e-15 2.939585e+02
      vertex   2.555442e+01 -2.220446e-15 2.939929e+02
    endloop
  endfacet
  facet normal -3.977618e-18 -1.000000e+00 4.295150e-16
    outer loop
      vertex   2.555442e+01 -2.220446e-15 2.939929e+02
      vertex   2.618636e+01 -2.220446e-15 2.939988e+02
      vertex   8.000000e+00 0.000000e+00 2.990000e+02
    endloop
  endfacet
  facet normal 1.833168e-17 -1.000000e+00 5.106398e-16
    outer loop
      vertex   8.000000e+00 0.000000e+00 2.990000e+02
      vertex   2.618636e+01 -2.220446e-15 2.939988e+02
      vertex   2.681792e+01 -2.220446e-15 2.939761e+02
    endloop
  endfacet
  facet normal 0.000000e+00 -1.000000e+00 4.419754e-16
    outer loop
      vertex   8.000000e+00 0.000000e+00 2.990000e+02
      vertex   2.681792e+01 -2.220446e-15 2.939761e+02
      vertex   4.900000e+01 0.000000e+00 2.990000e+02
    endloop
  endfacet
  facet normal 2.641874e-17 -1.000000e+00 3.253287e-16
    outer loop
      vertex   4.900000e+01 0.000000e+00 2.990000e+02
      vertex   2.681792e+01 -2.220446e-15 2.939761e+02
      vertex   2.744782e+01 -2.220446e-15 2.939249e+02
    endloop
  endfacet
  facet normal 3.606870e-17 -1.000000e+00 2.843485e-16
    outer loop
      vertex   4.900000e+01 0.000000e+00 2.990000e+02
      vertex   2.744782e+01 -2.220446e-15 2.939249e+02
      vertex   2.807476e+01 -2.220446e-15 2.938454e+02
    endloop
  endfacet
  facet normal 4.378002e-17 -1.000000e+00 2.530441e-16
    outer loop
      vertex   2.807476e+01 -2.220446e-15 2.938454e+02
      vertex   2.869748e+01 -2.220446e-15 2.937377e+02
      vertex   4.900000e+01 0.000000e+00 2.990000e+02
    endloop
  endfacet
  facet normal 5.019968e-17 -1.000000e+00 2.282765e-16
    outer loop
      vertex   4.900000e+01 0.000000e+00 2.990000e+02
      vertex   2.869748e+01 -2.220446e-15 2.937377e+02
      vertex   2.931470e+01 -2.220446e-15 2.936019e+02
    endloop
  endfacet
  facet normal 5.572472e-17 -1.000000e+00 2.081281e-16
    outer loop
      vertex   4.900000e+01 0.000000e+00 2.990000e+02
      vertex   2.931470e+01 -2.220446e-15 2.936019e+02
      vertex   2.992517e+01 -2.220446e-15 2.934385e+02
    endloop
  endfacet
  facet normal 6.061337e-17 -1.000000e+00 1.913611e-16
    outer loop
      vertex   2.992517e+01 -2.220446e-15 2.934385e+02
      vertex   3.052764e+01 -2.220446e-15 2.932477e+02
      vertex   4.900000e+01 0.000000e+00 2.990000e+02
    endloop
  endfacet
  facet normal 6.504187e-17 -1.000000e+00 1.771399e-16
    outer loop
      vertex   4.900000e+01 0.000000e+00 2.990000e+02
      vertex   3.052764e+01 -2.220446e-15 2.932477e+02
      vertex   3.112088e+01 -2.220446e-15 2.930298e+02
    endloop
  endfacet
  facet normal 6.913562e-17 -1.000000e+00 1.648802e-16
    outer loop
      vertex   4.900000e+01 0.000000e+00 2.990000e+02
      vertex   3.112088e+01 -2.220446e-15 2.930298e+02
      vertex   3.170369e+01 -2.220446e-15 2.927855e+02
    endloop
  endfacet
  facet normal 7.298734e-17 -1.000000e+00 1.541601e-16
    outer loop
      vertex   3.170369e+01 -2.220446e-15 2.927855e+02
      vertex   3.227487e+01 -2.220446e-15 2.925150e+02
      vertex   4.900000e+01 0.000000e+00 2.990000e+02
    endloop
  endfacet
  facet normal 7.666809e-17 -1.000000e+00 1.446672e-16
    outer loop
      vertex   4.900000e+01 0.000000e+00 2.990000e+02
      vertex   3.227487e+01 -2.220446e-15 2.925150e+02
      vertex   3.283327e+01 -2.220446e-15 2.922191e+02
    endloop
  endfacet
  facet normal 8.023430e-17 -1.000000e+00 1.361648e-16
    outer loop
      vertex   4.900000e+01 0.000000e+00 2.990000e+02
      vertex   3.283327e+01 -2.220446e-15 2.922191e+02
      vertex   3.337775e+01 -2.220446e-15 2.918983e+02
    endloop
  endfacet
  facet normal 8.373247e-17 -1.000000e+00 1.284696e-16
    outer loop
      vertex   3.337775e+01 -2.220446e-15 2.918983e+02
      vertex   3.390719e+01 -2.220446e-15 2.915532e+02
      vertex   4.900000e+01 0.000000e+00 2.990000e+02
    endloop
  endfacet
  facet normal 8.720236e-17 -1.000000e+00 1.214370e-16
    outer loop
      vertex   4.900000e+01 0.000000e+00 2.990000e+02
      vertex   3.390719e+01 -2.220446e-15 2.915532e+02
      vertex   3.442052e+01 -2.220446e-15 2.911846e+02
    endloop
  endfacet
  facet normal 1.522994e-16 -1.000000e+00 0.000000e+00
    outer loop
      vertex   4.900000e+01 0.000000e+00 2.990000e+02
      vertex   3.442052e+01 -2.220446e-15 2.911846e+02
      vertex   4.900000e+01 0.000000e+00 2.960000e+02
    endloop
  endfacet
  facet normal 1.073519e-16 -1.000000e+00 1.360861e-16
    outer loop
      vertex   4.900000e+01 0.000000e+00 2.960000e+02
      vertex   3.442052e+01 -2.220446e-15 2.911846e+02
      vertex   3.491669e+01 -2.220446e-15 2.907932e+02
    endloop
  endfacet
  facet normal 1.104490e-16 -1.000000e+00 1.277091e-16
    outer loop
      vertex   4.900000e+01 0.000000e+00 2.960000e+02
      vertex   3.491669e+01 -2.220446e-15 2.907932e+02
      vertex   3.539469e+01 -2.220446e-15 2.903798e+02
    endloop
  endfacet
  facet normal 1.136363e-16 -1.000000e+00 1.199932e-16
    outer loop
      vertex   3.539469e+01 -2.220446e-15 2.903798e+02
      vertex   3.585355e+01 -2.220446e-15 2.899452e+02
      vertex   4.900000e+01 0.000000e+00 2.960000e+02
    endloop
  endfacet
  facet normal 1.169409e-16 -1.000000e+00 1.128181e-16
    outer loop
      vertex   4.900000e+01 0.000000e+00 2.960000e+02
      vertex   3.585355e+01 -2.220446e-15 2.899452e+02
      vertex   3.629233e+01 -2.220446e-15 2.894904e+02
    endloop
  endfacet
  facet normal 1.203905e-16 -1.000000e+00 1.060840e-16
    outer loop
      vertex   4.900000e+01 0.000000e+00 2.960000e+02
      vertex   3.629233e+01 -2.220446e-15 2.894904e+02
      vertex   3.671014e+01 -2.220446e-15 2.890163e+02
    endloop
  endfacet
  facet normal 1.240147e-16 -1.000000e+00 9.970621e-17
    outer loop
      vertex   3.671014e+01 -2.220446e-15 2.890163e+02
      vertex   3.710612e+01 -2.220446e-15 2.885237e+02
      vertex   4.900000e+01 0.000000e+00 2.960000e+02
    endloop
  endfacet
  facet normal 1.278460e-16 -1.000000e+00 9.361107e-17
    outer loop
      vertex   4.900000e+01 0.000000e+00 2.960000e+02
      vertex   3.710612e+01 -2.220446e-15 2.885237e+02
      vertex   3.747948e+01 -2.220446e-15 2.880138e+02
    endloop
  endfacet
  facet normal 1.319207e-16 -1.000000e+00 8.773306e-17
    outer loop
      vertex   4.900000e+01 0.000000e+00 2.960000e+02
      vertex   3.747948e+01 -2.220446e-15 2.880138e+02
      vertex   3.782944e+01 -2.220446e-15 2.874876e+02
    endloop
  endfacet
  facet normal 1.362804e-16 -1.000000e+00 8.201201e-17
    outer loop
      vertex   3.782944e+01 -2.220446e-15 2.874876e+02
      vertex   3.815530e+01 -2.220446e-15 2.869461e+02
      vertex   4.900000e+01 0.000000e+00 2.960000e+02
    endloop
  endfacet
  facet normal 1.409732e-16 -1.000000e+00 7.639089e-17
    outer loop
      vertex   4.900000e+01 0.000000e+00 2.960000e+02
      vertex   3.815530e+01 -2.220446e-15 2.869461e+02
      vertex   3.845639e+01 -2.220446e-15 2.863905e+02
    endloop
  endfacet
  facet normal 1.460563e-16 -1.000000e+00 7.081370e-17
    outer loop
      vertex   4.900000e+01 0.000000e+00 2.960000e+02
      vertex   3.845639e+01 -2.220446e-15 2.863905e+02
      vertex   3.873209e+01 -2.220446e-15 2.858218e+02
    endloop
  endfacet
  facet normal 1.515978e-16 -1.000000e+00 6.522339e-17
    outer loop
      vertex   3.873209e+01 -2.220446e-15 2.858218e+02
      vertex   3.898186e+01 -2.220446e-15 2.852413e+02
      vertex   4.900000e+01 0.000000e+00 2.960000e+02
    endloop
  endfacet
  facet normal 1.576803e-16 -1.000000e+00 5.955950e-17
    outer loop
      vertex   4.900000e+01 0.000000e+00 2.960000e+02
      vertex   3.898186e+01 -2.220446e-15 2.852413e+02
      vertex   3.920517e+01 -2.220446e-15 2.846501e+02
    endloop
  endfacet
  facet normal 1.644058e-16 -1.000000e+00 5.375552e-17
    outer loop
      vertex   4.900000e+01 0.000000e+00 2.960000e+02
      vertex   3.920517e+01 -2.220446e-15 2.846501e+02
      vertex   3.940157e+01 -2.220446e-15 2.840494e+02
    endloop
  endfacet
  facet normal 8.195053e-21 -1.000000e+00 1.857962e-16
    outer loop
      vertex   4.900000e+01 0.000000e+00 2.960000e+02
      vertex   3.940157e+01 -2.220446e-15 2.840494e+02
      vertex   4.910000e+01 0.000000e+00 2.960000e+02
    endloop
  endfacet
  facet normal 1.705805e-16 -1.000000e+00 4.736878e-17
    outer loop
      vertex   4.910000e+01 0.000000e+00 2.960000e+02
      vertex   3.940157e+01 -2.220446e-15 2.840494e+02
      vertex   3.957066e+01 -2.220446e-15 2.834405e+02
    endloop
  endfacet
  facet normal 1.788743e-16 -1.000000e+00 4.107594e-17
    outer loop
      vertex   4.910000e+01 0.000000e+00 2.960000e+02
      vertex   3.957066e+01 -2.220446e-15 2.834405e+02
      vertex   3.971210e+01 -2.220446e-15 2.828246e+02
    endloop
  endfacet
  facet normal 1.882805e-16 -1.000000e+00 3.437375e-17
    outer loop
      vertex   3.971210e+01 -2.220446e-15 2.828246e+02
      vertex   3.982560e+01 -2.220446e-15 2.822029e+02
      vertex   4.910000e+01 0.000000e+00 2.960000e+02
    endloop
  endfacet
  facet normal 1.990629e-16 -1.000000e+00 2.712584e-17
    outer loop
      vertex   4.910000e+01 0.000000e+00 2.960000e+02
      vertex   3.982560e+01 -2.220446e-15 2.822029e+02
      vertex   3.991093e+01 -2.220446e-15 2.815767e+02
    endloop
  endfacet
  facet normal 2.115741e-16 -1.000000e+00 1.915490e-17
    outer loop
      vertex   4.910000e+01 0.000000e+00 2.960000e+02
      vertex   3.991093e+01 -2.220446e-15 2.815767e+02
      vertex   3.996791e+01 -2.220446e-15 2.809473e+02
    endloop
  endfacet
  facet normal 2.262968e-16 -1.000000e+00 1.022302e-17
    outer loop
      vertex   3.996791e+01 -2.220446e-15 2.809473e+02
      vertex   3.999643e+01 -2.220446e-15 2.803160e+02
      vertex   4.910000e+01 0.000000e+00 2.960000e+02
    endloop
  endfacet
  facet normal 2.439094e-16 -1.000000e+00 2.029743e-23
    outer loop
      vertex   4.910000e+01 0.000000e+00 2.960000e+02
      vertex   3.999643e+01 -2.220446e-15 2.803160e+02
      vertex   3.999643e+01 -2.220446e-15 2.796840e+02
    endloop
  endfacet
  facet normal 2.439095e-16 -1.000000e+00 0.000000e+00
    outer loop
      vertex   4.910000e+01 0.000000e+00 2.960000e+02
      vertex   3.999643e+01 -2.220446e-15 2.796840e+02
      vertex   4.910000e+01 0.000000e+00 2.640000e+02
    endloop
  endfacet
  facet normal 2.262969e-16 -1.000000e+00 -1.022298e-17
    outer loop
      vertex   4.910000e+01 0.000000e+00 2.640000e+02
      vertex   3.999643e+01 -2.220446e-15 2.796840e+02
      vertex   3.996791e+01 -2.220446e-15 2.790527e+02
    endloop
  endfacet
  facet normal 2.115742e-16 -1.000000e+00 -1.915487e-17
    outer loop
      vertex   4.910000e+01 0.000000e+00 2.640000e+02
      vertex   3.996791e+01 -2.220446e-15 2.790527e+02
      vertex   3.991093e+01 -2.220446e-15 2.784233e+02
    endloop
  endfacet
  facet normal 1.990629e-16 -1.000000e+00 -2.712580e-17
    outer loop
      vertex   3.991093e+01 -2.220446e-15 2.784233e+02
      vertex   3.982560e+01 -2.220446e-15 2.777971e+02
      vertex   4.910000e+01 0.000000e+00 2.640000e+02
    endloop
  endfacet
  facet normal 1.882805e-16 -1.000000e+00 -3.437372e-17
    outer loop
      vertex   4.910000e+01 0.000000e+00 2.640000e+02
      vertex   3.982560e+01 -2.220446e-15 2.777971e+02
      vertex   3.971210e+01 -2.220446e-15 2.771754e+02
    endloop
  endfacet
  facet normal 1.788743e-16 -1.000000e+00 -4.107591e-17
    outer loop
      vertex   4.910000e+01 0.000000e+00 2.640000e+02
      vertex   3.971210e+01 -2.220446e-15 2.771754e+02
      vertex   3.957066e+01 -2.220446e-15 2.765595e+02
    endloop
  endfacet
  facet normal 1.705805e-16 -1.000000e+00 -4.736875e-17
    outer loop
      vertex   3.957066e+01 -2.220446e-15 2.765595e+02
      vertex   3.940157e+01 -2.220446e-15 2.759506e+02
      vertex   4.910000e+01 0.000000e+00 2.640000e+02
    endloop
  endfacet
  facet normal -7.309590e-21 -1.000000e+00 -1.858086e-16
    outer loop
      vertex   4.910000e+01 0.000000e+00 2.640000e+02
      vertex   3.940157e+01 -2.220446e-15 2.759506e+02
      vertex   4.900000e+01 0.000000e+00 2.640000e+02
    endloop
  endfacet
  facet normal 1.644058e-16 -1.000000e+00 -5.375550e-17
    outer loop
      vertex   4.900000e+01 0.000000e+00 2.640000e+02
      vertex   3.940157e+01 -2.220446e-15 2.759506e+02
      vertex   3.920517e+01 -2.220446e-15 2.753499e+02
    endloop
  endfacet
  facet normal 1.576804e-16 -1.000000e+00 -5.955948e-17
    outer loop
      vertex   4.900000e+01 0.000000e+00 2.640000e+02
      vertex   3.920517e+01 -2.220446e-15 2.753499e+02
      vertex   3.898186e+01 -2.220446e-15 2.747587e+02
    endloop
  endfacet
  facet normal 1.515978e-16 -1.000000e+00 -6.522337e-17
    outer loop
      vertex   3.898186e+01 -2.220446e-15 2.747587e+02
      vertex   3.873209e+01 -2.220446e-15 2.741782e+02
      vertex   4.900000e+01 0.000000e+00 2.640000e+02
    endloop
  endfacet
  facet normal 1.460563e-16 -1.000000e+00 -7.081368e-17
    outer loop
      vertex   4.900000e+01 0.000000e+00 2.640000e+02
      vertex   3.873209e+01 -2.220446e-15 2.741782e+02
      vertex   3.845639e+01 -2.220446e-15 2.736095e+02
    endloop
  endfacet
  facet normal 1.409733e-16 -1.000000e+00 -7.639087e-17
    outer loop
      vertex   4.900000e+01 0.000000e+00 2.640000e+02
      vertex   3.845639e+01 -2.220446e-15 2.736095e+02
      vertex   3.815530e+01 -2.220446e-15 2.730539e+02
    endloop
  endfacet
  facet normal 1.362804e-16 -1.000000e+00 -8.201199e-17
    outer loop
      vertex   3.815530e+01 -2.220446e-15 2.730539e+02
      vertex   3.782944e+01 -2.220446e-15 2.725124e+02
      vertex   4.900000e+01 0.000000e+00 2.640000e+02
    endloop
  endfacet
  facet normal 1.319207e-16 -1.000000e+00 -8.773304e-17
    outer loop
      vertex   4.900000e+01 0.000000e+00 2.640000e+02
      vertex   3.782944e+01 -2.220446e-15 2.725124e+02
      vertex   3.747948e+01 -2.220446e-15 2.719862e+02
    endloop
  endfacet
  facet normal 1.278460e-16 -1.000000e+00 -9.361105e-17
    outer loop
      vertex   4.900000e+01 0.000000e+00 2.640000e+02
      vertex   3.747948e+01 -2.220446e-15 2.719862e+02
      vertex   3.710613e+01 -2.220446e-15 2.714763e+02
    endloop
  endfacet
  facet normal 1.240147e-16 -1.000000e+00 -9.970618e-17
    outer loop
      vertex   3.710613e+01 -2.220446e-15 2.714763e+02
      vertex   3.671014e+01 -2.220446e-15 2.709837e+02
      vertex   4.900000e+01 0.000000e+00 2.640000e+02
    endloop
  endfacet
  facet normal 1.203905e-16 -1.000000e+00 -1.060840e-16
    outer loop
      vertex   4.900000e+01 0.000000e+00 2.640000e+02
      vertex   3.671014e+01 -2.220446e-15 2.709837e+02
      vertex   3.629233e+01 -2.220446e-15 2.705096e+02
    endloop
  endfacet
  facet normal 1.169409e-16 -1.000000e+00 -1.128181e-16
    outer loop
      vertex   4.900000e+01 0.000000e+00 2.640000e+02
      vertex   3.629233e+01 -2.220446e-15 2.705096e+02
      vertex   3.585355e+01 -2.220446e-15 2.700548e+02
    endloop
  endfacet
  facet normal 1.136363e-16 -1.000000e+00 -1.199932e-16
    outer loop
      vertex   3.585355e+01 -2.220446e-15 2.700548e+02
      vertex   3.539470e+01 -2.220446e-15 2.696202e+02
      vertex   4.900000e+01 0.000000e+00 2.640000e+02
    endloop
  endfacet
  facet normal 1.104490e-16 -1.000000e+00 -1.277091e-16
    outer loop
      vertex   4.900000e+01 0.000000e+00 2.640000e+02
      vertex   3.539470e+01 -2.220446e-15 2.696202e+02
      vertex   3.491669e+01 -2.220446e-15 2.692068e+02
    endloop
  endfacet
  facet normal 1.073519e-16 -1.000000e+00 -1.360861e-16
    outer loop
      vertex   4.900000e+01 0.000000e+00 2.640000e+02
      vertex   3.491669e+01 -2.220446e-15 2.692068e+02
      vertex   3.442052e+01 -2.220446e-15 2.688154e+02
    endloop
  endfacet
  facet normal 1.522994e-16 -1.000000e+00 0.000000e+00
    outer loop
      vertex   4.900000e+01 0.000000e+00 2.640000e+02
      vertex   3.442052e+01 -2.220446e-15 2.688154e+02
      vertex   4.900000e+01 0.000000e+00 2.610000e+02
    endloop
  endfacet
  facet normal 8.720237e-17 -1.000000e+00 -1.214370e-16
    outer loop
      vertex   4.900000e+01 0.000000e+00 2.610000e+02
      vertex   3.442052e+01 -2.220446e-15 2.688154e+02
      vertex   3.390719e+01 -2.220446e-15 2.684468e+02
    endloop
  endfacet
  facet normal 8.373249e-17 -1.000000e+00 -1.284695e-16
    outer loop
      vertex   4.900000e+01 0.000000e+00 2.610000e+02
      vertex   3.390719e+01 -2.220446e-15 2.684468e+02
      vertex   3.337775e+01 -2.220446e-15 2.681017e+02
    endloop
  endfacet
  facet normal 8.023432e-17 -1.000000e+00 -1.361648e-16
    outer loop
      vertex   3.337775e+01 -2.220446e-15 2.681017e+02
      vertex   3.283327e+01 -2.220446e-15 2.677809e+02
      vertex   4.900000e+01 0.000000e+00 2.610000e+02
    endloop
  endfacet
  facet normal 7.666810e-17 -1.000000e+00 -1.446672e-16
    outer loop
      vertex   4.900000e+01 0.000000e+00 2.610000e+02
      vertex   3.283327e+01 -2.220446e-15 2.677809e+02
      vertex   3.227488e+01 -2.220446e-15 2.674850e+02
    endloop
  endfacet
  facet normal 7.298736e-17 -1.000000e+00 -1.541600e-16
    outer loop
      vertex   4.900000e+01 0.000000e+00 2.610000e+02
      vertex   3.227488e+01 -2.220446e-15 2.674850e+02
      vertex   3.170369e+01 -2.220446e-15 2.672145e+02
    endloop
  endfacet
  facet normal 6.913564e-17 -1.000000e+00 -1.648801e-16
    outer loop
      vertex   3.170369e+01 -2.220446e-15 2.672145e+02
      vertex   3.112088e+01 -2.220446e-15 2.669702e+02
      vertex   4.900000e+01 0.000000e+00 2.610000e+02
    endloop
  endfacet
  facet normal 6.504188e-17 -1.000000e+00 -1.771399e-16
    outer loop
      vertex   4.900000e+01 0.000000e+00 2.610000e+02
      vertex   3.112088e+01 -2.220446e-15 2.669702e+02
      vertex   3.052764e+01 -2.220446e-15 2.667523e+02
    endloop
  endfacet
  facet normal 6.061339e-17 -1.000000e+00 -1.913610e-16
    outer loop
      vertex   4.900000e+01 0.000000e+00 2.610000e+02
      vertex   3.052764e+01 -2.220446e-15 2.667523e+02
      vertex   2.992517e+01 -2.220446e-15 2.665615e+02
    endloop
  endfacet
  facet normal 5.572474e-17 -1.000000e+00 -2.081281e-16
    outer loop
      vertex   2.992517e+01 -2.220446e-15 2.665615e+02
      vertex   2.931470e+01 -2.220446e-15 2.663981e+02
      vertex   4.900000e+01 0.000000e+00 2.610000e+02
    endloop
  endfacet
  facet normal 5.019970e-17 -1.000000e+00 -2.282764e-16
    outer loop
      vertex   4.900000e+01 0.000000e+00 2.610000e+02
      vertex   2.931470e+01 -2.220446e-15 2.663981e+02
      vertex   2.869748e+01 -2.220446e-15 2.662623e+02
    endloop
  endfacet
  facet normal 4.378004e-17 -1.000000e+00 -2.530440e-16
    outer loop
      vertex   4.900000e+01 0.000000e+00 2.610000e+02
      vertex   2.869748e+01 -2.220446e-15 2.662623e+02
      vertex   2.807477e+01 -2.220446e-15 2.661546e+02
    endloop
  endfacet
  facet normal 3.606873e-17 -1.000000e+00 -2.843483e-16
    outer loop
      vertex   2.807477e+01 -2.220446e-15 2.661546e+02
      vertex   2.744782e+01 -2.220446e-15 2.660751e+02
      vertex   4.900000e+01 0.000000e+00 2.610000e+02
    endloop
  endfacet
  facet normal 2.641878e-17 -1.000000e+00 -3.253286e-16
    outer loop
      vertex   4.900000e+01 0.000000e+00 2.610000e+02
      vertex   2.744782e+01 -2.220446e-15 2.660751e+02
      vertex   2.681792e+01 -2.220446e-15 2.660239e+02
    endloop
  endfacet
  facet normal -0.000000e+00 -1.000000e+00 -4.419754e-16
    outer loop
      vertex   4.900000e+01 0.000000e+00 2.610000e+02
      vertex   2.681792e+01 -2.220446e-15 2.660239e+02
      vertex   8.000000e+00 0.000000e+00 2.610000e+02
    endloop
  endfacet
  facet normal 1.833178e-17 -1.000000e+00 -5.106402e-16
    outer loop
      vertex   8.000000e+00 0.000000e+00 2.610000e+02
      vertex   2.681792e+01 -2.220446e-15 2.660239e+02
      vertex   2.618636e+01 -2.220446e-15 2.660012e+02
    endloop
  endfacet
  facet normal -3.977549e-18 -1.000000e+00 -4.295152e-16
    outer loop
      vertex   8.000000e+00 0.000000e+00 2.610000e+02
      vertex   2.618636e+01 -2.220446e-15 2.660012e+02
      vertex   2.555442e+01 -2.220446e-15 2.660071e+02
    endloop
  endfacet
  facet normal -2.027848e-17 -1.000000e+00 -3.723656e-16
    outer loop
      vertex   2.555442e+01 -2.220446e-15 2.660071e+02
      vertex   2.492339e+01 -2.220446e-15 2.660415e+02
      vertex   8.000000e+00 0.000000e+00 2.610000e+02
    endloop
  endfacet
  facet normal -3.294487e-17 -1.000000e+00 -3.298465e-16
    outer loop
      vertex   8.000000e+00 0.000000e+00 2.610000e+02
      vertex   2.492339e+01 -2.220446e-15 2.660415e+02
      vertex   2.429455e+01 -2.220446e-15 2.661043e+02
    endloop
  endfacet
  facet normal -4.326300e-17 -1.000000e+00 -2.969075e-16
    outer loop
      vertex   8.000000e+00 0.000000e+00 2.610000e+02
      vertex   2.429455e+01 -2.220446e-15 2.661043e+02
      vertex   2.366918e+01 -2.220446e-15 2.661954e+02
    endloop
  endfacet
  facet normal -5.199245e-17 -1.000000e+00 -2.705797e-16
    outer loop
      vertex   2.366918e+01 -2.220446e-15 2.661954e+02
      vertex   2.304857e+01 -2.220446e-15 2.663146e+02
      vertex   8.000000e+00 0.000000e+00 2.610000e+02
    endloop
  endfacet
  facet normal -5.961264e-17 -1.000000e+00 -2.490029e-16
    outer loop
      vertex   8.000000e+00 0.000000e+00 2.610000e+02
      vertex   2.304857e+01 -2.220446e-15 2.663146e+02
      vertex   2.243396e+01 -2.220446e-15 2.664618e+02
    endloop
  endfacet
  facet normal -6.644305e-17 -1.000000e+00 -2.309520e-16
    outer loop
      vertex   8.000000e+00 0.000000e+00 2.610000e+02
      vertex   2.243396e+01 -2.220446e-15 2.664618e+02
      vertex   2.182663e+01 -2.220446e-15 2.666365e+02
    endloop
  endfacet
  facet normal -7.270674e-17 -1.000000e+00 -2.155869e-16
    outer loop
      vertex   2.182663e+01 -2.220446e-15 2.666365e+02
      vertex   2.122780e+01 -2.220446e-15 2.668385e+02
      vertex   8.000000e+00 0.000000e+00 2.610000e+02
    endloop
  endfacet
  facet normal -7.856612e-17 -1.000000e+00 -2.023117e-16
    outer loop
      vertex   8.000000e+00 0.000000e+00 2.610000e+02
      vertex   2.122780e+01 -2.220446e-15 2.668385e+02
      vertex   2.063869e+01 -2.220446e-15 2.670672e+02
    endloop
  endfacet
  facet normal -8.414431e-17 -1.000000e+00 -1.906917e-16
    outer loop
      vertex   8.000000e+00 0.000000e+00 2.610000e+02
      vertex   2.063869e+01 -2.220446e-15 2.670672e+02
      vertex   2.006051e+01 -2.220446e-15 2.673224e+02
    endloop
  endfacet
  facet normal -8.953842e-17 -1.000000e+00 -1.804020e-16
    outer loop
      vertex   2.006051e+01 -2.220446e-15 2.673224e+02
      vertex   1.949443e+01 -2.220446e-15 2.676033e+02
      vertex   8.000000e+00 0.000000e+00 2.610000e+02
    endloop
  endfacet
  facet normal -9.482819e-17 -1.000000e+00 -1.711941e-16
    outer loop
      vertex   8.000000e+00 0.000000e+00 2.610000e+02
      vertex   1.949443e+01 -2.220446e-15 2.676033e+02
      vertex   1.894161e+01 -2.220446e-15 2.679096e+02
    endloop
  endfacet
  facet normal -1.000820e-16 -1.000000e+00 -1.628744e-16
    outer loop
      vertex   8.000000e+00 0.000000e+00 2.610000e+02
      vertex   1.894161e+01 -2.220446e-15 2.679096e+02
      vertex   1.840317e+01 -2.220446e-15 2.682404e+02
    endloop
  endfacet
  facet normal -1.053611e-16 -1.000000e+00 -1.552893e-16
    outer loop
      vertex   1.840317e+01 -2.220446e-15 2.682404e+02
      vertex   1.788021e+01 -2.220446e-15 2.685952e+02
      vertex   8.000000e+00 0.000000e+00 2.610000e+02
    endloop
  endfacet
  facet normal -1.107228e-16 -1.000000e+00 -1.483146e-16
    outer loop
      vertex   8.000000e+00 0.000000e+00 2.610000e+02
      vertex   1.788021e+01 -2.220446e-15 2.685952e+02
      vertex   1.737379e+01 -2.220446e-15 2.689733e+02
    endloop
  endfacet
  facet normal -1.162230e-16 -1.000000e+00 -1.418482e-16
    outer loop
      vertex   8.000000e+00 0.000000e+00 2.610000e+02
      vertex   1.737379e+01 -2.220446e-15 2.689733e+02
      vertex   1.688495e+01 -2.220446e-15 2.693738e+02
    endloop
  endfacet
  facet normal -1.219189e-16 -1.000000e+00 -1.358046e-16
    outer loop
      vertex   1.688495e+01 -2.220446e-15 2.693738e+02
      vertex   1.641469e+01 -2.220446e-15 2.697960e+02
      vertex   8.000000e+00 0.000000e+00 2.610000e+02
    endloop
  endfacet
  facet normal -1.278709e-16 -1.000000e+00 -1.301107e-16
    outer loop
      vertex   8.000000e+00 0.000000e+00 2.610000e+02
      vertex   1.641469e+01 -2.220446e-15 2.697960e+02
      vertex   1.596396e+01 -2.220446e-15 2.702390e+02
    endloop
  endfacet
  facet normal -1.341449e-16 -1.000000e+00 -1.247025e-16
    outer loop
      vertex   8.000000e+00 0.000000e+00 2.610000e+02
      vertex   1.596396e+01 -2.220446e-15 2.702390e+02
      vertex   1.553367e+01 -2.220446e-15 2.707018e+02
    endloop
  endfacet
  facet normal -1.408154e-16 -1.000000e+00 -1.195227e-16
    outer loop
      vertex   1.553367e+01 -2.220446e-15 2.707018e+02
      vertex   1.512472e+01 -2.220446e-15 2.711836e+02
      vertex   8.000000e+00 0.000000e+00 2.610000e+02
    endloop
  endfacet
  facet normal -1.479683e-16 -1.000000e+00 -1.145184e-16
    outer loop
      vertex   8.000000e+00 0.000000e+00 2.610000e+02
      vertex   1.512472e+01 -2.220446e-15 2.711836e+02
      vertex   1.473792e+01 -2.220446e-15 2.716834e+02
    endloop
  endfacet
  facet normal -3.295445e-16 -1.000000e+00 0.000000e+00
    outer loop
      vertex   8.000000e+00 0.000000e+00 2.610000e+02
      vertex   1.473792e+01 -2.220446e-15 2.716834e+02
      vertex   8.000000e+00 0.000000e+00 2.750000e+02
    endloop
  endfacet
  facet normal -5.043522e-16 -1.000000e+00 -3.551368e-16
    outer loop
      vertex   8.000000e+00 0.000000e+00 2.750000e+02
      vertex   1.473792e+01 -2.220446e-15 2.716834e+02
      vertex   1.437408e+01 -2.220446e-15 2.722001e+02
    endloop
  endfacet
  facet normal -4.841861e-16 -1.000000e+00 -3.092273e-16
    outer loop
      vertex   8.000000e+00 0.000000e+00 2.750000e+02
      vertex   1.437408e+01 -2.220446e-15 2.722001e+02
      vertex   1.403392e+01 -2.220446e-15 2.727328e+02
    endloop
  endfacet
  facet normal -4.698272e-16 -1.000000e+00 -2.710133e-16
    outer loop
      vertex   1.403392e+01 -2.220446e-15 2.727328e+02
      vertex   1.371815e+01 -2.220446e-15 2.732802e+02
      vertex   8.000000e+00 0.000000e+00 2.750000e+02
    endloop
  endfacet
  facet normal -4.600048e-16 -1.000000e+00 -2.383554e-16
    outer loop
      vertex   8.000000e+00 0.000000e+00 2.750000e+02
      vertex   1.371815e+01 -2.220446e-15 2.732802e+02
      vertex   1.342740e+01 -2.220446e-15 2.738413e+02
    endloop
  endfacet
  facet normal -4.539038e-16 -1.000000e+00 -2.097784e-16
    outer loop
      vertex   8.000000e+00 0.000000e+00 2.750000e+02
      vertex   1.342740e+01 -2.220446e-15 2.738413e+02
      vertex   1.316227e+01 -2.220446e-15 2.744150e+02
    endloop
  endfacet
  facet normal -1.481200e-21 -1.000000e+00 3.795336e-15
    outer loop
      vertex   1.316227e+01 -2.220446e-15 2.744150e+02
      vertex   1.292330e+01 0.000000e+00 2.750000e+02
      vertex   8.000000e+00 0.000000e+00 2.750000e+02
    endloop
  endfacet
  facet normal 0.000000e+00 -3.975652e-02 9.992094e-01
    outer loop
      vertex   4.599000e+01 3.635753e+01 2.815142e+02
      vertex   4.299000e+01 3.635753e+01 2.815142e+02
      vertex   4.599000e+01 3.600000e+01 2.815000e+02
    endloop
  endfacet
  facet normal 0.000000e+00 -3.975652e-02 9.992094e-01
    outer loop
      vertex   4.599000e+01 3.600000e+01 2.815000e+02
      vertex   4.299000e+01 3.635753e+01 2.815142e+02
      vertex   4.299000e+01 3.600000e+01 2.815000e+02
    endloop
  endfacet
  facet normal 0.000000e+00 3.975652e-02 9.992094e-01
    outer loop
      vertex   4.599000e+01 3.600000e+01 2.815000e+02
      vertex   4.299000e+01 3.600000e+01 2.815000e+02
      vertex   4.599000e+01 3.564247e+01 2.815142e+02
    endloop
  endfacet
  facet normal 0.000000e+00 3.975652e-02 9.992094e-01
    outer loop
      vertex   4.599000e+01 3.564247e+01 2.815142e+02
      vertex   4.299000e+01 3.600000e+01 2.815000e+02
      vertex   4.299000e+01 3.564247e+01 2.815142e+02
    endloop
  endfacet
  facet normal 0.000000e+00 1.190182e-01 9.928921e-01
    outer loop
      vertex   4.599000e+01 3.564247e+01 2.815142e+02
      vertex   4.299000e+01 3.564247e+01 2.815142e+02
      vertex   4.599000e+01 3.528721e+01 2.815568e+02
    endloop
  endfacet
  facet normal 0.000000e+00 1.190182e-01 9.928921e-01
    outer loop
      vertex   4.599000e+01 3.528721e+01 2.815568e+02
      vertex   4.299000e+01 3.564247e+01 2.815142e+02
      vertex   4.299000e+01 3.528721e+01 2.815568e+02
    endloop
  endfacet
  facet normal 0.000000e+00 1.975274e-01 9.802974e-01
    outer loop
      vertex   4.599000e+01 3.528721e+01 2.815568e+02
      vertex   4.299000e+01 3.528721e+01 2.815568e+02
      vertex   4.599000e+01 3.493645e+01 2.816275e+02
    endloop
  endfacet
  facet normal 0.000000e+00 1.975274e-01 9.802974e-01
    outer loop
      vertex   4.599000e+01 3.493645e+01 2.816275e+02
      vertex   4.299000e+01 3.528721e+01 2.815568e+02
      vertex   4.299000e+01 3.493645e+01 2.816275e+02
    endloop
  endfacet
  facet normal 0.000000e+00 2.747878e-01 9.615049e-01
    outer loop
      vertex   4.599000e+01 3.493645e+01 2.816275e+02
      vertex   4.299000e+01 3.493645e+01 2.816275e+02
      vertex   4.599000e+01 3.459242e+01 2.817258e+02
    endloop
  endfacet
  facet normal 0.000000e+00 2.747878e-01 9.615049e-01
    outer loop
      vertex   4.599000e+01 3.459242e+01 2.817258e+02
      vertex   4.299000e+01 3.493645e+01 2.816275e+02
      vertex   4.299000e+01 3.459242e+01 2.817258e+02
    endloop
  endfacet
  facet normal 0.000000e+00 3.503108e-01 9.366335e-01
    outer loop
      vertex   4.599000e+01 3.459242e+01 2.817258e+02
      vertex   4.299000e+01 3.459242e+01 2.817258e+02
      vertex   4.599000e+01 3.425728e+01 2.818512e+02
    endloop
  endfacet
  facet normal 0.000000e+00 3.503108e-01 9.366335e-01
    outer loop
      vertex   4.599000e+01 3.425728e+01 2.818512e+02
      vertex   4.299000e+01 3.459242e+01 2.817258e+02
      vertex   4.299000e+01 3.425728e+01 2.818512e+02
    endloop
  endfacet
  facet normal 0.000000e+00 4.236191e-01 9.058404e-01
    outer loop
      vertex   4.599000e+01 3.425728e+01 2.818512e+02
      vertex   4.299000e+01 3.425728e+01 2.818512e+02
      vertex   4.599000e+01 3.393316e+01 2.820027e+02
    endloop
  endfacet
  facet normal 0.000000e+00 4.236191e-01 9.058404e-01
    outer loop
      vertex   4.599000e+01 3.393316e+01 2.820027e+02
      vertex   4.299000e+01 3.425728e+01 2.818512e+02
      vertex   4.299000e+01 3.393316e+01 2.820027e+02
    endloop
  endfacet
  facet normal 0.000000e+00 4.942492e-01 8.693203e-01
    outer loop
      vertex   4.599000e+01 3.393316e+01 2.820027e+02
      vertex   4.299000e+01 3.393316e+01 2.820027e+02
      vertex   4.599000e+01 3.362211e+01 2.821796e+02
    endloop
  endfacet
  facet normal 0.000000e+00 4.942492e-01 8.693203e-01
    outer loop
      vertex   4.599000e+01 3.362211e+01 2.821796e+02
      vertex   4.299000e+01 3.393316e+01 2.820027e+02
      vertex   4.299000e+01 3.362211e+01 2.821796e+02
    endloop
  endfacet
  facet normal 0.000000e+00 5.617544e-01 8.273040e-01
    outer loop
      vertex   4.599000e+01 3.362211e+01 2.821796e+02
      vertex   4.299000e+01 3.362211e+01 2.821796e+02
      vertex   4.599000e+01 3.332610e+01 2.823806e+02
    endloop
  endfacet
  facet normal 0.000000e+00 5.617544e-01 8.273040e-01
    outer loop
      vertex   4.599000e+01 3.332610e+01 2.823806e+02
      vertex   4.299000e+01 3.362211e+01 2.821796e+02
      vertex   4.299000e+01 3.332610e+01 2.823806e+02
    endloop
  endfacet
  facet normal 0.000000e+00 6.257081e-01 7.800573e-01
    outer loop
      vertex   4.599000e+01 3.332610e+01 2.823806e+02
      vertex   4.299000e+01 3.332610e+01 2.823806e+02
      vertex   4.599000e+01 3.304698e+01 2.826045e+02
    endloop
  endfacet
  facet normal 0.000000e+00 6.257081e-01 7.800573e-01
    outer loop
      vertex   4.599000e+01 3.304698e+01 2.826045e+02
      vertex   4.299000e+01 3.332610e+01 2.823806e+02
      vertex   4.299000e+01 3.304698e+01 2.826045e+02
    endloop
  endfacet
  facet normal 0.000000e+00 6.857058e-01 7.278788e-01
    outer loop
      vertex   4.599000e+01 3.304698e+01 2.826045e+02
      vertex   4.299000e+01 3.304698e+01 2.826045e+02
      vertex   4.599000e+01 3.278654e+01 2.828498e+02
    endloop
  endfacet
  facet normal 0.000000e+00 6.857058e-01 7.278788e-01
    outer loop
      vertex   4.599000e+01 3.278654e+01 2.828498e+02
      vertex   4.299000e+01 3.304698e+01 2.826045e+02
      vertex   4.299000e+01 3.278654e+01 2.828498e+02
    endloop
  endfacet
  facet normal 0.000000e+00 7.413683e-01 6.710984e-01
    outer loop
      vertex   4.599000e+01 3.278654e+01 2.828498e+02
      vertex   4.299000e+01 3.278654e+01 2.828498e+02
      vertex   4.599000e+01 3.254642e+01 2.831151e+02
    endloop
  endfacet
  facet normal 0.000000e+00 7.413683e-01 6.710984e-01
    outer loop
      vertex   4.599000e+01 3.254642e+01 2.831151e+02
      vertex   4.299000e+01 3.278654e+01 2.828498e+02
      vertex   4.299000e+01 3.254642e+01 2.831151e+02
    endloop
  endfacet
  facet normal 0.000000e+00 7.923436e-01 6.100751e-01
    outer loop
      vertex   4.599000e+01 3.254642e+01 2.831151e+02
      vertex   4.299000e+01 3.254642e+01 2.831151e+02
      vertex   4.599000e+01 3.232813e+01 2.833986e+02
    endloop
  endfacet
  facet normal 0.000000e+00 7.923436e-01 6.100751e-01
    outer loop
      vertex   4.599000e+01 3.232813e+01 2.833986e+02
      vertex   4.299000e+01 3.254642e+01 2.831151e+02
      vertex   4.299000e+01 3.232813e+01 2.833986e+02
    endloop
  endfacet
  facet normal 0.000000e+00 8.383094e-01 5.451948e-01
    outer loop
      vertex   4.599000e+01 3.232813e+01 2.833986e+02
      vertex   4.299000e+01 3.232813e+01 2.833986e+02
      vertex   4.599000e+01 3.213305e+01 2.836985e+02
    endloop
  endfacet
  facet normal 0.000000e+00 8.383094e-01 5.451948e-01
    outer loop
      vertex   4.599000e+01 3.213305e+01 2.836985e+02
      vertex   4.299000e+01 3.232813e+01 2.833986e+02
      vertex   4.299000e+01 3.213305e+01 2.836985e+02
    endloop
  endfacet
  facet normal 0.000000e+00 8.789752e-01 4.768675e-01
    outer loop
      vertex   4.599000e+01 3.213305e+01 2.836985e+02
      vertex   4.299000e+01 3.213305e+01 2.836985e+02
      vertex   4.599000e+01 3.196243e+01 2.840130e+02
    endloop
  endfacet
  facet normal 0.000000e+00 8.789752e-01 4.768675e-01
    outer loop
      vertex   4.599000e+01 3.196243e+01 2.840130e+02
      vertex   4.299000e+01 3.213305e+01 2.836985e+02
      vertex   4.299000e+01 3.196243e+01 2.840130e+02
    endloop
  endfacet
  facet normal 0.000000e+00 9.140838e-01 4.055253e-01
    outer loop
      vertex   4.599000e+01 3.196243e+01 2.840130e+02
      vertex   4.299000e+01 3.196243e+01 2.840130e+02
      vertex   4.599000e+01 3.181733e+01 2.843401e+02
    endloop
  endfacet
  facet normal 0.000000e+00 9.140838e-01 4.055253e-01
    outer loop
      vertex   4.599000e+01 3.181733e+01 2.843401e+02
      vertex   4.299000e+01 3.196243e+01 2.840130e+02
      vertex   4.299000e+01 3.181733e+01 2.843401e+02
    endloop
  endfacet
  facet normal 0.000000e+00 9.434133e-01 3.316193e-01
    outer loop
      vertex   4.599000e+01 3.181733e+01 2.843401e+02
      vertex   4.299000e+01 3.181733e+01 2.843401e+02
      vertex   4.599000e+01 3.169867e+01 2.846777e+02
    endloop
  endfacet
  facet normal 0.000000e+00 9.434133e-01 3.316193e-01
    outer loop
      vertex   4.599000e+01 3.169867e+01 2.846777e+02
      vertex   4.299000e+01 3.181733e+01 2.843401e+02
      vertex   4.299000e+01 3.169867e+01 2.846777e+02
    endloop
  endfacet
  facet normal 0.000000e+00 9.667782e-01 2.556166e-01
    outer loop
      vertex   4.599000e+01 3.169867e+01 2.846777e+02
      vertex   4.299000e+01 3.169867e+01 2.846777e+02
      vertex   4.599000e+01 3.160721e+01 2.850236e+02
    endloop
  endfacet
  facet normal 0.000000e+00 9.667782e-01 2.556166e-01
    outer loop
      vertex   4.599000e+01 3.160721e+01 2.850236e+02
      vertex   4.299000e+01 3.169867e+01 2.846777e+02
      vertex   4.299000e+01 3.160721e+01 2.850236e+02
    endloop
  endfacet
  facet normal 0.000000e+00 9.840309e-01 1.779979e-01
    outer loop
      vertex   4.599000e+01 3.160721e+01 2.850236e+02
      vertex   4.299000e+01 3.160721e+01 2.850236e+02
      vertex   4.599000e+01 3.154352e+01 2.853757e+02
    endloop
  endfacet
  facet normal 0.000000e+00 9.840309e-01 1.779979e-01
    outer loop
      vertex   4.599000e+01 3.154352e+01 2.853757e+02
      vertex   4.299000e+01 3.160721e+01 2.850236e+02
      vertex   4.299000e+01 3.154352e+01 2.853757e+02
    endloop
  endfacet
  facet normal 0.000000e+00 9.950622e-01 9.925380e-02
    outer loop
      vertex   4.599000e+01 3.154352e+01 2.853757e+02
      vertex   4.299000e+01 3.154352e+01 2.853757e+02
      vertex   4.599000e+01 3.150800e+01 2.857317e+02
    endloop
  endfacet
  facet normal 0.000000e+00 9.950622e-01 9.925380e-02
    outer loop
      vertex   4.599000e+01 3.150800e+01 2.857317e+02
      vertex   4.299000e+01 3.154352e+01 2.853757e+02
      vertex   4.299000e+01 3.150800e+01 2.857317e+02
    endloop
  endfacet
  facet normal 0.000000e+00 9.998023e-01 1.988219e-02
    outer loop
      vertex   4.599000e+01 3.150800e+01 2.857317e+02
      vertex   4.299000e+01 3.150800e+01 2.857317e+02
      vertex   4.599000e+01 3.150089e+01 2.860895e+02
    endloop
  endfacet
  facet normal 0.000000e+00 9.998023e-01 1.988219e-02
    outer loop
      vertex   4.599000e+01 3.150089e+01 2.860895e+02
      vertex   4.299000e+01 3.150800e+01 2.857317e+02
      vertex   4.299000e+01 3.150089e+01 2.860895e+02
    endloop
  endfacet
  facet normal 0.000000e+00 9.982214e-01 -5.961513e-02
    outer loop
      vertex   4.599000e+01 3.150089e+01 2.860895e+02
      vertex   4.299000e+01 3.150089e+01 2.860895e+02
      vertex   4.599000e+01 3.152222e+01 2.864466e+02
    endloop
  endfacet
  facet normal 0.000000e+00 9.982214e-01 -5.961513e-02
    outer loop
      vertex   4.599000e+01 3.152222e+01 2.864466e+02
      vertex   4.299000e+01 3.150089e+01 2.860895e+02
      vertex   4.299000e+01 3.152222e+01 2.864466e+02
    endloop
  endfacet
  facet normal 0.000000e+00 9.903295e-01 -1.387355e-01
    outer loop
      vertex   4.599000e+01 3.152222e+01 2.864466e+02
      vertex   4.299000e+01 3.152222e+01 2.864466e+02
      vertex   4.599000e+01 3.157186e+01 2.868010e+02
    endloop
  endfacet
  facet normal 0.000000e+00 9.903295e-01 -1.387355e-01
    outer loop
      vertex   4.599000e+01 3.157186e+01 2.868010e+02
      vertex   4.299000e+01 3.152222e+01 2.864466e+02
      vertex   4.299000e+01 3.157186e+01 2.868010e+02
    endloop
  endfacet
  facet normal 0.000000e+00 9.761763e-01 -2.169788e-01
    outer loop
      vertex   4.599000e+01 3.157186e+01 2.868010e+02
      vertex   4.299000e+01 3.157186e+01 2.868010e+02
      vertex   4.599000e+01 3.164950e+01 2.871503e+02
    endloop
  endfacet
  facet normal 0.000000e+00 9.761763e-01 -2.169788e-01
    outer loop
      vertex   4.599000e+01 3.164950e+01 2.871503e+02
      vertex   4.299000e+01 3.157186e+01 2.868010e+02
      vertex   4.299000e+01 3.164950e+01 2.871503e+02
    endloop
  endfacet
  facet normal 0.000000e+00 9.558515e-01 -2.938503e-01
    outer loop
      vertex   4.599000e+01 3.164950e+01 2.871503e+02
      vertex   4.299000e+01 3.164950e+01 2.871503e+02
      vertex   4.599000e+01 3.175464e+01 2.874923e+02
    endloop
  endfacet
  facet normal 0.000000e+00 9.558515e-01 -2.938503e-01
    outer loop
      vertex   4.599000e+01 3.175464e+01 2.874923e+02
      vertex   4.299000e+01 3.164950e+01 2.871503e+02
      vertex   4.299000e+01 3.175464e+01 2.874923e+02
    endloop
  endfacet
  facet normal 0.000000e+00 9.294834e-01 -3.688639e-01
    outer loop
      vertex   4.599000e+01 3.175464e+01 2.874923e+02
      vertex   4.299000e+01 3.175464e+01 2.874923e+02
      vertex   4.599000e+01 3.188662e+01 2.878249e+02
    endloop
  endfacet
  facet normal 0.000000e+00 9.294834e-01 -3.688639e-01
    outer loop
      vertex   4.599000e+01 3.188662e+01 2.878249e+02
      vertex   4.299000e+01 3.175464e+01 2.874923e+02
      vertex   4.299000e+01 3.188662e+01 2.878249e+02
    endloop
  endfacet
  facet normal 0.000000e+00 8.972389e-01 -4.415455e-01
    outer loop
      vertex   4.599000e+01 3.188662e+01 2.878249e+02
      vertex   4.299000e+01 3.188662e+01 2.878249e+02
      vertex   4.599000e+01 3.204461e+01 2.881459e+02
    endloop
  endfacet
  facet normal 0.000000e+00 8.972389e-01 -4.415455e-01
    outer loop
      vertex   4.599000e+01 3.204461e+01 2.881459e+02
      vertex   4.299000e+01 3.188662e+01 2.878249e+02
      vertex   4.299000e+01 3.204461e+01 2.881459e+02
    endloop
  endfacet
  facet normal 0.000000e+00 8.593217e-01 -5.114355e-01
    outer loop
      vertex   4.599000e+01 3.204461e+01 2.881459e+02
      vertex   4.299000e+01 3.204461e+01 2.881459e+02
      vertex   4.599000e+01 3.222761e+01 2.884534e+02
    endloop
  endfacet
  facet normal 0.000000e+00 8.593217e-01 -5.114355e-01
    outer loop
      vertex   4.599000e+01 3.222761e+01 2.884534e+02
      vertex   4.299000e+01 3.204461e+01 2.881459e+02
      vertex   4.299000e+01 3.222761e+01 2.884534e+02
    endloop
  endfacet
  facet normal 0.000000e+00 8.159716e-01 -5.780920e-01
    outer loop
      vertex   4.599000e+01 3.222761e+01 2.884534e+02
      vertex   4.299000e+01 3.222761e+01 2.884534e+02
      vertex   4.599000e+01 3.243445e+01 2.887453e+02
    endloop
  endfacet
  facet normal 0.000000e+00 8.159716e-01 -5.780920e-01
    outer loop
      vertex   4.599000e+01 3.243445e+01 2.887453e+02
      vertex   4.299000e+01 3.222761e+01 2.884534e+02
      vertex   4.299000e+01 3.243445e+01 2.887453e+02
    endloop
  endfacet
  facet normal 0.000000e+00 7.674627e-01 -6.410936e-01
    outer loop
      vertex   4.599000e+01 3.243445e+01 2.887453e+02
      vertex   4.299000e+01 3.243445e+01 2.887453e+02
      vertex   4.599000e+01 3.266384e+01 2.890199e+02
    endloop
  endfacet
  facet normal 0.000000e+00 7.674627e-01 -6.410936e-01
    outer loop
      vertex   4.599000e+01 3.266384e+01 2.890199e+02
      vertex   4.299000e+01 3.243445e+01 2.887453e+02
      vertex   4.299000e+01 3.266384e+01 2.890199e+02
    endloop
  endfacet
  facet normal 0.000000e+00 7.141016e-01 -7.000421e-01
    outer loop
      vertex   4.599000e+01 3.266384e+01 2.890199e+02
      vertex   4.299000e+01 3.266384e+01 2.890199e+02
      vertex   4.599000e+01 3.291432e+01 2.892755e+02
    endloop
  endfacet
  facet normal 0.000000e+00 7.141016e-01 -7.000421e-01
    outer loop
      vertex   4.599000e+01 3.291432e+01 2.892755e+02
      vertex   4.299000e+01 3.266384e+01 2.890199e+02
      vertex   4.299000e+01 3.291432e+01 2.892755e+02
    endloop
  endfacet
  facet normal 0.000000e+00 6.562257e-01 -7.545646e-01
    outer loop
      vertex   4.599000e+01 3.291432e+01 2.892755e+02
      vertex   4.299000e+01 3.291432e+01 2.892755e+02
      vertex   4.599000e+01 3.318431e+01 2.895103e+02
    endloop
  endfacet
  facet normal 0.000000e+00 6.562257e-01 -7.545646e-01
    outer loop
      vertex   4.599000e+01 3.318431e+01 2.895103e+02
      vertex   4.299000e+01 3.291432e+01 2.892755e+02
      vertex   4.299000e+01 3.318431e+01 2.895103e+02
    endloop
  endfacet
  facet normal 0.000000e+00 5.942010e-01 -8.043166e-01
    outer loop
      vertex   4.599000e+01 3.318431e+01 2.895103e+02
      vertex   4.299000e+01 3.318431e+01 2.895103e+02
      vertex   4.599000e+01 3.347211e+01 2.897229e+02
    endloop
  endfacet
  facet normal 0.000000e+00 5.942010e-01 -8.043166e-01
    outer loop
      vertex   4.599000e+01 3.347211e+01 2.897229e+02
      vertex   4.299000e+01 3.318431e+01 2.895103e+02
      vertex   4.299000e+01 3.347211e+01 2.897229e+02
    endloop
  endfacet
  facet normal 0.000000e+00 5.284196e-01 -8.489834e-01
    outer loop
      vertex   4.599000e+01 3.347211e+01 2.897229e+02
      vertex   4.299000e+01 3.347211e+01 2.897229e+02
      vertex   4.599000e+01 3.377588e+01 2.899119e+02
    endloop
  endfacet
  facet normal 0.000000e+00 5.284196e-01 -8.489834e-01
    outer loop
      vertex   4.599000e+01 3.377588e+01 2.899119e+02
      vertex   4.299000e+01 3.347211e+01 2.897229e+02
      vertex   4.299000e+01 3.377588e+01 2.899119e+02
    endloop
  endfacet
  facet normal 0.000000e+00 4.592973e-01 -8.882826e-01
    outer loop
      vertex   4.599000e+01 3.377588e+01 2.899119e+02
      vertex   4.299000e+01 3.377588e+01 2.899119e+02
      vertex   4.599000e+01 3.409371e+01 2.900763e+02
    endloop
  endfacet
  facet normal 0.000000e+00 4.592973e-01 -8.882826e-01
    outer loop
      vertex   4.599000e+01 3.409371e+01 2.900763e+02
      vertex   4.299000e+01 3.377588e+01 2.899119e+02
      vertex   4.299000e+01 3.409371e+01 2.900763e+02
    endloop
  endfacet
  facet normal 0.000000e+00 3.872712e-01 -9.219659e-01
    outer loop
      vertex   4.599000e+01 3.409371e+01 2.900763e+02
      vertex   4.299000e+01 3.409371e+01 2.900763e+02
      vertex   4.599000e+01 3.442360e+01 2.902149e+02
    endloop
  endfacet
  facet normal 0.000000e+00 3.872712e-01 -9.219659e-01
    outer loop
      vertex   4.599000e+01 3.442360e+01 2.902149e+02
      vertex   4.299000e+01 3.409371e+01 2.900763e+02
      vertex   4.299000e+01 3.442360e+01 2.902149e+02
    endloop
  endfacet
  facet normal 0.000000e+00 3.127966e-01 -9.498201e-01
    outer loop
      vertex   4.599000e+01 3.442360e+01 2.902149e+02
      vertex   4.299000e+01 3.442360e+01 2.902149e+02
      vertex   4.599000e+01 3.476346e+01 2.903268e+02
    endloop
  endfacet
  facet normal 0.000000e+00 3.127966e-01 -9.498201e-01
    outer loop
      vertex   4.599000e+01 3.476346e+01 2.903268e+02
      vertex   4.299000e+01 3.442360e+01 2.902149e+02
      vertex   4.299000e+01 3.476346e+01 2.903268e+02
    endloop
  endfacet
  facet normal 0.000000e+00 2.363444e-01 -9.716693e-01
    outer loop
      vertex   4.599000e+01 3.476346e+01 2.903268e+02
      vertex   4.299000e+01 3.476346e+01 2.903268e+02
      vertex   4.599000e+01 3.511113e+01 2.904113e+02
    endloop
  endfacet
  facet normal 0.000000e+00 2.363444e-01 -9.716693e-01
    outer loop
      vertex   4.599000e+01 3.511113e+01 2.904113e+02
      vertex   4.299000e+01 3.476346e+01 2.903268e+02
      vertex   4.299000e+01 3.511113e+01 2.904113e+02
    endloop
  endfacet
  facet normal 0.000000e+00 1.583980e-01 -9.873753e-01
    outer loop
      vertex   4.599000e+01 3.511113e+01 2.904113e+02
      vertex   4.299000e+01 3.511113e+01 2.904113e+02
      vertex   4.599000e+01 3.546442e+01 2.904680e+02
    endloop
  endfacet
  facet normal 0.000000e+00 1.583980e-01 -9.873753e-01
    outer loop
      vertex   4.599000e+01 3.546442e+01 2.904680e+02
      vertex   4.299000e+01 3.511113e+01 2.904113e+02
      vertex   4.299000e+01 3.546442e+01 2.904680e+02
    endloop
  endfacet
  facet normal 0.000000e+00 7.945017e-02 -9.968388e-01
    outer loop
      vertex   4.599000e+01 3.546442e+01 2.904680e+02
      vertex   4.299000e+01 3.546442e+01 2.904680e+02
      vertex   4.599000e+01 3.582110e+01 2.904964e+02
    endloop
  endfacet
  facet normal 0.000000e+00 7.945017e-02 -9.968388e-01
    outer loop
      vertex   4.599000e+01 3.582110e+01 2.904964e+02
      vertex   4.299000e+01 3.546442e+01 2.904680e+02
      vertex   4.299000e+01 3.582110e+01 2.904964e+02
    endloop
  endfacet
  facet normal 0.000000e+00 0.000000e+00 -1.000000e+00
    outer loop
      vertex   4.599000e+01 3.582110e+01 2.904964e+02
      vertex   4.299000e+01 3.582110e+01 2.904964e+02
      vertex   4.599000e+01 3.617890e+01 2.904964e+02
    endloop
  endfacet
  facet normal -0.000000e+00 0.000000e+00 -1.000000e+00
    outer loop
      vertex   4.599000e+01 3.617890e+01 2.904964e+02
      vertex   4.299000e+01 3.582110e+01 2.904964e+02
      vertex   4.299000e+01 3.617890e+01 2.904964e+02
    endloop
  endfacet
  facet normal -0.000000e+00 -7.945017e-02 -9.968388e-01
    outer loop
      vertex   4.599000e+01 3.617890e+01 2.904964e+02
      vertex   4.299000e+01 3.617890e+01 2.904964e+02
      vertex   4.599000e+01 3.653558e+01 2.904680e+02
    endloop
  endfacet
  facet normal -0.000000e+00 -7.945017e-02 -9.968388e-01
    outer loop
      vertex   4.599000e+01 3.653558e+01 2.904680e+02
      vertex   4.299000e+01 3.617890e+01 2.904964e+02
      vertex   4.299000e+01 3.653558e+01 2.904680e+02
    endloop
  endfacet
  facet normal -0.000000e+00 -1.583980e-01 -9.873753e-01
    outer loop
      vertex   4.599000e+01 3.653558e+01 2.904680e+02
      vertex   4.299000e+01 3.653558e+01 2.904680e+02
      vertex   4.599000e+01 3.688887e+01 2.904113e+02
    endloop
  endfacet
  facet normal -0.000000e+00 -1.583980e-01 -9.873753e-01
    outer loop
      vertex   4.599000e+01 3.688887e+01 2.904113e+02
      vertex   4.299000e+01 3.653558e+01 2.904680e+02
      vertex   4.299000e+01 3.688887e+01 2.904113e+02
    endloop
  endfacet
  facet normal -0.000000e+00 -2.363444e-01 -9.716693e-01
    outer loop
      vertex   4.599000e+01 3.688887e+01 2.904113e+02
      vertex   4.299000e+01 3.688887e+01 2.904113e+02
      vertex   4.599000e+01 3.723655e+01 2.903268e+02
    endloop
  endfacet
  facet normal -0.000000e+00 -2.363444e-01 -9.716693e-01
    outer loop
      vertex   4.599000e+01 3.723655e+01 2.903268e+02
      vertex   4.299000e+01 3.688887e+01 2.904113e+02
      vertex   4.299000e+01 3.723655e+01 2.903268e+02
    endloop
  endfacet
  facet normal -0.000000e+00 -3.127966e-01 -9.498201e-01
    outer loop
      vertex   4.599000e+01 3.723655e+01 2.903268e+02
      vertex   4.299000e+01 3.723655e+01 2.903268e+02
      vertex   4.599000e+01 3.757640e+01 2.902149e+02
    endloop
  endfacet
  facet normal -0.000000e+00 -3.127966e-01 -9.498201e-01
    outer loop
      vertex   4.599000e+01 3.757640e+01 2.902149e+02
      vertex   4.299000e+01 3.723655e+01 2.903268e+02
      vertex   4.299000e+01 3.757640e+01 2.902149e+02
    endloop
  endfacet
  facet normal -0.000000e+00 -3.872712e-01 -9.219659e-01
    outer loop
      vertex   4.599000e+01 3.757640e+01 2.902149e+02
      vertex   4.299000e+01 3.757640e+01 2.902149e+02
      vertex   4.599000e+01 3.790629e+01 2.900763e+02
    endloop
  endfacet
  facet normal -0.000000e+00 -3.872712e-01 -9.219659e-01
    outer loop
      vertex   4.599000e+01 3.790629e+01 2.900763e+02
      vertex   4.299000e+01 3.757640e+01 2.902149e+02
      vertex   4.299000e+01 3.790629e+01 2.900763e+02
    endloop
  endfacet
  facet normal -0.000000e+00 -4.592973e-01 -8.882826e-01
    outer loop
      vertex   4.599000e+01 3.790629e+01 2.900763e+02
      vertex   4.299000e+01 3.790629e+01 2.900763e+02
      vertex   4.599000e+01 3.822412e+01 2.899119e+02
    endloop
  endfacet
  facet normal -0.000000e+00 -4.592973e-01 -8.882826e-01
    outer loop
      vertex   4.599000e+01 3.822412e+01 2.899119e+02
      vertex   4.299000e+01 3.790629e+01 2.900763e+02
      vertex   4.299000e+01 3.822412e+01 2.899119e+02
    endloop
  endfacet
  facet normal -0.000000e+00 -5.284196e-01 -8.489834e-01
    outer loop
      vertex   4.599000e+01 3.822412e+01 2.899119e+02
      vertex   4.299000e+01 3.822412e+01 2.899119e+02
      vertex   4.599000e+01 3.852790e+01 2.897229e+02
    endloop
  endfacet
  facet normal -0.000000e+00 -5.284196e-01 -8.489834e-01
    outer loop
      vertex   4.599000e+01 3.852790e+01 2.897229e+02
      vertex   4.299000e+01 3.822412e+01 2.899119e+02
      vertex   4.299000e+01 3.852790e+01 2.897229e+02
    endloop
  endfacet
  facet normal -0.000000e+00 -5.942010e-01 -8.043166e-01
    outer loop
      vertex   4.599000e+01 3.852790e+01 2.897229e+02
      vertex   4.299000e+01 3.852790e+01 2.897229e+02
      vertex   4.599000e+01 3.881569e+01 2.895103e+02
    endloop
  endfacet
  facet normal -0.000000e+00 -5.942010e-01 -8.043166e-01
    outer loop
      vertex   4.599000e+01 3.881569e+01 2.895103e+02
      vertex   4.299000e+01 3.852790e+01 2.897229e+02
      vertex   4.299000e+01 3.881569e+01 2.895103e+02
    endloop
  endfacet
  facet normal -0.000000e+00 -6.562257e-01 -7.545646e-01
    outer loop
      vertex   4.599000e+01 3.881569e+01 2.895103e+02
      vertex   4.299000e+01 3.881569e+01 2.895103e+02
      vertex   4.599000e+01 3.908568e+01 2.892755e+02
    endloop
  endfacet
  facet normal -0.000000e+00 -6.562257e-01 -7.545646e-01
    outer loop
      vertex   4.599000e+01 3.908568e+01 2.892755e+02
      vertex   4.299000e+01 3.881569e+01 2.895103e+02
      vertex   4.299000e+01 3.908568e+01 2.892755e+02
    endloop
  endfacet
  facet normal -0.000000e+00 -7.141016e-01 -7.000421e-01
    outer loop
      vertex   4.599000e+01 3.908568e+01 2.892755e+02
      vertex   4.299000e+01 3.908568e+01 2.892755e+02
      vertex   4.599000e+01 3.933616e+01 2.890199e+02
    endloop
  endfacet
  facet normal -0.000000e+00 -7.141016e-01 -7.000421e-01
    outer loop
      vertex   4.599000e+01 3.933616e+01 2.890199e+02
      vertex   4.299000e+01 3.908568e+01 2.892755e+02
      vertex   4.299000e+01 3.933616e+01 2.890199e+02
    endloop
  endfacet
  facet normal -0.000000e+00 -7.674627e-01 -6.410936e-01
    outer loop
      vertex   4.599000e+01 3.933616e+01 2.890199e+02
      vertex   4.299000e+01 3.933616e+01 2.890199e+02
      vertex   4.599000e+01 3.956555e+01 2.887453e+02
    endloop
  endfacet
  facet normal -0.000000e+00 -7.674627e-01 -6.410936e-01
    outer loop
      vertex   4.599000e+01 3.956555e+01 2.887453e+02
      vertex   4.299000e+01 3.933616e+01 2.890199e+02
      vertex   4.299000e+01 3.956555e+01 2.887453e+02
    endloop
  endfacet
  facet normal -0.000000e+00 -8.159716e-01 -5.780920e-01
    outer loop
      vertex   4.599000e+01 3.956555e+01 2.887453e+02
      vertex   4.299000e+01 3.956555e+01 2.887453e+02
      vertex   4.599000e+01 3.977239e+01 2.884534e+02
    endloop
  endfacet
  facet normal -0.000000e+00 -8.159716e-01 -5.780920e-01
    outer loop
      vertex   4.599000e+01 3.977239e+01 2.884534e+02
      vertex   4.299000e+01 3.956555e+01 2.887453e+02
      vertex   4.299000e+01 3.977239e+01 2.884534e+02
    endloop
  endfacet
  facet normal -0.000000e+00 -8.593217e-01 -5.114355e-01
    outer loop
      vertex   4.599000e+01 3.977239e+01 2.884534e+02
      vertex   4.299000e+01 3.977239e+01 2.884534e+02
      vertex   4.599000e+01 3.995539e+01 2.881459e+02
    endloop
  endfacet
  facet normal -0.000000e+00 -8.593217e-01 -5.114355e-01
    outer loop
      vertex   4.599000e+01 3.995539e+01 2.881459e+02
      vertex   4.299000e+01 3.977239e+01 2.884534e+02
      vertex   4.299000e+01 3.995539e+01 2.881459e+02
    endloop
  endfacet
  facet normal -0.000000e+00 -8.972389e-01 -4.415455e-01
    outer loop
      vertex   4.599000e+01 3.995539e+01 2.881459e+02
      vertex   4.299000e+01 3.995539e+01 2.881459e+02
      vertex   4.599000e+01 4.011338e+01 2.878249e+02
    endloop
  endfacet
  facet normal -0.000000e+00 -8.972389e-01 -4.415455e-01
    outer loop
      vertex   4.599000e+01 4.011338e+01 2.878249e+02
      vertex   4.299000e+01 3.995539e+01 2.881459e+02
      vertex   4.299000e+01 4.011338e+01 2.878249e+02
    endloop
  endfacet
  facet normal -0.000000e+00 -9.294834e-01 -3.688639e-01
    outer loop
      vertex   4.599000e+01 4.011338e+01 2.878249e+02
      vertex   4.299000e+01 4.011338e+01 2.878249e+02
      vertex   4.599000e+01 4.024536e+01 2.874923e+02
    endloop
  endfacet
  facet normal -0.000000e+00 -9.294834e-01 -3.688639e-01
    outer loop
      vertex   4.599000e+01 4.024536e+01 2.874923e+02
      vertex   4.299000e+01 4.011338e+01 2.878249e+02
      vertex   4.299000e+01 4.024536e+01 2.874923e+02
    endloop
  endfacet
  facet normal -0.000000e+00 -9.558515e-01 -2.938503e-01
    outer loop
      vertex   4.599000e+01 4.024536e+01 2.874923e+02
      vertex   4.299000e+01 4.024536e+01 2.874923e+02
      vertex   4.599000e+01 4.035050e+01 2.871503e+02
    endloop
  endfacet
  facet normal -0.000000e+00 -9.558515e-01 -2.938503e-01
    outer loop
      vertex   4.599000e+01 4.035050e+01 2.871503e+02
      vertex   4.299000e+01 4.024536e+01 2.874923e+02
      vertex   4.299000e+01 4.035050e+01 2.871503e+02
    endloop
  endfacet
  facet normal -0.000000e+00 -9.761763e-01 -2.169788e-01
    outer loop
      vertex   4.599000e+01 4.035050e+01 2.871503e+02
      vertex   4.299000e+01 4.035050e+01 2.871503e+02
      vertex   4.599000e+01 4.042814e+01 2.868010e+02
    endloop
  endfacet
  facet normal -0.000000e+00 -9.761763e-01 -2.169788e-01
    outer loop
      vertex   4.599000e+01 4.042814e+01 2.868010e+02
      vertex   4.299000e+01 4.035050e+01 2.871503e+02
      vertex   4.299000e+01 4.042814e+01 2.868010e+02
    endloop
  endfacet
  facet normal -0.000000e+00 -9.903295e-01 -1.387355e-01
    outer loop
      vertex   4.599000e+01 4.042814e+01 2.868010e+02
      vertex   4.299000e+01 4.042814e+01 2.868010e+02
      vertex   4.599000e+01 4.047778e+01 2.864466e+02
    endloop
  endfacet
  facet normal -0.000000e+00 -9.903295e-01 -1.387355e-01
    outer loop
      vertex   4.599000e+01 4.047778e+01 2.864466e+02
      vertex   4.299000e+01 4.042814e+01 2.868010e+02
      vertex   4.299000e+01 4.047778e+01 2.864466e+02
    endloop
  endfacet
  facet normal -0.000000e+00 -9.982214e-01 -5.961513e-02
    outer loop
      vertex   4.599000e+01 4.047778e+01 2.864466e+02
      vertex   4.299000e+01 4.047778e+01 2.864466e+02
      vertex   4.599000e+01 4.049911e+01 2.860895e+02
    endloop
  endfacet
  facet normal -0.000000e+00 -9.982214e-01 -5.961513e-02
    outer loop
      vertex   4.599000e+01 4.049911e+01 2.860895e+02
      vertex   4.299000e+01 4.047778e+01 2.864466e+02
      vertex   4.299000e+01 4.049911e+01 2.860895e+02
    endloop
  endfacet
  facet normal 0.000000e+00 -9.998023e-01 1.988219e-02
    outer loop
      vertex   4.599000e+01 4.049911e+01 2.860895e+02
      vertex   4.299000e+01 4.049911e+01 2.860895e+02
      vertex   4.599000e+01 4.049200e+01 2.857317e+02
    endloop
  endfacet
  facet normal 0.000000e+00 -9.998023e-01 1.988219e-02
    outer loop
      vertex   4.599000e+01 4.049200e+01 2.857317e+02
      vertex   4.299000e+01 4.049911e+01 2.860895e+02
      vertex   4.299000e+01 4.049200e+01 2.857317e+02
    endloop
  endfacet
  facet normal 0.000000e+00 -9.950622e-01 9.925380e-02
    outer loop
      vertex   4.599000e+01 4.049200e+01 2.857317e+02
      vertex   4.299000e+01 4.049200e+01 2.857317e+02
      vertex   4.599000e+01 4.045648e+01 2.853757e+02
    endloop
  endfacet
  facet normal 0.000000e+00 -9.950622e-01 9.925380e-02
    outer loop
      vertex   4.599000e+01 4.045648e+01 2.853757e+02
      vertex   4.299000e+01 4.049200e+01 2.857317e+02
      vertex   4.299000e+01 4.045648e+01 2.853757e+02
    endloop
  endfacet
  facet normal 0.000000e+00 -9.840309e-01 1.779979e-01
    outer loop
      vertex   4.599000e+01 4.045648e+01 2.853757e+02
      vertex   4.299000e+01 4.045648e+01 2.853757e+02
      vertex   4.599000e+01 4.039279e+01 2.850236e+02
    endloop
  endfacet
  facet normal 0.000000e+00 -9.840309e-01 1.779979e-01
    outer loop
      vertex   4.599000e+01 4.039279e+01 2.850236e+02
      vertex   4.299000e+01 4.045648e+01 2.853757e+02
      vertex   4.299000e+01 4.039279e+01 2.850236e+02
    endloop
  endfacet
  facet normal 0.000000e+00 -9.667782e-01 2.556166e-01
    outer loop
      vertex   4.599000e+01 4.039279e+01 2.850236e+02
      vertex   4.299000e+01 4.039279e+01 2.850236e+02
      vertex   4.599000e+01 4.030133e+01 2.846777e+02
    endloop
  endfacet
  facet normal 0.000000e+00 -9.667782e-01 2.556166e-01
    outer loop
      vertex   4.599000e+01 4.030133e+01 2.846777e+02
      vertex   4.299000e+01 4.039279e+01 2.850236e+02
      vertex   4.299000e+01 4.030133e+01 2.846777e+02
    endloop
  endfacet
  facet normal 0.000000e+00 -9.434133e-01 3.316193e-01
    outer loop
      vertex   4.599000e+01 4.030133e+01 2.846777e+02
      vertex   4.299000e+01 4.030133e+01 2.846777e+02
      vertex   4.599000e+01 4.018268e+01 2.843401e+02
    endloop
  endfacet
  facet normal 0.000000e+00 -9.434133e-01 3.316193e-01
    outer loop
      vertex   4.599000e+01 4.018268e+01 2.843401e+02
      vertex   4.299000e+01 4.030133e+01 2.846777e+02
      vertex   4.299000e+01 4.018268e+01 2.843401e+02
    endloop
  endfacet
  facet normal 0.000000e+00 -9.140838e-01 4.055253e-01
    outer loop
      vertex   4.599000e+01 4.018268e+01 2.843401e+02
      vertex   4.299000e+01 4.018268e+01 2.843401e+02
      vertex   4.599000e+01 4.003758e+01 2.840130e+02
    endloop
  endfacet
  facet normal 0.000000e+00 -9.140838e-01 4.055253e-01
    outer loop
      vertex   4.599000e+01 4.003758e+01 2.840130e+02
      vertex   4.299000e+01 4.018268e+01 2.843401e+02
      vertex   4.299000e+01 4.003758e+01 2.840130e+02
    endloop
  endfacet
  facet normal 0.000000e+00 -8.789752e-01 4.768675e-01
    outer loop
      vertex   4.599000e+01 4.003758e+01 2.840130e+02
      vertex   4.299000e+01 4.003758e+01 2.840130e+02
      vertex   4.599000e+01 3.986695e+01 2.836985e+02
    endloop
  endfacet
  facet normal 0.000000e+00 -8.789752e-01 4.768675e-01
    outer loop
      vertex   4.599000e+01 3.986695e+01 2.836985e+02
      vertex   4.299000e+01 4.003758e+01 2.840130e+02
      vertex   4.299000e+01 3.986695e+01 2.836985e+02
    endloop
  endfacet
  facet normal 0.000000e+00 -8.383094e-01 5.451948e-01
    outer loop
      vertex   4.599000e+01 3.986695e+01 2.836985e+02
      vertex   4.299000e+01 3.986695e+01 2.836985e+02
      vertex   4.599000e+01 3.967187e+01 2.833986e+02
    endloop
  endfacet
  facet normal 0.000000e+00 -8.383094e-01 5.451948e-01
    outer loop
      vertex   4.599000e+01 3.967187e+01 2.833986e+02
      vertex   4.299000e+01 3.986695e+01 2.836985e+02
      vertex   4.299000e+01 3.967187e+01 2.833986e+02
    endloop
  endfacet
  facet normal 0.000000e+00 -7.923436e-01 6.100751e-01
    outer loop
      vertex   4.599000e+01 3.967187e+01 2.833986e+02
      vertex   4.299000e+01 3.967187e+01 2.833986e+02
      vertex   4.599000e+01 3.945358e+01 2.831151e+02
    endloop
  endfacet
  facet normal 0.000000e+00 -7.923436e-01 6.100751e-01
    outer loop
      vertex   4.599000e+01 3.945358e+01 2.831151e+02
      vertex   4.299000e+01 3.967187e+01 2.833986e+02
      vertex   4.299000e+01 3.945358e+01 2.831151e+02
    endloop
  endfacet
  facet normal 0.000000e+00 -7.413683e-01 6.710984e-01
    outer loop
      vertex   4.599000e+01 3.945358e+01 2.831151e+02
      vertex   4.299000e+01 3.945358e+01 2.831151e+02
      vertex   4.599000e+01 3.921346e+01 2.828498e+02
    endloop
  endfacet
  facet normal 0.000000e+00 -7.413683e-01 6.710984e-01
    outer loop
      vertex   4.599000e+01 3.921346e+01 2.828498e+02
      vertex   4.299000e+01 3.945358e+01 2.831151e+02
      vertex   4.299000e+01 3.921346e+01 2.828498e+02
    endloop
  endfacet
  facet normal 0.000000e+00 -6.857058e-01 7.278788e-01
    outer loop
      vertex   4.599000e+01 3.921346e+01 2.828498e+02
      vertex   4.299000e+01 3.921346e+01 2.828498e+02
      vertex   4.599000e+01 3.895302e+01 2.826045e+02
    endloop
  endfacet
  facet normal 0.000000e+00 -6.857058e-01 7.278788e-01
    outer loop
      vertex   4.599000e+01 3.895302e+01 2.826045e+02
      vertex   4.299000e+01 3.921346e+01 2.828498e+02
      vertex   4.299000e+01 3.895302e+01 2.826045e+02
    endloop
  endfacet
  facet normal 0.000000e+00 -6.257081e-01 7.800573e-01
    outer loop
      vertex   4.599000e+01 3.895302e+01 2.826045e+02
      vertex   4.299000e+01 3.895302e+01 2.826045e+02
      vertex   4.599000e+01 3.867391e+01 2.823806e+02
    endloop
  endfacet
  facet normal 0.000000e+00 -6.257081e-01 7.800573e-01
    outer loop
      vertex   4.599000e+01 3.867391e+01 2.823806e+02
      vertex   4.299000e+01 3.895302e+01 2.826045e+02
      vertex   4.299000e+01 3.867391e+01 2.823806e+02
    endloop
  endfacet
  facet normal 0.000000e+00 -5.617544e-01 8.273040e-01
    outer loop
      vertex   4.599000e+01 3.867391e+01 2.823806e+02
      vertex   4.299000e+01 3.867391e+01 2.823806e+02
      vertex   4.599000e+01 3.837789e+01 2.821796e+02
    endloop
  endfacet
  facet normal 0.000000e+00 -5.617544e-01 8.273040e-01
    outer loop
      vertex   4.599000e+01 3.837789e+01 2.821796e+02
      vertex   4.299000e+01 3.867391e+01 2.823806e+02
      vertex   4.299000e+01 3.837789e+01 2.821796e+02
    endloop
  endfacet
  facet normal 0.000000e+00 -4.942492e-01 8.693203e-01
    outer loop
      vertex   4.599000e+01 3.837789e+01 2.821796e+02
      vertex   4.299000e+01 3.837789e+01 2.821796e+02
      vertex   4.599000e+01 3.806684e+01 2.820027e+02
    endloop
  endfacet
  facet normal 0.000000e+00 -4.942492e-01 8.693203e-01
    outer loop
      vertex   4.599000e+01 3.806684e+01 2.820027e+02
      vertex   4.299000e+01 3.837789e+01 2.821796e+02
      vertex   4.299000e+01 3.806684e+01 2.820027e+02
    endloop
  endfacet
  facet normal 0.000000e+00 -4.236191e-01 9.058404e-01
    outer loop
      vertex   4.599000e+01 3.806684e+01 2.820027e+02
      vertex   4.299000e+01 3.806684e+01 2.820027e+02
      vertex   4.599000e+01 3.774272e+01 2.818512e+02
    endloop
  endfacet
  facet normal 0.000000e+00 -4.236191e-01 9.058404e-01
    outer loop
      vertex   4.599000e+01 3.774272e+01 2.818512e+02
      vertex   4.299000e+01 3.806684e+01 2.820027e+02
      vertex   4.299000e+01 3.774272e+01 2.818512e+02
    endloop
  endfacet
  facet normal 0.000000e+00 -3.503108e-01 9.366335e-01
    outer loop
      vertex   4.599000e+01 3.774272e+01 2.818512e+02
      vertex   4.299000e+01 3.774272e+01 2.818512e+02
      vertex   4.599000e+01 3.740759e+01 2.817258e+02
    endloop
  endfacet
  facet normal 0.000000e+00 -3.503108e-01 9.366335e-01
    outer loop
      vertex   4.599000e+01 3.740759e+01 2.817258e+02
      vertex   4.299000e+01 3.774272e+01 2.818512e+02
      vertex   4.299000e+01 3.740759e+01 2.817258e+02
    endloop
  endfacet
  facet normal 0.000000e+00 -2.747878e-01 9.615049e-01
    outer loop
      vertex   4.599000e+01 3.740759e+01 2.817258e+02
      vertex   4.299000e+01 3.740759e+01 2.817258e+02
      vertex   4.599000e+01 3.706355e+01 2.816275e+02
    endloop
  endfacet
  facet normal 0.000000e+00 -2.747878e-01 9.615049e-01
    outer loop
      vertex   4.599000e+01 3.706355e+01 2.816275e+02
      vertex   4.299000e+01 3.740759e+01 2.817258e+02
      vertex   4.299000e+01 3.706355e+01 2.816275e+02
    endloop
  endfacet
  facet normal 0.000000e+00 -1.975274e-01 9.802974e-01
    outer loop
      vertex   4.599000e+01 3.706355e+01 2.816275e+02
      vertex   4.299000e+01 3.706355e+01 2.816275e+02
      vertex   4.599000e+01 3.671279e+01 2.815568e+02
    endloop
  endfacet
  facet normal 0.000000e+00 -1.975274e-01 9.802974e-01
    outer loop
      vertex   4.599000e+01 3.671279e+01 2.815568e+02
      vertex   4.299000e+01 3.706355e+01 2.816275e+02
      vertex   4.299000e+01 3.671279e+01 2.815568e+02
    endloop
  endfacet
  facet normal 0.000000e+00 -1.190182e-01 9.928921e-01
    outer loop
      vertex   4.599000e+01 3.671279e+01 2.815568e+02
      vertex   4.299000e+01 3.671279e+01 2.815568e+02
      vertex   4.599000e+01 3.635753e+01 2.815142e+02
    endloop
  endfacet
  facet normal 0.000000e+00 -1.190182e-01 9.928921e-01
    outer loop
      vertex   4.599000e+01 3.635753e+01 2.815142e+02
      vertex   4.299000e+01 3.671279e+01 2.815568e+02
      vertex   4.299000e+01 3.635753e+01 2.815142e+02
    endloop
  endfacet
  facet normal -1.000000e+00 0.000000e+00 -0.000000e+00
    outer loop
      vertex   4.599000e+01 3.620425e+01 2.845140e+02
      vertex   4.599000e+01 3.635753e+01 2.815142e+02
      vertex   4.599000e+01 3.600000e+01 2.845000e+02
    endloop
  endfacet
  facet normal -1.000000e+00 0.000000e+00 0.000000e+00
    outer loop
      vertex   4.599000e+01 3.600000e+01 2.845000e+02
      vertex   4.599000e+01 3.635753e+01 2.815142e+02
      vertex   4.599000e+01 3.600000e+01 2.815000e+02
    endloop
  endfacet
  facet normal -1.000000e+00 0.000000e+00 -0.000000e+00
    outer loop
      vertex   4.599000e+01 3.600000e+01 2.845000e+02
      vertex   4.599000e+01 3.600000e+01 2.815000e+02
      vertex   4.599000e+01 3.564247e+01 2.815142e+02
    endloop
  endfacet
  facet normal -1.000000e+00 0.000000e+00 -0.000000e+00
    outer loop
      vertex   4.599000e+01 3.640470e+01 2.845556e+02
      vertex   4.599000e+01 3.706355e+01 2.816275e+02
      vertex   4.599000e+01 3.620425e+01 2.845140e+02
    endloop
  endfacet
  facet normal -1.000000e+00 0.000000e+00 0.000000e+00
    outer loop
      vertex   4.599000e+01 3.620425e+01 2.845140e+02
      vertex   4.599000e+01 3.706355e+01 2.816275e+02
      vertex   4.599000e+01 3.671279e+01 2.815568e+02
    endloop
  endfacet
  facet normal -1.000000e+00 0.000000e+00 0.000000e+00
    outer loop
      vertex   4.599000e+01 3.620425e+01 2.845140e+02
      vertex   4.599000e+01 3.671279e+01 2.815568e+02
      vertex   4.599000e+01 3.635753e+01 2.815142e+02
    endloop
  endfacet
  facet normal -1.000000e+00 0.000000e+00 0.000000e+00
    outer loop
      vertex   4.599000e+01 3.706355e+01 2.816275e+02
      vertex   4.599000e+01 3.640470e+01 2.845556e+02
      vertex   4.599000e+01 3.740759e+01 2.817258e+02
    endloop
  endfacet
  facet normal -1.000000e+00 0.000000e+00 0.000000e+00
    outer loop
      vertex   4.599000e+01 3.740759e+01 2.817258e+02
      vertex   4.599000e+01 3.640470e+01 2.845556e+02
      vertex   4.599000e+01 3.659760e+01 2.846242e+02
    endloop
  endfacet
  facet normal -1.000000e+00 0.000000e+00 0.000000e+00
    outer loop
      vertex   4.599000e+01 3.740759e+01 2.817258e+02
      vertex   4.599000e+01 3.659760e+01 2.846242e+02
      vertex   4.599000e+01 3.774272e+01 2.818512e+02
    endloop
  endfacet
  facet normal -1.000000e+00 0.000000e+00 0.000000e+00
    outer loop
      vertex   4.599000e+01 3.774272e+01 2.818512e+02
      vertex   4.599000e+01 3.659760e+01 2.846242e+02
      vertex   4.599000e+01 3.806684e+01 2.820027e+02
    endloop
  endfacet
  facet normal -1.000000e+00 0.000000e+00 0.000000e+00
    outer loop
      vertex   4.599000e+01 3.806684e+01 2.820027e+02
      vertex   4.599000e+01 3.659760e+01 2.846242e+02
      vertex   4.599000e+01 3.677938e+01 2.847184e+02
    endloop
  endfacet
  facet normal -1.000000e+00 0.000000e+00 0.000000e+00
    outer loop
      vertex   4.599000e+01 3.806684e+01 2.820027e+02
      vertex   4.599000e+01 3.677938e+01 2.847184e+02
      vertex   4.599000e+01 3.837789e+01 2.821796e+02
    endloop
  endfacet
  facet normal -1.000000e+00 0.000000e+00 0.000000e+00
    outer loop
      vertex   4.599000e+01 3.837789e+01 2.821796e+02
      vertex   4.599000e+01 3.677938e+01 2.847184e+02
      vertex   4.599000e+01 3.867391e+01 2.823806e+02
    endloop
  endfacet
  facet normal -1.000000e+00 0.000000e+00 0.000000e+00
    outer loop
      vertex   4.599000e+01 3.867391e+01 2.823806e+02
      vertex   4.599000e+01 3.677938e+01 2.847184e+02
      vertex   4.599000e+01 3.694663e+01 2.848364e+02
    endloop
  endfacet
  facet normal -1.000000e+00 0.000000e+00 0.000000e+00
    outer loop
      vertex   4.599000e+01 3.867391e+01 2.823806e+02
      vertex   4.599000e+01 3.694663e+01 2.848364e+02
      vertex   4.599000e+01 3.895302e+01 2.826045e+02
    endloop
  endfacet
  facet normal -1.000000e+00 0.000000e+00 0.000000e+00
    outer loop
      vertex   4.599000e+01 3.895302e+01 2.826045e+02
      vertex   4.599000e+01 3.694663e+01 2.848364e+02
      vertex   4.599000e+01 3.709625e+01 2.849762e+02
    endloop
  endfacet
  facet normal -1.000000e+00 0.000000e+00 0.000000e+00
    outer loop
      vertex   4.599000e+01 3.895302e+01 2.826045e+02
      vertex   4.599000e+01 3.709625e+01 2.849762e+02
      vertex   4.599000e+01 3.921346e+01 2.828498e+02
    endloop
  endfacet
  facet normal -1.000000e+00 0.000000e+00 0.000000e+00
    outer loop
      vertex   4.599000e+01 3.921346e+01 2.828498e+02
      vertex   4.599000e+01 3.709625e+01 2.849762e+02
      vertex   4.599000e+01 3.945358e+01 2.831151e+02
    endloop
  endfacet
  facet normal -1.000000e+00 0.000000e+00 0.000000e+00
    outer loop
      vertex   4.599000e+01 3.945358e+01 2.831151e+02
      vertex   4.599000e+01 3.709625e+01 2.849762e+02
      vertex   4.599000e+01 3.722546e+01 2.851350e+02
    endloop
  endfacet
  facet normal -1.000000e+00 0.000000e+00 0.000000e+00
    outer loop
      vertex   4.599000e+01 3.945358e+01 2.831151e+02
      vertex   4.599000e+01 3.722546e+01 2.851350e+02
      vertex   4.599000e+01 3.967187e+01 2.833986e+02
    endloop
  endfacet
  facet normal -1.000000e+00 0.000000e+00 0.000000e+00
    outer loop
      vertex   4.599000e+01 3.967187e+01 2.833986e+02
      vertex   4.599000e+01 3.722546e+01 2.851350e+02
      vertex   4.599000e+01 3.986695e+01 2.836985e+02
    endloop
  endfacet
  facet normal -1.000000e+00 0.000000e+00 0.000000e+00
    outer loop
      vertex   4.599000e+01 3.986695e+01 2.836985e+02
      vertex   4.599000e+01 3.722546e+01 2.851350e+02
      vertex   4.599000e+01 3.733183e+01 2.853099e+02
    endloop
  endfacet
  facet normal -1.000000e+00 0.000000e+00 0.000000e+00
    outer loop
      vertex   4.599000e+01 3.986695e+01 2.836985e+02
      vertex   4.599000e+01 3.733183e+01 2.853099e+02
      vertex   4.599000e+01 4.003758e+01 2.840130e+02
    endloop
  endfacet
  facet normal -1.000000e+00 0.000000e+00 0.000000e+00
    outer loop
      vertex   4.599000e+01 4.003758e+01 2.840130e+02
      vertex   4.599000e+01 3.733183e+01 2.853099e+02
      vertex   4.599000e+01 4.018268e+01 2.843401e+02
    endloop
  endfacet
  facet normal -1.000000e+00 0.000000e+00 0.000000e+00
    outer loop
      vertex   4.599000e+01 4.018268e+01 2.843401e+02
      vertex   4.599000e+01 3.733183e+01 2.853099e+02
      vertex   4.599000e+01 3.741339e+01 2.854977e+02
    endloop
  endfacet
  facet normal -1.000000e+00 0.000000e+00 0.000000e+00
    outer loop
      vertex   4.599000e+01 4.018268e+01 2.843401e+02
      vertex   4.599000e+01 3.741339e+01 2.854977e+02
      vertex   4.599000e+01 4.030133e+01 2.846777e+02
    endloop
  endfacet
  facet normal -1.000000e+00 0.000000e+00 0.000000e+00
    outer loop
      vertex   4.599000e+01 4.030133e+01 2.846777e+02
      vertex   4.599000e+01 3.741339e+01 2.854977e+02
      vertex   4.599000e+01 3.746863e+01 2.856948e+02
    endloop
  endfacet
  facet normal -1.000000e+00 0.000000e+00 0.000000e+00
    outer loop
      vertex   4.599000e+01 4.030133e+01 2.846777e+02
      vertex   4.599000e+01 3.746863e+01 2.856948e+02
      vertex   4.599000e+01 4.039279e+01 2.850236e+02
    endloop
  endfacet
  facet normal -1.000000e+00 0.000000e+00 0.000000e+00
    outer loop
      vertex   4.599000e+01 4.039279e+01 2.850236e+02
      vertex   4.599000e+01 3.746863e+01 2.856948e+02
      vertex   4.599000e+01 4.045648e+01 2.853757e+02
    endloop
  endfacet
  facet normal -1.000000e+00 0.000000e+00 0.000000e+00
    outer loop
      vertex   4.599000e+01 4.045648e+01 2.853757e+02
      vertex   4.599000e+01 3.746863e+01 2.856948e+02
      vertex   4.599000e+01 3.749650e+01 2.858976e+02
    endloop
  endfacet
  facet normal -1.000000e+00 0.000000e+00 0.000000e+00
    outer loop
      vertex   4.599000e+01 4.045648e+01 2.853757e+02
      vertex   4.599000e+01 3.749650e+01 2.858976e+02
      vertex   4.599000e+01 4.049200e+01 2.857317e+02
    endloop
  endfacet
  facet normal -1.000000e+00 0.000000e+00 0.000000e+00
    outer loop
      vertex   4.599000e+01 4.049200e+01 2.857317e+02
      vertex   4.599000e+01 3.749650e+01 2.858976e+02
      vertex   4.599000e+01 4.049911e+01 2.860895e+02
    endloop
  endfacet
  facet normal -1.000000e+00 -0.000000e+00 0.000000e+00
    outer loop
      vertex   4.599000e+01 4.049911e+01 2.860895e+02
      vertex   4.599000e+01 3.749650e+01 2.858976e+02
      vertex   4.599000e+01 3.749650e+01 2.861024e+02
    endloop
  endfacet
  facet normal -1.000000e+00 0.000000e+00 0.000000e+00
    outer loop
      vertex   4.599000e+01 4.049911e+01 2.860895e+02
      vertex   4.599000e+01 3.749650e+01 2.861024e+02
      vertex   4.599000e+01 4.047778e+01 2.864466e+02
    endloop
  endfacet
  facet normal -1.000000e+00 -0.000000e+00 0.000000e+00
    outer loop
      vertex   4.599000e+01 4.047778e+01 2.864466e+02
      vertex   4.599000e+01 3.749650e+01 2.861024e+02
      vertex   4.599000e+01 4.042814e+01 2.868010e+02
    endloop
  endfacet
  facet normal -1.000000e+00 -0.000000e+00 0.000000e+00
    outer loop
      vertex   4.599000e+01 4.042814e+01 2.868010e+02
      vertex   4.599000e+01 3.749650e+01 2.861024e+02
      vertex   4.599000e+01 4.035050e+01 2.871503e+02
    endloop
  endfacet
  facet normal -1.000000e+00 -0.000000e+00 0.000000e+00
    outer loop
      vertex   4.599000e+01 4.035050e+01 2.871503e+02
      vertex   4.599000e+01 3.749650e+01 2.861024e+02
      vertex   4.599000e+01 4.024536e+01 2.874923e+02
    endloop
  endfacet
  facet normal -1.000000e+00 -0.000000e+00 0.000000e+00
    outer loop
      vertex   4.599000e+01 4.024536e+01 2.874923e+02
      vertex   4.599000e+01 3.749650e+01 2.861024e+02
      vertex   4.599000e+01 4.011338e+01 2.878249e+02
    endloop
  endfacet
  facet normal -1.000000e+00 -0.000000e+00 0.000000e+00
    outer loop
      vertex   4.599000e+01 4.011338e+01 2.878249e+02
      vertex   4.599000e+01 3.749650e+01 2.861024e+02
      vertex   4.599000e+01 3.995539e+01 2.881459e+02
    endloop
  endfacet
  facet normal -1.000000e+00 -0.000000e+00 0.000000e+00
    outer loop
      vertex   4.599000e+01 3.995539e+01 2.881459e+02
      vertex   4.599000e+01 3.749650e+01 2.861024e+02
      vertex   4.599000e+01 3.977239e+01 2.884534e+02
    endloop
  endfacet
  facet normal -1.000000e+00 -0.000000e+00 0.000000e+00
    outer loop
      vertex   4.599000e+01 3.977239e+01 2.884534e+02
      vertex   4.599000e+01 3.749650e+01 2.861024e+02
      vertex   4.599000e+01 3.956555e+01 2.887453e+02
    endloop
  endfacet
  facet normal -1.000000e+00 -0.000000e+00 0.000000e+00
    outer loop
      vertex   4.599000e+01 3.956555e+01 2.887453e+02
      vertex   4.599000e+01 3.749650e+01 2.861024e+02
      vertex   4.599000e+01 3.933616e+01 2.890199e+02
    endloop
  endfacet
  facet normal -1.000000e+00 -0.000000e+00 0.000000e+00
    outer loop
      vertex   4.599000e+01 3.933616e+01 2.890199e+02
      vertex   4.599000e+01 3.749650e+01 2.861024e+02
      vertex   4.599000e+01 3.908568e+01 2.892755e+02
    endloop
  endfacet
  facet normal -1.000000e+00 -0.000000e+00 0.000000e+00
    outer loop
      vertex   4.599000e+01 3.908568e+01 2.892755e+02
      vertex   4.599000e+01 3.749650e+01 2.861024e+02
      vertex   4.599000e+01 3.881569e+01 2.895103e+02
    endloop
  endfacet
  facet normal -1.000000e+00 -0.000000e+00 0.000000e+00
    outer loop
      vertex   4.599000e+01 3.881569e+01 2.895103e+02
      vertex   4.599000e+01 3.749650e+01 2.861024e+02
      vertex   4.599000e+01 3.852790e+01 2.897229e+02
    endloop
  endfacet
  facet normal -1.000000e+00 -0.000000e+00 0.000000e+00
    outer loop
      vertex   4.599000e+01 3.852790e+01 2.897229e+02
      vertex   4.599000e+01 3.749650e+01 2.861024e+02
      vertex   4.599000e+01 3.822412e+01 2.899119e+02
    endloop
  endfacet
  facet normal -1.000000e+00 -0.000000e+00 0.000000e+00
    outer loop
      vertex   4.599000e+01 3.822412e+01 2.899119e+02
      vertex   4.599000e+01 3.749650e+01 2.861024e+02
      vertex   4.599000e+01 3.790629e+01 2.900763e+02
    endloop
  endfacet
  facet normal -1.000000e+00 0.000000e+00 0.000000e+00
    outer loop
      vertex   4.599000e+01 3.790629e+01 2.900763e+02
      vertex   4.599000e+01 3.749650e+01 2.861024e+02
      vertex   4.599000e+01 3.746863e+01 2.863052e+02
    endloop
  endfacet
  facet normal -1.000000e+00 0.000000e+00 0.000000e+00
    outer loop
      vertex   4.599000e+01 3.790629e+01 2.900763e+02
      vertex   4.599000e+01 3.746863e+01 2.863052e+02
      vertex   4.599000e+01 3.741339e+01 2.865023e+02
    endloop
  endfacet
  facet normal -1.000000e+00 0.000000e+00 0.000000e+00
    outer loop
      vertex   4.599000e+01 3.741339e+01 2.865023e+02
      vertex   4.599000e+01 3.733183e+01 2.866901e+02
      vertex   4.599000e+01 3.790629e+01 2.900763e+02
    endloop
  endfacet
  facet normal -1.000000e+00 0.000000e+00 0.000000e+00
    outer loop
      vertex   4.599000e+01 3.790629e+01 2.900763e+02
      vertex   4.599000e+01 3.733183e+01 2.866901e+02
      vertex   4.599000e+01 3.722546e+01 2.868650e+02
    endloop
  endfacet
  facet normal -1.000000e+00 0.000000e+00 0.000000e+00
    outer loop
      vertex   4.599000e+01 3.790629e+01 2.900763e+02
      vertex   4.599000e+01 3.722546e+01 2.868650e+02
      vertex   4.599000e+01 3.709625e+01 2.870238e+02
    endloop
  endfacet
  facet normal -1.000000e+00 0.000000e+00 0.000000e+00
    outer loop
      vertex   4.599000e+01 3.709625e+01 2.870238e+02
      vertex   4.599000e+01 3.694663e+01 2.871636e+02
      vertex   4.599000e+01 3.790629e+01 2.900763e+02
    endloop
  endfacet
  facet normal -1.000000e+00 0.000000e+00 0.000000e+00
    outer loop
      vertex   4.599000e+01 3.790629e+01 2.900763e+02
      vertex   4.599000e+01 3.694663e+01 2.871636e+02
      vertex   4.599000e+01 3.677938e+01 2.872816e+02
    endloop
  endfacet
  facet normal -1.000000e+00 0.000000e+00 0.000000e+00
    outer loop
      vertex   4.599000e+01 3.790629e+01 2.900763e+02
      vertex   4.599000e+01 3.677938e+01 2.872816e+02
      vertex   4.599000e+01 3.659760e+01 2.873758e+02
    endloop
  endfacet
  facet normal -1.000000e+00 -0.000000e+00 0.000000e+00
    outer loop
      vertex   4.599000e+01 3.790629e+01 2.900763e+02
      vertex   4.599000e+01 3.659760e+01 2.873758e+02
      vertex   4.599000e+01 3.757640e+01 2.902149e+02
    endloop
  endfacet
  facet normal -1.000000e+00 0.000000e+00 0.000000e+00
    outer loop
      vertex   4.599000e+01 3.757640e+01 2.902149e+02
      vertex   4.599000e+01 3.659760e+01 2.873758e+02
      vertex   4.599000e+01 3.640470e+01 2.874444e+02
    endloop
  endfacet
  facet normal -1.000000e+00 -0.000000e+00 0.000000e+00
    outer loop
      vertex   4.599000e+01 3.757640e+01 2.902149e+02
      vertex   4.599000e+01 3.640470e+01 2.874444e+02
      vertex   4.599000e+01 3.723655e+01 2.903268e+02
    endloop
  endfacet
  facet normal -1.000000e+00 -0.000000e+00 0.000000e+00
    outer loop
      vertex   4.599000e+01 3.723655e+01 2.903268e+02
      vertex   4.599000e+01 3.640470e+01 2.874444e+02
      vertex   4.599000e+01 3.688887e+01 2.904113e+02
    endloop
  endfacet
  facet normal -1.000000e+00 0.000000e+00 0.000000e+00
    outer loop
      vertex   4.599000e+01 3.688887e+01 2.904113e+02
      vertex   4.599000e+01 3.640470e+01 2.874444e+02
      vertex   4.599000e+01 3.620425e+01 2.874860e+02
    endloop
  endfacet
  facet normal -1.000000e+00 -0.000000e+00 0.000000e+00
    outer loop
      vertex   4.599000e+01 3.688887e+01 2.904113e+02
      vertex   4.599000e+01 3.620425e+01 2.874860e+02
      vertex   4.599000e+01 3.653558e+01 2.904680e+02
    endloop
  endfacet
  facet normal -1.000000e+00 -0.000000e+00 0.000000e+00
    outer loop
      vertex   4.599000e+01 3.653558e+01 2.904680e+02
      vertex   4.599000e+01 3.620425e+01 2.874860e+02
      vertex   4.599000e+01 3.617890e+01 2.904964e+02
    endloop
  endfacet
  facet normal -1.000000e+00 0.000000e+00 -0.000000e+00
    outer loop
      vertex   4.599000e+01 3.617890e+01 2.904964e+02
      vertex   4.599000e+01 3.620425e+01 2.874860e+02
      vertex   4.599000e+01 3.600000e+01 2.875000e+02
    endloop
  endfacet
  facet normal -1.000000e+00 -0.000000e+00 0.000000e+00
    outer loop
      vertex   4.599000e+01 3.617890e+01 2.904964e+02
      vertex   4.599000e+01 3.600000e+01 2.875000e+02
      vertex   4.599000e+01 3.582110e+01 2.904964e+02
    endloop
  endfacet
  facet normal -1.000000e+00 0.000000e+00 -0.000000e+00
    outer loop
      vertex   4.599000e+01 3.582110e+01 2.904964e+02
      vertex   4.599000e+01 3.600000e+01 2.875000e+02
      vertex   4.599000e+01 3.579575e+01 2.874860e+02
    endloop
  endfacet
  facet normal -1.000000e+00 0.000000e+00 0.000000e+00
    outer loop
      vertex   4.599000e+01 3.582110e+01 2.904964e+02
      vertex   4.599000e+01 3.579575e+01 2.874860e+02
      vertex   4.599000e+01 3.546442e+01 2.904680e+02
    endloop
  endfacet
  facet normal -1.000000e+00 0.000000e+00 -0.000000e+00
    outer loop
      vertex   4.599000e+01 3.546442e+01 2.904680e+02
      vertex   4.599000e+01 3.579575e+01 2.874860e+02
      vertex   4.599000e+01 3.511113e+01 2.904113e+02
    endloop
  endfacet
  facet normal -1.000000e+00 0.000000e+00 0.000000e+00
    outer loop
      vertex   4.599000e+01 3.511113e+01 2.904113e+02
      vertex   4.599000e+01 3.579575e+01 2.874860e+02
      vertex   4.599000e+01 3.559531e+01 2.874444e+02
    endloop
  endfacet
  facet normal -1.000000e+00 0.000000e+00 -0.000000e+00
    outer loop
      vertex   4.599000e+01 3.511113e+01 2.904113e+02
      vertex   4.599000e+01 3.559531e+01 2.874444e+02
      vertex   4.599000e+01 3.476346e+01 2.903268e+02
    endloop
  endfacet
  facet normal -1.000000e+00 0.000000e+00 -0.000000e+00
    outer loop
      vertex   4.599000e+01 3.476346e+01 2.903268e+02
      vertex   4.599000e+01 3.559531e+01 2.874444e+02
      vertex   4.599000e+01 3.442360e+01 2.902149e+02
    endloop
  endfacet
  facet normal -1.000000e+00 0.000000e+00 0.000000e+00
    outer loop
      vertex   4.599000e+01 3.442360e+01 2.902149e+02
      vertex   4.599000e+01 3.559531e+01 2.874444e+02
      vertex   4.599000e+01 3.540240e+01 2.873758e+02
    endloop
  endfacet
  facet normal -1.000000e+00 0.000000e+00 0.000000e+00
    outer loop
      vertex   4.599000e+01 3.442360e+01 2.902149e+02
      vertex   4.599000e+01 3.540240e+01 2.873758e+02
      vertex   4.599000e+01 3.522062e+01 2.872816e+02
    endloop
  endfacet
  facet normal -1.000000e+00 -0.000000e+00 0.000000e+00
    outer loop
      vertex   4.599000e+01 3.522062e+01 2.872816e+02
      vertex   4.599000e+01 3.505337e+01 2.871636e+02
      vertex   4.599000e+01 3.442360e+01 2.902149e+02
    endloop
  endfacet
  facet normal -1.000000e+00 0.000000e+00 0.000000e+00
    outer loop
      vertex   4.599000e+01 3.442360e+01 2.902149e+02
      vertex   4.599000e+01 3.505337e+01 2.871636e+02
      vertex   4.599000e+01 3.490375e+01 2.870238e+02
    endloop
  endfacet
  facet normal -1.000000e+00 0.000000e+00 0.000000e+00
    outer loop
      vertex   4.599000e+01 3.442360e+01 2.902149e+02
      vertex   4.599000e+01 3.490375e+01 2.870238e+02
      vertex   4.599000e+01 3.477455e+01 2.868650e+02
    endloop
  endfacet
  facet normal -1.000000e+00 -0.000000e+00 0.000000e+00
    outer loop
      vertex   4.599000e+01 3.477455e+01 2.868650e+02
      vertex   4.599000e+01 3.466817e+01 2.866901e+02
      vertex   4.599000e+01 3.442360e+01 2.902149e+02
    endloop
  endfacet
  facet normal -1.000000e+00 0.000000e+00 0.000000e+00
    outer loop
      vertex   4.599000e+01 3.442360e+01 2.902149e+02
      vertex   4.599000e+01 3.466817e+01 2.866901e+02
      vertex   4.599000e+01 3.458661e+01 2.865023e+02
    endloop
  endfacet
  facet normal -1.000000e+00 0.000000e+00 0.000000e+00
    outer loop
      vertex   4.599000e+01 3.442360e+01 2.902149e+02
      vertex   4.599000e+01 3.458661e+01 2.865023e+02
      vertex   4.599000e+01 3.453137e+01 2.863052e+02
    endloop
  endfacet
  facet normal -1.000000e+00 -0.000000e+00 0.000000e+00
    outer loop
      vertex   4.599000e+01 3.453137e+01 2.863052e+02
      vertex   4.599000e+01 3.450350e+01 2.861024e+02
      vertex   4.599000e+01 3.442360e+01 2.902149e+02
    endloop
  endfacet
  facet normal -1.000000e+00 0.000000e+00 0.000000e+00
    outer loop
      vertex   4.599000e+01 3.442360e+01 2.902149e+02
      vertex   4.599000e+01 3.450350e+01 2.861024e+02
      vertex   4.599000e+01 3.450350e+01 2.858976e+02
    endloop
  endfacet
  facet normal -1.000000e+00 0.000000e+00 -0.000000e+00
    outer loop
      vertex   4.599000e+01 3.442360e+01 2.902149e+02
      vertex   4.599000e+01 3.450350e+01 2.858976e+02
      vertex   4.599000e+01 3.409371e+01 2.900763e+02
    endloop
  endfacet
  facet normal -1.000000e+00 0.000000e+00 -0.000000e+00
    outer loop
      vertex   4.599000e+01 3.409371e+01 2.900763e+02
      vertex   4.599000e+01 3.450350e+01 2.858976e+02
      vertex   4.599000e+01 3.377588e+01 2.899119e+02
    endloop
  endfacet
  facet normal -1.000000e+00 0.000000e+00 -0.000000e+00
    outer loop
      vertex   4.599000e+01 3.377588e+01 2.899119e+02
      vertex   4.599000e+01 3.450350e+01 2.858976e+02
      vertex   4.599000e+01 3.347211e+01 2.897229e+02
    endloop
  endfacet
  facet normal -1.000000e+00 0.000000e+00 -0.000000e+00
    outer loop
      vertex   4.599000e+01 3.347211e+01 2.897229e+02
      vertex   4.599000e+01 3.450350e+01 2.858976e+02
      vertex   4.599000e+01 3.318431e+01 2.895103e+02
    endloop
  endfacet
  facet normal -1.000000e+00 0.000000e+00 -0.000000e+00
    outer loop
      vertex   4.599000e+01 3.318431e+01 2.895103e+02
      vertex   4.599000e+01 3.450350e+01 2.858976e+02
      vertex   4.599000e+01 3.291432e+01 2.892755e+02
    endloop
  endfacet
  facet normal -1.000000e+00 0.000000e+00 -0.000000e+00
    outer loop
      vertex   4.599000e+01 3.291432e+01 2.892755e+02
      vertex   4.599000e+01 3.450350e+01 2.858976e+02
      vertex   4.599000e+01 3.266384e+01 2.890199e+02
    endloop
  endfacet
  facet normal -1.000000e+00 0.000000e+00 -0.000000e+00
    outer loop
      vertex   4.599000e+01 3.266384e+01 2.890199e+02
      vertex   4.599000e+01 3.450350e+01 2.858976e+02
      vertex   4.599000e+01 3.243445e+01 2.887453e+02
    endloop
  endfacet
  facet normal -1.000000e+00 0.000000e+00 -0.000000e+00
    outer loop
      vertex   4.599000e+01 3.243445e+01 2.887453e+02
      vertex   4.599000e+01 3.450350e+01 2.858976e+02
      vertex   4.599000e+01 3.222761e+01 2.884534e+02
    endloop
  endfacet
  facet normal -1.000000e+00 0.000000e+00 -0.000000e+00
    outer loop
      vertex   4.599000e+01 3.222761e+01 2.884534e+02
      vertex   4.599000e+01 3.450350e+01 2.858976e+02
      vertex   4.599000e+01 3.204461e+01 2.881459e+02
    endloop
  endfacet
  facet normal -1.000000e+00 0.000000e+00 -0.000000e+00
    outer loop
      vertex   4.599000e+01 3.204461e+01 2.881459e+02
      vertex   4.599000e+01 3.450350e+01 2.858976e+02
      vertex   4.599000e+01 3.188662e+01 2.878249e+02
    endloop
  endfacet
  facet normal -1.000000e+00 0.000000e+00 -0.000000e+00
    outer loop
      vertex   4.599000e+01 3.188662e+01 2.878249e+02
      vertex   4.599000e+01 3.450350e+01 2.858976e+02
      vertex   4.599000e+01 3.175464e+01 2.874923e+02
    endloop
  endfacet
  facet normal -1.000000e+00 0.000000e+00 -0.000000e+00
    outer loop
      vertex   4.599000e+01 3.175464e+01 2.874923e+02
      vertex   4.599000e+01 3.450350e+01 2.858976e+02
      vertex   4.599000e+01 3.164950e+01 2.871503e+02
    endloop
  endfacet
  facet normal -1.000000e+00 0.000000e+00 -0.000000e+00
    outer loop
      vertex   4.599000e+01 3.164950e+01 2.871503e+02
      vertex   4.599000e+01 3.450350e+01 2.858976e+02
      vertex   4.599000e+01 3.157186e+01 2.868010e+02
    endloop
  endfacet
  facet normal -1.000000e+00 0.000000e+00 -0.000000e+00
    outer loop
      vertex   4.599000e+01 3.157186e+01 2.868010e+02
      vertex   4.599000e+01 3.450350e+01 2.858976e+02
      vertex   4.599000e+01 3.152222e+01 2.864466e+02
    endloop
  endfacet
  facet normal -1.000000e+00 0.000000e+00 -0.000000e+00
    outer loop
      vertex   4.599000e+01 3.152222e+01 2.864466e+02
      vertex   4.599000e+01 3.450350e+01 2.858976e+02
      vertex   4.599000e+01 3.150089e+01 2.860895e+02
    endloop
  endfacet
  facet normal -1.000000e+00 0.000000e+00 0.000000e+00
    outer loop
      vertex   4.599000e+01 3.150089e+01 2.860895e+02
      vertex   4.599000e+01 3.450350e+01 2.858976e+02
      vertex   4.599000e+01 3.150800e+01 2.857317e+02
    endloop
  endfacet
  facet normal -1.000000e+00 0.000000e+00 0.000000e+00
    outer loop
      vertex   4.599000e+01 3.150800e+01 2.857317e+02
      vertex   4.599000e+01 3.450350e+01 2.858976e+02
      vertex   4.599000e+01 3.154352e+01 2.853757e+02
    endloop
  endfacet
  facet normal -1.000000e+00 0.000000e+00 0.000000e+00
    outer loop
      vertex   4.599000e+01 3.154352e+01 2.853757e+02
      vertex   4.599000e+01 3.450350e+01 2.858976e+02
      vertex   4.599000e+01 3.453137e+01 2.856948e+02
    endloop
  endfacet
  facet normal -1.000000e+00 0.000000e+00 0.000000e+00
    outer loop
      vertex   4.599000e+01 3.154352e+01 2.853757e+02
      vertex   4.599000e+01 3.453137e+01 2.856948e+02
      vertex   4.599000e+01 3.160721e+01 2.850236e+02
    endloop
  endfacet
  facet normal -1.000000e+00 0.000000e+00 0.000000e+00
    outer loop
      vertex   4.599000e+01 3.160721e+01 2.850236e+02
      vertex   4.599000e+01 3.453137e+01 2.856948e+02
      vertex   4.599000e+01 3.169867e+01 2.846777e+02
    endloop
  endfacet
  facet normal -1.000000e+00 0.000000e+00 0.000000e+00
    outer loop
      vertex   4.599000e+01 3.169867e+01 2.846777e+02
      vertex   4.599000e+01 3.453137e+01 2.856948e+02
      vertex   4.599000e+01 3.458661e+01 2.854977e+02
    endloop
  endfacet
  facet normal -1.000000e+00 0.000000e+00 0.000000e+00
    outer loop
      vertex   4.599000e+01 3.169867e+01 2.846777e+02
      vertex   4.599000e+01 3.458661e+01 2.854977e+02
      vertex   4.599000e+01 3.181733e+01 2.843401e+02
    endloop
  endfacet
  facet normal -1.000000e+00 0.000000e+00 0.000000e+00
    outer loop
      vertex   4.599000e+01 3.181733e+01 2.843401e+02
      vertex   4.599000e+01 3.458661e+01 2.854977e+02
      vertex   4.599000e+01 3.466817e+01 2.853099e+02
    endloop
  endfacet
  facet normal -1.000000e+00 0.000000e+00 0.000000e+00
    outer loop
      vertex   4.599000e+01 3.181733e+01 2.843401e+02
      vertex   4.599000e+01 3.466817e+01 2.853099e+02
      vertex   4.599000e+01 3.196243e+01 2.840130e+02
    endloop
  endfacet
  facet normal -1.000000e+00 0.000000e+00 0.000000e+00
    outer loop
      vertex   4.599000e+01 3.196243e+01 2.840130e+02
      vertex   4.599000e+01 3.466817e+01 2.853099e+02
      vertex   4.599000e+01 3.213305e+01 2.836985e+02
    endloop
  endfacet
  facet normal -1.000000e+00 0.000000e+00 0.000000e+00
    outer loop
      vertex   4.599000e+01 3.213305e+01 2.836985e+02
      vertex   4.599000e+01 3.466817e+01 2.853099e+02
      vertex   4.599000e+01 3.477455e+01 2.851350e+02
    endloop
  endfacet
  facet normal -1.000000e+00 0.000000e+00 0.000000e+00
    outer loop
      vertex   4.599000e+01 3.213305e+01 2.836985e+02
      vertex   4.599000e+01 3.477455e+01 2.851350e+02
      vertex   4.599000e+01 3.232813e+01 2.833986e+02
    endloop
  endfacet
  facet normal -1.000000e+00 0.000000e+00 0.000000e+00
    outer loop
      vertex   4.599000e+01 3.232813e+01 2.833986e+02
      vertex   4.599000e+01 3.477455e+01 2.851350e+02
      vertex   4.599000e+01 3.254642e+01 2.831151e+02
    endloop
  endfacet
  facet normal -1.000000e+00 0.000000e+00 0.000000e+00
    outer loop
      vertex   4.599000e+01 3.254642e+01 2.831151e+02
      vertex   4.599000e+01 3.477455e+01 2.851350e+02
      vertex   4.599000e+01 3.490375e+01 2.849762e+02
    endloop
  endfacet
  facet normal -1.000000e+00 0.000000e+00 0.000000e+00
    outer loop
      vertex   4.599000e+01 3.254642e+01 2.831151e+02
      vertex   4.599000e+01 3.490375e+01 2.849762e+02
      vertex   4.599000e+01 3.278654e+01 2.828498e+02
    endloop
  endfacet
  facet normal -1.000000e+00 0.000000e+00 0.000000e+00
    outer loop
      vertex   4.599000e+01 3.278654e+01 2.828498e+02
      vertex   4.599000e+01 3.490375e+01 2.849762e+02
      vertex   4.599000e+01 3.304698e+01 2.826045e+02
    endloop
  endfacet
  facet normal -1.000000e+00 0.000000e+00 0.000000e+00
    outer loop
      vertex   4.599000e+01 3.304698e+01 2.826045e+02
      vertex   4.599000e+01 3.490375e+01 2.849762e+02
      vertex   4.599000e+01 3.505337e+01 2.848364e+02
    endloop
  endfacet
  facet normal -1.000000e+00 0.000000e+00 0.000000e+00
    outer loop
      vertex   4.599000e+01 3.304698e+01 2.826045e+02
      vertex   4.599000e+01 3.505337e+01 2.848364e+02
      vertex   4.599000e+01 3.332610e+01 2.823806e+02
    endloop
  endfacet
  facet normal -1.000000e+00 0.000000e+00 0.000000e+00
    outer loop
      vertex   4.599000e+01 3.332610e+01 2.823806e+02
      vertex   4.599000e+01 3.505337e+01 2.848364e+02
      vertex   4.599000e+01 3.522062e+01 2.847184e+02
    endloop
  endfacet
  facet normal -1.000000e+00 0.000000e+00 0.000000e+00
    outer loop
      vertex   4.599000e+01 3.332610e+01 2.823806e+02
      vertex   4.599000e+01 3.522062e+01 2.847184e+02
      vertex   4.599000e+01 3.362211e+01 2.821796e+02
    endloop
  endfacet
  facet normal -1.000000e+00 0.000000e+00 0.000000e+00
    outer loop
      vertex   4.599000e+01 3.362211e+01 2.821796e+02
      vertex   4.599000e+01 3.522062e+01 2.847184e+02
      vertex   4.599000e+01 3.393316e+01 2.820027e+02
    endloop
  endfacet
  facet normal -1.000000e+00 0.000000e+00 0.000000e+00
    outer loop
      vertex   4.599000e+01 3.393316e+01 2.820027e+02
      vertex   4.599000e+01 3.522062e+01 2.847184e+02
      vertex   4.599000e+01 3.540240e+01 2.846242e+02
    endloop
  endfacet
  facet normal -1.000000e+00 0.000000e+00 0.000000e+00
    outer loop
      vertex   4.599000e+01 3.393316e+01 2.820027e+02
      vertex   4.599000e+01 3.540240e+01 2.846242e+02
      vertex   4.599000e+01 3.425728e+01 2.818512e+02
    endloop
  endfacet
  facet normal -1.000000e+00 0.000000e+00 0.000000e+00
    outer loop
      vertex   4.599000e+01 3.425728e+01 2.818512e+02
      vertex   4.599000e+01 3.540240e+01 2.846242e+02
      vertex   4.599000e+01 3.459242e+01 2.817258e+02
    endloop
  endfacet
  facet normal -1.000000e+00 0.000000e+00 0.000000e+00
    outer loop
      vertex   4.599000e+01 3.459242e+01 2.817258e+02
      vertex   4.599000e+01 3.540240e+01 2.846242e+02
      vertex   4.599000e+01 3.559531e+01 2.845556e+02
    endloop
  endfacet
  facet normal -1.000000e+00 0.000000e+00 0.000000e+00
    outer loop
      vertex   4.599000e+01 3.459242e+01 2.817258e+02
      vertex   4.599000e+01 3.559531e+01 2.845556e+02
      vertex   4.599000e+01 3.493645e+01 2.816275e+02
    endloop
  endfacet
  facet normal -1.000000e+00 0.000000e+00 0.000000e+00
    outer loop
      vertex   4.599000e+01 3.493645e+01 2.816275e+02
      vertex   4.599000e+01 3.559531e+01 2.845556e+02
      vertex   4.599000e+01 3.579575e+01 2.845140e+02
    endloop
  endfacet
  facet normal -1.000000e+00 0.000000e+00 0.000000e+00
    outer loop
      vertex   4.599000e+01 3.493645e+01 2.816275e+02
      vertex   4.599000e+01 3.579575e+01 2.845140e+02
      vertex   4.599000e+01 3.528721e+01 2.815568e+02
    endloop
  endfacet
  facet normal -1.000000e+00 0.000000e+00 0.000000e+00
    outer loop
      vertex   4.599000e+01 3.528721e+01 2.815568e+02
      vertex   4.599000e+01 3.579575e+01 2.845140e+02
      vertex   4.599000e+01 3.564247e+01 2.815142e+02
    endloop
  endfacet
  facet normal -1.000000e+00 0.000000e+00 0.000000e+00
    outer loop
      vertex   4.599000e+01 3.564247e+01 2.815142e+02
      vertex   4.599000e+01 3.579575e+01 2.845140e+02
      vertex   4.599000e+01 3.600000e+01 2.845000e+02
    endloop
  endfacet
  facet normal 0.000000e+00 -3.975652e-02 9.992094e-01
    outer loop
      vertex   4.599000e+01 3.635753e+01 2.695142e+02
      vertex   4.299000e+01 3.635753e+01 2.695142e+02
      vertex   4.599000e+01 3.600000e+01 2.695000e+02
    endloop
  endfacet
  facet normal 0.000000e+00 -3.975652e-02 9.992094e-01
    outer loop
      vertex   4.599000e+01 3.600000e+01 2.695000e+02
      vertex   4.299000e+01 3.635753e+01 2.695142e+02
      vertex   4.299000e+01 3.600000e+01 2.695000e+02
    endloop
  endfacet
  facet normal 0.000000e+00 3.975652e-02 9.992094e-01
    outer loop
      vertex   4.599000e+01 3.600000e+01 2.695000e+02
      vertex   4.299000e+01 3.600000e+01 2.695000e+02
      vertex   4.599000e+01 3.564247e+01 2.695142e+02
    endloop
  endfacet
  facet normal 0.000000e+00 3.975652e-02 9.992094e-01
    outer loop
      vertex   4.599000e+01 3.564247e+01 2.695142e+02
      vertex   4.299000e+01 3.600000e+01 2.695000e+02
      vertex   4.299000e+01 3.564247e+01 2.695142e+02
    endloop
  endfacet
  facet normal 0.000000e+00 1.190182e-01 9.928921e-01
    outer loop
      vertex   4.599000e+01 3.564247e+01 2.695142e+02
      vertex   4.299000e+01 3.564247e+01 2.695142e+02
      vertex   4.599000e+01 3.528721e+01 2.695568e+02
    endloop
  endfacet
  facet normal 0.000000e+00 1.190182e-01 9.928921e-01
    outer loop
      vertex   4.599000e+01 3.528721e+01 2.695568e+02
      vertex   4.299000e+01 3.564247e+01 2.695142e+02
      vertex   4.299000e+01 3.528721e+01 2.695568e+02
    endloop
  endfacet
  facet normal 0.000000e+00 1.975274e-01 9.802974e-01
    outer loop
      vertex   4.599000e+01 3.528721e+01 2.695568e+02
      vertex   4.299000e+01 3.528721e+01 2.695568e+02
      vertex   4.599000e+01 3.493645e+01 2.696275e+02
    endloop
  endfacet
  facet normal 0.000000e+00 1.975274e-01 9.802974e-01
    outer loop
      vertex   4.599000e+01 3.493645e+01 2.696275e+02
      vertex   4.299000e+01 3.528721e+01 2.695568e+02
      vertex   4.299000e+01 3.493645e+01 2.696275e+02
    endloop
  endfacet
  facet normal 0.000000e+00 2.747878e-01 9.615049e-01
    outer loop
      vertex   4.599000e+01 3.493645e+01 2.696275e+02
      vertex   4.299000e+01 3.493645e+01 2.696275e+02
      vertex   4.599000e+01 3.459242e+01 2.697258e+02
    endloop
  endfacet
  facet normal 0.000000e+00 2.747878e-01 9.615049e-01
    outer loop
      vertex   4.599000e+01 3.459242e+01 2.697258e+02
      vertex   4.299000e+01 3.493645e+01 2.696275e+02
      vertex   4.299000e+01 3.459242e+01 2.697258e+02
    endloop
  endfacet
  facet normal 0.000000e+00 3.503108e-01 9.366335e-01
    outer loop
      vertex   4.599000e+01 3.459242e+01 2.697258e+02
      vertex   4.299000e+01 3.459242e+01 2.697258e+02
      vertex   4.599000e+01 3.425728e+01 2.698512e+02
    endloop
  endfacet
  facet normal 0.000000e+00 3.503108e-01 9.366335e-01
    outer loop
      vertex   4.599000e+01 3.425728e+01 2.698512e+02
      vertex   4.299000e+01 3.459242e+01 2.697258e+02
      vertex   4.299000e+01 3.425728e+01 2.698512e+02
    endloop
  endfacet
  facet normal 0.000000e+00 4.236191e-01 9.058404e-01
    outer loop
      vertex   4.599000e+01 3.425728e+01 2.698512e+02
      vertex   4.299000e+01 3.425728e+01 2.698512e+02
      vertex   4.599000e+01 3.393316e+01 2.700027e+02
    endloop
  endfacet
  facet normal 0.000000e+00 4.236191e-01 9.058404e-01
    outer loop
      vertex   4.599000e+01 3.393316e+01 2.700027e+02
      vertex   4.299000e+01 3.425728e+01 2.698512e+02
      vertex   4.299000e+01 3.393316e+01 2.700027e+02
    endloop
  endfacet
  facet normal 0.000000e+00 4.942492e-01 8.693203e-01
    outer loop
      vertex   4.599000e+01 3.393316e+01 2.700027e+02
      vertex   4.299000e+01 3.393316e+01 2.700027e+02
      vertex   4.599000e+01 3.362211e+01 2.701796e+02
    endloop
  endfacet
  facet normal 0.000000e+00 4.942492e-01 8.693203e-01
    outer loop
      vertex   4.599000e+01 3.362211e+01 2.701796e+02
      vertex   4.299000e+01 3.393316e+01 2.700027e+02
      vertex   4.299000e+01 3.362211e+01 2.701796e+02
    endloop
  endfacet
  facet normal 0.000000e+00 5.617544e-01 8.273040e-01
    outer loop
      vertex   4.599000e+01 3.362211e+01 2.701796e+02
      vertex   4.299000e+01 3.362211e+01 2.701796e+02
      vertex   4.599000e+01 3.332610e+01 2.703806e+02
    endloop
  endfacet
  facet normal 0.000000e+00 5.617544e-01 8.273040e-01
    outer loop
      vertex   4.599000e+01 3.332610e+01 2.703806e+02
      vertex   4.299000e+01 3.362211e+01 2.701796e+02
      vertex   4.299000e+01 3.332610e+01 2.703806e+02
    endloop
  endfacet
  facet normal 0.000000e+00 6.257081e-01 7.800573e-01
    outer loop
      vertex   4.599000e+01 3.332610e+01 2.703806e+02
      vertex   4.299000e+01 3.332610e+01 2.703806e+02
      vertex   4.599000e+01 3.304698e+01 2.706045e+02
    endloop
  endfacet
  facet normal 0.000000e+00 6.257081e-01 7.800573e-01
    outer loop
      vertex   4.599000e+01 3.304698e+01 2.706045e+02
      vertex   4.299000e+01 3.332610e+01 2.703806e+02
      vertex   4.299000e+01 3.304698e+01 2.706045e+02
    endloop
  endfacet
  facet normal 0.000000e+00 6.857058e-01 7.278788e-01
    outer loop
      vertex   4.599000e+01 3.304698e+01 2.706045e+02
      vertex   4.299000e+01 3.304698e+01 2.706045e+02
      vertex   4.599000e+01 3.278654e+01 2.708498e+02
    endloop
  endfacet
  facet normal 0.000000e+00 6.857058e-01 7.278788e-01
    outer loop
      vertex   4.599000e+01 3.278654e+01 2.708498e+02
      vertex   4.299000e+01 3.304698e+01 2.706045e+02
      vertex   4.299000e+01 3.278654e+01 2.708498e+02
    endloop
  endfacet
  facet normal 0.000000e+00 7.413683e-01 6.710984e-01
    outer loop
      vertex   4.599000e+01 3.278654e+01 2.708498e+02
      vertex   4.299000e+01 3.278654e+01 2.708498e+02
      vertex   4.599000e+01 3.254642e+01 2.711151e+02
    endloop
  endfacet
  facet normal 0.000000e+00 7.413683e-01 6.710984e-01
    outer loop
      vertex   4.599000e+01 3.254642e+01 2.711151e+02
      vertex   4.299000e+01 3.278654e+01 2.708498e+02
      vertex   4.299000e+01 3.254642e+01 2.711151e+02
    endloop
  endfacet
  facet normal 0.000000e+00 7.923436e-01 6.100751e-01
    outer loop
      vertex   4.599000e+01 3.254642e+01 2.711151e+02
      vertex   4.299000e+01 3.254642e+01 2.711151e+02
      vertex   4.599000e+01 3.232813e+01 2.713986e+02
    endloop
  endfacet
  facet normal 0.000000e+00 7.923436e-01 6.100751e-01
    outer loop
      vertex   4.599000e+01 3.232813e+01 2.713986e+02
      vertex   4.299000e+01 3.254642e+01 2.711151e+02
      vertex   4.299000e+01 3.232813e+01 2.713986e+02
    endloop
  endfacet
  facet normal 0.000000e+00 8.383094e-01 5.451948e-01
    outer loop
      vertex   4.599000e+01 3.232813e+01 2.713986e+02
      vertex   4.299000e+01 3.232813e+01 2.713986e+02
      vertex   4.599000e+01 3.213305e+01 2.716985e+02
    endloop
  endfacet
  facet normal 0.000000e+00 8.383094e-01 5.451948e-01
    outer loop
      vertex   4.599000e+01 3.213305e+01 2.716985e+02
      vertex   4.299000e+01 3.232813e+01 2.713986e+02
      vertex   4.299000e+01 3.213305e+01 2.716985e+02
    endloop
  endfacet
  facet normal 0.000000e+00 8.789752e-01 4.768675e-01
    outer loop
      vertex   4.599000e+01 3.213305e+01 2.716985e+02
      vertex   4.299000e+01 3.213305e+01 2.716985e+02
      vertex   4.599000e+01 3.196243e+01 2.720130e+02
    endloop
  endfacet
  facet normal 0.000000e+00 8.789752e-01 4.768675e-01
    outer loop
      vertex   4.599000e+01 3.196243e+01 2.720130e+02
      vertex   4.299000e+01 3.213305e+01 2.716985e+02
      vertex   4.299000e+01 3.196243e+01 2.720130e+02
    endloop
  endfacet
  facet normal 0.000000e+00 9.140838e-01 4.055253e-01
    outer loop
      vertex   4.599000e+01 3.196243e+01 2.720130e+02
      vertex   4.299000e+01 3.196243e+01 2.720130e+02
      vertex   4.599000e+01 3.181733e+01 2.723401e+02
    endloop
  endfacet
  facet normal 0.000000e+00 9.140838e-01 4.055253e-01
    outer loop
      vertex   4.599000e+01 3.181733e+01 2.723401e+02
      vertex   4.299000e+01 3.196243e+01 2.720130e+02
      vertex   4.299000e+01 3.181733e+01 2.723401e+02
    endloop
  endfacet
  facet normal 0.000000e+00 9.434133e-01 3.316193e-01
    outer loop
      vertex   4.599000e+01 3.181733e+01 2.723401e+02
      vertex   4.299000e+01 3.181733e+01 2.723401e+02
      vertex   4.599000e+01 3.169867e+01 2.726777e+02
    endloop
  endfacet
  facet normal 0.000000e+00 9.434133e-01 3.316193e-01
    outer loop
      vertex   4.599000e+01 3.169867e+01 2.726777e+02
      vertex   4.299000e+01 3.181733e+01 2.723401e+02
      vertex   4.299000e+01 3.169867e+01 2.726777e+02
    endloop
  endfacet
  facet normal 0.000000e+00 9.667782e-01 2.556166e-01
    outer loop
      vertex   4.599000e+01 3.169867e+01 2.726777e+02
      vertex   4.299000e+01 3.169867e+01 2.726777e+02
      vertex   4.599000e+01 3.160721e+01 2.730236e+02
    endloop
  endfacet
  facet normal 0.000000e+00 9.667782e-01 2.556166e-01
    outer loop
      vertex   4.599000e+01 3.160721e+01 2.730236e+02
      vertex   4.299000e+01 3.169867e+01 2.726777e+02
      vertex   4.299000e+01 3.160721e+01 2.730236e+02
    endloop
  endfacet
  facet normal 0.000000e+00 9.840309e-01 1.779979e-01
    outer loop
      vertex   4.599000e+01 3.160721e+01 2.730236e+02
      vertex   4.299000e+01 3.160721e+01 2.730236e+02
      vertex   4.599000e+01 3.154352e+01 2.733757e+02
    endloop
  endfacet
  facet normal 0.000000e+00 9.840309e-01 1.779979e-01
    outer loop
      vertex   4.599000e+01 3.154352e+01 2.733757e+02
      vertex   4.299000e+01 3.160721e+01 2.730236e+02
      vertex   4.299000e+01 3.154352e+01 2.733757e+02
    endloop
  endfacet
  facet normal 0.000000e+00 9.950622e-01 9.925380e-02
    outer loop
      vertex   4.599000e+01 3.154352e+01 2.733757e+02
      vertex   4.299000e+01 3.154352e+01 2.733757e+02
      vertex   4.599000e+01 3.150800e+01 2.737317e+02
    endloop
  endfacet
  facet normal 0.000000e+00 9.950622e-01 9.925380e-02
    outer loop
      vertex   4.599000e+01 3.150800e+01 2.737317e+02
      vertex   4.299000e+01 3.154352e+01 2.733757e+02
      vertex   4.299000e+01 3.150800e+01 2.737317e+02
    endloop
  endfacet
  facet normal 0.000000e+00 9.998023e-01 1.988219e-02
    outer loop
      vertex   4.599000e+01 3.150800e+01 2.737317e+02
      vertex   4.299000e+01 3.150800e+01 2.737317e+02
      vertex   4.599000e+01 3.150089e+01 2.740895e+02
    endloop
  endfacet
  facet normal 0.000000e+00 9.998023e-01 1.988219e-02
    outer loop
      vertex   4.599000e+01 3.150089e+01 2.740895e+02
      vertex   4.299000e+01 3.150800e+01 2.737317e+02
      vertex   4.299000e+01 3.150089e+01 2.740895e+02
    endloop
  endfacet
  facet normal 0.000000e+00 9.982214e-01 -5.961513e-02
    outer loop
      vertex   4.599000e+01 3.150089e+01 2.740895e+02
      vertex   4.299000e+01 3.150089e+01 2.740895e+02
      vertex   4.599000e+01 3.152222e+01 2.744466e+02
    endloop
  endfacet
  facet normal 0.000000e+00 9.982214e-01 -5.961513e-02
    outer loop
      vertex   4.599000e+01 3.152222e+01 2.744466e+02
      vertex   4.299000e+01 3.150089e+01 2.740895e+02
      vertex   4.299000e+01 3.152222e+01 2.744466e+02
    endloop
  endfacet
  facet normal 0.000000e+00 9.903295e-01 -1.387355e-01
    outer loop
      vertex   4.599000e+01 3.152222e+01 2.744466e+02
      vertex   4.299000e+01 3.152222e+01 2.744466e+02
      vertex   4.599000e+01 3.157186e+01 2.748010e+02
    endloop
  endfacet
  facet normal 0.000000e+00 9.903295e-01 -1.387355e-01
    outer loop
      vertex   4.599000e+01 3.157186e+01 2.748010e+02
      vertex   4.299000e+01 3.152222e+01 2.744466e+02
      vertex   4.299000e+01 3.157186e+01 2.748010e+02
    endloop
  endfacet
  facet normal 0.000000e+00 9.761763e-01 -2.169788e-01
    outer loop
      vertex   4.599000e+01 3.157186e+01 2.748010e+02
      vertex   4.299000e+01 3.157186e+01 2.748010e+02
      vertex   4.599000e+01 3.164950e+01 2.751503e+02
    endloop
  endfacet
  facet normal 0.000000e+00 9.761763e-01 -2.169788e-01
    outer loop
      vertex   4.599000e+01 3.164950e+01 2.751503e+02
      vertex   4.299000e+01 3.157186e+01 2.748010e+02
      vertex   4.299000e+01 3.164950e+01 2.751503e+02
    endloop
  endfacet
  facet normal 0.000000e+00 9.558515e-01 -2.938503e-01
    outer loop
      vertex   4.599000e+01 3.164950e+01 2.751503e+02
      vertex   4.299000e+01 3.164950e+01 2.751503e+02
      vertex   4.599000e+01 3.175464e+01 2.754923e+02
    endloop
  endfacet
  facet normal 0.000000e+00 9.558515e-01 -2.938503e-01
    outer loop
      vertex   4.599000e+01 3.175464e+01 2.754923e+02
      vertex   4.299000e+01 3.164950e+01 2.751503e+02
      vertex   4.299000e+01 3.175464e+01 2.754923e+02
    endloop
  endfacet
  facet normal 0.000000e+00 9.294834e-01 -3.688639e-01
    outer loop
      vertex   4.599000e+01 3.175464e+01 2.754923e+02
      vertex   4.299000e+01 3.175464e+01 2.754923e+02
      vertex   4.599000e+01 3.188662e+01 2.758249e+02
    endloop
  endfacet
  facet normal 0.000000e+00 9.294834e-01 -3.688639e-01
    outer loop
      vertex   4.599000e+01 3.188662e+01 2.758249e+02
      vertex   4.299000e+01 3.175464e+01 2.754923e+02
      vertex   4.299000e+01 3.188662e+01 2.758249e+02
    endloop
  endfacet
  facet normal 0.000000e+00 8.972389e-01 -4.415455e-01
    outer loop
      vertex   4.599000e+01 3.188662e+01 2.758249e+02
      vertex   4.299000e+01 3.188662e+01 2.758249e+02
      vertex   4.599000e+01 3.204461e+01 2.761459e+02
    endloop
  endfacet
  facet normal 0.000000e+00 8.972389e-01 -4.415455e-01
    outer loop
      vertex   4.599000e+01 3.204461e+01 2.761459e+02
      vertex   4.299000e+01 3.188662e+01 2.758249e+02
      vertex   4.299000e+01 3.204461e+01 2.761459e+02
    endloop
  endfacet
  facet normal 0.000000e+00 8.593217e-01 -5.114355e-01
    outer loop
      vertex   4.599000e+01 3.204461e+01 2.761459e+02
      vertex   4.299000e+01 3.204461e+01 2.761459e+02
      vertex   4.599000e+01 3.222761e+01 2.764534e+02
    endloop
  endfacet
  facet normal 0.000000e+00 8.593217e-01 -5.114355e-01
    outer loop
      vertex   4.599000e+01 3.222761e+01 2.764534e+02
      vertex   4.299000e+01 3.204461e+01 2.761459e+02
      vertex   4.299000e+01 3.222761e+01 2.764534e+02
    endloop
  endfacet
  facet normal 0.000000e+00 8.159716e-01 -5.780920e-01
    outer loop
      vertex   4.599000e+01 3.222761e+01 2.764534e+02
      vertex   4.299000e+01 3.222761e+01 2.764534e+02
      vertex   4.599000e+01 3.243445e+01 2.767453e+02
    endloop
  endfacet
  facet normal 0.000000e+00 8.159716e-01 -5.780920e-01
    outer loop
      vertex   4.599000e+01 3.243445e+01 2.767453e+02
      vertex   4.299000e+01 3.222761e+01 2.764534e+02
      vertex   4.299000e+01 3.243445e+01 2.767453e+02
    endloop
  endfacet
  facet normal 0.000000e+00 7.674627e-01 -6.410936e-01
    outer loop
      vertex   4.599000e+01 3.243445e+01 2.767453e+02
      vertex   4.299000e+01 3.243445e+01 2.767453e+02
      vertex   4.599000e+01 3.266384e+01 2.770199e+02
    endloop
  endfacet
  facet normal 0.000000e+00 7.674627e-01 -6.410936e-01
    outer loop
      vertex   4.599000e+01 3.266384e+01 2.770199e+02
      vertex   4.299000e+01 3.243445e+01 2.767453e+02
      vertex   4.299000e+01 3.266384e+01 2.770199e+02
    endloop
  endfacet
  facet normal 0.000000e+00 7.141016e-01 -7.000421e-01
    outer loop
      vertex   4.599000e+01 3.266384e+01 2.770199e+02
      vertex   4.299000e+01 3.266384e+01 2.770199e+02
      vertex   4.599000e+01 3.291432e+01 2.772755e+02
    endloop
  endfacet
  facet normal 0.000000e+00 7.141016e-01 -7.000421e-01
    outer loop
      vertex   4.599000e+01 3.291432e+01 2.772755e+02
      vertex   4.299000e+01 3.266384e+01 2.770199e+02
      vertex   4.299000e+01 3.291432e+01 2.772755e+02
    endloop
  endfacet
  facet normal 0.000000e+00 6.562257e-01 -7.545646e-01
    outer loop
      vertex   4.599000e+01 3.291432e+01 2.772755e+02
      vertex   4.299000e+01 3.291432e+01 2.772755e+02
      vertex   4.599000e+01 3.318431e+01 2.775103e+02
    endloop
  endfacet
  facet normal 0.000000e+00 6.562257e-01 -7.545646e-01
    outer loop
      vertex   4.599000e+01 3.318431e+01 2.775103e+02
      vertex   4.299000e+01 3.291432e+01 2.772755e+02
      vertex   4.299000e+01 3.318431e+01 2.775103e+02
    endloop
  endfacet
  facet normal 0.000000e+00 5.942010e-01 -8.043166e-01
    outer loop
      vertex   4.599000e+01 3.318431e+01 2.775103e+02
      vertex   4.299000e+01 3.318431e+01 2.775103e+02
      vertex   4.599000e+01 3.347211e+01 2.777229e+02
    endloop
  endfacet
  facet normal 0.000000e+00 5.942010e-01 -8.043166e-01
    outer loop
      vertex   4.599000e+01 3.347211e+01 2.777229e+02
      vertex   4.299000e+01 3.318431e+01 2.775103e+02
      vertex   4.299000e+01 3.347211e+01 2.777229e+02
    endloop
  endfacet
  facet normal 0.000000e+00 5.284196e-01 -8.489834e-01
    outer loop
      vertex   4.599000e+01 3.347211e+01 2.777229e+02
      vertex   4.299000e+01 3.347211e+01 2.777229e+02
      vertex   4.599000e+01 3.377588e+01 2.779119e+02
    endloop
  endfacet
  facet normal 0.000000e+00 5.284196e-01 -8.489834e-01
    outer loop
      vertex   4.599000e+01 3.377588e+01 2.779119e+02
      vertex   4.299000e+01 3.347211e+01 2.777229e+02
      vertex   4.299000e+01 3.377588e+01 2.779119e+02
    endloop
  endfacet
  facet normal 0.000000e+00 4.592973e-01 -8.882826e-01
    outer loop
      vertex   4.599000e+01 3.377588e+01 2.779119e+02
      vertex   4.299000e+01 3.377588e+01 2.779119e+02
      vertex   4.599000e+01 3.409371e+01 2.780763e+02
    endloop
  endfacet
  facet normal 0.000000e+00 4.592973e-01 -8.882826e-01
    outer loop
      vertex   4.599000e+01 3.409371e+01 2.780763e+02
      vertex   4.299000e+01 3.377588e+01 2.779119e+02
      vertex   4.299000e+01 3.409371e+01 2.780763e+02
    endloop
  endfacet
  facet normal 0.000000e+00 3.872712e-01 -9.219659e-01
    outer loop
      vertex   4.599000e+01 3.409371e+01 2.780763e+02
      vertex   4.299000e+01 3.409371e+01 2.780763e+02
      vertex   4.599000e+01 3.442360e+01 2.782149e+02
    endloop
  endfacet
  facet normal 0.000000e+00 3.872712e-01 -9.219659e-01
    outer loop
      vertex   4.599000e+01 3.442360e+01 2.782149e+02
      vertex   4.299000e+01 3.409371e+01 2.780763e+02
      vertex   4.299000e+01 3.442360e+01 2.782149e+02
    endloop
  endfacet
  facet normal 0.000000e+00 3.127966e-01 -9.498201e-01
    outer loop
      vertex   4.599000e+01 3.442360e+01 2.782149e+02
      vertex   4.299000e+01 3.442360e+01 2.782149e+02
      vertex   4.599000e+01 3.476346e+01 2.783268e+02
    endloop
  endfacet
  facet normal 0.000000e+00 3.127966e-01 -9.498201e-01
    outer loop
      vertex   4.599000e+01 3.476346e+01 2.783268e+02
      vertex   4.299000e+01 3.442360e+01 2.782149e+02
      vertex   4.299000e+01 3.476346e+01 2.783268e+02
    endloop
  endfacet
  facet normal 0.000000e+00 2.363444e-01 -9.716693e-01
    outer loop
      vertex   4.599000e+01 3.476346e+01 2.783268e+02
      vertex   4.299000e+01 3.476346e+01 2.783268e+02
      vertex   4.599000e+01 3.511113e+01 2.784113e+02
    endloop
  endfacet
  facet normal 0.000000e+00 2.363444e-01 -9.716693e-01
    outer loop
      vertex   4.599000e+01 3.511113e+01 2.784113e+02
      vertex   4.299000e+01 3.476346e+01 2.783268e+02
      vertex   4.299000e+01 3.511113e+01 2.784113e+02
    endloop
  endfacet
  facet normal 0.000000e+00 1.583980e-01 -9.873753e-01
    outer loop
      vertex   4.599000e+01 3.511113e+01 2.784113e+02
      vertex   4.299000e+01 3.511113e+01 2.784113e+02
      vertex   4.599000e+01 3.546442e+01 2.784680e+02
    endloop
  endfacet
  facet normal 0.000000e+00 1.583980e-01 -9.873753e-01
    outer loop
      vertex   4.599000e+01 3.546442e+01 2.784680e+02
      vertex   4.299000e+01 3.511113e+01 2.784113e+02
      vertex   4.299000e+01 3.546442e+01 2.784680e+02
    endloop
  endfacet
  facet normal 0.000000e+00 7.945017e-02 -9.968388e-01
    outer loop
      vertex   4.599000e+01 3.546442e+01 2.784680e+02
      vertex   4.299000e+01 3.546442e+01 2.784680e+02
      vertex   4.599000e+01 3.582110e+01 2.784964e+02
    endloop
  endfacet
  facet normal 0.000000e+00 7.945017e-02 -9.968388e-01
    outer loop
      vertex   4.599000e+01 3.582110e+01 2.784964e+02
      vertex   4.299000e+01 3.546442e+01 2.784680e+02
      vertex   4.299000e+01 3.582110e+01 2.784964e+02
    endloop
  endfacet
  facet normal 0.000000e+00 0.000000e+00 -1.000000e+00
    outer loop
      vertex   4.599000e+01 3.582110e+01 2.784964e+02
      vertex   4.299000e+01 3.582110e+01 2.784964e+02
      vertex   4.599000e+01 3.617890e+01 2.784964e+02
    endloop
  endfacet
  facet normal -0.000000e+00 0.000000e+00 -1.000000e+00
    outer loop
      vertex   4.599000e+01 3.617890e+01 2.784964e+02
      vertex   4.299000e+01 3.582110e+01 2.784964e+02
      vertex   4.299000e+01 3.617890e+01 2.784964e+02
    endloop
  endfacet
  facet normal -0.000000e+00 -7.945017e-02 -9.968388e-01
    outer loop
      vertex   4.599000e+01 3.617890e+01 2.784964e+02
      vertex   4.299000e+01 3.617890e+01 2.784964e+02
      vertex   4.599000e+01 3.653558e+01 2.784680e+02
    endloop
  endfacet
  facet normal -0.000000e+00 -7.945017e-02 -9.968388e-01
    outer loop
      vertex   4.599000e+01 3.653558e+01 2.784680e+02
      vertex   4.299000e+01 3.617890e+01 2.784964e+02
      vertex   4.299000e+01 3.653558e+01 2.784680e+02
    endloop
  endfacet
  facet normal -0.000000e+00 -1.583980e-01 -9.873753e-01
    outer loop
      vertex   4.599000e+01 3.653558e+01 2.784680e+02
      vertex   4.299000e+01 3.653558e+01 2.784680e+02
      vertex   4.599000e+01 3.688887e+01 2.784113e+02
    endloop
  endfacet
  facet normal -0.000000e+00 -1.583980e-01 -9.873753e-01
    outer loop
      vertex   4.599000e+01 3.688887e+01 2.784113e+02
      vertex   4.299000e+01 3.653558e+01 2.784680e+02
      vertex   4.299000e+01 3.688887e+01 2.784113e+02
    endloop
  endfacet
  facet normal -0.000000e+00 -2.363444e-01 -9.716693e-01
    outer loop
      vertex   4.599000e+01 3.688887e+01 2.784113e+02
      vertex   4.299000e+01 3.688887e+01 2.784113e+02
      vertex   4.599000e+01 3.723655e+01 2.783268e+02
    endloop
  endfacet
  facet normal -0.000000e+00 -2.363444e-01 -9.716693e-01
    outer loop
      vertex   4.599000e+01 3.723655e+01 2.783268e+02
      vertex   4.299000e+01 3.688887e+01 2.784113e+02
      vertex   4.299000e+01 3.723655e+01 2.783268e+02
    endloop
  endfacet
  facet normal -0.000000e+00 -3.127966e-01 -9.498201e-01
    outer loop
      vertex   4.599000e+01 3.723655e+01 2.783268e+02
      vertex   4.299000e+01 3.723655e+01 2.783268e+02
      vertex   4.599000e+01 3.757640e+01 2.782149e+02
    endloop
  endfacet
  facet normal -0.000000e+00 -3.127966e-01 -9.498201e-01
    outer loop
      vertex   4.599000e+01 3.757640e+01 2.782149e+02
      vertex   4.299000e+01 3.723655e+01 2.783268e+02
      vertex   4.299000e+01 3.757640e+01 2.782149e+02
    endloop
  endfacet
  facet normal -0.000000e+00 -3.872712e-01 -9.219659e-01
    outer loop
      vertex   4.599000e+01 3.757640e+01 2.782149e+02
      vertex   4.299000e+01 3.757640e+01 2.782149e+02
      vertex   4.599000e+01 3.790629e+01 2.780763e+02
    endloop
  endfacet
  facet normal -0.000000e+00 -3.872712e-01 -9.219659e-01
    outer loop
      vertex   4.599000e+01 3.790629e+01 2.780763e+02
      vertex   4.299000e+01 3.757640e+01 2.782149e+02
      vertex   4.299000e+01 3.790629e+01 2.780763e+02
    endloop
  endfacet
  facet normal -0.000000e+00 -4.592973e-01 -8.882826e-01
    outer loop
      vertex   4.599000e+01 3.790629e+01 2.780763e+02
      vertex   4.299000e+01 3.790629e+01 2.780763e+02
      vertex   4.599000e+01 3.822412e+01 2.779119e+02
    endloop
  endfacet
  facet normal -0.000000e+00 -4.592973e-01 -8.882826e-01
    outer loop
      vertex   4.599000e+01 3.822412e+01 2.779119e+02
      vertex   4.299000e+01 3.790629e+01 2.780763e+02
      vertex   4.299000e+01 3.822412e+01 2.779119e+02
    endloop
  endfacet
  facet normal -0.000000e+00 -5.284196e-01 -8.489834e-01
    outer loop
      vertex   4.599000e+01 3.822412e+01 2.779119e+02
      vertex   4.299000e+01 3.822412e+01 2.779119e+02
      vertex   4.599000e+01 3.852790e+01 2.777229e+02
    endloop
  endfacet
  facet normal -0.000000e+00 -5.284196e-01 -8.489834e-01
    outer loop
      vertex   4.599000e+01 3.852790e+01 2.777229e+02
      vertex   4.299000e+01 3.822412e+01 2.779119e+02
      vertex   4.299000e+01 3.852790e+01 2.777229e+02
    endloop
  endfacet
  facet normal -0.000000e+00 -5.942010e-01 -8.043166e-01
    outer loop
      vertex   4.599000e+01 3.852790e+01 2.777229e+02
      vertex   4.299000e+01 3.852790e+01 2.777229e+02
      vertex   4.599000e+01 3.881569e+01 2.775103e+02
    endloop
  endfacet
  facet normal -0.000000e+00 -5.942010e-01 -8.043166e-01
    outer loop
      vertex   4.599000e+01 3.881569e+01 2.775103e+02
      vertex   4.299000e+01 3.852790e+01 2.777229e+02
      vertex   4.299000e+01 3.881569e+01 2.775103e+02
    endloop
  endfacet
  facet normal -0.000000e+00 -6.562257e-01 -7.545646e-01
    outer loop
      vertex   4.599000e+01 3.881569e+01 2.775103e+02
      vertex   4.299000e+01 3.881569e+01 2.775103e+02
      vertex   4.599000e+01 3.908568e+01 2.772755e+02
    endloop
  endfacet
  facet normal -0.000000e+00 -6.562257e-01 -7.545646e-01
    outer loop
      vertex   4.599000e+01 3.908568e+01 2.772755e+02
      vertex   4.299000e+01 3.881569e+01 2.775103e+02
      vertex   4.299000e+01 3.908568e+01 2.772755e+02
    endloop
  endfacet
  facet normal -0.000000e+00 -7.141016e-01 -7.000421e-01
    outer loop
      vertex   4.599000e+01 3.908568e+01 2.772755e+02
      vertex   4.299000e+01 3.908568e+01 2.772755e+02
      vertex   4.599000e+01 3.933616e+01 2.770199e+02
    endloop
  endfacet
  facet normal -0.000000e+00 -7.141016e-01 -7.000421e-01
    outer loop
      vertex   4.599000e+01 3.933616e+01 2.770199e+02
      vertex   4.299000e+01 3.908568e+01 2.772755e+02
      vertex   4.299000e+01 3.933616e+01 2.770199e+02
    endloop
  endfacet
  facet normal -0.000000e+00 -7.674627e-01 -6.410936e-01
    outer loop
      vertex   4.599000e+01 3.933616e+01 2.770199e+02
      vertex   4.299000e+01 3.933616e+01 2.770199e+02
      vertex   4.599000e+01 3.956555e+01 2.767453e+02
    endloop
  endfacet
  facet normal -0.000000e+00 -7.674627e-01 -6.410936e-01
    outer loop
      vertex   4.599000e+01 3.956555e+01 2.767453e+02
      vertex   4.299000e+01 3.933616e+01 2.770199e+02
      vertex   4.299000e+01 3.956555e+01 2.767453e+02
    endloop
  endfacet
  facet normal -0.000000e+00 -8.159716e-01 -5.780920e-01
    outer loop
      vertex   4.599000e+01 3.956555e+01 2.767453e+02
      vertex   4.299000e+01 3.956555e+01 2.767453e+02
      vertex   4.599000e+01 3.977239e+01 2.764534e+02
    endloop
  endfacet
  facet normal -0.000000e+00 -8.159716e-01 -5.780920e-01
    outer loop
      vertex   4.599000e+01 3.977239e+01 2.764534e+02
      vertex   4.299000e+01 3.956555e+01 2.767453e+02
      vertex   4.299000e+01 3.977239e+01 2.764534e+02
    endloop
  endfacet
  facet normal -0.000000e+00 -8.593217e-01 -5.114355e-01
    outer loop
      vertex   4.599000e+01 3.977239e+01 2.764534e+02
      vertex   4.299000e+01 3.977239e+01 2.764534e+02
      vertex   4.599000e+01 3.995539e+01 2.761459e+02
    endloop
  endfacet
  facet normal -0.000000e+00 -8.593217e-01 -5.114355e-01
    outer loop
      vertex   4.599000e+01 3.995539e+01 2.761459e+02
      vertex   4.299000e+01 3.977239e+01 2.764534e+02
      vertex   4.299000e+01 3.995539e+01 2.761459e+02
    endloop
  endfacet
  facet normal -0.000000e+00 -8.972389e-01 -4.415455e-01
    outer loop
      vertex   4.599000e+01 3.995539e+01 2.761459e+02
      vertex   4.299000e+01 3.995539e+01 2.761459e+02
      vertex   4.599000e+01 4.011338e+01 2.758249e+02
    endloop
  endfacet
  facet normal -0.000000e+00 -8.972389e-01 -4.415455e-01
    outer loop
      vertex   4.599000e+01 4.011338e+01 2.758249e+02
      vertex   4.299000e+01 3.995539e+01 2.761459e+02
      vertex   4.299000e+01 4.011338e+01 2.758249e+02
    endloop
  endfacet
  facet normal -0.000000e+00 -9.294834e-01 -3.688639e-01
    outer loop
      vertex   4.599000e+01 4.011338e+01 2.758249e+02
      vertex   4.299000e+01 4.011338e+01 2.758249e+02
      vertex   4.599000e+01 4.024536e+01 2.754923e+02
    endloop
  endfacet
  facet normal -0.000000e+00 -9.294834e-01 -3.688639e-01
    outer loop
      vertex   4.599000e+01 4.024536e+01 2.754923e+02
      vertex   4.299000e+01 4.011338e+01 2.758249e+02
      vertex   4.299000e+01 4.024536e+01 2.754923e+02
    endloop
  endfacet
  facet normal -0.000000e+00 -9.558515e-01 -2.938503e-01
    outer loop
      vertex   4.599000e+01 4.024536e+01 2.754923e+02
      vertex   4.299000e+01 4.024536e+01 2.754923e+02
      vertex   4.599000e+01 4.035050e+01 2.751503e+02
    endloop
  endfacet
  facet normal -0.000000e+00 -9.558515e-01 -2.938503e-01
    outer loop
      vertex   4.599000e+01 4.035050e+01 2.751503e+02
      vertex   4.299000e+01 4.024536e+01 2.754923e+02
      vertex   4.299000e+01 4.035050e+01 2.751503e+02
    endloop
  endfacet
  facet normal -0.000000e+00 -9.761763e-01 -2.169788e-01
    outer loop
      vertex   4.599000e+01 4.035050e+01 2.751503e+02
      vertex   4.299000e+01 4.035050e+01 2.751503e+02
      vertex   4.599000e+01 4.042814e+01 2.748010e+02
    endloop
  endfacet
  facet normal -0.000000e+00 -9.761763e-01 -2.169788e-01
    outer loop
      vertex   4.599000e+01 4.042814e+01 2.748010e+02
      vertex   4.299000e+01 4.035050e+01 2.751503e+02
      vertex   4.299000e+01 4.042814e+01 2.748010e+02
    endloop
  endfacet
  facet normal -0.000000e+00 -9.903295e-01 -1.387355e-01
    outer loop
      vertex   4.599000e+01 4.042814e+01 2.748010e+02
      vertex   4.299000e+01 4.042814e+01 2.748010e+02
      vertex   4.599000e+01 4.047778e+01 2.744466e+02
    endloop
  endfacet
  facet normal -0.000000e+00 -9.903295e-01 -1.387355e-01
    outer loop
      vertex   4.599000e+01 4.047778e+01 2.744466e+02
      vertex   4.299000e+01 4.042814e+01 2.748010e+02
      vertex   4.299000e+01 4.047778e+01 2.744466e+02
    endloop
  endfacet
  facet normal -0.000000e+00 -9.982214e-01 -5.961513e-02
    outer loop
      vertex   4.599000e+01 4.047778e+01 2.744466e+02
      vertex   4.299000e+01 4.047778e+01 2.744466e+02
      vertex   4.599000e+01 4.049911e+01 2.740895e+02
    endloop
  endfacet
  facet normal -0.000000e+00 -9.982214e-01 -5.961513e-02
    outer loop
      vertex   4.599000e+01 4.049911e+01 2.740895e+02
      vertex   4.299000e+01 4.047778e+01 2.744466e+02
      vertex   4.299000e+01 4.049911e+01 2.740895e+02
    endloop
  endfacet
  facet normal 0.000000e+00 -9.998023e-01 1.988219e-02
    outer loop
      vertex   4.599000e+01 4.049911e+01 2.740895e+02
      vertex   4.299000e+01 4.049911e+01 2.740895e+02
      vertex   4.599000e+01 4.049200e+01 2.737317e+02
    endloop
  endfacet
  facet normal 0.000000e+00 -9.998023e-01 1.988219e-02
    outer loop
      vertex   4.599000e+01 4.049200e+01 2.737317e+02
      vertex   4.299000e+01 4.049911e+01 2.740895e+02
      vertex   4.299000e+01 4.049200e+01 2.737317e+02
    endloop
  endfacet
  facet normal 0.000000e+00 -9.950622e-01 9.925380e-02
    outer loop
      vertex   4.599000e+01 4.049200e+01 2.737317e+02
      vertex   4.299000e+01 4.049200e+01 2.737317e+02
      vertex   4.599000e+01 4.045648e+01 2.733757e+02
    endloop
  endfacet
  facet normal 0.000000e+00 -9.950622e-01 9.925380e-02
    outer loop
      vertex   4.599000e+01 4.045648e+01 2.733757e+02
      vertex   4.299000e+01 4.049200e+01 2.737317e+02
      vertex   4.299000e+01 4.045648e+01 2.733757e+02
    endloop
  endfacet
  facet normal 0.000000e+00 -9.840309e-01 1.779979e-01
    outer loop
      vertex   4.599000e+01 4.045648e+01 2.733757e+02
      vertex   4.299000e+01 4.045648e+01 2.733757e+02
      vertex   4.599000e+01 4.039279e+01 2.730236e+02
    endloop
  endfacet
  facet normal 0.000000e+00 -9.840309e-01 1.779979e-01
    outer loop
      vertex   4.599000e+01 4.039279e+01 2.730236e+02
      vertex   4.299000e+01 4.045648e+01 2.733757e+02
      vertex   4.299000e+01 4.039279e+01 2.730236e+02
    endloop
  endfacet
  facet normal 0.000000e+00 -9.667782e-01 2.556166e-01
    outer loop
      vertex   4.599000e+01 4.039279e+01 2.730236e+02
      vertex   4.299000e+01 4.039279e+01 2.730236e+02
      vertex   4.599000e+01 4.030133e+01 2.726777e+02
    endloop
  endfacet
  facet normal 0.000000e+00 -9.667782e-01 2.556166e-01
    outer loop
      vertex   4.599000e+01 4.030133e+01 2.726777e+02
      vertex   4.299000e+01 4.039279e+01 2.730236e+02
      vertex   4.299000e+01 4.030133e+01 2.726777e+02
    endloop
  endfacet
  facet normal 0.000000e+00 -9.434133e-01 3.316193e-01
    outer loop
      vertex   4.599000e+01 4.030133e+01 2.726777e+02
      vertex   4.299000e+01 4.030133e+01 2.726777e+02
      vertex   4.599000e+01 4.018268e+01 2.723401e+02
    endloop
  endfacet
  facet normal 0.000000e+00 -9.434133e-01 3.316193e-01
    outer loop
      vertex   4.599000e+01 4.018268e+01 2.723401e+02
      vertex   4.299000e+01 4.030133e+01 2.726777e+02
      vertex   4.299000e+01 4.018268e+01 2.723401e+02
    endloop
  endfacet
  facet normal 0.000000e+00 -9.140838e-01 4.055253e-01
    outer loop
      vertex   4.599000e+01 4.018268e+01 2.723401e+02
      vertex   4.299000e+01 4.018268e+01 2.723401e+02
      vertex   4.599000e+01 4.003758e+01 2.720130e+02
    endloop
  endfacet
  facet normal 0.000000e+00 -9.140838e-01 4.055253e-01
    outer loop
      vertex   4.599000e+01 4.003758e+01 2.720130e+02
      vertex   4.299000e+01 4.018268e+01 2.723401e+02
      vertex   4.299000e+01 4.003758e+01 2.720130e+02
    endloop
  endfacet
  facet normal 0.000000e+00 -8.789752e-01 4.768675e-01
    outer loop
      vertex   4.599000e+01 4.003758e+01 2.720130e+02
      vertex   4.299000e+01 4.003758e+01 2.720130e+02
      vertex   4.599000e+01 3.986695e+01 2.716985e+02
    endloop
  endfacet
  facet normal 0.000000e+00 -8.789752e-01 4.768675e-01
    outer loop
      vertex   4.599000e+01 3.986695e+01 2.716985e+02
      vertex   4.299000e+01 4.003758e+01 2.720130e+02
      vertex   4.299000e+01 3.986695e+01 2.716985e+02
    endloop
  endfacet
  facet normal 0.000000e+00 -8.383094e-01 5.451948e-01
    outer loop
      vertex   4.599000e+01 3.986695e+01 2.716985e+02
      vertex   4.299000e+01 3.986695e+01 2.716985e+02
      vertex   4.599000e+01 3.967187e+01 2.713986e+02
    endloop
  endfacet
  facet normal 0.000000e+00 -8.383094e-01 5.451948e-01
    outer loop
      vertex   4.599000e+01 3.967187e+01 2.713986e+02
      vertex   4.299000e+01 3.986695e+01 2.716985e+02
      vertex   4.299000e+01 3.967187e+01 2.713986e+02
    endloop
  endfacet
  facet normal 0.000000e+00 -7.923436e-01 6.100751e-01
    outer loop
      vertex   4.599000e+01 3.967187e+01 2.713986e+02
      vertex   4.299000e+01 3.967187e+01 2.713986e+02
      vertex   4.599000e+01 3.945358e+01 2.711151e+02
    endloop
  endfacet
  facet normal 0.000000e+00 -7.923436e-01 6.100751e-01
    outer loop
      vertex   4.599000e+01 3.945358e+01 2.711151e+02
      vertex   4.299000e+01 3.967187e+01 2.713986e+02
      vertex   4.299000e+01 3.945358e+01 2.711151e+02
    endloop
  endfacet
  facet normal 0.000000e+00 -7.413683e-01 6.710984e-01
    outer loop
      vertex   4.599000e+01 3.945358e+01 2.711151e+02
      vertex   4.299000e+01 3.945358e+01 2.711151e+02
      vertex   4.599000e+01 3.921346e+01 2.708498e+02
    endloop
  endfacet
  facet normal 0.000000e+00 -7.413683e-01 6.710984e-01
    outer loop
      vertex   4.599000e+01 3.921346e+01 2.708498e+02
      vertex   4.299000e+01 3.945358e+01 2.711151e+02
      vertex   4.299000e+01 3.921346e+01 2.708498e+02
    endloop
  endfacet
  facet normal 0.000000e+00 -6.857058e-01 7.278788e-01
    outer loop
      vertex   4.599000e+01 3.921346e+01 2.708498e+02
      vertex   4.299000e+01 3.921346e+01 2.708498e+02
      vertex   4.599000e+01 3.895302e+01 2.706045e+02
    endloop
  endfacet
  facet normal 0.000000e+00 -6.857058e-01 7.278788e-01
    outer loop
      vertex   4.599000e+01 3.895302e+01 2.706045e+02
      vertex   4.299000e+01 3.921346e+01 2.708498e+02
      vertex   4.299000e+01 3.895302e+01 2.706045e+02
    endloop
  endfacet
  facet normal 0.000000e+00 -6.257081e-01 7.800573e-01
    outer loop
      vertex   4.599000e+01 3.895302e+01 2.706045e+02
      vertex   4.299000e+01 3.895302e+01 2.706045e+02
      vertex   4.599000e+01 3.867391e+01 2.703806e+02
    endloop
  endfacet
  facet normal 0.000000e+00 -6.257081e-01 7.800573e-01
    outer loop
      vertex   4.599000e+01 3.867391e+01 2.703806e+02
      vertex   4.299000e+01 3.895302e+01 2.706045e+02
      vertex   4.299000e+01 3.867391e+01 2.703806e+02
    endloop
  endfacet
  facet normal 0.000000e+00 -5.617544e-01 8.273040e-01
    outer loop
      vertex   4.599000e+01 3.867391e+01 2.703806e+02
      vertex   4.299000e+01 3.867391e+01 2.703806e+02
      vertex   4.599000e+01 3.837789e+01 2.701796e+02
    endloop
  endfacet
  facet normal 0.000000e+00 -5.617544e-01 8.273040e-01
    outer loop
      vertex   4.599000e+01 3.837789e+01 2.701796e+02
      vertex   4.299000e+01 3.867391e+01 2.703806e+02
      vertex   4.299000e+01 3.837789e+01 2.701796e+02
    endloop
  endfacet
  facet normal 0.000000e+00 -4.942492e-01 8.693203e-01
    outer loop
      vertex   4.599000e+01 3.837789e+01 2.701796e+02
      vertex   4.299000e+01 3.837789e+01 2.701796e+02
      vertex   4.599000e+01 3.806684e+01 2.700027e+02
    endloop
  endfacet
  facet normal 0.000000e+00 -4.942492e-01 8.693203e-01
    outer loop
      vertex   4.599000e+01 3.806684e+01 2.700027e+02
      vertex   4.299000e+01 3.837789e+01 2.701796e+02
      vertex   4.299000e+01 3.806684e+01 2.700027e+02
    endloop
  endfacet
  facet normal 0.000000e+00 -4.236191e-01 9.058404e-01
    outer loop
      vertex   4.599000e+01 3.806684e+01 2.700027e+02
      vertex   4.299000e+01 3.806684e+01 2.700027e+02
      vertex   4.599000e+01 3.774272e+01 2.698512e+02
    endloop
  endfacet
  facet normal 0.000000e+00 -4.236191e-01 9.058404e-01
    outer loop
      vertex   4.599000e+01 3.774272e+01 2.698512e+02
      vertex   4.299000e+01 3.806684e+01 2.700027e+02
      vertex   4.299000e+01 3.774272e+01 2.698512e+02
    endloop
  endfacet
  facet normal 0.000000e+00 -3.503108e-01 9.366335e-01
    outer loop
      vertex   4.599000e+01 3.774272e+01 2.698512e+02
      vertex   4.299000e+01 3.774272e+01 2.698512e+02
      vertex   4.599000e+01 3.740759e+01 2.697258e+02
    endloop
  endfacet
  facet normal 0.000000e+00 -3.503108e-01 9.366335e-01
    outer loop
      vertex   4.599000e+01 3.740759e+01 2.697258e+02
      vertex   4.299000e+01 3.774272e+01 2.698512e+02
      vertex   4.299000e+01 3.740759e+01 2.697258e+02
    endloop
  endfacet
  facet normal 0.000000e+00 -2.747878e-01 9.615049e-01
    outer loop
      vertex   4.599000e+01 3.740759e+01 2.697258e+02
      vertex   4.299000e+01 3.740759e+01 2.697258e+02
      vertex   4.599000e+01 3.706355e+01 2.696275e+02
    endloop
  endfacet
  facet normal 0.000000e+00 -2.747878e-01 9.615049e-01
    outer loop
      vertex   4.599000e+01 3.706355e+01 2.696275e+02
      vertex   4.299000e+01 3.740759e+01 2.697258e+02
      vertex   4.299000e+01 3.706355e+01 2.696275e+02
    endloop
  endfacet
  facet normal 0.000000e+00 -1.975274e-01 9.802974e-01
    outer loop
      vertex   4.599000e+01 3.706355e+01 2.696275e+02
      vertex   4.299000e+01 3.706355e+01 2.696275e+02
      vertex   4.599000e+01 3.671279e+01 2.695568e+02
    endloop
  endfacet
  facet normal 0.000000e+00 -1.975274e-01 9.802974e-01
    outer loop
      vertex   4.599000e+01 3.671279e+01 2.695568e+02
      vertex   4.299000e+01 3.706355e+01 2.696275e+02
      vertex   4.299000e+01 3.671279e+01 2.695568e+02
    endloop
  endfacet
  facet normal 0.000000e+00 -1.190182e-01 9.928921e-01
    outer loop
      vertex   4.599000e+01 3.671279e+01 2.695568e+02
      vertex   4.299000e+01 3.671279e+01 2.695568e+02
      vertex   4.599000e+01 3.635753e+01 2.695142e+02
    endloop
  endfacet
  facet normal 0.000000e+00 -1.190182e-01 9.928921e-01
    outer loop
      vertex   4.599000e+01 3.635753e+01 2.695142e+02
      vertex   4.299000e+01 3.671279e+01 2.695568e+02
      vertex   4.299000e+01 3.635753e+01 2.695142e+02
    endloop
  endfacet
  facet normal -1.000000e+00 0.000000e+00 -0.000000e+00
    outer loop
      vertex   4.599000e+01 3.620425e+01 2.725140e+02
      vertex   4.599000e+01 3.635753e+01 2.695142e+02
      vertex   4.599000e+01 3.600000e+01 2.725000e+02
    endloop
  endfacet
  facet normal -1.000000e+00 0.000000e+00 0.000000e+00
    outer loop
      vertex   4.599000e+01 3.600000e+01 2.725000e+02
      vertex   4.599000e+01 3.635753e+01 2.695142e+02
      vertex   4.599000e+01 3.600000e+01 2.695000e+02
    endloop
  endfacet
  facet normal -1.000000e+00 0.000000e+00 -0.000000e+00
    outer loop
      vertex   4.599000e+01 3.600000e+01 2.725000e+02
      vertex   4.599000e+01 3.600000e+01 2.695000e+02
      vertex   4.599000e+01 3.564247e+01 2.695142e+02
    endloop
  endfacet
  facet normal -1.000000e+00 0.000000e+00 -0.000000e+00
    outer loop
      vertex   4.599000e+01 3.640470e+01 2.725556e+02
      vertex   4.599000e+01 3.706355e+01 2.696275e+02
      vertex   4.599000e+01 3.620425e+01 2.725140e+02
    endloop
  endfacet
  facet normal -1.000000e+00 0.000000e+00 0.000000e+00
    outer loop
      vertex   4.599000e+01 3.620425e+01 2.725140e+02
      vertex   4.599000e+01 3.706355e+01 2.696275e+02
      vertex   4.599000e+01 3.671279e+01 2.695568e+02
    endloop
  endfacet
  facet normal -1.000000e+00 0.000000e+00 0.000000e+00
    outer loop
      vertex   4.599000e+01 3.620425e+01 2.725140e+02
      vertex   4.599000e+01 3.671279e+01 2.695568e+02
      vertex   4.599000e+01 3.635753e+01 2.695142e+02
    endloop
  endfacet
  facet normal -1.000000e+00 0.000000e+00 0.000000e+00
    outer loop
      vertex   4.599000e+01 3.706355e+01 2.696275e+02
      vertex   4.599000e+01 3.640470e+01 2.725556e+02
      vertex   4.599000e+01 3.740759e+01 2.697258e+02
    endloop
  endfacet
  facet normal -1.000000e+00 0.000000e+00 0.000000e+00
    outer loop
      vertex   4.599000e+01 3.740759e+01 2.697258e+02
      vertex   4.599000e+01 3.640470e+01 2.725556e+02
      vertex   4.599000e+01 3.659760e+01 2.726242e+02
    endloop
  endfacet
  facet normal -1.000000e+00 0.000000e+00 0.000000e+00
    outer loop
      vertex   4.599000e+01 3.740759e+01 2.697258e+02
      vertex   4.599000e+01 3.659760e+01 2.726242e+02
      vertex   4.599000e+01 3.774272e+01 2.698512e+02
    endloop
  endfacet
  facet normal -1.000000e+00 0.000000e+00 0.000000e+00
    outer loop
      vertex   4.599000e+01 3.774272e+01 2.698512e+02
      vertex   4.599000e+01 3.659760e+01 2.726242e+02
      vertex   4.599000e+01 3.806684e+01 2.700027e+02
    endloop
  endfacet
  facet normal -1.000000e+00 0.000000e+00 0.000000e+00
    outer loop
      vertex   4.599000e+01 3.806684e+01 2.700027e+02
      vertex   4.599000e+01 3.659760e+01 2.726242e+02
      vertex   4.599000e+01 3.677938e+01 2.727184e+02
    endloop
  endfacet
  facet normal -1.000000e+00 0.000000e+00 0.000000e+00
    outer loop
      vertex   4.599000e+01 3.806684e+01 2.700027e+02
      vertex   4.599000e+01 3.677938e+01 2.727184e+02
      vertex   4.599000e+01 3.837789e+01 2.701796e+02
    endloop
  endfacet
  facet normal -1.000000e+00 0.000000e+00 0.000000e+00
    outer loop
      vertex   4.599000e+01 3.837789e+01 2.701796e+02
      vertex   4.599000e+01 3.677938e+01 2.727184e+02
      vertex   4.599000e+01 3.867391e+01 2.703806e+02
    endloop
  endfacet
  facet normal -1.000000e+00 0.000000e+00 0.000000e+00
    outer loop
      vertex   4.599000e+01 3.867391e+01 2.703806e+02
      vertex   4.599000e+01 3.677938e+01 2.727184e+02
      vertex   4.599000e+01 3.694663e+01 2.728364e+02
    endloop
  endfacet
  facet normal -1.000000e+00 0.000000e+00 0.000000e+00
    outer loop
      vertex   4.599000e+01 3.867391e+01 2.703806e+02
      vertex   4.599000e+01 3.694663e+01 2.728364e+02
      vertex   4.599000e+01 3.895302e+01 2.706045e+02
    endloop
  endfacet
  facet normal -1.000000e+00 0.000000e+00 0.000000e+00
    outer loop
      vertex   4.599000e+01 3.895302e+01 2.706045e+02
      vertex   4.599000e+01 3.694663e+01 2.728364e+02
      vertex   4.599000e+01 3.709625e+01 2.729762e+02
    endloop
  endfacet
  facet normal -1.000000e+00 0.000000e+00 0.000000e+00
    outer loop
      vertex   4.599000e+01 3.895302e+01 2.706045e+02
      vertex   4.599000e+01 3.709625e+01 2.729762e+02
      vertex   4.599000e+01 3.921346e+01 2.708498e+02
    endloop
  endfacet
  facet normal -1.000000e+00 0.000000e+00 0.000000e+00
    outer loop
      vertex   4.599000e+01 3.921346e+01 2.708498e+02
      vertex   4.599000e+01 3.709625e+01 2.729762e+02
      vertex   4.599000e+01 3.945358e+01 2.711151e+02
    endloop
  endfacet
  facet normal -1.000000e+00 0.000000e+00 0.000000e+00
    outer loop
      vertex   4.599000e+01 3.945358e+01 2.711151e+02
      vertex   4.599000e+01 3.709625e+01 2.729762e+02
      vertex   4.599000e+01 3.722546e+01 2.731350e+02
    endloop
  endfacet
  facet normal -1.000000e+00 0.000000e+00 0.000000e+00
    outer loop
      vertex   4.599000e+01 3.945358e+01 2.711151e+02
      vertex   4.599000e+01 3.722546e+01 2.731350e+02
      vertex   4.599000e+01 3.967187e+01 2.713986e+02
    endloop
  endfacet
  facet normal -1.000000e+00 0.000000e+00 0.000000e+00
    outer loop
      vertex   4.599000e+01 3.967187e+01 2.713986e+02
      vertex   4.599000e+01 3.722546e+01 2.731350e+02
      vertex   4.599000e+01 3.986695e+01 2.716985e+02
    endloop
  endfacet
  facet normal -1.000000e+00 0.000000e+00 0.000000e+00
    outer loop
      vertex   4.599000e+01 3.986695e+01 2.716985e+02
      vertex   4.599000e+01 3.722546e+01 2.731350e+02
      vertex   4.599000e+01 3.733183e+01 2.733099e+02
    endloop
  endfacet
  facet normal -1.000000e+00 0.000000e+00 0.000000e+00
    outer loop
      vertex   4.599000e+01 3.986695e+01 2.716985e+02
      vertex   4.599000e+01 3.733183e+01 2.733099e+02
      vertex   4.599000e+01 4.003758e+01 2.720130e+02
    endloop
  endfacet
  facet normal -1.000000e+00 0.000000e+00 0.000000e+00
    outer loop
      vertex   4.599000e+01 4.003758e+01 2.720130e+02
      vertex   4.599000e+01 3.733183e+01 2.733099e+02
      vertex   4.599000e+01 4.018268e+01 2.723401e+02
    endloop
  endfacet
  facet normal -1.000000e+00 0.000000e+00 0.000000e+00
    outer loop
      vertex   4.599000e+01 4.018268e+01 2.723401e+02
      vertex   4.599000e+01 3.733183e+01 2.733099e+02
      vertex   4.599000e+01 3.741339e+01 2.734977e+02
    endloop
  endfacet
  facet normal -1.000000e+00 0.000000e+00 0.000000e+00
    outer loop
      vertex   4.599000e+01 4.018268e+01 2.723401e+02
      vertex   4.599000e+01 3.741339e+01 2.734977e+02
      vertex   4.599000e+01 4.030133e+01 2.726777e+02
    endloop
  endfacet
  facet normal -1.000000e+00 0.000000e+00 0.000000e+00
    outer loop
      vertex   4.599000e+01 4.030133e+01 2.726777e+02
      vertex   4.599000e+01 3.741339e+01 2.734977e+02
      vertex   4.599000e+01 3.746863e+01 2.736948e+02
    endloop
  endfacet
  facet normal -1.000000e+00 0.000000e+00 0.000000e+00
    outer loop
      vertex   4.599000e+01 4.030133e+01 2.726777e+02
      vertex   4.599000e+01 3.746863e+01 2.736948e+02
      vertex   4.599000e+01 4.039279e+01 2.730236e+02
    endloop
  endfacet
  facet normal -1.000000e+00 0.000000e+00 0.000000e+00
    outer loop
      vertex   4.599000e+01 4.039279e+01 2.730236e+02
      vertex   4.599000e+01 3.746863e+01 2.736948e+02
      vertex   4.599000e+01 4.045648e+01 2.733757e+02
    endloop
  endfacet
  facet normal -1.000000e+00 0.000000e+00 0.000000e+00
    outer loop
      vertex   4.599000e+01 4.045648e+01 2.733757e+02
      vertex   4.599000e+01 3.746863e+01 2.736948e+02
      vertex   4.599000e+01 3.749650e+01 2.738976e+02
    endloop
  endfacet
  facet normal -1.000000e+00 0.000000e+00 0.000000e+00
    outer loop
      vertex   4.599000e+01 4.045648e+01 2.733757e+02
      vertex   4.599000e+01 3.749650e+01 2.738976e+02
      vertex   4.599000e+01 4.049200e+01 2.737317e+02
    endloop
  endfacet
  facet normal -1.000000e+00 0.000000e+00 0.000000e+00
    outer loop
      vertex   4.599000e+01 4.049200e+01 2.737317e+02
      vertex   4.599000e+01 3.749650e+01 2.738976e+02
      vertex   4.599000e+01 4.049911e+01 2.740895e+02
    endloop
  endfacet
  facet normal -1.000000e+00 -0.000000e+00 0.000000e+00
    outer loop
      vertex   4.599000e+01 4.049911e+01 2.740895e+02
      vertex   4.599000e+01 3.749650e+01 2.738976e+02
      vertex   4.599000e+01 3.749650e+01 2.741024e+02
    endloop
  endfacet
  facet normal -1.000000e+00 0.000000e+00 0.000000e+00
    outer loop
      vertex   4.599000e+01 4.049911e+01 2.740895e+02
      vertex   4.599000e+01 3.749650e+01 2.741024e+02
      vertex   4.599000e+01 4.047778e+01 2.744466e+02
    endloop
  endfacet
  facet normal -1.000000e+00 -0.000000e+00 0.000000e+00
    outer loop
      vertex   4.599000e+01 4.047778e+01 2.744466e+02
      vertex   4.599000e+01 3.749650e+01 2.741024e+02
      vertex   4.599000e+01 4.042814e+01 2.748010e+02
    endloop
  endfacet
  facet normal -1.000000e+00 -0.000000e+00 0.000000e+00
    outer loop
      vertex   4.599000e+01 4.042814e+01 2.748010e+02
      vertex   4.599000e+01 3.749650e+01 2.741024e+02
      vertex   4.599000e+01 4.035050e+01 2.751503e+02
    endloop
  endfacet
  facet normal -1.000000e+00 -0.000000e+00 0.000000e+00
    outer loop
      vertex   4.599000e+01 4.035050e+01 2.751503e+02
      vertex   4.599000e+01 3.749650e+01 2.741024e+02
      vertex   4.599000e+01 4.024536e+01 2.754923e+02
    endloop
  endfacet
  facet normal -1.000000e+00 -0.000000e+00 0.000000e+00
    outer loop
      vertex   4.599000e+01 4.024536e+01 2.754923e+02
      vertex   4.599000e+01 3.749650e+01 2.741024e+02
      vertex   4.599000e+01 4.011338e+01 2.758249e+02
    endloop
  endfacet
  facet normal -1.000000e+00 -0.000000e+00 0.000000e+00
    outer loop
      vertex   4.599000e+01 4.011338e+01 2.758249e+02
      vertex   4.599000e+01 3.749650e+01 2.741024e+02
      vertex   4.599000e+01 3.995539e+01 2.761459e+02
    endloop
  endfacet
  facet normal -1.000000e+00 -0.000000e+00 0.000000e+00
    outer loop
      vertex   4.599000e+01 3.995539e+01 2.761459e+02
      vertex   4.599000e+01 3.749650e+01 2.741024e+02
      vertex   4.599000e+01 3.977239e+01 2.764534e+02
    endloop
  endfacet
  facet normal -1.000000e+00 -0.000000e+00 0.000000e+00
    outer loop
      vertex   4.599000e+01 3.977239e+01 2.764534e+02
      vertex   4.599000e+01 3.749650e+01 2.741024e+02
      vertex   4.599000e+01 3.956555e+01 2.767453e+02
    endloop
  endfacet
  facet normal -1.000000e+00 -0.000000e+00 0.000000e+00
    outer loop
      vertex   4.599000e+01 3.956555e+01 2.767453e+02
      vertex   4.599000e+01 3.749650e+01 2.741024e+02
      vertex   4.599000e+01 3.933616e+01 2.770199e+02
    endloop
  endfacet
  facet normal -1.000000e+00 -0.000000e+00 0.000000e+00
    outer loop
      vertex   4.599000e+01 3.933616e+01 2.770199e+02
      vertex   4.599000e+01 3.749650e+01 2.741024e+02
      vertex   4.599000e+01 3.908568e+01 2.772755e+02
    endloop
  endfacet
  facet normal -1.000000e+00 -0.000000e+00 0.000000e+00
    outer loop
      vertex   4.599000e+01 3.908568e+01 2.772755e+02
      vertex   4.599000e+01 3.749650e+01 2.741024e+02
      vertex   4.599000e+01 3.881569e+01 2.775103e+02
    endloop
  endfacet
  facet normal -1.000000e+00 -0.000000e+00 0.000000e+00
    outer loop
      vertex   4.599000e+01 3.881569e+01 2.775103e+02
      vertex   4.599000e+01 3.749650e+01 2.741024e+02
      vertex   4.599000e+01 3.852790e+01 2.777229e+02
    endloop
  endfacet
  facet normal -1.000000e+00 -0.000000e+00 0.000000e+00
    outer loop
      vertex   4.599000e+01 3.852790e+01 2.777229e+02
      vertex   4.599000e+01 3.749650e+01 2.741024e+02
      vertex   4.599000e+01 3.822412e+01 2.779119e+02
    endloop
  endfacet
  facet normal -1.000000e+00 -0.000000e+00 0.000000e+00
    outer loop
      vertex   4.599000e+01 3.822412e+01 2.779119e+02
      vertex   4.599000e+01 3.749650e+01 2.741024e+02
      vertex   4.599000e+01 3.790629e+01 2.780763e+02
    endloop
  endfacet
  facet normal -1.000000e+00 0.000000e+00 0.000000e+00
    outer loop
      vertex   4.599000e+01 3.790629e+01 2.780763e+02
      vertex   4.599000e+01 3.749650e+01 2.741024e+02
      vertex   4.599000e+01 3.746863e+01 2.743052e+02
    endloop
  endfacet
  facet normal -1.000000e+00 0.000000e+00 0.000000e+00
    outer loop
      vertex   4.599000e+01 3.790629e+01 2.780763e+02
      vertex   4.599000e+01 3.746863e+01 2.743052e+02
      vertex   4.599000e+01 3.741339e+01 2.745023e+02
    endloop
  endfacet
  facet normal -1.000000e+00 0.000000e+00 0.000000e+00
    outer loop
      vertex   4.599000e+01 3.741339e+01 2.745023e+02
      vertex   4.599000e+01 3.733183e+01 2.746901e+02
      vertex   4.599000e+01 3.790629e+01 2.780763e+02
    endloop
  endfacet
  facet normal -1.000000e+00 0.000000e+00 0.000000e+00
    outer loop
      vertex   4.599000e+01 3.790629e+01 2.780763e+02
      vertex   4.599000e+01 3.733183e+01 2.746901e+02
      vertex   4.599000e+01 3.722546e+01 2.748650e+02
    endloop
  endfacet
  facet normal -1.000000e+00 0.000000e+00 0.000000e+00
    outer loop
      vertex   4.599000e+01 3.790629e+01 2.780763e+02
      vertex   4.599000e+01 3.722546e+01 2.748650e+02
      vertex   4.599000e+01 3.709625e+01 2.750238e+02
    endloop
  endfacet
  facet normal -1.000000e+00 0.000000e+00 0.000000e+00
    outer loop
      vertex   4.599000e+01 3.709625e+01 2.750238e+02
      vertex   4.599000e+01 3.694663e+01 2.751636e+02
      vertex   4.599000e+01 3.790629e+01 2.780763e+02
    endloop
  endfacet
  facet normal -1.000000e+00 0.000000e+00 0.000000e+00
    outer loop
      vertex   4.599000e+01 3.790629e+01 2.780763e+02
      vertex   4.599000e+01 3.694663e+01 2.751636e+02
      vertex   4.599000e+01 3.677938e+01 2.752816e+02
    endloop
  endfacet
  facet normal -1.000000e+00 0.000000e+00 0.000000e+00
    outer loop
      vertex   4.599000e+01 3.790629e+01 2.780763e+02
      vertex   4.599000e+01 3.677938e+01 2.752816e+02
      vertex   4.599000e+01 3.659760e+01 2.753758e+02
    endloop
  endfacet
  facet normal -1.000000e+00 -0.000000e+00 0.000000e+00
    outer loop
      vertex   4.599000e+01 3.790629e+01 2.780763e+02
      vertex   4.599000e+01 3.659760e+01 2.753758e+02
      vertex   4.599000e+01 3.757640e+01 2.782149e+02
    endloop
  endfacet
  facet normal -1.000000e+00 0.000000e+00 0.000000e+00
    outer loop
      vertex   4.599000e+01 3.757640e+01 2.782149e+02
      vertex   4.599000e+01 3.659760e+01 2.753758e+02
      vertex   4.599000e+01 3.640470e+01 2.754444e+02
    endloop
  endfacet
  facet normal -1.000000e+00 -0.000000e+00 0.000000e+00
    outer loop
      vertex   4.599000e+01 3.757640e+01 2.782149e+02
      vertex   4.599000e+01 3.640470e+01 2.754444e+02
      vertex   4.599000e+01 3.723655e+01 2.783268e+02
    endloop
  endfacet
  facet normal -1.000000e+00 -0.000000e+00 0.000000e+00
    outer loop
      vertex   4.599000e+01 3.723655e+01 2.783268e+02
      vertex   4.599000e+01 3.640470e+01 2.754444e+02
      vertex   4.599000e+01 3.688887e+01 2.784113e+02
    endloop
  endfacet
  facet normal -1.000000e+00 0.000000e+00 0.000000e+00
    outer loop
      vertex   4.599000e+01 3.688887e+01 2.784113e+02
      vertex   4.599000e+01 3.640470e+01 2.754444e+02
      vertex   4.599000e+01 3.620425e+01 2.754860e+02
    endloop
  endfacet
  facet normal -1.000000e+00 -0.000000e+00 0.000000e+00
    outer loop
      vertex   4.599000e+01 3.688887e+01 2.784113e+02
      vertex   4.599000e+01 3.620425e+01 2.754860e+02
      vertex   4.599000e+01 3.653558e+01 2.784680e+02
    endloop
  endfacet
  facet normal -1.000000e+00 -0.000000e+00 0.000000e+00
    outer loop
      vertex   4.599000e+01 3.653558e+01 2.784680e+02
      vertex   4.599000e+01 3.620425e+01 2.754860e+02
      vertex   4.599000e+01 3.617890e+01 2.784964e+02
    endloop
  endfacet
  facet normal -1.000000e+00 0.000000e+00 -0.000000e+00
    outer loop
      vertex   4.599000e+01 3.617890e+01 2.784964e+02
      vertex   4.599000e+01 3.620425e+01 2.754860e+02
      vertex   4.599000e+01 3.600000e+01 2.755000e+02
    endloop
  endfacet
  facet normal -1.000000e+00 -0.000000e+00 0.000000e+00
    outer loop
      vertex   4.599000e+01 3.617890e+01 2.784964e+02
      vertex   4.599000e+01 3.600000e+01 2.755000e+02
      vertex   4.599000e+01 3.582110e+01 2.784964e+02
    endloop
  endfacet
  facet normal -1.000000e+00 0.000000e+00 -0.000000e+00
    outer loop
      vertex   4.599000e+01 3.582110e+01 2.784964e+02
      vertex   4.599000e+01 3.600000e+01 2.755000e+02
      vertex   4.599000e+01 3.579575e+01 2.754860e+02
    endloop
  endfacet
  facet normal -1.000000e+00 0.000000e+00 0.000000e+00
    outer loop
      vertex   4.599000e+01 3.582110e+01 2.784964e+02
      vertex   4.599000e+01 3.579575e+01 2.754860e+02
      vertex   4.599000e+01 3.546442e+01 2.784680e+02
    endloop
  endfacet
  facet normal -1.000000e+00 0.000000e+00 -0.000000e+00
    outer loop
      vertex   4.599000e+01 3.546442e+01 2.784680e+02
      vertex   4.599000e+01 3.579575e+01 2.754860e+02
      vertex   4.599000e+01 3.511113e+01 2.784113e+02
    endloop
  endfacet
  facet normal -1.000000e+00 0.000000e+00 0.000000e+00
    outer loop
      vertex   4.599000e+01 3.511113e+01 2.784113e+02
      vertex   4.599000e+01 3.579575e+01 2.754860e+02
      vertex   4.599000e+01 3.559531e+01 2.754444e+02
    endloop
  endfacet
  facet normal -1.000000e+00 0.000000e+00 -0.000000e+00
    outer loop
      vertex   4.599000e+01 3.511113e+01 2.784113e+02
      vertex   4.599000e+01 3.559531e+01 2.754444e+02
      vertex   4.599000e+01 3.476346e+01 2.783268e+02
    endloop
  endfacet
  facet normal -1.000000e+00 0.000000e+00 -0.000000e+00
    outer loop
      vertex   4.599000e+01 3.476346e+01 2.783268e+02
      vertex   4.599000e+01 3.559531e+01 2.754444e+02
      vertex   4.599000e+01 3.442360e+01 2.782149e+02
    endloop
  endfacet
  facet normal -1.000000e+00 0.000000e+00 0.000000e+00
    outer loop
      vertex   4.599000e+01 3.442360e+01 2.782149e+02
      vertex   4.599000e+01 3.559531e+01 2.754444e+02
      vertex   4.599000e+01 3.540240e+01 2.753758e+02
    endloop
  endfacet
  facet normal -1.000000e+00 0.000000e+00 0.000000e+00
    outer loop
      vertex   4.599000e+01 3.442360e+01 2.782149e+02
      vertex   4.599000e+01 3.540240e+01 2.753758e+02
      vertex   4.599000e+01 3.522062e+01 2.752816e+02
    endloop
  endfacet
  facet normal -1.000000e+00 -0.000000e+00 0.000000e+00
    outer loop
      vertex   4.599000e+01 3.522062e+01 2.752816e+02
      vertex   4.599000e+01 3.505337e+01 2.751636e+02
      vertex   4.599000e+01 3.442360e+01 2.782149e+02
    endloop
  endfacet
  facet normal -1.000000e+00 0.000000e+00 0.000000e+00
    outer loop
      vertex   4.599000e+01 3.442360e+01 2.782149e+02
      vertex   4.599000e+01 3.505337e+01 2.751636e+02
      vertex   4.599000e+01 3.490375e+01 2.750238e+02
    endloop
  endfacet
  facet normal -1.000000e+00 0.000000e+00 0.000000e+00
    outer loop
      vertex   4.599000e+01 3.442360e+01 2.782149e+02
      vertex   4.599000e+01 3.490375e+01 2.750238e+02
      vertex   4.599000e+01 3.477455e+01 2.748650e+02
    endloop
  endfacet
  facet normal -1.000000e+00 -0.000000e+00 0.000000e+00
    outer loop
      vertex   4.599000e+01 3.477455e+01 2.748650e+02
      vertex   4.599000e+01 3.466817e+01 2.746901e+02
      vertex   4.599000e+01 3.442360e+01 2.782149e+02
    endloop
  endfacet
  facet normal -1.000000e+00 0.000000e+00 0.000000e+00
    outer loop
      vertex   4.599000e+01 3.442360e+01 2.782149e+02
      vertex   4.599000e+01 3.466817e+01 2.746901e+02
      vertex   4.599000e+01 3.458661e+01 2.745023e+02
    endloop
  endfacet
  facet normal -1.000000e+00 0.000000e+00 0.000000e+00
    outer loop
      vertex   4.599000e+01 3.442360e+01 2.782149e+02
      vertex   4.599000e+01 3.458661e+01 2.745023e+02
      vertex   4.599000e+01 3.453137e+01 2.743052e+02
    endloop
  endfacet
  facet normal -1.000000e+00 -0.000000e+00 0.000000e+00
    outer loop
      vertex   4.599000e+01 3.453137e+01 2.743052e+02
      vertex   4.599000e+01 3.450350e+01 2.741024e+02
      vertex   4.599000e+01 3.442360e+01 2.782149e+02
    endloop
  endfacet
  facet normal -1.000000e+00 0.000000e+00 0.000000e+00
    outer loop
      vertex   4.599000e+01 3.442360e+01 2.782149e+02
      vertex   4.599000e+01 3.450350e+01 2.741024e+02
      vertex   4.599000e+01 3.450350e+01 2.738976e+02
    endloop
  endfacet
  facet normal -1.000000e+00 0.000000e+00 -0.000000e+00
    outer loop
      vertex   4.599000e+01 3.442360e+01 2.782149e+02
      vertex   4.599000e+01 3.450350e+01 2.738976e+02
      vertex   4.599000e+01 3.409371e+01 2.780763e+02
    endloop
  endfacet
  facet normal -1.000000e+00 0.000000e+00 -0.000000e+00
    outer loop
      vertex   4.599000e+01 3.409371e+01 2.780763e+02
      vertex   4.599000e+01 3.450350e+01 2.738976e+02
      vertex   4.599000e+01 3.377588e+01 2.779119e+02
    endloop
  endfacet
  facet normal -1.000000e+00 0.000000e+00 -0.000000e+00
    outer loop
      vertex   4.599000e+01 3.377588e+01 2.779119e+02
      vertex   4.599000e+01 3.450350e+01 2.738976e+02
      vertex   4.599000e+01 3.347211e+01 2.777229e+02
    endloop
  endfacet
  facet normal -1.000000e+00 0.000000e+00 -0.000000e+00
    outer loop
      vertex   4.599000e+01 3.347211e+01 2.777229e+02
      vertex   4.599000e+01 3.450350e+01 2.738976e+02
      vertex   4.599000e+01 3.318431e+01 2.775103e+02
    endloop
  endfacet
  facet normal -1.000000e+00 0.000000e+00 -0.000000e+00
    outer loop
      vertex   4.599000e+01 3.318431e+01 2.775103e+02
      vertex   4.599000e+01 3.450350e+01 2.738976e+02
      vertex   4.599000e+01 3.291432e+01 2.772755e+02
    endloop
  endfacet
  facet normal -1.000000e+00 0.000000e+00 -0.000000e+00
    outer loop
      vertex   4.599000e+01 3.291432e+01 2.772755e+02
      vertex   4.599000e+01 3.450350e+01 2.738976e+02
      vertex   4.599000e+01 3.266384e+01 2.770199e+02
    endloop
  endfacet
  facet normal -1.000000e+00 0.000000e+00 -0.000000e+00
    outer loop
      vertex   4.599000e+01 3.266384e+01 2.770199e+02
      vertex   4.599000e+01 3.450350e+01 2.738976e+02
      vertex   4.599000e+01 3.243445e+01 2.767453e+02
    endloop
  endfacet
  facet normal -1.000000e+00 0.000000e+00 -0.000000e+00
    outer loop
      vertex   4.599000e+01 3.243445e+01 2.767453e+02
      vertex   4.599000e+01 3.450350e+01 2.738976e+02
      vertex   4.599000e+01 3.222761e+01 2.764534e+02
    endloop
  endfacet
  facet normal -1.000000e+00 0.000000e+00 -0.000000e+00
    outer loop
      vertex   4.599000e+01 3.222761e+01 2.764534e+02
      vertex   4.599000e+01 3.450350e+01 2.738976e+02
      vertex   4.599000e+01 3.204461e+01 2.761459e+02
    endloop
  endfacet
  facet normal -1.000000e+00 0.000000e+00 -0.000000e+00
    outer loop
      vertex   4.599000e+01 3.204461e+01 2.761459e+02
      vertex   4.599000e+01 3.450350e+01 2.738976e+02
      vertex   4.599000e+01 3.188662e+01 2.758249e+02
    endloop
  endfacet
  facet normal -1.000000e+00 0.000000e+00 -0.000000e+00
    outer loop
      vertex   4.599000e+01 3.188662e+01 2.758249e+02
      vertex   4.599000e+01 3.450350e+01 2.738976e+02
      vertex   4.599000e+01 3.175464e+01 2.754923e+02
    endloop
  endfacet
  facet normal -1.000000e+00 0.000000e+00 -0.000000e+00
    outer loop
      vertex   4.599000e+01 3.175464e+01 2.754923e+02
      vertex   4.599000e+01 3.450350e+01 2.738976e+02
      vertex   4.599000e+01 3.164950e+01 2.751503e+02
    endloop
  endfacet
  facet normal -1.000000e+00 0.000000e+00 -0.000000e+00
    outer loop
      vertex   4.599000e+01 3.164950e+01 2.751503e+02
      vertex   4.599000e+01 3.450350e+01 2.738976e+02
      vertex   4.599000e+01 3.157186e+01 2.748010e+02
    endloop
  endfacet
  facet normal -1.000000e+00 0.000000e+00 -0.000000e+00
    outer loop
      vertex   4.599000e+01 3.157186e+01 2.748010e+02
      vertex   4.599000e+01 3.450350e+01 2.738976e+02
      vertex   4.599000e+01 3.152222e+01 2.744466e+02
    endloop
  endfacet
  facet normal -1.000000e+00 0.000000e+00 -0.000000e+00
    outer loop
      vertex   4.599000e+01 3.152222e+01 2.744466e+02
      vertex   4.599000e+01 3.450350e+01 2.738976e+02
      vertex   4.599000e+01 3.150089e+01 2.740895e+02
    endloop
  endfacet
  facet normal -1.000000e+00 0.000000e+00 0.000000e+00
    outer loop
      vertex   4.599000e+01 3.150089e+01 2.740895e+02
      vertex   4.599000e+01 3.450350e+01 2.738976e+02
      vertex   4.599000e+01 3.150800e+01 2.737317e+02
    endloop
  endfacet
  facet normal -1.000000e+00 0.000000e+00 0.000000e+00
    outer loop
      vertex   4.599000e+01 3.150800e+01 2.737317e+02
      vertex   4.599000e+01 3.450350e+01 2.738976e+02
      vertex   4.599000e+01 3.154352e+01 2.733757e+02
    endloop
  endfacet
  facet normal -1.000000e+00 0.000000e+00 0.000000e+00
    outer loop
      vertex   4.599000e+01 3.154352e+01 2.733757e+02
      vertex   4.599000e+01 3.450350e+01 2.738976e+02
      vertex   4.599000e+01 3.453137e+01 2.736948e+02
    endloop
  endfacet
  facet normal -1.000000e+00 0.000000e+00 0.000000e+00
    outer loop
      vertex   4.599000e+01 3.154352e+01 2.733757e+02
      vertex   4.599000e+01 3.453137e+01 2.736948e+02
      vertex   4.599000e+01 3.160721e+01 2.730236e+02
    endloop
  endfacet
  facet normal -1.000000e+00 0.000000e+00 0.000000e+00
    outer loop
      vertex   4.599000e+01 3.160721e+01 2.730236e+02
      vertex   4.599000e+01 3.453137e+01 2.736948e+02
      vertex   4.599000e+01 3.169867e+01 2.726777e+02
    endloop
  endfacet
  facet normal -1.000000e+00 0.000000e+00 0.000000e+00
    outer loop
      vertex   4.599000e+01 3.169867e+01 2.726777e+02
      vertex   4.599000e+01 3.453137e+01 2.736948e+02
      vertex   4.599000e+01 3.458661e+01 2.734977e+02
    endloop
  endfacet
  facet normal -1.000000e+00 0.000000e+00 0.000000e+00
    outer loop
      vertex   4.599000e+01 3.169867e+01 2.726777e+02
      vertex   4.599000e+01 3.458661e+01 2.734977e+02
      vertex   4.599000e+01 3.181733e+01 2.723401e+02
    endloop
  endfacet
  facet normal -1.000000e+00 0.000000e+00 0.000000e+00
    outer loop
      vertex   4.599000e+01 3.181733e+01 2.723401e+02
      vertex   4.599000e+01 3.458661e+01 2.734977e+02
      vertex   4.599000e+01 3.466817e+01 2.733099e+02
    endloop
  endfacet
  facet normal -1.000000e+00 0.000000e+00 0.000000e+00
    outer loop
      vertex   4.599000e+01 3.181733e+01 2.723401e+02
      vertex   4.599000e+01 3.466817e+01 2.733099e+02
      vertex   4.599000e+01 3.196243e+01 2.720130e+02
    endloop
  endfacet
  facet normal -1.000000e+00 0.000000e+00 0.000000e+00
    outer loop
      vertex   4.599000e+01 3.196243e+01 2.720130e+02
      vertex   4.599000e+01 3.466817e+01 2.733099e+02
      vertex   4.599000e+01 3.213305e+01 2.716985e+02
    endloop
  endfacet
  facet normal -1.000000e+00 0.000000e+00 0.000000e+00
    outer loop
      vertex   4.599000e+01 3.213305e+01 2.716985e+02
      vertex   4.599000e+01 3.466817e+01 2.733099e+02
      vertex   4.599000e+01 3.477455e+01 2.731350e+02
    endloop
  endfacet
  facet normal -1.000000e+00 0.000000e+00 0.000000e+00
    outer loop
      vertex   4.599000e+01 3.213305e+01 2.716985e+02
      vertex   4.599000e+01 3.477455e+01 2.731350e+02
      vertex   4.599000e+01 3.232813e+01 2.713986e+02
    endloop
  endfacet
  facet normal -1.000000e+00 0.000000e+00 0.000000e+00
    outer loop
      vertex   4.599000e+01 3.232813e+01 2.713986e+02
      vertex   4.599000e+01 3.477455e+01 2.731350e+02
      vertex   4.599000e+01 3.254642e+01 2.711151e+02
    endloop
  endfacet
  facet normal -1.000000e+00 0.000000e+00 0.000000e+00
    outer loop
      vertex   4.599000e+01 3.254642e+01 2.711151e+02
      vertex   4.599000e+01 3.477455e+01 2.731350e+02
      vertex   4.599000e+01 3.490375e+01 2.729762e+02
    endloop
  endfacet
  facet normal -1.000000e+00 0.000000e+00 0.000000e+00
    outer loop
      vertex   4.599000e+01 3.254642e+01 2.711151e+02
      vertex   4.599000e+01 3.490375e+01 2.729762e+02
      vertex   4.599000e+01 3.278654e+01 2.708498e+02
    endloop
  endfacet
  facet normal -1.000000e+00 0.000000e+00 0.000000e+00
    outer loop
      vertex   4.599000e+01 3.278654e+01 2.708498e+02
      vertex   4.599000e+01 3.490375e+01 2.729762e+02
      vertex   4.599000e+01 3.304698e+01 2.706045e+02
    endloop
  endfacet
  facet normal -1.000000e+00 0.000000e+00 0.000000e+00
    outer loop
      vertex   4.599000e+01 3.304698e+01 2.706045e+02
      vertex   4.599000e+01 3.490375e+01 2.729762e+02
      vertex   4.599000e+01 3.505337e+01 2.728364e+02
    endloop
  endfacet
  facet normal -1.000000e+00 0.000000e+00 0.000000e+00
    outer loop
      vertex   4.599000e+01 3.304698e+01 2.706045e+02
      vertex   4.599000e+01 3.505337e+01 2.728364e+02
      vertex   4.599000e+01 3.332610e+01 2.703806e+02
    endloop
  endfacet
  facet normal -1.000000e+00 0.000000e+00 0.000000e+00
    outer loop
      vertex   4.599000e+01 3.332610e+01 2.703806e+02
      vertex   4.599000e+01 3.505337e+01 2.728364e+02
      vertex   4.599000e+01 3.522062e+01 2.727184e+02
    endloop
  endfacet
  facet normal -1.000000e+00 0.000000e+00 0.000000e+00
    outer loop
      vertex   4.599000e+01 3.332610e+01 2.703806e+02
      vertex   4.599000e+01 3.522062e+01 2.727184e+02
      vertex   4.599000e+01 3.362211e+01 2.701796e+02
    endloop
  endfacet
  facet normal -1.000000e+00 0.000000e+00 0.000000e+00
    outer loop
      vertex   4.599000e+01 3.362211e+01 2.701796e+02
      vertex   4.599000e+01 3.522062e+01 2.727184e+02
      vertex   4.599000e+01 3.393316e+01 2.700027e+02
    endloop
  endfacet
  facet normal -1.000000e+00 0.000000e+00 0.000000e+00
    outer loop
      vertex   4.599000e+01 3.393316e+01 2.700027e+02
      vertex   4.599000e+01 3.522062e+01 2.727184e+02
      vertex   4.599000e+01 3.540240e+01 2.726242e+02
    endloop
  endfacet
  facet normal -1.000000e+00 0.000000e+00 0.000000e+00
    outer loop
      vertex   4.599000e+01 3.393316e+01 2.700027e+02
      vertex   4.599000e+01 3.540240e+01 2.726242e+02
      vertex   4.599000e+01 3.425728e+01 2.698512e+02
    endloop
  endfacet
  facet normal -1.000000e+00 0.000000e+00 0.000000e+00
    outer loop
      vertex   4.599000e+01 3.425728e+01 2.698512e+02
      vertex   4.599000e+01 3.540240e+01 2.726242e+02
      vertex   4.599000e+01 3.459242e+01 2.697258e+02
    endloop
  endfacet
  facet normal -1.000000e+00 0.000000e+00 0.000000e+00
    outer loop
      vertex   4.599000e+01 3.459242e+01 2.697258e+02
      vertex   4.599000e+01 3.540240e+01 2.726242e+02
      vertex   4.599000e+01 3.559531e+01 2.725556e+02
    endloop
  endfacet
  facet normal -1.000000e+00 0.000000e+00 0.000000e+00
    outer loop
      vertex   4.599000e+01 3.459242e+01 2.697258e+02
      vertex   4.599000e+01 3.559531e+01 2.725556e+02
      vertex   4.599000e+01 3.493645e+01 2.696275e+02
    endloop
  endfacet
  facet normal -1.000000e+00 0.000000e+00 0.000000e+00
    outer loop
      vertex   4.599000e+01 3.493645e+01 2.696275e+02
      vertex   4.599000e+01 3.559531e+01 2.725556e+02
      vertex   4.599000e+01 3.579575e+01 2.725140e+02
    endloop
  endfacet
  facet normal -1.000000e+00 0.000000e+00 0.000000e+00
    outer loop
      vertex   4.599000e+01 3.493645e+01 2.696275e+02
      vertex   4.599000e+01 3.579575e+01 2.725140e+02
      vertex   4.599000e+01 3.528721e+01 2.695568e+02
    endloop
  endfacet
  facet normal -1.000000e+00 0.000000e+00 0.000000e+00
    outer loop
      vertex   4.599000e+01 3.528721e+01 2.695568e+02
      vertex   4.599000e+01 3.579575e+01 2.725140e+02
      vertex   4.599000e+01 3.564247e+01 2.695142e+02
    endloop
  endfacet
  facet normal -1.000000e+00 0.000000e+00 0.000000e+00
    outer loop
      vertex   4.599000e+01 3.564247e+01 2.695142e+02
      vertex   4.599000e+01 3.579575e+01 2.725140e+02
      vertex   4.599000e+01 3.600000e+01 2.725000e+02
    endloop
  endfacet
  facet normal -0.000000e+00 6.824241e-02 9.976688e-01
    outer loop
      vertex   4.599000e+01 3.579575e+01 2.845140e+02
      vertex   4.910000e+01 3.579575e+01 2.845140e+02
      vertex   4.599000e+01 3.600000e+01 2.845000e+02
    endloop
  endfacet
  facet normal -0.000000e+00 6.824241e-02 9.976688e-01
    outer loop
      vertex   4.599000e+01 3.600000e+01 2.845000e+02
      vertex   4.910000e+01 3.579575e+01 2.845140e+02
      vertex   4.910000e+01 3.600000e+01 2.845000e+02
    endloop
  endfacet
  facet normal 0.000000e+00 -6.824241e-02 9.976688e-01
    outer loop
      vertex   4.599000e+01 3.600000e+01 2.845000e+02
      vertex   4.910000e+01 3.600000e+01 2.845000e+02
      vertex   4.599000e+01 3.620425e+01 2.845140e+02
    endloop
  endfacet
  facet normal 0.000000e+00 -6.824241e-02 9.976688e-01
    outer loop
      vertex   4.599000e+01 3.620425e+01 2.845140e+02
      vertex   4.910000e+01 3.600000e+01 2.845000e+02
      vertex   4.910000e+01 3.620425e+01 2.845140e+02
    endloop
  endfacet
  facet normal 0.000000e+00 -2.034560e-01 9.790841e-01
    outer loop
      vertex   4.599000e+01 3.620425e+01 2.845140e+02
      vertex   4.910000e+01 3.620425e+01 2.845140e+02
      vertex   4.599000e+01 3.640470e+01 2.845556e+02
    endloop
  endfacet
  facet normal 0.000000e+00 -2.034560e-01 9.790841e-01
    outer loop
      vertex   4.599000e+01 3.640470e+01 2.845556e+02
      vertex   4.910000e+01 3.620425e+01 2.845140e+02
      vertex   4.910000e+01 3.640470e+01 2.845556e+02
    endloop
  endfacet
  facet normal 0.000000e+00 -3.348796e-01 9.422609e-01
    outer loop
      vertex   4.599000e+01 3.640470e+01 2.845556e+02
      vertex   4.910000e+01 3.640470e+01 2.845556e+02
      vertex   4.599000e+01 3.659760e+01 2.846242e+02
    endloop
  endfacet
  facet normal 0.000000e+00 -3.348796e-01 9.422609e-01
    outer loop
      vertex   4.599000e+01 3.659760e+01 2.846242e+02
      vertex   4.910000e+01 3.640470e+01 2.845556e+02
      vertex   4.910000e+01 3.659760e+01 2.846242e+02
    endloop
  endfacet
  facet normal 0.000000e+00 -4.600650e-01 8.878852e-01
    outer loop
      vertex   4.599000e+01 3.659760e+01 2.846242e+02
      vertex   4.910000e+01 3.659760e+01 2.846242e+02
      vertex   4.599000e+01 3.677938e+01 2.847184e+02
    endloop
  endfacet
  facet normal 0.000000e+00 -4.600650e-01 8.878852e-01
    outer loop
      vertex   4.599000e+01 3.677938e+01 2.847184e+02
      vertex   4.910000e+01 3.659760e+01 2.846242e+02
      vertex   4.910000e+01 3.677938e+01 2.847184e+02
    endloop
  endfacet
  facet normal 0.000000e+00 -5.766803e-01 8.169699e-01
    outer loop
      vertex   4.599000e+01 3.677938e+01 2.847184e+02
      vertex   4.910000e+01 3.677938e+01 2.847184e+02
      vertex   4.599000e+01 3.694663e+01 2.848364e+02
    endloop
  endfacet
  facet normal 0.000000e+00 -5.766803e-01 8.169699e-01
    outer loop
      vertex   4.599000e+01 3.694663e+01 2.848364e+02
      vertex   4.910000e+01 3.677938e+01 2.847184e+02
      vertex   4.910000e+01 3.694663e+01 2.848364e+02
    endloop
  endfacet
  facet normal 0.000000e+00 -6.825531e-01 7.308360e-01
    outer loop
      vertex   4.599000e+01 3.694663e+01 2.848364e+02
      vertex   4.910000e+01 3.694663e+01 2.848364e+02
      vertex   4.599000e+01 3.709625e+01 2.849762e+02
    endloop
  endfacet
  facet normal 0.000000e+00 -6.825531e-01 7.308360e-01
    outer loop
      vertex   4.599000e+01 3.709625e+01 2.849762e+02
      vertex   4.910000e+01 3.694663e+01 2.848364e+02
      vertex   4.910000e+01 3.709625e+01 2.849762e+02
    endloop
  endfacet
  facet normal 0.000000e+00 -7.757113e-01 6.310879e-01
    outer loop
      vertex   4.599000e+01 3.709625e+01 2.849762e+02
      vertex   4.910000e+01 3.709625e+01 2.849762e+02
      vertex   4.599000e+01 3.722546e+01 2.851350e+02
    endloop
  endfacet
  facet normal 0.000000e+00 -7.757113e-01 6.310879e-01
    outer loop
      vertex   4.599000e+01 3.722546e+01 2.851350e+02
      vertex   4.910000e+01 3.709625e+01 2.849762e+02
      vertex   4.910000e+01 3.722546e+01 2.851350e+02
    endloop
  endfacet
  facet normal 0.000000e+00 -8.544194e-01 5.195840e-01
    outer loop
      vertex   4.599000e+01 3.722546e+01 2.851350e+02
      vertex   4.910000e+01 3.722546e+01 2.851350e+02
      vertex   4.599000e+01 3.733183e+01 2.853099e+02
    endloop
  endfacet
  facet normal 0.000000e+00 -8.544194e-01 5.195840e-01
    outer loop
      vertex   4.599000e+01 3.733183e+01 2.853099e+02
      vertex   4.910000e+01 3.722546e+01 2.851350e+02
      vertex   4.910000e+01 3.733183e+01 2.853099e+02
    endloop
  endfacet
  facet normal 0.000000e+00 -9.172113e-01 3.984011e-01
    outer loop
      vertex   4.599000e+01 3.733183e+01 2.853099e+02
      vertex   4.910000e+01 3.733183e+01 2.853099e+02
      vertex   4.599000e+01 3.741339e+01 2.854977e+02
    endloop
  endfacet
  facet normal 0.000000e+00 -9.172113e-01 3.984011e-01
    outer loop
      vertex   4.599000e+01 3.741339e+01 2.854977e+02
      vertex   4.910000e+01 3.733183e+01 2.853099e+02
      vertex   4.910000e+01 3.741339e+01 2.854977e+02
    endloop
  endfacet
  facet normal 0.000000e+00 -9.629173e-01 2.697968e-01
    outer loop
      vertex   4.599000e+01 3.741339e+01 2.854977e+02
      vertex   4.910000e+01 3.741339e+01 2.854977e+02
      vertex   4.599000e+01 3.746863e+01 2.856948e+02
    endloop
  endfacet
  facet normal 0.000000e+00 -9.629173e-01 2.697968e-01
    outer loop
      vertex   4.599000e+01 3.746863e+01 2.856948e+02
      vertex   4.910000e+01 3.741339e+01 2.854977e+02
      vertex   4.910000e+01 3.746863e+01 2.856948e+02
    endloop
  endfacet
  facet normal 0.000000e+00 -9.906859e-01 1.361666e-01
    outer loop
      vertex   4.599000e+01 3.746863e+01 2.856948e+02
      vertex   4.910000e+01 3.746863e+01 2.856948e+02
      vertex   4.599000e+01 3.749650e+01 2.858976e+02
    endloop
  endfacet
  facet normal 0.000000e+00 -9.906859e-01 1.361666e-01
    outer loop
      vertex   4.599000e+01 3.749650e+01 2.858976e+02
      vertex   4.910000e+01 3.746863e+01 2.856948e+02
      vertex   4.910000e+01 3.749650e+01 2.858976e+02
    endloop
  endfacet
  facet normal 0.000000e+00 -1.000000e+00 0.000000e+00
    outer loop
      vertex   4.599000e+01 3.749650e+01 2.858976e+02
      vertex   4.910000e+01 3.749650e+01 2.858976e+02
      vertex   4.599000e+01 3.749650e+01 2.861024e+02
    endloop
  endfacet
  facet normal 0.000000e+00 -1.000000e+00 0.000000e+00
    outer loop
      vertex   4.599000e+01 3.749650e+01 2.861024e+02
      vertex   4.910000e+01 3.749650e+01 2.858976e+02
      vertex   4.910000e+01 3.749650e+01 2.861024e+02
    endloop
  endfacet
  facet normal 0.000000e+00 -9.906859e-01 -1.361666e-01
    outer loop
      vertex   4.599000e+01 3.749650e+01 2.861024e+02
      vertex   4.910000e+01 3.749650e+01 2.861024e+02
      vertex   4.599000e+01 3.746863e+01 2.863052e+02
    endloop
  endfacet
  facet normal 0.000000e+00 -9.906859e-01 -1.361666e-01
    outer loop
      vertex   4.599000e+01 3.746863e+01 2.863052e+02
      vertex   4.910000e+01 3.749650e+01 2.861024e+02
      vertex   4.910000e+01 3.746863e+01 2.863052e+02
    endloop
  endfacet
  facet normal 0.000000e+00 -9.629173e-01 -2.697968e-01
    outer loop
      vertex   4.599000e+01 3.746863e+01 2.863052e+02
      vertex   4.910000e+01 3.746863e+01 2.863052e+02
      vertex   4.599000e+01 3.741339e+01 2.865023e+02
    endloop
  endfacet
  facet normal 0.000000e+00 -9.629173e-01 -2.697968e-01
    outer loop
      vertex   4.599000e+01 3.741339e+01 2.865023e+02
      vertex   4.910000e+01 3.746863e+01 2.863052e+02
      vertex   4.910000e+01 3.741339e+01 2.865023e+02
    endloop
  endfacet
  facet normal 0.000000e+00 -9.172113e-01 -3.984011e-01
    outer loop
      vertex   4.599000e+01 3.741339e+01 2.865023e+02
      vertex   4.910000e+01 3.741339e+01 2.865023e+02
      vertex   4.599000e+01 3.733183e+01 2.866901e+02
    endloop
  endfacet
  facet normal 0.000000e+00 -9.172113e-01 -3.984011e-01
    outer loop
      vertex   4.599000e+01 3.733183e+01 2.866901e+02
      vertex   4.910000e+01 3.741339e+01 2.865023e+02
      vertex   4.910000e+01 3.733183e+01 2.866901e+02
    endloop
  endfacet
  facet normal 0.000000e+00 -8.544194e-01 -5.195840e-01
    outer loop
      vertex   4.599000e+01 3.733183e+01 2.866901e+02
      vertex   4.910000e+01 3.733183e+01 2.866901e+02
      vertex   4.599000e+01 3.722546e+01 2.868650e+02
    endloop
  endfacet
  facet normal 0.000000e+00 -8.544194e-01 -5.195840e-01
    outer loop
      vertex   4.599000e+01 3.722546e+01 2.868650e+02
      vertex   4.910000e+01 3.733183e+01 2.866901e+02
      vertex   4.910000e+01 3.722546e+01 2.868650e+02
    endloop
  endfacet
  facet normal 0.000000e+00 -7.757113e-01 -6.310879e-01
    outer loop
      vertex   4.599000e+01 3.722546e+01 2.868650e+02
      vertex   4.910000e+01 3.722546e+01 2.868650e+02
      vertex   4.599000e+01 3.709625e+01 2.870238e+02
    endloop
  endfacet
  facet normal 0.000000e+00 -7.757113e-01 -6.310879e-01
    outer loop
      vertex   4.599000e+01 3.709625e+01 2.870238e+02
      vertex   4.910000e+01 3.722546e+01 2.868650e+02
      vertex   4.910000e+01 3.709625e+01 2.870238e+02
    endloop
  endfacet
  facet normal 0.000000e+00 -6.825531e-01 -7.308360e-01
    outer loop
      vertex   4.599000e+01 3.709625e+01 2.870238e+02
      vertex   4.910000e+01 3.709625e+01 2.870238e+02
      vertex   4.599000e+01 3.694663e+01 2.871636e+02
    endloop
  endfacet
  facet normal 0.000000e+00 -6.825531e-01 -7.308360e-01
    outer loop
      vertex   4.599000e+01 3.694663e+01 2.871636e+02
      vertex   4.910000e+01 3.709625e+01 2.870238e+02
      vertex   4.910000e+01 3.694663e+01 2.871636e+02
    endloop
  endfacet
  facet normal 0.000000e+00 -5.766803e-01 -8.169699e-01
    outer loop
      vertex   4.599000e+01 3.694663e+01 2.871636e+02
      vertex   4.910000e+01 3.694663e+01 2.871636e+02
      vertex   4.599000e+01 3.677938e+01 2.872816e+02
    endloop
  endfacet
  facet normal 0.000000e+00 -5.766803e-01 -8.169699e-01
    outer loop
      vertex   4.599000e+01 3.677938e+01 2.872816e+02
      vertex   4.910000e+01 3.694663e+01 2.871636e+02
      vertex   4.910000e+01 3.677938e+01 2.872816e+02
    endloop
  endfacet
  facet normal 0.000000e+00 -4.600650e-01 -8.878852e-01
    outer loop
      vertex   4.599000e+01 3.677938e+01 2.872816e+02
      vertex   4.910000e+01 3.677938e+01 2.872816e+02
      vertex   4.599000e+01 3.659760e+01 2.873758e+02
    endloop
  endfacet
  facet normal 0.000000e+00 -4.600650e-01 -8.878852e-01
    outer loop
      vertex   4.599000e+01 3.659760e+01 2.873758e+02
      vertex   4.910000e+01 3.677938e+01 2.872816e+02
      vertex   4.910000e+01 3.659760e+01 2.873758e+02
    endloop
  endfacet
  facet normal 0.000000e+00 -3.348796e-01 -9.422609e-01
    outer loop
      vertex   4.599000e+01 3.659760e+01 2.873758e+02
      vertex   4.910000e+01 3.659760e+01 2.873758e+02
      vertex   4.599000e+01 3.640470e+01 2.874444e+02
    endloop
  endfacet
  facet normal 0.000000e+00 -3.348796e-01 -9.422609e-01
    outer loop
      vertex   4.599000e+01 3.640470e+01 2.874444e+02
      vertex   4.910000e+01 3.659760e+01 2.873758e+02
      vertex   4.910000e+01 3.640470e+01 2.874444e+02
    endloop
  endfacet
  facet normal 0.000000e+00 -2.034560e-01 -9.790841e-01
    outer loop
      vertex   4.599000e+01 3.640470e+01 2.874444e+02
      vertex   4.910000e+01 3.640470e+01 2.874444e+02
      vertex   4.599000e+01 3.620425e+01 2.874860e+02
    endloop
  endfacet
  facet normal 0.000000e+00 -2.034560e-01 -9.790841e-01
    outer loop
      vertex   4.599000e+01 3.620425e+01 2.874860e+02
      vertex   4.910000e+01 3.640470e+01 2.874444e+02
      vertex   4.910000e+01 3.620425e+01 2.874860e+02
    endloop
  endfacet
  facet normal 0.000000e+00 -6.824241e-02 -9.976688e-01
    outer loop
      vertex   4.599000e+01 3.620425e+01 2.874860e+02
      vertex   4.910000e+01 3.620425e+01 2.874860e+02
      vertex   4.599000e+01 3.600000e+01 2.875000e+02
    endloop
  endfacet
  facet normal 0.000000e+00 -6.824241e-02 -9.976688e-01
    outer loop
      vertex   4.599000e+01 3.600000e+01 2.875000e+02
      vertex   4.910000e+01 3.620425e+01 2.874860e+02
      vertex   4.910000e+01 3.600000e+01 2.875000e+02
    endloop
  endfacet
  facet normal 0.000000e+00 6.824241e-02 -9.976688e-01
    outer loop
      vertex   4.599000e+01 3.600000e+01 2.875000e+02
      vertex   4.910000e+01 3.600000e+01 2.875000e+02
      vertex   4.599000e+01 3.579575e+01 2.874860e+02
    endloop
  endfacet
  facet normal 0.000000e+00 6.824241e-02 -9.976688e-01
    outer loop
      vertex   4.599000e+01 3.579575e+01 2.874860e+02
      vertex   4.910000e+01 3.600000e+01 2.875000e+02
      vertex   4.910000e+01 3.579575e+01 2.874860e+02
    endloop
  endfacet
  facet normal 0.000000e+00 2.034560e-01 -9.790841e-01
    outer loop
      vertex   4.599000e+01 3.579575e+01 2.874860e+02
      vertex   4.910000e+01 3.579575e+01 2.874860e+02
      vertex   4.599000e+01 3.559531e+01 2.874444e+02
    endloop
  endfacet
  facet normal 0.000000e+00 2.034560e-01 -9.790841e-01
    outer loop
      vertex   4.599000e+01 3.559531e+01 2.874444e+02
      vertex   4.910000e+01 3.579575e+01 2.874860e+02
      vertex   4.910000e+01 3.559531e+01 2.874444e+02
    endloop
  endfacet
  facet normal 0.000000e+00 3.348796e-01 -9.422609e-01
    outer loop
      vertex   4.599000e+01 3.559531e+01 2.874444e+02
      vertex   4.910000e+01 3.559531e+01 2.874444e+02
      vertex   4.599000e+01 3.540240e+01 2.873758e+02
    endloop
  endfacet
  facet normal 0.000000e+00 3.348796e-01 -9.422609e-01
    outer loop
      vertex   4.599000e+01 3.540240e+01 2.873758e+02
      vertex   4.910000e+01 3.559531e+01 2.874444e+02
      vertex   4.910000e+01 3.540240e+01 2.873758e+02
    endloop
  endfacet
  facet normal 0.000000e+00 4.600650e-01 -8.878852e-01
    outer loop
      vertex   4.599000e+01 3.540240e+01 2.873758e+02
      vertex   4.910000e+01 3.540240e+01 2.873758e+02
      vertex   4.599000e+01 3.522062e+01 2.872816e+02
    endloop
  endfacet
  facet normal 0.000000e+00 4.600650e-01 -8.878852e-01
    outer loop
      vertex   4.599000e+01 3.522062e+01 2.872816e+02
      vertex   4.910000e+01 3.540240e+01 2.873758e+02
      vertex   4.910000e+01 3.522062e+01 2.872816e+02
    endloop
  endfacet
  facet normal 0.000000e+00 5.766803e-01 -8.169699e-01
    outer loop
      vertex   4.599000e+01 3.522062e+01 2.872816e+02
      vertex   4.910000e+01 3.522062e+01 2.872816e+02
      vertex   4.599000e+01 3.505337e+01 2.871636e+02
    endloop
  endfacet
  facet normal 0.000000e+00 5.766803e-01 -8.169699e-01
    outer loop
      vertex   4.599000e+01 3.505337e+01 2.871636e+02
      vertex   4.910000e+01 3.522062e+01 2.872816e+02
      vertex   4.910000e+01 3.505337e+01 2.871636e+02
    endloop
  endfacet
  facet normal 0.000000e+00 6.825531e-01 -7.308360e-01
    outer loop
      vertex   4.599000e+01 3.505337e+01 2.871636e+02
      vertex   4.910000e+01 3.505337e+01 2.871636e+02
      vertex   4.599000e+01 3.490375e+01 2.870238e+02
    endloop
  endfacet
  facet normal 0.000000e+00 6.825531e-01 -7.308360e-01
    outer loop
      vertex   4.599000e+01 3.490375e+01 2.870238e+02
      vertex   4.910000e+01 3.505337e+01 2.871636e+02
      vertex   4.910000e+01 3.490375e+01 2.870238e+02
    endloop
  endfacet
  facet normal 0.000000e+00 7.757113e-01 -6.310879e-01
    outer loop
      vertex   4.599000e+01 3.490375e+01 2.870238e+02
      vertex   4.910000e+01 3.490375e+01 2.870238e+02
      vertex   4.599000e+01 3.477455e+01 2.868650e+02
    endloop
  endfacet
  facet normal 0.000000e+00 7.757113e-01 -6.310879e-01
    outer loop
      vertex   4.599000e+01 3.477455e+01 2.868650e+02
      vertex   4.910000e+01 3.490375e+01 2.870238e+02
      vertex   4.910000e+01 3.477455e+01 2.868650e+02
    endloop
  endfacet
  facet normal 0.000000e+00 8.544194e-01 -5.195840e-01
    outer loop
      vertex   4.599000e+01 3.477455e+01 2.868650e+02
      vertex   4.910000e+01 3.477455e+01 2.868650e+02
      vertex   4.599000e+01 3.466817e+01 2.866901e+02
    endloop
  endfacet
  facet normal 0.000000e+00 8.544194e-01 -5.195840e-01
    outer loop
      vertex   4.599000e+01 3.466817e+01 2.866901e+02
      vertex   4.910000e+01 3.477455e+01 2.868650e+02
      vertex   4.910000e+01 3.466817e+01 2.866901e+02
    endloop
  endfacet
  facet normal 0.000000e+00 9.172113e-01 -3.984011e-01
    outer loop
      vertex   4.599000e+01 3.466817e+01 2.866901e+02
      vertex   4.910000e+01 3.466817e+01 2.866901e+02
      vertex   4.599000e+01 3.458661e+01 2.865023e+02
    endloop
  endfacet
  facet normal 0.000000e+00 9.172113e-01 -3.984011e-01
    outer loop
      vertex   4.599000e+01 3.458661e+01 2.865023e+02
      vertex   4.910000e+01 3.466817e+01 2.866901e+02
      vertex   4.910000e+01 3.458661e+01 2.865023e+02
    endloop
  endfacet
  facet normal 0.000000e+00 9.629173e-01 -2.697968e-01
    outer loop
      vertex   4.599000e+01 3.458661e+01 2.865023e+02
      vertex   4.910000e+01 3.458661e+01 2.865023e+02
      vertex   4.599000e+01 3.453137e+01 2.863052e+02
    endloop
  endfacet
  facet normal 0.000000e+00 9.629173e-01 -2.697968e-01
    outer loop
      vertex   4.599000e+01 3.453137e+01 2.863052e+02
      vertex   4.910000e+01 3.458661e+01 2.865023e+02
      vertex   4.910000e+01 3.453137e+01 2.863052e+02
    endloop
  endfacet
  facet normal 0.000000e+00 9.906859e-01 -1.361666e-01
    outer loop
      vertex   4.599000e+01 3.453137e+01 2.863052e+02
      vertex   4.910000e+01 3.453137e+01 2.863052e+02
      vertex   4.599000e+01 3.450350e+01 2.861024e+02
    endloop
  endfacet
  facet normal 0.000000e+00 9.906859e-01 -1.361666e-01
    outer loop
      vertex   4.599000e+01 3.450350e+01 2.861024e+02
      vertex   4.910000e+01 3.453137e+01 2.863052e+02
      vertex   4.910000e+01 3.450350e+01 2.861024e+02
    endloop
  endfacet
  facet normal -0.000000e+00 1.000000e+00 0.000000e+00
    outer loop
      vertex   4.599000e+01 3.450350e+01 2.861024e+02
      vertex   4.910000e+01 3.450350e+01 2.861024e+02
      vertex   4.599000e+01 3.450350e+01 2.858976e+02
    endloop
  endfacet
  facet normal 0.000000e+00 1.000000e+00 0.000000e+00
    outer loop
      vertex   4.599000e+01 3.450350e+01 2.858976e+02
      vertex   4.910000e+01 3.450350e+01 2.861024e+02
      vertex   4.910000e+01 3.450350e+01 2.858976e+02
    endloop
  endfacet
  facet normal -0.000000e+00 9.906859e-01 1.361666e-01
    outer loop
      vertex   4.599000e+01 3.450350e+01 2.858976e+02
      vertex   4.910000e+01 3.450350e+01 2.858976e+02
      vertex   4.599000e+01 3.453137e+01 2.856948e+02
    endloop
  endfacet
  facet normal -0.000000e+00 9.906859e-01 1.361666e-01
    outer loop
      vertex   4.599000e+01 3.453137e+01 2.856948e+02
      vertex   4.910000e+01 3.450350e+01 2.858976e+02
      vertex   4.910000e+01 3.453137e+01 2.856948e+02
    endloop
  endfacet
  facet normal -0.000000e+00 9.629173e-01 2.697968e-01
    outer loop
      vertex   4.599000e+01 3.453137e+01 2.856948e+02
      vertex   4.910000e+01 3.453137e+01 2.856948e+02
      vertex   4.599000e+01 3.458661e+01 2.854977e+02
    endloop
  endfacet
  facet normal -0.000000e+00 9.629173e-01 2.697968e-01
    outer loop
      vertex   4.599000e+01 3.458661e+01 2.854977e+02
      vertex   4.910000e+01 3.453137e+01 2.856948e+02
      vertex   4.910000e+01 3.458661e+01 2.854977e+02
    endloop
  endfacet
  facet normal -0.000000e+00 9.172113e-01 3.984011e-01
    outer loop
      vertex   4.599000e+01 3.458661e+01 2.854977e+02
      vertex   4.910000e+01 3.458661e+01 2.854977e+02
      vertex   4.599000e+01 3.466817e+01 2.853099e+02
    endloop
  endfacet
  facet normal -0.000000e+00 9.172113e-01 3.984011e-01
    outer loop
      vertex   4.599000e+01 3.466817e+01 2.853099e+02
      vertex   4.910000e+01 3.458661e+01 2.854977e+02
      vertex   4.910000e+01 3.466817e+01 2.853099e+02
    endloop
  endfacet
  facet normal -0.000000e+00 8.544194e-01 5.195840e-01
    outer loop
      vertex   4.599000e+01 3.466817e+01 2.853099e+02
      vertex   4.910000e+01 3.466817e+01 2.853099e+02
      vertex   4.599000e+01 3.477455e+01 2.851350e+02
    endloop
  endfacet
  facet normal -0.000000e+00 8.544194e-01 5.195840e-01
    outer loop
      vertex   4.599000e+01 3.477455e+01 2.851350e+02
      vertex   4.910000e+01 3.466817e+01 2.853099e+02
      vertex   4.910000e+01 3.477455e+01 2.851350e+02
    endloop
  endfacet
  facet normal -0.000000e+00 7.757113e-01 6.310879e-01
    outer loop
      vertex   4.599000e+01 3.477455e+01 2.851350e+02
      vertex   4.910000e+01 3.477455e+01 2.851350e+02
      vertex   4.599000e+01 3.490375e+01 2.849762e+02
    endloop
  endfacet
  facet normal -0.000000e+00 7.757113e-01 6.310879e-01
    outer loop
      vertex   4.599000e+01 3.490375e+01 2.849762e+02
      vertex   4.910000e+01 3.477455e+01 2.851350e+02
      vertex   4.910000e+01 3.490375e+01 2.849762e+02
    endloop
  endfacet
  facet normal -0.000000e+00 6.825531e-01 7.308360e-01
    outer loop
      vertex   4.599000e+01 3.490375e+01 2.849762e+02
      vertex   4.910000e+01 3.490375e+01 2.849762e+02
      vertex   4.599000e+01 3.505337e+01 2.848364e+02
    endloop
  endfacet
  facet normal -0.000000e+00 6.825531e-01 7.308360e-01
    outer loop
      vertex   4.599000e+01 3.505337e+01 2.848364e+02
      vertex   4.910000e+01 3.490375e+01 2.849762e+02
      vertex   4.910000e+01 3.505337e+01 2.848364e+02
    endloop
  endfacet
  facet normal -0.000000e+00 5.766803e-01 8.169699e-01
    outer loop
      vertex   4.599000e+01 3.505337e+01 2.848364e+02
      vertex   4.910000e+01 3.505337e+01 2.848364e+02
      vertex   4.599000e+01 3.522062e+01 2.847184e+02
    endloop
  endfacet
  facet normal -0.000000e+00 5.766803e-01 8.169699e-01
    outer loop
      vertex   4.599000e+01 3.522062e+01 2.847184e+02
      vertex   4.910000e+01 3.505337e+01 2.848364e+02
      vertex   4.910000e+01 3.522062e+01 2.847184e+02
    endloop
  endfacet
  facet normal -0.000000e+00 4.600650e-01 8.878852e-01
    outer loop
      vertex   4.599000e+01 3.522062e+01 2.847184e+02
      vertex   4.910000e+01 3.522062e+01 2.847184e+02
      vertex   4.599000e+01 3.540240e+01 2.846242e+02
    endloop
  endfacet
  facet normal -0.000000e+00 4.600650e-01 8.878852e-01
    outer loop
      vertex   4.599000e+01 3.540240e+01 2.846242e+02
      vertex   4.910000e+01 3.522062e+01 2.847184e+02
      vertex   4.910000e+01 3.540240e+01 2.846242e+02
    endloop
  endfacet
  facet normal -0.000000e+00 3.348796e-01 9.422609e-01
    outer loop
      vertex   4.599000e+01 3.540240e+01 2.846242e+02
      vertex   4.910000e+01 3.540240e+01 2.846242e+02
      vertex   4.599000e+01 3.559531e+01 2.845556e+02
    endloop
  endfacet
  facet normal -0.000000e+00 3.348796e-01 9.422609e-01
    outer loop
      vertex   4.599000e+01 3.559531e+01 2.845556e+02
      vertex   4.910000e+01 3.540240e+01 2.846242e+02
      vertex   4.910000e+01 3.559531e+01 2.845556e+02
    endloop
  endfacet
  facet normal -0.000000e+00 2.034560e-01 9.790841e-01
    outer loop
      vertex   4.599000e+01 3.559531e+01 2.845556e+02
      vertex   4.910000e+01 3.559531e+01 2.845556e+02
      vertex   4.599000e+01 3.579575e+01 2.845140e+02
    endloop
  endfacet
  facet normal -0.000000e+00 2.034560e-01 9.790841e-01
    outer loop
      vertex   4.599000e+01 3.579575e+01 2.845140e+02
      vertex   4.910000e+01 3.559531e+01 2.845556e+02
      vertex   4.910000e+01 3.579575e+01 2.845140e+02
    endloop
  endfacet
  facet normal -0.000000e+00 6.824241e-02 9.976688e-01
    outer loop
      vertex   4.599000e+01 3.579575e+01 2.725140e+02
      vertex   4.910000e+01 3.579575e+01 2.725140e+02
      vertex   4.599000e+01 3.600000e+01 2.725000e+02
    endloop
  endfacet
  facet normal -0.000000e+00 6.824241e-02 9.976688e-01
    outer loop
      vertex   4.599000e+01 3.600000e+01 2.725000e+02
      vertex   4.910000e+01 3.579575e+01 2.725140e+02
      vertex   4.910000e+01 3.600000e+01 2.725000e+02
    endloop
  endfacet
  facet normal 0.000000e+00 -6.824241e-02 9.976688e-01
    outer loop
      vertex   4.599000e+01 3.600000e+01 2.725000e+02
      vertex   4.910000e+01 3.600000e+01 2.725000e+02
      vertex   4.599000e+01 3.620425e+01 2.725140e+02
    endloop
  endfacet
  facet normal 0.000000e+00 -6.824241e-02 9.976688e-01
    outer loop
      vertex   4.599000e+01 3.620425e+01 2.725140e+02
      vertex   4.910000e+01 3.600000e+01 2.725000e+02
      vertex   4.910000e+01 3.620425e+01 2.725140e+02
    endloop
  endfacet
  facet normal 0.000000e+00 -2.034560e-01 9.790841e-01
    outer loop
      vertex   4.599000e+01 3.620425e+01 2.725140e+02
      vertex   4.910000e+01 3.620425e+01 2.725140e+02
      vertex   4.599000e+01 3.640470e+01 2.725556e+02
    endloop
  endfacet
  facet normal 0.000000e+00 -2.034560e-01 9.790841e-01
    outer loop
      vertex   4.599000e+01 3.640470e+01 2.725556e+02
      vertex   4.910000e+01 3.620425e+01 2.725140e+02
      vertex   4.910000e+01 3.640470e+01 2.725556e+02
    endloop
  endfacet
  facet normal 0.000000e+00 -3.348796e-01 9.422609e-01
    outer loop
      vertex   4.599000e+01 3.640470e+01 2.725556e+02
      vertex   4.910000e+01 3.640470e+01 2.725556e+02
      vertex   4.599000e+01 3.659760e+01 2.726242e+02
    endloop
  endfacet
  facet normal 0.000000e+00 -3.348796e-01 9.422609e-01
    outer loop
      vertex   4.599000e+01 3.659760e+01 2.726242e+02
      vertex   4.910000e+01 3.640470e+01 2.725556e+02
      vertex   4.910000e+01 3.659760e+01 2.726242e+02
    endloop
  endfacet
  facet normal 0.000000e+00 -4.600650e-01 8.878852e-01
    outer loop
      vertex   4.599000e+01 3.659760e+01 2.726242e+02
      vertex   4.910000e+01 3.659760e+01 2.726242e+02
      vertex   4.599000e+01 3.677938e+01 2.727184e+02
    endloop
  endfacet
  facet normal 0.000000e+00 -4.600650e-01 8.878852e-01
    outer loop
      vertex   4.599000e+01 3.677938e+01 2.727184e+02
      vertex   4.910000e+01 3.659760e+01 2.726242e+02
      vertex   4.910000e+01 3.677938e+01 2.727184e+02
    endloop
  endfacet
  facet normal 0.000000e+00 -5.766803e-01 8.169699e-01
    outer loop
      vertex   4.599000e+01 3.677938e+01 2.727184e+02
      vertex   4.910000e+01 3.677938e+01 2.727184e+02
      vertex   4.599000e+01 3.694663e+01 2.728364e+02
    endloop
  endfacet
  facet normal 0.000000e+00 -5.766803e-01 8.169699e-01
    outer loop
      vertex   4.599000e+01 3.694663e+01 2.728364e+02
      vertex   4.910000e+01 3.677938e+01 2.727184e+02
      vertex   4.910000e+01 3.694663e+01 2.728364e+02
    endloop
  endfacet
  facet normal 0.000000e+00 -6.825531e-01 7.308360e-01
    outer loop
      vertex   4.599000e+01 3.694663e+01 2.728364e+02
      vertex   4.910000e+01 3.694663e+01 2.728364e+02
      vertex   4.599000e+01 3.709625e+01 2.729762e+02
    endloop
  endfacet
  facet normal 0.000000e+00 -6.825531e-01 7.308360e-01
    outer loop
      vertex   4.599000e+01 3.709625e+01 2.729762e+02
      vertex   4.910000e+01 3.694663e+01 2.728364e+02
      vertex   4.910000e+01 3.709625e+01 2.729762e+02
    endloop
  endfacet
  facet normal 0.000000e+00 -7.757113e-01 6.310879e-01
    outer loop
      vertex   4.599000e+01 3.709625e+01 2.729762e+02
      vertex   4.910000e+01 3.709625e+01 2.729762e+02
      vertex   4.599000e+01 3.722546e+01 2.731350e+02
    endloop
  endfacet
  facet normal 0.000000e+00 -7.757113e-01 6.310879e-01
    outer loop
      vertex   4.599000e+01 3.722546e+01 2.731350e+02
      vertex   4.910000e+01 3.709625e+01 2.729762e+02
      vertex   4.910000e+01 3.722546e+01 2.731350e+02
    endloop
  endfacet
  facet normal 0.000000e+00 -8.544194e-01 5.195840e-01
    outer loop
      vertex   4.599000e+01 3.722546e+01 2.731350e+02
      vertex   4.910000e+01 3.722546e+01 2.731350e+02
      vertex   4.599000e+01 3.733183e+01 2.733099e+02
    endloop
  endfacet
  facet normal 0.000000e+00 -8.544194e-01 5.195840e-01
    outer loop
      vertex   4.599000e+01 3.733183e+01 2.733099e+02
      vertex   4.910000e+01 3.722546e+01 2.731350e+02
      vertex   4.910000e+01 3.733183e+01 2.733099e+02
    endloop
  endfacet
  facet normal 0.000000e+00 -9.172113e-01 3.984011e-01
    outer loop
      vertex   4.599000e+01 3.733183e+01 2.733099e+02
      vertex   4.910000e+01 3.733183e+01 2.733099e+02
      vertex   4.599000e+01 3.741339e+01 2.734977e+02
    endloop
  endfacet
  facet normal 0.000000e+00 -9.172113e-01 3.984011e-01
    outer loop
      vertex   4.599000e+01 3.741339e+01 2.734977e+02
      vertex   4.910000e+01 3.733183e+01 2.733099e+02
      vertex   4.910000e+01 3.741339e+01 2.734977e+02
    endloop
  endfacet
  facet normal 0.000000e+00 -9.629173e-01 2.697968e-01
    outer loop
      vertex   4.599000e+01 3.741339e+01 2.734977e+02
      vertex   4.910000e+01 3.741339e+01 2.734977e+02
      vertex   4.599000e+01 3.746863e+01 2.736948e+02
    endloop
  endfacet
  facet normal 0.000000e+00 -9.629173e-01 2.697968e-01
    outer loop
      vertex   4.599000e+01 3.746863e+01 2.736948e+02
      vertex   4.910000e+01 3.741339e+01 2.734977e+02
      vertex   4.910000e+01 3.746863e+01 2.736948e+02
    endloop
  endfacet
  facet normal 0.000000e+00 -9.906859e-01 1.361666e-01
    outer loop
      vertex   4.599000e+01 3.746863e+01 2.736948e+02
      vertex   4.910000e+01 3.746863e+01 2.736948e+02
      vertex   4.599000e+01 3.749650e+01 2.738976e+02
    endloop
  endfacet
  facet normal 0.000000e+00 -9.906859e-01 1.361666e-01
    outer loop
      vertex   4.599000e+01 3.749650e+01 2.738976e+02
      vertex   4.910000e+01 3.746863e+01 2.736948e+02
      vertex   4.910000e+01 3.749650e+01 2.738976e+02
    endloop
  endfacet
  facet normal 0.000000e+00 -1.000000e+00 0.000000e+00
    outer loop
      vertex   4.599000e+01 3.749650e+01 2.738976e+02
      vertex   4.910000e+01 3.749650e+01 2.738976e+02
      vertex   4.599000e+01 3.749650e+01 2.741024e+02
    endloop
  endfacet
  facet normal 0.000000e+00 -1.000000e+00 0.000000e+00
    outer loop
      vertex   4.599000e+01 3.749650e+01 2.741024e+02
      vertex   4.910000e+01 3.749650e+01 2.738976e+02
      vertex   4.910000e+01 3.749650e+01 2.741024e+02
    endloop
  endfacet
  facet normal 0.000000e+00 -9.906859e-01 -1.361666e-01
    outer loop
      vertex   4.599000e+01 3.749650e+01 2.741024e+02
      vertex   4.910000e+01 3.749650e+01 2.741024e+02
      vertex   4.599000e+01 3.746863e+01 2.743052e+02
    endloop
  endfacet
  facet normal 0.000000e+00 -9.906859e-01 -1.361666e-01
    outer loop
      vertex   4.599000e+01 3.746863e+01 2.743052e+02
      vertex   4.910000e+01 3.749650e+01 2.741024e+02
      vertex   4.910000e+01 3.746863e+01 2.743052e+02
    endloop
  endfacet
  facet normal 0.000000e+00 -9.629173e-01 -2.697968e-01
    outer loop
      vertex   4.599000e+01 3.746863e+01 2.743052e+02
      vertex   4.910000e+01 3.746863e+01 2.743052e+02
      vertex   4.599000e+01 3.741339e+01 2.745023e+02
    endloop
  endfacet
  facet normal 0.000000e+00 -9.629173e-01 -2.697968e-01
    outer loop
      vertex   4.599000e+01 3.741339e+01 2.745023e+02
      vertex   4.910000e+01 3.746863e+01 2.743052e+02
      vertex   4.910000e+01 3.741339e+01 2.745023e+02
    endloop
  endfacet
  facet normal 0.000000e+00 -9.172113e-01 -3.984011e-01
    outer loop
      vertex   4.599000e+01 3.741339e+01 2.745023e+02
      vertex   4.910000e+01 3.741339e+01 2.745023e+02
      vertex   4.599000e+01 3.733183e+01 2.746901e+02
    endloop
  endfacet
  facet normal 0.000000e+00 -9.172113e-01 -3.984011e-01
    outer loop
      vertex   4.599000e+01 3.733183e+01 2.746901e+02
      vertex   4.910000e+01 3.741339e+01 2.745023e+02
      vertex   4.910000e+01 3.733183e+01 2.746901e+02
    endloop
  endfacet
  facet normal 0.000000e+00 -8.544194e-01 -5.195840e-01
    outer loop
      vertex   4.599000e+01 3.733183e+01 2.746901e+02
      vertex   4.910000e+01 3.733183e+01 2.746901e+02
      vertex   4.599000e+01 3.722546e+01 2.748650e+02
    endloop
  endfacet
  facet normal 0.000000e+00 -8.544194e-01 -5.195840e-01
    outer loop
      vertex   4.599000e+01 3.722546e+01 2.748650e+02
      vertex   4.910000e+01 3.733183e+01 2.746901e+02
      vertex   4.910000e+01 3.722546e+01 2.748650e+02
    endloop
  endfacet
  facet normal 0.000000e+00 -7.757113e-01 -6.310879e-01
    outer loop
      vertex   4.599000e+01 3.722546e+01 2.748650e+02
      vertex   4.910000e+01 3.722546e+01 2.748650e+02
      vertex   4.599000e+01 3.709625e+01 2.750238e+02
    endloop
  endfacet
  facet normal 0.000000e+00 -7.757113e-01 -6.310879e-01
    outer loop
      vertex   4.599000e+01 3.709625e+01 2.750238e+02
      vertex   4.910000e+01 3.722546e+01 2.748650e+02
      vertex   4.910000e+01 3.709625e+01 2.750238e+02
    endloop
  endfacet
  facet normal 0.000000e+00 -6.825531e-01 -7.308360e-01
    outer loop
      vertex   4.599000e+01 3.709625e+01 2.750238e+02
      vertex   4.910000e+01 3.709625e+01 2.750238e+02
      vertex   4.599000e+01 3.694663e+01 2.751636e+02
    endloop
  endfacet
  facet normal 0.000000e+00 -6.825531e-01 -7.308360e-01
    outer loop
      vertex   4.599000e+01 3.694663e+01 2.751636e+02
      vertex   4.910000e+01 3.709625e+01 2.750238e+02
      vertex   4.910000e+01 3.694663e+01 2.751636e+02
    endloop
  endfacet
  facet normal 0.000000e+00 -5.766803e-01 -8.169699e-01
    outer loop
      vertex   4.599000e+01 3.694663e+01 2.751636e+02
      vertex   4.910000e+01 3.694663e+01 2.751636e+02
      vertex   4.599000e+01 3.677938e+01 2.752816e+02
    endloop
  endfacet
  facet normal 0.000000e+00 -5.766803e-01 -8.169699e-01
    outer loop
      vertex   4.599000e+01 3.677938e+01 2.752816e+02
      vertex   4.910000e+01 3.694663e+01 2.751636e+02
      vertex   4.910000e+01 3.677938e+01 2.752816e+02
    endloop
  endfacet
  facet normal 0.000000e+00 -4.600650e-01 -8.878852e-01
    outer loop
      vertex   4.599000e+01 3.677938e+01 2.752816e+02
      vertex   4.910000e+01 3.677938e+01 2.752816e+02
      vertex   4.599000e+01 3.659760e+01 2.753758e+02
    endloop
  endfacet
  facet normal 0.000000e+00 -4.600650e-01 -8.878852e-01
    outer loop
      vertex   4.599000e+01 3.659760e+01 2.753758e+02
      vertex   4.910000e+01 3.677938e+01 2.752816e+02
      vertex   4.910000e+01 3.659760e+01 2.753758e+02
    endloop
  endfacet
  facet normal 0.000000e+00 -3.348796e-01 -9.422609e-01
    outer loop
      vertex   4.599000e+01 3.659760e+01 2.753758e+02
      vertex   4.910000e+01 3.659760e+01 2.753758e+02
      vertex   4.599000e+01 3.640470e+01 2.754444e+02
    endloop
  endfacet
  facet normal 0.000000e+00 -3.348796e-01 -9.422609e-01
    outer loop
      vertex   4.599000e+01 3.640470e+01 2.754444e+02
      vertex   4.910000e+01 3.659760e+01 2.753758e+02
      vertex   4.910000e+01 3.640470e+01 2.754444e+02
    endloop
  endfacet
  facet normal 0.000000e+00 -2.034560e-01 -9.790841e-01
    outer loop
      vertex   4.599000e+01 3.640470e+01 2.754444e+02
      vertex   4.910000e+01 3.640470e+01 2.754444e+02
      vertex   4.599000e+01 3.620425e+01 2.754860e+02
    endloop
  endfacet
  facet normal 0.000000e+00 -2.034560e-01 -9.790841e-01
    outer loop
      vertex   4.599000e+01 3.620425e+01 2.754860e+02
      vertex   4.910000e+01 3.640470e+01 2.754444e+02
      vertex   4.910000e+01 3.620425e+01 2.754860e+02
    endloop
  endfacet
  facet normal 0.000000e+00 -6.824241e-02 -9.976688e-01
    outer loop
      vertex   4.599000e+01 3.620425e+01 2.754860e+02
      vertex   4.910000e+01 3.620425e+01 2.754860e+02
      vertex   4.599000e+01 3.600000e+01 2.755000e+02
    endloop
  endfacet
  facet normal 0.000000e+00 -6.824241e-02 -9.976688e-01
    outer loop
      vertex   4.599000e+01 3.600000e+01 2.755000e+02
      vertex   4.910000e+01 3.620425e+01 2.754860e+02
      vertex   4.910000e+01 3.600000e+01 2.755000e+02
    endloop
  endfacet
  facet normal 0.000000e+00 6.824241e-02 -9.976688e-01
    outer loop
      vertex   4.599000e+01 3.600000e+01 2.755000e+02
      vertex   4.910000e+01 3.600000e+01 2.755000e+02
      vertex   4.599000e+01 3.579575e+01 2.754860e+02
    endloop
  endfacet
  facet normal 0.000000e+00 6.824241e-02 -9.976688e-01
    outer loop
      vertex   4.599000e+01 3.579575e+01 2.754860e+02
      vertex   4.910000e+01 3.600000e+01 2.755000e+02
      vertex   4.910000e+01 3.579575e+01 2.754860e+02
    endloop
  endfacet
  facet normal 0.000000e+00 2.034560e-01 -9.790841e-01
    outer loop
      vertex   4.599000e+01 3.579575e+01 2.754860e+02
      vertex   4.910000e+01 3.579575e+01 2.754860e+02
      vertex   4.599000e+01 3.559531e+01 2.754444e+02
    endloop
  endfacet
  facet normal 0.000000e+00 2.034560e-01 -9.790841e-01
    outer loop
      vertex   4.599000e+01 3.559531e+01 2.754444e+02
      vertex   4.910000e+01 3.579575e+01 2.754860e+02
      vertex   4.910000e+01 3.559531e+01 2.754444e+02
    endloop
  endfacet
  facet normal 0.000000e+00 3.348796e-01 -9.422609e-01
    outer loop
      vertex   4.599000e+01 3.559531e+01 2.754444e+02
      vertex   4.910000e+01 3.559531e+01 2.754444e+02
      vertex   4.599000e+01 3.540240e+01 2.753758e+02
    endloop
  endfacet
  facet normal 0.000000e+00 3.348796e-01 -9.422609e-01
    outer loop
      vertex   4.599000e+01 3.540240e+01 2.753758e+02
      vertex   4.910000e+01 3.559531e+01 2.754444e+02
      vertex   4.910000e+01 3.540240e+01 2.753758e+02
    endloop
  endfacet
  facet normal 0.000000e+00 4.600650e-01 -8.878852e-01
    outer loop
      vertex   4.599000e+01 3.540240e+01 2.753758e+02
      vertex   4.910000e+01 3.540240e+01 2.753758e+02
      vertex   4.599000e+01 3.522062e+01 2.752816e+02
    endloop
  endfacet
  facet normal 0.000000e+00 4.600650e-01 -8.878852e-01
    outer loop
      vertex   4.599000e+01 3.522062e+01 2.752816e+02
      vertex   4.910000e+01 3.540240e+01 2.753758e+02
      vertex   4.910000e+01 3.522062e+01 2.752816e+02
    endloop
  endfacet
  facet normal 0.000000e+00 5.766803e-01 -8.169699e-01
    outer loop
      vertex   4.599000e+01 3.522062e+01 2.752816e+02
      vertex   4.910000e+01 3.522062e+01 2.752816e+02
      vertex   4.599000e+01 3.505337e+01 2.751636e+02
    endloop
  endfacet
  facet normal 0.000000e+00 5.766803e-01 -8.169699e-01
    outer loop
      vertex   4.599000e+01 3.505337e+01 2.751636e+02
      vertex   4.910000e+01 3.522062e+01 2.752816e+02
      vertex   4.910000e+01 3.505337e+01 2.751636e+02
    endloop
  endfacet
  facet normal 0.000000e+00 6.825531e-01 -7.308360e-01
    outer loop
      vertex   4.599000e+01 3.505337e+01 2.751636e+02
      vertex   4.910000e+01 3.505337e+01 2.751636e+02
      vertex   4.599000e+01 3.490375e+01 2.750238e+02
    endloop
  endfacet
  facet normal 0.000000e+00 6.825531e-01 -7.308360e-01
    outer loop
      vertex   4.599000e+01 3.490375e+01 2.750238e+02
      vertex   4.910000e+01 3.505337e+01 2.751636e+02
      vertex   4.910000e+01 3.490375e+01 2.750238e+02
    endloop
  endfacet
  facet normal 0.000000e+00 7.757113e-01 -6.310879e-01
    outer loop
      vertex   4.599000e+01 3.490375e+01 2.750238e+02
      vertex   4.910000e+01 3.490375e+01 2.750238e+02
      vertex   4.599000e+01 3.477455e+01 2.748650e+02
    endloop
  endfacet
  facet normal 0.000000e+00 7.757113e-01 -6.310879e-01
    outer loop
      vertex   4.599000e+01 3.477455e+01 2.748650e+02
      vertex   4.910000e+01 3.490375e+01 2.750238e+02
      vertex   4.910000e+01 3.477455e+01 2.748650e+02
    endloop
  endfacet
  facet normal 0.000000e+00 8.544194e-01 -5.195840e-01
    outer loop
      vertex   4.599000e+01 3.477455e+01 2.748650e+02
      vertex   4.910000e+01 3.477455e+01 2.748650e+02
      vertex   4.599000e+01 3.466817e+01 2.746901e+02
    endloop
  endfacet
  facet normal 0.000000e+00 8.544194e-01 -5.195840e-01
    outer loop
      vertex   4.599000e+01 3.466817e+01 2.746901e+02
      vertex   4.910000e+01 3.477455e+01 2.748650e+02
      vertex   4.910000e+01 3.466817e+01 2.746901e+02
    endloop
  endfacet
  facet normal 0.000000e+00 9.172113e-01 -3.984011e-01
    outer loop
      vertex   4.599000e+01 3.466817e+01 2.746901e+02
      vertex   4.910000e+01 3.466817e+01 2.746901e+02
      vertex   4.599000e+01 3.458661e+01 2.745023e+02
    endloop
  endfacet
  facet normal 0.000000e+00 9.172113e-01 -3.984011e-01
    outer loop
      vertex   4.599000e+01 3.458661e+01 2.745023e+02
      vertex   4.910000e+01 3.466817e+01 2.746901e+02
      vertex   4.910000e+01 3.458661e+01 2.745023e+02
    endloop
  endfacet
  facet normal 0.000000e+00 9.629173e-01 -2.697968e-01
    outer loop
      vertex   4.599000e+01 3.458661e+01 2.745023e+02
      vertex   4.910000e+01 3.458661e+01 2.745023e+02
      vertex   4.599000e+01 3.453137e+01 2.743052e+02
    endloop
  endfacet
  facet normal 0.000000e+00 9.629173e-01 -2.697968e-01
    outer loop
      vertex   4.599000e+01 3.453137e+01 2.743052e+02
      vertex   4.910000e+01 3.458661e+01 2.745023e+02
      vertex   4.910000e+01 3.453137e+01 2.743052e+02
    endloop
  endfacet
  facet normal 0.000000e+00 9.906859e-01 -1.361666e-01
    outer loop
      vertex   4.599000e+01 3.453137e+01 2.743052e+02
      vertex   4.910000e+01 3.453137e+01 2.743052e+02
      vertex   4.599000e+01 3.450350e+01 2.741024e+02
    endloop
  endfacet
  facet normal 0.000000e+00 9.906859e-01 -1.361666e-01
    outer loop
      vertex   4.599000e+01 3.450350e+01 2.741024e+02
      vertex   4.910000e+01 3.453137e+01 2.743052e+02
      vertex   4.910000e+01 3.450350e+01 2.741024e+02
    endloop
  endfacet
  facet normal -0.000000e+00 1.000000e+00 0.000000e+00
    outer loop
      vertex   4.599000e+01 3.450350e+01 2.741024e+02
      vertex   4.910000e+01 3.450350e+01 2.741024e+02
      vertex   4.599000e+01 3.450350e+01 2.738976e+02
    endloop
  endfacet
  facet normal 0.000000e+00 1.000000e+00 0.000000e+00
    outer loop
      vertex   4.599000e+01 3.450350e+01 2.738976e+02
      vertex   4.910000e+01 3.450350e+01 2.741024e+02
      vertex   4.910000e+01 3.450350e+01 2.738976e+02
    endloop
  endfacet
  facet normal -0.000000e+00 9.906859e-01 1.361666e-01
    outer loop
      vertex   4.599000e+01 3.450350e+01 2.738976e+02
      vertex   4.910000e+01 3.450350e+01 2.738976e+02
      vertex   4.599000e+01 3.453137e+01 2.736948e+02
    endloop
  endfacet
  facet normal -0.000000e+00 9.906859e-01 1.361666e-01
    outer loop
      vertex   4.599000e+01 3.453137e+01 2.736948e+02
      vertex   4.910000e+01 3.450350e+01 2.738976e+02
      vertex   4.910000e+01 3.453137e+01 2.736948e+02
    endloop
  endfacet
  facet normal -0.000000e+00 9.629173e-01 2.697968e-01
    outer loop
      vertex   4.599000e+01 3.453137e+01 2.736948e+02
      vertex   4.910000e+01 3.453137e+01 2.736948e+02
      vertex   4.599000e+01 3.458661e+01 2.734977e+02
    endloop
  endfacet
  facet normal -0.000000e+00 9.629173e-01 2.697968e-01
    outer loop
      vertex   4.599000e+01 3.458661e+01 2.734977e+02
      vertex   4.910000e+01 3.453137e+01 2.736948e+02
      vertex   4.910000e+01 3.458661e+01 2.734977e+02
    endloop
  endfacet
  facet normal -0.000000e+00 9.172113e-01 3.984011e-01
    outer loop
      vertex   4.599000e+01 3.458661e+01 2.734977e+02
      vertex   4.910000e+01 3.458661e+01 2.734977e+02
      vertex   4.599000e+01 3.466817e+01 2.733099e+02
    endloop
  endfacet
  facet normal -0.000000e+00 9.172113e-01 3.984011e-01
    outer loop
      vertex   4.599000e+01 3.466817e+01 2.733099e+02
      vertex   4.910000e+01 3.458661e+01 2.734977e+02
      vertex   4.910000e+01 3.466817e+01 2.733099e+02
    endloop
  endfacet
  facet normal -0.000000e+00 8.544194e-01 5.195840e-01
    outer loop
      vertex   4.599000e+01 3.466817e+01 2.733099e+02
      vertex   4.910000e+01 3.466817e+01 2.733099e+02
      vertex   4.599000e+01 3.477455e+01 2.731350e+02
    endloop
  endfacet
  facet normal -0.000000e+00 8.544194e-01 5.195840e-01
    outer loop
      vertex   4.599000e+01 3.477455e+01 2.731350e+02
      vertex   4.910000e+01 3.466817e+01 2.733099e+02
      vertex   4.910000e+01 3.477455e+01 2.731350e+02
    endloop
  endfacet
  facet normal -0.000000e+00 7.757113e-01 6.310879e-01
    outer loop
      vertex   4.599000e+01 3.477455e+01 2.731350e+02
      vertex   4.910000e+01 3.477455e+01 2.731350e+02
      vertex   4.599000e+01 3.490375e+01 2.729762e+02
    endloop
  endfacet
  facet normal -0.000000e+00 7.757113e-01 6.310879e-01
    outer loop
      vertex   4.599000e+01 3.490375e+01 2.729762e+02
      vertex   4.910000e+01 3.477455e+01 2.731350e+02
      vertex   4.910000e+01 3.490375e+01 2.729762e+02
    endloop
  endfacet
  facet normal -0.000000e+00 6.825531e-01 7.308360e-01
    outer loop
      vertex   4.599000e+01 3.490375e+01 2.729762e+02
      vertex   4.910000e+01 3.490375e+01 2.729762e+02
      vertex   4.599000e+01 3.505337e+01 2.728364e+02
    endloop
  endfacet
  facet normal -0.000000e+00 6.825531e-01 7.308360e-01
    outer loop
      vertex   4.599000e+01 3.505337e+01 2.728364e+02
      vertex   4.910000e+01 3.490375e+01 2.729762e+02
      vertex   4.910000e+01 3.505337e+01 2.728364e+02
    endloop
  endfacet
  facet normal -0.000000e+00 5.766803e-01 8.169699e-01
    outer loop
      vertex   4.599000e+01 3.505337e+01 2.728364e+02
      vertex   4.910000e+01 3.505337e+01 2.728364e+02
      vertex   4.599000e+01 3.522062e+01 2.727184e+02
    endloop
  endfacet
  facet normal -0.000000e+00 5.766803e-01 8.169699e-01
    outer loop
      vertex   4.599000e+01 3.522062e+01 2.727184e+02
      vertex   4.910000e+01 3.505337e+01 2.728364e+02
      vertex   4.910000e+01 3.522062e+01 2.727184e+02
    endloop
  endfacet
  facet normal -0.000000e+00 4.600650e-01 8.878852e-01
    outer loop
      vertex   4.599000e+01 3.522062e+01 2.727184e+02
      vertex   4.910000e+01 3.522062e+01 2.727184e+02
      vertex   4.599000e+01 3.540240e+01 2.726242e+02
    endloop
  endfacet
  facet normal -0.000000e+00 4.600650e-01 8.878852e-01
    outer loop
      vertex   4.599000e+01 3.540240e+01 2.726242e+02
      vertex   4.910000e+01 3.522062e+01 2.727184e+02
      vertex   4.910000e+01 3.540240e+01 2.726242e+02
    endloop
  endfacet
  facet normal -0.000000e+00 3.348796e-01 9.422609e-01
    outer loop
      vertex   4.599000e+01 3.540240e+01 2.726242e+02
      vertex   4.910000e+01 3.540240e+01 2.726242e+02
      vertex   4.599000e+01 3.559531e+01 2.725556e+02
    endloop
  endfacet
  facet normal -0.000000e+00 3.348796e-01 9.422609e-01
    outer loop
      vertex   4.599000e+01 3.559531e+01 2.725556e+02
      vertex   4.910000e+01 3.540240e+01 2.726242e+02
      vertex   4.910000e+01 3.559531e+01 2.725556e+02
    endloop
  endfacet
  facet normal -0.000000e+00 2.034560e-01 9.790841e-01
    outer loop
      vertex   4.599000e+01 3.559531e+01 2.725556e+02
      vertex   4.910000e+01 3.559531e+01 2.725556e+02
      vertex   4.599000e+01 3.579575e+01 2.725140e+02
    endloop
  endfacet
  facet normal -0.000000e+00 2.034560e-01 9.790841e-01
    outer loop
      vertex   4.599000e+01 3.579575e+01 2.725140e+02
      vertex   4.910000e+01 3.559531e+01 2.725556e+02
      vertex   4.910000e+01 3.579575e+01 2.725140e+02
    endloop
  endfacet
  facet normal 9.433968e-01 0.000000e+00 -3.316663e-01
    outer loop
      vertex   1.080132e+01 3.000000e+01 2.850000e+02
      vertex   1.101618e+01 3.000000e+01 2.856111e+02
      vertex   1.080132e+01 1.900000e+01 2.850000e+02
    endloop
  endfacet
  facet normal 9.433968e-01 8.706778e-10 -3.316663e-01
    outer loop
      vertex   1.080132e+01 1.900000e+01 2.850000e+02
      vertex   1.101618e+01 3.000000e+01 2.856111e+02
      vertex   1.101618e+01 1.900000e+01 2.856111e+02
    endloop
  endfacet
  facet normal 9.291977e-01 -8.706741e-10 -3.695831e-01
    outer loop
      vertex   1.101618e+01 1.900000e+01 2.856111e+02
      vertex   1.101618e+01 3.000000e+01 2.856111e+02
      vertex   1.125560e+01 3.000000e+01 2.862131e+02
    endloop
  endfacet
  facet normal 9.291977e-01 1.741352e-09 -3.695831e-01
    outer loop
      vertex   1.101618e+01 1.900000e+01 2.856111e+02
      vertex   1.125560e+01 3.000000e+01 2.862131e+02
      vertex   1.125560e+01 1.900000e+01 2.862131e+02
    endloop
  endfacet
  facet normal 9.134754e-01 -1.741350e-09 -4.068940e-01
    outer loop
      vertex   1.125560e+01 1.900000e+01 2.862131e+02
      vertex   1.125560e+01 3.000000e+01 2.862131e+02
      vertex   1.151919e+01 3.000000e+01 2.868049e+02
    endloop
  endfacet
  facet normal 9.134753e-01 2.612024e-09 -4.068941e-01
    outer loop
      vertex   1.125560e+01 1.900000e+01 2.862131e+02
      vertex   1.151919e+01 3.000000e+01 2.868049e+02
      vertex   1.151919e+01 1.900000e+01 2.868049e+02
    endloop
  endfacet
  facet normal 8.962556e-01 -2.612025e-09 -4.435380e-01
    outer loop
      vertex   1.151919e+01 1.900000e+01 2.868049e+02
      vertex   1.151919e+01 3.000000e+01 2.868049e+02
      vertex   1.180652e+01 3.000000e+01 2.873855e+02
    endloop
  endfacet
  facet normal 8.962555e-01 3.482697e-09 -4.435381e-01
    outer loop
      vertex   1.151919e+01 1.900000e+01 2.868049e+02
      vertex   1.180652e+01 3.000000e+01 2.873855e+02
      vertex   1.180652e+01 1.900000e+01 2.873855e+02
    endloop
  endfacet
  facet normal 8.775666e-01 -3.482697e-09 -4.794548e-01
    outer loop
      vertex   1.180652e+01 1.900000e+01 2.873855e+02
      vertex   1.180652e+01 3.000000e+01 2.873855e+02
      vertex   1.211711e+01 3.000000e+01 2.879540e+02
    endloop
  endfacet
  facet normal 8.775665e-01 4.353367e-09 -4.794549e-01
    outer loop
      vertex   1.180652e+01 1.900000e+01 2.873855e+02
      vertex   1.211711e+01 3.000000e+01 2.879540e+02
      vertex   1.211712e+01 1.900000e+01 2.879540e+02
    endloop
  endfacet
  facet normal 8.574390e-01 -4.353368e-09 -5.145857e-01
    outer loop
      vertex   1.211712e+01 1.900000e+01 2.879540e+02
      vertex   1.211711e+01 3.000000e+01 2.879540e+02
      vertex   1.245047e+01 3.000000e+01 2.885094e+02
    endloop
  endfacet
  facet normal 8.574389e-01 5.224041e-09 -5.145858e-01
    outer loop
      vertex   1.211712e+01 1.900000e+01 2.879540e+02
      vertex   1.245047e+01 3.000000e+01 2.885094e+02
      vertex   1.245047e+01 1.900000e+01 2.885094e+02
    endloop
  endfacet
  facet normal 8.359058e-01 -5.224034e-09 -5.488730e-01
    outer loop
      vertex   1.245047e+01 1.900000e+01 2.885094e+02
      vertex   1.245047e+01 3.000000e+01 2.885094e+02
      vertex   1.280604e+01 3.000000e+01 2.890509e+02
    endloop
  endfacet
  facet normal 8.359057e-01 6.094706e-09 -5.488731e-01
    outer loop
      vertex   1.245047e+01 1.900000e+01 2.885094e+02
      vertex   1.280604e+01 3.000000e+01 2.890509e+02
      vertex   1.280604e+01 1.900000e+01 2.890509e+02
    endloop
  endfacet
  facet normal 8.130023e-01 -6.094705e-09 -5.822605e-01
    outer loop
      vertex   1.280604e+01 1.900000e+01 2.890509e+02
      vertex   1.280604e+01 3.000000e+01 2.890509e+02
      vertex   1.318323e+01 3.000000e+01 2.895776e+02
    endloop
  endfacet
  facet normal 8.130021e-01 6.965373e-09 -5.822607e-01
    outer loop
      vertex   1.280604e+01 1.900000e+01 2.890509e+02
      vertex   1.318323e+01 3.000000e+01 2.895776e+02
      vertex   1.318323e+01 1.900000e+01 2.895776e+02
    endloop
  endfacet
  facet normal 7.887660e-01 -6.965373e-09 -6.146936e-01
    outer loop
      vertex   1.318323e+01 1.900000e+01 2.895776e+02
      vertex   1.318323e+01 3.000000e+01 2.895776e+02
      vertex   1.358144e+01 3.000000e+01 2.900886e+02
    endloop
  endfacet
  facet normal 7.887659e-01 7.836043e-09 -6.146938e-01
    outer loop
      vertex   1.318323e+01 1.900000e+01 2.895776e+02
      vertex   1.358144e+01 3.000000e+01 2.900886e+02
      vertex   1.358144e+01 1.900000e+01 2.900886e+02
    endloop
  endfacet
  facet normal 7.632367e-01 -7.836034e-09 -6.461189e-01
    outer loop
      vertex   1.358144e+01 1.900000e+01 2.900886e+02
      vertex   1.358144e+01 3.000000e+01 2.900886e+02
      vertex   1.400000e+01 3.000000e+01 2.905830e+02
    endloop
  endfacet
  facet normal 7.632407e-01 -3.705150e-07 -6.461142e-01
    outer loop
      vertex   1.358144e+01 1.900000e+01 2.900886e+02
      vertex   1.400000e+01 3.000000e+01 2.905830e+02
      vertex   1.400000e+01 1.900000e+01 2.905830e+02
    endloop
  endfacet
  facet normal 7.359457e-01 -3.882498e-07 -6.770405e-01
    outer loop
      vertex   1.400000e+01 1.900000e+01 2.905830e+02
      vertex   1.400000e+01 3.000000e+01 2.905830e+02
      vertex   1.445507e+01 3.000000e+01 2.910777e+02
    endloop
  endfacet
  facet normal 7.359413e-01 8.775676e-09 -6.770453e-01
    outer loop
      vertex   1.400000e+01 1.900000e+01 2.905830e+02
      vertex   1.445507e+01 3.000000e+01 2.910777e+02
      vertex   1.445507e+01 1.900000e+01 2.910777e+02
    endloop
  endfacet
  facet normal 7.068563e-01 -8.775675e-09 -7.073572e-01
    outer loop
      vertex   1.445507e+01 1.900000e+01 2.910777e+02
      vertex   1.445507e+01 3.000000e+01 2.910777e+02
      vertex   1.493052e+01 3.000000e+01 2.915528e+02
    endloop
  endfacet
  facet normal 7.068561e-01 8.517564e-09 -7.073574e-01
    outer loop
      vertex   1.445507e+01 1.900000e+01 2.910777e+02
      vertex   1.493052e+01 3.000000e+01 2.915528e+02
      vertex   1.493052e+01 1.900000e+01 2.915528e+02
    endloop
  endfacet
  facet normal 6.765236e-01 -8.517574e-09 -7.364210e-01
    outer loop
      vertex   1.493052e+01 1.900000e+01 2.915528e+02
      vertex   1.493052e+01 3.000000e+01 2.915528e+02
      vertex   1.542550e+01 3.000000e+01 2.920075e+02
    endloop
  endfacet
  facet normal 6.765234e-01 8.259463e-09 -7.364212e-01
    outer loop
      vertex   1.493052e+01 1.900000e+01 2.915528e+02
      vertex   1.542550e+01 3.000000e+01 2.920075e+02
      vertex   1.542551e+01 1.900000e+01 2.920075e+02
    endloop
  endfacet
  facet normal 6.449969e-01 -8.259462e-09 -7.641852e-01
    outer loop
      vertex   1.542551e+01 1.900000e+01 2.920075e+02
      vertex   1.542550e+01 3.000000e+01 2.920075e+02
      vertex   1.593915e+01 3.000000e+01 2.924410e+02
    endloop
  endfacet
  facet normal 6.449967e-01 8.001352e-09 -7.641853e-01
    outer loop
      vertex   1.542551e+01 1.900000e+01 2.920075e+02
      vertex   1.593915e+01 3.000000e+01 2.924410e+02
      vertex   1.593915e+01 1.900000e+01 2.924410e+02
    endloop
  endfacet
  facet normal 6.123321e-01 -8.001360e-09 -7.906007e-01
    outer loop
      vertex   1.593915e+01 1.900000e+01 2.924410e+02
      vertex   1.593915e+01 3.000000e+01 2.924410e+02
      vertex   1.647055e+01 3.000000e+01 2.928526e+02
    endloop
  endfacet
  facet normal 6.123319e-01 7.743248e-09 -7.906009e-01
    outer loop
      vertex   1.593915e+01 1.900000e+01 2.924410e+02
      vertex   1.647055e+01 3.000000e+01 2.928526e+02
      vertex   1.647055e+01 1.900000e+01 2.928526e+02
    endloop
  endfacet
  facet normal 5.785865e-01 -7.743250e-09 -8.156210e-01
    outer loop
      vertex   1.647055e+01 1.900000e+01 2.928526e+02
      vertex   1.647055e+01 3.000000e+01 2.928526e+02
      vertex   1.701877e+01 3.000000e+01 2.932415e+02
    endloop
  endfacet
  facet normal 5.785863e-01 7.485141e-09 -8.156211e-01
    outer loop
      vertex   1.647055e+01 1.900000e+01 2.928526e+02
      vertex   1.701877e+01 3.000000e+01 2.932415e+02
      vertex   1.701877e+01 1.900000e+01 2.932415e+02
    endloop
  endfacet
  facet normal 5.438199e-01 -7.485144e-09 -8.392019e-01
    outer loop
      vertex   1.701877e+01 1.900000e+01 2.932415e+02
      vertex   1.701877e+01 3.000000e+01 2.932415e+02
      vertex   1.758283e+01 3.000000e+01 2.936070e+02
    endloop
  endfacet
  facet normal 5.438197e-01 7.227035e-09 -8.392021e-01
    outer loop
      vertex   1.701877e+01 1.900000e+01 2.932415e+02
      vertex   1.758283e+01 3.000000e+01 2.936070e+02
      vertex   1.758284e+01 1.900000e+01 2.936070e+02
    endloop
  endfacet
  facet normal 5.080936e-01 -7.227036e-09 -8.613018e-01
    outer loop
      vertex   1.758284e+01 1.900000e+01 2.936070e+02
      vertex   1.758283e+01 3.000000e+01 2.936070e+02
      vertex   1.816176e+01 3.000000e+01 2.939486e+02
    endloop
  endfacet
  facet normal 5.080934e-01 6.968929e-09 -8.613020e-01
    outer loop
      vertex   1.758284e+01 1.900000e+01 2.936070e+02
      vertex   1.816176e+01 3.000000e+01 2.939486e+02
      vertex   1.816176e+01 1.900000e+01 2.939486e+02
    endloop
  endfacet
  facet normal 4.714706e-01 -6.968928e-09 -8.818818e-01
    outer loop
      vertex   1.816176e+01 1.900000e+01 2.939486e+02
      vertex   1.816176e+01 3.000000e+01 2.939486e+02
      vertex   1.875451e+01 3.000000e+01 2.942654e+02
    endloop
  endfacet
  facet normal 4.714704e-01 6.710821e-09 -8.818819e-01
    outer loop
      vertex   1.816176e+01 1.900000e+01 2.939486e+02
      vertex   1.875451e+01 3.000000e+01 2.942654e+02
      vertex   1.875451e+01 1.900000e+01 2.942654e+02
    endloop
  endfacet
  facet normal 4.340156e-01 -6.710821e-09 -9.009053e-01
    outer loop
      vertex   1.875451e+01 1.900000e+01 2.942654e+02
      vertex   1.875451e+01 3.000000e+01 2.942654e+02
      vertex   1.936005e+01 3.000000e+01 2.945572e+02
    endloop
  endfacet
  facet normal 4.340154e-01 6.452710e-09 -9.009054e-01
    outer loop
      vertex   1.875451e+01 1.900000e+01 2.942654e+02
      vertex   1.936005e+01 3.000000e+01 2.945572e+02
      vertex   1.936006e+01 1.900000e+01 2.945572e+02
    endloop
  endfacet
  facet normal 3.957947e-01 -6.452718e-09 -9.183390e-01
    outer loop
      vertex   1.936006e+01 1.900000e+01 2.945572e+02
      vertex   1.936005e+01 3.000000e+01 2.945572e+02
      vertex   1.997731e+01 3.000000e+01 2.948232e+02
    endloop
  endfacet
  facet normal 3.957945e-01 6.194603e-09 -9.183391e-01
    outer loop
      vertex   1.936006e+01 1.900000e+01 2.945572e+02
      vertex   1.997731e+01 3.000000e+01 2.948232e+02
      vertex   1.997732e+01 1.900000e+01 2.948232e+02
    endloop
  endfacet
  facet normal 3.568752e-01 -6.194611e-09 -9.341521e-01
    outer loop
      vertex   1.997732e+01 1.900000e+01 2.948232e+02
      vertex   1.997731e+01 3.000000e+01 2.948232e+02
      vertex   2.060520e+01 3.000000e+01 2.950631e+02
    endloop
  endfacet
  facet normal 3.568750e-01 5.936498e-09 -9.341521e-01
    outer loop
      vertex   1.997732e+01 1.900000e+01 2.948232e+02
      vertex   2.060520e+01 3.000000e+01 2.950631e+02
      vertex   2.060520e+01 1.900000e+01 2.950631e+02
    endloop
  endfacet
  facet normal 3.173259e-01 -5.936501e-09 -9.483165e-01
    outer loop
      vertex   2.060520e+01 1.900000e+01 2.950631e+02
      vertex   2.060520e+01 3.000000e+01 2.950631e+02
      vertex   2.124261e+01 3.000000e+01 2.952764e+02
    endloop
  endfacet
  facet normal 3.173258e-01 5.678390e-09 -9.483166e-01
    outer loop
      vertex   2.060520e+01 1.900000e+01 2.950631e+02
      vertex   2.124261e+01 3.000000e+01 2.952764e+02
      vertex   2.124261e+01 1.900000e+01 2.952764e+02
    endloop
  endfacet
  facet normal 2.772167e-01 -5.678394e-09 -9.608074e-01
    outer loop
      vertex   2.124261e+01 1.900000e+01 2.952764e+02
      vertex   2.124261e+01 3.000000e+01 2.952764e+02
      vertex   2.188841e+01 3.000000e+01 2.954627e+02
    endloop
  endfacet
  facet normal 2.772165e-01 5.420281e-09 -9.608075e-01
    outer loop
      vertex   2.124261e+01 1.900000e+01 2.952764e+02
      vertex   2.188841e+01 3.000000e+01 2.954627e+02
      vertex   2.188842e+01 1.900000e+01 2.954627e+02
    endloop
  endfacet
  facet normal 2.366182e-01 -5.420287e-09 -9.716027e-01
    outer loop
      vertex   2.188842e+01 1.900000e+01 2.954627e+02
      vertex   2.188841e+01 3.000000e+01 2.954627e+02
      vertex   2.254147e+01 3.000000e+01 2.956217e+02
    endloop
  endfacet
  facet normal 2.366180e-01 5.162174e-09 -9.716028e-01
    outer loop
      vertex   2.188842e+01 1.900000e+01 2.954627e+02
      vertex   2.254147e+01 3.000000e+01 2.956217e+02
      vertex   2.254148e+01 1.900000e+01 2.956217e+02
    endloop
  endfacet
  facet normal 1.956021e-01 -5.162179e-09 -9.806833e-01
    outer loop
      vertex   2.254148e+01 1.900000e+01 2.956217e+02
      vertex   2.254147e+01 3.000000e+01 2.956217e+02
      vertex   2.320064e+01 3.000000e+01 2.957532e+02
    endloop
  endfacet
  facet normal 1.956020e-01 4.904070e-09 -9.806834e-01
    outer loop
      vertex   2.254148e+01 1.900000e+01 2.956217e+02
      vertex   2.320064e+01 3.000000e+01 2.957532e+02
      vertex   2.320064e+01 1.900000e+01 2.957532e+02
    endloop
  endfacet
  facet normal 1.542409e-01 -4.904067e-09 -9.880333e-01
    outer loop
      vertex   2.320064e+01 1.900000e+01 2.957532e+02
      vertex   2.320064e+01 3.000000e+01 2.957532e+02
      vertex   2.386474e+01 3.000000e+01 2.958569e+02
    endloop
  endfacet
  facet normal 1.542407e-01 4.645962e-09 -9.880333e-01
    outer loop
      vertex   2.320064e+01 1.900000e+01 2.957532e+02
      vertex   2.386474e+01 3.000000e+01 2.958569e+02
      vertex   2.386475e+01 1.900000e+01 2.958569e+02
    endloop
  endfacet
  facet normal 1.126074e-01 -4.645959e-09 -9.936396e-01
    outer loop
      vertex   2.386475e+01 1.900000e+01 2.958569e+02
      vertex   2.386474e+01 3.000000e+01 2.958569e+02
      vertex   2.453262e+01 3.000000e+01 2.959326e+02
    endloop
  endfacet
  facet normal 1.126072e-01 4.387854e-09 -9.936396e-01
    outer loop
      vertex   2.386475e+01 1.900000e+01 2.958569e+02
      vertex   2.453262e+01 3.000000e+01 2.959326e+02
      vertex   2.453262e+01 1.900000e+01 2.959326e+02
    endloop
  endfacet
  facet normal 7.077520e-02 -4.387852e-09 -9.974923e-01
    outer loop
      vertex   2.453262e+01 1.900000e+01 2.959326e+02
      vertex   2.453262e+01 3.000000e+01 2.959326e+02
      vertex   2.520308e+01 3.000000e+01 2.959801e+02
    endloop
  endfacet
  facet normal 7.077506e-02 4.129744e-09 -9.974923e-01
    outer loop
      vertex   2.453262e+01 1.900000e+01 2.959326e+02
      vertex   2.520308e+01 3.000000e+01 2.959801e+02
      vertex   2.520308e+01 1.900000e+01 2.959801e+02
    endloop
  endfacet
  facet normal 2.881810e-02 -4.129745e-09 -9.995847e-01
    outer loop
      vertex   2.520308e+01 1.900000e+01 2.959801e+02
      vertex   2.520308e+01 3.000000e+01 2.959801e+02
      vertex   2.587495e+01 3.000000e+01 2.959995e+02
    endloop
  endfacet
  facet normal 2.881797e-02 3.871636e-09 -9.995847e-01
    outer loop
      vertex   2.520308e+01 1.900000e+01 2.959801e+02
      vertex   2.587495e+01 3.000000e+01 2.959995e+02
      vertex   2.587495e+01 1.900000e+01 2.959995e+02
    endloop
  endfacet
  facet normal -1.318985e-02 -3.871637e-09 -9.999130e-01
    outer loop
      vertex   2.587495e+01 1.900000e+01 2.959995e+02
      vertex   2.587495e+01 3.000000e+01 2.959995e+02
      vertex   2.654704e+01 3.000000e+01 2.959906e+02
    endloop
  endfacet
  facet normal -1.318997e-02 3.613524e-09 -9.999130e-01
    outer loop
      vertex   2.587495e+01 1.900000e+01 2.959995e+02
      vertex   2.654704e+01 3.000000e+01 2.959906e+02
      vertex   2.654704e+01 1.900000e+01 2.959906e+02
    endloop
  endfacet
  facet normal -5.517452e-02 -3.613532e-09 -9.984767e-01
    outer loop
      vertex   2.654704e+01 1.900000e+01 2.959906e+02
      vertex   2.654704e+01 3.000000e+01 2.959906e+02
      vertex   2.721816e+01 3.000000e+01 2.959536e+02
    endloop
  endfacet
  facet normal -5.517464e-02 3.355420e-09 -9.984767e-01
    outer loop
      vertex   2.654704e+01 1.900000e+01 2.959906e+02
      vertex   2.721816e+01 3.000000e+01 2.959536e+02
      vertex   2.721816e+01 1.900000e+01 2.959536e+02
    endloop
  endfacet
  facet normal -9.706183e-02 -3.355419e-09 -9.952784e-01
    outer loop
      vertex   2.721816e+01 1.900000e+01 2.959536e+02
      vertex   2.721816e+01 3.000000e+01 2.959536e+02
      vertex   2.788713e+01 3.000000e+01 2.958883e+02
    endloop
  endfacet
  facet normal -9.706193e-02 3.097306e-09 -9.952783e-01
    outer loop
      vertex   2.721816e+01 1.900000e+01 2.959536e+02
      vertex   2.788713e+01 3.000000e+01 2.958883e+02
      vertex   2.788714e+01 1.900000e+01 2.958883e+02
    endloop
  endfacet
  facet normal -1.387778e-01 -3.097316e-09 -9.903235e-01
    outer loop
      vertex   2.788714e+01 1.900000e+01 2.958883e+02
      vertex   2.788713e+01 3.000000e+01 2.958883e+02
      vertex   2.855278e+01 3.000000e+01 2.957950e+02
    endloop
  endfacet
  facet normal -1.387779e-01 2.839201e-09 -9.903235e-01
    outer loop
      vertex   2.788714e+01 1.900000e+01 2.958883e+02
      vertex   2.855278e+01 3.000000e+01 2.957950e+02
      vertex   2.855278e+01 1.900000e+01 2.957950e+02
    endloop
  endfacet
  facet normal -1.802489e-01 -2.839203e-09 -9.836210e-01
    outer loop
      vertex   2.855278e+01 1.900000e+01 2.957950e+02
      vertex   2.855278e+01 3.000000e+01 2.957950e+02
      vertex   2.921392e+01 3.000000e+01 2.956739e+02
    endloop
  endfacet
  facet normal -1.802490e-01 2.581090e-09 -9.836210e-01
    outer loop
      vertex   2.855278e+01 1.900000e+01 2.957950e+02
      vertex   2.921392e+01 3.000000e+01 2.956739e+02
      vertex   2.921392e+01 1.900000e+01 2.956739e+02
    endloop
  endfacet
  facet normal -2.214019e-01 -2.581097e-09 -9.751826e-01
    outer loop
      vertex   2.921392e+01 1.900000e+01 2.956739e+02
      vertex   2.921392e+01 3.000000e+01 2.956739e+02
      vertex   2.986938e+01 3.000000e+01 2.955251e+02
    endloop
  endfacet
  facet normal -2.214020e-01 2.322983e-09 -9.751826e-01
    outer loop
      vertex   2.921392e+01 1.900000e+01 2.956739e+02
      vertex   2.986938e+01 3.000000e+01 2.955251e+02
      vertex   2.986938e+01 1.900000e+01 2.955251e+02
    endloop
  endfacet
  facet normal -2.621642e-01 -2.322986e-09 -9.650233e-01
    outer loop
      vertex   2.986938e+01 1.900000e+01 2.955251e+02
      vertex   2.986938e+01 3.000000e+01 2.955251e+02
      vertex   3.051802e+01 3.000000e+01 2.953489e+02
    endloop
  endfacet
  facet normal -2.621643e-01 2.064877e-09 -9.650233e-01
    outer loop
      vertex   2.986938e+01 1.900000e+01 2.955251e+02
      vertex   3.051802e+01 3.000000e+01 2.953489e+02
      vertex   3.051802e+01 1.900000e+01 2.953489e+02
    endloop
  endfacet
  facet normal -3.024638e-01 -2.064874e-09 -9.531609e-01
    outer loop
      vertex   3.051802e+01 1.900000e+01 2.953489e+02
      vertex   3.051802e+01 3.000000e+01 2.953489e+02
      vertex   3.115869e+01 3.000000e+01 2.951456e+02
    endloop
  endfacet
  facet normal -3.024639e-01 1.806769e-09 -9.531608e-01
    outer loop
      vertex   3.051802e+01 1.900000e+01 2.953489e+02
      vertex   3.115869e+01 3.000000e+01 2.951456e+02
      vertex   3.115869e+01 1.900000e+01 2.951456e+02
    endloop
  endfacet
  facet normal -3.422297e-01 -1.806765e-09 -9.396163e-01
    outer loop
      vertex   3.115869e+01 1.900000e+01 2.951456e+02
      vertex   3.115869e+01 3.000000e+01 2.951456e+02
      vertex   3.179025e+01 3.000000e+01 2.949155e+02
    endloop
  endfacet
  facet normal -3.422297e-01 1.548654e-09 -9.396163e-01
    outer loop
      vertex   3.115869e+01 1.900000e+01 2.951456e+02
      vertex   3.179025e+01 3.000000e+01 2.949155e+02
      vertex   3.179025e+01 1.900000e+01 2.949155e+02
    endloop
  endfacet
  facet normal -3.813915e-01 -1.548661e-09 -9.244136e-01
    outer loop
      vertex   3.179025e+01 1.900000e+01 2.949155e+02
      vertex   3.179025e+01 3.000000e+01 2.949155e+02
      vertex   3.241159e+01 3.000000e+01 2.946592e+02
    endloop
  endfacet
  facet normal -3.813916e-01 1.290548e-09 -9.244136e-01
    outer loop
      vertex   3.179025e+01 1.900000e+01 2.949155e+02
      vertex   3.241159e+01 3.000000e+01 2.946592e+02
      vertex   3.241159e+01 1.900000e+01 2.946592e+02
    endloop
  endfacet
  facet normal -4.198803e-01 -1.290549e-09 -9.075795e-01
    outer loop
      vertex   3.241159e+01 1.900000e+01 2.946592e+02
      vertex   3.241159e+01 3.000000e+01 2.946592e+02
      vertex   3.302162e+01 3.000000e+01 2.943770e+02
    endloop
  endfacet
  facet normal -4.198804e-01 1.032440e-09 -9.075795e-01
    outer loop
      vertex   3.241159e+01 1.900000e+01 2.946592e+02
      vertex   3.302162e+01 3.000000e+01 2.943770e+02
      vertex   3.302162e+01 1.900000e+01 2.943770e+02
    endloop
  endfacet
  facet normal -4.576282e-01 -1.032438e-09 -8.891437e-01
    outer loop
      vertex   3.302162e+01 1.900000e+01 2.943770e+02
      vertex   3.302162e+01 3.000000e+01 2.943770e+02
      vertex   3.361925e+01 3.000000e+01 2.940694e+02
    endloop
  endfacet
  facet normal -4.576282e-01 7.743302e-10 -8.891437e-01
    outer loop
      vertex   3.302162e+01 1.900000e+01 2.943770e+02
      vertex   3.361925e+01 3.000000e+01 2.940694e+02
      vertex   3.361925e+01 1.900000e+01 2.940694e+02
    endloop
  endfacet
  facet normal -4.945684e-01 -7.743283e-10 -8.691387e-01
    outer loop
      vertex   3.361925e+01 1.900000e+01 2.940694e+02
      vertex   3.361925e+01 3.000000e+01 2.940694e+02
      vertex   3.420344e+01 3.000000e+01 2.937369e+02
    endloop
  endfacet
  facet normal -4.945684e-01 5.162207e-10 -8.691387e-01
    outer loop
      vertex   3.361925e+01 1.900000e+01 2.940694e+02
      vertex   3.420344e+01 3.000000e+01 2.937369e+02
      vertex   3.420344e+01 1.900000e+01 2.937369e+02
    endloop
  endfacet
  facet normal -5.306358e-01 -5.162187e-10 -8.476000e-01
    outer loop
      vertex   3.420344e+01 1.900000e+01 2.937369e+02
      vertex   3.420344e+01 3.000000e+01 2.937369e+02
      vertex   3.477316e+01 3.000000e+01 2.933803e+02
    endloop
  endfacet
  facet normal -5.306358e-01 2.581087e-10 -8.476000e-01
    outer loop
      vertex   3.420344e+01 1.900000e+01 2.937369e+02
      vertex   3.477316e+01 3.000000e+01 2.933803e+02
      vertex   3.477316e+01 1.900000e+01 2.933803e+02
    endloop
  endfacet
  facet normal -5.657667e-01 -2.581111e-10 -8.245654e-01
    outer loop
      vertex   3.477316e+01 1.900000e+01 2.933803e+02
      vertex   3.477316e+01 3.000000e+01 2.933803e+02
      vertex   3.532739e+01 3.000000e+01 2.930000e+02
    endloop
  endfacet
  facet normal -5.657667e-01 -2.556466e-15 -8.245654e-01
    outer loop
      vertex   3.477316e+01 1.900000e+01 2.933803e+02
      vertex   3.532739e+01 3.000000e+01 2.930000e+02
      vertex   3.532739e+01 1.900000e+01 2.930000e+02
    endloop
  endfacet
  facet normal -5.999601e-01 -2.712801e-15 -8.000299e-01
    outer loop
      vertex   3.532739e+01 1.900000e+01 2.930000e+02
      vertex   3.532739e+01 3.000000e+01 2.930000e+02
      vertex   3.586692e+01 1.900000e+01 2.925954e+02
    endloop
  endfacet
  facet normal -5.999602e-01 -5.606278e-09 -8.000298e-01
    outer loop
      vertex   3.586692e+01 1.900000e+01 2.925954e+02
      vertex   3.532739e+01 3.000000e+01 2.930000e+02
      vertex   3.586692e+01 3.000000e+01 2.925954e+02
    endloop
  endfacet
  facet normal -6.331356e-01 5.607896e-09 -7.740409e-01
    outer loop
      vertex   3.586692e+01 1.900000e+01 2.925954e+02
      vertex   3.586692e+01 3.000000e+01 2.925954e+02
      vertex   3.638892e+01 1.900000e+01 2.921684e+02
    endloop
  endfacet
  facet normal -6.331357e-01 -5.480443e-09 -7.740408e-01
    outer loop
      vertex   3.638892e+01 1.900000e+01 2.921684e+02
      vertex   3.586692e+01 3.000000e+01 2.925954e+02
      vertex   3.638892e+01 3.000000e+01 2.921684e+02
    endloop
  endfacet
  facet normal -6.651912e-01 5.480448e-09 -7.466731e-01
    outer loop
      vertex   3.638892e+01 1.900000e+01 2.921684e+02
      vertex   3.638892e+01 3.000000e+01 2.921684e+02
      vertex   3.689247e+01 1.900000e+01 2.917198e+02
    endloop
  endfacet
  facet normal -6.651913e-01 -5.352993e-09 -7.466730e-01
    outer loop
      vertex   3.689247e+01 1.900000e+01 2.917198e+02
      vertex   3.638892e+01 3.000000e+01 2.921684e+02
      vertex   3.689247e+01 3.000000e+01 2.917198e+02
    endloop
  endfacet
  facet normal -6.960650e-01 5.352995e-09 -7.179788e-01
    outer loop
      vertex   3.689247e+01 1.900000e+01 2.917198e+02
      vertex   3.689247e+01 3.000000e+01 2.917198e+02
      vertex   3.737666e+01 1.900000e+01 2.912504e+02
    endloop
  endfacet
  facet normal -6.960651e-01 -5.225539e-09 -7.179787e-01
    outer loop
      vertex   3.737666e+01 1.900000e+01 2.912504e+02
      vertex   3.689247e+01 3.000000e+01 2.917198e+02
      vertex   3.737666e+01 3.000000e+01 2.912504e+02
    endloop
  endfacet
  facet normal -7.257022e-01 5.225545e-09 -6.880089e-01
    outer loop
      vertex   3.737666e+01 1.900000e+01 2.912504e+02
      vertex   3.737666e+01 3.000000e+01 2.912504e+02
      vertex   3.784065e+01 1.900000e+01 2.907610e+02
    endloop
  endfacet
  facet normal -7.257023e-01 -5.098090e-09 -6.880088e-01
    outer loop
      vertex   3.784065e+01 1.900000e+01 2.907610e+02
      vertex   3.737666e+01 3.000000e+01 2.912504e+02
      vertex   3.784065e+01 3.000000e+01 2.907610e+02
    endloop
  endfacet
  facet normal -7.540502e-01 5.098091e-09 -6.568168e-01
    outer loop
      vertex   3.784065e+01 1.900000e+01 2.907610e+02
      vertex   3.784065e+01 3.000000e+01 2.907610e+02
      vertex   3.828360e+01 1.900000e+01 2.902525e+02
    endloop
  endfacet
  facet normal -7.540503e-01 -4.970638e-09 -6.568167e-01
    outer loop
      vertex   3.828360e+01 1.900000e+01 2.902525e+02
      vertex   3.784065e+01 3.000000e+01 2.907610e+02
      vertex   3.828360e+01 3.000000e+01 2.902525e+02
    endloop
  endfacet
  facet normal -7.810586e-01 4.970640e-09 -6.244578e-01
    outer loop
      vertex   3.828360e+01 1.900000e+01 2.902525e+02
      vertex   3.828360e+01 3.000000e+01 2.902525e+02
      vertex   3.870472e+01 1.900000e+01 2.897257e+02
    endloop
  endfacet
  facet normal -7.810587e-01 -4.843188e-09 -6.244577e-01
    outer loop
      vertex   3.870472e+01 1.900000e+01 2.897257e+02
      vertex   3.828360e+01 3.000000e+01 2.902525e+02
      vertex   3.870472e+01 3.000000e+01 2.897257e+02
    endloop
  endfacet
  facet normal -8.066793e-01 4.843185e-09 -5.909894e-01
    outer loop
      vertex   3.870472e+01 1.900000e+01 2.897257e+02
      vertex   3.870472e+01 3.000000e+01 2.897257e+02
      vertex   3.910328e+01 1.900000e+01 2.891817e+02
    endloop
  endfacet
  facet normal -8.066794e-01 -4.715734e-09 -5.909893e-01
    outer loop
      vertex   3.910328e+01 1.900000e+01 2.891817e+02
      vertex   3.870472e+01 3.000000e+01 2.897257e+02
      vertex   3.910328e+01 3.000000e+01 2.891817e+02
    endloop
  endfacet
  facet normal -8.308670e-01 4.715736e-09 -5.564711e-01
    outer loop
      vertex   3.910328e+01 1.900000e+01 2.891817e+02
      vertex   3.910328e+01 3.000000e+01 2.891817e+02
      vertex   3.947855e+01 1.900000e+01 2.886214e+02
    endloop
  endfacet
  facet normal -8.308671e-01 -4.588281e-09 -5.564709e-01
    outer loop
      vertex   3.947855e+01 1.900000e+01 2.886214e+02
      vertex   3.910328e+01 3.000000e+01 2.891817e+02
      vertex   3.947856e+01 3.000000e+01 2.886214e+02
    endloop
  endfacet
  facet normal -8.535786e-01 4.588285e-09 -5.209641e-01
    outer loop
      vertex   3.947855e+01 1.900000e+01 2.886214e+02
      vertex   3.947856e+01 3.000000e+01 2.886214e+02
      vertex   3.982989e+01 1.900000e+01 2.880458e+02
    endloop
  endfacet
  facet normal -8.535786e-01 -4.460832e-09 -5.209640e-01
    outer loop
      vertex   3.982989e+01 1.900000e+01 2.880458e+02
      vertex   3.947856e+01 3.000000e+01 2.886214e+02
      vertex   3.982989e+01 3.000000e+01 2.880458e+02
    endloop
  endfacet
  facet normal -8.747737e-01 4.460831e-09 -4.845317e-01
    outer loop
      vertex   3.982989e+01 1.900000e+01 2.880458e+02
      vertex   3.982989e+01 3.000000e+01 2.880458e+02
      vertex   4.015665e+01 1.900000e+01 2.874558e+02
    endloop
  endfacet
  facet normal -8.747738e-01 -4.333379e-09 -4.845316e-01
    outer loop
      vertex   4.015665e+01 1.900000e+01 2.874558e+02
      vertex   3.982989e+01 3.000000e+01 2.880458e+02
      vertex   4.015665e+01 3.000000e+01 2.874558e+02
    endloop
  endfacet
  facet normal -8.944148e-01 4.333380e-09 -4.472384e-01
    outer loop
      vertex   4.015665e+01 1.900000e+01 2.874558e+02
      vertex   4.015665e+01 3.000000e+01 2.874558e+02
      vertex   4.045826e+01 1.900000e+01 2.868526e+02
    endloop
  endfacet
  facet normal -8.944148e-01 -4.205928e-09 -4.472383e-01
    outer loop
      vertex   4.045826e+01 1.900000e+01 2.868526e+02
      vertex   4.015665e+01 3.000000e+01 2.874558e+02
      vertex   4.045826e+01 3.000000e+01 2.868526e+02
    endloop
  endfacet
  facet normal -9.124668e-01 4.205927e-09 -4.091506e-01
    outer loop
      vertex   4.045826e+01 1.900000e+01 2.868526e+02
      vertex   4.045826e+01 3.000000e+01 2.868526e+02
      vertex   4.073419e+01 1.900000e+01 2.862373e+02
    endloop
  endfacet
  facet normal -9.124669e-01 -4.078475e-09 -4.091505e-01
    outer loop
      vertex   4.073419e+01 1.900000e+01 2.862373e+02
      vertex   4.045826e+01 3.000000e+01 2.868526e+02
      vertex   4.073419e+01 3.000000e+01 2.862373e+02
    endloop
  endfacet
  facet normal -9.288979e-01 4.078476e-09 -3.703360e-01
    outer loop
      vertex   4.073419e+01 1.900000e+01 2.862373e+02
      vertex   4.073419e+01 3.000000e+01 2.862373e+02
      vertex   4.098394e+01 1.900000e+01 2.856108e+02
    endloop
  endfacet
  facet normal -9.288979e-01 -3.951022e-09 -3.703359e-01
    outer loop
      vertex   4.098394e+01 1.900000e+01 2.856108e+02
      vertex   4.073419e+01 3.000000e+01 2.862373e+02
      vertex   4.098394e+01 3.000000e+01 2.856108e+02
    endloop
  endfacet
  facet normal -9.436787e-01 3.951025e-09 -3.308634e-01
    outer loop
      vertex   4.098394e+01 1.900000e+01 2.856108e+02
      vertex   4.098394e+01 3.000000e+01 2.856108e+02
      vertex   4.120707e+01 1.900000e+01 2.849744e+02
    endloop
  endfacet
  facet normal -9.436787e-01 -3.823573e-09 -3.308633e-01
    outer loop
      vertex   4.120707e+01 1.900000e+01 2.849744e+02
      vertex   4.098394e+01 3.000000e+01 2.856108e+02
      vertex   4.120707e+01 3.000000e+01 2.849744e+02
    endloop
  endfacet
  facet normal -9.567830e-01 3.823570e-09 -2.908030e-01
    outer loop
      vertex   4.120707e+01 1.900000e+01 2.849744e+02
      vertex   4.120707e+01 3.000000e+01 2.849744e+02
      vertex   4.140318e+01 1.900000e+01 2.843292e+02
    endloop
  endfacet
  facet normal -9.567830e-01 -3.696118e-09 -2.908029e-01
    outer loop
      vertex   4.140318e+01 1.900000e+01 2.843292e+02
      vertex   4.120707e+01 3.000000e+01 2.849744e+02
      vertex   4.140318e+01 3.000000e+01 2.843292e+02
    endloop
  endfacet
  facet normal -9.681875e-01 3.696121e-09 -2.502260e-01
    outer loop
      vertex   4.140318e+01 1.900000e+01 2.843292e+02
      vertex   4.140318e+01 3.000000e+01 2.843292e+02
      vertex   4.157193e+01 1.900000e+01 2.836763e+02
    endloop
  endfacet
  facet normal -9.681875e-01 -3.568669e-09 -2.502259e-01
    outer loop
      vertex   4.157193e+01 1.900000e+01 2.836763e+02
      vertex   4.140318e+01 3.000000e+01 2.843292e+02
      vertex   4.157193e+01 3.000000e+01 2.836763e+02
    endloop
  endfacet
  facet normal -9.778719e-01 3.568666e-09 -2.092044e-01
    outer loop
      vertex   4.157193e+01 1.900000e+01 2.836763e+02
      vertex   4.157193e+01 3.000000e+01 2.836763e+02
      vertex   4.171301e+01 1.900000e+01 2.830168e+02
    endloop
  endfacet
  facet normal -9.778720e-01 -3.441215e-09 -2.092043e-01
    outer loop
      vertex   4.171301e+01 1.900000e+01 2.830168e+02
      vertex   4.157193e+01 3.000000e+01 2.836763e+02
      vertex   4.171302e+01 3.000000e+01 2.830168e+02
    endloop
  endfacet
  facet normal -9.858192e-01 3.441216e-09 -1.678112e-01
    outer loop
      vertex   4.171301e+01 1.900000e+01 2.830168e+02
      vertex   4.171302e+01 3.000000e+01 2.830168e+02
      vertex   4.182618e+01 1.900000e+01 2.823520e+02
    endloop
  endfacet
  facet normal -9.858192e-01 -3.313764e-09 -1.678111e-01
    outer loop
      vertex   4.182618e+01 1.900000e+01 2.823520e+02
      vertex   4.171302e+01 3.000000e+01 2.830168e+02
      vertex   4.182618e+01 3.000000e+01 2.823520e+02
    endloop
  endfacet
  facet normal -9.920150e-01 3.313763e-09 -1.261198e-01
    outer loop
      vertex   4.182618e+01 1.900000e+01 2.823520e+02
      vertex   4.182618e+01 3.000000e+01 2.823520e+02
      vertex   4.191124e+01 1.900000e+01 2.816830e+02
    endloop
  endfacet
  facet normal -9.920150e-01 -3.186311e-09 -1.261197e-01
    outer loop
      vertex   4.191124e+01 1.900000e+01 2.816830e+02
      vertex   4.182618e+01 3.000000e+01 2.823520e+02
      vertex   4.191124e+01 3.000000e+01 2.816830e+02
    endloop
  endfacet
  facet normal -9.964485e-01 3.186311e-09 -8.420442e-02
    outer loop
      vertex   4.191124e+01 1.900000e+01 2.816830e+02
      vertex   4.191124e+01 3.000000e+01 2.816830e+02
      vertex   4.196802e+01 1.900000e+01 2.810110e+02
    endloop
  endfacet
  facet normal -9.964485e-01 -3.058858e-09 -8.420432e-02
    outer loop
      vertex   4.196802e+01 1.900000e+01 2.810110e+02
      vertex   4.191124e+01 3.000000e+01 2.816830e+02
      vertex   4.196802e+01 3.000000e+01 2.810110e+02
    endloop
  endfacet
  facet normal -9.991117e-01 3.058860e-09 -4.213942e-02
    outer loop
      vertex   4.196802e+01 1.900000e+01 2.810110e+02
      vertex   4.196802e+01 3.000000e+01 2.810110e+02
      vertex   4.199644e+01 1.900000e+01 2.803372e+02
    endloop
  endfacet
  facet normal -9.991117e-01 -2.931407e-09 -4.213932e-02
    outer loop
      vertex   4.199644e+01 1.900000e+01 2.803372e+02
      vertex   4.196802e+01 3.000000e+01 2.810110e+02
      vertex   4.199644e+01 3.000000e+01 2.803372e+02
    endloop
  endfacet
  facet normal -1.000000e+00 2.931407e-09 4.473202e-07
    outer loop
      vertex   4.199644e+01 1.900000e+01 2.803372e+02
      vertex   4.199644e+01 3.000000e+01 2.803372e+02
      vertex   4.199644e+01 1.900000e+01 2.796628e+02
    endloop
  endfacet
  facet normal -1.000000e+00 -2.803954e-09 5.408705e-07
    outer loop
      vertex   4.199644e+01 1.900000e+01 2.796628e+02
      vertex   4.199644e+01 3.000000e+01 2.803372e+02
      vertex   4.199644e+01 3.000000e+01 2.796628e+02
    endloop
  endfacet
  facet normal -9.991117e-01 2.803956e-09 4.214031e-02
    outer loop
      vertex   4.199644e+01 1.900000e+01 2.796628e+02
      vertex   4.199644e+01 3.000000e+01 2.796628e+02
      vertex   4.196802e+01 1.900000e+01 2.789890e+02
    endloop
  endfacet
  facet normal -9.991117e-01 -2.676504e-09 4.214040e-02
    outer loop
      vertex   4.196802e+01 1.900000e+01 2.789890e+02
      vertex   4.199644e+01 3.000000e+01 2.796628e+02
      vertex   4.196802e+01 3.000000e+01 2.789890e+02
    endloop
  endfacet
  facet normal -9.964484e-01 2.676501e-09 8.420532e-02
    outer loop
      vertex   4.196802e+01 1.900000e+01 2.789890e+02
      vertex   4.196802e+01 3.000000e+01 2.789890e+02
      vertex   4.191124e+01 1.900000e+01 2.783170e+02
    endloop
  endfacet
  facet normal -9.964484e-01 -2.549051e-09 8.420540e-02
    outer loop
      vertex   4.191124e+01 1.900000e+01 2.783170e+02
      vertex   4.196802e+01 3.000000e+01 2.789890e+02
      vertex   4.191124e+01 3.000000e+01 2.783170e+02
    endloop
  endfacet
  facet normal -9.920149e-01 2.549049e-09 1.261207e-01
    outer loop
      vertex   4.191124e+01 1.900000e+01 2.783170e+02
      vertex   4.191124e+01 3.000000e+01 2.783170e+02
      vertex   4.182618e+01 1.900000e+01 2.776480e+02
    endloop
  endfacet
  facet normal -9.920149e-01 -2.421599e-09 1.261208e-01
    outer loop
      vertex   4.182618e+01 1.900000e+01 2.776480e+02
      vertex   4.191124e+01 3.000000e+01 2.783170e+02
      vertex   4.182618e+01 3.000000e+01 2.776480e+02
    endloop
  endfacet
  facet normal -9.858190e-01 2.421597e-09 1.678121e-01
    outer loop
      vertex   4.182618e+01 1.900000e+01 2.776480e+02
      vertex   4.182618e+01 3.000000e+01 2.776480e+02
      vertex   4.171301e+01 1.900000e+01 2.769832e+02
    endloop
  endfacet
  facet normal -9.858190e-01 -2.294146e-09 1.678121e-01
    outer loop
      vertex   4.171301e+01 1.900000e+01 2.769832e+02
      vertex   4.182618e+01 3.000000e+01 2.776480e+02
      vertex   4.171301e+01 3.000000e+01 2.769832e+02
    endloop
  endfacet
  facet normal -9.778717e-01 2.294146e-09 2.092053e-01
    outer loop
      vertex   4.171301e+01 1.900000e+01 2.769832e+02
      vertex   4.171301e+01 3.000000e+01 2.769832e+02
      vertex   4.157193e+01 1.900000e+01 2.763237e+02
    endloop
  endfacet
  facet normal -9.778717e-01 -2.166694e-09 2.092054e-01
    outer loop
      vertex   4.157193e+01 1.900000e+01 2.763237e+02
      vertex   4.171301e+01 3.000000e+01 2.769832e+02
      vertex   4.157193e+01 3.000000e+01 2.763237e+02
    endloop
  endfacet
  facet normal -9.681872e-01 2.166693e-09 2.502268e-01
    outer loop
      vertex   4.157193e+01 1.900000e+01 2.763237e+02
      vertex   4.157193e+01 3.000000e+01 2.763237e+02
      vertex   4.140318e+01 1.900000e+01 2.756708e+02
    endloop
  endfacet
  facet normal -9.681872e-01 -2.039241e-09 2.502269e-01
    outer loop
      vertex   4.140318e+01 1.900000e+01 2.756708e+02
      vertex   4.157193e+01 3.000000e+01 2.763237e+02
      vertex   4.140318e+01 3.000000e+01 2.756708e+02
    endloop
  endfacet
  facet normal -9.567827e-01 2.039241e-09 2.908038e-01
    outer loop
      vertex   4.140318e+01 1.900000e+01 2.756708e+02
      vertex   4.140318e+01 3.000000e+01 2.756708e+02
      vertex   4.120706e+01 1.900000e+01 2.750256e+02
    endloop
  endfacet
  facet normal -9.567827e-01 -1.911790e-09 2.908039e-01
    outer loop
      vertex   4.120706e+01 1.900000e+01 2.750256e+02
      vertex   4.140318e+01 3.000000e+01 2.756708e+02
      vertex   4.120706e+01 3.000000e+01 2.750256e+02
    endloop
  endfacet
  facet normal -9.436784e-01 1.911787e-09 3.308642e-01
    outer loop
      vertex   4.120706e+01 1.900000e+01 2.750256e+02
      vertex   4.120706e+01 3.000000e+01 2.750256e+02
      vertex   4.098393e+01 1.900000e+01 2.743892e+02
    endloop
  endfacet
  facet normal -9.436783e-01 -1.784337e-09 3.308643e-01
    outer loop
      vertex   4.098393e+01 1.900000e+01 2.743892e+02
      vertex   4.120706e+01 3.000000e+01 2.750256e+02
      vertex   4.098393e+01 3.000000e+01 2.743892e+02
    endloop
  endfacet
  facet normal -9.288975e-01 1.784336e-09 3.703368e-01
    outer loop
      vertex   4.098393e+01 1.900000e+01 2.743892e+02
      vertex   4.098393e+01 3.000000e+01 2.743892e+02
      vertex   4.073418e+01 1.900000e+01 2.737627e+02
    endloop
  endfacet
  facet normal -9.288975e-01 -1.656884e-09 3.703369e-01
    outer loop
      vertex   4.073418e+01 1.900000e+01 2.737627e+02
      vertex   4.098393e+01 3.000000e+01 2.743892e+02
      vertex   4.073418e+01 3.000000e+01 2.737627e+02
    endloop
  endfacet
  facet normal -9.124665e-01 1.656884e-09 4.091515e-01
    outer loop
      vertex   4.073418e+01 1.900000e+01 2.737627e+02
      vertex   4.073418e+01 3.000000e+01 2.737627e+02
      vertex   4.045825e+01 1.900000e+01 2.731474e+02
    endloop
  endfacet
  facet normal -9.124665e-01 -1.529433e-09 4.091515e-01
    outer loop
      vertex   4.045825e+01 1.900000e+01 2.731474e+02
      vertex   4.073418e+01 3.000000e+01 2.737627e+02
      vertex   4.045825e+01 3.000000e+01 2.731474e+02
    endloop
  endfacet
  facet normal -8.944144e-01 1.529430e-09 4.472392e-01
    outer loop
      vertex   4.045825e+01 1.900000e+01 2.731474e+02
      vertex   4.045825e+01 3.000000e+01 2.731474e+02
      vertex   4.015664e+01 1.900000e+01 2.725442e+02
    endloop
  endfacet
  facet normal -8.944143e-01 -1.401978e-09 4.472393e-01
    outer loop
      vertex   4.015664e+01 1.900000e+01 2.725442e+02
      vertex   4.045825e+01 3.000000e+01 2.731474e+02
      vertex   4.015664e+01 3.000000e+01 2.725442e+02
    endloop
  endfacet
  facet normal -8.747733e-01 1.401980e-09 4.845325e-01
    outer loop
      vertex   4.015664e+01 1.900000e+01 2.725442e+02
      vertex   4.015664e+01 3.000000e+01 2.725442e+02
      vertex   3.982988e+01 1.900000e+01 2.719542e+02
    endloop
  endfacet
  facet normal -8.747733e-01 -1.274525e-09 4.845325e-01
    outer loop
      vertex   3.982988e+01 1.900000e+01 2.719542e+02
      vertex   4.015664e+01 3.000000e+01 2.725442e+02
      vertex   3.982988e+01 3.000000e+01 2.719542e+02
    endloop
  endfacet
  facet normal -8.535781e-01 1.274528e-09 5.209649e-01
    outer loop
      vertex   3.982988e+01 1.900000e+01 2.719542e+02
      vertex   3.982988e+01 3.000000e+01 2.719542e+02
      vertex   3.947855e+01 1.900000e+01 2.713786e+02
    endloop
  endfacet
  facet normal -8.535781e-01 -1.147074e-09 5.209649e-01
    outer loop
      vertex   3.947855e+01 1.900000e+01 2.713786e+02
      vertex   3.982988e+01 3.000000e+01 2.719542e+02
      vertex   3.947855e+01 3.000000e+01 2.713786e+02
    endloop
  endfacet
  facet normal -8.308665e-01 1.147074e-09 5.564718e-01
    outer loop
      vertex   3.947855e+01 1.900000e+01 2.713786e+02
      vertex   3.947855e+01 3.000000e+01 2.713786e+02
      vertex   3.910327e+01 1.900000e+01 2.708183e+02
    endloop
  endfacet
  facet normal -8.308665e-01 -1.019622e-09 5.564718e-01
    outer loop
      vertex   3.910327e+01 1.900000e+01 2.708183e+02
      vertex   3.947855e+01 3.000000e+01 2.713786e+02
      vertex   3.910327e+01 3.000000e+01 2.708183e+02
    endloop
  endfacet
  facet normal -8.066788e-01 1.019621e-09 5.909901e-01
    outer loop
      vertex   3.910327e+01 1.900000e+01 2.708183e+02
      vertex   3.910327e+01 3.000000e+01 2.708183e+02
      vertex   3.870471e+01 1.900000e+01 2.702743e+02
    endloop
  endfacet
  facet normal -8.066788e-01 -8.921683e-10 5.909901e-01
    outer loop
      vertex   3.870471e+01 1.900000e+01 2.702743e+02
      vertex   3.910327e+01 3.000000e+01 2.708183e+02
      vertex   3.870471e+01 3.000000e+01 2.702743e+02
    endloop
  endfacet
  facet normal -7.810580e-01 8.921694e-10 6.244585e-01
    outer loop
      vertex   3.870471e+01 1.900000e+01 2.702743e+02
      vertex   3.870471e+01 3.000000e+01 2.702743e+02
      vertex   3.828359e+01 1.900000e+01 2.697475e+02
    endloop
  endfacet
  facet normal -7.810580e-01 -7.647182e-10 6.244585e-01
    outer loop
      vertex   3.828359e+01 1.900000e+01 2.697475e+02
      vertex   3.870471e+01 3.000000e+01 2.702743e+02
      vertex   3.828359e+01 3.000000e+01 2.697475e+02
    endloop
  endfacet
  facet normal -7.540496e-01 7.647142e-10 6.568175e-01
    outer loop
      vertex   3.828359e+01 1.900000e+01 2.697475e+02
      vertex   3.828359e+01 3.000000e+01 2.697475e+02
      vertex   3.784064e+01 1.900000e+01 2.692390e+02
    endloop
  endfacet
  facet normal -7.540496e-01 -6.372635e-10 6.568175e-01
    outer loop
      vertex   3.784064e+01 1.900000e+01 2.692390e+02
      vertex   3.828359e+01 3.000000e+01 2.697475e+02
      vertex   3.784064e+01 3.000000e+01 2.692390e+02
    endloop
  endfacet
  facet normal -7.257016e-01 6.372638e-10 6.880096e-01
    outer loop
      vertex   3.784064e+01 1.900000e+01 2.692390e+02
      vertex   3.784064e+01 3.000000e+01 2.692390e+02
      vertex   3.737665e+01 1.900000e+01 2.687496e+02
    endloop
  endfacet
  facet normal -7.257016e-01 -5.098115e-10 6.880096e-01
    outer loop
      vertex   3.737665e+01 1.900000e+01 2.687496e+02
      vertex   3.784064e+01 3.000000e+01 2.692390e+02
      vertex   3.737665e+01 3.000000e+01 2.687496e+02
    endloop
  endfacet
  facet normal -6.960643e-01 5.098104e-10 7.179794e-01
    outer loop
      vertex   3.737665e+01 1.900000e+01 2.687496e+02
      vertex   3.737665e+01 3.000000e+01 2.687496e+02
      vertex   3.689246e+01 1.900000e+01 2.682802e+02
    endloop
  endfacet
  facet normal -6.960643e-01 -3.823604e-10 7.179794e-01
    outer loop
      vertex   3.689246e+01 1.900000e+01 2.682802e+02
      vertex   3.737665e+01 3.000000e+01 2.687496e+02
      vertex   3.689246e+01 3.000000e+01 2.682802e+02
    endloop
  endfacet
  facet normal -6.651905e-01 3.823561e-10 7.466737e-01
    outer loop
      vertex   3.689246e+01 1.900000e+01 2.682802e+02
      vertex   3.689246e+01 3.000000e+01 2.682802e+02
      vertex   3.638891e+01 1.900000e+01 2.678316e+02
    endloop
  endfacet
  facet normal -6.651905e-01 -2.549087e-10 7.466737e-01
    outer loop
      vertex   3.638891e+01 1.900000e+01 2.678316e+02
      vertex   3.689246e+01 3.000000e+01 2.682802e+02
      vertex   3.638891e+01 3.000000e+01 2.678316e+02
    endloop
  endfacet
  facet normal -6.331349e-01 2.549024e-10 7.740415e-01
    outer loop
      vertex   3.638891e+01 1.900000e+01 2.678316e+02
      vertex   3.638891e+01 3.000000e+01 2.678316e+02
      vertex   3.586690e+01 1.900000e+01 2.674046e+02
    endloop
  endfacet
  facet normal -6.331349e-01 -1.274508e-10 7.740415e-01
    outer loop
      vertex   3.586690e+01 1.900000e+01 2.674046e+02
      vertex   3.638891e+01 3.000000e+01 2.678316e+02
      vertex   3.586690e+01 3.000000e+01 2.674046e+02
    endloop
  endfacet
  facet normal -5.999594e-01 1.274177e-10 8.000304e-01
    outer loop
      vertex   3.586690e+01 1.900000e+01 2.674046e+02
      vertex   3.586690e+01 3.000000e+01 2.674046e+02
      vertex   3.532737e+01 1.900000e+01 2.670000e+02
    endloop
  endfacet
  facet normal -5.999594e-01 -2.712798e-15 8.000304e-01
    outer loop
      vertex   3.532737e+01 1.900000e+01 2.670000e+02
      vertex   3.586690e+01 3.000000e+01 2.674046e+02
      vertex   3.532737e+01 3.000000e+01 2.670000e+02
    endloop
  endfacet
  facet normal -5.794276e-01 -2.619960e-15 8.150237e-01
    outer loop
      vertex   3.532737e+01 1.900000e+01 2.670000e+02
      vertex   3.532737e+01 3.000000e+01 2.670000e+02
      vertex   3.532658e+01 1.900000e+01 2.669994e+02
    endloop
  endfacet
  facet normal -5.794276e-01 0.000000e+00 8.150237e-01
    outer loop
      vertex   3.532658e+01 1.900000e+01 2.669994e+02
      vertex   3.532737e+01 3.000000e+01 2.670000e+02
      vertex   3.532658e+01 3.000000e+01 2.669994e+02
    endloop
  endfacet
  facet normal -5.657219e-01 0.000000e+00 8.245961e-01
    outer loop
      vertex   3.532658e+01 1.900000e+01 2.669994e+02
      vertex   3.532658e+01 3.000000e+01 2.669994e+02
      vertex   3.477236e+01 3.000000e+01 2.666192e+02
    endloop
  endfacet
  facet normal -5.657219e-01 0.000000e+00 8.245961e-01
    outer loop
      vertex   3.532658e+01 1.900000e+01 2.669994e+02
      vertex   3.477236e+01 3.000000e+01 2.666192e+02
      vertex   3.477236e+01 1.900000e+01 2.666192e+02
    endloop
  endfacet
  facet normal -5.305860e-01 0.000000e+00 8.476311e-01
    outer loop
      vertex   3.477236e+01 1.900000e+01 2.666192e+02
      vertex   3.477236e+01 3.000000e+01 2.666192e+02
      vertex   3.420265e+01 3.000000e+01 2.662626e+02
    endloop
  endfacet
  facet normal -5.305860e-01 0.000000e+00 8.476311e-01
    outer loop
      vertex   3.477236e+01 1.900000e+01 2.666192e+02
      vertex   3.420265e+01 3.000000e+01 2.662626e+02
      vertex   3.420265e+01 1.900000e+01 2.662626e+02
    endloop
  endfacet
  facet normal -4.945188e-01 0.000000e+00 8.691669e-01
    outer loop
      vertex   3.420265e+01 1.900000e+01 2.662626e+02
      vertex   3.420265e+01 3.000000e+01 2.662626e+02
      vertex   3.361846e+01 3.000000e+01 2.659302e+02
    endloop
  endfacet
  facet normal -4.945188e-01 -3.191022e-16 8.691669e-01
    outer loop
      vertex   3.420265e+01 1.900000e+01 2.662626e+02
      vertex   3.361846e+01 3.000000e+01 2.659302e+02
      vertex   3.361846e+01 1.900000e+01 2.659302e+02
    endloop
  endfacet
  facet normal -4.575790e-01 -2.955722e-16 8.891689e-01
    outer loop
      vertex   3.361846e+01 1.900000e+01 2.659302e+02
      vertex   3.361846e+01 3.000000e+01 2.659302e+02
      vertex   3.302084e+01 3.000000e+01 2.656227e+02
    endloop
  endfacet
  facet normal -4.575790e-01 -2.928232e-16 8.891689e-01
    outer loop
      vertex   3.361846e+01 1.900000e+01 2.659302e+02
      vertex   3.302084e+01 3.000000e+01 2.656227e+02
      vertex   3.302084e+01 1.900000e+01 2.656227e+02
    endloop
  endfacet
  facet normal -4.198318e-01 -2.711895e-16 9.076019e-01
    outer loop
      vertex   3.302084e+01 1.900000e+01 2.656227e+02
      vertex   3.302084e+01 3.000000e+01 2.656227e+02
      vertex   3.241082e+01 3.000000e+01 2.653405e+02
    endloop
  endfacet
  facet normal -4.198318e-01 0.000000e+00 9.076019e-01
    outer loop
      vertex   3.302084e+01 1.900000e+01 2.656227e+02
      vertex   3.241082e+01 3.000000e+01 2.653405e+02
      vertex   3.241082e+01 1.900000e+01 2.653405e+02
    endloop
  endfacet
  facet normal -3.813437e-01 0.000000e+00 9.244333e-01
    outer loop
      vertex   3.241082e+01 1.900000e+01 2.653405e+02
      vertex   3.241082e+01 3.000000e+01 2.653405e+02
      vertex   3.178949e+01 3.000000e+01 2.650842e+02
    endloop
  endfacet
  facet normal -3.813437e-01 -1.201326e-16 9.244333e-01
    outer loop
      vertex   3.241082e+01 1.900000e+01 2.653405e+02
      vertex   3.178949e+01 3.000000e+01 2.650842e+02
      vertex   3.178949e+01 1.900000e+01 2.650842e+02
    endloop
  endfacet
  facet normal -3.421827e-01 -1.105161e-16 9.396334e-01
    outer loop
      vertex   3.178949e+01 1.900000e+01 2.650842e+02
      vertex   3.178949e+01 3.000000e+01 2.650842e+02
      vertex   3.115794e+01 3.000000e+01 2.648542e+02
    endloop
  endfacet
  facet normal -3.421827e-01 -1.126243e-16 9.396334e-01
    outer loop
      vertex   3.178949e+01 1.900000e+01 2.650842e+02
      vertex   3.115794e+01 3.000000e+01 2.648542e+02
      vertex   3.115794e+01 1.900000e+01 2.648542e+02
    endloop
  endfacet
  facet normal -3.024179e-01 -9.767310e-17 9.531754e-01
    outer loop
      vertex   3.115794e+01 1.900000e+01 2.648542e+02
      vertex   3.115794e+01 3.000000e+01 2.648542e+02
      vertex   3.051729e+01 3.000000e+01 2.646509e+02
    endloop
  endfacet
  facet normal -3.024179e-01 -9.760774e-17 9.531754e-01
    outer loop
      vertex   3.115794e+01 1.900000e+01 2.648542e+02
      vertex   3.051729e+01 3.000000e+01 2.646509e+02
      vertex   3.051729e+01 1.900000e+01 2.646509e+02
    endloop
  endfacet
  facet normal -2.621194e-01 -8.465774e-17 9.650355e-01
    outer loop
      vertex   3.051729e+01 1.900000e+01 2.646509e+02
      vertex   3.051729e+01 3.000000e+01 2.646509e+02
      vertex   2.986868e+01 3.000000e+01 2.644748e+02
    endloop
  endfacet
  facet normal -2.621194e-01 -8.446824e-17 9.650355e-01
    outer loop
      vertex   3.051729e+01 1.900000e+01 2.646509e+02
      vertex   2.986868e+01 3.000000e+01 2.644748e+02
      vertex   2.986868e+01 1.900000e+01 2.644748e+02
    endloop
  endfacet
  facet normal -2.213583e-01 -7.149298e-17 9.751925e-01
    outer loop
      vertex   2.986868e+01 1.900000e+01 2.644748e+02
      vertex   2.986868e+01 3.000000e+01 2.644748e+02
      vertex   2.921323e+01 3.000000e+01 2.643260e+02
    endloop
  endfacet
  facet normal -2.213583e-01 -1.445345e-16 9.751925e-01
    outer loop
      vertex   2.986868e+01 1.900000e+01 2.644748e+02
      vertex   2.921323e+01 3.000000e+01 2.643260e+02
      vertex   2.921323e+01 1.900000e+01 2.643260e+02
    endloop
  endfacet
  facet normal -1.802067e-01 -1.164041e-16 9.836288e-01
    outer loop
      vertex   2.921323e+01 1.900000e+01 2.643260e+02
      vertex   2.921323e+01 3.000000e+01 2.643260e+02
      vertex   2.855211e+01 3.000000e+01 2.642049e+02
    endloop
  endfacet
  facet normal -1.802067e-01 -5.818923e-17 9.836288e-01
    outer loop
      vertex   2.921323e+01 1.900000e+01 2.643260e+02
      vertex   2.855211e+01 3.000000e+01 2.642049e+02
      vertex   2.855211e+01 1.900000e+01 2.642049e+02
    endloop
  endfacet
  facet normal -1.387370e-01 -4.480845e-17 9.903293e-01
    outer loop
      vertex   2.855211e+01 1.900000e+01 2.642049e+02
      vertex   2.855211e+01 3.000000e+01 2.642049e+02
      vertex   2.788649e+01 3.000000e+01 2.641116e+02
    endloop
  endfacet
  facet normal -1.387370e-01 0.000000e+00 9.903293e-01
    outer loop
      vertex   2.855211e+01 1.900000e+01 2.642049e+02
      vertex   2.788649e+01 3.000000e+01 2.641116e+02
      vertex   2.788649e+01 1.900000e+01 2.641116e+02
    endloop
  endfacet
  facet normal -9.702257e-02 0.000000e+00 9.952822e-01
    outer loop
      vertex   2.788649e+01 1.900000e+01 2.641116e+02
      vertex   2.788649e+01 3.000000e+01 2.641116e+02
      vertex   2.721754e+01 3.000000e+01 2.640464e+02
    endloop
  endfacet
  facet normal -9.702257e-02 -3.097169e-17 9.952822e-01
    outer loop
      vertex   2.788649e+01 1.900000e+01 2.641116e+02
      vertex   2.721754e+01 3.000000e+01 2.640464e+02
      vertex   2.721754e+01 1.900000e+01 2.640464e+02
    endloop
  endfacet
  facet normal -5.513689e-02 -1.780778e-17 9.984788e-01
    outer loop
      vertex   2.721754e+01 1.900000e+01 2.640464e+02
      vertex   2.721754e+01 3.000000e+01 2.640464e+02
      vertex   2.654645e+01 3.000000e+01 2.640093e+02
    endloop
  endfacet
  facet normal -5.513689e-02 0.000000e+00 9.984788e-01
    outer loop
      vertex   2.721754e+01 1.900000e+01 2.640464e+02
      vertex   2.654645e+01 3.000000e+01 2.640093e+02
      vertex   2.654645e+01 1.900000e+01 2.640093e+02
    endloop
  endfacet
  facet normal -1.315391e-02 0.000000e+00 9.999135e-01
    outer loop
      vertex   2.654645e+01 1.900000e+01 2.640093e+02
      vertex   2.654645e+01 3.000000e+01 2.640093e+02
      vertex   2.587439e+01 3.000000e+01 2.640005e+02
    endloop
  endfacet
  facet normal -1.315391e-02 0.000000e+00 9.999135e-01
    outer loop
      vertex   2.654645e+01 1.900000e+01 2.640093e+02
      vertex   2.587439e+01 3.000000e+01 2.640005e+02
      vertex   2.587439e+01 1.900000e+01 2.640005e+02
    endloop
  endfacet
  facet normal 2.885227e-02 -0.000000e+00 9.995837e-01
    outer loop
      vertex   2.587439e+01 1.900000e+01 2.640005e+02
      vertex   2.587439e+01 3.000000e+01 2.640005e+02
      vertex   2.520255e+01 3.000000e+01 2.640199e+02
    endloop
  endfacet
  facet normal 2.885227e-02 0.000000e+00 9.995837e-01
    outer loop
      vertex   2.587439e+01 1.900000e+01 2.640005e+02
      vertex   2.520255e+01 3.000000e+01 2.640199e+02
      vertex   2.520255e+01 1.900000e+01 2.640199e+02
    endloop
  endfacet
  facet normal 7.080755e-02 -0.000000e+00 9.974900e-01
    outer loop
      vertex   2.520255e+01 1.900000e+01 2.640199e+02
      vertex   2.520255e+01 3.000000e+01 2.640199e+02
      vertex   2.453211e+01 3.000000e+01 2.640675e+02
    endloop
  endfacet
  facet normal 7.080755e-02 6.851313e-17 9.974900e-01
    outer loop
      vertex   2.520255e+01 1.900000e+01 2.640199e+02
      vertex   2.453211e+01 3.000000e+01 2.640675e+02
      vertex   2.453211e+01 1.900000e+01 2.640675e+02
    endloop
  endfacet
  facet normal 1.126379e-01 1.091373e-16 9.936361e-01
    outer loop
      vertex   2.453211e+01 1.900000e+01 2.640675e+02
      vertex   2.453211e+01 3.000000e+01 2.640675e+02
      vertex   2.386427e+01 3.000000e+01 2.641432e+02
    endloop
  endfacet
  facet normal 1.126379e-01 1.454731e-16 9.936361e-01
    outer loop
      vertex   2.453211e+01 1.900000e+01 2.640675e+02
      vertex   2.386427e+01 3.000000e+01 2.641432e+02
      vertex   2.386427e+01 1.900000e+01 2.641432e+02
    endloop
  endfacet
  facet normal 1.542694e-01 1.993000e-16 9.880288e-01
    outer loop
      vertex   2.386427e+01 1.900000e+01 2.641432e+02
      vertex   2.386427e+01 3.000000e+01 2.641432e+02
      vertex   2.320020e+01 3.000000e+01 2.642469e+02
    endloop
  endfacet
  facet normal 1.542694e-01 1.501658e-16 9.880288e-01
    outer loop
      vertex   2.386427e+01 1.900000e+01 2.641432e+02
      vertex   2.320020e+01 3.000000e+01 2.642469e+02
      vertex   2.320020e+01 1.900000e+01 2.642469e+02
    endloop
  endfacet
  facet normal 1.956288e-01 1.895490e-16 9.806780e-01
    outer loop
      vertex   2.320020e+01 1.900000e+01 2.642469e+02
      vertex   2.320020e+01 3.000000e+01 2.642469e+02
      vertex   2.254106e+01 3.000000e+01 2.643784e+02
    endloop
  endfacet
  facet normal 1.956288e-01 1.895843e-16 9.806780e-01
    outer loop
      vertex   2.320020e+01 1.900000e+01 2.642469e+02
      vertex   2.254106e+01 3.000000e+01 2.643784e+02
      vertex   2.254106e+01 1.900000e+01 2.643784e+02
    endloop
  endfacet
  facet normal 2.366429e-01 2.292885e-16 9.715967e-01
    outer loop
      vertex   2.254106e+01 1.900000e+01 2.643784e+02
      vertex   2.254106e+01 3.000000e+01 2.643784e+02
      vertex   2.188803e+01 3.000000e+01 2.645374e+02
    endloop
  endfacet
  facet normal 2.366429e-01 2.308799e-16 9.715967e-01
    outer loop
      vertex   2.254106e+01 1.900000e+01 2.643784e+02
      vertex   2.188803e+01 3.000000e+01 2.645374e+02
      vertex   2.188803e+01 1.900000e+01 2.645374e+02
    endloop
  endfacet
  facet normal 2.772394e-01 2.686233e-16 9.608009e-01
    outer loop
      vertex   2.188803e+01 1.900000e+01 2.645374e+02
      vertex   2.188803e+01 3.000000e+01 2.645374e+02
      vertex   2.124226e+01 3.000000e+01 2.647238e+02
    endloop
  endfacet
  facet normal 2.772394e-01 1.783218e-16 9.608009e-01
    outer loop
      vertex   2.188803e+01 1.900000e+01 2.645374e+02
      vertex   2.124226e+01 3.000000e+01 2.647238e+02
      vertex   2.124226e+01 1.900000e+01 2.647238e+02
    endloop
  endfacet
  facet normal 3.173467e-01 2.049895e-16 9.483096e-01
    outer loop
      vertex   2.124226e+01 1.900000e+01 2.647238e+02
      vertex   2.124226e+01 3.000000e+01 2.647238e+02
      vertex   2.060488e+01 3.000000e+01 2.649370e+02
    endloop
  endfacet
  facet normal 3.173467e-01 3.040857e-16 9.483096e-01
    outer loop
      vertex   2.124226e+01 1.900000e+01 2.647238e+02
      vertex   2.060488e+01 3.000000e+01 2.649370e+02
      vertex   2.060488e+01 1.900000e+01 2.649370e+02
    endloop
  endfacet
  facet normal 3.568940e-01 3.458024e-16 9.341449e-01
    outer loop
      vertex   2.060488e+01 1.900000e+01 2.649370e+02
      vertex   2.060488e+01 3.000000e+01 2.649370e+02
      vertex   1.997703e+01 3.000000e+01 2.651769e+02
    endloop
  endfacet
  facet normal 3.568940e-01 4.617597e-16 9.341449e-01
    outer loop
      vertex   2.060488e+01 1.900000e+01 2.649370e+02
      vertex   1.997703e+01 3.000000e+01 2.651769e+02
      vertex   1.997703e+01 1.900000e+01 2.651769e+02
    endloop
  endfacet
  facet normal 3.958116e-01 5.113473e-16 9.183318e-01
    outer loop
      vertex   1.997703e+01 1.900000e+01 2.651769e+02
      vertex   1.997703e+01 3.000000e+01 2.651769e+02
      vertex   1.935980e+01 3.000000e+01 2.654430e+02
    endloop
  endfacet
  facet normal 3.958116e-01 -4.362315e-15 9.183318e-01
    outer loop
      vertex   1.997703e+01 1.900000e+01 2.651769e+02
      vertex   1.935980e+01 3.000000e+01 2.654430e+02
      vertex   1.935980e+01 1.900000e+01 2.654430e+02
    endloop
  endfacet
  facet normal 4.340306e-01 -4.234925e-15 9.008981e-01
    outer loop
      vertex   1.935980e+01 1.900000e+01 2.654430e+02
      vertex   1.935980e+01 3.000000e+01 2.654430e+02
      vertex   1.875429e+01 3.000000e+01 2.657347e+02
    endloop
  endfacet
  facet normal 4.340306e-01 4.204641e-16 9.008981e-01
    outer loop
      vertex   1.935980e+01 1.900000e+01 2.654430e+02
      vertex   1.875429e+01 3.000000e+01 2.657347e+02
      vertex   1.875429e+01 1.900000e+01 2.657347e+02
    endloop
  endfacet
  facet normal 4.714838e-01 4.568310e-16 8.818747e-01
    outer loop
      vertex   1.875429e+01 1.900000e+01 2.657347e+02
      vertex   1.875429e+01 3.000000e+01 2.657347e+02
      vertex   1.816156e+01 3.000000e+01 2.660516e+02
    endloop
  endfacet
  facet normal 4.714838e-01 3.040857e-16 8.818747e-01
    outer loop
      vertex   1.875429e+01 1.900000e+01 2.657347e+02
      vertex   1.816156e+01 3.000000e+01 2.660516e+02
      vertex   1.816156e+01 1.900000e+01 2.660516e+02
    endloop
  endfacet
  facet normal 5.081049e-01 3.282093e-16 8.612952e-01
    outer loop
      vertex   1.816156e+01 1.900000e+01 2.660516e+02
      vertex   1.816156e+01 3.000000e+01 2.660516e+02
      vertex   1.758267e+01 3.000000e+01 2.663931e+02
    endloop
  endfacet
  facet normal 5.081049e-01 4.917929e-16 8.612952e-01
    outer loop
      vertex   1.816156e+01 1.900000e+01 2.660516e+02
      vertex   1.758267e+01 3.000000e+01 2.663931e+02
      vertex   1.758267e+01 1.900000e+01 2.663931e+02
    endloop
  endfacet
  facet normal 5.438295e-01 5.269283e-16 8.391957e-01
    outer loop
      vertex   1.758267e+01 1.900000e+01 2.663931e+02
      vertex   1.758267e+01 3.000000e+01 2.663931e+02
      vertex   1.701863e+01 3.000000e+01 2.667586e+02
    endloop
  endfacet
  facet normal 5.438295e-01 3.528895e-16 8.391957e-01
    outer loop
      vertex   1.758267e+01 1.900000e+01 2.663931e+02
      vertex   1.701863e+01 3.000000e+01 2.667586e+02
      vertex   1.701863e+01 1.900000e+01 2.667586e+02
    endloop
  endfacet
  facet normal 5.785944e-01 3.737419e-16 8.156154e-01
    outer loop
      vertex   1.701863e+01 1.900000e+01 2.667586e+02
      vertex   1.701863e+01 3.000000e+01 2.667586e+02
      vertex   1.647044e+01 3.000000e+01 2.671475e+02
    endloop
  endfacet
  facet normal 5.785944e-01 1.877072e-16 8.156154e-01
    outer loop
      vertex   1.701863e+01 1.900000e+01 2.667586e+02
      vertex   1.647044e+01 3.000000e+01 2.671475e+02
      vertex   1.647044e+01 1.900000e+01 2.671475e+02
    endloop
  endfacet
  facet normal 6.123383e-01 1.977693e-16 7.905959e-01
    outer loop
      vertex   1.647044e+01 1.900000e+01 2.671475e+02
      vertex   1.647044e+01 3.000000e+01 2.671475e+02
      vertex   1.593906e+01 3.000000e+01 2.675590e+02
    endloop
  endfacet
  facet normal 6.123383e-01 1.952155e-16 7.905959e-01
    outer loop
      vertex   1.647044e+01 1.900000e+01 2.671475e+02
      vertex   1.593906e+01 3.000000e+01 2.675590e+02
      vertex   1.593906e+01 1.900000e+01 2.675590e+02
    endloop
  endfacet
  facet normal 6.450016e-01 2.083187e-16 7.641812e-01
    outer loop
      vertex   1.593906e+01 1.900000e+01 2.675590e+02
      vertex   1.593906e+01 3.000000e+01 2.675590e+02
      vertex   1.542544e+01 3.000000e+01 2.679926e+02
    endloop
  endfacet
  facet normal 6.450016e-01 3.115940e-16 7.641812e-01
    outer loop
      vertex   1.593906e+01 1.900000e+01 2.675590e+02
      vertex   1.542544e+01 3.000000e+01 2.679926e+02
      vertex   1.542544e+01 1.900000e+01 2.679926e+02
    endloop
  endfacet
  facet normal 6.765268e-01 3.277508e-16 7.364180e-01
    outer loop
      vertex   1.542544e+01 1.900000e+01 2.679926e+02
      vertex   1.542544e+01 3.000000e+01 2.679926e+02
      vertex   1.493048e+01 3.000000e+01 2.684473e+02
    endloop
  endfacet
  facet normal 6.765268e-01 3.303647e-16 7.364180e-01
    outer loop
      vertex   1.542544e+01 1.900000e+01 2.679926e+02
      vertex   1.493048e+01 3.000000e+01 2.684473e+02
      vertex   1.493048e+01 1.900000e+01 2.684473e+02
    endloop
  endfacet
  facet normal 7.068581e-01 3.424452e-16 7.073554e-01
    outer loop
      vertex   1.493048e+01 1.900000e+01 2.684473e+02
      vertex   1.493048e+01 3.000000e+01 2.684473e+02
      vertex   1.445505e+01 3.000000e+01 2.689224e+02
    endloop
  endfacet
  facet normal 7.068581e-01 1.163785e-16 7.073554e-01
    outer loop
      vertex   1.493048e+01 1.900000e+01 2.684473e+02
      vertex   1.445505e+01 3.000000e+01 2.689224e+02
      vertex   1.445505e+01 1.900000e+01 2.689224e+02
    endloop
  endfacet
  facet normal 7.359463e-01 1.188457e-16 6.770399e-01
    outer loop
      vertex   1.445505e+01 1.900000e+01 2.689224e+02
      vertex   1.445505e+01 3.000000e+01 2.689224e+02
      vertex   1.400000e+01 3.000000e+01 2.694170e+02
    endloop
  endfacet
  facet normal 7.359421e-01 -3.792186e-07 6.770445e-01
    outer loop
      vertex   1.445505e+01 1.900000e+01 2.689224e+02
      vertex   1.400000e+01 3.000000e+01 2.694170e+02
      vertex   1.400000e+01 1.900000e+01 2.694170e+02
    endloop
  endfacet
  facet normal 7.632367e-01 -3.792246e-07 6.461189e-01
    outer loop
      vertex   1.400000e+01 1.900000e+01 2.694170e+02
      vertex   1.400000e+01 3.000000e+01 2.694170e+02
      vertex   1.358144e+01 3.000000e+01 2.699114e+02
    endloop
  endfacet
  facet normal 7.632409e-01 0.000000e+00 6.461140e-01
    outer loop
      vertex   1.400000e+01 1.900000e+01 2.694170e+02
      vertex   1.358144e+01 3.000000e+01 2.699114e+02
      vertex   1.358144e+01 1.900000e+01 2.699114e+02
    endloop
  endfacet
  facet normal 7.887660e-01 -0.000000e+00 6.146936e-01
    outer loop
      vertex   1.358144e+01 1.900000e+01 2.699114e+02
      vertex   1.358144e+01 3.000000e+01 2.699114e+02
      vertex   1.318323e+01 3.000000e+01 2.704224e+02
    endloop
  endfacet
  facet normal 7.887660e-01 0.000000e+00 6.146936e-01
    outer loop
      vertex   1.358144e+01 1.900000e+01 2.699114e+02
      vertex   1.318323e+01 3.000000e+01 2.704224e+02
      vertex   1.318323e+01 1.900000e+01 2.704224e+02
    endloop
  endfacet
  facet normal 8.130022e-01 -0.000000e+00 5.822606e-01
    outer loop
      vertex   1.318323e+01 1.900000e+01 2.704224e+02
      vertex   1.318323e+01 3.000000e+01 2.704224e+02
      vertex   1.280604e+01 3.000000e+01 2.709491e+02
    endloop
  endfacet
  facet normal 8.130022e-01 0.000000e+00 5.822606e-01
    outer loop
      vertex   1.318323e+01 1.900000e+01 2.704224e+02
      vertex   1.280604e+01 3.000000e+01 2.709491e+02
      vertex   1.280604e+01 1.900000e+01 2.709491e+02
    endloop
  endfacet
  facet normal 8.359057e-01 -0.000000e+00 5.488730e-01
    outer loop
      vertex   1.280604e+01 1.900000e+01 2.709491e+02
      vertex   1.280604e+01 3.000000e+01 2.709491e+02
      vertex   1.245047e+01 3.000000e+01 2.714906e+02
    endloop
  endfacet
  facet normal 8.359057e-01 2.687559e-16 5.488730e-01
    outer loop
      vertex   1.280604e+01 1.900000e+01 2.709491e+02
      vertex   1.245047e+01 3.000000e+01 2.714906e+02
      vertex   1.245047e+01 1.900000e+01 2.714906e+02
    endloop
  endfacet
  facet normal 8.574389e-01 2.769305e-16 5.145858e-01
    outer loop
      vertex   1.245047e+01 1.900000e+01 2.714906e+02
      vertex   1.245047e+01 3.000000e+01 2.714906e+02
      vertex   1.211712e+01 3.000000e+01 2.720461e+02
    endloop
  endfacet
  facet normal 8.574389e-01 1.363255e-16 5.145858e-01
    outer loop
      vertex   1.245047e+01 1.900000e+01 2.714906e+02
      vertex   1.211712e+01 3.000000e+01 2.720461e+02
      vertex   1.211712e+01 1.900000e+01 2.720461e+02
    endloop
  endfacet
  facet normal 8.775665e-01 1.417156e-16 4.794549e-01
    outer loop
      vertex   1.211712e+01 1.900000e+01 2.720461e+02
      vertex   1.211712e+01 3.000000e+01 2.720461e+02
      vertex   1.180652e+01 3.000000e+01 2.726145e+02
    endloop
  endfacet
  facet normal 8.775665e-01 0.000000e+00 4.794549e-01
    outer loop
      vertex   1.211712e+01 1.900000e+01 2.720461e+02
      vertex   1.180652e+01 3.000000e+01 2.726145e+02
      vertex   1.180652e+01 1.900000e+01 2.726145e+02
    endloop
  endfacet
  facet normal 8.962555e-01 -0.000000e+00 4.435381e-01
    outer loop
      vertex   1.180652e+01 1.900000e+01 2.726145e+02
      vertex   1.180652e+01 3.000000e+01 2.726145e+02
      vertex   1.151919e+01 3.000000e+01 2.731952e+02
    endloop
  endfacet
  facet normal 8.962555e-01 2.882310e-16 4.435381e-01
    outer loop
      vertex   1.180652e+01 1.900000e+01 2.726145e+02
      vertex   1.151919e+01 3.000000e+01 2.731952e+02
      vertex   1.151919e+01 1.900000e+01 2.731952e+02
    endloop
  endfacet
  facet normal 9.134753e-01 2.950287e-16 4.068942e-01
    outer loop
      vertex   1.151919e+01 1.900000e+01 2.731952e+02
      vertex   1.151919e+01 3.000000e+01 2.731952e+02
      vertex   1.125560e+01 3.000000e+01 2.737869e+02
    endloop
  endfacet
  facet normal 9.134753e-01 0.000000e+00 4.068942e-01
    outer loop
      vertex   1.151919e+01 1.900000e+01 2.731952e+02
      vertex   1.125560e+01 3.000000e+01 2.737869e+02
      vertex   1.125560e+01 1.900000e+01 2.737869e+02
    endloop
  endfacet
  facet normal 9.291976e-01 -0.000000e+00 3.695833e-01
    outer loop
      vertex   1.125560e+01 1.900000e+01 2.737869e+02
      vertex   1.125560e+01 3.000000e+01 2.737869e+02
      vertex   1.101618e+01 3.000000e+01 2.743889e+02
    endloop
  endfacet
  facet normal 9.291976e-01 0.000000e+00 3.695833e-01
    outer loop
      vertex   1.125560e+01 1.900000e+01 2.737869e+02
      vertex   1.101618e+01 3.000000e+01 2.743889e+02
      vertex   1.101618e+01 1.900000e+01 2.743889e+02
    endloop
  endfacet
  facet normal 9.433967e-01 -0.000000e+00 3.316665e-01
    outer loop
      vertex   1.101618e+01 1.900000e+01 2.743889e+02
      vertex   1.101618e+01 3.000000e+01 2.743889e+02
      vertex   1.080132e+01 1.900000e+01 2.750000e+02
    endloop
  endfacet
  facet normal 9.433967e-01 -0.000000e+00 3.316665e-01
    outer loop
      vertex   1.080132e+01 1.900000e+01 2.750000e+02
      vertex   1.101618e+01 3.000000e+01 2.743889e+02
      vertex   1.080132e+01 3.000000e+01 2.750000e+02
    endloop
  endfacet
  facet normal 9.257510e-01 -5.193045e-16 -3.781337e-01
    outer loop
      vertex   1.316227e+01 -2.220446e-15 2.855851e+02
      vertex   1.292330e+01 0.000000e+00 2.850000e+02
      vertex   1.316227e+01 9.500000e+00 2.855851e+02
    endloop
  endfacet
  facet normal 9.257510e-01 0.000000e+00 -3.781337e-01
    outer loop
      vertex   1.316227e+01 9.500000e+00 2.855851e+02
      vertex   1.292330e+01 0.000000e+00 2.850000e+02
      vertex   1.292330e+01 1.900000e+01 2.850000e+02
    endloop
  endfacet
  facet normal 9.257510e-01 5.193045e-16 -3.781337e-01
    outer loop
      vertex   1.316227e+01 9.500000e+00 2.855851e+02
      vertex   1.292330e+01 1.900000e+01 2.850000e+02
      vertex   1.316227e+01 1.900000e+01 2.855851e+02
    endloop
  endfacet
  facet normal 9.077430e-01 5.092028e-16 -4.195268e-01
    outer loop
      vertex   1.316227e+01 9.500000e+00 2.855851e+02
      vertex   1.316227e+01 1.900000e+01 2.855851e+02
      vertex   1.342740e+01 9.500000e+00 2.861587e+02
    endloop
  endfacet
  facet normal 9.077430e-01 -6.789370e-16 -4.195268e-01
    outer loop
      vertex   1.342740e+01 9.500000e+00 2.861587e+02
      vertex   1.316227e+01 1.900000e+01 2.855851e+02
      vertex   1.342740e+01 1.900000e+01 2.861587e+02
    endloop
  endfacet
  facet normal 8.878852e-01 -6.640846e-16 -4.600650e-01
    outer loop
      vertex   1.342740e+01 9.500000e+00 2.861587e+02
      vertex   1.342740e+01 1.900000e+01 2.861587e+02
      vertex   1.371815e+01 9.500000e+00 2.867198e+02
    endloop
  endfacet
  facet normal 8.878852e-01 6.640846e-16 -4.600650e-01
    outer loop
      vertex   1.371815e+01 9.500000e+00 2.867198e+02
      vertex   1.342740e+01 1.900000e+01 2.861587e+02
      vertex   1.371815e+01 1.900000e+01 2.867198e+02
    endloop
  endfacet
  facet normal 8.662183e-01 6.478791e-16 -4.996658e-01
    outer loop
      vertex   1.371815e+01 9.500000e+00 2.867198e+02
      vertex   1.371815e+01 1.900000e+01 2.867198e+02
      vertex   1.403392e+01 9.500000e+00 2.872673e+02
    endloop
  endfacet
  facet normal 8.662183e-01 -3.239395e-16 -4.996658e-01
    outer loop
      vertex   1.403392e+01 9.500000e+00 2.872673e+02
      vertex   1.371815e+01 1.900000e+01 2.867198e+02
      vertex   1.403392e+01 1.900000e+01 2.872673e+02
    endloop
  endfacet
  facet normal 8.427863e-01 -3.151767e-16 -5.382484e-01
    outer loop
      vertex   1.403392e+01 9.500000e+00 2.872673e+02
      vertex   1.403392e+01 1.900000e+01 2.872673e+02
      vertex   1.437408e+01 9.500000e+00 2.877999e+02
    endloop
  endfacet
  facet normal 8.427863e-01 3.151767e-16 -5.382484e-01
    outer loop
      vertex   1.437408e+01 9.500000e+00 2.877999e+02
      vertex   1.403392e+01 1.900000e+01 2.872673e+02
      vertex   1.437408e+01 1.900000e+01 2.877999e+02
    endloop
  endfacet
  facet normal 8.176369e-01 3.057716e-16 -5.757342e-01
    outer loop
      vertex   1.437408e+01 9.500000e+00 2.877999e+02
      vertex   1.437408e+01 1.900000e+01 2.877999e+02
      vertex   1.473792e+01 9.500000e+00 2.883166e+02
    endloop
  endfacet
  facet normal 8.176369e-01 -1.528858e-16 -5.757342e-01
    outer loop
      vertex   1.473792e+01 9.500000e+00 2.883166e+02
      vertex   1.437408e+01 1.900000e+01 2.877999e+02
      vertex   1.473792e+01 1.900000e+01 2.883166e+02
    endloop
  endfacet
  facet normal 7.908215e-01 -1.478717e-16 -6.120469e-01
    outer loop
      vertex   1.473792e+01 9.500000e+00 2.883166e+02
      vertex   1.473792e+01 1.900000e+01 2.883166e+02
      vertex   1.512472e+01 9.500000e+00 2.888164e+02
    endloop
  endfacet
  facet normal 7.908215e-01 -4.436151e-16 -6.120469e-01
    outer loop
      vertex   1.512472e+01 9.500000e+00 2.888164e+02
      vertex   1.473792e+01 1.900000e+01 2.883166e+02
      vertex   1.512472e+01 1.900000e+01 2.888164e+02
    endloop
  endfacet
  facet normal 7.623946e-01 -4.276689e-16 -6.471124e-01
    outer loop
      vertex   1.512472e+01 9.500000e+00 2.888164e+02
      vertex   1.512472e+01 1.900000e+01 2.888164e+02
      vertex   1.553367e+01 9.500000e+00 2.892982e+02
    endloop
  endfacet
  facet normal 7.623946e-01 -4.276689e-16 -6.471124e-01
    outer loop
      vertex   1.553367e+01 9.500000e+00 2.892982e+02
      vertex   1.512472e+01 1.900000e+01 2.888164e+02
      vertex   1.553367e+01 1.900000e+01 2.892982e+02
    endloop
  endfacet
  facet normal 7.324142e-01 -4.108513e-16 -6.808593e-01
    outer loop
      vertex   1.553367e+01 9.500000e+00 2.892982e+02
      vertex   1.553367e+01 1.900000e+01 2.892982e+02
      vertex   1.596395e+01 9.500000e+00 2.897610e+02
    endloop
  endfacet
  facet normal 7.324142e-01 -2.739008e-16 -6.808593e-01
    outer loop
      vertex   1.596395e+01 9.500000e+00 2.897610e+02
      vertex   1.553367e+01 1.900000e+01 2.892982e+02
      vertex   1.596395e+01 1.900000e+01 2.897610e+02
    endloop
  endfacet
  facet normal 7.009414e-01 -2.621310e-16 -7.132189e-01
    outer loop
      vertex   1.596395e+01 9.500000e+00 2.897610e+02
      vertex   1.596395e+01 1.900000e+01 2.897610e+02
      vertex   1.641469e+01 9.500000e+00 2.902040e+02
    endloop
  endfacet
  facet normal 7.009414e-01 -2.621310e-16 -7.132189e-01
    outer loop
      vertex   1.641469e+01 9.500000e+00 2.902040e+02
      vertex   1.596395e+01 1.900000e+01 2.897610e+02
      vertex   1.641469e+01 1.900000e+01 2.902040e+02
    endloop
  endfacet
  facet normal 6.680403e-01 -2.498269e-16 -7.441251e-01
    outer loop
      vertex   1.641469e+01 9.500000e+00 2.902040e+02
      vertex   1.641469e+01 1.900000e+01 2.902040e+02
      vertex   1.688495e+01 9.500000e+00 2.906262e+02
    endloop
  endfacet
  facet normal 6.680403e-01 0.000000e+00 -7.441251e-01
    outer loop
      vertex   1.688495e+01 9.500000e+00 2.906262e+02
      vertex   1.641469e+01 1.900000e+01 2.902040e+02
      vertex   1.688495e+01 1.900000e+01 2.906262e+02
    endloop
  endfacet
  facet normal 6.337779e-01 0.000000e+00 -7.735150e-01
    outer loop
      vertex   1.688495e+01 9.500000e+00 2.906262e+02
      vertex   1.688495e+01 1.900000e+01 2.906262e+02
      vertex   1.737379e+01 9.500000e+00 2.910267e+02
    endloop
  endfacet
  facet normal 6.337779e-01 -2.370138e-16 -7.735150e-01
    outer loop
      vertex   1.737379e+01 9.500000e+00 2.910267e+02
      vertex   1.688495e+01 1.900000e+01 2.906262e+02
      vertex   1.737379e+01 1.900000e+01 2.910267e+02
    endloop
  endfacet
  facet normal 5.982241e-01 -2.237178e-16 -8.013288e-01
    outer loop
      vertex   1.737379e+01 9.500000e+00 2.910267e+02
      vertex   1.737379e+01 1.900000e+01 2.910267e+02
      vertex   1.788020e+01 9.500000e+00 2.914048e+02
    endloop
  endfacet
  facet normal 5.982241e-01 -6.711534e-16 -8.013288e-01
    outer loop
      vertex   1.788020e+01 9.500000e+00 2.914048e+02
      vertex   1.737379e+01 1.900000e+01 2.910267e+02
      vertex   1.788020e+01 1.900000e+01 2.914048e+02
    endloop
  endfacet
  facet normal 5.614514e-01 -6.298977e-16 -8.275097e-01
    outer loop
      vertex   1.788020e+01 9.500000e+00 2.914048e+02
      vertex   1.788020e+01 1.900000e+01 2.914048e+02
      vertex   1.840316e+01 9.500000e+00 2.917596e+02
    endloop
  endfacet
  facet normal 5.614514e-01 0.000000e+00 -8.275097e-01
    outer loop
      vertex   1.840316e+01 9.500000e+00 2.917596e+02
      vertex   1.788020e+01 1.900000e+01 2.914048e+02
      vertex   1.840316e+01 1.900000e+01 2.917596e+02
    endloop
  endfacet
  facet normal 5.235345e-01 0.000000e+00 -8.520045e-01
    outer loop
      vertex   1.840316e+01 9.500000e+00 2.917596e+02
      vertex   1.840316e+01 1.900000e+01 2.917596e+02
      vertex   1.894160e+01 9.500000e+00 2.920905e+02
    endloop
  endfacet
  facet normal 5.235345e-01 0.000000e+00 -8.520045e-01
    outer loop
      vertex   1.894160e+01 9.500000e+00 2.920905e+02
      vertex   1.840316e+01 1.900000e+01 2.917596e+02
      vertex   1.894160e+01 1.900000e+01 2.920905e+02
    endloop
  endfacet
  facet normal 4.845509e-01 0.000000e+00 -8.747631e-01
    outer loop
      vertex   1.894160e+01 9.500000e+00 2.920905e+02
      vertex   1.894160e+01 1.900000e+01 2.920905e+02
      vertex   1.949443e+01 9.500000e+00 2.923967e+02
    endloop
  endfacet
  facet normal 4.845509e-01 5.436223e-16 -8.747631e-01
    outer loop
      vertex   1.949443e+01 9.500000e+00 2.923967e+02
      vertex   1.894160e+01 1.900000e+01 2.920905e+02
      vertex   1.949443e+01 1.900000e+01 2.923967e+02
    endloop
  endfacet
  facet normal 4.445799e-01 4.987785e-16 -8.957392e-01
    outer loop
      vertex   1.949443e+01 9.500000e+00 2.923967e+02
      vertex   1.949443e+01 1.900000e+01 2.923967e+02
      vertex   2.006051e+01 9.500000e+00 2.926776e+02
    endloop
  endfacet
  facet normal 4.445799e-01 -3.325190e-16 -8.957392e-01
    outer loop
      vertex   2.006051e+01 9.500000e+00 2.926776e+02
      vertex   1.949443e+01 1.900000e+01 2.923967e+02
      vertex   2.006051e+01 1.900000e+01 2.926776e+02
    endloop
  endfacet
  facet normal 4.037030e-01 -3.019455e-16 -9.148901e-01
    outer loop
      vertex   2.006051e+01 9.500000e+00 2.926776e+02
      vertex   2.006051e+01 1.900000e+01 2.926776e+02
      vertex   2.063869e+01 9.500000e+00 2.929328e+02
    endloop
  endfacet
  facet normal 4.037030e-01 -1.509728e-16 -9.148901e-01
    outer loop
      vertex   2.063869e+01 9.500000e+00 2.929328e+02
      vertex   2.006051e+01 1.900000e+01 2.926776e+02
      vertex   2.063869e+01 1.900000e+01 2.929328e+02
    endloop
  endfacet
  facet normal 3.620035e-01 -1.353784e-16 -9.321767e-01
    outer loop
      vertex   2.063869e+01 9.500000e+00 2.929328e+02
      vertex   2.063869e+01 1.900000e+01 2.929328e+02
      vertex   2.122780e+01 9.500000e+00 2.931615e+02
    endloop
  endfacet
  facet normal 3.620035e-01 0.000000e+00 -9.321767e-01
    outer loop
      vertex   2.122780e+01 9.500000e+00 2.931615e+02
      vertex   2.063869e+01 1.900000e+01 2.929328e+02
      vertex   2.122780e+01 1.900000e+01 2.931615e+02
    endloop
  endfacet
  facet normal 3.195663e-01 0.000000e+00 -9.475639e-01
    outer loop
      vertex   2.122780e+01 9.500000e+00 2.931615e+02
      vertex   2.122780e+01 1.900000e+01 2.931615e+02
      vertex   2.182663e+01 9.500000e+00 2.933635e+02
    endloop
  endfacet
  facet normal 3.195663e-01 -2.390164e-16 -9.475639e-01
    outer loop
      vertex   2.182663e+01 9.500000e+00 2.933635e+02
      vertex   2.122780e+01 1.900000e+01 2.931615e+02
      vertex   2.182663e+01 1.900000e+01 2.933635e+02
    endloop
  endfacet
  facet normal 2.764780e-01 -2.067889e-16 -9.610202e-01
    outer loop
      vertex   2.182663e+01 9.500000e+00 2.933635e+02
      vertex   2.182663e+01 1.900000e+01 2.933635e+02
      vertex   2.243396e+01 9.500000e+00 2.935382e+02
    endloop
  endfacet
  facet normal 2.764780e-01 -1.033944e-16 -9.610202e-01
    outer loop
      vertex   2.243396e+01 9.500000e+00 2.935382e+02
      vertex   2.182663e+01 1.900000e+01 2.933635e+02
      vertex   2.243396e+01 1.900000e+01 2.935382e+02
    endloop
  endfacet
  facet normal 2.328263e-01 -8.707002e-17 -9.725183e-01
    outer loop
      vertex   2.243396e+01 9.500000e+00 2.935382e+02
      vertex   2.243396e+01 1.900000e+01 2.935382e+02
      vertex   2.304856e+01 9.500000e+00 2.936854e+02
    endloop
  endfacet
  facet normal 2.328263e-01 -1.741400e-16 -9.725183e-01
    outer loop
      vertex   2.304856e+01 9.500000e+00 2.936854e+02
      vertex   2.243396e+01 1.900000e+01 2.935382e+02
      vertex   2.304856e+01 1.900000e+01 2.936854e+02
    endloop
  endfacet
  facet normal 1.887002e-01 -1.411363e-16 -9.820347e-01
    outer loop
      vertex   2.304856e+01 9.500000e+00 2.936854e+02
      vertex   2.304856e+01 1.900000e+01 2.936854e+02
      vertex   2.366918e+01 9.500000e+00 2.938046e+02
    endloop
  endfacet
  facet normal 1.887002e-01 -2.117045e-16 -9.820347e-01
    outer loop
      vertex   2.366918e+01 9.500000e+00 2.938046e+02
      vertex   2.304856e+01 1.900000e+01 2.936854e+02
      vertex   2.366918e+01 1.900000e+01 2.938046e+02
    endloop
  endfacet
  facet normal 1.441895e-01 -1.617676e-16 -9.895501e-01
    outer loop
      vertex   2.366918e+01 9.500000e+00 2.938046e+02
      vertex   2.366918e+01 1.900000e+01 2.938046e+02
      vertex   2.429454e+01 9.500000e+00 2.938957e+02
    endloop
  endfacet
  facet normal 1.441895e-01 0.000000e+00 -9.895501e-01
    outer loop
      vertex   2.429454e+01 9.500000e+00 2.938957e+02
      vertex   2.366918e+01 1.900000e+01 2.938046e+02
      vertex   2.429454e+01 1.900000e+01 2.938957e+02
    endloop
  endfacet
  facet normal 9.938507e-02 0.000000e+00 -9.950490e-01
    outer loop
      vertex   2.429454e+01 9.500000e+00 2.938957e+02
      vertex   2.429454e+01 1.900000e+01 2.938957e+02
      vertex   2.492338e+01 9.500000e+00 2.939585e+02
    endloop
  endfacet
  facet normal 9.938507e-02 0.000000e+00 -9.950490e-01
    outer loop
      vertex   2.492338e+01 9.500000e+00 2.939585e+02
      vertex   2.429454e+01 1.900000e+01 2.938957e+02
      vertex   2.492338e+01 1.900000e+01 2.939585e+02
    endloop
  endfacet
  facet normal 5.437810e-02 0.000000e+00 -9.985204e-01
    outer loop
      vertex   2.492338e+01 9.500000e+00 2.939585e+02
      vertex   2.492338e+01 1.900000e+01 2.939585e+02
      vertex   2.555442e+01 9.500000e+00 2.939929e+02
    endloop
  endfacet
  facet normal 5.437810e-02 -2.033577e-17 -9.985204e-01
    outer loop
      vertex   2.555442e+01 9.500000e+00 2.939929e+02
      vertex   2.492338e+01 1.900000e+01 2.939585e+02
      vertex   2.555442e+01 1.900000e+01 2.939929e+02
    endloop
  endfacet
  facet normal 9.260324e-03 -3.463082e-18 -9.999571e-01
    outer loop
      vertex   2.555442e+01 9.500000e+00 2.939929e+02
      vertex   2.555442e+01 1.900000e+01 2.939929e+02
      vertex   2.618636e+01 9.500000e+00 2.939988e+02
    endloop
  endfacet
  facet normal 9.260324e-03 0.000000e+00 -9.999571e-01
    outer loop
      vertex   2.618636e+01 9.500000e+00 2.939988e+02
      vertex   2.555442e+01 1.900000e+01 2.939929e+02
      vertex   2.618636e+01 1.900000e+01 2.939988e+02
    endloop
  endfacet
  facet normal -3.587632e-02 0.000000e+00 -9.993562e-01
    outer loop
      vertex   2.618636e+01 9.500000e+00 2.939988e+02
      vertex   2.618636e+01 1.900000e+01 2.939988e+02
      vertex   2.681792e+01 9.500000e+00 2.939761e+02
    endloop
  endfacet
  facet normal -3.587632e-02 4.024999e-17 -9.993562e-01
    outer loop
      vertex   2.681792e+01 9.500000e+00 2.939761e+02
      vertex   2.618636e+01 1.900000e+01 2.939988e+02
      vertex   2.681792e+01 1.900000e+01 2.939761e+02
    endloop
  endfacet
  facet normal -8.093986e-02 9.080721e-17 -9.967190e-01
    outer loop
      vertex   2.681792e+01 9.500000e+00 2.939761e+02
      vertex   2.681792e+01 1.900000e+01 2.939761e+02
      vertex   2.744782e+01 9.500000e+00 2.939249e+02
    endloop
  endfacet
  facet normal -8.093986e-02 9.080721e-17 -9.967190e-01
    outer loop
      vertex   2.744782e+01 9.500000e+00 2.939249e+02
      vertex   2.681792e+01 1.900000e+01 2.939761e+02
      vertex   2.744782e+01 1.900000e+01 2.939249e+02
    endloop
  endfacet
  facet normal -1.258385e-01 1.411794e-16 -9.920507e-01
    outer loop
      vertex   2.744782e+01 9.500000e+00 2.939249e+02
      vertex   2.744782e+01 1.900000e+01 2.939249e+02
      vertex   2.807476e+01 9.500000e+00 2.938454e+02
    endloop
  endfacet
  facet normal -1.258385e-01 0.000000e+00 -9.920507e-01
    outer loop
      vertex   2.807476e+01 9.500000e+00 2.938454e+02
      vertex   2.744782e+01 1.900000e+01 2.939249e+02
      vertex   2.807476e+01 1.900000e+01 2.938454e+02
    endloop
  endfacet
  facet normal -1.704807e-01 0.000000e+00 -9.853610e-01
    outer loop
      vertex   2.807476e+01 9.500000e+00 2.938454e+02
      vertex   2.807476e+01 1.900000e+01 2.938454e+02
      vertex   2.869748e+01 9.500000e+00 2.937377e+02
    endloop
  endfacet
  facet normal -1.704807e-01 0.000000e+00 -9.853610e-01
    outer loop
      vertex   2.869748e+01 9.500000e+00 2.937377e+02
      vertex   2.807476e+01 1.900000e+01 2.938454e+02
      vertex   2.869748e+01 1.900000e+01 2.937377e+02
    endloop
  endfacet
  facet normal -2.147755e-01 0.000000e+00 -9.766635e-01
    outer loop
      vertex   2.869748e+01 9.500000e+00 2.937377e+02
      vertex   2.869748e+01 1.900000e+01 2.937377e+02
      vertex   2.931470e+01 9.500000e+00 2.936019e+02
    endloop
  endfacet
  facet normal -2.147755e-01 1.606391e-16 -9.766635e-01
    outer loop
      vertex   2.931470e+01 9.500000e+00 2.936019e+02
      vertex   2.869748e+01 1.900000e+01 2.937377e+02
      vertex   2.931470e+01 1.900000e+01 2.936019e+02
    endloop
  endfacet
  facet normal -2.586326e-01 1.934416e-16 -9.659758e-01
    outer loop
      vertex   2.931470e+01 9.500000e+00 2.936019e+02
      vertex   2.931470e+01 1.900000e+01 2.936019e+02
      vertex   2.992517e+01 9.500000e+00 2.934385e+02
    endloop
  endfacet
  facet normal -2.586326e-01 0.000000e+00 -9.659758e-01
    outer loop
      vertex   2.992517e+01 9.500000e+00 2.934385e+02
      vertex   2.931470e+01 1.900000e+01 2.936019e+02
      vertex   2.992517e+01 1.900000e+01 2.934385e+02
    endloop
  endfacet
  facet normal -3.019628e-01 0.000000e+00 -9.533197e-01
    outer loop
      vertex   2.992517e+01 9.500000e+00 2.934385e+02
      vertex   2.992517e+01 1.900000e+01 2.934385e+02
      vertex   3.052764e+01 9.500000e+00 2.932477e+02
    endloop
  endfacet
  facet normal -3.019628e-01 2.258500e-16 -9.533197e-01
    outer loop
      vertex   3.052764e+01 9.500000e+00 2.932477e+02
      vertex   2.992517e+01 1.900000e+01 2.934385e+02
      vertex   3.052764e+01 1.900000e+01 2.932477e+02
    endloop
  endfacet
  facet normal -3.446776e-01 2.577981e-16 -9.387211e-01
    outer loop
      vertex   3.052764e+01 9.500000e+00 2.932477e+02
      vertex   3.052764e+01 1.900000e+01 2.932477e+02
      vertex   3.112088e+01 9.500000e+00 2.930298e+02
    endloop
  endfacet
  facet normal -3.446776e-01 0.000000e+00 -9.387211e-01
    outer loop
      vertex   3.112088e+01 9.500000e+00 2.930298e+02
      vertex   3.052764e+01 1.900000e+01 2.932477e+02
      vertex   3.112088e+01 1.900000e+01 2.930298e+02
    endloop
  endfacet
  facet normal -3.866902e-01 0.000000e+00 -9.222097e-01
    outer loop
      vertex   3.112088e+01 9.500000e+00 2.930298e+02
      vertex   3.112088e+01 1.900000e+01 2.930298e+02
      vertex   3.170369e+01 9.500000e+00 2.927855e+02
    endloop
  endfacet
  facet normal -3.866902e-01 0.000000e+00 -9.222097e-01
    outer loop
      vertex   3.170369e+01 9.500000e+00 2.927855e+02
      vertex   3.112088e+01 1.900000e+01 2.930298e+02
      vertex   3.170369e+01 1.900000e+01 2.927855e+02
    endloop
  endfacet
  facet normal -4.279147e-01 0.000000e+00 -9.038191e-01
    outer loop
      vertex   3.170369e+01 9.500000e+00 2.927855e+02
      vertex   3.170369e+01 1.900000e+01 2.927855e+02
      vertex   3.227487e+01 9.500000e+00 2.925150e+02
    endloop
  endfacet
  facet normal -4.279147e-01 0.000000e+00 -9.038191e-01
    outer loop
      vertex   3.227487e+01 9.500000e+00 2.925150e+02
      vertex   3.170369e+01 1.900000e+01 2.927855e+02
      vertex   3.227487e+01 1.900000e+01 2.925150e+02
    endloop
  endfacet
  facet normal -4.682673e-01 0.000000e+00 -8.835868e-01
    outer loop
      vertex   3.227487e+01 9.500000e+00 2.925150e+02
      vertex   3.227487e+01 1.900000e+01 2.925150e+02
      vertex   3.283327e+01 9.500000e+00 2.922191e+02
    endloop
  endfacet
  facet normal -4.682673e-01 7.004715e-16 -8.835868e-01
    outer loop
      vertex   3.283327e+01 9.500000e+00 2.922191e+02
      vertex   3.227487e+01 1.900000e+01 2.925150e+02
      vertex   3.283327e+01 1.900000e+01 2.922191e+02
    endloop
  endfacet
  facet normal -5.076657e-01 7.594068e-16 -8.615541e-01
    outer loop
      vertex   3.283327e+01 9.500000e+00 2.922191e+02
      vertex   3.283327e+01 1.900000e+01 2.922191e+02
      vertex   3.337775e+01 9.500000e+00 2.918983e+02
    endloop
  endfacet
  facet normal -5.076657e-01 0.000000e+00 -8.615541e-01
    outer loop
      vertex   3.337775e+01 9.500000e+00 2.918983e+02
      vertex   3.283327e+01 1.900000e+01 2.922191e+02
      vertex   3.337775e+01 1.900000e+01 2.918983e+02
    endloop
  endfacet
  facet normal -5.460297e-01 0.000000e+00 -8.377658e-01
    outer loop
      vertex   3.337775e+01 9.500000e+00 2.918983e+02
      vertex   3.337775e+01 1.900000e+01 2.918983e+02
      vertex   3.390719e+01 9.500000e+00 2.915532e+02
    endloop
  endfacet
  facet normal -5.460297e-01 4.083973e-16 -8.377658e-01
    outer loop
      vertex   3.390719e+01 9.500000e+00 2.915532e+02
      vertex   3.337775e+01 1.900000e+01 2.918983e+02
      vertex   3.390719e+01 1.900000e+01 2.915532e+02
    endloop
  endfacet
  facet normal -5.832811e-01 4.362591e-16 -8.122704e-01
    outer loop
      vertex   3.390719e+01 9.500000e+00 2.915532e+02
      vertex   3.390719e+01 1.900000e+01 2.915532e+02
      vertex   3.442052e+01 9.500000e+00 2.911846e+02
    endloop
  endfacet
  facet normal -5.832811e-01 4.362591e-16 -8.122704e-01
    outer loop
      vertex   3.442052e+01 9.500000e+00 2.911846e+02
      vertex   3.390719e+01 1.900000e+01 2.915532e+02
      vertex   3.442052e+01 1.900000e+01 2.911846e+02
    endloop
  endfacet
  facet normal -6.193439e-01 4.632319e-16 -7.851199e-01
    outer loop
      vertex   3.442052e+01 9.500000e+00 2.911846e+02
      vertex   3.442052e+01 1.900000e+01 2.911846e+02
      vertex   3.491669e+01 9.500000e+00 2.907932e+02
    endloop
  endfacet
  facet normal -6.193439e-01 0.000000e+00 -7.851199e-01
    outer loop
      vertex   3.491669e+01 9.500000e+00 2.907932e+02
      vertex   3.442052e+01 1.900000e+01 2.911846e+02
      vertex   3.491669e+01 1.900000e+01 2.907932e+02
    endloop
  endfacet
  facet normal -6.541446e-01 0.000000e+00 -7.563695e-01
    outer loop
      vertex   3.491669e+01 9.500000e+00 2.907932e+02
      vertex   3.491669e+01 1.900000e+01 2.907932e+02
      vertex   3.539469e+01 9.500000e+00 2.903798e+02
    endloop
  endfacet
  facet normal -6.541446e-01 0.000000e+00 -7.563695e-01
    outer loop
      vertex   3.539469e+01 9.500000e+00 2.903798e+02
      vertex   3.491669e+01 1.900000e+01 2.907932e+02
      vertex   3.539469e+01 1.900000e+01 2.903798e+02
    endloop
  endfacet
  facet normal -6.876125e-01 0.000000e+00 -7.260779e-01
    outer loop
      vertex   3.539469e+01 9.500000e+00 2.903798e+02
      vertex   3.539469e+01 1.900000e+01 2.903798e+02
      vertex   3.585355e+01 9.500000e+00 2.899452e+02
    endloop
  endfacet
  facet normal -6.876125e-01 0.000000e+00 -7.260779e-01
    outer loop
      vertex   3.585355e+01 9.500000e+00 2.899452e+02
      vertex   3.539469e+01 1.900000e+01 2.903798e+02
      vertex   3.585355e+01 1.900000e+01 2.899452e+02
    endloop
  endfacet
  facet normal -7.196792e-01 0.000000e+00 -6.943068e-01
    outer loop
      vertex   3.585355e+01 9.500000e+00 2.899452e+02
      vertex   3.585355e+01 1.900000e+01 2.899452e+02
      vertex   3.629233e+01 9.500000e+00 2.894904e+02
    endloop
  endfacet
  facet normal -7.196792e-01 -5.382766e-16 -6.943068e-01
    outer loop
      vertex   3.629233e+01 9.500000e+00 2.894904e+02
      vertex   3.585355e+01 1.900000e+01 2.899452e+02
      vertex   3.629233e+01 1.900000e+01 2.894904e+02
    endloop
  endfacet
  facet normal -7.502794e-01 -5.611638e-16 -6.611209e-01
    outer loop
      vertex   3.629233e+01 9.500000e+00 2.894904e+02
      vertex   3.629233e+01 1.900000e+01 2.894904e+02
      vertex   3.671014e+01 9.500000e+00 2.890163e+02
    endloop
  endfacet
  facet normal -7.502794e-01 0.000000e+00 -6.611209e-01
    outer loop
      vertex   3.671014e+01 9.500000e+00 2.890163e+02
      vertex   3.629233e+01 1.900000e+01 2.894904e+02
      vertex   3.671014e+01 1.900000e+01 2.890163e+02
    endloop
  endfacet
  facet normal -7.793508e-01 0.000000e+00 -6.265878e-01
    outer loop
      vertex   3.671014e+01 9.500000e+00 2.890163e+02
      vertex   3.671014e+01 1.900000e+01 2.890163e+02
      vertex   3.710612e+01 9.500000e+00 2.885237e+02
    endloop
  endfacet
  facet normal -7.793508e-01 -5.829074e-16 -6.265878e-01
    outer loop
      vertex   3.710612e+01 9.500000e+00 2.885237e+02
      vertex   3.671014e+01 1.900000e+01 2.890163e+02
      vertex   3.710612e+01 1.900000e+01 2.885237e+02
    endloop
  endfacet
  facet normal -8.068342e-01 -6.034633e-16 -5.907780e-01
    outer loop
      vertex   3.710612e+01 9.500000e+00 2.885237e+02
      vertex   3.710612e+01 1.900000e+01 2.885237e+02
      vertex   3.747948e+01 9.500000e+00 2.880138e+02
    endloop
  endfacet
  facet normal -8.068342e-01 0.000000e+00 -5.907780e-01
    outer loop
      vertex   3.747948e+01 9.500000e+00 2.880138e+02
      vertex   3.710612e+01 1.900000e+01 2.885237e+02
      vertex   3.747948e+01 1.900000e+01 2.880138e+02
    endloop
  endfacet
  facet normal -8.326734e-01 0.000000e+00 -5.537644e-01
    outer loop
      vertex   3.747948e+01 9.500000e+00 2.880138e+02
      vertex   3.747948e+01 1.900000e+01 2.880138e+02
      vertex   3.782944e+01 9.500000e+00 2.874876e+02
    endloop
  endfacet
  facet normal -8.326734e-01 0.000000e+00 -5.537644e-01
    outer loop
      vertex   3.782944e+01 9.500000e+00 2.874876e+02
      vertex   3.747948e+01 1.900000e+01 2.880138e+02
      vertex   3.782944e+01 1.900000e+01 2.874876e+02
    endloop
  endfacet
  facet normal -8.568160e-01 0.000000e+00 -5.156223e-01
    outer loop
      vertex   3.782944e+01 9.500000e+00 2.874876e+02
      vertex   3.782944e+01 1.900000e+01 2.874876e+02
      vertex   3.815530e+01 9.500000e+00 2.869461e+02
    endloop
  endfacet
  facet normal -8.568160e-01 6.408467e-16 -5.156223e-01
    outer loop
      vertex   3.815530e+01 9.500000e+00 2.869461e+02
      vertex   3.782944e+01 1.900000e+01 2.874876e+02
      vertex   3.815530e+01 1.900000e+01 2.869461e+02
    endloop
  endfacet
  facet normal -8.792126e-01 6.575980e-16 -4.764296e-01
    outer loop
      vertex   3.815530e+01 9.500000e+00 2.869461e+02
      vertex   3.815530e+01 1.900000e+01 2.869461e+02
      vertex   3.845639e+01 9.500000e+00 2.863905e+02
    endloop
  endfacet
  facet normal -8.792126e-01 0.000000e+00 -4.764296e-01
    outer loop
      vertex   3.845639e+01 9.500000e+00 2.863905e+02
      vertex   3.815530e+01 1.900000e+01 2.869461e+02
      vertex   3.845639e+01 1.900000e+01 2.863905e+02
    endloop
  endfacet
  facet normal -8.998177e-01 0.000000e+00 -4.362661e-01
    outer loop
      vertex   3.845639e+01 9.500000e+00 2.863905e+02
      vertex   3.845639e+01 1.900000e+01 2.863905e+02
      vertex   3.873209e+01 9.500000e+00 2.858218e+02
    endloop
  endfacet
  facet normal -8.998177e-01 6.730094e-16 -4.362661e-01
    outer loop
      vertex   3.873209e+01 9.500000e+00 2.858218e+02
      vertex   3.845639e+01 1.900000e+01 2.863905e+02
      vertex   3.873209e+01 1.900000e+01 2.858218e+02
    endloop
  endfacet
  facet normal -9.185892e-01 6.870494e-16 -3.952136e-01
    outer loop
      vertex   3.873209e+01 9.500000e+00 2.858218e+02
      vertex   3.873209e+01 1.900000e+01 2.858218e+02
      vertex   3.898186e+01 9.500000e+00 2.852413e+02
    endloop
  endfacet
  facet normal -9.185892e-01 0.000000e+00 -3.952136e-01
    outer loop
      vertex   3.898186e+01 9.500000e+00 2.852413e+02
      vertex   3.873209e+01 1.900000e+01 2.858218e+02
      vertex   3.898186e+01 1.900000e+01 2.852413e+02
    endloop
  endfacet
  facet normal -9.354890e-01 0.000000e+00 -3.533558e-01
    outer loop
      vertex   3.898186e+01 9.500000e+00 2.852413e+02
      vertex   3.898186e+01 1.900000e+01 2.852413e+02
      vertex   3.920517e+01 9.500000e+00 2.846501e+02
    endloop
  endfacet
  facet normal -9.354890e-01 0.000000e+00 -3.533558e-01
    outer loop
      vertex   3.920517e+01 9.500000e+00 2.846501e+02
      vertex   3.898186e+01 1.900000e+01 2.852413e+02
      vertex   3.920517e+01 1.900000e+01 2.846501e+02
    endloop
  endfacet
  facet normal -9.504825e-01 0.000000e+00 -3.107780e-01
    outer loop
      vertex   3.920517e+01 9.500000e+00 2.846501e+02
      vertex   3.920517e+01 1.900000e+01 2.846501e+02
      vertex   3.940157e+01 9.500000e+00 2.840494e+02
    endloop
  endfacet
  facet normal -9.504825e-01 7.109036e-16 -3.107780e-01
    outer loop
      vertex   3.940157e+01 9.500000e+00 2.840494e+02
      vertex   3.920517e+01 1.900000e+01 2.846501e+02
      vertex   3.940157e+01 1.900000e+01 2.840494e+02
    endloop
  endfacet
  facet normal -9.635393e-01 7.206693e-16 -2.675669e-01
    outer loop
      vertex   3.940157e+01 9.500000e+00 2.840494e+02
      vertex   3.940157e+01 1.900000e+01 2.840494e+02
      vertex   3.957066e+01 9.500000e+00 2.834405e+02
    endloop
  endfacet
  facet normal -9.635393e-01 7.206693e-16 -2.675669e-01
    outer loop
      vertex   3.957066e+01 9.500000e+00 2.834405e+02
      vertex   3.940157e+01 1.900000e+01 2.840494e+02
      vertex   3.957066e+01 1.900000e+01 2.834405e+02
    endloop
  endfacet
  facet normal -9.746327e-01 7.289665e-16 -2.238106e-01
    outer loop
      vertex   3.957066e+01 9.500000e+00 2.834405e+02
      vertex   3.957066e+01 1.900000e+01 2.834405e+02
      vertex   3.971210e+01 9.500000e+00 2.828246e+02
    endloop
  endfacet
  facet normal -9.746327e-01 0.000000e+00 -2.238106e-01
    outer loop
      vertex   3.971210e+01 9.500000e+00 2.828246e+02
      vertex   3.957066e+01 1.900000e+01 2.834405e+02
      vertex   3.971210e+01 1.900000e+01 2.828246e+02
    endloop
  endfacet
  facet normal -9.837401e-01 0.000000e+00 -1.795982e-01
    outer loop
      vertex   3.971210e+01 9.500000e+00 2.828246e+02
      vertex   3.971210e+01 1.900000e+01 2.828246e+02
      vertex   3.982560e+01 9.500000e+00 2.822029e+02
    endloop
  endfacet
  facet normal -9.837401e-01 0.000000e+00 -1.795982e-01
    outer loop
      vertex   3.982560e+01 9.500000e+00 2.822029e+02
      vertex   3.971210e+01 1.900000e+01 2.828246e+02
      vertex   3.982560e+01 1.900000e+01 2.822029e+02
    endloop
  endfacet
  facet normal -9.908429e-01 0.000000e+00 -1.350199e-01
    outer loop
      vertex   3.982560e+01 9.500000e+00 2.822029e+02
      vertex   3.982560e+01 1.900000e+01 2.822029e+02
      vertex   3.991093e+01 9.500000e+00 2.815767e+02
    endloop
  endfacet
  facet normal -9.908429e-01 0.000000e+00 -1.350199e-01
    outer loop
      vertex   3.991093e+01 9.500000e+00 2.815767e+02
      vertex   3.982560e+01 1.900000e+01 2.822029e+02
      vertex   3.991093e+01 1.900000e+01 2.815767e+02
    endloop
  endfacet
  facet normal -9.959267e-01 0.000000e+00 -9.016641e-02
    outer loop
      vertex   3.991093e+01 9.500000e+00 2.815767e+02
      vertex   3.991093e+01 1.900000e+01 2.815767e+02
      vertex   3.996791e+01 9.500000e+00 2.809473e+02
    endloop
  endfacet
  facet normal -9.959267e-01 0.000000e+00 -9.016641e-02
    outer loop
      vertex   3.996791e+01 9.500000e+00 2.809473e+02
      vertex   3.991093e+01 1.900000e+01 2.815767e+02
      vertex   3.996791e+01 1.900000e+01 2.809473e+02
    endloop
  endfacet
  facet normal -9.989812e-01 0.000000e+00 -4.512923e-02
    outer loop
      vertex   3.996791e+01 9.500000e+00 2.809473e+02
      vertex   3.996791e+01 1.900000e+01 2.809473e+02
      vertex   3.999643e+01 9.500000e+00 2.803160e+02
    endloop
  endfacet
  facet normal -9.989812e-01 0.000000e+00 -4.512923e-02
    outer loop
      vertex   3.999643e+01 9.500000e+00 2.803160e+02
      vertex   3.996791e+01 1.900000e+01 2.809473e+02
      vertex   3.999643e+01 1.900000e+01 2.803160e+02
    endloop
  endfacet
  facet normal -1.000000e+00 0.000000e+00 -8.321707e-08
    outer loop
      vertex   3.999643e+01 9.500000e+00 2.803160e+02
      vertex   3.999643e+01 1.900000e+01 2.803160e+02
      vertex   3.999643e+01 9.500000e+00 2.796840e+02
    endloop
  endfacet
  facet normal -1.000000e+00 -4.979308e-22 -8.321707e-08
    outer loop
      vertex   3.999643e+01 9.500000e+00 2.796840e+02
      vertex   3.999643e+01 1.900000e+01 2.803160e+02
      vertex   3.999643e+01 1.900000e+01 2.796840e+02
    endloop
  endfacet
  facet normal -9.989812e-01 2.700305e-16 4.512906e-02
    outer loop
      vertex   3.999643e+01 9.500000e+00 2.796840e+02
      vertex   3.999643e+01 1.900000e+01 2.796840e+02
      vertex   3.996791e+01 9.500000e+00 2.790527e+02
    endloop
  endfacet
  facet normal -9.989812e-01 0.000000e+00 4.512906e-02
    outer loop
      vertex   3.996791e+01 9.500000e+00 2.790527e+02
      vertex   3.999643e+01 1.900000e+01 2.796840e+02
      vertex   3.996791e+01 1.900000e+01 2.790527e+02
    endloop
  endfacet
  facet normal -9.959267e-01 0.000000e+00 9.016625e-02
    outer loop
      vertex   3.996791e+01 9.500000e+00 2.790527e+02
      vertex   3.996791e+01 1.900000e+01 2.790527e+02
      vertex   3.991093e+01 9.500000e+00 2.784233e+02
    endloop
  endfacet
  facet normal -9.959267e-01 0.000000e+00 9.016625e-02
    outer loop
      vertex   3.991093e+01 9.500000e+00 2.784233e+02
      vertex   3.996791e+01 1.900000e+01 2.790527e+02
      vertex   3.991093e+01 1.900000e+01 2.784233e+02
    endloop
  endfacet
  facet normal -9.908429e-01 0.000000e+00 1.350197e-01
    outer loop
      vertex   3.991093e+01 9.500000e+00 2.784233e+02
      vertex   3.991093e+01 1.900000e+01 2.784233e+02
      vertex   3.982560e+01 9.500000e+00 2.777971e+02
    endloop
  endfacet
  facet normal -9.908429e-01 0.000000e+00 1.350197e-01
    outer loop
      vertex   3.982560e+01 9.500000e+00 2.777971e+02
      vertex   3.991093e+01 1.900000e+01 2.784233e+02
      vertex   3.982560e+01 1.900000e+01 2.777971e+02
    endloop
  endfacet
  facet normal -9.837401e-01 0.000000e+00 1.795980e-01
    outer loop
      vertex   3.982560e+01 9.500000e+00 2.777971e+02
      vertex   3.982560e+01 1.900000e+01 2.777971e+02
      vertex   3.971210e+01 9.500000e+00 2.771754e+02
    endloop
  endfacet
  facet normal -9.837401e-01 0.000000e+00 1.795980e-01
    outer loop
      vertex   3.971210e+01 9.500000e+00 2.771754e+02
      vertex   3.982560e+01 1.900000e+01 2.777971e+02
      vertex   3.971210e+01 1.900000e+01 2.771754e+02
    endloop
  endfacet
  facet normal -9.746327e-01 0.000000e+00 2.238104e-01
    outer loop
      vertex   3.971210e+01 9.500000e+00 2.771754e+02
      vertex   3.971210e+01 1.900000e+01 2.771754e+02
      vertex   3.957066e+01 9.500000e+00 2.765595e+02
    endloop
  endfacet
  facet normal -9.746327e-01 -1.457933e-15 2.238104e-01
    outer loop
      vertex   3.957066e+01 9.500000e+00 2.765595e+02
      vertex   3.971210e+01 1.900000e+01 2.771754e+02
      vertex   3.957066e+01 1.900000e+01 2.765595e+02
    endloop
  endfacet
  facet normal -9.635393e-01 -1.441339e-15 2.675667e-01
    outer loop
      vertex   3.957066e+01 9.500000e+00 2.765595e+02
      vertex   3.957066e+01 1.900000e+01 2.765595e+02
      vertex   3.940157e+01 9.500000e+00 2.759506e+02
    endloop
  endfacet
  facet normal -9.635393e-01 -7.206693e-16 2.675667e-01
    outer loop
      vertex   3.940157e+01 9.500000e+00 2.759506e+02
      vertex   3.957066e+01 1.900000e+01 2.765595e+02
      vertex   3.940157e+01 1.900000e+01 2.759506e+02
    endloop
  endfacet
  facet normal -9.504826e-01 -7.109037e-16 3.107778e-01
    outer loop
      vertex   3.940157e+01 9.500000e+00 2.759506e+02
      vertex   3.940157e+01 1.900000e+01 2.759506e+02
      vertex   3.920517e+01 9.500000e+00 2.753499e+02
    endloop
  endfacet
  facet normal -9.504826e-01 -7.109037e-16 3.107778e-01
    outer loop
      vertex   3.920517e+01 9.500000e+00 2.753499e+02
      vertex   3.940157e+01 1.900000e+01 2.759506e+02
      vertex   3.920517e+01 1.900000e+01 2.753499e+02
    endloop
  endfacet
  facet normal -9.354891e-01 -6.996894e-16 3.533556e-01
    outer loop
      vertex   3.920517e+01 9.500000e+00 2.753499e+02
      vertex   3.920517e+01 1.900000e+01 2.753499e+02
      vertex   3.898186e+01 9.500000e+00 2.747587e+02
    endloop
  endfacet
  facet normal -9.354891e-01 6.996894e-16 3.533556e-01
    outer loop
      vertex   3.898186e+01 9.500000e+00 2.747587e+02
      vertex   3.920517e+01 1.900000e+01 2.753499e+02
      vertex   3.898186e+01 1.900000e+01 2.747587e+02
    endloop
  endfacet
  facet normal -9.185893e-01 6.870494e-16 3.952135e-01
    outer loop
      vertex   3.898186e+01 9.500000e+00 2.747587e+02
      vertex   3.898186e+01 1.900000e+01 2.747587e+02
      vertex   3.873209e+01 9.500000e+00 2.741782e+02
    endloop
  endfacet
  facet normal -9.185893e-01 0.000000e+00 3.952135e-01
    outer loop
      vertex   3.873209e+01 9.500000e+00 2.741782e+02
      vertex   3.898186e+01 1.900000e+01 2.747587e+02
      vertex   3.873209e+01 1.900000e+01 2.741782e+02
    endloop
  endfacet
  facet normal -8.998178e-01 0.000000e+00 4.362659e-01
    outer loop
      vertex   3.873209e+01 9.500000e+00 2.741782e+02
      vertex   3.873209e+01 1.900000e+01 2.741782e+02
      vertex   3.845639e+01 9.500000e+00 2.736095e+02
    endloop
  endfacet
  facet normal -8.998178e-01 -1.346019e-15 4.362659e-01
    outer loop
      vertex   3.845639e+01 9.500000e+00 2.736095e+02
      vertex   3.873209e+01 1.900000e+01 2.741782e+02
      vertex   3.845639e+01 1.900000e+01 2.736095e+02
    endloop
  endfacet
  facet normal -8.792127e-01 -1.315196e-15 4.764295e-01
    outer loop
      vertex   3.845639e+01 9.500000e+00 2.736095e+02
      vertex   3.845639e+01 1.900000e+01 2.736095e+02
      vertex   3.815530e+01 9.500000e+00 2.730539e+02
    endloop
  endfacet
  facet normal -8.792127e-01 0.000000e+00 4.764295e-01
    outer loop
      vertex   3.815530e+01 9.500000e+00 2.730539e+02
      vertex   3.845639e+01 1.900000e+01 2.736095e+02
      vertex   3.815530e+01 1.900000e+01 2.730539e+02
    endloop
  endfacet
  facet normal -8.568161e-01 0.000000e+00 5.156222e-01
    outer loop
      vertex   3.815530e+01 9.500000e+00 2.730539e+02
      vertex   3.815530e+01 1.900000e+01 2.730539e+02
      vertex   3.782944e+01 9.500000e+00 2.725124e+02
    endloop
  endfacet
  facet normal -8.568161e-01 -6.408468e-16 5.156222e-01
    outer loop
      vertex   3.782944e+01 9.500000e+00 2.725124e+02
      vertex   3.815530e+01 1.900000e+01 2.730539e+02
      vertex   3.782944e+01 1.900000e+01 2.725124e+02
    endloop
  endfacet
  facet normal -8.326735e-01 -6.227896e-16 5.537642e-01
    outer loop
      vertex   3.782944e+01 9.500000e+00 2.725124e+02
      vertex   3.782944e+01 1.900000e+01 2.725124e+02
      vertex   3.747948e+01 9.500000e+00 2.719862e+02
    endloop
  endfacet
  facet normal -8.326735e-01 -6.227896e-16 5.537642e-01
    outer loop
      vertex   3.747948e+01 9.500000e+00 2.719862e+02
      vertex   3.782944e+01 1.900000e+01 2.725124e+02
      vertex   3.747948e+01 1.900000e+01 2.719862e+02
    endloop
  endfacet
  facet normal -8.068343e-01 -6.034634e-16 5.907779e-01
    outer loop
      vertex   3.747948e+01 9.500000e+00 2.719862e+02
      vertex   3.747948e+01 1.900000e+01 2.719862e+02
      vertex   3.710613e+01 9.500000e+00 2.714763e+02
    endloop
  endfacet
  facet normal -8.068343e-01 0.000000e+00 5.907779e-01
    outer loop
      vertex   3.710613e+01 9.500000e+00 2.714763e+02
      vertex   3.747948e+01 1.900000e+01 2.719862e+02
      vertex   3.710613e+01 1.900000e+01 2.714763e+02
    endloop
  endfacet
  facet normal -7.793509e-01 0.000000e+00 6.265877e-01
    outer loop
      vertex   3.710613e+01 9.500000e+00 2.714763e+02
      vertex   3.710613e+01 1.900000e+01 2.714763e+02
      vertex   3.671014e+01 9.500000e+00 2.709837e+02
    endloop
  endfacet
  facet normal -7.793509e-01 0.000000e+00 6.265877e-01
    outer loop
      vertex   3.671014e+01 9.500000e+00 2.709837e+02
      vertex   3.710613e+01 1.900000e+01 2.714763e+02
      vertex   3.671014e+01 1.900000e+01 2.709837e+02
    endloop
  endfacet
  facet normal -7.502795e-01 0.000000e+00 6.611207e-01
    outer loop
      vertex   3.671014e+01 9.500000e+00 2.709837e+02
      vertex   3.671014e+01 1.900000e+01 2.709837e+02
      vertex   3.629233e+01 9.500000e+00 2.705096e+02
    endloop
  endfacet
  facet normal -7.502795e-01 -5.611639e-16 6.611207e-01
    outer loop
      vertex   3.629233e+01 9.500000e+00 2.705096e+02
      vertex   3.671014e+01 1.900000e+01 2.709837e+02
      vertex   3.629233e+01 1.900000e+01 2.705096e+02
    endloop
  endfacet
  facet normal -7.196793e-01 -5.382767e-16 6.943066e-01
    outer loop
      vertex   3.629233e+01 9.500000e+00 2.705096e+02
      vertex   3.629233e+01 1.900000e+01 2.705096e+02
      vertex   3.585355e+01 9.500000e+00 2.700548e+02
    endloop
  endfacet
  facet normal -7.196793e-01 -5.382767e-16 6.943066e-01
    outer loop
      vertex   3.585355e+01 9.500000e+00 2.700548e+02
      vertex   3.629233e+01 1.900000e+01 2.705096e+02
      vertex   3.585355e+01 1.900000e+01 2.700548e+02
    endloop
  endfacet
  facet normal -6.876126e-01 -5.142928e-16 7.260778e-01
    outer loop
      vertex   3.585355e+01 9.500000e+00 2.700548e+02
      vertex   3.585355e+01 1.900000e+01 2.700548e+02
      vertex   3.539470e+01 9.500000e+00 2.696202e+02
    endloop
  endfacet
  facet normal -6.876126e-01 3.830206e-15 7.260778e-01
    outer loop
      vertex   3.539470e+01 9.500000e+00 2.696202e+02
      vertex   3.585355e+01 1.900000e+01 2.700548e+02
      vertex   3.539470e+01 1.900000e+01 2.696202e+02
    endloop
  endfacet
  facet normal -6.541448e-01 4.036489e-15 7.563694e-01
    outer loop
      vertex   3.539470e+01 9.500000e+00 2.696202e+02
      vertex   3.539470e+01 1.900000e+01 2.696202e+02
      vertex   3.491669e+01 9.500000e+00 2.692068e+02
    endloop
  endfacet
  facet normal -6.541448e-01 4.892608e-16 7.563694e-01
    outer loop
      vertex   3.491669e+01 9.500000e+00 2.692068e+02
      vertex   3.539470e+01 1.900000e+01 2.696202e+02
      vertex   3.491669e+01 1.900000e+01 2.692068e+02
    endloop
  endfacet
  facet normal -6.193440e-01 4.632320e-16 7.851198e-01
    outer loop
      vertex   3.491669e+01 9.500000e+00 2.692068e+02
      vertex   3.491669e+01 1.900000e+01 2.692068e+02
      vertex   3.442052e+01 9.500000e+00 2.688154e+02
    endloop
  endfacet
  facet normal -6.193440e-01 -9.264639e-16 7.851198e-01
    outer loop
      vertex   3.442052e+01 9.500000e+00 2.688154e+02
      vertex   3.491669e+01 1.900000e+01 2.692068e+02
      vertex   3.442052e+01 1.900000e+01 2.688154e+02
    endloop
  endfacet
  facet normal -5.832812e-01 -8.725183e-16 8.122703e-01
    outer loop
      vertex   3.442052e+01 9.500000e+00 2.688154e+02
      vertex   3.442052e+01 1.900000e+01 2.688154e+02
      vertex   3.390719e+01 9.500000e+00 2.684468e+02
    endloop
  endfacet
  facet normal -5.832812e-01 -4.362592e-16 8.122703e-01
    outer loop
      vertex   3.390719e+01 9.500000e+00 2.684468e+02
      vertex   3.442052e+01 1.900000e+01 2.688154e+02
      vertex   3.390719e+01 1.900000e+01 2.684468e+02
    endloop
  endfacet
  facet normal -5.460299e-01 -4.083974e-16 8.377657e-01
    outer loop
      vertex   3.390719e+01 9.500000e+00 2.684468e+02
      vertex   3.390719e+01 1.900000e+01 2.684468e+02
      vertex   3.337775e+01 9.500000e+00 2.681017e+02
    endloop
  endfacet
  facet normal -5.460299e-01 0.000000e+00 8.377657e-01
    outer loop
      vertex   3.337775e+01 9.500000e+00 2.681017e+02
      vertex   3.390719e+01 1.900000e+01 2.684468e+02
      vertex   3.337775e+01 1.900000e+01 2.681017e+02
    endloop
  endfacet
  facet normal -5.076659e-01 0.000000e+00 8.615540e-01
    outer loop
      vertex   3.337775e+01 9.500000e+00 2.681017e+02
      vertex   3.337775e+01 1.900000e+01 2.681017e+02
      vertex   3.283327e+01 9.500000e+00 2.677809e+02
    endloop
  endfacet
  facet normal -5.076659e-01 0.000000e+00 8.615540e-01
    outer loop
      vertex   3.283327e+01 9.500000e+00 2.677809e+02
      vertex   3.337775e+01 1.900000e+01 2.681017e+02
      vertex   3.283327e+01 1.900000e+01 2.677809e+02
    endloop
  endfacet
  facet normal -4.682675e-01 0.000000e+00 8.835868e-01
    outer loop
      vertex   3.283327e+01 9.500000e+00 2.677809e+02
      vertex   3.283327e+01 1.900000e+01 2.677809e+02
      vertex   3.227488e+01 9.500000e+00 2.674850e+02
    endloop
  endfacet
  facet normal -4.682675e-01 3.502358e-16 8.835868e-01
    outer loop
      vertex   3.227488e+01 9.500000e+00 2.674850e+02
      vertex   3.283327e+01 1.900000e+01 2.677809e+02
      vertex   3.227488e+01 1.900000e+01 2.674850e+02
    endloop
  endfacet
  facet normal -4.279149e-01 3.200545e-16 9.038190e-01
    outer loop
      vertex   3.227488e+01 9.500000e+00 2.674850e+02
      vertex   3.227488e+01 1.900000e+01 2.674850e+02
      vertex   3.170369e+01 9.500000e+00 2.672145e+02
    endloop
  endfacet
  facet normal -4.279149e-01 0.000000e+00 9.038190e-01
    outer loop
      vertex   3.170369e+01 9.500000e+00 2.672145e+02
      vertex   3.227488e+01 1.900000e+01 2.674850e+02
      vertex   3.170369e+01 1.900000e+01 2.672145e+02
    endloop
  endfacet
  facet normal -3.866903e-01 0.000000e+00 9.222096e-01
    outer loop
      vertex   3.170369e+01 9.500000e+00 2.672145e+02
      vertex   3.170369e+01 1.900000e+01 2.672145e+02
      vertex   3.112088e+01 9.500000e+00 2.669702e+02
    endloop
  endfacet
  facet normal -3.866903e-01 -4.338316e-16 9.222096e-01
    outer loop
      vertex   3.112088e+01 9.500000e+00 2.669702e+02
      vertex   3.170369e+01 1.900000e+01 2.672145e+02
      vertex   3.112088e+01 1.900000e+01 2.669702e+02
    endloop
  endfacet
  facet normal -3.446778e-01 -3.866973e-16 9.387211e-01
    outer loop
      vertex   3.112088e+01 9.500000e+00 2.669702e+02
      vertex   3.112088e+01 1.900000e+01 2.669702e+02
      vertex   3.052764e+01 9.500000e+00 2.667523e+02
    endloop
  endfacet
  facet normal -3.446778e-01 -2.577982e-16 9.387211e-01
    outer loop
      vertex   3.052764e+01 9.500000e+00 2.667523e+02
      vertex   3.112088e+01 1.900000e+01 2.669702e+02
      vertex   3.052764e+01 1.900000e+01 2.667523e+02
    endloop
  endfacet
  facet normal -3.019629e-01 -2.258501e-16 9.533197e-01
    outer loop
      vertex   3.052764e+01 9.500000e+00 2.667523e+02
      vertex   3.052764e+01 1.900000e+01 2.667523e+02
      vertex   2.992517e+01 9.500000e+00 2.665615e+02
    endloop
  endfacet
  facet normal -3.019629e-01 -1.129250e-16 9.533197e-01
    outer loop
      vertex   2.992517e+01 9.500000e+00 2.665615e+02
      vertex   3.052764e+01 1.900000e+01 2.667523e+02
      vertex   2.992517e+01 1.900000e+01 2.665615e+02
    endloop
  endfacet
  facet normal -2.586328e-01 -9.672087e-17 9.659757e-01
    outer loop
      vertex   2.992517e+01 9.500000e+00 2.665615e+02
      vertex   2.992517e+01 1.900000e+01 2.665615e+02
      vertex   2.931470e+01 9.500000e+00 2.663981e+02
    endloop
  endfacet
  facet normal -2.586328e-01 0.000000e+00 9.659757e-01
    outer loop
      vertex   2.931470e+01 9.500000e+00 2.663981e+02
      vertex   2.992517e+01 1.900000e+01 2.665615e+02
      vertex   2.931470e+01 1.900000e+01 2.663981e+02
    endloop
  endfacet
  facet normal -2.147756e-01 0.000000e+00 9.766634e-01
    outer loop
      vertex   2.931470e+01 9.500000e+00 2.663981e+02
      vertex   2.931470e+01 1.900000e+01 2.663981e+02
      vertex   2.869748e+01 9.500000e+00 2.662623e+02
    endloop
  endfacet
  facet normal -2.147756e-01 1.606392e-16 9.766634e-01
    outer loop
      vertex   2.869748e+01 9.500000e+00 2.662623e+02
      vertex   2.931470e+01 1.900000e+01 2.663981e+02
      vertex   2.869748e+01 1.900000e+01 2.662623e+02
    endloop
  endfacet
  facet normal -1.704808e-01 1.275094e-16 9.853610e-01
    outer loop
      vertex   2.869748e+01 9.500000e+00 2.662623e+02
      vertex   2.869748e+01 1.900000e+01 2.662623e+02
      vertex   2.807477e+01 9.500000e+00 2.661546e+02
    endloop
  endfacet
  facet normal -1.704808e-01 -6.375469e-17 9.853610e-01
    outer loop
      vertex   2.807477e+01 9.500000e+00 2.661546e+02
      vertex   2.869748e+01 1.900000e+01 2.662623e+02
      vertex   2.807477e+01 1.900000e+01 2.661546e+02
    endloop
  endfacet
  facet normal -1.258386e-01 -4.705986e-17 9.920507e-01
    outer loop
      vertex   2.807477e+01 9.500000e+00 2.661546e+02
      vertex   2.807477e+01 1.900000e+01 2.661546e+02
      vertex   2.744782e+01 9.500000e+00 2.660751e+02
    endloop
  endfacet
  facet normal -1.258386e-01 -1.411796e-16 9.920507e-01
    outer loop
      vertex   2.744782e+01 9.500000e+00 2.660751e+02
      vertex   2.807477e+01 1.900000e+01 2.661546e+02
      vertex   2.744782e+01 1.900000e+01 2.660751e+02
    endloop
  endfacet
  facet normal -8.094003e-02 -9.080739e-17 9.967190e-01
    outer loop
      vertex   2.744782e+01 9.500000e+00 2.660751e+02
      vertex   2.744782e+01 1.900000e+01 2.660751e+02
      vertex   2.681792e+01 9.500000e+00 2.660239e+02
    endloop
  endfacet
  facet normal -8.094003e-02 -9.080739e-17 9.967190e-01
    outer loop
      vertex   2.681792e+01 9.500000e+00 2.660239e+02
      vertex   2.744782e+01 1.900000e+01 2.660751e+02
      vertex   2.681792e+01 1.900000e+01 2.660239e+02
    endloop
  endfacet
  facet normal -3.587649e-02 -4.025017e-17 9.993562e-01
    outer loop
      vertex   2.681792e+01 9.500000e+00 2.660239e+02
      vertex   2.681792e+01 1.900000e+01 2.660239e+02
      vertex   2.618636e+01 9.500000e+00 2.660012e+02
    endloop
  endfacet
  facet normal -3.587649e-02 -1.341672e-17 9.993562e-01
    outer loop
      vertex   2.618636e+01 9.500000e+00 2.660012e+02
      vertex   2.681792e+01 1.900000e+01 2.660239e+02
      vertex   2.618636e+01 1.900000e+01 2.660012e+02
    endloop
  endfacet
  facet normal 9.260157e-03 3.463020e-18 9.999571e-01
    outer loop
      vertex   2.618636e+01 9.500000e+00 2.660012e+02
      vertex   2.618636e+01 1.900000e+01 2.660012e+02
      vertex   2.555442e+01 9.500000e+00 2.660071e+02
    endloop
  endfacet
  facet normal 9.260157e-03 -0.000000e+00 9.999571e-01
    outer loop
      vertex   2.555442e+01 9.500000e+00 2.660071e+02
      vertex   2.618636e+01 1.900000e+01 2.660012e+02
      vertex   2.555442e+01 1.900000e+01 2.660071e+02
    endloop
  endfacet
  facet normal 5.437793e-02 -0.000000e+00 9.985204e-01
    outer loop
      vertex   2.555442e+01 9.500000e+00 2.660071e+02
      vertex   2.555442e+01 1.900000e+01 2.660071e+02
      vertex   2.492339e+01 9.500000e+00 2.660415e+02
    endloop
  endfacet
  facet normal 5.437793e-02 6.100712e-17 9.985204e-01
    outer loop
      vertex   2.492339e+01 9.500000e+00 2.660415e+02
      vertex   2.555442e+01 1.900000e+01 2.660071e+02
      vertex   2.492339e+01 1.900000e+01 2.660415e+02
    endloop
  endfacet
  facet normal 9.938490e-02 1.115009e-16 9.950491e-01
    outer loop
      vertex   2.492339e+01 9.500000e+00 2.660415e+02
      vertex   2.492339e+01 1.900000e+01 2.660415e+02
      vertex   2.429455e+01 9.500000e+00 2.661043e+02
    endloop
  endfacet
  facet normal 9.938490e-02 -0.000000e+00 9.950491e-01
    outer loop
      vertex   2.429455e+01 9.500000e+00 2.661043e+02
      vertex   2.492339e+01 1.900000e+01 2.660415e+02
      vertex   2.429455e+01 1.900000e+01 2.661043e+02
    endloop
  endfacet
  facet normal 1.441894e-01 -0.000000e+00 9.895501e-01
    outer loop
      vertex   2.429455e+01 9.500000e+00 2.661043e+02
      vertex   2.429455e+01 1.900000e+01 2.661043e+02
      vertex   2.366918e+01 9.500000e+00 2.661954e+02
    endloop
  endfacet
  facet normal 1.441894e-01 1.617674e-16 9.895501e-01
    outer loop
      vertex   2.366918e+01 9.500000e+00 2.661954e+02
      vertex   2.429455e+01 1.900000e+01 2.661043e+02
      vertex   2.366918e+01 1.900000e+01 2.661954e+02
    endloop
  endfacet
  facet normal 1.887000e-01 2.117043e-16 9.820348e-01
    outer loop
      vertex   2.366918e+01 9.500000e+00 2.661954e+02
      vertex   2.366918e+01 1.900000e+01 2.661954e+02
      vertex   2.304857e+01 9.500000e+00 2.663146e+02
    endloop
  endfacet
  facet normal 1.887000e-01 1.411362e-16 9.820348e-01
    outer loop
      vertex   2.304857e+01 9.500000e+00 2.663146e+02
      vertex   2.366918e+01 1.900000e+01 2.661954e+02
      vertex   2.304857e+01 1.900000e+01 2.663146e+02
    endloop
  endfacet
  facet normal 2.328261e-01 1.741399e-16 9.725184e-01
    outer loop
      vertex   2.304857e+01 9.500000e+00 2.663146e+02
      vertex   2.304857e+01 1.900000e+01 2.663146e+02
      vertex   2.243396e+01 9.500000e+00 2.664618e+02
    endloop
  endfacet
  facet normal 2.328261e-01 8.706996e-17 9.725184e-01
    outer loop
      vertex   2.243396e+01 9.500000e+00 2.664618e+02
      vertex   2.304857e+01 1.900000e+01 2.663146e+02
      vertex   2.243396e+01 1.900000e+01 2.664618e+02
    endloop
  endfacet
  facet normal 2.764778e-01 1.033944e-16 9.610203e-01
    outer loop
      vertex   2.243396e+01 9.500000e+00 2.664618e+02
      vertex   2.243396e+01 1.900000e+01 2.664618e+02
      vertex   2.182663e+01 9.500000e+00 2.666365e+02
    endloop
  endfacet
  facet normal 2.764778e-01 -0.000000e+00 9.610203e-01
    outer loop
      vertex   2.182663e+01 9.500000e+00 2.666365e+02
      vertex   2.243396e+01 1.900000e+01 2.664618e+02
      vertex   2.182663e+01 1.900000e+01 2.666365e+02
    endloop
  endfacet
  facet normal 3.195662e-01 -0.000000e+00 9.475640e-01
    outer loop
      vertex   2.182663e+01 9.500000e+00 2.666365e+02
      vertex   2.182663e+01 1.900000e+01 2.666365e+02
      vertex   2.122780e+01 9.500000e+00 2.668385e+02
    endloop
  endfacet
  facet normal 3.195662e-01 3.585244e-16 9.475640e-01
    outer loop
      vertex   2.122780e+01 9.500000e+00 2.668385e+02
      vertex   2.182663e+01 1.900000e+01 2.666365e+02
      vertex   2.122780e+01 1.900000e+01 2.668385e+02
    endloop
  endfacet
  facet normal 3.620033e-01 4.061350e-16 9.321768e-01
    outer loop
      vertex   2.122780e+01 9.500000e+00 2.668385e+02
      vertex   2.122780e+01 1.900000e+01 2.668385e+02
      vertex   2.063869e+01 9.500000e+00 2.670672e+02
    endloop
  endfacet
  facet normal 3.620033e-01 2.707567e-16 9.321768e-01
    outer loop
      vertex   2.063869e+01 9.500000e+00 2.670672e+02
      vertex   2.122780e+01 1.900000e+01 2.668385e+02
      vertex   2.063869e+01 1.900000e+01 2.670672e+02
    endloop
  endfacet
  facet normal 4.037029e-01 3.019454e-16 9.148902e-01
    outer loop
      vertex   2.063869e+01 9.500000e+00 2.670672e+02
      vertex   2.063869e+01 1.900000e+01 2.670672e+02
      vertex   2.006051e+01 9.500000e+00 2.673224e+02
    endloop
  endfacet
  facet normal 4.037029e-01 1.509727e-16 9.148902e-01
    outer loop
      vertex   2.006051e+01 9.500000e+00 2.673224e+02
      vertex   2.063869e+01 1.900000e+01 2.670672e+02
      vertex   2.006051e+01 1.900000e+01 2.673224e+02
    endloop
  endfacet
  facet normal 4.445798e-01 1.662594e-16 8.957393e-01
    outer loop
      vertex   2.006051e+01 9.500000e+00 2.673224e+02
      vertex   2.006051e+01 1.900000e+01 2.673224e+02
      vertex   1.949443e+01 9.500000e+00 2.676033e+02
    endloop
  endfacet
  facet normal 4.445798e-01 4.987783e-16 8.957393e-01
    outer loop
      vertex   1.949443e+01 9.500000e+00 2.676033e+02
      vertex   2.006051e+01 1.900000e+01 2.673224e+02
      vertex   1.949443e+01 1.900000e+01 2.676033e+02
    endloop
  endfacet
  facet normal 4.845508e-01 5.436221e-16 8.747631e-01
    outer loop
      vertex   1.949443e+01 9.500000e+00 2.676033e+02
      vertex   1.949443e+01 1.900000e+01 2.676033e+02
      vertex   1.894161e+01 9.500000e+00 2.679096e+02
    endloop
  endfacet
  facet normal 4.845508e-01 1.812074e-16 8.747631e-01
    outer loop
      vertex   1.894161e+01 9.500000e+00 2.679096e+02
      vertex   1.949443e+01 1.900000e+01 2.676033e+02
      vertex   1.894161e+01 1.900000e+01 2.679096e+02
    endloop
  endfacet
  facet normal 5.235344e-01 1.957861e-16 8.520045e-01
    outer loop
      vertex   1.894161e+01 9.500000e+00 2.679096e+02
      vertex   1.894161e+01 1.900000e+01 2.679096e+02
      vertex   1.840317e+01 9.500000e+00 2.682404e+02
    endloop
  endfacet
  facet normal 5.235344e-01 1.957861e-16 8.520045e-01
    outer loop
      vertex   1.840317e+01 9.500000e+00 2.682404e+02
      vertex   1.894161e+01 1.900000e+01 2.679096e+02
      vertex   1.840317e+01 1.900000e+01 2.682404e+02
    endloop
  endfacet
  facet normal 5.614512e-01 2.099658e-16 8.275098e-01
    outer loop
      vertex   1.840317e+01 9.500000e+00 2.682404e+02
      vertex   1.840317e+01 1.900000e+01 2.682404e+02
      vertex   1.788021e+01 9.500000e+00 2.685952e+02
    endloop
  endfacet
  facet normal 5.614512e-01 2.099658e-16 8.275098e-01
    outer loop
      vertex   1.788021e+01 9.500000e+00 2.685952e+02
      vertex   1.840317e+01 1.900000e+01 2.682404e+02
      vertex   1.788021e+01 1.900000e+01 2.685952e+02
    endloop
  endfacet
  facet normal 5.982240e-01 2.237178e-16 8.013289e-01
    outer loop
      vertex   1.788021e+01 9.500000e+00 2.685952e+02
      vertex   1.788021e+01 1.900000e+01 2.685952e+02
      vertex   1.737379e+01 9.500000e+00 2.689733e+02
    endloop
  endfacet
  facet normal 5.982240e-01 -4.474355e-16 8.013289e-01
    outer loop
      vertex   1.737379e+01 9.500000e+00 2.689733e+02
      vertex   1.788021e+01 1.900000e+01 2.685952e+02
      vertex   1.737379e+01 1.900000e+01 2.689733e+02
    endloop
  endfacet
  facet normal 6.337778e-01 -4.740276e-16 7.735152e-01
    outer loop
      vertex   1.737379e+01 9.500000e+00 2.689733e+02
      vertex   1.737379e+01 1.900000e+01 2.689733e+02
      vertex   1.688495e+01 9.500000e+00 2.693738e+02
    endloop
  endfacet
  facet normal 6.337778e-01 4.740276e-16 7.735152e-01
    outer loop
      vertex   1.688495e+01 9.500000e+00 2.693738e+02
      vertex   1.737379e+01 1.900000e+01 2.689733e+02
      vertex   1.688495e+01 1.900000e+01 2.693738e+02
    endloop
  endfacet
  facet normal 6.680402e-01 4.996538e-16 7.441252e-01
    outer loop
      vertex   1.688495e+01 9.500000e+00 2.693738e+02
      vertex   1.688495e+01 1.900000e+01 2.693738e+02
      vertex   1.641469e+01 9.500000e+00 2.697960e+02
    endloop
  endfacet
  facet normal 6.680402e-01 4.996538e-16 7.441252e-01
    outer loop
      vertex   1.641469e+01 9.500000e+00 2.697960e+02
      vertex   1.688495e+01 1.900000e+01 2.693738e+02
      vertex   1.641469e+01 1.900000e+01 2.697960e+02
    endloop
  endfacet
  facet normal 7.009413e-01 5.242618e-16 7.132190e-01
    outer loop
      vertex   1.641469e+01 9.500000e+00 2.697960e+02
      vertex   1.641469e+01 1.900000e+01 2.697960e+02
      vertex   1.596396e+01 9.500000e+00 2.702390e+02
    endloop
  endfacet
  facet normal 7.009413e-01 7.863927e-16 7.132190e-01
    outer loop
      vertex   1.596396e+01 9.500000e+00 2.702390e+02
      vertex   1.641469e+01 1.900000e+01 2.697960e+02
      vertex   1.596396e+01 1.900000e+01 2.702390e+02
    endloop
  endfacet
  facet normal 7.324141e-01 8.217024e-16 6.808595e-01
    outer loop
      vertex   1.596396e+01 9.500000e+00 2.702390e+02
      vertex   1.596396e+01 1.900000e+01 2.702390e+02
      vertex   1.553367e+01 9.500000e+00 2.707018e+02
    endloop
  endfacet
  facet normal 7.324141e-01 -0.000000e+00 6.808595e-01
    outer loop
      vertex   1.553367e+01 9.500000e+00 2.707018e+02
      vertex   1.596396e+01 1.900000e+01 2.702390e+02
      vertex   1.553367e+01 1.900000e+01 2.707018e+02
    endloop
  endfacet
  facet normal 7.623945e-01 -0.000000e+00 6.471125e-01
    outer loop
      vertex   1.553367e+01 9.500000e+00 2.707018e+02
      vertex   1.553367e+01 1.900000e+01 2.707018e+02
      vertex   1.512472e+01 9.500000e+00 2.711836e+02
    endloop
  endfacet
  facet normal 7.623945e-01 -2.851126e-16 6.471125e-01
    outer loop
      vertex   1.512472e+01 9.500000e+00 2.711836e+02
      vertex   1.553367e+01 1.900000e+01 2.707018e+02
      vertex   1.512472e+01 1.900000e+01 2.711836e+02
    endloop
  endfacet
  facet normal 7.908214e-01 -2.957434e-16 6.120470e-01
    outer loop
      vertex   1.512472e+01 9.500000e+00 2.711836e+02
      vertex   1.512472e+01 1.900000e+01 2.711836e+02
      vertex   1.473792e+01 9.500000e+00 2.716834e+02
    endloop
  endfacet
  facet normal 7.908214e-01 -4.436150e-16 6.120470e-01
    outer loop
      vertex   1.473792e+01 9.500000e+00 2.716834e+02
      vertex   1.512472e+01 1.900000e+01 2.711836e+02
      vertex   1.473792e+01 1.900000e+01 2.716834e+02
    endloop
  endfacet
  facet normal 8.176368e-01 -4.586573e-16 5.757344e-01
    outer loop
      vertex   1.473792e+01 9.500000e+00 2.716834e+02
      vertex   1.473792e+01 1.900000e+01 2.716834e+02
      vertex   1.437408e+01 9.500000e+00 2.722001e+02
    endloop
  endfacet
  facet normal 8.176368e-01 6.115430e-16 5.757344e-01
    outer loop
      vertex   1.437408e+01 9.500000e+00 2.722001e+02
      vertex   1.473792e+01 1.900000e+01 2.716834e+02
      vertex   1.437408e+01 1.900000e+01 2.722001e+02
    endloop
  endfacet
  facet normal 8.427862e-01 6.303532e-16 5.382485e-01
    outer loop
      vertex   1.437408e+01 9.500000e+00 2.722001e+02
      vertex   1.437408e+01 1.900000e+01 2.722001e+02
      vertex   1.403392e+01 9.500000e+00 2.727328e+02
    endloop
  endfacet
  facet normal 8.427862e-01 -3.063031e-15 5.382485e-01
    outer loop
      vertex   1.403392e+01 9.500000e+00 2.727328e+02
      vertex   1.437408e+01 1.900000e+01 2.722001e+02
      vertex   1.403392e+01 1.900000e+01 2.727328e+02
    endloop
  endfacet
  facet normal 8.662182e-01 -2.827790e-15 4.996659e-01
    outer loop
      vertex   1.403392e+01 9.500000e+00 2.727328e+02
      vertex   1.403392e+01 1.900000e+01 2.727328e+02
      vertex   1.371815e+01 9.500000e+00 2.732802e+02
    endloop
  endfacet
  facet normal 8.662182e-01 6.478790e-16 4.996659e-01
    outer loop
      vertex   1.371815e+01 9.500000e+00 2.732802e+02
      vertex   1.403392e+01 1.900000e+01 2.727328e+02
      vertex   1.371815e+01 1.900000e+01 2.732802e+02
    endloop
  endfacet
  facet normal 8.878852e-01 6.640846e-16 4.600652e-01
    outer loop
      vertex   1.371815e+01 9.500000e+00 2.732802e+02
      vertex   1.371815e+01 1.900000e+01 2.732802e+02
      vertex   1.342740e+01 9.500000e+00 2.738413e+02
    endloop
  endfacet
  facet normal 8.878852e-01 -0.000000e+00 4.600652e-01
    outer loop
      vertex   1.342740e+01 9.500000e+00 2.738413e+02
      vertex   1.371815e+01 1.900000e+01 2.732802e+02
      vertex   1.342740e+01 1.900000e+01 2.738413e+02
    endloop
  endfacet
  facet normal 9.077429e-01 -0.000000e+00 4.195269e-01
    outer loop
      vertex   1.342740e+01 9.500000e+00 2.738413e+02
      vertex   1.342740e+01 1.900000e+01 2.738413e+02
      vertex   1.316227e+01 9.500000e+00 2.744150e+02
    endloop
  endfacet
  facet normal 9.077429e-01 -3.394685e-16 4.195269e-01
    outer loop
      vertex   1.316227e+01 9.500000e+00 2.744150e+02
      vertex   1.342740e+01 1.900000e+01 2.738413e+02
      vertex   1.316227e+01 1.900000e+01 2.744150e+02
    endloop
  endfacet
  facet normal 9.257509e-01 -3.462029e-16 3.781338e-01
    outer loop
      vertex   1.316227e+01 9.500000e+00 2.744150e+02
      vertex   1.316227e+01 1.900000e+01 2.744150e+02
      vertex   1.292330e+01 1.900000e+01 2.750000e+02
    endloop
  endfacet
  facet normal 9.257509e-01 0.000000e+00 3.781338e-01
    outer loop
      vertex   1.292330e+01 1.900000e+01 2.750000e+02
      vertex   1.292330e+01 0.000000e+00 2.750000e+02
      vertex   1.316227e+01 9.500000e+00 2.744150e+02
    endloop
  endfacet
  facet normal 9.257509e-01 3.462029e-16 3.781338e-01
    outer loop
      vertex   1.316227e+01 9.500000e+00 2.744150e+02
      vertex   1.292330e+01 0.000000e+00 2.750000e+02
      vertex   1.316227e+01 -2.220446e-15 2.744150e+02
    endloop
  endfacet
  facet normal 9.077429e-01 3.394685e-16 4.195269e-01
    outer loop
      vertex   1.316227e+01 9.500000e+00 2.744150e+02
      vertex   1.316227e+01 -2.220446e-15 2.744150e+02
      vertex   1.342740e+01 9.500000e+00 2.738413e+02
    endloop
  endfacet
  facet normal 9.077429e-01 -2.170778e-15 4.195269e-01
    outer loop
      vertex   1.342740e+01 9.500000e+00 2.738413e+02
      vertex   1.316227e+01 -2.220446e-15 2.744150e+02
      vertex   1.342740e+01 -2.220446e-15 2.738413e+02
    endloop
  endfacet
  facet normal 8.878852e-01 -2.420766e-15 4.600652e-01
    outer loop
      vertex   1.342740e+01 9.500000e+00 2.738413e+02
      vertex   1.342740e+01 -2.220446e-15 2.738413e+02
      vertex   1.371815e+01 9.500000e+00 2.732802e+02
    endloop
  endfacet
  facet normal 8.878852e-01 -6.640846e-16 4.600652e-01
    outer loop
      vertex   1.371815e+01 9.500000e+00 2.732802e+02
      vertex   1.342740e+01 -2.220446e-15 2.738413e+02
      vertex   1.371815e+01 -2.220446e-15 2.732802e+02
    endloop
  endfacet
  facet normal 8.662182e-01 -6.478790e-16 4.996659e-01
    outer loop
      vertex   1.371815e+01 9.500000e+00 2.732802e+02
      vertex   1.371815e+01 -2.220446e-15 2.732802e+02
      vertex   1.403392e+01 9.500000e+00 2.727328e+02
    endloop
  endfacet
  facet normal 8.662182e-01 0.000000e+00 4.996659e-01
    outer loop
      vertex   1.403392e+01 9.500000e+00 2.727328e+02
      vertex   1.371815e+01 -2.220446e-15 2.732802e+02
      vertex   1.403392e+01 -2.220446e-15 2.727328e+02
    endloop
  endfacet
  facet normal 8.427862e-01 0.000000e+00 5.382485e-01
    outer loop
      vertex   1.403392e+01 9.500000e+00 2.727328e+02
      vertex   1.403392e+01 -2.220446e-15 2.727328e+02
      vertex   1.437408e+01 9.500000e+00 2.722001e+02
    endloop
  endfacet
  facet normal 8.427862e-01 -1.575883e-16 5.382485e-01
    outer loop
      vertex   1.437408e+01 9.500000e+00 2.722001e+02
      vertex   1.403392e+01 -2.220446e-15 2.727328e+02
      vertex   1.437408e+01 -2.220446e-15 2.722001e+02
    endloop
  endfacet
  facet normal 8.176368e-01 -1.528858e-16 5.757344e-01
    outer loop
      vertex   1.437408e+01 9.500000e+00 2.722001e+02
      vertex   1.437408e+01 -2.220446e-15 2.722001e+02
      vertex   1.473792e+01 9.500000e+00 2.716834e+02
    endloop
  endfacet
  facet normal 8.176368e-01 4.586573e-16 5.757344e-01
    outer loop
      vertex   1.473792e+01 9.500000e+00 2.716834e+02
      vertex   1.437408e+01 -2.220446e-15 2.722001e+02
      vertex   1.473792e+01 -2.220446e-15 2.716834e+02
    endloop
  endfacet
  facet normal 7.908214e-01 4.436150e-16 6.120470e-01
    outer loop
      vertex   1.473792e+01 9.500000e+00 2.716834e+02
      vertex   1.473792e+01 -2.220446e-15 2.716834e+02
      vertex   1.512472e+01 9.500000e+00 2.711836e+02
    endloop
  endfacet
  facet normal 7.908214e-01 4.436150e-16 6.120470e-01
    outer loop
      vertex   1.512472e+01 9.500000e+00 2.711836e+02
      vertex   1.473792e+01 -2.220446e-15 2.716834e+02
      vertex   1.512472e+01 -2.220446e-15 2.711836e+02
    endloop
  endfacet
  facet normal 7.623945e-01 4.276688e-16 6.471125e-01
    outer loop
      vertex   1.512472e+01 9.500000e+00 2.711836e+02
      vertex   1.512472e+01 -2.220446e-15 2.711836e+02
      vertex   1.553367e+01 9.500000e+00 2.707018e+02
    endloop
  endfacet
  facet normal 7.623945e-01 2.851126e-16 6.471125e-01
    outer loop
      vertex   1.553367e+01 9.500000e+00 2.707018e+02
      vertex   1.512472e+01 -2.220446e-15 2.711836e+02
      vertex   1.553367e+01 -2.220446e-15 2.707018e+02
    endloop
  endfacet
  facet normal 7.324141e-01 2.739008e-16 6.808595e-01
    outer loop
      vertex   1.553367e+01 9.500000e+00 2.707018e+02
      vertex   1.553367e+01 -2.220446e-15 2.707018e+02
      vertex   1.596396e+01 9.500000e+00 2.702390e+02
    endloop
  endfacet
  facet normal 7.324141e-01 -8.217024e-16 6.808595e-01
    outer loop
      vertex   1.596396e+01 9.500000e+00 2.702390e+02
      vertex   1.553367e+01 -2.220446e-15 2.707018e+02
      vertex   1.596396e+01 -2.220446e-15 2.702390e+02
    endloop
  endfacet
  facet normal 7.009413e-01 -7.863927e-16 7.132190e-01
    outer loop
      vertex   1.596396e+01 9.500000e+00 2.702390e+02
      vertex   1.596396e+01 -2.220446e-15 2.702390e+02
      vertex   1.641469e+01 9.500000e+00 2.697960e+02
    endloop
  endfacet
  facet normal 7.009413e-01 -2.621309e-16 7.132190e-01
    outer loop
      vertex   1.641469e+01 9.500000e+00 2.697960e+02
      vertex   1.596396e+01 -2.220446e-15 2.702390e+02
      vertex   1.641469e+01 -2.220446e-15 2.697960e+02
    endloop
  endfacet
  facet normal 6.680402e-01 -2.498269e-16 7.441252e-01
    outer loop
      vertex   1.641469e+01 9.500000e+00 2.697960e+02
      vertex   1.641469e+01 -2.220446e-15 2.697960e+02
      vertex   1.688495e+01 9.500000e+00 2.693738e+02
    endloop
  endfacet
  facet normal 6.680402e-01 0.000000e+00 7.441252e-01
    outer loop
      vertex   1.688495e+01 9.500000e+00 2.693738e+02
      vertex   1.641469e+01 -2.220446e-15 2.697960e+02
      vertex   1.688495e+01 -2.220446e-15 2.693738e+02
    endloop
  endfacet
  facet normal 6.337778e-01 0.000000e+00 7.735152e-01
    outer loop
      vertex   1.688495e+01 9.500000e+00 2.693738e+02
      vertex   1.688495e+01 -2.220446e-15 2.693738e+02
      vertex   1.737379e+01 9.500000e+00 2.689733e+02
    endloop
  endfacet
  facet normal 6.337778e-01 4.740276e-16 7.735152e-01
    outer loop
      vertex   1.737379e+01 9.500000e+00 2.689733e+02
      vertex   1.688495e+01 -2.220446e-15 2.693738e+02
      vertex   1.737379e+01 -2.220446e-15 2.689733e+02
    endloop
  endfacet
  facet normal 5.982240e-01 4.474355e-16 8.013289e-01
    outer loop
      vertex   1.737379e+01 9.500000e+00 2.689733e+02
      vertex   1.737379e+01 -2.220446e-15 2.689733e+02
      vertex   1.788021e+01 9.500000e+00 2.685952e+02
    endloop
  endfacet
  facet normal 5.982240e-01 0.000000e+00 8.013289e-01
    outer loop
      vertex   1.788021e+01 9.500000e+00 2.685952e+02
      vertex   1.737379e+01 -2.220446e-15 2.689733e+02
      vertex   1.788021e+01 -2.220446e-15 2.685952e+02
    endloop
  endfacet
  facet normal 5.614512e-01 0.000000e+00 8.275098e-01
    outer loop
      vertex   1.788021e+01 9.500000e+00 2.685952e+02
      vertex   1.788021e+01 -2.220446e-15 2.685952e+02
      vertex   1.840317e+01 9.500000e+00 2.682404e+02
    endloop
  endfacet
  facet normal 5.614512e-01 4.199317e-16 8.275098e-01
    outer loop
      vertex   1.840317e+01 9.500000e+00 2.682404e+02
      vertex   1.788021e+01 -2.220446e-15 2.685952e+02
      vertex   1.840317e+01 -2.220446e-15 2.682404e+02
    endloop
  endfacet
  facet normal 5.235344e-01 3.915722e-16 8.520045e-01
    outer loop
      vertex   1.840317e+01 9.500000e+00 2.682404e+02
      vertex   1.840317e+01 -2.220446e-15 2.682404e+02
      vertex   1.894161e+01 9.500000e+00 2.679096e+02
    endloop
  endfacet
  facet normal 5.235344e-01 -1.957861e-16 8.520045e-01
    outer loop
      vertex   1.894161e+01 9.500000e+00 2.679096e+02
      vertex   1.840317e+01 -2.220446e-15 2.682404e+02
      vertex   1.894161e+01 -2.220446e-15 2.679096e+02
    endloop
  endfacet
  facet normal 4.845508e-01 -1.812074e-16 8.747631e-01
    outer loop
      vertex   1.894161e+01 9.500000e+00 2.679096e+02
      vertex   1.894161e+01 -2.220446e-15 2.679096e+02
      vertex   1.949443e+01 9.500000e+00 2.676033e+02
    endloop
  endfacet
  facet normal 4.845508e-01 -1.812074e-16 8.747631e-01
    outer loop
      vertex   1.949443e+01 9.500000e+00 2.676033e+02
      vertex   1.894161e+01 -2.220446e-15 2.679096e+02
      vertex   1.949443e+01 -2.220446e-15 2.676033e+02
    endloop
  endfacet
  facet normal 4.445798e-01 -1.662594e-16 8.957393e-01
    outer loop
      vertex   1.949443e+01 9.500000e+00 2.676033e+02
      vertex   1.949443e+01 -2.220446e-15 2.676033e+02
      vertex   2.006051e+01 9.500000e+00 2.673224e+02
    endloop
  endfacet
  facet normal 4.445798e-01 -5.027153e-15 8.957393e-01
    outer loop
      vertex   2.006051e+01 9.500000e+00 2.673224e+02
      vertex   1.949443e+01 -2.220446e-15 2.676033e+02
      vertex   2.006051e+01 -2.220446e-15 2.673224e+02
    endloop
  endfacet
  facet normal 4.037029e-01 -5.172316e-15 9.148902e-01
    outer loop
      vertex   2.006051e+01 9.500000e+00 2.673224e+02
      vertex   2.006051e+01 -2.220446e-15 2.673224e+02
      vertex   2.063869e+01 9.500000e+00 2.670672e+02
    endloop
  endfacet
  facet normal 4.037029e-01 -3.019454e-16 9.148902e-01
    outer loop
      vertex   2.063869e+01 9.500000e+00 2.670672e+02
      vertex   2.006051e+01 -2.220446e-15 2.673224e+02
      vertex   2.063869e+01 -2.220446e-15 2.670672e+02
    endloop
  endfacet
  facet normal 3.620033e-01 -2.707567e-16 9.321768e-01
    outer loop
      vertex   2.063869e+01 9.500000e+00 2.670672e+02
      vertex   2.063869e+01 -2.220446e-15 2.670672e+02
      vertex   2.122780e+01 9.500000e+00 2.668385e+02
    endloop
  endfacet
  facet normal 3.620033e-01 -1.353783e-16 9.321768e-01
    outer loop
      vertex   2.122780e+01 9.500000e+00 2.668385e+02
      vertex   2.063869e+01 -2.220446e-15 2.670672e+02
      vertex   2.122780e+01 -2.220446e-15 2.668385e+02
    endloop
  endfacet
  facet normal 3.195662e-01 -1.195081e-16 9.475640e-01
    outer loop
      vertex   2.122780e+01 9.500000e+00 2.668385e+02
      vertex   2.122780e+01 -2.220446e-15 2.668385e+02
      vertex   2.182663e+01 9.500000e+00 2.666365e+02
    endloop
  endfacet
  facet normal 3.195662e-01 3.585244e-16 9.475640e-01
    outer loop
      vertex   2.182663e+01 9.500000e+00 2.666365e+02
      vertex   2.122780e+01 -2.220446e-15 2.668385e+02
      vertex   2.182663e+01 -2.220446e-15 2.666365e+02
    endloop
  endfacet
  facet normal 2.764778e-01 3.101831e-16 9.610203e-01
    outer loop
      vertex   2.182663e+01 9.500000e+00 2.666365e+02
      vertex   2.182663e+01 -2.220446e-15 2.666365e+02
      vertex   2.243396e+01 9.500000e+00 2.664618e+02
    endloop
  endfacet
  facet normal 2.764778e-01 -1.033944e-16 9.610203e-01
    outer loop
      vertex   2.243396e+01 9.500000e+00 2.664618e+02
      vertex   2.182663e+01 -2.220446e-15 2.666365e+02
      vertex   2.243396e+01 -2.220446e-15 2.664618e+02
    endloop
  endfacet
  facet normal 2.328261e-01 -8.706996e-17 9.725184e-01
    outer loop
      vertex   2.243396e+01 9.500000e+00 2.664618e+02
      vertex   2.243396e+01 -2.220446e-15 2.664618e+02
      vertex   2.304857e+01 9.500000e+00 2.663146e+02
    endloop
  endfacet
  facet normal 2.328261e-01 -8.706996e-17 9.725184e-01
    outer loop
      vertex   2.304857e+01 9.500000e+00 2.663146e+02
      vertex   2.243396e+01 -2.220446e-15 2.664618e+02
      vertex   2.304857e+01 -2.220446e-15 2.663146e+02
    endloop
  endfacet
  facet normal 1.887000e-01 -7.056811e-17 9.820348e-01
    outer loop
      vertex   2.304857e+01 9.500000e+00 2.663146e+02
      vertex   2.304857e+01 -2.220446e-15 2.663146e+02
      vertex   2.366918e+01 9.500000e+00 2.661954e+02
    endloop
  endfacet
  facet normal 1.887000e-01 0.000000e+00 9.820348e-01
    outer loop
      vertex   2.366918e+01 9.500000e+00 2.661954e+02
      vertex   2.304857e+01 -2.220446e-15 2.663146e+02
      vertex   2.366918e+01 -2.220446e-15 2.661954e+02
    endloop
  endfacet
  facet normal 1.441894e-01 0.000000e+00 9.895501e-01
    outer loop
      vertex   2.366918e+01 9.500000e+00 2.661954e+02
      vertex   2.366918e+01 -2.220446e-15 2.661954e+02
      vertex   2.429455e+01 9.500000e+00 2.661043e+02
    endloop
  endfacet
  facet normal 1.441894e-01 0.000000e+00 9.895501e-01
    outer loop
      vertex   2.429455e+01 9.500000e+00 2.661043e+02
      vertex   2.366918e+01 -2.220446e-15 2.661954e+02
      vertex   2.429455e+01 -2.220446e-15 2.661043e+02
    endloop
  endfacet
  facet normal 9.938490e-02 0.000000e+00 9.950491e-01
    outer loop
      vertex   2.429455e+01 9.500000e+00 2.661043e+02
      vertex   2.429455e+01 -2.220446e-15 2.661043e+02
      vertex   2.492339e+01 9.500000e+00 2.660415e+02
    endloop
  endfacet
  facet normal 9.938490e-02 -3.716696e-17 9.950491e-01
    outer loop
      vertex   2.492339e+01 9.500000e+00 2.660415e+02
      vertex   2.429455e+01 -2.220446e-15 2.661043e+02
      vertex   2.492339e+01 -2.220446e-15 2.660415e+02
    endloop
  endfacet
  facet normal 5.437793e-02 -2.033571e-17 9.985204e-01
    outer loop
      vertex   2.492339e+01 9.500000e+00 2.660415e+02
      vertex   2.492339e+01 -2.220446e-15 2.660415e+02
      vertex   2.555442e+01 9.500000e+00 2.660071e+02
    endloop
  endfacet
  facet normal 5.437793e-02 4.067142e-17 9.985204e-01
    outer loop
      vertex   2.555442e+01 9.500000e+00 2.660071e+02
      vertex   2.492339e+01 -2.220446e-15 2.660415e+02
      vertex   2.555442e+01 -2.220446e-15 2.660071e+02
    endloop
  endfacet
  facet normal 9.260157e-03 6.926039e-18 9.999571e-01
    outer loop
      vertex   2.555442e+01 9.500000e+00 2.660071e+02
      vertex   2.555442e+01 -2.220446e-15 2.660071e+02
      vertex   2.618636e+01 9.500000e+00 2.660012e+02
    endloop
  endfacet
  facet normal 9.260157e-03 -3.463020e-18 9.999571e-01
    outer loop
      vertex   2.618636e+01 9.500000e+00 2.660012e+02
      vertex   2.555442e+01 -2.220446e-15 2.660071e+02
      vertex   2.618636e+01 -2.220446e-15 2.660012e+02
    endloop
  endfacet
  facet normal -3.587649e-02 1.341672e-17 9.993562e-01
    outer loop
      vertex   2.618636e+01 9.500000e+00 2.660012e+02
      vertex   2.618636e+01 -2.220446e-15 2.660012e+02
      vertex   2.681792e+01 9.500000e+00 2.660239e+02
    endloop
  endfacet
  facet normal -3.587649e-02 2.683345e-17 9.993562e-01
    outer loop
      vertex   2.681792e+01 9.500000e+00 2.660239e+02
      vertex   2.618636e+01 -2.220446e-15 2.660012e+02
      vertex   2.681792e+01 -2.220446e-15 2.660239e+02
    endloop
  endfacet
  facet normal -8.094003e-02 6.053826e-17 9.967190e-01
    outer loop
      vertex   2.681792e+01 9.500000e+00 2.660239e+02
      vertex   2.681792e+01 -2.220446e-15 2.660239e+02
      vertex   2.744782e+01 9.500000e+00 2.660751e+02
    endloop
  endfacet
  facet normal -8.094003e-02 3.026913e-17 9.967190e-01
    outer loop
      vertex   2.744782e+01 9.500000e+00 2.660751e+02
      vertex   2.681792e+01 -2.220446e-15 2.660239e+02
      vertex   2.744782e+01 -2.220446e-15 2.660751e+02
    endloop
  endfacet
  facet normal -1.258386e-01 4.705986e-17 9.920507e-01
    outer loop
      vertex   2.744782e+01 9.500000e+00 2.660751e+02
      vertex   2.744782e+01 -2.220446e-15 2.660751e+02
      vertex   2.807477e+01 9.500000e+00 2.661546e+02
    endloop
  endfacet
  facet normal -1.258386e-01 4.705986e-17 9.920507e-01
    outer loop
      vertex   2.807477e+01 9.500000e+00 2.661546e+02
      vertex   2.744782e+01 -2.220446e-15 2.660751e+02
      vertex   2.807477e+01 -2.220446e-15 2.661546e+02
    endloop
  endfacet
  facet normal -1.704808e-01 6.375469e-17 9.853610e-01
    outer loop
      vertex   2.807477e+01 9.500000e+00 2.661546e+02
      vertex   2.807477e+01 -2.220446e-15 2.661546e+02
      vertex   2.869748e+01 9.500000e+00 2.662623e+02
    endloop
  endfacet
  facet normal -1.704808e-01 -1.912641e-16 9.853610e-01
    outer loop
      vertex   2.869748e+01 9.500000e+00 2.662623e+02
      vertex   2.807477e+01 -2.220446e-15 2.661546e+02
      vertex   2.869748e+01 -2.220446e-15 2.662623e+02
    endloop
  endfacet
  facet normal -2.147756e-01 -2.409588e-16 9.766634e-01
    outer loop
      vertex   2.869748e+01 9.500000e+00 2.662623e+02
      vertex   2.869748e+01 -2.220446e-15 2.662623e+02
      vertex   2.931470e+01 9.500000e+00 2.663981e+02
    endloop
  endfacet
  facet normal -2.147756e-01 -3.212785e-16 9.766634e-01
    outer loop
      vertex   2.931470e+01 9.500000e+00 2.663981e+02
      vertex   2.869748e+01 -2.220446e-15 2.662623e+02
      vertex   2.931470e+01 -2.220446e-15 2.663981e+02
    endloop
  endfacet
  facet normal -2.586328e-01 -3.868835e-16 9.659757e-01
    outer loop
      vertex   2.931470e+01 9.500000e+00 2.663981e+02
      vertex   2.931470e+01 -2.220446e-15 2.663981e+02
      vertex   2.992517e+01 9.500000e+00 2.665615e+02
    endloop
  endfacet
  facet normal -2.586328e-01 9.672087e-17 9.659757e-01
    outer loop
      vertex   2.992517e+01 9.500000e+00 2.665615e+02
      vertex   2.931470e+01 -2.220446e-15 2.663981e+02
      vertex   2.992517e+01 -2.220446e-15 2.665615e+02
    endloop
  endfacet
  facet normal -3.019629e-01 1.129250e-16 9.533197e-01
    outer loop
      vertex   2.992517e+01 9.500000e+00 2.665615e+02
      vertex   2.992517e+01 -2.220446e-15 2.665615e+02
      vertex   3.052764e+01 9.500000e+00 2.667523e+02
    endloop
  endfacet
  facet normal -3.019629e-01 1.129250e-16 9.533197e-01
    outer loop
      vertex   3.052764e+01 9.500000e+00 2.667523e+02
      vertex   2.992517e+01 -2.220446e-15 2.665615e+02
      vertex   3.052764e+01 -2.220446e-15 2.667523e+02
    endloop
  endfacet
  facet normal -3.446778e-01 1.288991e-16 9.387211e-01
    outer loop
      vertex   3.052764e+01 9.500000e+00 2.667523e+02
      vertex   3.052764e+01 -2.220446e-15 2.667523e+02
      vertex   3.112088e+01 9.500000e+00 2.669702e+02
    endloop
  endfacet
  facet normal -3.446778e-01 2.577982e-16 9.387211e-01
    outer loop
      vertex   3.112088e+01 9.500000e+00 2.669702e+02
      vertex   3.052764e+01 -2.220446e-15 2.667523e+02
      vertex   3.112088e+01 -2.220446e-15 2.669702e+02
    endloop
  endfacet
  facet normal -3.866903e-01 2.892210e-16 9.222096e-01
    outer loop
      vertex   3.112088e+01 9.500000e+00 2.669702e+02
      vertex   3.112088e+01 -2.220446e-15 2.669702e+02
      vertex   3.170369e+01 9.500000e+00 2.672145e+02
    endloop
  endfacet
  facet normal -3.866903e-01 0.000000e+00 9.222096e-01
    outer loop
      vertex   3.170369e+01 9.500000e+00 2.672145e+02
      vertex   3.112088e+01 -2.220446e-15 2.669702e+02
      vertex   3.170369e+01 -2.220446e-15 2.672145e+02
    endloop
  endfacet
  facet normal -4.279149e-01 0.000000e+00 9.038190e-01
    outer loop
      vertex   3.170369e+01 9.500000e+00 2.672145e+02
      vertex   3.170369e+01 -2.220446e-15 2.672145e+02
      vertex   3.227488e+01 9.500000e+00 2.674850e+02
    endloop
  endfacet
  facet normal -4.279149e-01 -3.200545e-16 9.038190e-01
    outer loop
      vertex   3.227488e+01 9.500000e+00 2.674850e+02
      vertex   3.170369e+01 -2.220446e-15 2.672145e+02
      vertex   3.227488e+01 -2.220446e-15 2.674850e+02
    endloop
  endfacet
  facet normal -4.682675e-01 -3.502358e-16 8.835868e-01
    outer loop
      vertex   3.227488e+01 9.500000e+00 2.674850e+02
      vertex   3.227488e+01 -2.220446e-15 2.674850e+02
      vertex   3.283327e+01 9.500000e+00 2.677809e+02
    endloop
  endfacet
  facet normal -4.682675e-01 0.000000e+00 8.835868e-01
    outer loop
      vertex   3.283327e+01 9.500000e+00 2.677809e+02
      vertex   3.227488e+01 -2.220446e-15 2.674850e+02
      vertex   3.283327e+01 -2.220446e-15 2.677809e+02
    endloop
  endfacet
  facet normal -5.076659e-01 0.000000e+00 8.615540e-01
    outer loop
      vertex   3.283327e+01 9.500000e+00 2.677809e+02
      vertex   3.283327e+01 -2.220446e-15 2.677809e+02
      vertex   3.337775e+01 9.500000e+00 2.681017e+02
    endloop
  endfacet
  facet normal -5.076659e-01 0.000000e+00 8.615540e-01
    outer loop
      vertex   3.337775e+01 9.500000e+00 2.681017e+02
      vertex   3.283327e+01 -2.220446e-15 2.677809e+02
      vertex   3.337775e+01 -2.220446e-15 2.681017e+02
    endloop
  endfacet
  facet normal -5.460299e-01 0.000000e+00 8.377657e-01
    outer loop
      vertex   3.337775e+01 9.500000e+00 2.681017e+02
      vertex   3.337775e+01 -2.220446e-15 2.681017e+02
      vertex   3.390719e+01 9.500000e+00 2.684468e+02
    endloop
  endfacet
  facet normal -5.460299e-01 0.000000e+00 8.377657e-01
    outer loop
      vertex   3.390719e+01 9.500000e+00 2.684468e+02
      vertex   3.337775e+01 -2.220446e-15 2.681017e+02
      vertex   3.390719e+01 -2.220446e-15 2.684468e+02
    endloop
  endfacet
  facet normal -5.832812e-01 0.000000e+00 8.122703e-01
    outer loop
      vertex   3.390719e+01 9.500000e+00 2.684468e+02
      vertex   3.390719e+01 -2.220446e-15 2.684468e+02
      vertex   3.442052e+01 9.500000e+00 2.688154e+02
    endloop
  endfacet
  facet normal -5.832812e-01 8.725183e-16 8.122703e-01
    outer loop
      vertex   3.442052e+01 9.500000e+00 2.688154e+02
      vertex   3.390719e+01 -2.220446e-15 2.684468e+02
      vertex   3.442052e+01 -2.220446e-15 2.688154e+02
    endloop
  endfacet
  facet normal -6.193440e-01 9.264639e-16 7.851198e-01
    outer loop
      vertex   3.442052e+01 9.500000e+00 2.688154e+02
      vertex   3.442052e+01 -2.220446e-15 2.688154e+02
      vertex   3.491669e+01 9.500000e+00 2.692068e+02
    endloop
  endfacet
  facet normal -6.193440e-01 -4.632320e-16 7.851198e-01
    outer loop
      vertex   3.491669e+01 9.500000e+00 2.692068e+02
      vertex   3.442052e+01 -2.220446e-15 2.688154e+02
      vertex   3.491669e+01 -2.220446e-15 2.692068e+02
    endloop
  endfacet
  facet normal -6.541448e-01 -4.892608e-16 7.563694e-01
    outer loop
      vertex   3.491669e+01 9.500000e+00 2.692068e+02
      vertex   3.491669e+01 -2.220446e-15 2.692068e+02
      vertex   3.539470e+01 9.500000e+00 2.696202e+02
    endloop
  endfacet
  facet normal -6.541448e-01 0.000000e+00 7.563694e-01
    outer loop
      vertex   3.539470e+01 9.500000e+00 2.696202e+02
      vertex   3.491669e+01 -2.220446e-15 2.692068e+02
      vertex   3.539470e+01 -2.220446e-15 2.696202e+02
    endloop
  endfacet
  facet normal -6.876126e-01 0.000000e+00 7.260778e-01
    outer loop
      vertex   3.539470e+01 9.500000e+00 2.696202e+02
      vertex   3.539470e+01 -2.220446e-15 2.696202e+02
      vertex   3.585355e+01 9.500000e+00 2.700548e+02
    endloop
  endfacet
  facet normal -6.876126e-01 5.142928e-16 7.260778e-01
    outer loop
      vertex   3.585355e+01 9.500000e+00 2.700548e+02
      vertex   3.539470e+01 -2.220446e-15 2.696202e+02
      vertex   3.585355e+01 -2.220446e-15 2.700548e+02
    endloop
  endfacet
  facet normal -7.196793e-01 5.382767e-16 6.943066e-01
    outer loop
      vertex   3.585355e+01 9.500000e+00 2.700548e+02
      vertex   3.585355e+01 -2.220446e-15 2.700548e+02
      vertex   3.629233e+01 9.500000e+00 2.705096e+02
    endloop
  endfacet
  facet normal -7.196793e-01 5.382767e-16 6.943066e-01
    outer loop
      vertex   3.629233e+01 9.500000e+00 2.705096e+02
      vertex   3.585355e+01 -2.220446e-15 2.700548e+02
      vertex   3.629233e+01 -2.220446e-15 2.705096e+02
    endloop
  endfacet
  facet normal -7.502795e-01 5.611639e-16 6.611207e-01
    outer loop
      vertex   3.629233e+01 9.500000e+00 2.705096e+02
      vertex   3.629233e+01 -2.220446e-15 2.705096e+02
      vertex   3.671014e+01 9.500000e+00 2.709837e+02
    endloop
  endfacet
  facet normal -7.502795e-01 -5.611639e-16 6.611207e-01
    outer loop
      vertex   3.671014e+01 9.500000e+00 2.709837e+02
      vertex   3.629233e+01 -2.220446e-15 2.705096e+02
      vertex   3.671014e+01 -2.220446e-15 2.709837e+02
    endloop
  endfacet
  facet normal -7.793509e-01 -5.829075e-16 6.265877e-01
    outer loop
      vertex   3.671014e+01 9.500000e+00 2.709837e+02
      vertex   3.671014e+01 -2.220446e-15 2.709837e+02
      vertex   3.710613e+01 9.500000e+00 2.714763e+02
    endloop
  endfacet
  facet normal -7.793509e-01 0.000000e+00 6.265877e-01
    outer loop
      vertex   3.710613e+01 9.500000e+00 2.714763e+02
      vertex   3.671014e+01 -2.220446e-15 2.709837e+02
      vertex   3.710613e+01 -2.220446e-15 2.714763e+02
    endloop
  endfacet
  facet normal -8.068343e-01 0.000000e+00 5.907779e-01
    outer loop
      vertex   3.710613e+01 9.500000e+00 2.714763e+02
      vertex   3.710613e+01 -2.220446e-15 2.714763e+02
      vertex   3.747948e+01 9.500000e+00 2.719862e+02
    endloop
  endfacet
  facet normal -8.068343e-01 6.034634e-16 5.907779e-01
    outer loop
      vertex   3.747948e+01 9.500000e+00 2.719862e+02
      vertex   3.710613e+01 -2.220446e-15 2.714763e+02
      vertex   3.747948e+01 -2.220446e-15 2.719862e+02
    endloop
  endfacet
  facet normal -8.326735e-01 6.227896e-16 5.537642e-01
    outer loop
      vertex   3.747948e+01 9.500000e+00 2.719862e+02
      vertex   3.747948e+01 -2.220446e-15 2.719862e+02
      vertex   3.782944e+01 9.500000e+00 2.725124e+02
    endloop
  endfacet
  facet normal -8.326735e-01 6.227896e-16 5.537642e-01
    outer loop
      vertex   3.782944e+01 9.500000e+00 2.725124e+02
      vertex   3.747948e+01 -2.220446e-15 2.719862e+02
      vertex   3.782944e+01 -2.220446e-15 2.725124e+02
    endloop
  endfacet
  facet normal -8.568161e-01 6.408468e-16 5.156222e-01
    outer loop
      vertex   3.782944e+01 9.500000e+00 2.725124e+02
      vertex   3.782944e+01 -2.220446e-15 2.725124e+02
      vertex   3.815530e+01 9.500000e+00 2.730539e+02
    endloop
  endfacet
  facet normal -8.568161e-01 0.000000e+00 5.156222e-01
    outer loop
      vertex   3.815530e+01 9.500000e+00 2.730539e+02
      vertex   3.782944e+01 -2.220446e-15 2.725124e+02
      vertex   3.815530e+01 -2.220446e-15 2.730539e+02
    endloop
  endfacet
  facet normal -8.792127e-01 0.000000e+00 4.764295e-01
    outer loop
      vertex   3.815530e+01 9.500000e+00 2.730539e+02
      vertex   3.815530e+01 -2.220446e-15 2.730539e+02
      vertex   3.845639e+01 9.500000e+00 2.736095e+02
    endloop
  endfacet
  facet normal -8.792127e-01 1.315196e-15 4.764295e-01
    outer loop
      vertex   3.845639e+01 9.500000e+00 2.736095e+02
      vertex   3.815530e+01 -2.220446e-15 2.730539e+02
      vertex   3.845639e+01 -2.220446e-15 2.736095e+02
    endloop
  endfacet
  facet normal -8.998178e-01 1.346019e-15 4.362659e-01
    outer loop
      vertex   3.845639e+01 9.500000e+00 2.736095e+02
      vertex   3.845639e+01 -2.220446e-15 2.736095e+02
      vertex   3.873209e+01 9.500000e+00 2.741782e+02
    endloop
  endfacet
  facet normal -8.998178e-01 0.000000e+00 4.362659e-01
    outer loop
      vertex   3.873209e+01 9.500000e+00 2.741782e+02
      vertex   3.845639e+01 -2.220446e-15 2.736095e+02
      vertex   3.873209e+01 -2.220446e-15 2.741782e+02
    endloop
  endfacet
  facet normal -9.185893e-01 0.000000e+00 3.952135e-01
    outer loop
      vertex   3.873209e+01 9.500000e+00 2.741782e+02
      vertex   3.873209e+01 -2.220446e-15 2.741782e+02
      vertex   3.898186e+01 9.500000e+00 2.747587e+02
    endloop
  endfacet
  facet normal -9.185893e-01 -6.870494e-16 3.952135e-01
    outer loop
      vertex   3.898186e+01 9.500000e+00 2.747587e+02
      vertex   3.873209e+01 -2.220446e-15 2.741782e+02
      vertex   3.898186e+01 -2.220446e-15 2.747587e+02
    endloop
  endfacet
  facet normal -9.354891e-01 -6.996894e-16 3.533556e-01
    outer loop
      vertex   3.898186e+01 9.500000e+00 2.747587e+02
      vertex   3.898186e+01 -2.220446e-15 2.747587e+02
      vertex   3.920517e+01 9.500000e+00 2.753499e+02
    endloop
  endfacet
  facet normal -9.354891e-01 6.996894e-16 3.533556e-01
    outer loop
      vertex   3.920517e+01 9.500000e+00 2.753499e+02
      vertex   3.898186e+01 -2.220446e-15 2.747587e+02
      vertex   3.920517e+01 -2.220446e-15 2.753499e+02
    endloop
  endfacet
  facet normal -9.504826e-01 7.109037e-16 3.107778e-01
    outer loop
      vertex   3.920517e+01 9.500000e+00 2.753499e+02
      vertex   3.920517e+01 -2.220446e-15 2.753499e+02
      vertex   3.940157e+01 9.500000e+00 2.759506e+02
    endloop
  endfacet
  facet normal -9.504826e-01 0.000000e+00 3.107778e-01
    outer loop
      vertex   3.940157e+01 9.500000e+00 2.759506e+02
      vertex   3.920517e+01 -2.220446e-15 2.753499e+02
      vertex   3.940157e+01 -2.220446e-15 2.759506e+02
    endloop
  endfacet
  facet normal -9.635393e-01 0.000000e+00 2.675667e-01
    outer loop
      vertex   3.940157e+01 9.500000e+00 2.759506e+02
      vertex   3.940157e+01 -2.220446e-15 2.759506e+02
      vertex   3.957066e+01 9.500000e+00 2.765595e+02
    endloop
  endfacet
  facet normal -9.635393e-01 1.441339e-15 2.675667e-01
    outer loop
      vertex   3.957066e+01 9.500000e+00 2.765595e+02
      vertex   3.940157e+01 -2.220446e-15 2.759506e+02
      vertex   3.957066e+01 -2.220446e-15 2.765595e+02
    endloop
  endfacet
  facet normal -9.746327e-01 1.457933e-15 2.238104e-01
    outer loop
      vertex   3.957066e+01 9.500000e+00 2.765595e+02
      vertex   3.957066e+01 -2.220446e-15 2.765595e+02
      vertex   3.971210e+01 9.500000e+00 2.771754e+02
    endloop
  endfacet
  facet normal -9.746327e-01 0.000000e+00 2.238104e-01
    outer loop
      vertex   3.971210e+01 9.500000e+00 2.771754e+02
      vertex   3.957066e+01 -2.220446e-15 2.765595e+02
      vertex   3.971210e+01 -2.220446e-15 2.771754e+02
    endloop
  endfacet
  facet normal -9.837401e-01 0.000000e+00 1.795980e-01
    outer loop
      vertex   3.971210e+01 9.500000e+00 2.771754e+02
      vertex   3.971210e+01 -2.220446e-15 2.771754e+02
      vertex   3.982560e+01 9.500000e+00 2.777971e+02
    endloop
  endfacet
  facet normal -9.837401e-01 0.000000e+00 1.795980e-01
    outer loop
      vertex   3.982560e+01 9.500000e+00 2.777971e+02
      vertex   3.971210e+01 -2.220446e-15 2.771754e+02
      vertex   3.982560e+01 -2.220446e-15 2.777971e+02
    endloop
  endfacet
  facet normal -9.908429e-01 0.000000e+00 1.350197e-01
    outer loop
      vertex   3.982560e+01 9.500000e+00 2.777971e+02
      vertex   3.982560e+01 -2.220446e-15 2.777971e+02
      vertex   3.991093e+01 9.500000e+00 2.784233e+02
    endloop
  endfacet
  facet normal -9.908429e-01 0.000000e+00 1.350197e-01
    outer loop
      vertex   3.991093e+01 9.500000e+00 2.784233e+02
      vertex   3.982560e+01 -2.220446e-15 2.777971e+02
      vertex   3.991093e+01 -2.220446e-15 2.784233e+02
    endloop
  endfacet
  facet normal -9.959267e-01 0.000000e+00 9.016625e-02
    outer loop
      vertex   3.991093e+01 9.500000e+00 2.784233e+02
      vertex   3.991093e+01 -2.220446e-15 2.784233e+02
      vertex   3.996791e+01 9.500000e+00 2.790527e+02
    endloop
  endfacet
  facet normal -9.959267e-01 0.000000e+00 9.016625e-02
    outer loop
      vertex   3.996791e+01 9.500000e+00 2.790527e+02
      vertex   3.991093e+01 -2.220446e-15 2.784233e+02
      vertex   3.996791e+01 -2.220446e-15 2.790527e+02
    endloop
  endfacet
  facet normal -9.989812e-01 0.000000e+00 4.512906e-02
    outer loop
      vertex   3.996791e+01 9.500000e+00 2.790527e+02
      vertex   3.996791e+01 -2.220446e-15 2.790527e+02
      vertex   3.999643e+01 9.500000e+00 2.796840e+02
    endloop
  endfacet
  facet normal -9.989812e-01 0.000000e+00 4.512906e-02
    outer loop
      vertex   3.999643e+01 9.500000e+00 2.796840e+02
      vertex   3.996791e+01 -2.220446e-15 2.790527e+02
      vertex   3.999643e+01 -2.220446e-15 2.796840e+02
    endloop
  endfacet
  facet normal -1.000000e+00 -0.000000e+00 -8.321707e-08
    outer loop
      vertex   3.999643e+01 9.500000e+00 2.796840e+02
      vertex   3.999643e+01 -2.220446e-15 2.796840e+02
      vertex   3.999643e+01 9.500000e+00 2.803160e+02
    endloop
  endfacet
  facet normal -1.000000e+00 -0.000000e+00 -8.321707e-08
    outer loop
      vertex   3.999643e+01 9.500000e+00 2.803160e+02
      vertex   3.999643e+01 -2.220446e-15 2.796840e+02
      vertex   3.999643e+01 -2.220446e-15 2.803160e+02
    endloop
  endfacet
  facet normal -9.989812e-01 -0.000000e+00 -4.512923e-02
    outer loop
      vertex   3.999643e+01 9.500000e+00 2.803160e+02
      vertex   3.999643e+01 -2.220446e-15 2.803160e+02
      vertex   3.996791e+01 9.500000e+00 2.809473e+02
    endloop
  endfacet
  facet normal -9.989812e-01 -0.000000e+00 -4.512923e-02
    outer loop
      vertex   3.996791e+01 9.500000e+00 2.809473e+02
      vertex   3.999643e+01 -2.220446e-15 2.803160e+02
      vertex   3.996791e+01 -2.220446e-15 2.809473e+02
    endloop
  endfacet
  facet normal -9.959267e-01 -0.000000e+00 -9.016641e-02
    outer loop
      vertex   3.996791e+01 9.500000e+00 2.809473e+02
      vertex   3.996791e+01 -2.220446e-15 2.809473e+02
      vertex   3.991093e+01 9.500000e+00 2.815767e+02
    endloop
  endfacet
  facet normal -9.959267e-01 -0.000000e+00 -9.016641e-02
    outer loop
      vertex   3.991093e+01 9.500000e+00 2.815767e+02
      vertex   3.996791e+01 -2.220446e-15 2.809473e+02
      vertex   3.991093e+01 -2.220446e-15 2.815767e+02
    endloop
  endfacet
  facet normal -9.908429e-01 -0.000000e+00 -1.350199e-01
    outer loop
      vertex   3.991093e+01 9.500000e+00 2.815767e+02
      vertex   3.991093e+01 -2.220446e-15 2.815767e+02
      vertex   3.982560e+01 9.500000e+00 2.822029e+02
    endloop
  endfacet
  facet normal -9.908429e-01 -0.000000e+00 -1.350199e-01
    outer loop
      vertex   3.982560e+01 9.500000e+00 2.822029e+02
      vertex   3.991093e+01 -2.220446e-15 2.815767e+02
      vertex   3.982560e+01 -2.220446e-15 2.822029e+02
    endloop
  endfacet
  facet normal -9.837401e-01 -0.000000e+00 -1.795982e-01
    outer loop
      vertex   3.982560e+01 9.500000e+00 2.822029e+02
      vertex   3.982560e+01 -2.220446e-15 2.822029e+02
      vertex   3.971210e+01 9.500000e+00 2.828246e+02
    endloop
  endfacet
  facet normal -9.837401e-01 -0.000000e+00 -1.795982e-01
    outer loop
      vertex   3.971210e+01 9.500000e+00 2.828246e+02
      vertex   3.982560e+01 -2.220446e-15 2.822029e+02
      vertex   3.971210e+01 -2.220446e-15 2.828246e+02
    endloop
  endfacet
  facet normal -9.746327e-01 -0.000000e+00 -2.238106e-01
    outer loop
      vertex   3.971210e+01 9.500000e+00 2.828246e+02
      vertex   3.971210e+01 -2.220446e-15 2.828246e+02
      vertex   3.957066e+01 9.500000e+00 2.834405e+02
    endloop
  endfacet
  facet normal -9.746327e-01 -0.000000e+00 -2.238106e-01
    outer loop
      vertex   3.957066e+01 9.500000e+00 2.834405e+02
      vertex   3.971210e+01 -2.220446e-15 2.828246e+02
      vertex   3.957066e+01 -2.220446e-15 2.834405e+02
    endloop
  endfacet
  facet normal -9.635393e-01 -0.000000e+00 -2.675669e-01
    outer loop
      vertex   3.957066e+01 9.500000e+00 2.834405e+02
      vertex   3.957066e+01 -2.220446e-15 2.834405e+02
      vertex   3.940157e+01 9.500000e+00 2.840494e+02
    endloop
  endfacet
  facet normal -9.635393e-01 7.206693e-16 -2.675669e-01
    outer loop
      vertex   3.940157e+01 9.500000e+00 2.840494e+02
      vertex   3.957066e+01 -2.220446e-15 2.834405e+02
      vertex   3.940157e+01 -2.220446e-15 2.840494e+02
    endloop
  endfacet
  facet normal -9.504825e-01 7.109036e-16 -3.107780e-01
    outer loop
      vertex   3.940157e+01 9.500000e+00 2.840494e+02
      vertex   3.940157e+01 -2.220446e-15 2.840494e+02
      vertex   3.920517e+01 9.500000e+00 2.846501e+02
    endloop
  endfacet
  facet normal -9.504825e-01 -0.000000e+00 -3.107780e-01
    outer loop
      vertex   3.920517e+01 9.500000e+00 2.846501e+02
      vertex   3.940157e+01 -2.220446e-15 2.840494e+02
      vertex   3.920517e+01 -2.220446e-15 2.846501e+02
    endloop
  endfacet
  facet normal -9.354890e-01 -0.000000e+00 -3.533558e-01
    outer loop
      vertex   3.920517e+01 9.500000e+00 2.846501e+02
      vertex   3.920517e+01 -2.220446e-15 2.846501e+02
      vertex   3.898186e+01 9.500000e+00 2.852413e+02
    endloop
  endfacet
  facet normal -9.354890e-01 -0.000000e+00 -3.533558e-01
    outer loop
      vertex   3.898186e+01 9.500000e+00 2.852413e+02
      vertex   3.920517e+01 -2.220446e-15 2.846501e+02
      vertex   3.898186e+01 -2.220446e-15 2.852413e+02
    endloop
  endfacet
  facet normal -9.185892e-01 -0.000000e+00 -3.952136e-01
    outer loop
      vertex   3.898186e+01 9.500000e+00 2.852413e+02
      vertex   3.898186e+01 -2.220446e-15 2.852413e+02
      vertex   3.873209e+01 9.500000e+00 2.858218e+02
    endloop
  endfacet
  facet normal -9.185892e-01 -6.870494e-16 -3.952136e-01
    outer loop
      vertex   3.873209e+01 9.500000e+00 2.858218e+02
      vertex   3.898186e+01 -2.220446e-15 2.852413e+02
      vertex   3.873209e+01 -2.220446e-15 2.858218e+02
    endloop
  endfacet
  facet normal -8.998177e-01 -6.730094e-16 -4.362661e-01
    outer loop
      vertex   3.873209e+01 9.500000e+00 2.858218e+02
      vertex   3.873209e+01 -2.220446e-15 2.858218e+02
      vertex   3.845639e+01 9.500000e+00 2.863905e+02
    endloop
  endfacet
  facet normal -8.998177e-01 -0.000000e+00 -4.362661e-01
    outer loop
      vertex   3.845639e+01 9.500000e+00 2.863905e+02
      vertex   3.873209e+01 -2.220446e-15 2.858218e+02
      vertex   3.845639e+01 -2.220446e-15 2.863905e+02
    endloop
  endfacet
  facet normal -8.792126e-01 -0.000000e+00 -4.764296e-01
    outer loop
      vertex   3.845639e+01 9.500000e+00 2.863905e+02
      vertex   3.845639e+01 -2.220446e-15 2.863905e+02
      vertex   3.815530e+01 9.500000e+00 2.869461e+02
    endloop
  endfacet
  facet normal -8.792126e-01 -6.575980e-16 -4.764296e-01
    outer loop
      vertex   3.815530e+01 9.500000e+00 2.869461e+02
      vertex   3.845639e+01 -2.220446e-15 2.863905e+02
      vertex   3.815530e+01 -2.220446e-15 2.869461e+02
    endloop
  endfacet
  facet normal -8.568160e-01 -6.408467e-16 -5.156223e-01
    outer loop
      vertex   3.815530e+01 9.500000e+00 2.869461e+02
      vertex   3.815530e+01 -2.220446e-15 2.869461e+02
      vertex   3.782944e+01 9.500000e+00 2.874876e+02
    endloop
  endfacet
  facet normal -8.568160e-01 -0.000000e+00 -5.156223e-01
    outer loop
      vertex   3.782944e+01 9.500000e+00 2.874876e+02
      vertex   3.815530e+01 -2.220446e-15 2.869461e+02
      vertex   3.782944e+01 -2.220446e-15 2.874876e+02
    endloop
  endfacet
  facet normal -8.326734e-01 -0.000000e+00 -5.537644e-01
    outer loop
      vertex   3.782944e+01 9.500000e+00 2.874876e+02
      vertex   3.782944e+01 -2.220446e-15 2.874876e+02
      vertex   3.747948e+01 9.500000e+00 2.880138e+02
    endloop
  endfacet
  facet normal -8.326734e-01 -0.000000e+00 -5.537644e-01
    outer loop
      vertex   3.747948e+01 9.500000e+00 2.880138e+02
      vertex   3.782944e+01 -2.220446e-15 2.874876e+02
      vertex   3.747948e+01 -2.220446e-15 2.880138e+02
    endloop
  endfacet
  facet normal -8.068342e-01 -0.000000e+00 -5.907780e-01
    outer loop
      vertex   3.747948e+01 9.500000e+00 2.880138e+02
      vertex   3.747948e+01 -2.220446e-15 2.880138e+02
      vertex   3.710612e+01 9.500000e+00 2.885237e+02
    endloop
  endfacet
  facet normal -8.068342e-01 6.034633e-16 -5.907780e-01
    outer loop
      vertex   3.710612e+01 9.500000e+00 2.885237e+02
      vertex   3.747948e+01 -2.220446e-15 2.880138e+02
      vertex   3.710612e+01 -2.220446e-15 2.885237e+02
    endloop
  endfacet
  facet normal -7.793508e-01 5.829074e-16 -6.265878e-01
    outer loop
      vertex   3.710612e+01 9.500000e+00 2.885237e+02
      vertex   3.710612e+01 -2.220446e-15 2.885237e+02
      vertex   3.671014e+01 9.500000e+00 2.890163e+02
    endloop
  endfacet
  facet normal -7.793508e-01 5.829074e-16 -6.265878e-01
    outer loop
      vertex   3.671014e+01 9.500000e+00 2.890163e+02
      vertex   3.710612e+01 -2.220446e-15 2.885237e+02
      vertex   3.671014e+01 -2.220446e-15 2.890163e+02
    endloop
  endfacet
  facet normal -7.502794e-01 5.611638e-16 -6.611209e-01
    outer loop
      vertex   3.671014e+01 9.500000e+00 2.890163e+02
      vertex   3.671014e+01 -2.220446e-15 2.890163e+02
      vertex   3.629233e+01 9.500000e+00 2.894904e+02
    endloop
  endfacet
  facet normal -7.502794e-01 5.611638e-16 -6.611209e-01
    outer loop
      vertex   3.629233e+01 9.500000e+00 2.894904e+02
      vertex   3.671014e+01 -2.220446e-15 2.890163e+02
      vertex   3.629233e+01 -2.220446e-15 2.894904e+02
    endloop
  endfacet
  facet normal -7.196792e-01 5.382766e-16 -6.943068e-01
    outer loop
      vertex   3.629233e+01 9.500000e+00 2.894904e+02
      vertex   3.629233e+01 -2.220446e-15 2.894904e+02
      vertex   3.585355e+01 9.500000e+00 2.899452e+02
    endloop
  endfacet
  facet normal -7.196792e-01 5.382766e-16 -6.943068e-01
    outer loop
      vertex   3.585355e+01 9.500000e+00 2.899452e+02
      vertex   3.629233e+01 -2.220446e-15 2.894904e+02
      vertex   3.585355e+01 -2.220446e-15 2.899452e+02
    endloop
  endfacet
  facet normal -6.876125e-01 5.142927e-16 -7.260779e-01
    outer loop
      vertex   3.585355e+01 9.500000e+00 2.899452e+02
      vertex   3.585355e+01 -2.220446e-15 2.899452e+02
      vertex   3.539469e+01 9.500000e+00 2.903798e+02
    endloop
  endfacet
  facet normal -6.876125e-01 5.142927e-16 -7.260779e-01
    outer loop
      vertex   3.539469e+01 9.500000e+00 2.903798e+02
      vertex   3.585355e+01 -2.220446e-15 2.899452e+02
      vertex   3.539469e+01 -2.220446e-15 2.903798e+02
    endloop
  endfacet
  facet normal -6.541446e-01 4.892608e-16 -7.563695e-01
    outer loop
      vertex   3.539469e+01 9.500000e+00 2.903798e+02
      vertex   3.539469e+01 -2.220446e-15 2.903798e+02
      vertex   3.491669e+01 9.500000e+00 2.907932e+02
    endloop
  endfacet
  facet normal -6.541446e-01 -0.000000e+00 -7.563695e-01
    outer loop
      vertex   3.491669e+01 9.500000e+00 2.907932e+02
      vertex   3.539469e+01 -2.220446e-15 2.903798e+02
      vertex   3.491669e+01 -2.220446e-15 2.907932e+02
    endloop
  endfacet
  facet normal -6.193439e-01 -0.000000e+00 -7.851199e-01
    outer loop
      vertex   3.491669e+01 9.500000e+00 2.907932e+02
      vertex   3.491669e+01 -2.220446e-15 2.907932e+02
      vertex   3.442052e+01 9.500000e+00 2.911846e+02
    endloop
  endfacet
  facet normal -6.193439e-01 -4.632319e-16 -7.851199e-01
    outer loop
      vertex   3.442052e+01 9.500000e+00 2.911846e+02
      vertex   3.491669e+01 -2.220446e-15 2.907932e+02
      vertex   3.442052e+01 -2.220446e-15 2.911846e+02
    endloop
  endfacet
  facet normal -5.832811e-01 -4.362591e-16 -8.122704e-01
    outer loop
      vertex   3.442052e+01 9.500000e+00 2.911846e+02
      vertex   3.442052e+01 -2.220446e-15 2.911846e+02
      vertex   3.390719e+01 9.500000e+00 2.915532e+02
    endloop
  endfacet
  facet normal -5.832811e-01 4.362591e-16 -8.122704e-01
    outer loop
      vertex   3.390719e+01 9.500000e+00 2.915532e+02
      vertex   3.442052e+01 -2.220446e-15 2.911846e+02
      vertex   3.390719e+01 -2.220446e-15 2.915532e+02
    endloop
  endfacet
  facet normal -5.460297e-01 4.083973e-16 -8.377658e-01
    outer loop
      vertex   3.390719e+01 9.500000e+00 2.915532e+02
      vertex   3.390719e+01 -2.220446e-15 2.915532e+02
      vertex   3.337775e+01 9.500000e+00 2.918983e+02
    endloop
  endfacet
  facet normal -5.460297e-01 -0.000000e+00 -8.377658e-01
    outer loop
      vertex   3.337775e+01 9.500000e+00 2.918983e+02
      vertex   3.390719e+01 -2.220446e-15 2.915532e+02
      vertex   3.337775e+01 -2.220446e-15 2.918983e+02
    endloop
  endfacet
  facet normal -5.076657e-01 -0.000000e+00 -8.615541e-01
    outer loop
      vertex   3.337775e+01 9.500000e+00 2.918983e+02
      vertex   3.337775e+01 -2.220446e-15 2.918983e+02
      vertex   3.283327e+01 9.500000e+00 2.922191e+02
    endloop
  endfacet
  facet normal -5.076657e-01 -0.000000e+00 -8.615541e-01
    outer loop
      vertex   3.283327e+01 9.500000e+00 2.922191e+02
      vertex   3.337775e+01 -2.220446e-15 2.918983e+02
      vertex   3.283327e+01 -2.220446e-15 2.922191e+02
    endloop
  endfacet
  facet normal -4.682673e-01 -0.000000e+00 -8.835868e-01
    outer loop
      vertex   3.283327e+01 9.500000e+00 2.922191e+02
      vertex   3.283327e+01 -2.220446e-15 2.922191e+02
      vertex   3.227487e+01 9.500000e+00 2.925150e+02
    endloop
  endfacet
  facet normal -4.682673e-01 -0.000000e+00 -8.835868e-01
    outer loop
      vertex   3.227487e+01 9.500000e+00 2.925150e+02
      vertex   3.283327e+01 -2.220446e-15 2.922191e+02
      vertex   3.227487e+01 -2.220446e-15 2.925150e+02
    endloop
  endfacet
  facet normal -4.279147e-01 -0.000000e+00 -9.038191e-01
    outer loop
      vertex   3.227487e+01 9.500000e+00 2.925150e+02
      vertex   3.227487e+01 -2.220446e-15 2.925150e+02
      vertex   3.170369e+01 9.500000e+00 2.927855e+02
    endloop
  endfacet
  facet normal -4.279147e-01 -0.000000e+00 -9.038191e-01
    outer loop
      vertex   3.170369e+01 9.500000e+00 2.927855e+02
      vertex   3.227487e+01 -2.220446e-15 2.925150e+02
      vertex   3.170369e+01 -2.220446e-15 2.927855e+02
    endloop
  endfacet
  facet normal -3.866902e-01 -0.000000e+00 -9.222097e-01
    outer loop
      vertex   3.170369e+01 9.500000e+00 2.927855e+02
      vertex   3.170369e+01 -2.220446e-15 2.927855e+02
      vertex   3.112088e+01 9.500000e+00 2.930298e+02
    endloop
  endfacet
  facet normal -3.866902e-01 -0.000000e+00 -9.222097e-01
    outer loop
      vertex   3.112088e+01 9.500000e+00 2.930298e+02
      vertex   3.170369e+01 -2.220446e-15 2.927855e+02
      vertex   3.112088e+01 -2.220446e-15 2.930298e+02
    endloop
  endfacet
  facet normal -3.446776e-01 -0.000000e+00 -9.387211e-01
    outer loop
      vertex   3.112088e+01 9.500000e+00 2.930298e+02
      vertex   3.112088e+01 -2.220446e-15 2.930298e+02
      vertex   3.052764e+01 9.500000e+00 2.932477e+02
    endloop
  endfacet
  facet normal -3.446776e-01 2.577981e-16 -9.387211e-01
    outer loop
      vertex   3.052764e+01 9.500000e+00 2.932477e+02
      vertex   3.112088e+01 -2.220446e-15 2.930298e+02
      vertex   3.052764e+01 -2.220446e-15 2.932477e+02
    endloop
  endfacet
  facet normal -3.019628e-01 2.258500e-16 -9.533197e-01
    outer loop
      vertex   3.052764e+01 9.500000e+00 2.932477e+02
      vertex   3.052764e+01 -2.220446e-15 2.932477e+02
      vertex   2.992517e+01 9.500000e+00 2.934385e+02
    endloop
  endfacet
  facet normal -3.019628e-01 -0.000000e+00 -9.533197e-01
    outer loop
      vertex   2.992517e+01 9.500000e+00 2.934385e+02
      vertex   3.052764e+01 -2.220446e-15 2.932477e+02
      vertex   2.992517e+01 -2.220446e-15 2.934385e+02
    endloop
  endfacet
  facet normal -2.586326e-01 -0.000000e+00 -9.659758e-01
    outer loop
      vertex   2.992517e+01 9.500000e+00 2.934385e+02
      vertex   2.992517e+01 -2.220446e-15 2.934385e+02
      vertex   2.931470e+01 9.500000e+00 2.936019e+02
    endloop
  endfacet
  facet normal -2.586326e-01 9.672081e-17 -9.659758e-01
    outer loop
      vertex   2.931470e+01 9.500000e+00 2.936019e+02
      vertex   2.992517e+01 -2.220446e-15 2.934385e+02
      vertex   2.931470e+01 -2.220446e-15 2.936019e+02
    endloop
  endfacet
  facet normal -2.147755e-01 8.031955e-17 -9.766635e-01
    outer loop
      vertex   2.931470e+01 9.500000e+00 2.936019e+02
      vertex   2.931470e+01 -2.220446e-15 2.936019e+02
      vertex   2.869748e+01 9.500000e+00 2.937377e+02
    endloop
  endfacet
  facet normal -2.147755e-01 -0.000000e+00 -9.766635e-01
    outer loop
      vertex   2.869748e+01 9.500000e+00 2.937377e+02
      vertex   2.931470e+01 -2.220446e-15 2.936019e+02
      vertex   2.869748e+01 -2.220446e-15 2.937377e+02
    endloop
  endfacet
  facet normal -1.704807e-01 -0.000000e+00 -9.853610e-01
    outer loop
      vertex   2.869748e+01 9.500000e+00 2.937377e+02
      vertex   2.869748e+01 -2.220446e-15 2.937377e+02
      vertex   2.807476e+01 9.500000e+00 2.938454e+02
    endloop
  endfacet
  facet normal -1.704807e-01 -0.000000e+00 -9.853610e-01
    outer loop
      vertex   2.807476e+01 9.500000e+00 2.938454e+02
      vertex   2.869748e+01 -2.220446e-15 2.937377e+02
      vertex   2.807476e+01 -2.220446e-15 2.938454e+02
    endloop
  endfacet
  facet normal -1.258385e-01 -0.000000e+00 -9.920507e-01
    outer loop
      vertex   2.807476e+01 9.500000e+00 2.938454e+02
      vertex   2.807476e+01 -2.220446e-15 2.938454e+02
      vertex   2.744782e+01 9.500000e+00 2.939249e+02
    endloop
  endfacet
  facet normal -1.258385e-01 4.705980e-17 -9.920507e-01
    outer loop
      vertex   2.744782e+01 9.500000e+00 2.939249e+02
      vertex   2.807476e+01 -2.220446e-15 2.938454e+02
      vertex   2.744782e+01 -2.220446e-15 2.939249e+02
    endloop
  endfacet
  facet normal -8.093986e-02 3.026907e-17 -9.967190e-01
    outer loop
      vertex   2.744782e+01 9.500000e+00 2.939249e+02
      vertex   2.744782e+01 -2.220446e-15 2.939249e+02
      vertex   2.681792e+01 9.500000e+00 2.939761e+02
    endloop
  endfacet
  facet normal -8.093986e-02 3.026907e-17 -9.967190e-01
    outer loop
      vertex   2.681792e+01 9.500000e+00 2.939761e+02
      vertex   2.744782e+01 -2.220446e-15 2.939249e+02
      vertex   2.681792e+01 -2.220446e-15 2.939761e+02
    endloop
  endfacet
  facet normal -3.587632e-02 1.341666e-17 -9.993562e-01
    outer loop
      vertex   2.681792e+01 9.500000e+00 2.939761e+02
      vertex   2.681792e+01 -2.220446e-15 2.939761e+02
      vertex   2.618636e+01 9.500000e+00 2.939988e+02
    endloop
  endfacet
  facet normal -3.587632e-02 -0.000000e+00 -9.993562e-01
    outer loop
      vertex   2.618636e+01 9.500000e+00 2.939988e+02
      vertex   2.681792e+01 -2.220446e-15 2.939761e+02
      vertex   2.618636e+01 -2.220446e-15 2.939988e+02
    endloop
  endfacet
  facet normal 9.260324e-03 0.000000e+00 -9.999571e-01
    outer loop
      vertex   2.618636e+01 9.500000e+00 2.939988e+02
      vertex   2.618636e+01 -2.220446e-15 2.939988e+02
      vertex   2.555442e+01 9.500000e+00 2.939929e+02
    endloop
  endfacet
  facet normal 9.260324e-03 -6.926164e-18 -9.999571e-01
    outer loop
      vertex   2.555442e+01 9.500000e+00 2.939929e+02
      vertex   2.618636e+01 -2.220446e-15 2.939988e+02
      vertex   2.555442e+01 -2.220446e-15 2.939929e+02
    endloop
  endfacet
  facet normal 5.437810e-02 -4.067154e-17 -9.985204e-01
    outer loop
      vertex   2.555442e+01 9.500000e+00 2.939929e+02
      vertex   2.555442e+01 -2.220446e-15 2.939929e+02
      vertex   2.492338e+01 9.500000e+00 2.939585e+02
    endloop
  endfacet
  facet normal 5.437810e-02 0.000000e+00 -9.985204e-01
    outer loop
      vertex   2.492338e+01 9.500000e+00 2.939585e+02
      vertex   2.555442e+01 -2.220446e-15 2.939929e+02
      vertex   2.492338e+01 -2.220446e-15 2.939585e+02
    endloop
  endfacet
  facet normal 9.938507e-02 0.000000e+00 -9.950490e-01
    outer loop
      vertex   2.492338e+01 9.500000e+00 2.939585e+02
      vertex   2.492338e+01 -2.220446e-15 2.939585e+02
      vertex   2.429454e+01 9.500000e+00 2.938957e+02
    endloop
  endfacet
  facet normal 9.938507e-02 0.000000e+00 -9.950490e-01
    outer loop
      vertex   2.429454e+01 9.500000e+00 2.938957e+02
      vertex   2.492338e+01 -2.220446e-15 2.939585e+02
      vertex   2.429454e+01 -2.220446e-15 2.938957e+02
    endloop
  endfacet
  facet normal 1.441895e-01 0.000000e+00 -9.895501e-01
    outer loop
      vertex   2.429454e+01 9.500000e+00 2.938957e+02
      vertex   2.429454e+01 -2.220446e-15 2.938957e+02
      vertex   2.366918e+01 9.500000e+00 2.938046e+02
    endloop
  endfacet
  facet normal 1.441895e-01 0.000000e+00 -9.895501e-01
    outer loop
      vertex   2.366918e+01 9.500000e+00 2.938046e+02
      vertex   2.429454e+01 -2.220446e-15 2.938957e+02
      vertex   2.366918e+01 -2.220446e-15 2.938046e+02
    endloop
  endfacet
  facet normal 1.887002e-01 0.000000e+00 -9.820347e-01
    outer loop
      vertex   2.366918e+01 9.500000e+00 2.938046e+02
      vertex   2.366918e+01 -2.220446e-15 2.938046e+02
      vertex   2.304856e+01 9.500000e+00 2.936854e+02
    endloop
  endfacet
  facet normal 1.887002e-01 1.411363e-16 -9.820347e-01
    outer loop
      vertex   2.304856e+01 9.500000e+00 2.936854e+02
      vertex   2.366918e+01 -2.220446e-15 2.938046e+02
      vertex   2.304856e+01 -2.220446e-15 2.936854e+02
    endloop
  endfacet
  facet normal 2.328263e-01 1.741400e-16 -9.725183e-01
    outer loop
      vertex   2.304856e+01 9.500000e+00 2.936854e+02
      vertex   2.304856e+01 -2.220446e-15 2.936854e+02
      vertex   2.243396e+01 9.500000e+00 2.935382e+02
    endloop
  endfacet
  facet normal 2.328263e-01 8.707002e-17 -9.725183e-01
    outer loop
      vertex   2.243396e+01 9.500000e+00 2.935382e+02
      vertex   2.304856e+01 -2.220446e-15 2.936854e+02
      vertex   2.243396e+01 -2.220446e-15 2.935382e+02
    endloop
  endfacet
  facet normal 2.764780e-01 1.033944e-16 -9.610202e-01
    outer loop
      vertex   2.243396e+01 9.500000e+00 2.935382e+02
      vertex   2.243396e+01 -2.220446e-15 2.935382e+02
      vertex   2.182663e+01 9.500000e+00 2.933635e+02
    endloop
  endfacet
  facet normal 2.764780e-01 -2.067889e-16 -9.610202e-01
    outer loop
      vertex   2.182663e+01 9.500000e+00 2.933635e+02
      vertex   2.243396e+01 -2.220446e-15 2.935382e+02
      vertex   2.182663e+01 -2.220446e-15 2.933635e+02
    endloop
  endfacet
  facet normal 3.195663e-01 -2.390164e-16 -9.475639e-01
    outer loop
      vertex   2.182663e+01 9.500000e+00 2.933635e+02
      vertex   2.182663e+01 -2.220446e-15 2.933635e+02
      vertex   2.122780e+01 9.500000e+00 2.931615e+02
    endloop
  endfacet
  facet normal 3.195663e-01 0.000000e+00 -9.475639e-01
    outer loop
      vertex   2.122780e+01 9.500000e+00 2.931615e+02
      vertex   2.182663e+01 -2.220446e-15 2.933635e+02
      vertex   2.122780e+01 -2.220446e-15 2.931615e+02
    endloop
  endfacet
  facet normal 3.620035e-01 0.000000e+00 -9.321767e-01
    outer loop
      vertex   2.122780e+01 9.500000e+00 2.931615e+02
      vertex   2.122780e+01 -2.220446e-15 2.931615e+02
      vertex   2.063869e+01 9.500000e+00 2.929328e+02
    endloop
  endfacet
  facet normal 3.620035e-01 1.353784e-16 -9.321767e-01
    outer loop
      vertex   2.063869e+01 9.500000e+00 2.929328e+02
      vertex   2.122780e+01 -2.220446e-15 2.931615e+02
      vertex   2.063869e+01 -2.220446e-15 2.929328e+02
    endloop
  endfacet
  facet normal 4.037030e-01 1.509728e-16 -9.148901e-01
    outer loop
      vertex   2.063869e+01 9.500000e+00 2.929328e+02
      vertex   2.063869e+01 -2.220446e-15 2.929328e+02
      vertex   2.006051e+01 9.500000e+00 2.926776e+02
    endloop
  endfacet
  facet normal 4.037030e-01 0.000000e+00 -9.148901e-01
    outer loop
      vertex   2.006051e+01 9.500000e+00 2.926776e+02
      vertex   2.063869e+01 -2.220446e-15 2.929328e+02
      vertex   2.006051e+01 -2.220446e-15 2.926776e+02
    endloop
  endfacet
  facet normal 4.445799e-01 0.000000e+00 -8.957392e-01
    outer loop
      vertex   2.006051e+01 9.500000e+00 2.926776e+02
      vertex   2.006051e+01 -2.220446e-15 2.926776e+02
      vertex   1.949443e+01 9.500000e+00 2.923967e+02
    endloop
  endfacet
  facet normal 4.445799e-01 -4.987785e-16 -8.957392e-01
    outer loop
      vertex   1.949443e+01 9.500000e+00 2.923967e+02
      vertex   2.006051e+01 -2.220446e-15 2.926776e+02
      vertex   1.949443e+01 -2.220446e-15 2.923967e+02
    endloop
  endfacet
  facet normal 4.845509e-01 -5.436223e-16 -8.747631e-01
    outer loop
      vertex   1.949443e+01 9.500000e+00 2.923967e+02
      vertex   1.949443e+01 -2.220446e-15 2.923967e+02
      vertex   1.894160e+01 9.500000e+00 2.920905e+02
    endloop
  endfacet
  facet normal 4.845509e-01 0.000000e+00 -8.747631e-01
    outer loop
      vertex   1.894160e+01 9.500000e+00 2.920905e+02
      vertex   1.949443e+01 -2.220446e-15 2.923967e+02
      vertex   1.894160e+01 -2.220446e-15 2.920905e+02
    endloop
  endfacet
  facet normal 5.235345e-01 0.000000e+00 -8.520045e-01
    outer loop
      vertex   1.894160e+01 9.500000e+00 2.920905e+02
      vertex   1.894160e+01 -2.220446e-15 2.920905e+02
      vertex   1.840316e+01 9.500000e+00 2.917596e+02
    endloop
  endfacet
  facet normal 5.235345e-01 -7.831445e-16 -8.520045e-01
    outer loop
      vertex   1.840316e+01 9.500000e+00 2.917596e+02
      vertex   1.894160e+01 -2.220446e-15 2.920905e+02
      vertex   1.840316e+01 -2.220446e-15 2.917596e+02
    endloop
  endfacet
  facet normal 5.614514e-01 -8.398636e-16 -8.275097e-01
    outer loop
      vertex   1.840316e+01 9.500000e+00 2.917596e+02
      vertex   1.840316e+01 -2.220446e-15 2.917596e+02
      vertex   1.788020e+01 9.500000e+00 2.914048e+02
    endloop
  endfacet
  facet normal 5.614514e-01 6.298977e-16 -8.275097e-01
    outer loop
      vertex   1.788020e+01 9.500000e+00 2.914048e+02
      vertex   1.840316e+01 -2.220446e-15 2.917596e+02
      vertex   1.788020e+01 -2.220446e-15 2.914048e+02
    endloop
  endfacet
  facet normal 5.982241e-01 6.711534e-16 -8.013288e-01
    outer loop
      vertex   1.788020e+01 9.500000e+00 2.914048e+02
      vertex   1.788020e+01 -2.220446e-15 2.914048e+02
      vertex   1.737379e+01 9.500000e+00 2.910267e+02
    endloop
  endfacet
  facet normal 5.982241e-01 2.237178e-16 -8.013288e-01
    outer loop
      vertex   1.737379e+01 9.500000e+00 2.910267e+02
      vertex   1.788020e+01 -2.220446e-15 2.914048e+02
      vertex   1.737379e+01 -2.220446e-15 2.910267e+02
    endloop
  endfacet
  facet normal 6.337779e-01 2.370138e-16 -7.735150e-01
    outer loop
      vertex   1.737379e+01 9.500000e+00 2.910267e+02
      vertex   1.737379e+01 -2.220446e-15 2.910267e+02
      vertex   1.688495e+01 9.500000e+00 2.906262e+02
    endloop
  endfacet
  facet normal 6.337779e-01 -4.740277e-16 -7.735150e-01
    outer loop
      vertex   1.688495e+01 9.500000e+00 2.906262e+02
      vertex   1.737379e+01 -2.220446e-15 2.910267e+02
      vertex   1.688495e+01 -2.220446e-15 2.906262e+02
    endloop
  endfacet
  facet normal 6.680403e-01 -4.996539e-16 -7.441251e-01
    outer loop
      vertex   1.688495e+01 9.500000e+00 2.906262e+02
      vertex   1.688495e+01 -2.220446e-15 2.906262e+02
      vertex   1.641469e+01 9.500000e+00 2.902040e+02
    endloop
  endfacet
  facet normal 6.680403e-01 2.498269e-16 -7.441251e-01
    outer loop
      vertex   1.641469e+01 9.500000e+00 2.902040e+02
      vertex   1.688495e+01 -2.220446e-15 2.906262e+02
      vertex   1.641469e+01 -2.220446e-15 2.902040e+02
    endloop
  endfacet
  facet normal 7.009414e-01 2.621310e-16 -7.132189e-01
    outer loop
      vertex   1.641469e+01 9.500000e+00 2.902040e+02
      vertex   1.641469e+01 -2.220446e-15 2.902040e+02
      vertex   1.596395e+01 9.500000e+00 2.897610e+02
    endloop
  endfacet
  facet normal 7.009414e-01 2.621310e-16 -7.132189e-01
    outer loop
      vertex   1.596395e+01 9.500000e+00 2.897610e+02
      vertex   1.641469e+01 -2.220446e-15 2.902040e+02
      vertex   1.596395e+01 -2.220446e-15 2.897610e+02
    endloop
  endfacet
  facet normal 7.324142e-01 2.739008e-16 -6.808593e-01
    outer loop
      vertex   1.596395e+01 9.500000e+00 2.897610e+02
      vertex   1.596395e+01 -2.220446e-15 2.897610e+02
      vertex   1.553367e+01 9.500000e+00 2.892982e+02
    endloop
  endfacet
  facet normal 7.324142e-01 3.800033e-15 -6.808593e-01
    outer loop
      vertex   1.553367e+01 9.500000e+00 2.892982e+02
      vertex   1.596395e+01 -2.220446e-15 2.897610e+02
      vertex   1.553367e+01 -2.220446e-15 2.892982e+02
    endloop
  endfacet
  facet normal 7.623946e-01 3.586896e-15 -6.471124e-01
    outer loop
      vertex   1.553367e+01 9.500000e+00 2.892982e+02
      vertex   1.553367e+01 -2.220446e-15 2.892982e+02
      vertex   1.512472e+01 9.500000e+00 2.888164e+02
    endloop
  endfacet
  facet normal 7.623946e-01 4.276689e-16 -6.471124e-01
    outer loop
      vertex   1.512472e+01 9.500000e+00 2.888164e+02
      vertex   1.553367e+01 -2.220446e-15 2.892982e+02
      vertex   1.512472e+01 -2.220446e-15 2.888164e+02
    endloop
  endfacet
  facet normal 7.908215e-01 4.436151e-16 -6.120469e-01
    outer loop
      vertex   1.512472e+01 9.500000e+00 2.888164e+02
      vertex   1.512472e+01 -2.220446e-15 2.888164e+02
      vertex   1.473792e+01 9.500000e+00 2.883166e+02
    endloop
  endfacet
  facet normal 7.908215e-01 1.478717e-16 -6.120469e-01
    outer loop
      vertex   1.473792e+01 9.500000e+00 2.883166e+02
      vertex   1.512472e+01 -2.220446e-15 2.888164e+02
      vertex   1.473792e+01 -2.220446e-15 2.883166e+02
    endloop
  endfacet
  facet normal 8.176369e-01 1.528858e-16 -5.757342e-01
    outer loop
      vertex   1.473792e+01 9.500000e+00 2.883166e+02
      vertex   1.473792e+01 -2.220446e-15 2.883166e+02
      vertex   1.437408e+01 9.500000e+00 2.877999e+02
    endloop
  endfacet
  facet normal 8.176369e-01 -7.644289e-16 -5.757342e-01
    outer loop
      vertex   1.437408e+01 9.500000e+00 2.877999e+02
      vertex   1.473792e+01 -2.220446e-15 2.883166e+02
      vertex   1.437408e+01 -2.220446e-15 2.877999e+02
    endloop
  endfacet
  facet normal 8.427863e-01 -7.879416e-16 -5.382484e-01
    outer loop
      vertex   1.437408e+01 9.500000e+00 2.877999e+02
      vertex   1.437408e+01 -2.220446e-15 2.877999e+02
      vertex   1.403392e+01 9.500000e+00 2.872673e+02
    endloop
  endfacet
  facet normal 8.427863e-01 3.151767e-16 -5.382484e-01
    outer loop
      vertex   1.403392e+01 9.500000e+00 2.872673e+02
      vertex   1.437408e+01 -2.220446e-15 2.877999e+02
      vertex   1.403392e+01 -2.220446e-15 2.872673e+02
    endloop
  endfacet
  facet normal 8.662183e-01 3.239395e-16 -4.996658e-01
    outer loop
      vertex   1.403392e+01 9.500000e+00 2.872673e+02
      vertex   1.403392e+01 -2.220446e-15 2.872673e+02
      vertex   1.371815e+01 9.500000e+00 2.867198e+02
    endloop
  endfacet
  facet normal 8.662183e-01 -6.478791e-16 -4.996658e-01
    outer loop
      vertex   1.371815e+01 9.500000e+00 2.867198e+02
      vertex   1.403392e+01 -2.220446e-15 2.872673e+02
      vertex   1.371815e+01 -2.220446e-15 2.867198e+02
    endloop
  endfacet
  facet normal 8.878852e-01 -6.640846e-16 -4.600650e-01
    outer loop
      vertex   1.371815e+01 9.500000e+00 2.867198e+02
      vertex   1.371815e+01 -2.220446e-15 2.867198e+02
      vertex   1.342740e+01 9.500000e+00 2.861587e+02
    endloop
  endfacet
  facet normal 8.878852e-01 0.000000e+00 -4.600650e-01
    outer loop
      vertex   1.342740e+01 9.500000e+00 2.861587e+02
      vertex   1.371815e+01 -2.220446e-15 2.867198e+02
      vertex   1.342740e+01 -2.220446e-15 2.861587e+02
    endloop
  endfacet
  facet normal 9.077430e-01 0.000000e+00 -4.195268e-01
    outer loop
      vertex   1.342740e+01 9.500000e+00 2.861587e+02
      vertex   1.342740e+01 -2.220446e-15 2.861587e+02
      vertex   1.316227e+01 9.500000e+00 2.855851e+02
    endloop
  endfacet
  facet normal 9.077430e-01 -5.092028e-16 -4.195268e-01
    outer loop
      vertex   1.316227e+01 9.500000e+00 2.855851e+02
      vertex   1.342740e+01 -2.220446e-15 2.861587e+02
      vertex   1.316227e+01 -2.220446e-15 2.855851e+02
    endloop
  endfacet
  facet normal 0.000000e+00 1.000000e+00 0.000000e+00
    outer loop
      vertex   1.080132e+01 1.900000e+01 2.850000e+02
      vertex   1.101618e+01 1.900000e+01 2.856111e+02
      vertex   1.292330e+01 1.900000e+01 2.850000e+02
    endloop
  endfacet
  facet normal 0.000000e+00 1.000000e+00 0.000000e+00
    outer loop
      vertex   1.292330e+01 1.900000e+01 2.850000e+02
      vertex   1.101618e+01 1.900000e+01 2.856111e+02
      vertex   1.125560e+01 1.900000e+01 2.862131e+02
    endloop
  endfacet
  facet normal 0.000000e+00 1.000000e+00 -0.000000e+00
    outer loop
      vertex   1.292330e+01 1.900000e+01 2.850000e+02
      vertex   1.125560e+01 1.900000e+01 2.862131e+02
      vertex   1.316227e+01 1.900000e+01 2.855851e+02
    endloop
  endfacet
  facet normal 0.000000e+00 1.000000e+00 0.000000e+00
    outer loop
      vertex   1.316227e+01 1.900000e+01 2.855851e+02
      vertex   1.125560e+01 1.900000e+01 2.862131e+02
      vertex   1.151919e+01 1.900000e+01 2.868049e+02
    endloop
  endfacet
  facet normal 0.000000e+00 1.000000e+00 -0.000000e+00
    outer loop
      vertex   1.316227e+01 1.900000e+01 2.855851e+02
      vertex   1.151919e+01 1.900000e+01 2.868049e+02
      vertex   1.342740e+01 1.900000e+01 2.861587e+02
    endloop
  endfacet
  facet normal 0.000000e+00 1.000000e+00 0.000000e+00
    outer loop
      vertex   1.342740e+01 1.900000e+01 2.861587e+02
      vertex   1.151919e+01 1.900000e+01 2.868049e+02
      vertex   1.180652e+01 1.900000e+01 2.873855e+02
    endloop
  endfacet
  facet normal 0.000000e+00 1.000000e+00 -0.000000e+00
    outer loop
      vertex   1.342740e+01 1.900000e+01 2.861587e+02
      vertex   1.180652e+01 1.900000e+01 2.873855e+02
      vertex   1.371815e+01 1.900000e+01 2.867198e+02
    endloop
  endfacet
  facet normal 0.000000e+00 1.000000e+00 0.000000e+00
    outer loop
      vertex   1.371815e+01 1.900000e+01 2.867198e+02
      vertex   1.180652e+01 1.900000e+01 2.873855e+02
      vertex   1.211712e+01 1.900000e+01 2.879540e+02
    endloop
  endfacet
  facet normal 0.000000e+00 1.000000e+00 -0.000000e+00
    outer loop
      vertex   1.371815e+01 1.900000e+01 2.867198e+02
      vertex   1.211712e+01 1.900000e+01 2.879540e+02
      vertex   1.403392e+01 1.900000e+01 2.872673e+02
    endloop
  endfacet
  facet normal 0.000000e+00 1.000000e+00 0.000000e+00
    outer loop
      vertex   1.403392e+01 1.900000e+01 2.872673e+02
      vertex   1.211712e+01 1.900000e+01 2.879540e+02
      vertex   1.245047e+01 1.900000e+01 2.885094e+02
    endloop
  endfacet
  facet normal 0.000000e+00 1.000000e+00 -0.000000e+00
    outer loop
      vertex   1.403392e+01 1.900000e+01 2.872673e+02
      vertex   1.245047e+01 1.900000e+01 2.885094e+02
      vertex   1.437408e+01 1.900000e+01 2.877999e+02
    endloop
  endfacet
  facet normal 0.000000e+00 1.000000e+00 0.000000e+00
    outer loop
      vertex   1.437408e+01 1.900000e+01 2.877999e+02
      vertex   1.245047e+01 1.900000e+01 2.885094e+02
      vertex   1.280604e+01 1.900000e+01 2.890509e+02
    endloop
  endfacet
  facet normal 0.000000e+00 1.000000e+00 -0.000000e+00
    outer loop
      vertex   1.437408e+01 1.900000e+01 2.877999e+02
      vertex   1.280604e+01 1.900000e+01 2.890509e+02
      vertex   1.473792e+01 1.900000e+01 2.883166e+02
    endloop
  endfacet
  facet normal 0.000000e+00 1.000000e+00 0.000000e+00
    outer loop
      vertex   1.473792e+01 1.900000e+01 2.883166e+02
      vertex   1.280604e+01 1.900000e+01 2.890509e+02
      vertex   1.318323e+01 1.900000e+01 2.895776e+02
    endloop
  endfacet
  facet normal 0.000000e+00 1.000000e+00 -0.000000e+00
    outer loop
      vertex   1.473792e+01 1.900000e+01 2.883166e+02
      vertex   1.318323e+01 1.900000e+01 2.895776e+02
      vertex   1.512472e+01 1.900000e+01 2.888164e+02
    endloop
  endfacet
  facet normal 0.000000e+00 1.000000e+00 0.000000e+00
    outer loop
      vertex   1.512472e+01 1.900000e+01 2.888164e+02
      vertex   1.318323e+01 1.900000e+01 2.895776e+02
      vertex   1.358144e+01 1.900000e+01 2.900886e+02
    endloop
  endfacet
  facet normal 0.000000e+00 1.000000e+00 0.000000e+00
    outer loop
      vertex   1.512472e+01 1.900000e+01 2.888164e+02
      vertex   1.358144e+01 1.900000e+01 2.900886e+02
      vertex   1.400000e+01 1.900000e+01 2.905830e+02
    endloop
  endfacet
  facet normal 0.000000e+00 1.000000e+00 -0.000000e+00
    outer loop
      vertex   1.512472e+01 1.900000e+01 2.888164e+02
      vertex   1.400000e+01 1.900000e+01 2.905830e+02
      vertex   1.553367e+01 1.900000e+01 2.892982e+02
    endloop
  endfacet
  facet normal 0.000000e+00 1.000000e+00 0.000000e+00
    outer loop
      vertex   1.553367e+01 1.900000e+01 2.892982e+02
      vertex   1.400000e+01 1.900000e+01 2.905830e+02
      vertex   1.445507e+01 1.900000e+01 2.910777e+02
    endloop
  endfacet
  facet normal 0.000000e+00 1.000000e+00 -0.000000e+00
    outer loop
      vertex   1.553367e+01 1.900000e+01 2.892982e+02
      vertex   1.445507e+01 1.900000e+01 2.910777e+02
      vertex   1.596395e+01 1.900000e+01 2.897610e+02
    endloop
  endfacet
  facet normal 0.000000e+00 1.000000e+00 0.000000e+00
    outer loop
      vertex   1.596395e+01 1.900000e+01 2.897610e+02
      vertex   1.445507e+01 1.900000e+01 2.910777e+02
      vertex   1.493052e+01 1.900000e+01 2.915528e+02
    endloop
  endfacet
  facet normal 0.000000e+00 1.000000e+00 -0.000000e+00
    outer loop
      vertex   1.596395e+01 1.900000e+01 2.897610e+02
      vertex   1.493052e+01 1.900000e+01 2.915528e+02
      vertex   1.641469e+01 1.900000e+01 2.902040e+02
    endloop
  endfacet
  facet normal 0.000000e+00 1.000000e+00 0.000000e+00
    outer loop
      vertex   1.641469e+01 1.900000e+01 2.902040e+02
      vertex   1.493052e+01 1.900000e+01 2.915528e+02
      vertex   1.542551e+01 1.900000e+01 2.920075e+02
    endloop
  endfacet
  facet normal 0.000000e+00 1.000000e+00 -0.000000e+00
    outer loop
      vertex   1.641469e+01 1.900000e+01 2.902040e+02
      vertex   1.542551e+01 1.900000e+01 2.920075e+02
      vertex   1.688495e+01 1.900000e+01 2.906262e+02
    endloop
  endfacet
  facet normal 0.000000e+00 1.000000e+00 0.000000e+00
    outer loop
      vertex   1.688495e+01 1.900000e+01 2.906262e+02
      vertex   1.542551e+01 1.900000e+01 2.920075e+02
      vertex   1.593915e+01 1.900000e+01 2.924410e+02
    endloop
  endfacet
  facet normal 0.000000e+00 1.000000e+00 -0.000000e+00
    outer loop
      vertex   1.688495e+01 1.900000e+01 2.906262e+02
      vertex   1.593915e+01 1.900000e+01 2.924410e+02
      vertex   1.737379e+01 1.900000e+01 2.910267e+02
    endloop
  endfacet
  facet normal 0.000000e+00 1.000000e+00 0.000000e+00
    outer loop
      vertex   1.737379e+01 1.900000e+01 2.910267e+02
      vertex   1.593915e+01 1.900000e+01 2.924410e+02
      vertex   1.647055e+01 1.900000e+01 2.928526e+02
    endloop
  endfacet
  facet normal 0.000000e+00 1.000000e+00 -0.000000e+00
    outer loop
      vertex   1.737379e+01 1.900000e+01 2.910267e+02
      vertex   1.647055e+01 1.900000e+01 2.928526e+02
      vertex   1.788020e+01 1.900000e+01 2.914048e+02
    endloop
  endfacet
  facet normal 0.000000e+00 1.000000e+00 0.000000e+00
    outer loop
      vertex   1.788020e+01 1.900000e+01 2.914048e+02
      vertex   1.647055e+01 1.900000e+01 2.928526e+02
      vertex   1.701877e+01 1.900000e+01 2.932415e+02
    endloop
  endfacet
  facet normal 0.000000e+00 1.000000e+00 -0.000000e+00
    outer loop
      vertex   1.788020e+01 1.900000e+01 2.914048e+02
      vertex   1.701877e+01 1.900000e+01 2.932415e+02
      vertex   1.840316e+01 1.900000e+01 2.917596e+02
    endloop
  endfacet
  facet normal 0.000000e+00 1.000000e+00 0.000000e+00
    outer loop
      vertex   1.840316e+01 1.900000e+01 2.917596e+02
      vertex   1.701877e+01 1.900000e+01 2.932415e+02
      vertex   1.758284e+01 1.900000e+01 2.936070e+02
    endloop
  endfacet
  facet normal 0.000000e+00 1.000000e+00 -0.000000e+00
    outer loop
      vertex   1.840316e+01 1.900000e+01 2.917596e+02
      vertex   1.758284e+01 1.900000e+01 2.936070e+02
      vertex   1.894160e+01 1.900000e+01 2.920905e+02
    endloop
  endfacet
  facet normal 0.000000e+00 1.000000e+00 0.000000e+00
    outer loop
      vertex   1.894160e+01 1.900000e+01 2.920905e+02
      vertex   1.758284e+01 1.900000e+01 2.936070e+02
      vertex   1.816176e+01 1.900000e+01 2.939486e+02
    endloop
  endfacet
  facet normal 0.000000e+00 1.000000e+00 -0.000000e+00
    outer loop
      vertex   1.894160e+01 1.900000e+01 2.920905e+02
      vertex   1.816176e+01 1.900000e+01 2.939486e+02
      vertex   1.949443e+01 1.900000e+01 2.923967e+02
    endloop
  endfacet
  facet normal 0.000000e+00 1.000000e+00 0.000000e+00
    outer loop
      vertex   1.949443e+01 1.900000e+01 2.923967e+02
      vertex   1.816176e+01 1.900000e+01 2.939486e+02
      vertex   1.875451e+01 1.900000e+01 2.942654e+02
    endloop
  endfacet
  facet normal 0.000000e+00 1.000000e+00 -0.000000e+00
    outer loop
      vertex   1.949443e+01 1.900000e+01 2.923967e+02
      vertex   1.875451e+01 1.900000e+01 2.942654e+02
      vertex   2.006051e+01 1.900000e+01 2.926776e+02
    endloop
  endfacet
  facet normal 0.000000e+00 1.000000e+00 0.000000e+00
    outer loop
      vertex   2.006051e+01 1.900000e+01 2.926776e+02
      vertex   1.875451e+01 1.900000e+01 2.942654e+02
      vertex   1.936006e+01 1.900000e+01 2.945572e+02
    endloop
  endfacet
  facet normal 0.000000e+00 1.000000e+00 -0.000000e+00
    outer loop
      vertex   2.006051e+01 1.900000e+01 2.926776e+02
      vertex   1.936006e+01 1.900000e+01 2.945572e+02
      vertex   2.063869e+01 1.900000e+01 2.929328e+02
    endloop
  endfacet
  facet normal 0.000000e+00 1.000000e+00 0.000000e+00
    outer loop
      vertex   2.063869e+01 1.900000e+01 2.929328e+02
      vertex   1.936006e+01 1.900000e+01 2.945572e+02
      vertex   1.997732e+01 1.900000e+01 2.948232e+02
    endloop
  endfacet
  facet normal 0.000000e+00 1.000000e+00 -0.000000e+00
    outer loop
      vertex   2.063869e+01 1.900000e+01 2.929328e+02
      vertex   1.997732e+01 1.900000e+01 2.948232e+02
      vertex   2.122780e+01 1.900000e+01 2.931615e+02
    endloop
  endfacet
  facet normal 0.000000e+00 1.000000e+00 0.000000e+00
    outer loop
      vertex   2.122780e+01 1.900000e+01 2.931615e+02
      vertex   1.997732e+01 1.900000e+01 2.948232e+02
      vertex   2.060520e+01 1.900000e+01 2.950631e+02
    endloop
  endfacet
  facet normal 0.000000e+00 1.000000e+00 -0.000000e+00
    outer loop
      vertex   2.122780e+01 1.900000e+01 2.931615e+02
      vertex   2.060520e+01 1.900000e+01 2.950631e+02
      vertex   2.182663e+01 1.900000e+01 2.933635e+02
    endloop
  endfacet
  facet normal 0.000000e+00 1.000000e+00 0.000000e+00
    outer loop
      vertex   2.182663e+01 1.900000e+01 2.933635e+02
      vertex   2.060520e+01 1.900000e+01 2.950631e+02
      vertex   2.124261e+01 1.900000e+01 2.952764e+02
    endloop
  endfacet
  facet normal 0.000000e+00 1.000000e+00 -0.000000e+00
    outer loop
      vertex   2.182663e+01 1.900000e+01 2.933635e+02
      vertex   2.124261e+01 1.900000e+01 2.952764e+02
      vertex   2.188842e+01 1.900000e+01 2.954627e+02
    endloop
  endfacet
  facet normal 0.000000e+00 1.000000e+00 0.000000e+00
    outer loop
      vertex   2.182663e+01 1.900000e+01 2.933635e+02
      vertex   2.188842e+01 1.900000e+01 2.954627e+02
      vertex   2.243396e+01 1.900000e+01 2.935382e+02
    endloop
  endfacet
  facet normal 0.000000e+00 1.000000e+00 -0.000000e+00
    outer loop
      vertex   2.243396e+01 1.900000e+01 2.935382e+02
      vertex   2.188842e+01 1.900000e+01 2.954627e+02
      vertex   2.254148e+01 1.900000e+01 2.956217e+02
    endloop
  endfacet
  facet normal 0.000000e+00 1.000000e+00 0.000000e+00
    outer loop
      vertex   2.243396e+01 1.900000e+01 2.935382e+02
      vertex   2.254148e+01 1.900000e+01 2.956217e+02
      vertex   2.304856e+01 1.900000e+01 2.936854e+02
    endloop
  endfacet
  facet normal 0.000000e+00 1.000000e+00 -0.000000e+00
    outer loop
      vertex   2.304856e+01 1.900000e+01 2.936854e+02
      vertex   2.254148e+01 1.900000e+01 2.956217e+02
      vertex   2.320064e+01 1.900000e+01 2.957532e+02
    endloop
  endfacet
  facet normal 0.000000e+00 1.000000e+00 0.000000e+00
    outer loop
      vertex   2.304856e+01 1.900000e+01 2.936854e+02
      vertex   2.320064e+01 1.900000e+01 2.957532e+02
      vertex   2.366918e+01 1.900000e+01 2.938046e+02
    endloop
  endfacet
  facet normal 0.000000e+00 1.000000e+00 -0.000000e+00
    outer loop
      vertex   2.366918e+01 1.900000e+01 2.938046e+02
      vertex   2.320064e+01 1.900000e+01 2.957532e+02
      vertex   2.386475e+01 1.900000e+01 2.958569e+02
    endloop
  endfacet
  facet normal 0.000000e+00 1.000000e+00 0.000000e+00
    outer loop
      vertex   2.366918e+01 1.900000e+01 2.938046e+02
      vertex   2.386475e+01 1.900000e+01 2.958569e+02
      vertex   2.429454e+01 1.900000e+01 2.938957e+02
    endloop
  endfacet
  facet normal 0.000000e+00 1.000000e+00 -0.000000e+00
    outer loop
      vertex   2.429454e+01 1.900000e+01 2.938957e+02
      vertex   2.386475e+01 1.900000e+01 2.958569e+02
      vertex   2.453262e+01 1.900000e+01 2.959326e+02
    endloop
  endfacet
  facet normal 0.000000e+00 1.000000e+00 0.000000e+00
    outer loop
      vertex   2.429454e+01 1.900000e+01 2.938957e+02
      vertex   2.453262e+01 1.900000e+01 2.959326e+02
      vertex   2.492338e+01 1.900000e+01 2.939585e+02
    endloop
  endfacet
  facet normal 0.000000e+00 1.000000e+00 -0.000000e+00
    outer loop
      vertex   2.492338e+01 1.900000e+01 2.939585e+02
      vertex   2.453262e+01 1.900000e+01 2.959326e+02
      vertex   2.520308e+01 1.900000e+01 2.959801e+02
    endloop
  endfacet
  facet normal 0.000000e+00 1.000000e+00 0.000000e+00
    outer loop
      vertex   2.492338e+01 1.900000e+01 2.939585e+02
      vertex   2.520308e+01 1.900000e+01 2.959801e+02
      vertex   2.555442e+01 1.900000e+01 2.939929e+02
    endloop
  endfacet
  facet normal 0.000000e+00 1.000000e+00 -0.000000e+00
    outer loop
      vertex   2.555442e+01 1.900000e+01 2.939929e+02
      vertex   2.520308e+01 1.900000e+01 2.959801e+02
      vertex   2.587495e+01 1.900000e+01 2.959995e+02
    endloop
  endfacet
  facet normal 0.000000e+00 1.000000e+00 0.000000e+00
    outer loop
      vertex   2.555442e+01 1.900000e+01 2.939929e+02
      vertex   2.587495e+01 1.900000e+01 2.959995e+02
      vertex   2.618636e+01 1.900000e+01 2.939988e+02
    endloop
  endfacet
  facet normal 0.000000e+00 1.000000e+00 -0.000000e+00
    outer loop
      vertex   2.618636e+01 1.900000e+01 2.939988e+02
      vertex   2.587495e+01 1.900000e+01 2.959995e+02
      vertex   2.654704e+01 1.900000e+01 2.959906e+02
    endloop
  endfacet
  facet normal -0.000000e+00 1.000000e+00 0.000000e+00
    outer loop
      vertex   2.618636e+01 1.900000e+01 2.939988e+02
      vertex   2.654704e+01 1.900000e+01 2.959906e+02
      vertex   2.681792e+01 1.900000e+01 2.939761e+02
    endloop
  endfacet
  facet normal 0.000000e+00 1.000000e+00 -0.000000e+00
    outer loop
      vertex   2.681792e+01 1.900000e+01 2.939761e+02
      vertex   2.654704e+01 1.900000e+01 2.959906e+02
      vertex   2.721816e+01 1.900000e+01 2.959536e+02
    endloop
  endfacet
  facet normal -0.000000e+00 1.000000e+00 0.000000e+00
    outer loop
      vertex   2.681792e+01 1.900000e+01 2.939761e+02
      vertex   2.721816e+01 1.900000e+01 2.959536e+02
      vertex   2.744782e+01 1.900000e+01 2.939249e+02
    endloop
  endfacet
  facet normal 0.000000e+00 1.000000e+00 -0.000000e+00
    outer loop
      vertex   2.744782e+01 1.900000e+01 2.939249e+02
      vertex   2.721816e+01 1.900000e+01 2.959536e+02
      vertex   2.788714e+01 1.900000e+01 2.958883e+02
    endloop
  endfacet
  facet normal -0.000000e+00 1.000000e+00 0.000000e+00
    outer loop
      vertex   2.744782e+01 1.900000e+01 2.939249e+02
      vertex   2.788714e+01 1.900000e+01 2.958883e+02
      vertex   2.807476e+01 1.900000e+01 2.938454e+02
    endloop
  endfacet
  facet normal 0.000000e+00 1.000000e+00 -0.000000e+00
    outer loop
      vertex   2.807476e+01 1.900000e+01 2.938454e+02
      vertex   2.788714e+01 1.900000e+01 2.958883e+02
      vertex   2.855278e+01 1.900000e+01 2.957950e+02
    endloop
  endfacet
  facet normal -0.000000e+00 1.000000e+00 0.000000e+00
    outer loop
      vertex   2.807476e+01 1.900000e+01 2.938454e+02
      vertex   2.855278e+01 1.900000e+01 2.957950e+02
      vertex   2.869748e+01 1.900000e+01 2.937377e+02
    endloop
  endfacet
  facet normal 0.000000e+00 1.000000e+00 -0.000000e+00
    outer loop
      vertex   2.869748e+01 1.900000e+01 2.937377e+02
      vertex   2.855278e+01 1.900000e+01 2.957950e+02
      vertex   2.921392e+01 1.900000e+01 2.956739e+02
    endloop
  endfacet
  facet normal -0.000000e+00 1.000000e+00 0.000000e+00
    outer loop
      vertex   2.869748e+01 1.900000e+01 2.937377e+02
      vertex   2.921392e+01 1.900000e+01 2.956739e+02
      vertex   2.931470e+01 1.900000e+01 2.936019e+02
    endloop
  endfacet
  facet normal 0.000000e+00 1.000000e+00 -0.000000e+00
    outer loop
      vertex   2.931470e+01 1.900000e+01 2.936019e+02
      vertex   2.921392e+01 1.900000e+01 2.956739e+02
      vertex   2.986938e+01 1.900000e+01 2.955251e+02
    endloop
  endfacet
  facet normal -0.000000e+00 1.000000e+00 0.000000e+00
    outer loop
      vertex   2.931470e+01 1.900000e+01 2.936019e+02
      vertex   2.986938e+01 1.900000e+01 2.955251e+02
      vertex   2.992517e+01 1.900000e+01 2.934385e+02
    endloop
  endfacet
  facet normal 0.000000e+00 1.000000e+00 -0.000000e+00
    outer loop
      vertex   2.992517e+01 1.900000e+01 2.934385e+02
      vertex   2.986938e+01 1.900000e+01 2.955251e+02
      vertex   3.051802e+01 1.900000e+01 2.953489e+02
    endloop
  endfacet
  facet normal -0.000000e+00 1.000000e+00 0.000000e+00
    outer loop
      vertex   2.992517e+01 1.900000e+01 2.934385e+02
      vertex   3.051802e+01 1.900000e+01 2.953489e+02
      vertex   3.052764e+01 1.900000e+01 2.932477e+02
    endloop
  endfacet
  facet normal 0.000000e+00 1.000000e+00 -0.000000e+00
    outer loop
      vertex   3.052764e+01 1.900000e+01 2.932477e+02
      vertex   3.051802e+01 1.900000e+01 2.953489e+02
      vertex   3.115869e+01 1.900000e+01 2.951456e+02
    endloop
  endfacet
  facet normal 0.000000e+00 1.000000e+00 0.000000e+00
    outer loop
      vertex   3.052764e+01 1.900000e+01 2.932477e+02
      vertex   3.115869e+01 1.900000e+01 2.951456e+02
      vertex   3.179025e+01 1.900000e+01 2.949155e+02
    endloop
  endfacet
  facet normal -0.000000e+00 1.000000e+00 0.000000e+00
    outer loop
      vertex   3.052764e+01 1.900000e+01 2.932477e+02
      vertex   3.179025e+01 1.900000e+01 2.949155e+02
      vertex   3.112088e+01 1.900000e+01 2.930298e+02
    endloop
  endfacet
  facet normal 0.000000e+00 1.000000e+00 0.000000e+00
    outer loop
      vertex   3.112088e+01 1.900000e+01 2.930298e+02
      vertex   3.179025e+01 1.900000e+01 2.949155e+02
      vertex   3.241159e+01 1.900000e+01 2.946592e+02
    endloop
  endfacet
  facet normal -0.000000e+00 1.000000e+00 0.000000e+00
    outer loop
      vertex   3.112088e+01 1.900000e+01 2.930298e+02
      vertex   3.241159e+01 1.900000e+01 2.946592e+02
      vertex   3.170369e+01 1.900000e+01 2.927855e+02
    endloop
  endfacet
  facet normal 0.000000e+00 1.000000e+00 0.000000e+00
    outer loop
      vertex   3.170369e+01 1.900000e+01 2.927855e+02
      vertex   3.241159e+01 1.900000e+01 2.946592e+02
      vertex   3.302162e+01 1.900000e+01 2.943770e+02
    endloop
  endfacet
  facet normal -0.000000e+00 1.000000e+00 0.000000e+00
    outer loop
      vertex   3.170369e+01 1.900000e+01 2.927855e+02
      vertex   3.302162e+01 1.900000e+01 2.943770e+02
      vertex   3.227487e+01 1.900000e+01 2.925150e+02
    endloop
  endfacet
  facet normal 0.000000e+00 1.000000e+00 0.000000e+00
    outer loop
      vertex   3.227487e+01 1.900000e+01 2.925150e+02
      vertex   3.302162e+01 1.900000e+01 2.943770e+02
      vertex   3.361925e+01 1.900000e+01 2.940694e+02
    endloop
  endfacet
  facet normal -0.000000e+00 1.000000e+00 0.000000e+00
    outer loop
      vertex   3.227487e+01 1.900000e+01 2.925150e+02
      vertex   3.361925e+01 1.900000e+01 2.940694e+02
      vertex   3.283327e+01 1.900000e+01 2.922191e+02
    endloop
  endfacet
  facet normal 0.000000e+00 1.000000e+00 0.000000e+00
    outer loop
      vertex   3.283327e+01 1.900000e+01 2.922191e+02
      vertex   3.361925e+01 1.900000e+01 2.940694e+02
      vertex   3.420344e+01 1.900000e+01 2.937369e+02
    endloop
  endfacet
  facet normal -0.000000e+00 1.000000e+00 0.000000e+00
    outer loop
      vertex   3.283327e+01 1.900000e+01 2.922191e+02
      vertex   3.420344e+01 1.900000e+01 2.937369e+02
      vertex   3.337775e+01 1.900000e+01 2.918983e+02
    endloop
  endfacet
  facet normal 0.000000e+00 1.000000e+00 0.000000e+00
    outer loop
      vertex   3.337775e+01 1.900000e+01 2.918983e+02
      vertex   3.420344e+01 1.900000e+01 2.937369e+02
      vertex   3.477316e+01 1.900000e+01 2.933803e+02
    endloop
  endfacet
  facet normal -0.000000e+00 1.000000e+00 0.000000e+00
    outer loop
      vertex   3.337775e+01 1.900000e+01 2.918983e+02
      vertex   3.477316e+01 1.900000e+01 2.933803e+02
      vertex   3.390719e+01 1.900000e+01 2.915532e+02
    endloop
  endfacet
  facet normal 0.000000e+00 1.000000e+00 0.000000e+00
    outer loop
      vertex   3.390719e+01 1.900000e+01 2.915532e+02
      vertex   3.477316e+01 1.900000e+01 2.933803e+02
      vertex   3.532739e+01 1.900000e+01 2.930000e+02
    endloop
  endfacet
  facet normal -0.000000e+00 1.000000e+00 0.000000e+00
    outer loop
      vertex   3.390719e+01 1.900000e+01 2.915532e+02
      vertex   3.532739e+01 1.900000e+01 2.930000e+02
      vertex   3.442052e+01 1.900000e+01 2.911846e+02
    endloop
  endfacet
  facet normal 0.000000e+00 1.000000e+00 0.000000e+00
    outer loop
      vertex   3.442052e+01 1.900000e+01 2.911846e+02
      vertex   3.532739e+01 1.900000e+01 2.930000e+02
      vertex   3.586692e+01 1.900000e+01 2.925954e+02
    endloop
  endfacet
  facet normal -0.000000e+00 1.000000e+00 0.000000e+00
    outer loop
      vertex   3.442052e+01 1.900000e+01 2.911846e+02
      vertex   3.586692e+01 1.900000e+01 2.925954e+02
      vertex   3.491669e+01 1.900000e+01 2.907932e+02
    endloop
  endfacet
  facet normal 0.000000e+00 1.000000e+00 0.000000e+00
    outer loop
      vertex   3.491669e+01 1.900000e+01 2.907932e+02
      vertex   3.586692e+01 1.900000e+01 2.925954e+02
      vertex   3.638892e+01 1.900000e+01 2.921684e+02
    endloop
  endfacet
  facet normal -0.000000e+00 1.000000e+00 0.000000e+00
    outer loop
      vertex   3.491669e+01 1.900000e+01 2.907932e+02
      vertex   3.638892e+01 1.900000e+01 2.921684e+02
      vertex   3.539469e+01 1.900000e+01 2.903798e+02
    endloop
  endfacet
  facet normal 0.000000e+00 1.000000e+00 0.000000e+00
    outer loop
      vertex   3.539469e+01 1.900000e+01 2.903798e+02
      vertex   3.638892e+01 1.900000e+01 2.921684e+02
      vertex   3.689247e+01 1.900000e+01 2.917198e+02
    endloop
  endfacet
  facet normal -0.000000e+00 1.000000e+00 0.000000e+00
    outer loop
      vertex   3.539469e+01 1.900000e+01 2.903798e+02
      vertex   3.689247e+01 1.900000e+01 2.917198e+02
      vertex   3.585355e+01 1.900000e+01 2.899452e+02
    endloop
  endfacet
  facet normal 0.000000e+00 1.000000e+00 0.000000e+00
    outer loop
      vertex   3.585355e+01 1.900000e+01 2.899452e+02
      vertex   3.689247e+01 1.900000e+01 2.917198e+02
      vertex   3.737666e+01 1.900000e+01 2.912504e+02
    endloop
  endfacet
  facet normal -0.000000e+00 1.000000e+00 0.000000e+00
    outer loop
      vertex   3.585355e+01 1.900000e+01 2.899452e+02
      vertex   3.737666e+01 1.900000e+01 2.912504e+02
      vertex   3.629233e+01 1.900000e+01 2.894904e+02
    endloop
  endfacet
  facet normal 0.000000e+00 1.000000e+00 0.000000e+00
    outer loop
      vertex   3.629233e+01 1.900000e+01 2.894904e+02
      vertex   3.737666e+01 1.900000e+01 2.912504e+02
      vertex   3.784065e+01 1.900000e+01 2.907610e+02
    endloop
  endfacet
  facet normal -0.000000e+00 1.000000e+00 0.000000e+00
    outer loop
      vertex   3.629233e+01 1.900000e+01 2.894904e+02
      vertex   3.784065e+01 1.900000e+01 2.907610e+02
      vertex   3.671014e+01 1.900000e+01 2.890163e+02
    endloop
  endfacet
  facet normal 0.000000e+00 1.000000e+00 0.000000e+00
    outer loop
      vertex   3.671014e+01 1.900000e+01 2.890163e+02
      vertex   3.784065e+01 1.900000e+01 2.907610e+02
      vertex   3.828360e+01 1.900000e+01 2.902525e+02
    endloop
  endfacet
  facet normal -0.000000e+00 1.000000e+00 0.000000e+00
    outer loop
      vertex   3.671014e+01 1.900000e+01 2.890163e+02
      vertex   3.828360e+01 1.900000e+01 2.902525e+02
      vertex   3.710612e+01 1.900000e+01 2.885237e+02
    endloop
  endfacet
  facet normal 0.000000e+00 1.000000e+00 0.000000e+00
    outer loop
      vertex   3.710612e+01 1.900000e+01 2.885237e+02
      vertex   3.828360e+01 1.900000e+01 2.902525e+02
      vertex   3.870472e+01 1.900000e+01 2.897257e+02
    endloop
  endfacet
  facet normal -0.000000e+00 1.000000e+00 0.000000e+00
    outer loop
      vertex   3.710612e+01 1.900000e+01 2.885237e+02
      vertex   3.870472e+01 1.900000e+01 2.897257e+02
      vertex   3.747948e+01 1.900000e+01 2.880138e+02
    endloop
  endfacet
  facet normal 0.000000e+00 1.000000e+00 0.000000e+00
    outer loop
      vertex   3.747948e+01 1.900000e+01 2.880138e+02
      vertex   3.870472e+01 1.900000e+01 2.897257e+02
      vertex   3.910328e+01 1.900000e+01 2.891817e+02
    endloop
  endfacet
  facet normal 0.000000e+00 1.000000e+00 0.000000e+00
    outer loop
      vertex   3.747948e+01 1.900000e+01 2.880138e+02
      vertex   3.910328e+01 1.900000e+01 2.891817e+02
      vertex   3.947855e+01 1.900000e+01 2.886214e+02
    endloop
  endfacet
  facet normal -0.000000e+00 1.000000e+00 0.000000e+00
    outer loop
      vertex   3.747948e+01 1.900000e+01 2.880138e+02
      vertex   3.947855e+01 1.900000e+01 2.886214e+02
      vertex   3.782944e+01 1.900000e+01 2.874876e+02
    endloop
  endfacet
  facet normal 0.000000e+00 1.000000e+00 0.000000e+00
    outer loop
      vertex   3.782944e+01 1.900000e+01 2.874876e+02
      vertex   3.947855e+01 1.900000e+01 2.886214e+02
      vertex   3.982989e+01 1.900000e+01 2.880458e+02
    endloop
  endfacet
  facet normal -0.000000e+00 1.000000e+00 0.000000e+00
    outer loop
      vertex   3.782944e+01 1.900000e+01 2.874876e+02
      vertex   3.982989e+01 1.900000e+01 2.880458e+02
      vertex   3.815530e+01 1.900000e+01 2.869461e+02
    endloop
  endfacet
  facet normal 0.000000e+00 1.000000e+00 0.000000e+00
    outer loop
      vertex   3.815530e+01 1.900000e+01 2.869461e+02
      vertex   3.982989e+01 1.900000e+01 2.880458e+02
      vertex   4.015665e+01 1.900000e+01 2.874558e+02
    endloop
  endfacet
  facet normal -0.000000e+00 1.000000e+00 0.000000e+00
    outer loop
      vertex   3.815530e+01 1.900000e+01 2.869461e+02
      vertex   4.015665e+01 1.900000e+01 2.874558e+02
      vertex   3.845639e+01 1.900000e+01 2.863905e+02
    endloop
  endfacet
  facet normal 0.000000e+00 1.000000e+00 0.000000e+00
    outer loop
      vertex   3.845639e+01 1.900000e+01 2.863905e+02
      vertex   4.015665e+01 1.900000e+01 2.874558e+02
      vertex   4.045826e+01 1.900000e+01 2.868526e+02
    endloop
  endfacet
  facet normal -0.000000e+00 1.000000e+00 0.000000e+00
    outer loop
      vertex   3.845639e+01 1.900000e+01 2.863905e+02
      vertex   4.045826e+01 1.900000e+01 2.868526e+02
      vertex   3.873209e+01 1.900000e+01 2.858218e+02
    endloop
  endfacet
  facet normal 0.000000e+00 1.000000e+00 0.000000e+00
    outer loop
      vertex   3.873209e+01 1.900000e+01 2.858218e+02
      vertex   4.045826e+01 1.900000e+01 2.868526e+02
      vertex   4.073419e+01 1.900000e+01 2.862373e+02
    endloop
  endfacet
  facet normal -0.000000e+00 1.000000e+00 0.000000e+00
    outer loop
      vertex   3.873209e+01 1.900000e+01 2.858218e+02
      vertex   4.073419e+01 1.900000e+01 2.862373e+02
      vertex   3.898186e+01 1.900000e+01 2.852413e+02
    endloop
  endfacet
  facet normal 0.000000e+00 1.000000e+00 0.000000e+00
    outer loop
      vertex   3.898186e+01 1.900000e+01 2.852413e+02
      vertex   4.073419e+01 1.900000e+01 2.862373e+02
      vertex   4.098394e+01 1.900000e+01 2.856108e+02
    endloop
  endfacet
  facet normal -0.000000e+00 1.000000e+00 0.000000e+00
    outer loop
      vertex   3.898186e+01 1.900000e+01 2.852413e+02
      vertex   4.098394e+01 1.900000e+01 2.856108e+02
      vertex   3.920517e+01 1.900000e+01 2.846501e+02
    endloop
  endfacet
  facet normal 0.000000e+00 1.000000e+00 0.000000e+00
    outer loop
      vertex   3.920517e+01 1.900000e+01 2.846501e+02
      vertex   4.098394e+01 1.900000e+01 2.856108e+02
      vertex   4.120707e+01 1.900000e+01 2.849744e+02
    endloop
  endfacet
  facet normal -0.000000e+00 1.000000e+00 0.000000e+00
    outer loop
      vertex   3.920517e+01 1.900000e+01 2.846501e+02
      vertex   4.120707e+01 1.900000e+01 2.849744e+02
      vertex   3.940157e+01 1.900000e+01 2.840494e+02
    endloop
  endfacet
  facet normal 0.000000e+00 1.000000e+00 0.000000e+00
    outer loop
      vertex   3.940157e+01 1.900000e+01 2.840494e+02
      vertex   4.120707e+01 1.900000e+01 2.849744e+02
      vertex   4.140318e+01 1.900000e+01 2.843292e+02
    endloop
  endfacet
  facet normal -0.000000e+00 1.000000e+00 0.000000e+00
    outer loop
      vertex   3.940157e+01 1.900000e+01 2.840494e+02
      vertex   4.140318e+01 1.900000e+01 2.843292e+02
      vertex   3.957066e+01 1.900000e+01 2.834405e+02
    endloop
  endfacet
  facet normal 0.000000e+00 1.000000e+00 0.000000e+00
    outer loop
      vertex   3.957066e+01 1.900000e+01 2.834405e+02
      vertex   4.140318e+01 1.900000e+01 2.843292e+02
      vertex   4.157193e+01 1.900000e+01 2.836763e+02
    endloop
  endfacet
  facet normal -0.000000e+00 1.000000e+00 0.000000e+00
    outer loop
      vertex   3.957066e+01 1.900000e+01 2.834405e+02
      vertex   4.157193e+01 1.900000e+01 2.836763e+02
      vertex   3.971210e+01 1.900000e+01 2.828246e+02
    endloop
  endfacet
  facet normal 0.000000e+00 1.000000e+00 0.000000e+00
    outer loop
      vertex   3.971210e+01 1.900000e+01 2.828246e+02
      vertex   4.157193e+01 1.900000e+01 2.836763e+02
      vertex   4.171301e+01 1.900000e+01 2.830168e+02
    endloop
  endfacet
  facet normal -0.000000e+00 1.000000e+00 0.000000e+00
    outer loop
      vertex   3.971210e+01 1.900000e+01 2.828246e+02
      vertex   4.171301e+01 1.900000e+01 2.830168e+02
      vertex   3.982560e+01 1.900000e+01 2.822029e+02
    endloop
  endfacet
  facet normal 0.000000e+00 1.000000e+00 0.000000e+00
    outer loop
      vertex   3.982560e+01 1.900000e+01 2.822029e+02
      vertex   4.171301e+01 1.900000e+01 2.830168e+02
      vertex   4.182618e+01 1.900000e+01 2.823520e+02
    endloop
  endfacet
  facet normal -0.000000e+00 1.000000e+00 0.000000e+00
    outer loop
      vertex   3.982560e+01 1.900000e+01 2.822029e+02
      vertex   4.182618e+01 1.900000e+01 2.823520e+02
      vertex   3.991093e+01 1.900000e+01 2.815767e+02
    endloop
  endfacet
  facet normal 0.000000e+00 1.000000e+00 0.000000e+00
    outer loop
      vertex   3.991093e+01 1.900000e+01 2.815767e+02
      vertex   4.182618e+01 1.900000e+01 2.823520e+02
      vertex   4.191124e+01 1.900000e+01 2.816830e+02
    endloop
  endfacet
  facet normal -0.000000e+00 1.000000e+00 0.000000e+00
    outer loop
      vertex   3.991093e+01 1.900000e+01 2.815767e+02
      vertex   4.191124e+01 1.900000e+01 2.816830e+02
      vertex   3.996791e+01 1.900000e+01 2.809473e+02
    endloop
  endfacet
  facet normal 0.000000e+00 1.000000e+00 0.000000e+00
    outer loop
      vertex   3.996791e+01 1.900000e+01 2.809473e+02
      vertex   4.191124e+01 1.900000e+01 2.816830e+02
      vertex   4.196802e+01 1.900000e+01 2.810110e+02
    endloop
  endfacet
  facet normal -0.000000e+00 1.000000e+00 0.000000e+00
    outer loop
      vertex   3.996791e+01 1.900000e+01 2.809473e+02
      vertex   4.196802e+01 1.900000e+01 2.810110e+02
      vertex   3.999643e+01 1.900000e+01 2.803160e+02
    endloop
  endfacet
  facet normal 0.000000e+00 1.000000e+00 0.000000e+00
    outer loop
      vertex   3.999643e+01 1.900000e+01 2.803160e+02
      vertex   4.196802e+01 1.900000e+01 2.810110e+02
      vertex   4.199644e+01 1.900000e+01 2.803372e+02
    endloop
  endfacet
  facet normal -0.000000e+00 1.000000e+00 0.000000e+00
    outer loop
      vertex   3.999643e+01 1.900000e+01 2.803160e+02
      vertex   4.199644e+01 1.900000e+01 2.803372e+02
      vertex   3.999643e+01 1.900000e+01 2.796840e+02
    endloop
  endfacet
  facet normal -0.000000e+00 1.000000e+00 0.000000e+00
    outer loop
      vertex   3.999643e+01 1.900000e+01 2.796840e+02
      vertex   4.199644e+01 1.900000e+01 2.803372e+02
      vertex   4.199644e+01 1.900000e+01 2.796628e+02
    endloop
  endfacet
  facet normal 0.000000e+00 1.000000e+00 0.000000e+00
    outer loop
      vertex   3.999643e+01 1.900000e+01 2.796840e+02
      vertex   4.199644e+01 1.900000e+01 2.796628e+02
      vertex   4.196802e+01 1.900000e+01 2.789890e+02
    endloop
  endfacet
  facet normal 0.000000e+00 1.000000e+00 0.000000e+00
    outer loop
      vertex   3.999643e+01 1.900000e+01 2.796840e+02
      vertex   4.196802e+01 1.900000e+01 2.789890e+02
      vertex   3.996791e+01 1.900000e+01 2.790527e+02
    endloop
  endfacet
  facet normal 0.000000e+00 1.000000e+00 0.000000e+00
    outer loop
      vertex   3.996791e+01 1.900000e+01 2.790527e+02
      vertex   4.196802e+01 1.900000e+01 2.789890e+02
      vertex   4.191124e+01 1.900000e+01 2.783170e+02
    endloop
  endfacet
  facet normal 0.000000e+00 1.000000e+00 0.000000e+00
    outer loop
      vertex   3.996791e+01 1.900000e+01 2.790527e+02
      vertex   4.191124e+01 1.900000e+01 2.783170e+02
      vertex   3.991093e+01 1.900000e+01 2.784233e+02
    endloop
  endfacet
  facet normal 0.000000e+00 1.000000e+00 0.000000e+00
    outer loop
      vertex   3.991093e+01 1.900000e+01 2.784233e+02
      vertex   4.191124e+01 1.900000e+01 2.783170e+02
      vertex   4.182618e+01 1.900000e+01 2.776480e+02
    endloop
  endfacet
  facet normal 0.000000e+00 1.000000e+00 0.000000e+00
    outer loop
      vertex   3.991093e+01 1.900000e+01 2.784233e+02
      vertex   4.182618e+01 1.900000e+01 2.776480e+02
      vertex   3.982560e+01 1.900000e+01 2.777971e+02
    endloop
  endfacet
  facet normal 0.000000e+00 1.000000e+00 0.000000e+00
    outer loop
      vertex   3.982560e+01 1.900000e+01 2.777971e+02
      vertex   4.182618e+01 1.900000e+01 2.776480e+02
      vertex   4.171301e+01 1.900000e+01 2.769832e+02
    endloop
  endfacet
  facet normal 0.000000e+00 1.000000e+00 0.000000e+00
    outer loop
      vertex   3.982560e+01 1.900000e+01 2.777971e+02
      vertex   4.171301e+01 1.900000e+01 2.769832e+02
      vertex   3.971210e+01 1.900000e+01 2.771754e+02
    endloop
  endfacet
  facet normal 0.000000e+00 1.000000e+00 0.000000e+00
    outer loop
      vertex   3.971210e+01 1.900000e+01 2.771754e+02
      vertex   4.171301e+01 1.900000e+01 2.769832e+02
      vertex   4.157193e+01 1.900000e+01 2.763237e+02
    endloop
  endfacet
  facet normal 0.000000e+00 1.000000e+00 0.000000e+00
    outer loop
      vertex   3.971210e+01 1.900000e+01 2.771754e+02
      vertex   4.157193e+01 1.900000e+01 2.763237e+02
      vertex   3.957066e+01 1.900000e+01 2.765595e+02
    endloop
  endfacet
  facet normal 0.000000e+00 1.000000e+00 0.000000e+00
    outer loop
      vertex   3.957066e+01 1.900000e+01 2.765595e+02
      vertex   4.157193e+01 1.900000e+01 2.763237e+02
      vertex   4.140318e+01 1.900000e+01 2.756708e+02
    endloop
  endfacet
  facet normal 0.000000e+00 1.000000e+00 0.000000e+00
    outer loop
      vertex   3.957066e+01 1.900000e+01 2.765595e+02
      vertex   4.140318e+01 1.900000e+01 2.756708e+02
      vertex   3.940157e+01 1.900000e+01 2.759506e+02
    endloop
  endfacet
  facet normal 0.000000e+00 1.000000e+00 0.000000e+00
    outer loop
      vertex   3.940157e+01 1.900000e+01 2.759506e+02
      vertex   4.140318e+01 1.900000e+01 2.756708e+02
      vertex   4.120706e+01 1.900000e+01 2.750256e+02
    endloop
  endfacet
  facet normal 0.000000e+00 1.000000e+00 0.000000e+00
    outer loop
      vertex   3.940157e+01 1.900000e+01 2.759506e+02
      vertex   4.120706e+01 1.900000e+01 2.750256e+02
      vertex   3.920517e+01 1.900000e+01 2.753499e+02
    endloop
  endfacet
  facet normal 0.000000e+00 1.000000e+00 0.000000e+00
    outer loop
      vertex   3.920517e+01 1.900000e+01 2.753499e+02
      vertex   4.120706e+01 1.900000e+01 2.750256e+02
      vertex   4.098393e+01 1.900000e+01 2.743892e+02
    endloop
  endfacet
  facet normal 0.000000e+00 1.000000e+00 0.000000e+00
    outer loop
      vertex   3.920517e+01 1.900000e+01 2.753499e+02
      vertex   4.098393e+01 1.900000e+01 2.743892e+02
      vertex   3.898186e+01 1.900000e+01 2.747587e+02
    endloop
  endfacet
  facet normal 0.000000e+00 1.000000e+00 0.000000e+00
    outer loop
      vertex   3.898186e+01 1.900000e+01 2.747587e+02
      vertex   4.098393e+01 1.900000e+01 2.743892e+02
      vertex   4.073418e+01 1.900000e+01 2.737627e+02
    endloop
  endfacet
  facet normal 0.000000e+00 1.000000e+00 0.000000e+00
    outer loop
      vertex   3.898186e+01 1.900000e+01 2.747587e+02
      vertex   4.073418e+01 1.900000e+01 2.737627e+02
      vertex   3.873209e+01 1.900000e+01 2.741782e+02
    endloop
  endfacet
  facet normal 0.000000e+00 1.000000e+00 0.000000e+00
    outer loop
      vertex   3.873209e+01 1.900000e+01 2.741782e+02
      vertex   4.073418e+01 1.900000e+01 2.737627e+02
      vertex   4.045825e+01 1.900000e+01 2.731474e+02
    endloop
  endfacet
  facet normal 0.000000e+00 1.000000e+00 0.000000e+00
    outer loop
      vertex   3.873209e+01 1.900000e+01 2.741782e+02
      vertex   4.045825e+01 1.900000e+01 2.731474e+02
      vertex   3.845639e+01 1.900000e+01 2.736095e+02
    endloop
  endfacet
  facet normal 0.000000e+00 1.000000e+00 0.000000e+00
    outer loop
      vertex   3.845639e+01 1.900000e+01 2.736095e+02
      vertex   4.045825e+01 1.900000e+01 2.731474e+02
      vertex   4.015664e+01 1.900000e+01 2.725442e+02
    endloop
  endfacet
  facet normal 0.000000e+00 1.000000e+00 0.000000e+00
    outer loop
      vertex   3.845639e+01 1.900000e+01 2.736095e+02
      vertex   4.015664e+01 1.900000e+01 2.725442e+02
      vertex   3.815530e+01 1.900000e+01 2.730539e+02
    endloop
  endfacet
  facet normal 0.000000e+00 1.000000e+00 0.000000e+00
    outer loop
      vertex   3.815530e+01 1.900000e+01 2.730539e+02
      vertex   4.015664e+01 1.900000e+01 2.725442e+02
      vertex   3.982988e+01 1.900000e+01 2.719542e+02
    endloop
  endfacet
  facet normal 0.000000e+00 1.000000e+00 0.000000e+00
    outer loop
      vertex   3.815530e+01 1.900000e+01 2.730539e+02
      vertex   3.982988e+01 1.900000e+01 2.719542e+02
      vertex   3.782944e+01 1.900000e+01 2.725124e+02
    endloop
  endfacet
  facet normal 0.000000e+00 1.000000e+00 0.000000e+00
    outer loop
      vertex   3.782944e+01 1.900000e+01 2.725124e+02
      vertex   3.982988e+01 1.900000e+01 2.719542e+02
      vertex   3.947855e+01 1.900000e+01 2.713786e+02
    endloop
  endfacet
  facet normal 0.000000e+00 1.000000e+00 0.000000e+00
    outer loop
      vertex   3.782944e+01 1.900000e+01 2.725124e+02
      vertex   3.947855e+01 1.900000e+01 2.713786e+02
      vertex   3.747948e+01 1.900000e+01 2.719862e+02
    endloop
  endfacet
  facet normal 0.000000e+00 1.000000e+00 0.000000e+00
    outer loop
      vertex   3.747948e+01 1.900000e+01 2.719862e+02
      vertex   3.947855e+01 1.900000e+01 2.713786e+02
      vertex   3.910327e+01 1.900000e+01 2.708183e+02
    endloop
  endfacet
  facet normal 0.000000e+00 1.000000e+00 0.000000e+00
    outer loop
      vertex   3.747948e+01 1.900000e+01 2.719862e+02
      vertex   3.910327e+01 1.900000e+01 2.708183e+02
      vertex   3.870471e+01 1.900000e+01 2.702743e+02
    endloop
  endfacet
  facet normal 0.000000e+00 1.000000e+00 0.000000e+00
    outer loop
      vertex   3.747948e+01 1.900000e+01 2.719862e+02
      vertex   3.870471e+01 1.900000e+01 2.702743e+02
      vertex   3.710613e+01 1.900000e+01 2.714763e+02
    endloop
  endfacet
  facet normal 0.000000e+00 1.000000e+00 0.000000e+00
    outer loop
      vertex   3.710613e+01 1.900000e+01 2.714763e+02
      vertex   3.870471e+01 1.900000e+01 2.702743e+02
      vertex   3.828359e+01 1.900000e+01 2.697475e+02
    endloop
  endfacet
  facet normal 0.000000e+00 1.000000e+00 0.000000e+00
    outer loop
      vertex   3.710613e+01 1.900000e+01 2.714763e+02
      vertex   3.828359e+01 1.900000e+01 2.697475e+02
      vertex   3.671014e+01 1.900000e+01 2.709837e+02
    endloop
  endfacet
  facet normal 0.000000e+00 1.000000e+00 0.000000e+00
    outer loop
      vertex   3.671014e+01 1.900000e+01 2.709837e+02
      vertex   3.828359e+01 1.900000e+01 2.697475e+02
      vertex   3.784064e+01 1.900000e+01 2.692390e+02
    endloop
  endfacet
  facet normal 0.000000e+00 1.000000e+00 0.000000e+00
    outer loop
      vertex   3.671014e+01 1.900000e+01 2.709837e+02
      vertex   3.784064e+01 1.900000e+01 2.692390e+02
      vertex   3.629233e+01 1.900000e+01 2.705096e+02
    endloop
  endfacet
  facet normal 0.000000e+00 1.000000e+00 0.000000e+00
    outer loop
      vertex   3.629233e+01 1.900000e+01 2.705096e+02
      vertex   3.784064e+01 1.900000e+01 2.692390e+02
      vertex   3.737665e+01 1.900000e+01 2.687496e+02
    endloop
  endfacet
  facet normal 0.000000e+00 1.000000e+00 0.000000e+00
    outer loop
      vertex   3.629233e+01 1.900000e+01 2.705096e+02
      vertex   3.737665e+01 1.900000e+01 2.687496e+02
      vertex   3.585355e+01 1.900000e+01 2.700548e+02
    endloop
  endfacet
  facet normal 0.000000e+00 1.000000e+00 0.000000e+00
    outer loop
      vertex   3.585355e+01 1.900000e+01 2.700548e+02
      vertex   3.737665e+01 1.900000e+01 2.687496e+02
      vertex   3.689246e+01 1.900000e+01 2.682802e+02
    endloop
  endfacet
  facet normal 0.000000e+00 1.000000e+00 0.000000e+00
    outer loop
      vertex   3.585355e+01 1.900000e+01 2.700548e+02
      vertex   3.689246e+01 1.900000e+01 2.682802e+02
      vertex   3.539470e+01 1.900000e+01 2.696202e+02
    endloop
  endfacet
  facet normal 0.000000e+00 1.000000e+00 0.000000e+00
    outer loop
      vertex   3.539470e+01 1.900000e+01 2.696202e+02
      vertex   3.689246e+01 1.900000e+01 2.682802e+02
      vertex   3.638891e+01 1.900000e+01 2.678316e+02
    endloop
  endfacet
  facet normal 0.000000e+00 1.000000e+00 0.000000e+00
    outer loop
      vertex   3.539470e+01 1.900000e+01 2.696202e+02
      vertex   3.638891e+01 1.900000e+01 2.678316e+02
      vertex   3.491669e+01 1.900000e+01 2.692068e+02
    endloop
  endfacet
  facet normal 0.000000e+00 1.000000e+00 0.000000e+00
    outer loop
      vertex   3.491669e+01 1.900000e+01 2.692068e+02
      vertex   3.638891e+01 1.900000e+01 2.678316e+02
      vertex   3.586690e+01 1.900000e+01 2.674046e+02
    endloop
  endfacet
  facet normal 0.000000e+00 1.000000e+00 0.000000e+00
    outer loop
      vertex   3.491669e+01 1.900000e+01 2.692068e+02
      vertex   3.586690e+01 1.900000e+01 2.674046e+02
      vertex   3.442052e+01 1.900000e+01 2.688154e+02
    endloop
  endfacet
  facet normal 0.000000e+00 1.000000e+00 0.000000e+00
    outer loop
      vertex   3.442052e+01 1.900000e+01 2.688154e+02
      vertex   3.586690e+01 1.900000e+01 2.674046e+02
      vertex   3.532737e+01 1.900000e+01 2.670000e+02
    endloop
  endfacet
  facet normal 0.000000e+00 1.000000e+00 0.000000e+00
    outer loop
      vertex   3.442052e+01 1.900000e+01 2.688154e+02
      vertex   3.532737e+01 1.900000e+01 2.670000e+02
      vertex   3.532658e+01 1.900000e+01 2.669994e+02
    endloop
  endfacet
  facet normal 0.000000e+00 1.000000e+00 0.000000e+00
    outer loop
      vertex   3.442052e+01 1.900000e+01 2.688154e+02
      vertex   3.532658e+01 1.900000e+01 2.669994e+02
      vertex   3.390719e+01 1.900000e+01 2.684468e+02
    endloop
  endfacet
  facet normal 0.000000e+00 1.000000e+00 0.000000e+00
    outer loop
      vertex   3.390719e+01 1.900000e+01 2.684468e+02
      vertex   3.532658e+01 1.900000e+01 2.669994e+02
      vertex   3.477236e+01 1.900000e+01 2.666192e+02
    endloop
  endfacet
  facet normal 0.000000e+00 1.000000e+00 0.000000e+00
    outer loop
      vertex   3.390719e+01 1.900000e+01 2.684468e+02
      vertex   3.477236e+01 1.900000e+01 2.666192e+02
      vertex   3.337775e+01 1.900000e+01 2.681017e+02
    endloop
  endfacet
  facet normal 0.000000e+00 1.000000e+00 0.000000e+00
    outer loop
      vertex   3.337775e+01 1.900000e+01 2.681017e+02
      vertex   3.477236e+01 1.900000e+01 2.666192e+02
      vertex   3.420265e+01 1.900000e+01 2.662626e+02
    endloop
  endfacet
  facet normal 0.000000e+00 1.000000e+00 0.000000e+00
    outer loop
      vertex   3.337775e+01 1.900000e+01 2.681017e+02
      vertex   3.420265e+01 1.900000e+01 2.662626e+02
      vertex   3.283327e+01 1.900000e+01 2.677809e+02
    endloop
  endfacet
  facet normal 0.000000e+00 1.000000e+00 0.000000e+00
    outer loop
      vertex   3.283327e+01 1.900000e+01 2.677809e+02
      vertex   3.420265e+01 1.900000e+01 2.662626e+02
      vertex   3.361846e+01 1.900000e+01 2.659302e+02
    endloop
  endfacet
  facet normal 0.000000e+00 1.000000e+00 0.000000e+00
    outer loop
      vertex   3.283327e+01 1.900000e+01 2.677809e+02
      vertex   3.361846e+01 1.900000e+01 2.659302e+02
      vertex   3.227488e+01 1.900000e+01 2.674850e+02
    endloop
  endfacet
  facet normal 0.000000e+00 1.000000e+00 0.000000e+00
    outer loop
      vertex   3.227488e+01 1.900000e+01 2.674850e+02
      vertex   3.361846e+01 1.900000e+01 2.659302e+02
      vertex   3.302084e+01 1.900000e+01 2.656227e+02
    endloop
  endfacet
  facet normal 0.000000e+00 1.000000e+00 0.000000e+00
    outer loop
      vertex   3.227488e+01 1.900000e+01 2.674850e+02
      vertex   3.302084e+01 1.900000e+01 2.656227e+02
      vertex   3.170369e+01 1.900000e+01 2.672145e+02
    endloop
  endfacet
  facet normal 0.000000e+00 1.000000e+00 0.000000e+00
    outer loop
      vertex   3.170369e+01 1.900000e+01 2.672145e+02
      vertex   3.302084e+01 1.900000e+01 2.656227e+02
      vertex   3.241082e+01 1.900000e+01 2.653405e+02
    endloop
  endfacet
  facet normal 0.000000e+00 1.000000e+00 0.000000e+00
    outer loop
      vertex   3.170369e+01 1.900000e+01 2.672145e+02
      vertex   3.241082e+01 1.900000e+01 2.653405e+02
      vertex   3.112088e+01 1.900000e+01 2.669702e+02
    endloop
  endfacet
  facet normal 0.000000e+00 1.000000e+00 0.000000e+00
    outer loop
      vertex   3.112088e+01 1.900000e+01 2.669702e+02
      vertex   3.241082e+01 1.900000e+01 2.653405e+02
      vertex   3.178949e+01 1.900000e+01 2.650842e+02
    endloop
  endfacet
  facet normal 0.000000e+00 1.000000e+00 0.000000e+00
    outer loop
      vertex   3.112088e+01 1.900000e+01 2.669702e+02
      vertex   3.178949e+01 1.900000e+01 2.650842e+02
      vertex   3.052764e+01 1.900000e+01 2.667523e+02
    endloop
  endfacet
  facet normal 0.000000e+00 1.000000e+00 0.000000e+00
    outer loop
      vertex   3.052764e+01 1.900000e+01 2.667523e+02
      vertex   3.178949e+01 1.900000e+01 2.650842e+02
      vertex   3.115794e+01 1.900000e+01 2.648542e+02
    endloop
  endfacet
  facet normal 0.000000e+00 1.000000e+00 0.000000e+00
    outer loop
      vertex   3.052764e+01 1.900000e+01 2.667523e+02
      vertex   3.115794e+01 1.900000e+01 2.648542e+02
      vertex   3.051729e+01 1.900000e+01 2.646509e+02
    endloop
  endfacet
  facet normal 0.000000e+00 1.000000e+00 0.000000e+00
    outer loop
      vertex   3.052764e+01 1.900000e+01 2.667523e+02
      vertex   3.051729e+01 1.900000e+01 2.646509e+02
      vertex   2.992517e+01 1.900000e+01 2.665615e+02
    endloop
  endfacet
  facet normal 0.000000e+00 1.000000e+00 0.000000e+00
    outer loop
      vertex   2.992517e+01 1.900000e+01 2.665615e+02
      vertex   3.051729e+01 1.900000e+01 2.646509e+02
      vertex   2.986868e+01 1.900000e+01 2.644748e+02
    endloop
  endfacet
  facet normal 0.000000e+00 1.000000e+00 0.000000e+00
    outer loop
      vertex   2.992517e+01 1.900000e+01 2.665615e+02
      vertex   2.986868e+01 1.900000e+01 2.644748e+02
      vertex   2.931470e+01 1.900000e+01 2.663981e+02
    endloop
  endfacet
  facet normal 0.000000e+00 1.000000e+00 0.000000e+00
    outer loop
      vertex   2.931470e+01 1.900000e+01 2.663981e+02
      vertex   2.986868e+01 1.900000e+01 2.644748e+02
      vertex   2.921323e+01 1.900000e+01 2.643260e+02
    endloop
  endfacet
  facet normal 0.000000e+00 1.000000e+00 0.000000e+00
    outer loop
      vertex   2.931470e+01 1.900000e+01 2.663981e+02
      vertex   2.921323e+01 1.900000e+01 2.643260e+02
      vertex   2.869748e+01 1.900000e+01 2.662623e+02
    endloop
  endfacet
  facet normal 0.000000e+00 1.000000e+00 0.000000e+00
    outer loop
      vertex   2.869748e+01 1.900000e+01 2.662623e+02
      vertex   2.921323e+01 1.900000e+01 2.643260e+02
      vertex   2.855211e+01 1.900000e+01 2.642049e+02
    endloop
  endfacet
  facet normal 0.000000e+00 1.000000e+00 0.000000e+00
    outer loop
      vertex   2.869748e+01 1.900000e+01 2.662623e+02
      vertex   2.855211e+01 1.900000e+01 2.642049e+02
      vertex   2.807477e+01 1.900000e+01 2.661546e+02
    endloop
  endfacet
  facet normal 0.000000e+00 1.000000e+00 0.000000e+00
    outer loop
      vertex   2.807477e+01 1.900000e+01 2.661546e+02
      vertex   2.855211e+01 1.900000e+01 2.642049e+02
      vertex   2.788649e+01 1.900000e+01 2.641116e+02
    endloop
  endfacet
  facet normal 0.000000e+00 1.000000e+00 0.000000e+00
    outer loop
      vertex   2.807477e+01 1.900000e+01 2.661546e+02
      vertex   2.788649e+01 1.900000e+01 2.641116e+02
      vertex   2.744782e+01 1.900000e+01 2.660751e+02
    endloop
  endfacet
  facet normal 0.000000e+00 1.000000e+00 0.000000e+00
    outer loop
      vertex   2.744782e+01 1.900000e+01 2.660751e+02
      vertex   2.788649e+01 1.900000e+01 2.641116e+02
      vertex   2.721754e+01 1.900000e+01 2.640464e+02
    endloop
  endfacet
  facet normal 0.000000e+00 1.000000e+00 0.000000e+00
    outer loop
      vertex   2.744782e+01 1.900000e+01 2.660751e+02
      vertex   2.721754e+01 1.900000e+01 2.640464e+02
      vertex   2.681792e+01 1.900000e+01 2.660239e+02
    endloop
  endfacet
  facet normal 0.000000e+00 1.000000e+00 0.000000e+00
    outer loop
      vertex   2.681792e+01 1.900000e+01 2.660239e+02
      vertex   2.721754e+01 1.900000e+01 2.640464e+02
      vertex   2.654645e+01 1.900000e+01 2.640093e+02
    endloop
  endfacet
  facet normal 0.000000e+00 1.000000e+00 0.000000e+00
    outer loop
      vertex   2.681792e+01 1.900000e+01 2.660239e+02
      vertex   2.654645e+01 1.900000e+01 2.640093e+02
      vertex   2.618636e+01 1.900000e+01 2.660012e+02
    endloop
  endfacet
  facet normal 0.000000e+00 1.000000e+00 0.000000e+00
    outer loop
      vertex   2.618636e+01 1.900000e+01 2.660012e+02
      vertex   2.654645e+01 1.900000e+01 2.640093e+02
      vertex   2.587439e+01 1.900000e+01 2.640005e+02
    endloop
  endfacet
  facet normal 0.000000e+00 1.000000e+00 0.000000e+00
    outer loop
      vertex   2.618636e+01 1.900000e+01 2.660012e+02
      vertex   2.587439e+01 1.900000e+01 2.640005e+02
      vertex   2.555442e+01 1.900000e+01 2.660071e+02
    endloop
  endfacet
  facet normal 0.000000e+00 1.000000e+00 0.000000e+00
    outer loop
      vertex   2.555442e+01 1.900000e+01 2.660071e+02
      vertex   2.587439e+01 1.900000e+01 2.640005e+02
      vertex   2.520255e+01 1.900000e+01 2.640199e+02
    endloop
  endfacet
  facet normal 0.000000e+00 1.000000e+00 0.000000e+00
    outer loop
      vertex   2.555442e+01 1.900000e+01 2.660071e+02
      vertex   2.520255e+01 1.900000e+01 2.640199e+02
      vertex   2.492339e+01 1.900000e+01 2.660415e+02
    endloop
  endfacet
  facet normal 0.000000e+00 1.000000e+00 0.000000e+00
    outer loop
      vertex   2.492339e+01 1.900000e+01 2.660415e+02
      vertex   2.520255e+01 1.900000e+01 2.640199e+02
      vertex   2.453211e+01 1.900000e+01 2.640675e+02
    endloop
  endfacet
  facet normal 0.000000e+00 1.000000e+00 0.000000e+00
    outer loop
      vertex   2.492339e+01 1.900000e+01 2.660415e+02
      vertex   2.453211e+01 1.900000e+01 2.640675e+02
      vertex   2.429455e+01 1.900000e+01 2.661043e+02
    endloop
  endfacet
  facet normal 0.000000e+00 1.000000e+00 0.000000e+00
    outer loop
      vertex   2.429455e+01 1.900000e+01 2.661043e+02
      vertex   2.453211e+01 1.900000e+01 2.640675e+02
      vertex   2.386427e+01 1.900000e+01 2.641432e+02
    endloop
  endfacet
  facet normal 0.000000e+00 1.000000e+00 0.000000e+00
    outer loop
      vertex   2.429455e+01 1.900000e+01 2.661043e+02
      vertex   2.386427e+01 1.900000e+01 2.641432e+02
      vertex   2.366918e+01 1.900000e+01 2.661954e+02
    endloop
  endfacet
  facet normal 0.000000e+00 1.000000e+00 0.000000e+00
    outer loop
      vertex   2.366918e+01 1.900000e+01 2.661954e+02
      vertex   2.386427e+01 1.900000e+01 2.641432e+02
      vertex   2.320020e+01 1.900000e+01 2.642469e+02
    endloop
  endfacet
  facet normal 0.000000e+00 1.000000e+00 0.000000e+00
    outer loop
      vertex   2.366918e+01 1.900000e+01 2.661954e+02
      vertex   2.320020e+01 1.900000e+01 2.642469e+02
      vertex   2.304857e+01 1.900000e+01 2.663146e+02
    endloop
  endfacet
  facet normal 0.000000e+00 1.000000e+00 0.000000e+00
    outer loop
      vertex   2.304857e+01 1.900000e+01 2.663146e+02
      vertex   2.320020e+01 1.900000e+01 2.642469e+02
      vertex   2.254106e+01 1.900000e+01 2.643784e+02
    endloop
  endfacet
  facet normal 0.000000e+00 1.000000e+00 0.000000e+00
    outer loop
      vertex   2.304857e+01 1.900000e+01 2.663146e+02
      vertex   2.254106e+01 1.900000e+01 2.643784e+02
      vertex   2.243396e+01 1.900000e+01 2.664618e+02
    endloop
  endfacet
  facet normal 0.000000e+00 1.000000e+00 0.000000e+00
    outer loop
      vertex   2.243396e+01 1.900000e+01 2.664618e+02
      vertex   2.254106e+01 1.900000e+01 2.643784e+02
      vertex   2.188803e+01 1.900000e+01 2.645374e+02
    endloop
  endfacet
  facet normal 0.000000e+00 1.000000e+00 0.000000e+00
    outer loop
      vertex   2.243396e+01 1.900000e+01 2.664618e+02
      vertex   2.188803e+01 1.900000e+01 2.645374e+02
      vertex   2.182663e+01 1.900000e+01 2.666365e+02
    endloop
  endfacet
  facet normal 0.000000e+00 1.000000e+00 0.000000e+00
    outer loop
      vertex   2.182663e+01 1.900000e+01 2.666365e+02
      vertex   2.188803e+01 1.900000e+01 2.645374e+02
      vertex   2.124226e+01 1.900000e+01 2.647238e+02
    endloop
  endfacet
  facet normal 0.000000e+00 1.000000e+00 0.000000e+00
    outer loop
      vertex   2.182663e+01 1.900000e+01 2.666365e+02
      vertex   2.124226e+01 1.900000e+01 2.647238e+02
      vertex   2.060488e+01 1.900000e+01 2.649370e+02
    endloop
  endfacet
  facet normal 0.000000e+00 1.000000e+00 0.000000e+00
    outer loop
      vertex   2.182663e+01 1.900000e+01 2.666365e+02
      vertex   2.060488e+01 1.900000e+01 2.649370e+02
      vertex   2.122780e+01 1.900000e+01 2.668385e+02
    endloop
  endfacet
  facet normal 0.000000e+00 1.000000e+00 0.000000e+00
    outer loop
      vertex   2.122780e+01 1.900000e+01 2.668385e+02
      vertex   2.060488e+01 1.900000e+01 2.649370e+02
      vertex   1.997703e+01 1.900000e+01 2.651769e+02
    endloop
  endfacet
  facet normal 0.000000e+00 1.000000e+00 0.000000e+00
    outer loop
      vertex   2.122780e+01 1.900000e+01 2.668385e+02
      vertex   1.997703e+01 1.900000e+01 2.651769e+02
      vertex   2.063869e+01 1.900000e+01 2.670672e+02
    endloop
  endfacet
  facet normal 0.000000e+00 1.000000e+00 0.000000e+00
    outer loop
      vertex   2.063869e+01 1.900000e+01 2.670672e+02
      vertex   1.997703e+01 1.900000e+01 2.651769e+02
      vertex   1.935980e+01 1.900000e+01 2.654430e+02
    endloop
  endfacet
  facet normal 0.000000e+00 1.000000e+00 0.000000e+00
    outer loop
      vertex   2.063869e+01 1.900000e+01 2.670672e+02
      vertex   1.935980e+01 1.900000e+01 2.654430e+02
      vertex   2.006051e+01 1.900000e+01 2.673224e+02
    endloop
  endfacet
  facet normal 0.000000e+00 1.000000e+00 0.000000e+00
    outer loop
      vertex   2.006051e+01 1.900000e+01 2.673224e+02
      vertex   1.935980e+01 1.900000e+01 2.654430e+02
      vertex   1.875429e+01 1.900000e+01 2.657347e+02
    endloop
  endfacet
  facet normal 0.000000e+00 1.000000e+00 0.000000e+00
    outer loop
      vertex   2.006051e+01 1.900000e+01 2.673224e+02
      vertex   1.875429e+01 1.900000e+01 2.657347e+02
      vertex   1.949443e+01 1.900000e+01 2.676033e+02
    endloop
  endfacet
  facet normal 0.000000e+00 1.000000e+00 0.000000e+00
    outer loop
      vertex   1.949443e+01 1.900000e+01 2.676033e+02
      vertex   1.875429e+01 1.900000e+01 2.657347e+02
      vertex   1.816156e+01 1.900000e+01 2.660516e+02
    endloop
  endfacet
  facet normal 0.000000e+00 1.000000e+00 0.000000e+00
    outer loop
      vertex   1.949443e+01 1.900000e+01 2.676033e+02
      vertex   1.816156e+01 1.900000e+01 2.660516e+02
      vertex   1.894161e+01 1.900000e+01 2.679096e+02
    endloop
  endfacet
  facet normal 0.000000e+00 1.000000e+00 0.000000e+00
    outer loop
      vertex   1.894161e+01 1.900000e+01 2.679096e+02
      vertex   1.816156e+01 1.900000e+01 2.660516e+02
      vertex   1.758267e+01 1.900000e+01 2.663931e+02
    endloop
  endfacet
  facet normal 0.000000e+00 1.000000e+00 0.000000e+00
    outer loop
      vertex   1.894161e+01 1.900000e+01 2.679096e+02
      vertex   1.758267e+01 1.900000e+01 2.663931e+02
      vertex   1.840317e+01 1.900000e+01 2.682404e+02
    endloop
  endfacet
  facet normal 0.000000e+00 1.000000e+00 0.000000e+00
    outer loop
      vertex   1.840317e+01 1.900000e+01 2.682404e+02
      vertex   1.758267e+01 1.900000e+01 2.663931e+02
      vertex   1.701863e+01 1.900000e+01 2.667586e+02
    endloop
  endfacet
  facet normal 0.000000e+00 1.000000e+00 0.000000e+00
    outer loop
      vertex   1.840317e+01 1.900000e+01 2.682404e+02
      vertex   1.701863e+01 1.900000e+01 2.667586e+02
      vertex   1.788021e+01 1.900000e+01 2.685952e+02
    endloop
  endfacet
  facet normal 0.000000e+00 1.000000e+00 0.000000e+00
    outer loop
      vertex   1.788021e+01 1.900000e+01 2.685952e+02
      vertex   1.701863e+01 1.900000e+01 2.667586e+02
      vertex   1.647044e+01 1.900000e+01 2.671475e+02
    endloop
  endfacet
  facet normal 0.000000e+00 1.000000e+00 0.000000e+00
    outer loop
      vertex   1.788021e+01 1.900000e+01 2.685952e+02
      vertex   1.647044e+01 1.900000e+01 2.671475e+02
      vertex   1.737379e+01 1.900000e+01 2.689733e+02
    endloop
  endfacet
  facet normal 0.000000e+00 1.000000e+00 0.000000e+00
    outer loop
      vertex   1.737379e+01 1.900000e+01 2.689733e+02
      vertex   1.647044e+01 1.900000e+01 2.671475e+02
      vertex   1.593906e+01 1.900000e+01 2.675590e+02
    endloop
  endfacet
  facet normal 0.000000e+00 1.000000e+00 0.000000e+00
    outer loop
      vertex   1.737379e+01 1.900000e+01 2.689733e+02
      vertex   1.593906e+01 1.900000e+01 2.675590e+02
      vertex   1.688495e+01 1.900000e+01 2.693738e+02
    endloop
  endfacet
  facet normal 0.000000e+00 1.000000e+00 0.000000e+00
    outer loop
      vertex   1.688495e+01 1.900000e+01 2.693738e+02
      vertex   1.593906e+01 1.900000e+01 2.675590e+02
      vertex   1.542544e+01 1.900000e+01 2.679926e+02
    endloop
  endfacet
  facet normal 0.000000e+00 1.000000e+00 0.000000e+00
    outer loop
      vertex   1.688495e+01 1.900000e+01 2.693738e+02
      vertex   1.542544e+01 1.900000e+01 2.679926e+02
      vertex   1.641469e+01 1.900000e+01 2.697960e+02
    endloop
  endfacet
  facet normal 0.000000e+00 1.000000e+00 0.000000e+00
    outer loop
      vertex   1.641469e+01 1.900000e+01 2.697960e+02
      vertex   1.542544e+01 1.900000e+01 2.679926e+02
      vertex   1.493048e+01 1.900000e+01 2.684473e+02
    endloop
  endfacet
  facet normal 0.000000e+00 1.000000e+00 0.000000e+00
    outer loop
      vertex   1.641469e+01 1.900000e+01 2.697960e+02
      vertex   1.493048e+01 1.900000e+01 2.684473e+02
      vertex   1.596396e+01 1.900000e+01 2.702390e+02
    endloop
  endfacet
  facet normal 0.000000e+00 1.000000e+00 0.000000e+00
    outer loop
      vertex   1.596396e+01 1.900000e+01 2.702390e+02
      vertex   1.493048e+01 1.900000e+01 2.684473e+02
      vertex   1.445505e+01 1.900000e+01 2.689224e+02
    endloop
  endfacet
  facet normal 0.000000e+00 1.000000e+00 0.000000e+00
    outer loop
      vertex   1.596396e+01 1.900000e+01 2.702390e+02
      vertex   1.445505e+01 1.900000e+01 2.689224e+02
      vertex   1.553367e+01 1.900000e+01 2.707018e+02
    endloop
  endfacet
  facet normal 0.000000e+00 1.000000e+00 0.000000e+00
    outer loop
      vertex   1.553367e+01 1.900000e+01 2.707018e+02
      vertex   1.445505e+01 1.900000e+01 2.689224e+02
      vertex   1.400000e+01 1.900000e+01 2.694170e+02
    endloop
  endfacet
  facet normal 0.000000e+00 1.000000e+00 0.000000e+00
    outer loop
      vertex   1.553367e+01 1.900000e+01 2.707018e+02
      vertex   1.400000e+01 1.900000e+01 2.694170e+02
      vertex   1.512472e+01 1.900000e+01 2.711836e+02
    endloop
  endfacet
  facet normal 0.000000e+00 1.000000e+00 0.000000e+00
    outer loop
      vertex   1.512472e+01 1.900000e+01 2.711836e+02
      vertex   1.400000e+01 1.900000e+01 2.694170e+02
      vertex   1.358144e+01 1.900000e+01 2.699114e+02
    endloop
  endfacet
  facet normal 0.000000e+00 1.000000e+00 0.000000e+00
    outer loop
      vertex   1.512472e+01 1.900000e+01 2.711836e+02
      vertex   1.358144e+01 1.900000e+01 2.699114e+02
      vertex   1.318323e+01 1.900000e+01 2.704224e+02
    endloop
  endfacet
  facet normal 0.000000e+00 1.000000e+00 0.000000e+00
    outer loop
      vertex   1.512472e+01 1.900000e+01 2.711836e+02
      vertex   1.318323e+01 1.900000e+01 2.704224e+02
      vertex   1.473792e+01 1.900000e+01 2.716834e+02
    endloop
  endfacet
  facet normal 0.000000e+00 1.000000e+00 0.000000e+00
    outer loop
      vertex   1.473792e+01 1.900000e+01 2.716834e+02
      vertex   1.318323e+01 1.900000e+01 2.704224e+02
      vertex   1.280604e+01 1.900000e+01 2.709491e+02
    endloop
  endfacet
  facet normal 0.000000e+00 1.000000e+00 0.000000e+00
    outer loop
      vertex   1.473792e+01 1.900000e+01 2.716834e+02
      vertex   1.280604e+01 1.900000e+01 2.709491e+02
      vertex   1.437408e+01 1.900000e+01 2.722001e+02
    endloop
  endfacet
  facet normal 0.000000e+00 1.000000e+00 0.000000e+00
    outer loop
      vertex   1.437408e+01 1.900000e+01 2.722001e+02
      vertex   1.280604e+01 1.900000e+01 2.709491e+02
      vertex   1.245047e+01 1.900000e+01 2.714906e+02
    endloop
  endfacet
  facet normal 0.000000e+00 1.000000e+00 0.000000e+00
    outer loop
      vertex   1.437408e+01 1.900000e+01 2.722001e+02
      vertex   1.245047e+01 1.900000e+01 2.714906e+02
      vertex   1.403392e+01 1.900000e+01 2.727328e+02
    endloop
  endfacet
  facet normal 0.000000e+00 1.000000e+00 0.000000e+00
    outer loop
      vertex   1.403392e+01 1.900000e+01 2.727328e+02
      vertex   1.245047e+01 1.900000e+01 2.714906e+02
      vertex   1.211712e+01 1.900000e+01 2.720461e+02
    endloop
  endfacet
  facet normal 0.000000e+00 1.000000e+00 0.000000e+00
    outer loop
      vertex   1.403392e+01 1.900000e+01 2.727328e+02
      vertex   1.211712e+01 1.900000e+01 2.720461e+02
      vertex   1.371815e+01 1.900000e+01 2.732802e+02
    endloop
  endfacet
  facet normal 0.000000e+00 1.000000e+00 0.000000e+00
    outer loop
      vertex   1.371815e+01 1.900000e+01 2.732802e+02
      vertex   1.211712e+01 1.900000e+01 2.720461e+02
      vertex   1.180652e+01 1.900000e+01 2.726145e+02
    endloop
  endfacet
  facet normal 0.000000e+00 1.000000e+00 0.000000e+00
    outer loop
      vertex   1.371815e+01 1.900000e+01 2.732802e+02
      vertex   1.180652e+01 1.900000e+01 2.726145e+02
      vertex   1.342740e+01 1.900000e+01 2.738413e+02
    endloop
  endfacet
  facet normal 0.000000e+00 1.000000e+00 0.000000e+00
    outer loop
      vertex   1.342740e+01 1.900000e+01 2.738413e+02
      vertex   1.180652e+01 1.900000e+01 2.726145e+02
      vertex   1.151919e+01 1.900000e+01 2.731952e+02
    endloop
  endfacet
  facet normal 0.000000e+00 1.000000e+00 0.000000e+00
    outer loop
      vertex   1.342740e+01 1.900000e+01 2.738413e+02
      vertex   1.151919e+01 1.900000e+01 2.731952e+02
      vertex   1.316227e+01 1.900000e+01 2.744150e+02
    endloop
  endfacet
  facet normal 0.000000e+00 1.000000e+00 0.000000e+00
    outer loop
      vertex   1.316227e+01 1.900000e+01 2.744150e+02
      vertex   1.151919e+01 1.900000e+01 2.731952e+02
      vertex   1.125560e+01 1.900000e+01 2.737869e+02
    endloop
  endfacet
  facet normal 0.000000e+00 1.000000e+00 0.000000e+00
    outer loop
      vertex   1.316227e+01 1.900000e+01 2.744150e+02
      vertex   1.125560e+01 1.900000e+01 2.737869e+02
      vertex   1.292330e+01 1.900000e+01 2.750000e+02
    endloop
  endfacet
  facet normal 0.000000e+00 1.000000e+00 0.000000e+00
    outer loop
      vertex   1.292330e+01 1.900000e+01 2.750000e+02
      vertex   1.125560e+01 1.900000e+01 2.737869e+02
      vertex   1.101618e+01 1.900000e+01 2.743889e+02
    endloop
  endfacet
  facet normal 0.000000e+00 1.000000e+00 0.000000e+00
    outer loop
      vertex   1.292330e+01 1.900000e+01 2.750000e+02
      vertex   1.101618e+01 1.900000e+01 2.743889e+02
      vertex   1.080132e+01 1.900000e+01 2.750000e+02
    endloop
  endfacet
  facet normal -1.000000e+00 0.000000e+00 0.000000e+00
    outer loop
      vertex   4.299000e+01 3.635753e+01 2.815142e+02
      vertex   4.299000e+01 3.617890e+01 2.784964e+02
      vertex   4.299000e+01 3.600000e+01 2.815000e+02
    endloop
  endfacet
  facet normal -1.000000e+00 0.000000e+00 -0.000000e+00
    outer loop
      vertex   4.299000e+01 3.600000e+01 2.815000e+02
      vertex   4.299000e+01 3.617890e+01 2.784964e+02
      vertex   4.299000e+01 3.582110e+01 2.784964e+02
    endloop
  endfacet
  facet normal -1.000000e+00 -0.000000e+00 0.000000e+00
    outer loop
      vertex   4.299000e+01 3.600000e+01 2.815000e+02
      vertex   4.299000e+01 3.582110e+01 2.784964e+02
      vertex   4.299000e+01 3.564247e+01 2.815142e+02
    endloop
  endfacet
  facet normal -1.000000e+00 0.000000e+00 -0.000000e+00
    outer loop
      vertex   4.299000e+01 3.564247e+01 2.815142e+02
      vertex   4.299000e+01 3.582110e+01 2.784964e+02
      vertex   4.299000e+01 3.546442e+01 2.784680e+02
    endloop
  endfacet
  facet normal -1.000000e+00 -0.000000e+00 0.000000e+00
    outer loop
      vertex   4.299000e+01 3.564247e+01 2.815142e+02
      vertex   4.299000e+01 3.546442e+01 2.784680e+02
      vertex   4.299000e+01 3.528721e+01 2.815568e+02
    endloop
  endfacet
  facet normal -1.000000e+00 0.000000e+00 -0.000000e+00
    outer loop
      vertex   4.299000e+01 3.528721e+01 2.815568e+02
      vertex   4.299000e+01 3.546442e+01 2.784680e+02
      vertex   4.299000e+01 3.511113e+01 2.784113e+02
    endloop
  endfacet
  facet normal -1.000000e+00 -0.000000e+00 0.000000e+00
    outer loop
      vertex   4.299000e+01 3.528721e+01 2.815568e+02
      vertex   4.299000e+01 3.511113e+01 2.784113e+02
      vertex   4.299000e+01 3.493645e+01 2.816275e+02
    endloop
  endfacet
  facet normal -1.000000e+00 0.000000e+00 -0.000000e+00
    outer loop
      vertex   4.299000e+01 3.493645e+01 2.816275e+02
      vertex   4.299000e+01 3.511113e+01 2.784113e+02
      vertex   4.299000e+01 3.476346e+01 2.783268e+02
    endloop
  endfacet
  facet normal -1.000000e+00 -0.000000e+00 0.000000e+00
    outer loop
      vertex   4.299000e+01 3.493645e+01 2.816275e+02
      vertex   4.299000e+01 3.476346e+01 2.783268e+02
      vertex   4.299000e+01 3.459242e+01 2.817258e+02
    endloop
  endfacet
  facet normal -1.000000e+00 0.000000e+00 -0.000000e+00
    outer loop
      vertex   4.299000e+01 3.459242e+01 2.817258e+02
      vertex   4.299000e+01 3.476346e+01 2.783268e+02
      vertex   4.299000e+01 3.442360e+01 2.782149e+02
    endloop
  endfacet
  facet normal -1.000000e+00 -0.000000e+00 0.000000e+00
    outer loop
      vertex   4.299000e+01 3.459242e+01 2.817258e+02
      vertex   4.299000e+01 3.442360e+01 2.782149e+02
      vertex   4.299000e+01 3.425728e+01 2.818512e+02
    endloop
  endfacet
  facet normal -1.000000e+00 0.000000e+00 -0.000000e+00
    outer loop
      vertex   4.299000e+01 3.425728e+01 2.818512e+02
      vertex   4.299000e+01 3.442360e+01 2.782149e+02
      vertex   4.299000e+01 3.409371e+01 2.780763e+02
    endloop
  endfacet
  facet normal -1.000000e+00 -0.000000e+00 0.000000e+00
    outer loop
      vertex   4.299000e+01 3.425728e+01 2.818512e+02
      vertex   4.299000e+01 3.409371e+01 2.780763e+02
      vertex   4.299000e+01 3.393316e+01 2.820027e+02
    endloop
  endfacet
  facet normal -1.000000e+00 0.000000e+00 -0.000000e+00
    outer loop
      vertex   4.299000e+01 3.393316e+01 2.820027e+02
      vertex   4.299000e+01 3.409371e+01 2.780763e+02
      vertex   4.299000e+01 3.377588e+01 2.779119e+02
    endloop
  endfacet
  facet normal -1.000000e+00 -0.000000e+00 0.000000e+00
    outer loop
      vertex   4.299000e+01 3.393316e+01 2.820027e+02
      vertex   4.299000e+01 3.377588e+01 2.779119e+02
      vertex   4.299000e+01 3.362211e+01 2.821796e+02
    endloop
  endfacet
  facet normal -1.000000e+00 0.000000e+00 -0.000000e+00
    outer loop
      vertex   4.299000e+01 3.362211e+01 2.821796e+02
      vertex   4.299000e+01 3.377588e+01 2.779119e+02
      vertex   4.299000e+01 3.347211e+01 2.777229e+02
    endloop
  endfacet
  facet normal -1.000000e+00 -0.000000e+00 0.000000e+00
    outer loop
      vertex   4.299000e+01 3.362211e+01 2.821796e+02
      vertex   4.299000e+01 3.347211e+01 2.777229e+02
      vertex   4.299000e+01 3.332610e+01 2.823806e+02
    endloop
  endfacet
  facet normal -1.000000e+00 0.000000e+00 -0.000000e+00
    outer loop
      vertex   4.299000e+01 3.332610e+01 2.823806e+02
      vertex   4.299000e+01 3.347211e+01 2.777229e+02
      vertex   4.299000e+01 3.318431e+01 2.775103e+02
    endloop
  endfacet
  facet normal -1.000000e+00 -0.000000e+00 0.000000e+00
    outer loop
      vertex   4.299000e+01 3.332610e+01 2.823806e+02
      vertex   4.299000e+01 3.318431e+01 2.775103e+02
      vertex   4.299000e+01 3.304698e+01 2.826045e+02
    endloop
  endfacet
  facet normal -1.000000e+00 0.000000e+00 -0.000000e+00
    outer loop
      vertex   4.299000e+01 3.304698e+01 2.826045e+02
      vertex   4.299000e+01 3.318431e+01 2.775103e+02
      vertex   4.299000e+01 3.291432e+01 2.772755e+02
    endloop
  endfacet
  facet normal -1.000000e+00 -0.000000e+00 0.000000e+00
    outer loop
      vertex   4.299000e+01 3.304698e+01 2.826045e+02
      vertex   4.299000e+01 3.291432e+01 2.772755e+02
      vertex   4.299000e+01 3.278654e+01 2.828498e+02
    endloop
  endfacet
  facet normal -1.000000e+00 0.000000e+00 -0.000000e+00
    outer loop
      vertex   4.299000e+01 3.278654e+01 2.828498e+02
      vertex   4.299000e+01 3.291432e+01 2.772755e+02
      vertex   4.299000e+01 3.266384e+01 2.770199e+02
    endloop
  endfacet
  facet normal -1.000000e+00 -0.000000e+00 0.000000e+00
    outer loop
      vertex   4.299000e+01 3.278654e+01 2.828498e+02
      vertex   4.299000e+01 3.266384e+01 2.770199e+02
      vertex   4.299000e+01 3.254642e+01 2.831151e+02
    endloop
  endfacet
  facet normal -1.000000e+00 0.000000e+00 -0.000000e+00
    outer loop
      vertex   4.299000e+01 3.254642e+01 2.831151e+02
      vertex   4.299000e+01 3.266384e+01 2.770199e+02
      vertex   4.299000e+01 3.243445e+01 2.767453e+02
    endloop
  endfacet
  facet normal -1.000000e+00 -0.000000e+00 0.000000e+00
    outer loop
      vertex   4.299000e+01 3.254642e+01 2.831151e+02
      vertex   4.299000e+01 3.243445e+01 2.767453e+02
      vertex   4.299000e+01 3.232813e+01 2.833986e+02
    endloop
  endfacet
  facet normal -1.000000e+00 0.000000e+00 -0.000000e+00
    outer loop
      vertex   4.299000e+01 3.232813e+01 2.833986e+02
      vertex   4.299000e+01 3.243445e+01 2.767453e+02
      vertex   4.299000e+01 3.222761e+01 2.764534e+02
    endloop
  endfacet
  facet normal -1.000000e+00 -0.000000e+00 0.000000e+00
    outer loop
      vertex   4.299000e+01 3.232813e+01 2.833986e+02
      vertex   4.299000e+01 3.222761e+01 2.764534e+02
      vertex   4.299000e+01 3.213305e+01 2.836985e+02
    endloop
  endfacet
  facet normal -1.000000e+00 0.000000e+00 -0.000000e+00
    outer loop
      vertex   4.299000e+01 3.213305e+01 2.836985e+02
      vertex   4.299000e+01 3.222761e+01 2.764534e+02
      vertex   4.299000e+01 3.204461e+01 2.761459e+02
    endloop
  endfacet
  facet normal -1.000000e+00 -0.000000e+00 0.000000e+00
    outer loop
      vertex   4.299000e+01 3.213305e+01 2.836985e+02
      vertex   4.299000e+01 3.204461e+01 2.761459e+02
      vertex   4.299000e+01 3.196243e+01 2.840130e+02
    endloop
  endfacet
  facet normal -1.000000e+00 0.000000e+00 -0.000000e+00
    outer loop
      vertex   4.299000e+01 3.196243e+01 2.840130e+02
      vertex   4.299000e+01 3.204461e+01 2.761459e+02
      vertex   4.299000e+01 3.188662e+01 2.758249e+02
    endloop
  endfacet
  facet normal -1.000000e+00 -0.000000e+00 0.000000e+00
    outer loop
      vertex   4.299000e+01 3.196243e+01 2.840130e+02
      vertex   4.299000e+01 3.188662e+01 2.758249e+02
      vertex   4.299000e+01 3.181733e+01 2.843401e+02
    endloop
  endfacet
  facet normal -1.000000e+00 0.000000e+00 -0.000000e+00
    outer loop
      vertex   4.299000e+01 3.181733e+01 2.843401e+02
      vertex   4.299000e+01 3.188662e+01 2.758249e+02
      vertex   4.299000e+01 3.175464e+01 2.754923e+02
    endloop
  endfacet
  facet normal -1.000000e+00 -0.000000e+00 0.000000e+00
    outer loop
      vertex   4.299000e+01 3.181733e+01 2.843401e+02
      vertex   4.299000e+01 3.175464e+01 2.754923e+02
      vertex   4.299000e+01 3.169867e+01 2.846777e+02
    endloop
  endfacet
  facet normal -1.000000e+00 0.000000e+00 -0.000000e+00
    outer loop
      vertex   4.299000e+01 3.169867e+01 2.846777e+02
      vertex   4.299000e+01 3.175464e+01 2.754923e+02
      vertex   4.299000e+01 3.164950e+01 2.751503e+02
    endloop
  endfacet
  facet normal -1.000000e+00 -0.000000e+00 0.000000e+00
    outer loop
      vertex   4.299000e+01 3.169867e+01 2.846777e+02
      vertex   4.299000e+01 3.164950e+01 2.751503e+02
      vertex   4.299000e+01 3.160721e+01 2.850236e+02
    endloop
  endfacet
  facet normal -1.000000e+00 0.000000e+00 -0.000000e+00
    outer loop
      vertex   4.299000e+01 3.160721e+01 2.850236e+02
      vertex   4.299000e+01 3.164950e+01 2.751503e+02
      vertex   4.299000e+01 3.157186e+01 2.748010e+02
    endloop
  endfacet
  facet normal -1.000000e+00 -0.000000e+00 0.000000e+00
    outer loop
      vertex   4.299000e+01 3.160721e+01 2.850236e+02
      vertex   4.299000e+01 3.157186e+01 2.748010e+02
      vertex   4.299000e+01 3.154352e+01 2.853757e+02
    endloop
  endfacet
  facet normal -1.000000e+00 0.000000e+00 -0.000000e+00
    outer loop
      vertex   4.299000e+01 3.154352e+01 2.853757e+02
      vertex   4.299000e+01 3.157186e+01 2.748010e+02
      vertex   4.299000e+01 3.152222e+01 2.744466e+02
    endloop
  endfacet
  facet normal -1.000000e+00 -0.000000e+00 0.000000e+00
    outer loop
      vertex   4.299000e+01 3.154352e+01 2.853757e+02
      vertex   4.299000e+01 3.152222e+01 2.744466e+02
      vertex   4.299000e+01 3.000000e+01 2.920000e+02
    endloop
  endfacet
  facet normal -1.000000e+00 0.000000e+00 0.000000e+00
    outer loop
      vertex   4.299000e+01 3.000000e+01 2.920000e+02
      vertex   4.299000e+01 3.152222e+01 2.744466e+02
      vertex   4.299000e+01 3.000000e+01 2.680000e+02
    endloop
  endfacet
  facet normal -1.000000e+00 0.000000e+00 0.000000e+00
    outer loop
      vertex   4.299000e+01 3.000000e+01 2.680000e+02
      vertex   4.299000e+01 3.152222e+01 2.744466e+02
      vertex   4.299000e+01 3.150089e+01 2.740895e+02
    endloop
  endfacet
  facet normal -1.000000e+00 0.000000e+00 0.000000e+00
    outer loop
      vertex   4.299000e+01 3.000000e+01 2.680000e+02
      vertex   4.299000e+01 3.150089e+01 2.740895e+02
      vertex   4.299000e+01 3.150800e+01 2.737317e+02
    endloop
  endfacet
  facet normal -1.000000e+00 0.000000e+00 0.000000e+00
    outer loop
      vertex   4.299000e+01 3.617890e+01 2.784964e+02
      vertex   4.299000e+01 3.635753e+01 2.815142e+02
      vertex   4.299000e+01 3.653558e+01 2.784680e+02
    endloop
  endfacet
  facet normal -1.000000e+00 0.000000e+00 0.000000e+00
    outer loop
      vertex   4.299000e+01 3.653558e+01 2.784680e+02
      vertex   4.299000e+01 3.635753e+01 2.815142e+02
      vertex   4.299000e+01 3.671279e+01 2.815568e+02
    endloop
  endfacet
  facet normal -1.000000e+00 0.000000e+00 0.000000e+00
    outer loop
      vertex   4.299000e+01 3.653558e+01 2.784680e+02
      vertex   4.299000e+01 3.671279e+01 2.815568e+02
      vertex   4.299000e+01 3.688887e+01 2.784113e+02
    endloop
  endfacet
  facet normal -1.000000e+00 0.000000e+00 0.000000e+00
    outer loop
      vertex   4.299000e+01 3.688887e+01 2.784113e+02
      vertex   4.299000e+01 3.671279e+01 2.815568e+02
      vertex   4.299000e+01 3.706355e+01 2.816275e+02
    endloop
  endfacet
  facet normal -1.000000e+00 0.000000e+00 0.000000e+00
    outer loop
      vertex   4.299000e+01 3.688887e+01 2.784113e+02
      vertex   4.299000e+01 3.706355e+01 2.816275e+02
      vertex   4.299000e+01 3.723655e+01 2.783268e+02
    endloop
  endfacet
  facet normal -1.000000e+00 0.000000e+00 0.000000e+00
    outer loop
      vertex   4.299000e+01 3.723655e+01 2.783268e+02
      vertex   4.299000e+01 3.706355e+01 2.816275e+02
      vertex   4.299000e+01 3.740759e+01 2.817258e+02
    endloop
  endfacet
  facet normal -1.000000e+00 0.000000e+00 0.000000e+00
    outer loop
      vertex   4.299000e+01 3.723655e+01 2.783268e+02
      vertex   4.299000e+01 3.740759e+01 2.817258e+02
      vertex   4.299000e+01 3.757640e+01 2.782149e+02
    endloop
  endfacet
  facet normal -1.000000e+00 0.000000e+00 0.000000e+00
    outer loop
      vertex   4.299000e+01 3.757640e+01 2.782149e+02
      vertex   4.299000e+01 3.740759e+01 2.817258e+02
      vertex   4.299000e+01 3.774272e+01 2.818512e+02
    endloop
  endfacet
  facet normal -1.000000e+00 0.000000e+00 0.000000e+00
    outer loop
      vertex   4.299000e+01 3.757640e+01 2.782149e+02
      vertex   4.299000e+01 3.774272e+01 2.818512e+02
      vertex   4.299000e+01 3.790629e+01 2.780763e+02
    endloop
  endfacet
  facet normal -1.000000e+00 0.000000e+00 0.000000e+00
    outer loop
      vertex   4.299000e+01 3.790629e+01 2.780763e+02
      vertex   4.299000e+01 3.774272e+01 2.818512e+02
      vertex   4.299000e+01 3.806684e+01 2.820027e+02
    endloop
  endfacet
  facet normal -1.000000e+00 0.000000e+00 0.000000e+00
    outer loop
      vertex   4.299000e+01 3.790629e+01 2.780763e+02
      vertex   4.299000e+01 3.806684e+01 2.820027e+02
      vertex   4.299000e+01 3.822412e+01 2.779119e+02
    endloop
  endfacet
  facet normal -1.000000e+00 0.000000e+00 0.000000e+00
    outer loop
      vertex   4.299000e+01 3.822412e+01 2.779119e+02
      vertex   4.299000e+01 3.806684e+01 2.820027e+02
      vertex   4.299000e+01 3.837789e+01 2.821796e+02
    endloop
  endfacet
  facet normal -1.000000e+00 0.000000e+00 0.000000e+00
    outer loop
      vertex   4.299000e+01 3.822412e+01 2.779119e+02
      vertex   4.299000e+01 3.837789e+01 2.821796e+02
      vertex   4.299000e+01 3.852790e+01 2.777229e+02
    endloop
  endfacet
  facet normal -1.000000e+00 0.000000e+00 0.000000e+00
    outer loop
      vertex   4.299000e+01 3.852790e+01 2.777229e+02
      vertex   4.299000e+01 3.837789e+01 2.821796e+02
      vertex   4.299000e+01 3.867391e+01 2.823806e+02
    endloop
  endfacet
  facet normal -1.000000e+00 0.000000e+00 0.000000e+00
    outer loop
      vertex   4.299000e+01 3.852790e+01 2.777229e+02
      vertex   4.299000e+01 3.867391e+01 2.823806e+02
      vertex   4.299000e+01 3.881569e+01 2.775103e+02
    endloop
  endfacet
  facet normal -1.000000e+00 0.000000e+00 0.000000e+00
    outer loop
      vertex   4.299000e+01 3.881569e+01 2.775103e+02
      vertex   4.299000e+01 3.867391e+01 2.823806e+02
      vertex   4.299000e+01 3.895302e+01 2.826045e+02
    endloop
  endfacet
  facet normal -1.000000e+00 0.000000e+00 0.000000e+00
    outer loop
      vertex   4.299000e+01 3.881569e+01 2.775103e+02
      vertex   4.299000e+01 3.895302e+01 2.826045e+02
      vertex   4.299000e+01 3.908568e+01 2.772755e+02
    endloop
  endfacet
  facet normal -1.000000e+00 0.000000e+00 0.000000e+00
    outer loop
      vertex   4.299000e+01 3.908568e+01 2.772755e+02
      vertex   4.299000e+01 3.895302e+01 2.826045e+02
      vertex   4.299000e+01 3.921346e+01 2.828498e+02
    endloop
  endfacet
  facet normal -1.000000e+00 0.000000e+00 0.000000e+00
    outer loop
      vertex   4.299000e+01 3.908568e+01 2.772755e+02
      vertex   4.299000e+01 3.921346e+01 2.828498e+02
      vertex   4.299000e+01 3.933616e+01 2.770199e+02
    endloop
  endfacet
  facet normal -1.000000e+00 0.000000e+00 0.000000e+00
    outer loop
      vertex   4.299000e+01 3.933616e+01 2.770199e+02
      vertex   4.299000e+01 3.921346e+01 2.828498e+02
      vertex   4.299000e+01 3.945358e+01 2.831151e+02
    endloop
  endfacet
  facet normal -1.000000e+00 0.000000e+00 0.000000e+00
    outer loop
      vertex   4.299000e+01 3.933616e+01 2.770199e+02
      vertex   4.299000e+01 3.945358e+01 2.831151e+02
      vertex   4.299000e+01 3.956555e+01 2.767453e+02
    endloop
  endfacet
  facet normal -1.000000e+00 0.000000e+00 0.000000e+00
    outer loop
      vertex   4.299000e+01 3.956555e+01 2.767453e+02
      vertex   4.299000e+01 3.945358e+01 2.831151e+02
      vertex   4.299000e+01 3.967187e+01 2.833986e+02
    endloop
  endfacet
  facet normal -1.000000e+00 0.000000e+00 0.000000e+00
    outer loop
      vertex   4.299000e+01 3.956555e+01 2.767453e+02
      vertex   4.299000e+01 3.967187e+01 2.833986e+02
      vertex   4.299000e+01 3.977239e+01 2.764534e+02
    endloop
  endfacet
  facet normal -1.000000e+00 0.000000e+00 0.000000e+00
    outer loop
      vertex   4.299000e+01 3.977239e+01 2.764534e+02
      vertex   4.299000e+01 3.967187e+01 2.833986e+02
      vertex   4.299000e+01 3.986695e+01 2.836985e+02
    endloop
  endfacet
  facet normal -1.000000e+00 0.000000e+00 0.000000e+00
    outer loop
      vertex   4.299000e+01 3.977239e+01 2.764534e+02
      vertex   4.299000e+01 3.986695e+01 2.836985e+02
      vertex   4.299000e+01 4.499650e+01 2.802900e+02
    endloop
  endfacet
  facet normal -1.000000e+00 0.000000e+00 0.000000e+00
    outer loop
      vertex   4.299000e+01 4.499650e+01 2.802900e+02
      vertex   4.299000e+01 3.986695e+01 2.836985e+02
      vertex   4.299000e+01 4.496848e+01 2.808692e+02
    endloop
  endfacet
  facet normal -1.000000e+00 0.000000e+00 0.000000e+00
    outer loop
      vertex   4.299000e+01 4.496848e+01 2.808692e+02
      vertex   4.299000e+01 3.986695e+01 2.836985e+02
      vertex   4.299000e+01 4.491251e+01 2.814464e+02
    endloop
  endfacet
  facet normal -1.000000e+00 0.000000e+00 0.000000e+00
    outer loop
      vertex   4.299000e+01 4.491251e+01 2.814464e+02
      vertex   4.299000e+01 3.986695e+01 2.836985e+02
      vertex   4.299000e+01 4.482871e+01 2.820203e+02
    endloop
  endfacet
  facet normal -1.000000e+00 0.000000e+00 0.000000e+00
    outer loop
      vertex   4.299000e+01 4.482871e+01 2.820203e+02
      vertex   4.299000e+01 3.986695e+01 2.836985e+02
      vertex   4.299000e+01 4.003758e+01 2.840130e+02
    endloop
  endfacet
  facet normal -1.000000e+00 0.000000e+00 0.000000e+00
    outer loop
      vertex   4.299000e+01 4.482871e+01 2.820203e+02
      vertex   4.299000e+01 4.003758e+01 2.840130e+02
      vertex   4.299000e+01 4.471729e+01 2.825894e+02
    endloop
  endfacet
  facet normal -1.000000e+00 0.000000e+00 0.000000e+00
    outer loop
      vertex   4.299000e+01 4.471729e+01 2.825894e+02
      vertex   4.299000e+01 4.003758e+01 2.840130e+02
      vertex   4.299000e+01 4.457851e+01 2.831525e+02
    endloop
  endfacet
  facet normal -1.000000e+00 0.000000e+00 0.000000e+00
    outer loop
      vertex   4.299000e+01 4.457851e+01 2.831525e+02
      vertex   4.299000e+01 4.003758e+01 2.840130e+02
      vertex   4.299000e+01 4.441268e+01 2.837082e+02
    endloop
  endfacet
  facet normal -1.000000e+00 0.000000e+00 0.000000e+00
    outer loop
      vertex   4.299000e+01 4.441268e+01 2.837082e+02
      vertex   4.299000e+01 4.003758e+01 2.840130e+02
      vertex   4.299000e+01 4.018268e+01 2.843401e+02
    endloop
  endfacet
  facet normal -1.000000e+00 0.000000e+00 0.000000e+00
    outer loop
      vertex   4.299000e+01 4.441268e+01 2.837082e+02
      vertex   4.299000e+01 4.018268e+01 2.843401e+02
      vertex   4.299000e+01 4.422019e+01 2.842553e+02
    endloop
  endfacet
  facet normal -1.000000e+00 0.000000e+00 0.000000e+00
    outer loop
      vertex   4.299000e+01 4.422019e+01 2.842553e+02
      vertex   4.299000e+01 4.018268e+01 2.843401e+02
      vertex   4.299000e+01 4.400151e+01 2.847924e+02
    endloop
  endfacet
  facet normal -1.000000e+00 0.000000e+00 0.000000e+00
    outer loop
      vertex   4.299000e+01 4.400151e+01 2.847924e+02
      vertex   4.299000e+01 4.018268e+01 2.843401e+02
      vertex   4.299000e+01 4.030133e+01 2.846777e+02
    endloop
  endfacet
  facet normal -1.000000e+00 -0.000000e+00 0.000000e+00
    outer loop
      vertex   4.299000e+01 4.400151e+01 2.847924e+02
      vertex   4.299000e+01 4.030133e+01 2.846777e+02
      vertex   4.299000e+01 4.375712e+01 2.853183e+02
    endloop
  endfacet
  facet normal -1.000000e+00 -0.000000e+00 0.000000e+00
    outer loop
      vertex   4.299000e+01 4.375712e+01 2.853183e+02
      vertex   4.299000e+01 4.030133e+01 2.846777e+02
      vertex   4.299000e+01 4.348762e+01 2.858318e+02
    endloop
  endfacet
  facet normal -1.000000e+00 0.000000e+00 0.000000e+00
    outer loop
      vertex   4.299000e+01 4.348762e+01 2.858318e+02
      vertex   4.299000e+01 4.030133e+01 2.846777e+02
      vertex   4.299000e+01 4.039279e+01 2.850236e+02
    endloop
  endfacet
  facet normal -1.000000e+00 -0.000000e+00 0.000000e+00
    outer loop
      vertex   4.299000e+01 4.348762e+01 2.858318e+02
      vertex   4.299000e+01 4.039279e+01 2.850236e+02
      vertex   4.299000e+01 4.319362e+01 2.863317e+02
    endloop
  endfacet
  facet normal -1.000000e+00 0.000000e+00 0.000000e+00
    outer loop
      vertex   4.299000e+01 4.319362e+01 2.863317e+02
      vertex   4.299000e+01 4.039279e+01 2.850236e+02
      vertex   4.299000e+01 4.045648e+01 2.853757e+02
    endloop
  endfacet
  facet normal -1.000000e+00 -0.000000e+00 0.000000e+00
    outer loop
      vertex   4.299000e+01 4.319362e+01 2.863317e+02
      vertex   4.299000e+01 4.045648e+01 2.853757e+02
      vertex   4.299000e+01 4.287581e+01 2.868168e+02
    endloop
  endfacet
  facet normal -1.000000e+00 0.000000e+00 0.000000e+00
    outer loop
      vertex   4.299000e+01 4.287581e+01 2.868168e+02
      vertex   4.299000e+01 4.045648e+01 2.853757e+02
      vertex   4.299000e+01 4.049200e+01 2.857317e+02
    endloop
  endfacet
  facet normal -1.000000e+00 -0.000000e+00 0.000000e+00
    outer loop
      vertex   4.299000e+01 4.287581e+01 2.868168e+02
      vertex   4.299000e+01 4.049200e+01 2.857317e+02
      vertex   4.299000e+01 4.253493e+01 2.872860e+02
    endloop
  endfacet
  facet normal -1.000000e+00 0.000000e+00 0.000000e+00
    outer loop
      vertex   4.299000e+01 4.253493e+01 2.872860e+02
      vertex   4.299000e+01 4.049200e+01 2.857317e+02
      vertex   4.299000e+01 4.049911e+01 2.860895e+02
    endloop
  endfacet
  facet normal -1.000000e+00 -0.000000e+00 0.000000e+00
    outer loop
      vertex   4.299000e+01 4.253493e+01 2.872860e+02
      vertex   4.299000e+01 4.049911e+01 2.860895e+02
      vertex   4.299000e+01 4.217179e+01 2.877381e+02
    endloop
  endfacet
  facet normal -1.000000e+00 0.000000e+00 0.000000e+00
    outer loop
      vertex   4.299000e+01 4.217179e+01 2.877381e+02
      vertex   4.299000e+01 4.049911e+01 2.860895e+02
      vertex   4.299000e+01 4.047778e+01 2.864466e+02
    endloop
  endfacet
  facet normal -1.000000e+00 -0.000000e+00 0.000000e+00
    outer loop
      vertex   4.299000e+01 4.217179e+01 2.877381e+02
      vertex   4.299000e+01 4.047778e+01 2.864466e+02
      vertex   4.299000e+01 4.178722e+01 2.881722e+02
    endloop
  endfacet
  facet normal -1.000000e+00 0.000000e+00 0.000000e+00
    outer loop
      vertex   4.299000e+01 4.178722e+01 2.881722e+02
      vertex   4.299000e+01 4.047778e+01 2.864466e+02
      vertex   4.299000e+01 4.042814e+01 2.868010e+02
    endloop
  endfacet
  facet normal -1.000000e+00 -0.000000e+00 0.000000e+00
    outer loop
      vertex   4.299000e+01 4.178722e+01 2.881722e+02
      vertex   4.299000e+01 4.042814e+01 2.868010e+02
      vertex   4.299000e+01 4.138214e+01 2.885872e+02
    endloop
  endfacet
  facet normal -1.000000e+00 0.000000e+00 0.000000e+00
    outer loop
      vertex   4.299000e+01 4.138214e+01 2.885872e+02
      vertex   4.299000e+01 4.042814e+01 2.868010e+02
      vertex   4.299000e+01 4.035050e+01 2.871503e+02
    endloop
  endfacet
  facet normal -1.000000e+00 0.000000e+00 0.000000e+00
    outer loop
      vertex   4.299000e+01 4.138214e+01 2.885872e+02
      vertex   4.299000e+01 4.035050e+01 2.871503e+02
      vertex   4.299000e+01 4.024536e+01 2.874923e+02
    endloop
  endfacet
  facet normal -1.000000e+00 -0.000000e+00 0.000000e+00
    outer loop
      vertex   4.299000e+01 4.138214e+01 2.885872e+02
      vertex   4.299000e+01 4.024536e+01 2.874923e+02
      vertex   4.299000e+01 4.095747e+01 2.889821e+02
    endloop
  endfacet
  facet normal -1.000000e+00 0.000000e+00 0.000000e+00
    outer loop
      vertex   4.299000e+01 4.095747e+01 2.889821e+02
      vertex   4.299000e+01 4.024536e+01 2.874923e+02
      vertex   4.299000e+01 4.011338e+01 2.878249e+02
    endloop
  endfacet
  facet normal -1.000000e+00 -0.000000e+00 0.000000e+00
    outer loop
      vertex   4.299000e+01 4.095747e+01 2.889821e+02
      vertex   4.299000e+01 4.011338e+01 2.878249e+02
      vertex   4.299000e+01 4.051422e+01 2.893561e+02
    endloop
  endfacet
  facet normal -1.000000e+00 0.000000e+00 0.000000e+00
    outer loop
      vertex   4.299000e+01 4.051422e+01 2.893561e+02
      vertex   4.299000e+01 4.011338e+01 2.878249e+02
      vertex   4.299000e+01 3.995539e+01 2.881459e+02
    endloop
  endfacet
  facet normal -1.000000e+00 0.000000e+00 0.000000e+00
    outer loop
      vertex   4.299000e+01 4.051422e+01 2.893561e+02
      vertex   4.299000e+01 3.995539e+01 2.881459e+02
      vertex   4.299000e+01 3.977239e+01 2.884534e+02
    endloop
  endfacet
  facet normal -1.000000e+00 -0.000000e+00 0.000000e+00
    outer loop
      vertex   4.299000e+01 4.051422e+01 2.893561e+02
      vertex   4.299000e+01 3.977239e+01 2.884534e+02
      vertex   4.299000e+01 4.005342e+01 2.897082e+02
    endloop
  endfacet
  facet normal -1.000000e+00 0.000000e+00 0.000000e+00
    outer loop
      vertex   4.299000e+01 4.005342e+01 2.897082e+02
      vertex   4.299000e+01 3.977239e+01 2.884534e+02
      vertex   4.299000e+01 3.956555e+01 2.887453e+02
    endloop
  endfacet
  facet normal -1.000000e+00 0.000000e+00 0.000000e+00
    outer loop
      vertex   4.299000e+01 4.005342e+01 2.897082e+02
      vertex   4.299000e+01 3.956555e+01 2.887453e+02
      vertex   4.299000e+01 3.933616e+01 2.890199e+02
    endloop
  endfacet
  facet normal -1.000000e+00 -0.000000e+00 0.000000e+00
    outer loop
      vertex   4.299000e+01 4.005342e+01 2.897082e+02
      vertex   4.299000e+01 3.933616e+01 2.890199e+02
      vertex   4.299000e+01 3.957615e+01 2.900376e+02
    endloop
  endfacet
  facet normal -1.000000e+00 0.000000e+00 0.000000e+00
    outer loop
      vertex   4.299000e+01 3.957615e+01 2.900376e+02
      vertex   4.299000e+01 3.933616e+01 2.890199e+02
      vertex   4.299000e+01 3.908568e+01 2.892755e+02
    endloop
  endfacet
  facet normal -1.000000e+00 -0.000000e+00 0.000000e+00
    outer loop
      vertex   4.299000e+01 3.957615e+01 2.900376e+02
      vertex   4.299000e+01 3.908568e+01 2.892755e+02
      vertex   4.299000e+01 3.908352e+01 2.903436e+02
    endloop
  endfacet
  facet normal -1.000000e+00 0.000000e+00 -0.000000e+00
    outer loop
      vertex   4.299000e+01 3.908352e+01 2.903436e+02
      vertex   4.299000e+01 3.908568e+01 2.892755e+02
      vertex   4.299000e+01 3.881569e+01 2.895103e+02
    endloop
  endfacet
  facet normal -1.000000e+00 0.000000e+00 0.000000e+00
    outer loop
      vertex   4.299000e+01 3.908352e+01 2.903436e+02
      vertex   4.299000e+01 3.881569e+01 2.895103e+02
      vertex   4.299000e+01 3.852790e+01 2.897229e+02
    endloop
  endfacet
  facet normal -1.000000e+00 -0.000000e+00 0.000000e+00
    outer loop
      vertex   4.299000e+01 3.908352e+01 2.903436e+02
      vertex   4.299000e+01 3.852790e+01 2.897229e+02
      vertex   4.299000e+01 3.857668e+01 2.906255e+02
    endloop
  endfacet
  facet normal -1.000000e+00 0.000000e+00 0.000000e+00
    outer loop
      vertex   4.299000e+01 3.857668e+01 2.906255e+02
      vertex   4.299000e+01 3.852790e+01 2.897229e+02
      vertex   4.299000e+01 3.822412e+01 2.899119e+02
    endloop
  endfacet
  facet normal -1.000000e+00 -0.000000e+00 0.000000e+00
    outer loop
      vertex   4.299000e+01 3.857668e+01 2.906255e+02
      vertex   4.299000e+01 3.822412e+01 2.899119e+02
      vertex   4.299000e+01 3.805681e+01 2.908825e+02
    endloop
  endfacet
  facet normal -1.000000e+00 0.000000e+00 -0.000000e+00
    outer loop
      vertex   4.299000e+01 3.805681e+01 2.908825e+02
      vertex   4.299000e+01 3.822412e+01 2.899119e+02
      vertex   4.299000e+01 3.790629e+01 2.900763e+02
    endloop
  endfacet
  facet normal -1.000000e+00 0.000000e+00 0.000000e+00
    outer loop
      vertex   4.299000e+01 3.805681e+01 2.908825e+02
      vertex   4.299000e+01 3.790629e+01 2.900763e+02
      vertex   4.299000e+01 3.757640e+01 2.902149e+02
    endloop
  endfacet
  facet normal -1.000000e+00 -0.000000e+00 0.000000e+00
    outer loop
      vertex   4.299000e+01 3.805681e+01 2.908825e+02
      vertex   4.299000e+01 3.757640e+01 2.902149e+02
      vertex   4.299000e+01 3.752514e+01 2.911141e+02
    endloop
  endfacet
  facet normal -1.000000e+00 0.000000e+00 -0.000000e+00
    outer loop
      vertex   4.299000e+01 3.752514e+01 2.911141e+02
      vertex   4.299000e+01 3.757640e+01 2.902149e+02
      vertex   4.299000e+01 3.723655e+01 2.903268e+02
    endloop
  endfacet
  facet normal -1.000000e+00 -0.000000e+00 0.000000e+00
    outer loop
      vertex   4.299000e+01 3.752514e+01 2.911141e+02
      vertex   4.299000e+01 3.723655e+01 2.903268e+02
      vertex   4.299000e+01 3.698289e+01 2.913197e+02
    endloop
  endfacet
  facet normal -1.000000e+00 0.000000e+00 -0.000000e+00
    outer loop
      vertex   4.299000e+01 3.698289e+01 2.913197e+02
      vertex   4.299000e+01 3.723655e+01 2.903268e+02
      vertex   4.299000e+01 3.688887e+01 2.904113e+02
    endloop
  endfacet
  facet normal -1.000000e+00 0.000000e+00 0.000000e+00
    outer loop
      vertex   4.299000e+01 3.698289e+01 2.913197e+02
      vertex   4.299000e+01 3.688887e+01 2.904113e+02
      vertex   4.299000e+01 3.653558e+01 2.904680e+02
    endloop
  endfacet
  facet normal -1.000000e+00 -0.000000e+00 0.000000e+00
    outer loop
      vertex   4.299000e+01 3.698289e+01 2.913197e+02
      vertex   4.299000e+01 3.653558e+01 2.904680e+02
      vertex   4.299000e+01 3.643135e+01 2.914990e+02
    endloop
  endfacet
  facet normal -1.000000e+00 0.000000e+00 -0.000000e+00
    outer loop
      vertex   4.299000e+01 3.643135e+01 2.914990e+02
      vertex   4.299000e+01 3.653558e+01 2.904680e+02
      vertex   4.299000e+01 3.617890e+01 2.904964e+02
    endloop
  endfacet
  facet normal -1.000000e+00 -0.000000e+00 0.000000e+00
    outer loop
      vertex   4.299000e+01 3.643135e+01 2.914990e+02
      vertex   4.299000e+01 3.617890e+01 2.904964e+02
      vertex   4.299000e+01 3.587179e+01 2.916513e+02
    endloop
  endfacet
  facet normal -1.000000e+00 0.000000e+00 -0.000000e+00
    outer loop
      vertex   4.299000e+01 3.587179e+01 2.916513e+02
      vertex   4.299000e+01 3.617890e+01 2.904964e+02
      vertex   4.299000e+01 3.582110e+01 2.904964e+02
    endloop
  endfacet
  facet normal -1.000000e+00 0.000000e+00 0.000000e+00
    outer loop
      vertex   4.299000e+01 3.587179e+01 2.916513e+02
      vertex   4.299000e+01 3.582110e+01 2.904964e+02
      vertex   4.299000e+01 3.546442e+01 2.904680e+02
    endloop
  endfacet
  facet normal -1.000000e+00 -0.000000e+00 0.000000e+00
    outer loop
      vertex   4.299000e+01 3.587179e+01 2.916513e+02
      vertex   4.299000e+01 3.546442e+01 2.904680e+02
      vertex   4.299000e+01 3.530552e+01 2.917764e+02
    endloop
  endfacet
  facet normal -1.000000e+00 0.000000e+00 -0.000000e+00
    outer loop
      vertex   4.299000e+01 3.530552e+01 2.917764e+02
      vertex   4.299000e+01 3.546442e+01 2.904680e+02
      vertex   4.299000e+01 3.511113e+01 2.904113e+02
    endloop
  endfacet
  facet normal -1.000000e+00 -0.000000e+00 0.000000e+00
    outer loop
      vertex   4.299000e+01 3.530552e+01 2.917764e+02
      vertex   4.299000e+01 3.511113e+01 2.904113e+02
      vertex   4.299000e+01 3.473387e+01 2.918741e+02
    endloop
  endfacet
  facet normal -1.000000e+00 0.000000e+00 0.000000e+00
    outer loop
      vertex   4.299000e+01 3.473387e+01 2.918741e+02
      vertex   4.299000e+01 3.511113e+01 2.904113e+02
      vertex   4.299000e+01 3.476346e+01 2.903268e+02
    endloop
  endfacet
  facet normal -1.000000e+00 0.000000e+00 -0.000000e+00
    outer loop
      vertex   4.299000e+01 3.473387e+01 2.918741e+02
      vertex   4.299000e+01 3.476346e+01 2.903268e+02
      vertex   4.299000e+01 3.442360e+01 2.902149e+02
    endloop
  endfacet
  facet normal -1.000000e+00 -0.000000e+00 0.000000e+00
    outer loop
      vertex   4.299000e+01 3.473387e+01 2.918741e+02
      vertex   4.299000e+01 3.442360e+01 2.902149e+02
      vertex   4.299000e+01 3.415817e+01 2.919440e+02
    endloop
  endfacet
  facet normal -1.000000e+00 0.000000e+00 -0.000000e+00
    outer loop
      vertex   4.299000e+01 3.415817e+01 2.919440e+02
      vertex   4.299000e+01 3.442360e+01 2.902149e+02
      vertex   4.299000e+01 3.409371e+01 2.900763e+02
    endloop
  endfacet
  facet normal -1.000000e+00 -0.000000e+00 0.000000e+00
    outer loop
      vertex   4.299000e+01 3.415817e+01 2.919440e+02
      vertex   4.299000e+01 3.409371e+01 2.900763e+02
      vertex   4.299000e+01 3.357976e+01 2.919860e+02
    endloop
  endfacet
  facet normal -1.000000e+00 0.000000e+00 0.000000e+00
    outer loop
      vertex   4.299000e+01 3.357976e+01 2.919860e+02
      vertex   4.299000e+01 3.409371e+01 2.900763e+02
      vertex   4.299000e+01 3.377588e+01 2.899119e+02
    endloop
  endfacet
  facet normal -1.000000e+00 0.000000e+00 -0.000000e+00
    outer loop
      vertex   4.299000e+01 3.357976e+01 2.919860e+02
      vertex   4.299000e+01 3.377588e+01 2.899119e+02
      vertex   4.299000e+01 3.347211e+01 2.897229e+02
    endloop
  endfacet
  facet normal -1.000000e+00 -0.000000e+00 0.000000e+00
    outer loop
      vertex   4.299000e+01 3.357976e+01 2.919860e+02
      vertex   4.299000e+01 3.347211e+01 2.897229e+02
      vertex   4.299000e+01 3.300000e+01 2.920000e+02
    endloop
  endfacet
  facet normal -1.000000e+00 0.000000e+00 0.000000e+00
    outer loop
      vertex   4.299000e+01 3.300000e+01 2.920000e+02
      vertex   4.299000e+01 3.347211e+01 2.897229e+02
      vertex   4.299000e+01 3.318431e+01 2.895103e+02
    endloop
  endfacet
  facet normal -1.000000e+00 0.000000e+00 -0.000000e+00
    outer loop
      vertex   4.299000e+01 3.300000e+01 2.920000e+02
      vertex   4.299000e+01 3.318431e+01 2.895103e+02
      vertex   4.299000e+01 3.291432e+01 2.892755e+02
    endloop
  endfacet
  facet normal -1.000000e+00 -0.000000e+00 0.000000e+00
    outer loop
      vertex   4.299000e+01 3.291432e+01 2.892755e+02
      vertex   4.299000e+01 3.266384e+01 2.890199e+02
      vertex   4.299000e+01 3.300000e+01 2.920000e+02
    endloop
  endfacet
  facet normal -1.000000e+00 0.000000e+00 0.000000e+00
    outer loop
      vertex   4.299000e+01 3.300000e+01 2.920000e+02
      vertex   4.299000e+01 3.266384e+01 2.890199e+02
      vertex   4.299000e+01 3.243445e+01 2.887453e+02
    endloop
  endfacet
  facet normal -1.000000e+00 -0.000000e+00 0.000000e+00
    outer loop
      vertex   4.299000e+01 3.300000e+01 2.920000e+02
      vertex   4.299000e+01 3.243445e+01 2.887453e+02
      vertex   4.299000e+01 3.000000e+01 2.920000e+02
    endloop
  endfacet
  facet normal -1.000000e+00 0.000000e+00 0.000000e+00
    outer loop
      vertex   4.299000e+01 3.000000e+01 2.920000e+02
      vertex   4.299000e+01 3.243445e+01 2.887453e+02
      vertex   4.299000e+01 3.222761e+01 2.884534e+02
    endloop
  endfacet
  facet normal -1.000000e+00 0.000000e+00 0.000000e+00
    outer loop
      vertex   4.299000e+01 3.000000e+01 2.920000e+02
      vertex   4.299000e+01 3.222761e+01 2.884534e+02
      vertex   4.299000e+01 3.204461e+01 2.881459e+02
    endloop
  endfacet
  facet normal -1.000000e+00 -0.000000e+00 0.000000e+00
    outer loop
      vertex   4.299000e+01 3.204461e+01 2.881459e+02
      vertex   4.299000e+01 3.188662e+01 2.878249e+02
      vertex   4.299000e+01 3.000000e+01 2.920000e+02
    endloop
  endfacet
  facet normal -1.000000e+00 0.000000e+00 0.000000e+00
    outer loop
      vertex   4.299000e+01 3.000000e+01 2.920000e+02
      vertex   4.299000e+01 3.188662e+01 2.878249e+02
      vertex   4.299000e+01 3.175464e+01 2.874923e+02
    endloop
  endfacet
  facet normal -1.000000e+00 0.000000e+00 0.000000e+00
    outer loop
      vertex   4.299000e+01 3.000000e+01 2.920000e+02
      vertex   4.299000e+01 3.175464e+01 2.874923e+02
      vertex   4.299000e+01 3.164950e+01 2.871503e+02
    endloop
  endfacet
  facet normal -1.000000e+00 -0.000000e+00 0.000000e+00
    outer loop
      vertex   4.299000e+01 3.164950e+01 2.871503e+02
      vertex   4.299000e+01 3.157186e+01 2.868010e+02
      vertex   4.299000e+01 3.000000e+01 2.920000e+02
    endloop
  endfacet
  facet normal -1.000000e+00 0.000000e+00 0.000000e+00
    outer loop
      vertex   4.299000e+01 3.000000e+01 2.920000e+02
      vertex   4.299000e+01 3.157186e+01 2.868010e+02
      vertex   4.299000e+01 3.152222e+01 2.864466e+02
    endloop
  endfacet
  facet normal -1.000000e+00 0.000000e+00 0.000000e+00
    outer loop
      vertex   4.299000e+01 3.000000e+01 2.920000e+02
      vertex   4.299000e+01 3.152222e+01 2.864466e+02
      vertex   4.299000e+01 3.150089e+01 2.860895e+02
    endloop
  endfacet
  facet normal -1.000000e+00 -0.000000e+00 -0.000000e+00
    outer loop
      vertex   4.299000e+01 3.150089e+01 2.860895e+02
      vertex   4.299000e+01 3.150800e+01 2.857317e+02
      vertex   4.299000e+01 3.000000e+01 2.920000e+02
    endloop
  endfacet
  facet normal -1.000000e+00 0.000000e+00 0.000000e+00
    outer loop
      vertex   4.299000e+01 3.000000e+01 2.920000e+02
      vertex   4.299000e+01 3.150800e+01 2.857317e+02
      vertex   4.299000e+01 3.154352e+01 2.853757e+02
    endloop
  endfacet
  facet normal -1.000000e+00 0.000000e+00 -0.000000e+00
    outer loop
      vertex   4.299000e+01 3.635753e+01 2.695142e+02
      vertex   4.299000e+01 3.643135e+01 2.685011e+02
      vertex   4.299000e+01 3.600000e+01 2.695000e+02
    endloop
  endfacet
  facet normal -1.000000e+00 0.000000e+00 -0.000000e+00
    outer loop
      vertex   4.299000e+01 3.600000e+01 2.695000e+02
      vertex   4.299000e+01 3.643135e+01 2.685011e+02
      vertex   4.299000e+01 3.587179e+01 2.683487e+02
    endloop
  endfacet
  facet normal -1.000000e+00 -0.000000e+00 0.000000e+00
    outer loop
      vertex   4.299000e+01 3.600000e+01 2.695000e+02
      vertex   4.299000e+01 3.587179e+01 2.683487e+02
      vertex   4.299000e+01 3.564247e+01 2.695142e+02
    endloop
  endfacet
  facet normal -1.000000e+00 0.000000e+00 -0.000000e+00
    outer loop
      vertex   4.299000e+01 3.564247e+01 2.695142e+02
      vertex   4.299000e+01 3.587179e+01 2.683487e+02
      vertex   4.299000e+01 3.530552e+01 2.682236e+02
    endloop
  endfacet
  facet normal -1.000000e+00 -0.000000e+00 0.000000e+00
    outer loop
      vertex   4.299000e+01 3.564247e+01 2.695142e+02
      vertex   4.299000e+01 3.530552e+01 2.682236e+02
      vertex   4.299000e+01 3.528721e+01 2.695568e+02
    endloop
  endfacet
  facet normal -1.000000e+00 -0.000000e+00 -0.000000e+00
    outer loop
      vertex   4.299000e+01 3.528721e+01 2.695568e+02
      vertex   4.299000e+01 3.530552e+01 2.682236e+02
      vertex   4.299000e+01 3.493645e+01 2.696275e+02
    endloop
  endfacet
  facet normal -1.000000e+00 0.000000e+00 -0.000000e+00
    outer loop
      vertex   4.299000e+01 3.493645e+01 2.696275e+02
      vertex   4.299000e+01 3.530552e+01 2.682236e+02
      vertex   4.299000e+01 3.473387e+01 2.681259e+02
    endloop
  endfacet
  facet normal -1.000000e+00 -0.000000e+00 0.000000e+00
    outer loop
      vertex   4.299000e+01 3.493645e+01 2.696275e+02
      vertex   4.299000e+01 3.473387e+01 2.681259e+02
      vertex   4.299000e+01 3.459242e+01 2.697258e+02
    endloop
  endfacet
  facet normal -1.000000e+00 0.000000e+00 -0.000000e+00
    outer loop
      vertex   4.299000e+01 3.459242e+01 2.697258e+02
      vertex   4.299000e+01 3.473387e+01 2.681259e+02
      vertex   4.299000e+01 3.415817e+01 2.680560e+02
    endloop
  endfacet
  facet normal -1.000000e+00 -0.000000e+00 0.000000e+00
    outer loop
      vertex   4.299000e+01 3.459242e+01 2.697258e+02
      vertex   4.299000e+01 3.415817e+01 2.680560e+02
      vertex   4.299000e+01 3.425728e+01 2.698512e+02
    endloop
  endfacet
  facet normal -1.000000e+00 -0.000000e+00 0.000000e+00
    outer loop
      vertex   4.299000e+01 3.425728e+01 2.698512e+02
      vertex   4.299000e+01 3.415817e+01 2.680560e+02
      vertex   4.299000e+01 3.393316e+01 2.700027e+02
    endloop
  endfacet
  facet normal -1.000000e+00 0.000000e+00 -0.000000e+00
    outer loop
      vertex   4.299000e+01 3.393316e+01 2.700027e+02
      vertex   4.299000e+01 3.415817e+01 2.680560e+02
      vertex   4.299000e+01 3.357976e+01 2.680140e+02
    endloop
  endfacet
  facet normal -1.000000e+00 -0.000000e+00 0.000000e+00
    outer loop
      vertex   4.299000e+01 3.393316e+01 2.700027e+02
      vertex   4.299000e+01 3.357976e+01 2.680140e+02
      vertex   4.299000e+01 3.362211e+01 2.701796e+02
    endloop
  endfacet
  facet normal -1.000000e+00 0.000000e+00 0.000000e+00
    outer loop
      vertex   4.299000e+01 3.362211e+01 2.701796e+02
      vertex   4.299000e+01 3.357976e+01 2.680140e+02
      vertex   4.299000e+01 3.300000e+01 2.680000e+02
    endloop
  endfacet
  facet normal -1.000000e+00 -0.000000e+00 0.000000e+00
    outer loop
      vertex   4.299000e+01 3.362211e+01 2.701796e+02
      vertex   4.299000e+01 3.300000e+01 2.680000e+02
      vertex   4.299000e+01 3.332610e+01 2.703806e+02
    endloop
  endfacet
  facet normal -1.000000e+00 -0.000000e+00 0.000000e+00
    outer loop
      vertex   4.299000e+01 3.332610e+01 2.703806e+02
      vertex   4.299000e+01 3.300000e+01 2.680000e+02
      vertex   4.299000e+01 3.304698e+01 2.706045e+02
    endloop
  endfacet
  facet normal -1.000000e+00 -0.000000e+00 0.000000e+00
    outer loop
      vertex   4.299000e+01 3.304698e+01 2.706045e+02
      vertex   4.299000e+01 3.300000e+01 2.680000e+02
      vertex   4.299000e+01 3.278654e+01 2.708498e+02
    endloop
  endfacet
  facet normal -1.000000e+00 -0.000000e+00 -0.000000e+00
    outer loop
      vertex   4.299000e+01 3.278654e+01 2.708498e+02
      vertex   4.299000e+01 3.300000e+01 2.680000e+02
      vertex   4.299000e+01 3.254642e+01 2.711151e+02
    endloop
  endfacet
  facet normal -1.000000e+00 0.000000e+00 -0.000000e+00
    outer loop
      vertex   4.299000e+01 3.254642e+01 2.711151e+02
      vertex   4.299000e+01 3.300000e+01 2.680000e+02
      vertex   4.299000e+01 3.000000e+01 2.680000e+02
    endloop
  endfacet
  facet normal -1.000000e+00 -0.000000e+00 0.000000e+00
    outer loop
      vertex   4.299000e+01 3.254642e+01 2.711151e+02
      vertex   4.299000e+01 3.000000e+01 2.680000e+02
      vertex   4.299000e+01 3.232813e+01 2.713986e+02
    endloop
  endfacet
  facet normal -1.000000e+00 -0.000000e+00 0.000000e+00
    outer loop
      vertex   4.299000e+01 3.232813e+01 2.713986e+02
      vertex   4.299000e+01 3.000000e+01 2.680000e+02
      vertex   4.299000e+01 3.213305e+01 2.716985e+02
    endloop
  endfacet
  facet normal -1.000000e+00 -0.000000e+00 0.000000e+00
    outer loop
      vertex   4.299000e+01 3.213305e+01 2.716985e+02
      vertex   4.299000e+01 3.000000e+01 2.680000e+02
      vertex   4.299000e+01 3.196243e+01 2.720130e+02
    endloop
  endfacet
  facet normal -1.000000e+00 -0.000000e+00 0.000000e+00
    outer loop
      vertex   4.299000e+01 3.196243e+01 2.720130e+02
      vertex   4.299000e+01 3.000000e+01 2.680000e+02
      vertex   4.299000e+01 3.181733e+01 2.723401e+02
    endloop
  endfacet
  facet normal -1.000000e+00 -0.000000e+00 0.000000e+00
    outer loop
      vertex   4.299000e+01 3.181733e+01 2.723401e+02
      vertex   4.299000e+01 3.000000e+01 2.680000e+02
      vertex   4.299000e+01 3.169867e+01 2.726777e+02
    endloop
  endfacet
  facet normal -1.000000e+00 -0.000000e+00 0.000000e+00
    outer loop
      vertex   4.299000e+01 3.169867e+01 2.726777e+02
      vertex   4.299000e+01 3.000000e+01 2.680000e+02
      vertex   4.299000e+01 3.160721e+01 2.730236e+02
    endloop
  endfacet
  facet normal -1.000000e+00 -0.000000e+00 0.000000e+00
    outer loop
      vertex   4.299000e+01 3.160721e+01 2.730236e+02
      vertex   4.299000e+01 3.000000e+01 2.680000e+02
      vertex   4.299000e+01 3.154352e+01 2.733757e+02
    endloop
  endfacet
  facet normal -1.000000e+00 -0.000000e+00 0.000000e+00
    outer loop
      vertex   4.299000e+01 3.154352e+01 2.733757e+02
      vertex   4.299000e+01 3.000000e+01 2.680000e+02
      vertex   4.299000e+01 3.150800e+01 2.737317e+02
    endloop
  endfacet
  facet normal -1.000000e+00 0.000000e+00 0.000000e+00
    outer loop
      vertex   4.299000e+01 3.635753e+01 2.695142e+02
      vertex   4.299000e+01 3.671279e+01 2.695568e+02
      vertex   4.299000e+01 3.643135e+01 2.685011e+02
    endloop
  endfacet
  facet normal -1.000000e+00 0.000000e+00 0.000000e+00
    outer loop
      vertex   4.299000e+01 3.643135e+01 2.685011e+02
      vertex   4.299000e+01 3.671279e+01 2.695568e+02
      vertex   4.299000e+01 3.698289e+01 2.686803e+02
    endloop
  endfacet
  facet normal -1.000000e+00 0.000000e+00 0.000000e+00
    outer loop
      vertex   4.299000e+01 3.698289e+01 2.686803e+02
      vertex   4.299000e+01 3.671279e+01 2.695568e+02
      vertex   4.299000e+01 3.706355e+01 2.696275e+02
    endloop
  endfacet
  facet normal -1.000000e+00 0.000000e+00 0.000000e+00
    outer loop
      vertex   4.299000e+01 3.698289e+01 2.686803e+02
      vertex   4.299000e+01 3.706355e+01 2.696275e+02
      vertex   4.299000e+01 3.752514e+01 2.688859e+02
    endloop
  endfacet
  facet normal -1.000000e+00 0.000000e+00 0.000000e+00
    outer loop
      vertex   4.299000e+01 3.752514e+01 2.688859e+02
      vertex   4.299000e+01 3.706355e+01 2.696275e+02
      vertex   4.299000e+01 3.740759e+01 2.697258e+02
    endloop
  endfacet
  facet normal -1.000000e+00 0.000000e+00 0.000000e+00
    outer loop
      vertex   4.299000e+01 3.752514e+01 2.688859e+02
      vertex   4.299000e+01 3.740759e+01 2.697258e+02
      vertex   4.299000e+01 3.774272e+01 2.698512e+02
    endloop
  endfacet
  facet normal -1.000000e+00 0.000000e+00 0.000000e+00
    outer loop
      vertex   4.299000e+01 3.752514e+01 2.688859e+02
      vertex   4.299000e+01 3.774272e+01 2.698512e+02
      vertex   4.299000e+01 3.805681e+01 2.691175e+02
    endloop
  endfacet
  facet normal -1.000000e+00 0.000000e+00 0.000000e+00
    outer loop
      vertex   4.299000e+01 3.805681e+01 2.691175e+02
      vertex   4.299000e+01 3.774272e+01 2.698512e+02
      vertex   4.299000e+01 3.806684e+01 2.700027e+02
    endloop
  endfacet
  facet normal -1.000000e+00 0.000000e+00 0.000000e+00
    outer loop
      vertex   4.299000e+01 3.805681e+01 2.691175e+02
      vertex   4.299000e+01 3.806684e+01 2.700027e+02
      vertex   4.299000e+01 3.857668e+01 2.693745e+02
    endloop
  endfacet
  facet normal -1.000000e+00 0.000000e+00 0.000000e+00
    outer loop
      vertex   4.299000e+01 3.857668e+01 2.693745e+02
      vertex   4.299000e+01 3.806684e+01 2.700027e+02
      vertex   4.299000e+01 3.837789e+01 2.701796e+02
    endloop
  endfacet
  facet normal -1.000000e+00 0.000000e+00 0.000000e+00
    outer loop
      vertex   4.299000e+01 3.857668e+01 2.693745e+02
      vertex   4.299000e+01 3.837789e+01 2.701796e+02
      vertex   4.299000e+01 3.867391e+01 2.703806e+02
    endloop
  endfacet
  facet normal -1.000000e+00 0.000000e+00 0.000000e+00
    outer loop
      vertex   4.299000e+01 3.857668e+01 2.693745e+02
      vertex   4.299000e+01 3.867391e+01 2.703806e+02
      vertex   4.299000e+01 3.908352e+01 2.696564e+02
    endloop
  endfacet
  facet normal -1.000000e+00 0.000000e+00 0.000000e+00
    outer loop
      vertex   4.299000e+01 3.908352e+01 2.696564e+02
      vertex   4.299000e+01 3.867391e+01 2.703806e+02
      vertex   4.299000e+01 3.895302e+01 2.706045e+02
    endloop
  endfacet
  facet normal -1.000000e+00 0.000000e+00 0.000000e+00
    outer loop
      vertex   4.299000e+01 3.908352e+01 2.696564e+02
      vertex   4.299000e+01 3.895302e+01 2.706045e+02
      vertex   4.299000e+01 3.957615e+01 2.699624e+02
    endloop
  endfacet
  facet normal -1.000000e+00 0.000000e+00 0.000000e+00
    outer loop
      vertex   4.299000e+01 3.957615e+01 2.699624e+02
      vertex   4.299000e+01 3.895302e+01 2.706045e+02
      vertex   4.299000e+01 3.921346e+01 2.708498e+02
    endloop
  endfacet
  facet normal -1.000000e+00 0.000000e+00 0.000000e+00
    outer loop
      vertex   4.299000e+01 3.957615e+01 2.699624e+02
      vertex   4.299000e+01 3.921346e+01 2.708498e+02
      vertex   4.299000e+01 3.945358e+01 2.711151e+02
    endloop
  endfacet
  facet normal -1.000000e+00 0.000000e+00 0.000000e+00
    outer loop
      vertex   4.299000e+01 3.957615e+01 2.699624e+02
      vertex   4.299000e+01 3.945358e+01 2.711151e+02
      vertex   4.299000e+01 4.005342e+01 2.702918e+02
    endloop
  endfacet
  facet normal -1.000000e+00 0.000000e+00 0.000000e+00
    outer loop
      vertex   4.299000e+01 4.005342e+01 2.702918e+02
      vertex   4.299000e+01 3.945358e+01 2.711151e+02
      vertex   4.299000e+01 3.967187e+01 2.713986e+02
    endloop
  endfacet
  facet normal -1.000000e+00 0.000000e+00 0.000000e+00
    outer loop
      vertex   4.299000e+01 4.005342e+01 2.702918e+02
      vertex   4.299000e+01 3.967187e+01 2.713986e+02
      vertex   4.299000e+01 3.986695e+01 2.716985e+02
    endloop
  endfacet
  facet normal -1.000000e+00 0.000000e+00 0.000000e+00
    outer loop
      vertex   4.299000e+01 4.005342e+01 2.702918e+02
      vertex   4.299000e+01 3.986695e+01 2.716985e+02
      vertex   4.299000e+01 4.051422e+01 2.706439e+02
    endloop
  endfacet
  facet normal -1.000000e+00 0.000000e+00 0.000000e+00
    outer loop
      vertex   4.299000e+01 4.051422e+01 2.706439e+02
      vertex   4.299000e+01 3.986695e+01 2.716985e+02
      vertex   4.299000e+01 4.003758e+01 2.720130e+02
    endloop
  endfacet
  facet normal -1.000000e+00 0.000000e+00 0.000000e+00
    outer loop
      vertex   4.299000e+01 4.051422e+01 2.706439e+02
      vertex   4.299000e+01 4.003758e+01 2.720130e+02
      vertex   4.299000e+01 4.095747e+01 2.710179e+02
    endloop
  endfacet
  facet normal -1.000000e+00 0.000000e+00 0.000000e+00
    outer loop
      vertex   4.299000e+01 4.095747e+01 2.710179e+02
      vertex   4.299000e+01 4.003758e+01 2.720130e+02
      vertex   4.299000e+01 4.018268e+01 2.723401e+02
    endloop
  endfacet
  facet normal -1.000000e+00 0.000000e+00 0.000000e+00
    outer loop
      vertex   4.299000e+01 4.095747e+01 2.710179e+02
      vertex   4.299000e+01 4.018268e+01 2.723401e+02
      vertex   4.299000e+01 4.030133e+01 2.726777e+02
    endloop
  endfacet
  facet normal -1.000000e+00 0.000000e+00 0.000000e+00
    outer loop
      vertex   4.299000e+01 4.095747e+01 2.710179e+02
      vertex   4.299000e+01 4.030133e+01 2.726777e+02
      vertex   4.299000e+01 4.138214e+01 2.714128e+02
    endloop
  endfacet
  facet normal -1.000000e+00 0.000000e+00 0.000000e+00
    outer loop
      vertex   4.299000e+01 4.138214e+01 2.714128e+02
      vertex   4.299000e+01 4.030133e+01 2.726777e+02
      vertex   4.299000e+01 4.039279e+01 2.730236e+02
    endloop
  endfacet
  facet normal -1.000000e+00 0.000000e+00 0.000000e+00
    outer loop
      vertex   4.299000e+01 4.138214e+01 2.714128e+02
      vertex   4.299000e+01 4.039279e+01 2.730236e+02
      vertex   4.299000e+01 4.178722e+01 2.718278e+02
    endloop
  endfacet
  facet normal -1.000000e+00 0.000000e+00 0.000000e+00
    outer loop
      vertex   4.299000e+01 4.178722e+01 2.718278e+02
      vertex   4.299000e+01 4.039279e+01 2.730236e+02
      vertex   4.299000e+01 4.045648e+01 2.733757e+02
    endloop
  endfacet
  facet normal -1.000000e+00 0.000000e+00 0.000000e+00
    outer loop
      vertex   4.299000e+01 4.178722e+01 2.718278e+02
      vertex   4.299000e+01 4.045648e+01 2.733757e+02
      vertex   4.299000e+01 4.217179e+01 2.722619e+02
    endloop
  endfacet
  facet normal -1.000000e+00 0.000000e+00 0.000000e+00
    outer loop
      vertex   4.299000e+01 4.217179e+01 2.722619e+02
      vertex   4.299000e+01 4.045648e+01 2.733757e+02
      vertex   4.299000e+01 4.049200e+01 2.737317e+02
    endloop
  endfacet
  facet normal -1.000000e+00 0.000000e+00 0.000000e+00
    outer loop
      vertex   4.299000e+01 4.217179e+01 2.722619e+02
      vertex   4.299000e+01 4.049200e+01 2.737317e+02
      vertex   4.299000e+01 4.049911e+01 2.740895e+02
    endloop
  endfacet
  facet normal -1.000000e+00 0.000000e+00 0.000000e+00
    outer loop
      vertex   4.299000e+01 4.217179e+01 2.722619e+02
      vertex   4.299000e+01 4.049911e+01 2.740895e+02
      vertex   4.299000e+01 4.253493e+01 2.727141e+02
    endloop
  endfacet
  facet normal -1.000000e+00 0.000000e+00 0.000000e+00
    outer loop
      vertex   4.299000e+01 4.253493e+01 2.727141e+02
      vertex   4.299000e+01 4.049911e+01 2.740895e+02
      vertex   4.299000e+01 4.047778e+01 2.744466e+02
    endloop
  endfacet
  facet normal -1.000000e+00 0.000000e+00 0.000000e+00
    outer loop
      vertex   4.299000e+01 4.253493e+01 2.727141e+02
      vertex   4.299000e+01 4.047778e+01 2.744466e+02
      vertex   4.299000e+01 4.287581e+01 2.731832e+02
    endloop
  endfacet
  facet normal -1.000000e+00 0.000000e+00 0.000000e+00
    outer loop
      vertex   4.299000e+01 4.287581e+01 2.731832e+02
      vertex   4.299000e+01 4.047778e+01 2.744466e+02
      vertex   4.299000e+01 4.042814e+01 2.748010e+02
    endloop
  endfacet
  facet normal -1.000000e+00 0.000000e+00 0.000000e+00
    outer loop
      vertex   4.299000e+01 4.287581e+01 2.731832e+02
      vertex   4.299000e+01 4.042814e+01 2.748010e+02
      vertex   4.299000e+01 4.319362e+01 2.736683e+02
    endloop
  endfacet
  facet normal -1.000000e+00 0.000000e+00 0.000000e+00
    outer loop
      vertex   4.299000e+01 4.319362e+01 2.736683e+02
      vertex   4.299000e+01 4.042814e+01 2.748010e+02
      vertex   4.299000e+01 4.348762e+01 2.741682e+02
    endloop
  endfacet
  facet normal -1.000000e+00 0.000000e+00 0.000000e+00
    outer loop
      vertex   4.299000e+01 4.348762e+01 2.741682e+02
      vertex   4.299000e+01 4.042814e+01 2.748010e+02
      vertex   4.299000e+01 4.035050e+01 2.751503e+02
    endloop
  endfacet
  facet normal -1.000000e+00 0.000000e+00 0.000000e+00
    outer loop
      vertex   4.299000e+01 4.348762e+01 2.741682e+02
      vertex   4.299000e+01 4.035050e+01 2.751503e+02
      vertex   4.299000e+01 4.375712e+01 2.746817e+02
    endloop
  endfacet
  facet normal -1.000000e+00 0.000000e+00 0.000000e+00
    outer loop
      vertex   4.299000e+01 4.375712e+01 2.746817e+02
      vertex   4.299000e+01 4.035050e+01 2.751503e+02
      vertex   4.299000e+01 4.024536e+01 2.754923e+02
    endloop
  endfacet
  facet normal -1.000000e+00 0.000000e+00 0.000000e+00
    outer loop
      vertex   4.299000e+01 4.375712e+01 2.746817e+02
      vertex   4.299000e+01 4.024536e+01 2.754923e+02
      vertex   4.299000e+01 4.400151e+01 2.752076e+02
    endloop
  endfacet
  facet normal -1.000000e+00 0.000000e+00 0.000000e+00
    outer loop
      vertex   4.299000e+01 4.400151e+01 2.752076e+02
      vertex   4.299000e+01 4.024536e+01 2.754923e+02
      vertex   4.299000e+01 4.422019e+01 2.757447e+02
    endloop
  endfacet
  facet normal -1.000000e+00 -0.000000e+00 0.000000e+00
    outer loop
      vertex   4.299000e+01 4.422019e+01 2.757447e+02
      vertex   4.299000e+01 4.024536e+01 2.754923e+02
      vertex   4.299000e+01 4.011338e+01 2.758249e+02
    endloop
  endfacet
  facet normal -1.000000e+00 0.000000e+00 0.000000e+00
    outer loop
      vertex   4.299000e+01 4.422019e+01 2.757447e+02
      vertex   4.299000e+01 4.011338e+01 2.758249e+02
      vertex   4.299000e+01 4.441268e+01 2.762918e+02
    endloop
  endfacet
  facet normal -1.000000e+00 -0.000000e+00 0.000000e+00
    outer loop
      vertex   4.299000e+01 4.441268e+01 2.762918e+02
      vertex   4.299000e+01 4.011338e+01 2.758249e+02
      vertex   4.299000e+01 4.457851e+01 2.768475e+02
    endloop
  endfacet
  facet normal -1.000000e+00 0.000000e+00 0.000000e+00
    outer loop
      vertex   4.299000e+01 4.457851e+01 2.768475e+02
      vertex   4.299000e+01 4.011338e+01 2.758249e+02
      vertex   4.299000e+01 3.995539e+01 2.761459e+02
    endloop
  endfacet
  facet normal -1.000000e+00 -0.000000e+00 0.000000e+00
    outer loop
      vertex   4.299000e+01 4.457851e+01 2.768475e+02
      vertex   4.299000e+01 3.995539e+01 2.761459e+02
      vertex   4.299000e+01 4.471729e+01 2.774106e+02
    endloop
  endfacet
  facet normal -1.000000e+00 -0.000000e+00 0.000000e+00
    outer loop
      vertex   4.299000e+01 4.471729e+01 2.774106e+02
      vertex   4.299000e+01 3.995539e+01 2.761459e+02
      vertex   4.299000e+01 4.482871e+01 2.779797e+02
    endloop
  endfacet
  facet normal -1.000000e+00 -0.000000e+00 0.000000e+00
    outer loop
      vertex   4.299000e+01 4.482871e+01 2.779797e+02
      vertex   4.299000e+01 3.995539e+01 2.761459e+02
      vertex   4.299000e+01 4.491251e+01 2.785536e+02
    endloop
  endfacet
  facet normal -1.000000e+00 -0.000000e+00 0.000000e+00
    outer loop
      vertex   4.299000e+01 4.491251e+01 2.785536e+02
      vertex   4.299000e+01 3.995539e+01 2.761459e+02
      vertex   4.299000e+01 4.496848e+01 2.791308e+02
    endloop
  endfacet
  facet normal -1.000000e+00 0.000000e+00 0.000000e+00
    outer loop
      vertex   4.299000e+01 4.496848e+01 2.791308e+02
      vertex   4.299000e+01 3.995539e+01 2.761459e+02
      vertex   4.299000e+01 3.977239e+01 2.764534e+02
    endloop
  endfacet
  facet normal -1.000000e+00 -0.000000e+00 0.000000e+00
    outer loop
      vertex   4.299000e+01 4.496848e+01 2.791308e+02
      vertex   4.299000e+01 3.977239e+01 2.764534e+02
      vertex   4.299000e+01 4.499650e+01 2.797100e+02
    endloop
  endfacet
  facet normal -1.000000e+00 -0.000000e+00 0.000000e+00
    outer loop
      vertex   4.299000e+01 4.499650e+01 2.797100e+02
      vertex   4.299000e+01 3.977239e+01 2.764534e+02
      vertex   4.299000e+01 4.499650e+01 2.802900e+02
    endloop
  endfacet
  facet normal 1.000000e+00 0.000000e+00 -0.000000e+00
    outer loop
      vertex   4.900000e+01 3.000000e+01 2.610000e+02
      vertex   4.900000e+01 3.000000e+01 2.640000e+02
      vertex   4.900000e+01 0.000000e+00 2.610000e+02
    endloop
  endfacet
  facet normal 1.000000e+00 0.000000e+00 0.000000e+00
    outer loop
      vertex   4.900000e+01 0.000000e+00 2.610000e+02
      vertex   4.900000e+01 3.000000e+01 2.640000e+02
      vertex   4.900000e+01 0.000000e+00 2.640000e+02
    endloop
  endfacet
  facet normal 0.000000e+00 0.000000e+00 -1.000000e+00
    outer loop
      vertex   8.000000e+00 3.000000e+01 2.610000e+02
      vertex   4.900000e+01 3.000000e+01 2.610000e+02
      vertex   8.000000e+00 0.000000e+00 2.610000e+02
    endloop
  endfacet
  facet normal 0.000000e+00 0.000000e+00 -1.000000e+00
    outer loop
      vertex   8.000000e+00 0.000000e+00 2.610000e+02
      vertex   4.900000e+01 3.000000e+01 2.610000e+02
      vertex   4.900000e+01 0.000000e+00 2.610000e+02
    endloop
  endfacet
  facet normal -1.000000e+00 -0.000000e+00 -0.000000e+00
    outer loop
      vertex   8.000000e+00 3.000000e+01 2.750000e+02
      vertex   8.000000e+00 3.000000e+01 2.610000e+02
      vertex   8.000000e+00 0.000000e+00 2.750000e+02
    endloop
  endfacet
  facet normal -1.000000e+00 0.000000e+00 0.000000e+00
    outer loop
      vertex   8.000000e+00 0.000000e+00 2.750000e+02
      vertex   8.000000e+00 3.000000e+01 2.610000e+02
      vertex   8.000000e+00 0.000000e+00 2.610000e+02
    endloop
  endfacet
  facet normal -3.933935e-05 -0.000000e+00 -1.000000e+00
    outer loop
      vertex   4.900000e+01 3.000000e+01 2.640000e+02
      vertex   4.910000e+01 3.000000e+01 2.640000e+02
      vertex   4.900000e+01 0.000000e+00 2.640000e+02
    endloop
  endfacet
  facet normal -3.933935e-05 0.000000e+00 -1.000000e+00
    outer loop
      vertex   4.900000e+01 0.000000e+00 2.640000e+02
      vertex   4.910000e+01 3.000000e+01 2.640000e+02
      vertex   4.910000e+01 0.000000e+00 2.640000e+02
    endloop
  endfacet
  facet normal 0.000000e+00 0.000000e+00 1.000000e+00
    outer loop
      vertex   4.900000e+01 3.000000e+01 2.990000e+02
      vertex   8.000000e+00 3.000000e+01 2.990000e+02
      vertex   4.900000e+01 0.000000e+00 2.990000e+02
    endloop
  endfacet
  facet normal 0.000000e+00 0.000000e+00 1.000000e+00
    outer loop
      vertex   4.900000e+01 0.000000e+00 2.990000e+02
      vertex   8.000000e+00 3.000000e+01 2.990000e+02
      vertex   8.000000e+00 0.000000e+00 2.990000e+02
    endloop
  endfacet
  facet normal 1.000000e+00 0.000000e+00 -0.000000e+00
    outer loop
      vertex   4.900000e+01 3.000000e+01 2.960000e+02
      vertex   4.900000e+01 3.000000e+01 2.990000e+02
      vertex   4.900000e+01 0.000000e+00 2.960000e+02
    endloop
  endfacet
  facet normal 1.000000e+00 0.000000e+00 0.000000e+00
    outer loop
      vertex   4.900000e+01 0.000000e+00 2.960000e+02
      vertex   4.900000e+01 3.000000e+01 2.990000e+02
      vertex   4.900000e+01 0.000000e+00 2.990000e+02
    endloop
  endfacet
  facet normal 4.410776e-05 -0.000000e+00 1.000000e+00
    outer loop
      vertex   4.900000e+01 0.000000e+00 2.960000e+02
      vertex   4.910000e+01 0.000000e+00 2.960000e+02
      vertex   4.900000e+01 3.000000e+01 2.960000e+02
    endloop
  endfacet
  facet normal 4.410776e-05 0.000000e+00 1.000000e+00
    outer loop
      vertex   4.900000e+01 3.000000e+01 2.960000e+02
      vertex   4.910000e+01 0.000000e+00 2.960000e+02
      vertex   4.910000e+01 3.000000e+01 2.960000e+02
    endloop
  endfacet
  facet normal 0.000000e+00 2.379770e-02 -9.997168e-01
    outer loop
      vertex   4.910000e+01 3.300000e+01 2.680000e+02
      vertex   4.610000e+01 3.300000e+01 2.680000e+02
      vertex   4.910000e+01 3.357098e+01 2.680136e+02
    endloop
  endfacet
  facet normal 0.000000e+00 2.379770e-02 -9.997168e-01
    outer loop
      vertex   4.910000e+01 3.357098e+01 2.680136e+02
      vertex   4.610000e+01 3.300000e+01 2.680000e+02
      vertex   4.610000e+01 3.357098e+01 2.680136e+02
    endloop
  endfacet
  facet normal 0.000000e+00 7.133918e-02 -9.974521e-01
    outer loop
      vertex   4.910000e+01 3.357098e+01 2.680136e+02
      vertex   4.610000e+01 3.357098e+01 2.680136e+02
      vertex   4.610000e+01 3.414067e+01 2.680543e+02
    endloop
  endfacet
  facet normal 0.000000e+00 7.133918e-02 -9.974521e-01
    outer loop
      vertex   4.910000e+01 3.357098e+01 2.680136e+02
      vertex   4.610000e+01 3.414067e+01 2.680543e+02
      vertex   4.910000e+01 3.414067e+01 2.680543e+02
    endloop
  endfacet
  facet normal 0.000000e+00 1.187191e-01 -9.929279e-01
    outer loop
      vertex   4.910000e+01 3.414067e+01 2.680543e+02
      vertex   4.610000e+01 3.414067e+01 2.680543e+02
      vertex   4.610000e+01 3.470778e+01 2.681221e+02
    endloop
  endfacet
  facet normal 0.000000e+00 1.187191e-01 -9.929279e-01
    outer loop
      vertex   4.910000e+01 3.414067e+01 2.680543e+02
      vertex   4.610000e+01 3.470778e+01 2.681221e+02
      vertex   4.910000e+01 3.470778e+01 2.681221e+02
    endloop
  endfacet
  facet normal 0.000000e+00 1.658300e-01 -9.861544e-01
    outer loop
      vertex   4.910000e+01 3.470778e+01 2.681221e+02
      vertex   4.610000e+01 3.470778e+01 2.681221e+02
      vertex   4.610000e+01 3.527101e+01 2.682169e+02
    endloop
  endfacet
  facet normal 0.000000e+00 1.658300e-01 -9.861544e-01
    outer loop
      vertex   4.910000e+01 3.470778e+01 2.681221e+02
      vertex   4.610000e+01 3.527101e+01 2.682169e+02
      vertex   4.910000e+01 3.527101e+01 2.682169e+02
    endloop
  endfacet
  facet normal 0.000000e+00 2.125653e-01 -9.771469e-01
    outer loop
      vertex   4.910000e+01 3.527101e+01 2.682169e+02
      vertex   4.610000e+01 3.527101e+01 2.682169e+02
      vertex   4.610000e+01 3.582911e+01 2.683383e+02
    endloop
  endfacet
  facet normal 0.000000e+00 2.125653e-01 -9.771469e-01
    outer loop
      vertex   4.910000e+01 3.527101e+01 2.682169e+02
      vertex   4.610000e+01 3.582911e+01 2.683383e+02
      vertex   4.910000e+01 3.582911e+01 2.683383e+02
    endloop
  endfacet
  facet normal 0.000000e+00 2.588190e-01 -9.659258e-01
    outer loop
      vertex   4.910000e+01 3.582911e+01 2.683383e+02
      vertex   4.610000e+01 3.582911e+01 2.683383e+02
      vertex   4.610000e+01 3.638079e+01 2.684861e+02
    endloop
  endfacet
  facet normal 0.000000e+00 2.588190e-01 -9.659258e-01
    outer loop
      vertex   4.910000e+01 3.582911e+01 2.683383e+02
      vertex   4.610000e+01 3.638079e+01 2.684861e+02
      vertex   4.910000e+01 3.638079e+01 2.684861e+02
    endloop
  endfacet
  facet normal 0.000000e+00 3.044865e-01 -9.525167e-01
    outer loop
      vertex   4.910000e+01 3.638079e+01 2.684861e+02
      vertex   4.610000e+01 3.638079e+01 2.684861e+02
      vertex   4.610000e+01 3.692482e+01 2.686600e+02
    endloop
  endfacet
  facet normal 0.000000e+00 3.044865e-01 -9.525167e-01
    outer loop
      vertex   4.910000e+01 3.638079e+01 2.684861e+02
      vertex   4.610000e+01 3.692482e+01 2.686600e+02
      vertex   4.910000e+01 3.692482e+01 2.686600e+02
    endloop
  endfacet
  facet normal 0.000000e+00 3.494642e-01 -9.369497e-01
    outer loop
      vertex   4.910000e+01 3.692482e+01 2.686600e+02
      vertex   4.610000e+01 3.692482e+01 2.686600e+02
      vertex   4.610000e+01 3.745995e+01 2.688596e+02
    endloop
  endfacet
  facet normal 0.000000e+00 3.494642e-01 -9.369497e-01
    outer loop
      vertex   4.910000e+01 3.692482e+01 2.686600e+02
      vertex   4.610000e+01 3.745995e+01 2.688596e+02
      vertex   4.910000e+01 3.745995e+01 2.688596e+02
    endloop
  endfacet
  facet normal 0.000000e+00 3.936502e-01 -9.192603e-01
    outer loop
      vertex   4.910000e+01 3.745995e+01 2.688596e+02
      vertex   4.610000e+01 3.745995e+01 2.688596e+02
      vertex   4.610000e+01 3.798498e+01 2.690844e+02
    endloop
  endfacet
  facet normal 0.000000e+00 3.936502e-01 -9.192603e-01
    outer loop
      vertex   4.910000e+01 3.745995e+01 2.688596e+02
      vertex   4.610000e+01 3.798498e+01 2.690844e+02
      vertex   4.910000e+01 3.798498e+01 2.690844e+02
    endloop
  endfacet
  facet normal 0.000000e+00 4.369445e-01 -8.994885e-01
    outer loop
      vertex   4.910000e+01 3.798498e+01 2.690844e+02
      vertex   4.610000e+01 3.798498e+01 2.690844e+02
      vertex   4.610000e+01 3.849872e+01 2.693340e+02
    endloop
  endfacet
  facet normal 0.000000e+00 4.369445e-01 -8.994885e-01
    outer loop
      vertex   4.910000e+01 3.798498e+01 2.690844e+02
      vertex   4.610000e+01 3.849872e+01 2.693340e+02
      vertex   4.910000e+01 3.849872e+01 2.693340e+02
    endloop
  endfacet
  facet normal 0.000000e+00 4.792490e-01 -8.776790e-01
    outer loop
      vertex   4.910000e+01 3.849872e+01 2.693340e+02
      vertex   4.610000e+01 3.849872e+01 2.693340e+02
      vertex   4.610000e+01 3.900000e+01 2.696077e+02
    endloop
  endfacet
  facet normal 0.000000e+00 4.792490e-01 -8.776790e-01
    outer loop
      vertex   4.910000e+01 3.849872e+01 2.693340e+02
      vertex   4.610000e+01 3.900000e+01 2.696077e+02
      vertex   4.910000e+01 3.900000e+01 2.696077e+02
    endloop
  endfacet
  facet normal 0.000000e+00 5.204678e-01 -8.538813e-01
    outer loop
      vertex   4.910000e+01 3.900000e+01 2.696077e+02
      vertex   4.610000e+01 3.900000e+01 2.696077e+02
      vertex   4.610000e+01 3.948769e+01 2.699050e+02
    endloop
  endfacet
  facet normal 0.000000e+00 5.204678e-01 -8.538813e-01
    outer loop
      vertex   4.910000e+01 3.900000e+01 2.696077e+02
      vertex   4.610000e+01 3.948769e+01 2.699050e+02
      vertex   4.910000e+01 3.948769e+01 2.699050e+02
    endloop
  endfacet
  facet normal 0.000000e+00 5.605076e-01 -8.281493e-01
    outer loop
      vertex   4.910000e+01 3.948769e+01 2.699050e+02
      vertex   4.610000e+01 3.948769e+01 2.699050e+02
      vertex   4.610000e+01 3.996068e+01 2.702251e+02
    endloop
  endfacet
  facet normal 0.000000e+00 5.605076e-01 -8.281493e-01
    outer loop
      vertex   4.910000e+01 3.948769e+01 2.699050e+02
      vertex   4.610000e+01 3.996068e+01 2.702251e+02
      vertex   4.910000e+01 3.996068e+01 2.702251e+02
    endloop
  endfacet
  facet normal 0.000000e+00 5.992777e-01 -8.005412e-01
    outer loop
      vertex   4.910000e+01 3.996068e+01 2.702251e+02
      vertex   4.610000e+01 3.996068e+01 2.702251e+02
      vertex   4.610000e+01 4.041791e+01 2.705674e+02
    endloop
  endfacet
  facet normal 0.000000e+00 5.992777e-01 -8.005412e-01
    outer loop
      vertex   4.910000e+01 3.996068e+01 2.702251e+02
      vertex   4.610000e+01 4.041791e+01 2.705674e+02
      vertex   4.910000e+01 4.041791e+01 2.705674e+02
    endloop
  endfacet
  facet normal 0.000000e+00 6.366902e-01 -7.711197e-01
    outer loop
      vertex   4.910000e+01 4.041791e+01 2.705674e+02
      vertex   4.610000e+01 4.041791e+01 2.705674e+02
      vertex   4.610000e+01 4.085833e+01 2.709310e+02
    endloop
  endfacet
  facet normal 0.000000e+00 6.366902e-01 -7.711197e-01
    outer loop
      vertex   4.910000e+01 4.041791e+01 2.705674e+02
      vertex   4.610000e+01 4.085833e+01 2.709310e+02
      vertex   4.910000e+01 4.085833e+01 2.709310e+02
    endloop
  endfacet
  facet normal 0.000000e+00 6.726604e-01 -7.399514e-01
    outer loop
      vertex   4.910000e+01 4.085833e+01 2.709310e+02
      vertex   4.610000e+01 4.085833e+01 2.709310e+02
      vertex   4.610000e+01 4.128095e+01 2.713152e+02
    endloop
  endfacet
  facet normal 0.000000e+00 6.726604e-01 -7.399514e-01
    outer loop
      vertex   4.910000e+01 4.085833e+01 2.709310e+02
      vertex   4.610000e+01 4.128095e+01 2.713152e+02
      vertex   4.910000e+01 4.128095e+01 2.713152e+02
    endloop
  endfacet
  facet normal 0.000000e+00 7.071068e-01 -7.071068e-01
    outer loop
      vertex   4.910000e+01 4.128095e+01 2.713152e+02
      vertex   4.610000e+01 4.128095e+01 2.713152e+02
      vertex   4.610000e+01 4.168481e+01 2.717191e+02
    endloop
  endfacet
  facet normal 0.000000e+00 7.071068e-01 -7.071068e-01
    outer loop
      vertex   4.910000e+01 4.128095e+01 2.713152e+02
      vertex   4.610000e+01 4.168481e+01 2.717191e+02
      vertex   4.910000e+01 4.168481e+01 2.717191e+02
    endloop
  endfacet
  facet normal 0.000000e+00 7.399514e-01 -6.726604e-01
    outer loop
      vertex   4.910000e+01 4.168481e+01 2.717191e+02
      vertex   4.610000e+01 4.168481e+01 2.717191e+02
      vertex   4.610000e+01 4.206900e+01 2.721417e+02
    endloop
  endfacet
  facet normal 0.000000e+00 7.399514e-01 -6.726604e-01
    outer loop
      vertex   4.910000e+01 4.168481e+01 2.717191e+02
      vertex   4.610000e+01 4.206900e+01 2.721417e+02
      vertex   4.910000e+01 4.206900e+01 2.721417e+02
    endloop
  endfacet
  facet normal 0.000000e+00 7.711197e-01 -6.366902e-01
    outer loop
      vertex   4.910000e+01 4.206900e+01 2.721417e+02
      vertex   4.610000e+01 4.206900e+01 2.721417e+02
      vertex   4.610000e+01 4.243264e+01 2.725821e+02
    endloop
  endfacet
  facet normal 0.000000e+00 7.711197e-01 -6.366902e-01
    outer loop
      vertex   4.910000e+01 4.206900e+01 2.721417e+02
      vertex   4.610000e+01 4.243264e+01 2.725821e+02
      vertex   4.910000e+01 4.243264e+01 2.725821e+02
    endloop
  endfacet
  facet normal 0.000000e+00 8.005413e-01 -5.992777e-01
    outer loop
      vertex   4.910000e+01 4.243264e+01 2.725821e+02
      vertex   4.610000e+01 4.243264e+01 2.725821e+02
      vertex   4.610000e+01 4.277491e+01 2.730393e+02
    endloop
  endfacet
  facet normal 0.000000e+00 8.005413e-01 -5.992777e-01
    outer loop
      vertex   4.910000e+01 4.243264e+01 2.725821e+02
      vertex   4.610000e+01 4.277491e+01 2.730393e+02
      vertex   4.910000e+01 4.277491e+01 2.730393e+02
    endloop
  endfacet
  facet normal 0.000000e+00 8.281493e-01 -5.605076e-01
    outer loop
      vertex   4.910000e+01 4.277491e+01 2.730393e+02
      vertex   4.610000e+01 4.277491e+01 2.730393e+02
      vertex   4.610000e+01 4.309504e+01 2.735123e+02
    endloop
  endfacet
  facet normal 0.000000e+00 8.281493e-01 -5.605076e-01
    outer loop
      vertex   4.910000e+01 4.277491e+01 2.730393e+02
      vertex   4.610000e+01 4.309504e+01 2.735123e+02
      vertex   4.910000e+01 4.309504e+01 2.735123e+02
    endloop
  endfacet
  facet normal 0.000000e+00 8.538813e-01 -5.204678e-01
    outer loop
      vertex   4.910000e+01 4.309504e+01 2.735123e+02
      vertex   4.610000e+01 4.309504e+01 2.735123e+02
      vertex   4.610000e+01 4.339230e+01 2.740000e+02
    endloop
  endfacet
  facet normal 0.000000e+00 8.538813e-01 -5.204678e-01
    outer loop
      vertex   4.910000e+01 4.309504e+01 2.735123e+02
      vertex   4.610000e+01 4.339230e+01 2.740000e+02
      vertex   4.910000e+01 4.339230e+01 2.740000e+02
    endloop
  endfacet
  facet normal 0.000000e+00 8.776790e-01 -4.792490e-01
    outer loop
      vertex   4.910000e+01 4.339230e+01 2.740000e+02
      vertex   4.610000e+01 4.339230e+01 2.740000e+02
      vertex   4.610000e+01 4.366603e+01 2.745013e+02
    endloop
  endfacet
  facet normal 0.000000e+00 8.776790e-01 -4.792490e-01
    outer loop
      vertex   4.910000e+01 4.339230e+01 2.740000e+02
      vertex   4.610000e+01 4.366603e+01 2.745013e+02
      vertex   4.910000e+01 4.366603e+01 2.745013e+02
    endloop
  endfacet
  facet normal 0.000000e+00 8.994885e-01 -4.369445e-01
    outer loop
      vertex   4.910000e+01 4.366603e+01 2.745013e+02
      vertex   4.610000e+01 4.366603e+01 2.745013e+02
      vertex   4.610000e+01 4.391558e+01 2.750150e+02
    endloop
  endfacet
  facet normal 0.000000e+00 8.994885e-01 -4.369445e-01
    outer loop
      vertex   4.910000e+01 4.366603e+01 2.745013e+02
      vertex   4.610000e+01 4.391558e+01 2.750150e+02
      vertex   4.910000e+01 4.391558e+01 2.750150e+02
    endloop
  endfacet
  facet normal 0.000000e+00 9.192603e-01 -3.936502e-01
    outer loop
      vertex   4.910000e+01 4.391558e+01 2.750150e+02
      vertex   4.610000e+01 4.391558e+01 2.750150e+02
      vertex   4.610000e+01 4.414042e+01 2.755401e+02
    endloop
  endfacet
  facet normal 0.000000e+00 9.192603e-01 -3.936502e-01
    outer loop
      vertex   4.910000e+01 4.391558e+01 2.750150e+02
      vertex   4.610000e+01 4.414042e+01 2.755401e+02
      vertex   4.910000e+01 4.414042e+01 2.755401e+02
    endloop
  endfacet
  facet normal 0.000000e+00 9.369497e-01 -3.494642e-01
    outer loop
      vertex   4.910000e+01 4.414042e+01 2.755401e+02
      vertex   4.610000e+01 4.414042e+01 2.755401e+02
      vertex   4.610000e+01 4.434001e+01 2.760752e+02
    endloop
  endfacet
  facet normal 6.625308e-15 9.369497e-01 -3.494642e-01
    outer loop
      vertex   4.910000e+01 4.414042e+01 2.755401e+02
      vertex   4.610000e+01 4.434001e+01 2.760752e+02
      vertex   4.910000e+01 4.434001e+01 2.760752e+02
    endloop
  endfacet
  facet normal 5.769351e-15 9.525167e-01 -3.044865e-01
    outer loop
      vertex   4.910000e+01 4.434001e+01 2.760752e+02
      vertex   4.610000e+01 4.434001e+01 2.760752e+02
      vertex   4.610000e+01 4.451392e+01 2.766192e+02
    endloop
  endfacet
  facet normal 0.000000e+00 9.525167e-01 -3.044865e-01
    outer loop
      vertex   4.910000e+01 4.434001e+01 2.760752e+02
      vertex   4.610000e+01 4.451392e+01 2.766192e+02
      vertex   4.910000e+01 4.451392e+01 2.766192e+02
    endloop
  endfacet
  facet normal 0.000000e+00 9.659258e-01 -2.588190e-01
    outer loop
      vertex   4.910000e+01 4.451392e+01 2.766192e+02
      vertex   4.610000e+01 4.451392e+01 2.766192e+02
      vertex   4.610000e+01 4.466174e+01 2.771709e+02
    endloop
  endfacet
  facet normal 0.000000e+00 9.659258e-01 -2.588190e-01
    outer loop
      vertex   4.910000e+01 4.451392e+01 2.766192e+02
      vertex   4.610000e+01 4.466174e+01 2.771709e+02
      vertex   4.910000e+01 4.466174e+01 2.771709e+02
    endloop
  endfacet
  facet normal 0.000000e+00 9.771469e-01 -2.125653e-01
    outer loop
      vertex   4.910000e+01 4.466174e+01 2.771709e+02
      vertex   4.610000e+01 4.466174e+01 2.771709e+02
      vertex   4.610000e+01 4.478314e+01 2.777290e+02
    endloop
  endfacet
  facet normal 0.000000e+00 9.771469e-01 -2.125653e-01
    outer loop
      vertex   4.910000e+01 4.466174e+01 2.771709e+02
      vertex   4.610000e+01 4.478314e+01 2.777290e+02
      vertex   4.910000e+01 4.478314e+01 2.777290e+02
    endloop
  endfacet
  facet normal 0.000000e+00 9.861544e-01 -1.658300e-01
    outer loop
      vertex   4.910000e+01 4.478314e+01 2.777290e+02
      vertex   4.610000e+01 4.478314e+01 2.777290e+02
      vertex   4.610000e+01 4.487786e+01 2.782922e+02
    endloop
  endfacet
  facet normal 0.000000e+00 9.861544e-01 -1.658300e-01
    outer loop
      vertex   4.910000e+01 4.478314e+01 2.777290e+02
      vertex   4.610000e+01 4.487786e+01 2.782922e+02
      vertex   4.910000e+01 4.487786e+01 2.782922e+02
    endloop
  endfacet
  facet normal 0.000000e+00 9.929279e-01 -1.187190e-01
    outer loop
      vertex   4.910000e+01 4.487786e+01 2.782922e+02
      vertex   4.610000e+01 4.487786e+01 2.782922e+02
      vertex   4.610000e+01 4.494566e+01 2.788593e+02
    endloop
  endfacet
  facet normal 0.000000e+00 9.929279e-01 -1.187190e-01
    outer loop
      vertex   4.910000e+01 4.487786e+01 2.782922e+02
      vertex   4.610000e+01 4.494566e+01 2.788593e+02
      vertex   4.910000e+01 4.494566e+01 2.788593e+02
    endloop
  endfacet
  facet normal 0.000000e+00 9.974521e-01 -7.133915e-02
    outer loop
      vertex   4.910000e+01 4.494566e+01 2.788593e+02
      vertex   4.610000e+01 4.494566e+01 2.788593e+02
      vertex   4.610000e+01 4.498641e+01 2.794290e+02
    endloop
  endfacet
  facet normal 0.000000e+00 9.974521e-01 -7.133915e-02
    outer loop
      vertex   4.910000e+01 4.494566e+01 2.788593e+02
      vertex   4.610000e+01 4.498641e+01 2.794290e+02
      vertex   4.910000e+01 4.498641e+01 2.794290e+02
    endloop
  endfacet
  facet normal 0.000000e+00 9.997168e-01 -2.379767e-02
    outer loop
      vertex   4.910000e+01 4.498641e+01 2.794290e+02
      vertex   4.610000e+01 4.498641e+01 2.794290e+02
      vertex   4.910000e+01 4.500000e+01 2.800000e+02
    endloop
  endfacet
  facet normal 0.000000e+00 9.997168e-01 -2.379767e-02
    outer loop
      vertex   4.910000e+01 4.500000e+01 2.800000e+02
      vertex   4.610000e+01 4.498641e+01 2.794290e+02
      vertex   4.610000e+01 4.500000e+01 2.800000e+02
    endloop
  endfacet
  facet normal 1.000000e+00 3.478790e-14 0.000000e+00
    outer loop
      vertex   4.910000e+01 3.579575e+01 2.845140e+02
      vertex   4.910000e+01 3.579575e+01 2.754860e+02
      vertex   4.910000e+01 3.600000e+01 2.845000e+02
    endloop
  endfacet
  facet normal 1.000000e+00 -5.400273e-17 7.894919e-16
    outer loop
      vertex   4.910000e+01 3.600000e+01 2.845000e+02
      vertex   4.910000e+01 3.579575e+01 2.754860e+02
      vertex   4.910000e+01 3.600000e+01 2.755000e+02
    endloop
  endfacet
  facet normal 1.000000e+00 -3.484190e-14 7.894919e-16
    outer loop
      vertex   4.910000e+01 3.600000e+01 2.845000e+02
      vertex   4.910000e+01 3.600000e+01 2.755000e+02
      vertex   4.910000e+01 3.620425e+01 2.845140e+02
    endloop
  endfacet
  facet normal 1.000000e+00 0.000000e+00 0.000000e+00
    outer loop
      vertex   4.910000e+01 3.620425e+01 2.845140e+02
      vertex   4.910000e+01 3.600000e+01 2.755000e+02
      vertex   4.910000e+01 3.620425e+01 2.754860e+02
    endloop
  endfacet
  facet normal 1.000000e+00 -0.000000e+00 0.000000e+00
    outer loop
      vertex   4.910000e+01 3.620425e+01 2.845140e+02
      vertex   4.910000e+01 3.620425e+01 2.754860e+02
      vertex   4.910000e+01 3.640470e+01 2.845556e+02
    endloop
  endfacet
  facet normal 1.000000e+00 0.000000e+00 0.000000e+00
    outer loop
      vertex   4.910000e+01 3.640470e+01 2.845556e+02
      vertex   4.910000e+01 3.620425e+01 2.754860e+02
      vertex   4.910000e+01 3.640470e+01 2.754444e+02
    endloop
  endfacet
  facet normal 1.000000e+00 -0.000000e+00 0.000000e+00
    outer loop
      vertex   4.910000e+01 3.640470e+01 2.845556e+02
      vertex   4.910000e+01 3.640470e+01 2.754444e+02
      vertex   4.910000e+01 3.659760e+01 2.846242e+02
    endloop
  endfacet
  facet normal 1.000000e+00 0.000000e+00 0.000000e+00
    outer loop
      vertex   4.910000e+01 3.659760e+01 2.846242e+02
      vertex   4.910000e+01 3.640470e+01 2.754444e+02
      vertex   4.910000e+01 3.659760e+01 2.753758e+02
    endloop
  endfacet
  facet normal 1.000000e+00 -0.000000e+00 0.000000e+00
    outer loop
      vertex   4.910000e+01 3.659760e+01 2.846242e+02
      vertex   4.910000e+01 3.659760e+01 2.753758e+02
      vertex   4.910000e+01 3.677938e+01 2.847184e+02
    endloop
  endfacet
  facet normal 1.000000e+00 0.000000e+00 0.000000e+00
    outer loop
      vertex   4.910000e+01 3.677938e+01 2.847184e+02
      vertex   4.910000e+01 3.659760e+01 2.753758e+02
      vertex   4.910000e+01 3.677938e+01 2.752816e+02
    endloop
  endfacet
  facet normal 1.000000e+00 -0.000000e+00 0.000000e+00
    outer loop
      vertex   4.910000e+01 3.677938e+01 2.847184e+02
      vertex   4.910000e+01 3.677938e+01 2.752816e+02
      vertex   4.910000e+01 3.694663e+01 2.848364e+02
    endloop
  endfacet
  facet normal 1.000000e+00 0.000000e+00 0.000000e+00
    outer loop
      vertex   4.910000e+01 3.694663e+01 2.848364e+02
      vertex   4.910000e+01 3.677938e+01 2.752816e+02
      vertex   4.910000e+01 3.694663e+01 2.751636e+02
    endloop
  endfacet
  facet normal 1.000000e+00 -0.000000e+00 0.000000e+00
    outer loop
      vertex   4.910000e+01 3.694663e+01 2.848364e+02
      vertex   4.910000e+01 3.694663e+01 2.751636e+02
      vertex   4.910000e+01 3.709625e+01 2.849762e+02
    endloop
  endfacet
  facet normal 1.000000e+00 0.000000e+00 0.000000e+00
    outer loop
      vertex   4.910000e+01 3.709625e+01 2.849762e+02
      vertex   4.910000e+01 3.694663e+01 2.751636e+02
      vertex   4.910000e+01 3.709625e+01 2.750238e+02
    endloop
  endfacet
  facet normal 1.000000e+00 -0.000000e+00 0.000000e+00
    outer loop
      vertex   4.910000e+01 3.709625e+01 2.849762e+02
      vertex   4.910000e+01 3.709625e+01 2.750238e+02
      vertex   4.910000e+01 3.722546e+01 2.851350e+02
    endloop
  endfacet
  facet normal 1.000000e+00 0.000000e+00 0.000000e+00
    outer loop
      vertex   4.910000e+01 3.722546e+01 2.851350e+02
      vertex   4.910000e+01 3.709625e+01 2.750238e+02
      vertex   4.910000e+01 3.722546e+01 2.748650e+02
    endloop
  endfacet
  facet normal 1.000000e+00 -0.000000e+00 0.000000e+00
    outer loop
      vertex   4.910000e+01 3.722546e+01 2.851350e+02
      vertex   4.910000e+01 3.722546e+01 2.748650e+02
      vertex   4.910000e+01 3.733183e+01 2.853099e+02
    endloop
  endfacet
  facet normal 1.000000e+00 0.000000e+00 0.000000e+00
    outer loop
      vertex   4.910000e+01 3.733183e+01 2.853099e+02
      vertex   4.910000e+01 3.722546e+01 2.748650e+02
      vertex   4.910000e+01 3.733183e+01 2.746901e+02
    endloop
  endfacet
  facet normal 1.000000e+00 -0.000000e+00 0.000000e+00
    outer loop
      vertex   4.910000e+01 3.733183e+01 2.853099e+02
      vertex   4.910000e+01 3.733183e+01 2.746901e+02
      vertex   4.910000e+01 3.741339e+01 2.854977e+02
    endloop
  endfacet
  facet normal 1.000000e+00 0.000000e+00 0.000000e+00
    outer loop
      vertex   4.910000e+01 3.741339e+01 2.854977e+02
      vertex   4.910000e+01 3.733183e+01 2.746901e+02
      vertex   4.910000e+01 3.741339e+01 2.745023e+02
    endloop
  endfacet
  facet normal 1.000000e+00 -0.000000e+00 0.000000e+00
    outer loop
      vertex   4.910000e+01 3.741339e+01 2.854977e+02
      vertex   4.910000e+01 3.741339e+01 2.745023e+02
      vertex   4.910000e+01 3.746863e+01 2.856948e+02
    endloop
  endfacet
  facet normal 1.000000e+00 0.000000e+00 0.000000e+00
    outer loop
      vertex   4.910000e+01 3.746863e+01 2.856948e+02
      vertex   4.910000e+01 3.741339e+01 2.745023e+02
      vertex   4.910000e+01 3.746863e+01 2.743052e+02
    endloop
  endfacet
  facet normal 1.000000e+00 -0.000000e+00 0.000000e+00
    outer loop
      vertex   4.910000e+01 3.746863e+01 2.856948e+02
      vertex   4.910000e+01 3.746863e+01 2.743052e+02
      vertex   4.910000e+01 3.749650e+01 2.858976e+02
    endloop
  endfacet
  facet normal 1.000000e+00 0.000000e+00 0.000000e+00
    outer loop
      vertex   4.910000e+01 3.749650e+01 2.858976e+02
      vertex   4.910000e+01 3.746863e+01 2.743052e+02
      vertex   4.910000e+01 3.749650e+01 2.741024e+02
    endloop
  endfacet
  facet normal 1.000000e+00 -0.000000e+00 0.000000e+00
    outer loop
      vertex   4.910000e+01 3.749650e+01 2.858976e+02
      vertex   4.910000e+01 3.749650e+01 2.741024e+02
      vertex   4.910000e+01 3.798498e+01 2.909156e+02
    endloop
  endfacet
  facet normal 1.000000e+00 0.000000e+00 0.000000e+00
    outer loop
      vertex   4.910000e+01 3.798498e+01 2.909156e+02
      vertex   4.910000e+01 3.749650e+01 2.741024e+02
      vertex   4.910000e+01 3.749650e+01 2.738976e+02
    endloop
  endfacet
  facet normal 1.000000e+00 0.000000e+00 0.000000e+00
    outer loop
      vertex   4.910000e+01 3.798498e+01 2.909156e+02
      vertex   4.910000e+01 3.749650e+01 2.738976e+02
      vertex   4.910000e+01 3.745995e+01 2.688596e+02
    endloop
  endfacet
  facet normal 1.000000e+00 0.000000e+00 0.000000e+00
    outer loop
      vertex   4.910000e+01 3.745995e+01 2.688596e+02
      vertex   4.910000e+01 3.749650e+01 2.738976e+02
      vertex   4.910000e+01 3.746863e+01 2.736948e+02
    endloop
  endfacet
  facet normal 1.000000e+00 0.000000e+00 -0.000000e+00
    outer loop
      vertex   4.910000e+01 3.745995e+01 2.688596e+02
      vertex   4.910000e+01 3.746863e+01 2.736948e+02
      vertex   4.910000e+01 3.741339e+01 2.734977e+02
    endloop
  endfacet
  facet normal 1.000000e+00 0.000000e+00 -0.000000e+00
    outer loop
      vertex   4.910000e+01 3.579575e+01 2.754860e+02
      vertex   4.910000e+01 3.579575e+01 2.845140e+02
      vertex   4.910000e+01 3.559531e+01 2.754444e+02
    endloop
  endfacet
  facet normal 1.000000e+00 0.000000e+00 0.000000e+00
    outer loop
      vertex   4.910000e+01 3.559531e+01 2.754444e+02
      vertex   4.910000e+01 3.579575e+01 2.845140e+02
      vertex   4.910000e+01 3.559531e+01 2.845556e+02
    endloop
  endfacet
  facet normal 1.000000e+00 0.000000e+00 -0.000000e+00
    outer loop
      vertex   4.910000e+01 3.559531e+01 2.754444e+02
      vertex   4.910000e+01 3.559531e+01 2.845556e+02
      vertex   4.910000e+01 3.540240e+01 2.753758e+02
    endloop
  endfacet
  facet normal 1.000000e+00 0.000000e+00 0.000000e+00
    outer loop
      vertex   4.910000e+01 3.540240e+01 2.753758e+02
      vertex   4.910000e+01 3.559531e+01 2.845556e+02
      vertex   4.910000e+01 3.540240e+01 2.846242e+02
    endloop
  endfacet
  facet normal 1.000000e+00 0.000000e+00 -0.000000e+00
    outer loop
      vertex   4.910000e+01 3.540240e+01 2.753758e+02
      vertex   4.910000e+01 3.540240e+01 2.846242e+02
      vertex   4.910000e+01 3.522062e+01 2.752816e+02
    endloop
  endfacet
  facet normal 1.000000e+00 0.000000e+00 0.000000e+00
    outer loop
      vertex   4.910000e+01 3.522062e+01 2.752816e+02
      vertex   4.910000e+01 3.540240e+01 2.846242e+02
      vertex   4.910000e+01 3.522062e+01 2.847184e+02
    endloop
  endfacet
  facet normal 1.000000e+00 0.000000e+00 -0.000000e+00
    outer loop
      vertex   4.910000e+01 3.522062e+01 2.752816e+02
      vertex   4.910000e+01 3.522062e+01 2.847184e+02
      vertex   4.910000e+01 3.505337e+01 2.751636e+02
    endloop
  endfacet
  facet normal 1.000000e+00 0.000000e+00 0.000000e+00
    outer loop
      vertex   4.910000e+01 3.505337e+01 2.751636e+02
      vertex   4.910000e+01 3.522062e+01 2.847184e+02
      vertex   4.910000e+01 3.505337e+01 2.848364e+02
    endloop
  endfacet
  facet normal 1.000000e+00 0.000000e+00 -0.000000e+00
    outer loop
      vertex   4.910000e+01 3.505337e+01 2.751636e+02
      vertex   4.910000e+01 3.505337e+01 2.848364e+02
      vertex   4.910000e+01 3.490375e+01 2.750238e+02
    endloop
  endfacet
  facet normal 1.000000e+00 0.000000e+00 0.000000e+00
    outer loop
      vertex   4.910000e+01 3.490375e+01 2.750238e+02
      vertex   4.910000e+01 3.505337e+01 2.848364e+02
      vertex   4.910000e+01 3.490375e+01 2.849762e+02
    endloop
  endfacet
  facet normal 1.000000e+00 0.000000e+00 -0.000000e+00
    outer loop
      vertex   4.910000e+01 3.490375e+01 2.750238e+02
      vertex   4.910000e+01 3.490375e+01 2.849762e+02
      vertex   4.910000e+01 3.477455e+01 2.748650e+02
    endloop
  endfacet
  facet normal 1.000000e+00 0.000000e+00 0.000000e+00
    outer loop
      vertex   4.910000e+01 3.477455e+01 2.748650e+02
      vertex   4.910000e+01 3.490375e+01 2.849762e+02
      vertex   4.910000e+01 3.477455e+01 2.851350e+02
    endloop
  endfacet
  facet normal 1.000000e+00 0.000000e+00 -0.000000e+00
    outer loop
      vertex   4.910000e+01 3.477455e+01 2.748650e+02
      vertex   4.910000e+01 3.477455e+01 2.851350e+02
      vertex   4.910000e+01 3.466817e+01 2.746901e+02
    endloop
  endfacet
  facet normal 1.000000e+00 0.000000e+00 0.000000e+00
    outer loop
      vertex   4.910000e+01 3.466817e+01 2.746901e+02
      vertex   4.910000e+01 3.477455e+01 2.851350e+02
      vertex   4.910000e+01 3.466817e+01 2.853099e+02
    endloop
  endfacet
  facet normal 1.000000e+00 0.000000e+00 -0.000000e+00
    outer loop
      vertex   4.910000e+01 3.466817e+01 2.746901e+02
      vertex   4.910000e+01 3.466817e+01 2.853099e+02
      vertex   4.910000e+01 3.458661e+01 2.745023e+02
    endloop
  endfacet
  facet normal 1.000000e+00 0.000000e+00 0.000000e+00
    outer loop
      vertex   4.910000e+01 3.458661e+01 2.745023e+02
      vertex   4.910000e+01 3.466817e+01 2.853099e+02
      vertex   4.910000e+01 3.458661e+01 2.854977e+02
    endloop
  endfacet
  facet normal 1.000000e+00 0.000000e+00 -0.000000e+00
    outer loop
      vertex   4.910000e+01 3.458661e+01 2.745023e+02
      vertex   4.910000e+01 3.458661e+01 2.854977e+02
      vertex   4.910000e+01 3.453137e+01 2.743052e+02
    endloop
  endfacet
  facet normal 1.000000e+00 0.000000e+00 0.000000e+00
    outer loop
      vertex   4.910000e+01 3.453137e+01 2.743052e+02
      vertex   4.910000e+01 3.458661e+01 2.854977e+02
      vertex   4.910000e+01 3.453137e+01 2.856948e+02
    endloop
  endfacet
  facet normal 1.000000e+00 0.000000e+00 -0.000000e+00
    outer loop
      vertex   4.910000e+01 3.453137e+01 2.743052e+02
      vertex   4.910000e+01 3.453137e+01 2.856948e+02
      vertex   4.910000e+01 3.450350e+01 2.741024e+02
    endloop
  endfacet
  facet normal 1.000000e+00 0.000000e+00 0.000000e+00
    outer loop
      vertex   4.910000e+01 3.450350e+01 2.741024e+02
      vertex   4.910000e+01 3.453137e+01 2.856948e+02
      vertex   4.910000e+01 3.450350e+01 2.858976e+02
    endloop
  endfacet
  facet normal 1.000000e+00 0.000000e+00 -0.000000e+00
    outer loop
      vertex   4.910000e+01 3.450350e+01 2.741024e+02
      vertex   4.910000e+01 3.450350e+01 2.858976e+02
      vertex   4.910000e+01 3.414067e+01 2.680543e+02
    endloop
  endfacet
  facet normal 1.000000e+00 0.000000e+00 0.000000e+00
    outer loop
      vertex   4.910000e+01 3.414067e+01 2.680543e+02
      vertex   4.910000e+01 3.450350e+01 2.858976e+02
      vertex   4.910000e+01 3.450350e+01 2.861024e+02
    endloop
  endfacet
  facet normal 1.000000e+00 0.000000e+00 -0.000000e+00
    outer loop
      vertex   4.910000e+01 3.414067e+01 2.680543e+02
      vertex   4.910000e+01 3.450350e+01 2.861024e+02
      vertex   4.910000e+01 3.357098e+01 2.680136e+02
    endloop
  endfacet
  facet normal 1.000000e+00 0.000000e+00 -0.000000e+00
    outer loop
      vertex   4.910000e+01 3.357098e+01 2.680136e+02
      vertex   4.910000e+01 3.450350e+01 2.861024e+02
      vertex   4.910000e+01 3.300000e+01 2.680000e+02
    endloop
  endfacet
  facet normal 1.000000e+00 0.000000e+00 -0.000000e+00
    outer loop
      vertex   4.910000e+01 3.300000e+01 2.680000e+02
      vertex   4.910000e+01 3.450350e+01 2.861024e+02
      vertex   4.910000e+01 3.000000e+01 2.680000e+02
    endloop
  endfacet
  facet normal 1.000000e+00 0.000000e+00 0.000000e+00
    outer loop
      vertex   4.910000e+01 3.000000e+01 2.680000e+02
      vertex   4.910000e+01 3.450350e+01 2.861024e+02
      vertex   4.910000e+01 3.000000e+01 2.920000e+02
    endloop
  endfacet
  facet normal 1.000000e+00 0.000000e+00 -0.000000e+00
    outer loop
      vertex   4.910000e+01 3.000000e+01 2.680000e+02
      vertex   4.910000e+01 3.000000e+01 2.920000e+02
      vertex   4.910000e+01 0.000000e+00 2.960000e+02
    endloop
  endfacet
  facet normal 1.000000e+00 -0.000000e+00 0.000000e+00
    outer loop
      vertex   4.910000e+01 0.000000e+00 2.960000e+02
      vertex   4.910000e+01 3.000000e+01 2.920000e+02
      vertex   4.910000e+01 3.000000e+01 2.960000e+02
    endloop
  endfacet
  facet normal 1.000000e+00 0.000000e+00 -0.000000e+00
    outer loop
      vertex   4.910000e+01 3.450350e+01 2.861024e+02
      vertex   4.910000e+01 3.453137e+01 2.863052e+02
      vertex   4.910000e+01 3.000000e+01 2.920000e+02
    endloop
  endfacet
  facet normal 1.000000e+00 0.000000e+00 0.000000e+00
    outer loop
      vertex   4.910000e+01 3.000000e+01 2.920000e+02
      vertex   4.910000e+01 3.453137e+01 2.863052e+02
      vertex   4.910000e+01 3.458661e+01 2.865023e+02
    endloop
  endfacet
  facet normal 1.000000e+00 0.000000e+00 0.000000e+00
    outer loop
      vertex   4.910000e+01 3.000000e+01 2.920000e+02
      vertex   4.910000e+01 3.458661e+01 2.865023e+02
      vertex   4.910000e+01 3.466817e+01 2.866901e+02
    endloop
  endfacet
  facet normal 1.000000e+00 0.000000e+00 -0.000000e+00
    outer loop
      vertex   4.910000e+01 3.466817e+01 2.866901e+02
      vertex   4.910000e+01 3.477455e+01 2.868650e+02
      vertex   4.910000e+01 3.000000e+01 2.920000e+02
    endloop
  endfacet
  facet normal 1.000000e+00 0.000000e+00 0.000000e+00
    outer loop
      vertex   4.910000e+01 3.000000e+01 2.920000e+02
      vertex   4.910000e+01 3.477455e+01 2.868650e+02
      vertex   4.910000e+01 3.490375e+01 2.870238e+02
    endloop
  endfacet
  facet normal 1.000000e+00 0.000000e+00 0.000000e+00
    outer loop
      vertex   4.910000e+01 3.000000e+01 2.920000e+02
      vertex   4.910000e+01 3.490375e+01 2.870238e+02
      vertex   4.910000e+01 3.505337e+01 2.871636e+02
    endloop
  endfacet
  facet normal 1.000000e+00 -0.000000e+00 0.000000e+00
    outer loop
      vertex   4.910000e+01 3.000000e+01 2.920000e+02
      vertex   4.910000e+01 3.505337e+01 2.871636e+02
      vertex   4.910000e+01 3.300000e+01 2.920000e+02
    endloop
  endfacet
  facet normal 1.000000e+00 0.000000e+00 0.000000e+00
    outer loop
      vertex   4.910000e+01 3.300000e+01 2.920000e+02
      vertex   4.910000e+01 3.505337e+01 2.871636e+02
      vertex   4.910000e+01 3.522062e+01 2.872816e+02
    endloop
  endfacet
  facet normal 1.000000e+00 0.000000e+00 0.000000e+00
    outer loop
      vertex   4.910000e+01 3.300000e+01 2.920000e+02
      vertex   4.910000e+01 3.522062e+01 2.872816e+02
      vertex   4.910000e+01 3.357098e+01 2.919864e+02
    endloop
  endfacet
  facet normal 1.000000e+00 0.000000e+00 0.000000e+00
    outer loop
      vertex   4.910000e+01 3.357098e+01 2.919864e+02
      vertex   4.910000e+01 3.522062e+01 2.872816e+02
      vertex   4.910000e+01 3.540240e+01 2.873758e+02
    endloop
  endfacet
  facet normal 1.000000e+00 0.000000e+00 0.000000e+00
    outer loop
      vertex   4.910000e+01 3.357098e+01 2.919864e+02
      vertex   4.910000e+01 3.540240e+01 2.873758e+02
      vertex   4.910000e+01 3.414067e+01 2.919457e+02
    endloop
  endfacet
  facet normal 1.000000e+00 0.000000e+00 0.000000e+00
    outer loop
      vertex   4.910000e+01 3.414067e+01 2.919457e+02
      vertex   4.910000e+01 3.540240e+01 2.873758e+02
      vertex   4.910000e+01 3.470778e+01 2.918779e+02
    endloop
  endfacet
  facet normal 1.000000e+00 0.000000e+00 0.000000e+00
    outer loop
      vertex   4.910000e+01 3.470778e+01 2.918779e+02
      vertex   4.910000e+01 3.540240e+01 2.873758e+02
      vertex   4.910000e+01 3.559531e+01 2.874444e+02
    endloop
  endfacet
  facet normal 1.000000e+00 0.000000e+00 0.000000e+00
    outer loop
      vertex   4.910000e+01 3.470778e+01 2.918779e+02
      vertex   4.910000e+01 3.559531e+01 2.874444e+02
      vertex   4.910000e+01 3.527101e+01 2.917831e+02
    endloop
  endfacet
  facet normal 1.000000e+00 0.000000e+00 0.000000e+00
    outer loop
      vertex   4.910000e+01 3.527101e+01 2.917831e+02
      vertex   4.910000e+01 3.559531e+01 2.874444e+02
      vertex   4.910000e+01 3.582911e+01 2.916617e+02
    endloop
  endfacet
  facet normal 1.000000e+00 0.000000e+00 0.000000e+00
    outer loop
      vertex   4.910000e+01 3.582911e+01 2.916617e+02
      vertex   4.910000e+01 3.559531e+01 2.874444e+02
      vertex   4.910000e+01 3.579575e+01 2.874860e+02
    endloop
  endfacet
  facet normal 1.000000e+00 0.000000e+00 0.000000e+00
    outer loop
      vertex   4.910000e+01 3.582911e+01 2.916617e+02
      vertex   4.910000e+01 3.579575e+01 2.874860e+02
      vertex   4.910000e+01 3.638079e+01 2.915139e+02
    endloop
  endfacet
  facet normal 1.000000e+00 0.000000e+00 0.000000e+00
    outer loop
      vertex   4.910000e+01 3.638079e+01 2.915139e+02
      vertex   4.910000e+01 3.579575e+01 2.874860e+02
      vertex   4.910000e+01 3.692482e+01 2.913400e+02
    endloop
  endfacet
  facet normal 1.000000e+00 0.000000e+00 0.000000e+00
    outer loop
      vertex   4.910000e+01 3.692482e+01 2.913400e+02
      vertex   4.910000e+01 3.579575e+01 2.874860e+02
      vertex   4.910000e+01 3.600000e+01 2.875000e+02
    endloop
  endfacet
  facet normal 1.000000e+00 0.000000e+00 0.000000e+00
    outer loop
      vertex   4.910000e+01 3.692482e+01 2.913400e+02
      vertex   4.910000e+01 3.600000e+01 2.875000e+02
      vertex   4.910000e+01 3.745995e+01 2.911404e+02
    endloop
  endfacet
  facet normal 1.000000e+00 0.000000e+00 0.000000e+00
    outer loop
      vertex   4.910000e+01 3.745995e+01 2.911404e+02
      vertex   4.910000e+01 3.600000e+01 2.875000e+02
      vertex   4.910000e+01 3.798498e+01 2.909156e+02
    endloop
  endfacet
  facet normal 1.000000e+00 0.000000e+00 0.000000e+00
    outer loop
      vertex   4.910000e+01 3.798498e+01 2.909156e+02
      vertex   4.910000e+01 3.600000e+01 2.875000e+02
      vertex   4.910000e+01 3.620425e+01 2.874860e+02
    endloop
  endfacet
  facet normal 1.000000e+00 0.000000e+00 0.000000e+00
    outer loop
      vertex   4.910000e+01 3.798498e+01 2.909156e+02
      vertex   4.910000e+01 3.620425e+01 2.874860e+02
      vertex   4.910000e+01 3.640470e+01 2.874444e+02
    endloop
  endfacet
  facet normal 1.000000e+00 -0.000000e+00 0.000000e+00
    outer loop
      vertex   4.910000e+01 3.640470e+01 2.874444e+02
      vertex   4.910000e+01 3.659760e+01 2.873758e+02
      vertex   4.910000e+01 3.798498e+01 2.909156e+02
    endloop
  endfacet
  facet normal 1.000000e+00 0.000000e+00 0.000000e+00
    outer loop
      vertex   4.910000e+01 3.798498e+01 2.909156e+02
      vertex   4.910000e+01 3.659760e+01 2.873758e+02
      vertex   4.910000e+01 3.677938e+01 2.872816e+02
    endloop
  endfacet
  facet normal 1.000000e+00 0.000000e+00 0.000000e+00
    outer loop
      vertex   4.910000e+01 3.798498e+01 2.909156e+02
      vertex   4.910000e+01 3.677938e+01 2.872816e+02
      vertex   4.910000e+01 3.694663e+01 2.871636e+02
    endloop
  endfacet
  facet normal 1.000000e+00 -0.000000e+00 0.000000e+00
    outer loop
      vertex   4.910000e+01 3.694663e+01 2.871636e+02
      vertex   4.910000e+01 3.709625e+01 2.870238e+02
      vertex   4.910000e+01 3.798498e+01 2.909156e+02
    endloop
  endfacet
  facet normal 1.000000e+00 0.000000e+00 0.000000e+00
    outer loop
      vertex   4.910000e+01 3.798498e+01 2.909156e+02
      vertex   4.910000e+01 3.709625e+01 2.870238e+02
      vertex   4.910000e+01 3.722546e+01 2.868650e+02
    endloop
  endfacet
  facet normal 1.000000e+00 0.000000e+00 0.000000e+00
    outer loop
      vertex   4.910000e+01 3.798498e+01 2.909156e+02
      vertex   4.910000e+01 3.722546e+01 2.868650e+02
      vertex   4.910000e+01 3.733183e+01 2.866901e+02
    endloop
  endfacet
  facet normal 1.000000e+00 -0.000000e+00 0.000000e+00
    outer loop
      vertex   4.910000e+01 3.733183e+01 2.866901e+02
      vertex   4.910000e+01 3.741339e+01 2.865023e+02
      vertex   4.910000e+01 3.798498e+01 2.909156e+02
    endloop
  endfacet
  facet normal 1.000000e+00 0.000000e+00 0.000000e+00
    outer loop
      vertex   4.910000e+01 3.798498e+01 2.909156e+02
      vertex   4.910000e+01 3.741339e+01 2.865023e+02
      vertex   4.910000e+01 3.746863e+01 2.863052e+02
    endloop
  endfacet
  facet normal 1.000000e+00 0.000000e+00 0.000000e+00
    outer loop
      vertex   4.910000e+01 3.798498e+01 2.909156e+02
      vertex   4.910000e+01 3.746863e+01 2.863052e+02
      vertex   4.910000e+01 3.749650e+01 2.861024e+02
    endloop
  endfacet
  facet normal 1.000000e+00 -0.000000e+00 0.000000e+00
    outer loop
      vertex   4.910000e+01 3.749650e+01 2.861024e+02
      vertex   4.910000e+01 3.749650e+01 2.858976e+02
      vertex   4.910000e+01 3.798498e+01 2.909156e+02
    endloop
  endfacet
  facet normal 1.000000e+00 -3.500300e-14 3.144648e-15
    outer loop
      vertex   4.910000e+01 3.620425e+01 2.725140e+02
      vertex   4.910000e+01 3.600000e+01 2.725000e+02
      vertex   4.910000e+01 3.582911e+01 2.683383e+02
    endloop
  endfacet
  facet normal 1.000000e+00 3.480692e-14 2.780472e-16
    outer loop
      vertex   4.910000e+01 3.582911e+01 2.683383e+02
      vertex   4.910000e+01 3.600000e+01 2.725000e+02
      vertex   4.910000e+01 3.579575e+01 2.725140e+02
    endloop
  endfacet
  facet normal 1.000000e+00 0.000000e+00 0.000000e+00
    outer loop
      vertex   4.910000e+01 3.582911e+01 2.683383e+02
      vertex   4.910000e+01 3.579575e+01 2.725140e+02
      vertex   4.910000e+01 3.527101e+01 2.682169e+02
    endloop
  endfacet
  facet normal 1.000000e+00 0.000000e+00 0.000000e+00
    outer loop
      vertex   4.910000e+01 3.527101e+01 2.682169e+02
      vertex   4.910000e+01 3.579575e+01 2.725140e+02
      vertex   4.910000e+01 3.559531e+01 2.725556e+02
    endloop
  endfacet
  facet normal 1.000000e+00 0.000000e+00 0.000000e+00
    outer loop
      vertex   4.910000e+01 3.527101e+01 2.682169e+02
      vertex   4.910000e+01 3.559531e+01 2.725556e+02
      vertex   4.910000e+01 3.540240e+01 2.726242e+02
    endloop
  endfacet
  facet normal 1.000000e+00 0.000000e+00 0.000000e+00
    outer loop
      vertex   4.910000e+01 3.540240e+01 2.726242e+02
      vertex   4.910000e+01 3.522062e+01 2.727184e+02
      vertex   4.910000e+01 3.527101e+01 2.682169e+02
    endloop
  endfacet
  facet normal 1.000000e+00 0.000000e+00 0.000000e+00
    outer loop
      vertex   4.910000e+01 3.527101e+01 2.682169e+02
      vertex   4.910000e+01 3.522062e+01 2.727184e+02
      vertex   4.910000e+01 3.470778e+01 2.681221e+02
    endloop
  endfacet
  facet normal 1.000000e+00 0.000000e+00 0.000000e+00
    outer loop
      vertex   4.910000e+01 3.470778e+01 2.681221e+02
      vertex   4.910000e+01 3.522062e+01 2.727184e+02
      vertex   4.910000e+01 3.505337e+01 2.728364e+02
    endloop
  endfacet
  facet normal 1.000000e+00 0.000000e+00 0.000000e+00
    outer loop
      vertex   4.910000e+01 3.470778e+01 2.681221e+02
      vertex   4.910000e+01 3.505337e+01 2.728364e+02
      vertex   4.910000e+01 3.490375e+01 2.729762e+02
    endloop
  endfacet
  facet normal 1.000000e+00 0.000000e+00 0.000000e+00
    outer loop
      vertex   4.910000e+01 3.490375e+01 2.729762e+02
      vertex   4.910000e+01 3.477455e+01 2.731350e+02
      vertex   4.910000e+01 3.470778e+01 2.681221e+02
    endloop
  endfacet
  facet normal 1.000000e+00 0.000000e+00 -0.000000e+00
    outer loop
      vertex   4.910000e+01 3.470778e+01 2.681221e+02
      vertex   4.910000e+01 3.477455e+01 2.731350e+02
      vertex   4.910000e+01 3.466817e+01 2.733099e+02
    endloop
  endfacet
  facet normal 1.000000e+00 0.000000e+00 0.000000e+00
    outer loop
      vertex   4.910000e+01 3.470778e+01 2.681221e+02
      vertex   4.910000e+01 3.466817e+01 2.733099e+02
      vertex   4.910000e+01 3.414067e+01 2.680543e+02
    endloop
  endfacet
  facet normal 1.000000e+00 0.000000e+00 0.000000e+00
    outer loop
      vertex   4.910000e+01 3.414067e+01 2.680543e+02
      vertex   4.910000e+01 3.466817e+01 2.733099e+02
      vertex   4.910000e+01 3.458661e+01 2.734977e+02
    endloop
  endfacet
  facet normal 1.000000e+00 0.000000e+00 0.000000e+00
    outer loop
      vertex   4.910000e+01 3.414067e+01 2.680543e+02
      vertex   4.910000e+01 3.458661e+01 2.734977e+02
      vertex   4.910000e+01 3.453137e+01 2.736948e+02
    endloop
  endfacet
  facet normal 1.000000e+00 0.000000e+00 0.000000e+00
    outer loop
      vertex   4.910000e+01 3.453137e+01 2.736948e+02
      vertex   4.910000e+01 3.450350e+01 2.738976e+02
      vertex   4.910000e+01 3.414067e+01 2.680543e+02
    endloop
  endfacet
  facet normal 1.000000e+00 0.000000e+00 0.000000e+00
    outer loop
      vertex   4.910000e+01 3.414067e+01 2.680543e+02
      vertex   4.910000e+01 3.450350e+01 2.738976e+02
      vertex   4.910000e+01 3.450350e+01 2.741024e+02
    endloop
  endfacet
  facet normal 1.000000e+00 0.000000e+00 0.000000e+00
    outer loop
      vertex   4.910000e+01 3.745995e+01 2.688596e+02
      vertex   4.910000e+01 3.741339e+01 2.734977e+02
      vertex   4.910000e+01 3.692482e+01 2.686600e+02
    endloop
  endfacet
  facet normal 1.000000e+00 0.000000e+00 0.000000e+00
    outer loop
      vertex   4.910000e+01 3.692482e+01 2.686600e+02
      vertex   4.910000e+01 3.741339e+01 2.734977e+02
      vertex   4.910000e+01 3.733183e+01 2.733099e+02
    endloop
  endfacet
  facet normal 1.000000e+00 0.000000e+00 0.000000e+00
    outer loop
      vertex   4.910000e+01 3.692482e+01 2.686600e+02
      vertex   4.910000e+01 3.733183e+01 2.733099e+02
      vertex   4.910000e+01 3.722546e+01 2.731350e+02
    endloop
  endfacet
  facet normal 1.000000e+00 0.000000e+00 0.000000e+00
    outer loop
      vertex   4.910000e+01 3.722546e+01 2.731350e+02
      vertex   4.910000e+01 3.709625e+01 2.729762e+02
      vertex   4.910000e+01 3.692482e+01 2.686600e+02
    endloop
  endfacet
  facet normal 1.000000e+00 0.000000e+00 0.000000e+00
    outer loop
      vertex   4.910000e+01 3.692482e+01 2.686600e+02
      vertex   4.910000e+01 3.709625e+01 2.729762e+02
      vertex   4.910000e+01 3.694663e+01 2.728364e+02
    endloop
  endfacet
  facet normal 1.000000e+00 0.000000e+00 -0.000000e+00
    outer loop
      vertex   4.910000e+01 3.692482e+01 2.686600e+02
      vertex   4.910000e+01 3.694663e+01 2.728364e+02
      vertex   4.910000e+01 3.677938e+01 2.727184e+02
    endloop
  endfacet
  facet normal 1.000000e+00 0.000000e+00 0.000000e+00
    outer loop
      vertex   4.910000e+01 3.692482e+01 2.686600e+02
      vertex   4.910000e+01 3.677938e+01 2.727184e+02
      vertex   4.910000e+01 3.638079e+01 2.684861e+02
    endloop
  endfacet
  facet normal 1.000000e+00 0.000000e+00 0.000000e+00
    outer loop
      vertex   4.910000e+01 3.638079e+01 2.684861e+02
      vertex   4.910000e+01 3.677938e+01 2.727184e+02
      vertex   4.910000e+01 3.659760e+01 2.726242e+02
    endloop
  endfacet
  facet normal 1.000000e+00 0.000000e+00 0.000000e+00
    outer loop
      vertex   4.910000e+01 3.638079e+01 2.684861e+02
      vertex   4.910000e+01 3.659760e+01 2.726242e+02
      vertex   4.910000e+01 3.640470e+01 2.725556e+02
    endloop
  endfacet
  facet normal 1.000000e+00 0.000000e+00 0.000000e+00
    outer loop
      vertex   4.910000e+01 3.640470e+01 2.725556e+02
      vertex   4.910000e+01 3.620425e+01 2.725140e+02
      vertex   4.910000e+01 3.638079e+01 2.684861e+02
    endloop
  endfacet
  facet normal 1.000000e+00 0.000000e+00 0.000000e+00
    outer loop
      vertex   4.910000e+01 3.638079e+01 2.684861e+02
      vertex   4.910000e+01 3.620425e+01 2.725140e+02
      vertex   4.910000e+01 3.582911e+01 2.683383e+02
    endloop
  endfacet
  facet normal 1.000000e+00 0.000000e+00 -0.000000e+00
    outer loop
      vertex   4.910000e+01 3.798498e+01 2.690844e+02
      vertex   4.910000e+01 4.168481e+01 2.717191e+02
      vertex   4.910000e+01 3.745995e+01 2.688596e+02
    endloop
  endfacet
  facet normal 1.000000e+00 0.000000e+00 0.000000e+00
    outer loop
      vertex   4.910000e+01 3.745995e+01 2.688596e+02
      vertex   4.910000e+01 4.168481e+01 2.717191e+02
      vertex   4.910000e+01 4.206900e+01 2.721417e+02
    endloop
  endfacet
  facet normal 1.000000e+00 0.000000e+00 0.000000e+00
    outer loop
      vertex   4.910000e+01 3.745995e+01 2.688596e+02
      vertex   4.910000e+01 4.206900e+01 2.721417e+02
      vertex   4.910000e+01 4.243264e+01 2.725821e+02
    endloop
  endfacet
  facet normal 1.000000e+00 0.000000e+00 -0.000000e+00
    outer loop
      vertex   4.910000e+01 3.849872e+01 2.693340e+02
      vertex   4.910000e+01 3.900000e+01 2.696077e+02
      vertex   4.910000e+01 3.798498e+01 2.690844e+02
    endloop
  endfacet
  facet normal 1.000000e+00 0.000000e+00 0.000000e+00
    outer loop
      vertex   4.910000e+01 3.798498e+01 2.690844e+02
      vertex   4.910000e+01 3.900000e+01 2.696077e+02
      vertex   4.910000e+01 3.948769e+01 2.699050e+02
    endloop
  endfacet
  facet normal 1.000000e+00 0.000000e+00 0.000000e+00
    outer loop
      vertex   4.910000e+01 3.798498e+01 2.690844e+02
      vertex   4.910000e+01 3.948769e+01 2.699050e+02
      vertex   4.910000e+01 3.996068e+01 2.702251e+02
    endloop
  endfacet
  facet normal 1.000000e+00 0.000000e+00 -0.000000e+00
    outer loop
      vertex   4.910000e+01 3.996068e+01 2.702251e+02
      vertex   4.910000e+01 4.041791e+01 2.705674e+02
      vertex   4.910000e+01 3.798498e+01 2.690844e+02
    endloop
  endfacet
  facet normal 1.000000e+00 0.000000e+00 0.000000e+00
    outer loop
      vertex   4.910000e+01 3.798498e+01 2.690844e+02
      vertex   4.910000e+01 4.041791e+01 2.705674e+02
      vertex   4.910000e+01 4.085833e+01 2.709310e+02
    endloop
  endfacet
  facet normal 1.000000e+00 0.000000e+00 0.000000e+00
    outer loop
      vertex   4.910000e+01 3.798498e+01 2.690844e+02
      vertex   4.910000e+01 4.085833e+01 2.709310e+02
      vertex   4.910000e+01 4.128095e+01 2.713152e+02
    endloop
  endfacet
  facet normal 1.000000e+00 0.000000e+00 -0.000000e+00
    outer loop
      vertex   4.910000e+01 4.128095e+01 2.713152e+02
      vertex   4.910000e+01 4.168481e+01 2.717191e+02
      vertex   4.910000e+01 3.798498e+01 2.690844e+02
    endloop
  endfacet
  facet normal 1.000000e+00 0.000000e+00 -0.000000e+00
    outer loop
      vertex   4.910000e+01 4.243264e+01 2.725821e+02
      vertex   4.910000e+01 4.277491e+01 2.730393e+02
      vertex   4.910000e+01 3.745995e+01 2.688596e+02
    endloop
  endfacet
  facet normal 1.000000e+00 0.000000e+00 0.000000e+00
    outer loop
      vertex   4.910000e+01 3.745995e+01 2.688596e+02
      vertex   4.910000e+01 4.277491e+01 2.730393e+02
      vertex   4.910000e+01 4.309504e+01 2.735123e+02
    endloop
  endfacet
  facet normal 1.000000e+00 0.000000e+00 0.000000e+00
    outer loop
      vertex   4.910000e+01 3.745995e+01 2.688596e+02
      vertex   4.910000e+01 4.309504e+01 2.735123e+02
      vertex   4.910000e+01 4.339230e+01 2.740000e+02
    endloop
  endfacet
  facet normal 1.000000e+00 0.000000e+00 -0.000000e+00
    outer loop
      vertex   4.910000e+01 4.339230e+01 2.740000e+02
      vertex   4.910000e+01 4.366603e+01 2.745013e+02
      vertex   4.910000e+01 3.745995e+01 2.688596e+02
    endloop
  endfacet
  facet normal 1.000000e+00 0.000000e+00 0.000000e+00
    outer loop
      vertex   4.910000e+01 3.745995e+01 2.688596e+02
      vertex   4.910000e+01 4.366603e+01 2.745013e+02
      vertex   4.910000e+01 4.391558e+01 2.750150e+02
    endloop
  endfacet
  facet normal 1.000000e+00 0.000000e+00 0.000000e+00
    outer loop
      vertex   4.910000e+01 3.745995e+01 2.688596e+02
      vertex   4.910000e+01 4.391558e+01 2.750150e+02
      vertex   4.910000e+01 4.414042e+01 2.755401e+02
    endloop
  endfacet
  facet normal 1.000000e+00 0.000000e+00 -0.000000e+00
    outer loop
      vertex   4.910000e+01 4.414042e+01 2.755401e+02
      vertex   4.910000e+01 4.434001e+01 2.760752e+02
      vertex   4.910000e+01 3.745995e+01 2.688596e+02
    endloop
  endfacet
  facet normal 1.000000e+00 0.000000e+00 0.000000e+00
    outer loop
      vertex   4.910000e+01 3.745995e+01 2.688596e+02
      vertex   4.910000e+01 4.434001e+01 2.760752e+02
      vertex   4.910000e+01 4.451392e+01 2.766192e+02
    endloop
  endfacet
  facet normal 1.000000e+00 0.000000e+00 0.000000e+00
    outer loop
      vertex   4.910000e+01 3.745995e+01 2.688596e+02
      vertex   4.910000e+01 4.451392e+01 2.766192e+02
      vertex   4.910000e+01 4.466174e+01 2.771709e+02
    endloop
  endfacet
  facet normal 1.000000e+00 0.000000e+00 -0.000000e+00
    outer loop
      vertex   4.910000e+01 4.466174e+01 2.771709e+02
      vertex   4.910000e+01 4.478314e+01 2.777290e+02
      vertex   4.910000e+01 3.745995e+01 2.688596e+02
    endloop
  endfacet
  facet normal 1.000000e+00 0.000000e+00 0.000000e+00
    outer loop
      vertex   4.910000e+01 3.745995e+01 2.688596e+02
      vertex   4.910000e+01 4.478314e+01 2.777290e+02
      vertex   4.910000e+01 4.487786e+01 2.782922e+02
    endloop
  endfacet
  facet normal 1.000000e+00 0.000000e+00 0.000000e+00
    outer loop
      vertex   4.910000e+01 3.745995e+01 2.688596e+02
      vertex   4.910000e+01 4.487786e+01 2.782922e+02
      vertex   4.910000e+01 4.494566e+01 2.788593e+02
    endloop
  endfacet
  facet normal 1.000000e+00 0.000000e+00 -0.000000e+00
    outer loop
      vertex   4.910000e+01 4.494566e+01 2.788593e+02
      vertex   4.910000e+01 4.498641e+01 2.794290e+02
      vertex   4.910000e+01 3.745995e+01 2.688596e+02
    endloop
  endfacet
  facet normal 1.000000e+00 0.000000e+00 0.000000e+00
    outer loop
      vertex   4.910000e+01 3.745995e+01 2.688596e+02
      vertex   4.910000e+01 4.498641e+01 2.794290e+02
      vertex   4.910000e+01 4.500000e+01 2.800000e+02
    endloop
  endfacet
  facet normal 1.000000e+00 0.000000e+00 0.000000e+00
    outer loop
      vertex   4.910000e+01 3.745995e+01 2.688596e+02
      vertex   4.910000e+01 4.500000e+01 2.800000e+02
      vertex   4.910000e+01 4.498641e+01 2.805710e+02
    endloop
  endfacet
  facet normal 1.000000e+00 0.000000e+00 0.000000e+00
    outer loop
      vertex   4.910000e+01 3.745995e+01 2.688596e+02
      vertex   4.910000e+01 4.498641e+01 2.805710e+02
      vertex   4.910000e+01 3.798498e+01 2.909156e+02
    endloop
  endfacet
  facet normal 1.000000e+00 0.000000e+00 0.000000e+00
    outer loop
      vertex   4.910000e+01 3.798498e+01 2.909156e+02
      vertex   4.910000e+01 4.498641e+01 2.805710e+02
      vertex   4.910000e+01 4.494566e+01 2.811407e+02
    endloop
  endfacet
  facet normal 1.000000e+00 0.000000e+00 0.000000e+00
    outer loop
      vertex   4.910000e+01 3.798498e+01 2.909156e+02
      vertex   4.910000e+01 4.494566e+01 2.811407e+02
      vertex   4.910000e+01 4.487786e+01 2.817078e+02
    endloop
  endfacet
  facet normal 1.000000e+00 0.000000e+00 0.000000e+00
    outer loop
      vertex   4.910000e+01 4.487786e+01 2.817078e+02
      vertex   4.910000e+01 4.478314e+01 2.822710e+02
      vertex   4.910000e+01 3.798498e+01 2.909156e+02
    endloop
  endfacet
  facet normal 1.000000e+00 0.000000e+00 0.000000e+00
    outer loop
      vertex   4.910000e+01 3.798498e+01 2.909156e+02
      vertex   4.910000e+01 4.478314e+01 2.822710e+02
      vertex   4.910000e+01 4.466174e+01 2.828291e+02
    endloop
  endfacet
  facet normal 1.000000e+00 0.000000e+00 0.000000e+00
    outer loop
      vertex   4.910000e+01 3.798498e+01 2.909156e+02
      vertex   4.910000e+01 4.466174e+01 2.828291e+02
      vertex   4.910000e+01 4.451392e+01 2.833808e+02
    endloop
  endfacet
  facet normal 1.000000e+00 0.000000e+00 0.000000e+00
    outer loop
      vertex   4.910000e+01 4.451392e+01 2.833808e+02
      vertex   4.910000e+01 4.434001e+01 2.839248e+02
      vertex   4.910000e+01 3.798498e+01 2.909156e+02
    endloop
  endfacet
  facet normal 1.000000e+00 0.000000e+00 0.000000e+00
    outer loop
      vertex   4.910000e+01 3.798498e+01 2.909156e+02
      vertex   4.910000e+01 4.434001e+01 2.839248e+02
      vertex   4.910000e+01 4.414042e+01 2.844600e+02
    endloop
  endfacet
  facet normal 1.000000e+00 0.000000e+00 0.000000e+00
    outer loop
      vertex   4.910000e+01 3.798498e+01 2.909156e+02
      vertex   4.910000e+01 4.414042e+01 2.844600e+02
      vertex   4.910000e+01 4.391558e+01 2.849850e+02
    endloop
  endfacet
  facet normal 1.000000e+00 0.000000e+00 0.000000e+00
    outer loop
      vertex   4.910000e+01 4.391558e+01 2.849850e+02
      vertex   4.910000e+01 4.366603e+01 2.854987e+02
      vertex   4.910000e+01 3.798498e+01 2.909156e+02
    endloop
  endfacet
  facet normal 1.000000e+00 0.000000e+00 0.000000e+00
    outer loop
      vertex   4.910000e+01 3.798498e+01 2.909156e+02
      vertex   4.910000e+01 4.366603e+01 2.854987e+02
      vertex   4.910000e+01 4.339230e+01 2.860000e+02
    endloop
  endfacet
  facet normal 1.000000e+00 0.000000e+00 0.000000e+00
    outer loop
      vertex   4.910000e+01 3.798498e+01 2.909156e+02
      vertex   4.910000e+01 4.339230e+01 2.860000e+02
      vertex   4.910000e+01 4.309504e+01 2.864877e+02
    endloop
  endfacet
  facet normal 1.000000e+00 0.000000e+00 0.000000e+00
    outer loop
      vertex   4.910000e+01 4.309504e+01 2.864877e+02
      vertex   4.910000e+01 4.277491e+01 2.869607e+02
      vertex   4.910000e+01 3.798498e+01 2.909156e+02
    endloop
  endfacet
  facet normal 1.000000e+00 0.000000e+00 0.000000e+00
    outer loop
      vertex   4.910000e+01 3.798498e+01 2.909156e+02
      vertex   4.910000e+01 4.277491e+01 2.869607e+02
      vertex   4.910000e+01 4.243264e+01 2.874179e+02
    endloop
  endfacet
  facet normal 1.000000e+00 0.000000e+00 0.000000e+00
    outer loop
      vertex   4.910000e+01 3.798498e+01 2.909156e+02
      vertex   4.910000e+01 4.243264e+01 2.874179e+02
      vertex   4.910000e+01 4.206899e+01 2.878583e+02
    endloop
  endfacet
  facet normal 1.000000e+00 0.000000e+00 0.000000e+00
    outer loop
      vertex   4.910000e+01 4.206899e+01 2.878583e+02
      vertex   4.910000e+01 4.168481e+01 2.882810e+02
      vertex   4.910000e+01 3.798498e+01 2.909156e+02
    endloop
  endfacet
  facet normal 1.000000e+00 0.000000e+00 0.000000e+00
    outer loop
      vertex   4.910000e+01 3.798498e+01 2.909156e+02
      vertex   4.910000e+01 4.168481e+01 2.882810e+02
      vertex   4.910000e+01 4.128095e+01 2.886848e+02
    endloop
  endfacet
  facet normal 1.000000e+00 0.000000e+00 0.000000e+00
    outer loop
      vertex   4.910000e+01 3.798498e+01 2.909156e+02
      vertex   4.910000e+01 4.128095e+01 2.886848e+02
      vertex   4.910000e+01 4.085833e+01 2.890690e+02
    endloop
  endfacet
  facet normal 1.000000e+00 0.000000e+00 0.000000e+00
    outer loop
      vertex   4.910000e+01 4.085833e+01 2.890690e+02
      vertex   4.910000e+01 4.041791e+01 2.894326e+02
      vertex   4.910000e+01 3.798498e+01 2.909156e+02
    endloop
  endfacet
  facet normal 1.000000e+00 0.000000e+00 0.000000e+00
    outer loop
      vertex   4.910000e+01 3.798498e+01 2.909156e+02
      vertex   4.910000e+01 4.041791e+01 2.894326e+02
      vertex   4.910000e+01 3.996068e+01 2.897749e+02
    endloop
  endfacet
  facet normal 1.000000e+00 0.000000e+00 0.000000e+00
    outer loop
      vertex   4.910000e+01 3.798498e+01 2.909156e+02
      vertex   4.910000e+01 3.996068e+01 2.897749e+02
      vertex   4.910000e+01 3.948769e+01 2.900950e+02
    endloop
  endfacet
  facet normal 1.000000e+00 0.000000e+00 0.000000e+00
    outer loop
      vertex   4.910000e+01 3.948769e+01 2.900950e+02
      vertex   4.910000e+01 3.900000e+01 2.903923e+02
      vertex   4.910000e+01 3.798498e+01 2.909156e+02
    endloop
  endfacet
  facet normal 1.000000e+00 0.000000e+00 0.000000e+00
    outer loop
      vertex   4.910000e+01 3.798498e+01 2.909156e+02
      vertex   4.910000e+01 3.900000e+01 2.903923e+02
      vertex   4.910000e+01 3.849872e+01 2.906660e+02
    endloop
  endfacet
  facet normal 1.000000e+00 0.000000e+00 0.000000e+00
    outer loop
      vertex   4.910000e+01 0.000000e+00 2.960000e+02
      vertex   4.910000e+01 0.000000e+00 2.640000e+02
      vertex   4.910000e+01 3.000000e+01 2.680000e+02
    endloop
  endfacet
  facet normal 1.000000e+00 0.000000e+00 0.000000e+00
    outer loop
      vertex   4.910000e+01 3.000000e+01 2.680000e+02
      vertex   4.910000e+01 0.000000e+00 2.640000e+02
      vertex   4.910000e+01 3.000000e+01 2.640000e+02
    endloop
  endfacet
  facet normal 0.000000e+00 2.379770e-02 9.997168e-01
    outer loop
      vertex   4.910000e+01 3.300000e+01 2.920000e+02
      vertex   4.910000e+01 3.357098e+01 2.919864e+02
      vertex   4.299000e+01 3.300000e+01 2.920000e+02
    endloop
  endfacet
  facet normal -3.422692e-05 2.416375e-02 9.997080e-01
    outer loop
      vertex   4.299000e+01 3.300000e+01 2.920000e+02
      vertex   4.910000e+01 3.357098e+01 2.919864e+02
      vertex   4.299000e+01 3.357976e+01 2.919860e+02
    endloop
  endfacet
  facet normal 3.370045e-05 7.133918e-02 9.974521e-01
    outer loop
      vertex   4.299000e+01 3.357976e+01 2.919860e+02
      vertex   4.910000e+01 3.357098e+01 2.919864e+02
      vertex   4.910000e+01 3.414067e+01 2.919457e+02
    endloop
  endfacet
  facet normal -6.740089e-05 7.243480e-02 9.973731e-01
    outer loop
      vertex   4.299000e+01 3.357976e+01 2.919860e+02
      vertex   4.910000e+01 3.414067e+01 2.919457e+02
      vertex   4.299000e+01 3.415817e+01 2.919440e+02
    endloop
  endfacet
  facet normal 6.634794e-05 1.187191e-01 9.929279e-01
    outer loop
      vertex   4.299000e+01 3.415817e+01 2.919440e+02
      vertex   4.910000e+01 3.414067e+01 2.919457e+02
      vertex   4.910000e+01 3.470778e+01 2.918779e+02
    endloop
  endfacet
  facet normal -9.952190e-05 1.205367e-01 9.927089e-01
    outer loop
      vertex   4.299000e+01 3.415817e+01 2.919440e+02
      vertex   4.910000e+01 3.470778e+01 2.918779e+02
      vertex   4.299000e+01 3.473387e+01 2.918741e+02
    endloop
  endfacet
  facet normal 9.794246e-05 1.658300e-01 9.861543e-01
    outer loop
      vertex   4.299000e+01 3.473387e+01 2.918741e+02
      vertex   4.910000e+01 3.470778e+01 2.918779e+02
      vertex   4.910000e+01 3.527101e+01 2.917831e+02
    endloop
  endfacet
  facet normal -1.305899e-04 1.683570e-01 9.857261e-01
    outer loop
      vertex   4.299000e+01 3.473387e+01 2.918741e+02
      vertex   4.910000e+01 3.527101e+01 2.917831e+02
      vertex   4.299000e+01 3.530552e+01 2.917764e+02
    endloop
  endfacet
  facet normal 1.284840e-04 2.125653e-01 9.771469e-01
    outer loop
      vertex   4.299000e+01 3.530552e+01 2.917764e+02
      vertex   4.910000e+01 3.527101e+01 2.917831e+02
      vertex   4.910000e+01 3.582911e+01 2.916617e+02
    endloop
  endfacet
  facet normal -1.606050e-04 2.157842e-01 9.764411e-01
    outer loop
      vertex   4.299000e+01 3.530552e+01 2.917764e+02
      vertex   4.910000e+01 3.582911e+01 2.916617e+02
      vertex   4.299000e+01 3.587179e+01 2.916513e+02
    endloop
  endfacet
  facet normal 1.579725e-04 2.588190e-01 9.659258e-01
    outer loop
      vertex   4.299000e+01 3.587179e+01 2.916513e+02
      vertex   4.910000e+01 3.582911e+01 2.916617e+02
      vertex   4.910000e+01 3.638079e+01 2.915139e+02
    endloop
  endfacet
  facet normal -1.895670e-04 2.627074e-01 9.648755e-01
    outer loop
      vertex   4.299000e+01 3.587179e+01 2.916513e+02
      vertex   4.910000e+01 3.638079e+01 2.915139e+02
      vertex   4.299000e+01 3.643135e+01 2.914990e+02
    endloop
  endfacet
  facet normal 1.864080e-04 3.044865e-01 9.525166e-01
    outer loop
      vertex   4.299000e+01 3.643135e+01 2.914990e+02
      vertex   4.910000e+01 3.638079e+01 2.915139e+02
      vertex   4.910000e+01 3.692482e+01 2.913400e+02
    endloop
  endfacet
  facet normal -2.174759e-04 3.090170e-01 9.510565e-01
    outer loop
      vertex   4.299000e+01 3.643135e+01 2.914990e+02
      vertex   4.910000e+01 3.692482e+01 2.913400e+02
      vertex   4.299000e+01 3.698289e+01 2.913197e+02
    endloop
  endfacet
  facet normal 2.137905e-04 3.494642e-01 9.369497e-01
    outer loop
      vertex   4.299000e+01 3.698289e+01 2.913197e+02
      vertex   4.910000e+01 3.692482e+01 2.913400e+02
      vertex   4.910000e+01 3.745995e+01 2.911404e+02
    endloop
  endfacet
  facet normal -2.443319e-04 3.546049e-01 9.350162e-01
    outer loop
      vertex   4.299000e+01 3.698289e+01 2.913197e+02
      vertex   4.910000e+01 3.745995e+01 2.911404e+02
      vertex   4.299000e+01 3.752514e+01 2.911141e+02
    endloop
  endfacet
  facet normal 2.401199e-04 3.936502e-01 9.192603e-01
    outer loop
      vertex   4.299000e+01 3.752514e+01 2.911141e+02
      vertex   4.910000e+01 3.745995e+01 2.911404e+02
      vertex   4.910000e+01 3.798498e+01 2.909156e+02
    endloop
  endfacet
  facet normal -2.701348e-04 3.993646e-01 9.167922e-01
    outer loop
      vertex   4.299000e+01 3.752514e+01 2.911141e+02
      vertex   4.910000e+01 3.798498e+01 2.909156e+02
      vertex   4.299000e+01 3.805681e+01 2.908825e+02
    endloop
  endfacet
  facet normal 2.653962e-04 4.369445e-01 8.994884e-01
    outer loop
      vertex   4.299000e+01 3.805681e+01 2.908825e+02
      vertex   4.910000e+01 3.798498e+01 2.909156e+02
      vertex   4.910000e+01 3.849872e+01 2.906660e+02
    endloop
  endfacet
  facet normal -2.948846e-04 4.431915e-01 8.964269e-01
    outer loop
      vertex   4.299000e+01 3.805681e+01 2.908825e+02
      vertex   4.910000e+01 3.849872e+01 2.906660e+02
      vertex   4.299000e+01 3.857668e+01 2.906255e+02
    endloop
  endfacet
  facet normal 2.896195e-04 4.792490e-01 8.776790e-01
    outer loop
      vertex   4.299000e+01 3.857668e+01 2.906255e+02
      vertex   4.910000e+01 3.849872e+01 2.906660e+02
      vertex   4.910000e+01 3.900000e+01 2.903923e+02
    endloop
  endfacet
  facet normal -3.185813e-04 4.859834e-01 8.739680e-01
    outer loop
      vertex   4.299000e+01 3.857668e+01 2.906255e+02
      vertex   4.910000e+01 3.900000e+01 2.903923e+02
      vertex   4.299000e+01 3.908352e+01 2.903436e+02
    endloop
  endfacet
  facet normal 3.127896e-04 5.204678e-01 8.538813e-01
    outer loop
      vertex   4.299000e+01 3.908352e+01 2.903436e+02
      vertex   4.910000e+01 3.900000e+01 2.903923e+02
      vertex   4.910000e+01 3.948769e+01 2.900950e+02
    endloop
  endfacet
  facet normal -3.412249e-04 5.276402e-01 8.494679e-01
    outer loop
      vertex   4.299000e+01 3.908352e+01 2.903436e+02
      vertex   4.910000e+01 3.948769e+01 2.900950e+02
      vertex   4.299000e+01 3.957615e+01 2.900376e+02
    endloop
  endfacet
  facet normal 3.349067e-04 5.605076e-01 8.281492e-01
    outer loop
      vertex   4.299000e+01 3.957615e+01 2.900376e+02
      vertex   4.910000e+01 3.948769e+01 2.900950e+02
      vertex   4.910000e+01 3.996068e+01 2.897749e+02
    endloop
  endfacet
  facet normal -3.628154e-04 5.680647e-01 8.229838e-01
    outer loop
      vertex   4.299000e+01 3.957615e+01 2.900376e+02
      vertex   4.910000e+01 3.996068e+01 2.897749e+02
      vertex   4.299000e+01 4.005342e+01 2.897082e+02
    endloop
  endfacet
  facet normal 3.559707e-04 5.992776e-01 8.005412e-01
    outer loop
      vertex   4.299000e+01 4.005342e+01 2.897082e+02
      vertex   4.910000e+01 3.996068e+01 2.897749e+02
      vertex   4.910000e+01 4.041791e+01 2.894326e+02
    endloop
  endfacet
  facet normal -3.833528e-04 6.071625e-01 7.945776e-01
    outer loop
      vertex   4.299000e+01 4.005342e+01 2.897082e+02
      vertex   4.910000e+01 4.041791e+01 2.894326e+02
      vertex   4.299000e+01 4.051422e+01 2.893561e+02
    endloop
  endfacet
  facet normal 3.759815e-04 6.366901e-01 7.711197e-01
    outer loop
      vertex   4.299000e+01 4.051422e+01 2.893561e+02
      vertex   4.910000e+01 4.041791e+01 2.894326e+02
      vertex   4.910000e+01 4.085833e+01 2.890690e+02
    endloop
  endfacet
  facet normal -4.028370e-04 6.448422e-01 7.643157e-01
    outer loop
      vertex   4.299000e+01 4.051422e+01 2.893561e+02
      vertex   4.910000e+01 4.085833e+01 2.890690e+02
      vertex   4.299000e+01 4.095747e+01 2.889821e+02
    endloop
  endfacet
  facet normal 3.949391e-04 6.726603e-01 7.399513e-01
    outer loop
      vertex   4.299000e+01 4.095747e+01 2.889821e+02
      vertex   4.910000e+01 4.085833e+01 2.890690e+02
      vertex   4.910000e+01 4.128095e+01 2.886848e+02
    endloop
  endfacet
  facet normal -4.212681e-04 6.810158e-01 7.322686e-01
    outer loop
      vertex   4.299000e+01 4.095747e+01 2.889821e+02
      vertex   4.910000e+01 4.128095e+01 2.886848e+02
      vertex   4.299000e+01 4.138214e+01 2.885872e+02
    endloop
  endfacet
  facet normal 4.128437e-04 7.071067e-01 7.071067e-01
    outer loop
      vertex   4.299000e+01 4.138214e+01 2.885872e+02
      vertex   4.910000e+01 4.128095e+01 2.886848e+02
      vertex   4.910000e+01 4.168481e+01 2.882810e+02
    endloop
  endfacet
  facet normal -4.386461e-04 7.155989e-01 6.985113e-01
    outer loop
      vertex   4.299000e+01 4.138214e+01 2.885872e+02
      vertex   4.910000e+01 4.168481e+01 2.882810e+02
      vertex   4.299000e+01 4.178722e+01 2.881722e+02
    endloop
  endfacet
  facet normal 4.296950e-04 7.399513e-01 6.726603e-01
    outer loop
      vertex   4.299000e+01 4.178722e+01 2.881722e+02
      vertex   4.910000e+01 4.168481e+01 2.882810e+02
      vertex   4.910000e+01 4.206899e+01 2.878583e+02
    endloop
  endfacet
  facet normal -4.549708e-04 7.485107e-01 6.631226e-01
    outer loop
      vertex   4.299000e+01 4.178722e+01 2.881722e+02
      vertex   4.910000e+01 4.206899e+01 2.878583e+02
      vertex   4.299000e+01 4.217179e+01 2.877381e+02
    endloop
  endfacet
  facet normal 4.454932e-04 7.711196e-01 6.366901e-01
    outer loop
      vertex   4.299000e+01 4.217179e+01 2.877381e+02
      vertex   4.910000e+01 4.206899e+01 2.878583e+02
      vertex   4.910000e+01 4.243264e+01 2.874179e+02
    endloop
  endfacet
  facet normal -4.702425e-04 7.796743e-01 6.261851e-01
    outer loop
      vertex   4.299000e+01 4.217179e+01 2.877381e+02
      vertex   4.910000e+01 4.243264e+01 2.874179e+02
      vertex   4.299000e+01 4.253493e+01 2.872860e+02
    endloop
  endfacet
  facet normal 4.602383e-04 8.005412e-01 5.992776e-01
    outer loop
      vertex   4.299000e+01 4.253493e+01 2.872860e+02
      vertex   4.910000e+01 4.243264e+01 2.874179e+02
      vertex   4.910000e+01 4.277491e+01 2.869607e+02
    endloop
  endfacet
  facet normal -4.844609e-04 8.090169e-01 5.877852e-01
    outer loop
      vertex   4.299000e+01 4.253493e+01 2.872860e+02
      vertex   4.910000e+01 4.277491e+01 2.869607e+02
      vertex   4.299000e+01 4.287581e+01 2.868168e+02
    endloop
  endfacet
  facet normal 4.739301e-04 8.281492e-01 5.605075e-01
    outer loop
      vertex   4.299000e+01 4.287581e+01 2.868168e+02
      vertex   4.910000e+01 4.277491e+01 2.869607e+02
      vertex   4.910000e+01 4.309504e+01 2.864877e+02
    endloop
  endfacet
  facet normal -4.976261e-04 8.364700e-01 5.480124e-01
    outer loop
      vertex   4.299000e+01 4.287581e+01 2.868168e+02
      vertex   4.910000e+01 4.309504e+01 2.864877e+02
      vertex   4.299000e+01 4.319362e+01 2.863317e+02
    endloop
  endfacet
  facet normal 4.865687e-04 8.538812e-01 5.204677e-01
    outer loop
      vertex   4.299000e+01 4.319362e+01 2.863317e+02
      vertex   4.910000e+01 4.309504e+01 2.864877e+02
      vertex   4.910000e+01 4.339230e+01 2.860000e+02
    endloop
  endfacet
  facet normal -5.097382e-04 8.619696e-01 5.069598e-01
    outer loop
      vertex   4.299000e+01 4.319362e+01 2.863317e+02
      vertex   4.910000e+01 4.339230e+01 2.860000e+02
      vertex   4.299000e+01 4.348762e+01 2.858318e+02
    endloop
  endfacet
  facet normal 4.981542e-04 8.776789e-01 4.792489e-01
    outer loop
      vertex   4.299000e+01 4.348762e+01 2.858318e+02
      vertex   4.910000e+01 4.339230e+01 2.860000e+02
      vertex   4.910000e+01 4.366603e+01 2.854987e+02
    endloop
  endfacet
  facet normal -5.207970e-04 8.854559e-01 4.647231e-01
    outer loop
      vertex   4.299000e+01 4.348762e+01 2.858318e+02
      vertex   4.910000e+01 4.366603e+01 2.854987e+02
      vertex   4.299000e+01 4.375712e+01 2.853183e+02
    endloop
  endfacet
  facet normal 5.086864e-04 8.994883e-01 4.369445e-01
    outer loop
      vertex   4.299000e+01 4.375712e+01 2.853183e+02
      vertex   4.910000e+01 4.366603e+01 2.854987e+02
      vertex   4.910000e+01 4.391558e+01 2.849850e+02
    endloop
  endfacet
  facet normal -5.308027e-04 9.068742e-01 4.214010e-01
    outer loop
      vertex   4.299000e+01 4.375712e+01 2.853183e+02
      vertex   4.910000e+01 4.391558e+01 2.849850e+02
      vertex   4.299000e+01 4.400151e+01 2.847924e+02
    endloop
  endfacet
  facet normal 5.181654e-04 9.192602e-01 3.936502e-01
    outer loop
      vertex   4.299000e+01 4.400151e+01 2.847924e+02
      vertex   4.910000e+01 4.391558e+01 2.849850e+02
      vertex   4.910000e+01 4.414042e+01 2.844600e+02
    endloop
  endfacet
  facet normal -5.397551e-04 9.261745e-01 3.770948e-01
    outer loop
      vertex   4.299000e+01 4.400151e+01 2.847924e+02
      vertex   4.910000e+01 4.414042e+01 2.844600e+02
      vertex   4.299000e+01 4.422019e+01 2.842553e+02
    endloop
  endfacet
  facet normal 5.265913e-04 9.369496e-01 3.494641e-01
    outer loop
      vertex   4.299000e+01 4.422019e+01 2.842553e+02
      vertex   4.910000e+01 4.414042e+01 2.844600e+02
      vertex   4.910000e+01 4.434001e+01 2.839248e+02
    endloop
  endfacet
  facet normal -5.476543e-04 9.433117e-01 3.319078e-01
    outer loop
      vertex   4.299000e+01 4.422019e+01 2.842553e+02
      vertex   4.910000e+01 4.434001e+01 2.839248e+02
      vertex   4.299000e+01 4.441268e+01 2.837082e+02
    endloop
  endfacet
  facet normal 5.339639e-04 9.525165e-01 3.044864e-01
    outer loop
      vertex   4.299000e+01 4.441268e+01 2.837082e+02
      vertex   4.910000e+01 4.434001e+01 2.839248e+02
      vertex   4.910000e+01 4.451392e+01 2.833808e+02
    endloop
  endfacet
  facet normal -5.545003e-04 9.582457e-01 2.859456e-01
    outer loop
      vertex   4.299000e+01 4.441268e+01 2.837082e+02
      vertex   4.910000e+01 4.451392e+01 2.833808e+02
      vertex   4.299000e+01 4.457851e+01 2.831525e+02
    endloop
  endfacet
  facet normal 5.402832e-04 9.659257e-01 2.588190e-01
    outer loop
      vertex   4.299000e+01 4.457851e+01 2.831525e+02
      vertex   4.910000e+01 4.451392e+01 2.833808e+02
      vertex   4.910000e+01 4.466174e+01 2.828291e+02
    endloop
  endfacet
  facet normal -5.602930e-04 9.709417e-01 2.393156e-01
    outer loop
      vertex   4.299000e+01 4.457851e+01 2.831525e+02
      vertex   4.910000e+01 4.466174e+01 2.828291e+02
      vertex   4.299000e+01 4.471729e+01 2.825894e+02
    endloop
  endfacet
  facet normal 5.455494e-04 9.771467e-01 2.125653e-01
    outer loop
      vertex   4.299000e+01 4.471729e+01 2.825894e+02
      vertex   4.910000e+01 4.466174e+01 2.828291e+02
      vertex   4.910000e+01 4.478314e+01 2.822710e+02
    endloop
  endfacet
  facet normal -5.650326e-04 9.813700e-01 1.921267e-01
    outer loop
      vertex   4.299000e+01 4.471729e+01 2.825894e+02
      vertex   4.910000e+01 4.478314e+01 2.822710e+02
      vertex   4.299000e+01 4.482871e+01 2.820203e+02
    endloop
  endfacet
  facet normal 5.497623e-04 9.861542e-01 1.658300e-01
    outer loop
      vertex   4.299000e+01 4.482871e+01 2.820203e+02
      vertex   4.910000e+01 4.478314e+01 2.822710e+02
      vertex   4.910000e+01 4.487786e+01 2.817078e+02
    endloop
  endfacet
  facet normal -5.687189e-04 9.895062e-01 1.444890e-01
    outer loop
      vertex   4.299000e+01 4.482871e+01 2.820203e+02
      vertex   4.910000e+01 4.487786e+01 2.817078e+02
      vertex   4.299000e+01 4.491251e+01 2.814464e+02
    endloop
  endfacet
  facet normal 5.529220e-04 9.929277e-01 1.187190e-01
    outer loop
      vertex   4.299000e+01 4.491251e+01 2.814464e+02
      vertex   4.910000e+01 4.487786e+01 2.817078e+02
      vertex   4.910000e+01 4.494566e+01 2.811407e+02
    endloop
  endfacet
  facet normal -5.713519e-04 9.953315e-01 9.651389e-02
    outer loop
      vertex   4.299000e+01 4.491251e+01 2.814464e+02
      vertex   4.910000e+01 4.494566e+01 2.811407e+02
      vertex   4.299000e+01 4.496848e+01 2.808692e+02
    endloop
  endfacet
  facet normal 5.550284e-04 9.974520e-01 7.133917e-02
    outer loop
      vertex   4.299000e+01 4.496848e+01 2.808692e+02
      vertex   4.910000e+01 4.494566e+01 2.811407e+02
      vertex   4.910000e+01 4.498641e+01 2.805710e+02
    endloop
  endfacet
  facet normal -5.729318e-04 9.988321e-01 4.831336e-02
    outer loop
      vertex   4.299000e+01 4.496848e+01 2.808692e+02
      vertex   4.910000e+01 4.498641e+01 2.805710e+02
      vertex   4.299000e+01 4.499650e+01 2.802900e+02
    endloop
  endfacet
  facet normal 5.560816e-04 9.997166e-01 2.379769e-02
    outer loop
      vertex   4.299000e+01 4.499650e+01 2.802900e+02
      vertex   4.910000e+01 4.498641e+01 2.805710e+02
      vertex   4.910000e+01 4.500000e+01 2.800000e+02
    endloop
  endfacet
  facet normal 0.000000e+00 9.999270e-01 1.208275e-02
    outer loop
      vertex   4.299000e+01 4.499650e+01 2.802900e+02
      vertex   4.910000e+01 4.500000e+01 2.800000e+02
      vertex   4.610000e+01 4.500000e+01 2.800000e+02
    endloop
  endfacet
  facet normal -1.126633e-03 9.999994e-01 -1.490115e-08
    outer loop
      vertex   4.299000e+01 4.499650e+01 2.802900e+02
      vertex   4.610000e+01 4.500000e+01 2.800000e+02
      vertex   4.299000e+01 4.499650e+01 2.797100e+02
    endloop
  endfacet
  facet normal 1.092492e-03 9.997162e-01 -2.379765e-02
    outer loop
      vertex   4.299000e+01 4.499650e+01 2.797100e+02
      vertex   4.610000e+01 4.500000e+01 2.800000e+02
      vertex   4.610000e+01 4.498641e+01 2.794290e+02
    endloop
  endfacet
  facet normal -1.125604e-03 9.988316e-01 -4.831336e-02
    outer loop
      vertex   4.299000e+01 4.499650e+01 2.797100e+02
      vertex   4.610000e+01 4.498641e+01 2.794290e+02
      vertex   4.299000e+01 4.496848e+01 2.791308e+02
    endloop
  endfacet
  facet normal 1.090417e-03 9.974515e-01 -7.133911e-02
    outer loop
      vertex   4.299000e+01 4.496848e+01 2.791308e+02
      vertex   4.610000e+01 4.498641e+01 2.794290e+02
      vertex   4.610000e+01 4.494566e+01 2.788593e+02
    endloop
  endfacet
  facet normal -1.122506e-03 9.953310e-01 -9.651388e-02
    outer loop
      vertex   4.299000e+01 4.496848e+01 2.791308e+02
      vertex   4.610000e+01 4.494566e+01 2.788593e+02
      vertex   4.299000e+01 4.491251e+01 2.785536e+02
    endloop
  endfacet
  facet normal 1.086273e-03 9.929273e-01 -1.187190e-01
    outer loop
      vertex   4.299000e+01 4.491251e+01 2.785536e+02
      vertex   4.610000e+01 4.494566e+01 2.788593e+02
      vertex   4.610000e+01 4.487786e+01 2.782922e+02
    endloop
  endfacet
  facet normal -1.117338e-03 9.895058e-01 -1.444890e-01
    outer loop
      vertex   4.299000e+01 4.491251e+01 2.785536e+02
      vertex   4.610000e+01 4.487786e+01 2.782922e+02
      vertex   4.299000e+01 4.482871e+01 2.779797e+02
    endloop
  endfacet
  facet normal 1.080060e-03 9.861538e-01 -1.658299e-01
    outer loop
      vertex   4.299000e+01 4.482871e+01 2.779797e+02
      vertex   4.610000e+01 4.487786e+01 2.782922e+02
      vertex   4.610000e+01 4.478314e+01 2.777290e+02
    endloop
  endfacet
  facet normal -1.110101e-03 9.813695e-01 -1.921266e-01
    outer loop
      vertex   4.299000e+01 4.482871e+01 2.779797e+02
      vertex   4.610000e+01 4.478314e+01 2.777290e+02
      vertex   4.299000e+01 4.471729e+01 2.774106e+02
    endloop
  endfacet
  facet normal 1.071777e-03 9.771463e-01 -2.125651e-01
    outer loop
      vertex   4.299000e+01 4.471729e+01 2.774106e+02
      vertex   4.610000e+01 4.478314e+01 2.777290e+02
      vertex   4.610000e+01 4.466174e+01 2.771709e+02
    endloop
  endfacet
  facet normal -1.100795e-03 9.709412e-01 -2.393155e-01
    outer loop
      vertex   4.299000e+01 4.471729e+01 2.774106e+02
      vertex   4.610000e+01 4.466174e+01 2.771709e+02
      vertex   4.299000e+01 4.457851e+01 2.768475e+02
    endloop
  endfacet
  facet normal 1.061426e-03 9.659253e-01 -2.588189e-01
    outer loop
      vertex   4.299000e+01 4.457851e+01 2.768475e+02
      vertex   4.610000e+01 4.466174e+01 2.771709e+02
      vertex   4.610000e+01 4.451392e+01 2.766192e+02
    endloop
  endfacet
  facet normal -1.089419e-03 9.582453e-01 -2.859455e-01
    outer loop
      vertex   4.299000e+01 4.457851e+01 2.768475e+02
      vertex   4.610000e+01 4.451392e+01 2.766192e+02
      vertex   4.299000e+01 4.441268e+01 2.762918e+02
    endloop
  endfacet
  facet normal 1.049005e-03 9.525161e-01 -3.044863e-01
    outer loop
      vertex   4.299000e+01 4.441268e+01 2.762918e+02
      vertex   4.610000e+01 4.451392e+01 2.766192e+02
      vertex   4.610000e+01 4.434001e+01 2.760752e+02
    endloop
  endfacet
  facet normal -1.075975e-03 9.433113e-01 -3.319077e-01
    outer loop
      vertex   4.299000e+01 4.441268e+01 2.762918e+02
      vertex   4.610000e+01 4.434001e+01 2.760752e+02
      vertex   4.299000e+01 4.422019e+01 2.757447e+02
    endloop
  endfacet
  facet normal 1.034515e-03 9.369492e-01 -3.494640e-01
    outer loop
      vertex   4.299000e+01 4.422019e+01 2.757447e+02
      vertex   4.610000e+01 4.434001e+01 2.760752e+02
      vertex   4.610000e+01 4.414042e+01 2.755401e+02
    endloop
  endfacet
  facet normal -1.060461e-03 9.261741e-01 -3.770946e-01
    outer loop
      vertex   4.299000e+01 4.422019e+01 2.757447e+02
      vertex   4.610000e+01 4.414042e+01 2.755401e+02
      vertex   4.299000e+01 4.400151e+01 2.752076e+02
    endloop
  endfacet
  facet normal 1.017957e-03 9.192598e-01 -3.936500e-01
    outer loop
      vertex   4.299000e+01 4.400151e+01 2.752076e+02
      vertex   4.610000e+01 4.414042e+01 2.755401e+02
      vertex   4.610000e+01 4.391558e+01 2.750150e+02
    endloop
  endfacet
  facet normal -1.042878e-03 9.068739e-01 -4.214009e-01
    outer loop
      vertex   4.299000e+01 4.400151e+01 2.752076e+02
      vertex   4.610000e+01 4.391558e+01 2.750150e+02
      vertex   4.299000e+01 4.375712e+01 2.746817e+02
    endloop
  endfacet
  facet normal 9.993288e-04 8.994880e-01 -4.369443e-01
    outer loop
      vertex   4.299000e+01 4.375712e+01 2.746817e+02
      vertex   4.610000e+01 4.391558e+01 2.750150e+02
      vertex   4.610000e+01 4.366603e+01 2.745013e+02
    endloop
  endfacet
  facet normal -1.023225e-03 8.854556e-01 -4.647229e-01
    outer loop
      vertex   4.299000e+01 4.375712e+01 2.746817e+02
      vertex   4.610000e+01 4.366603e+01 2.745013e+02
      vertex   4.299000e+01 4.348762e+01 2.741682e+02
    endloop
  endfacet
  facet normal 9.786319e-04 8.776786e-01 -4.792487e-01
    outer loop
      vertex   4.299000e+01 4.348762e+01 2.741682e+02
      vertex   4.610000e+01 4.366603e+01 2.745013e+02
      vertex   4.610000e+01 4.339230e+01 2.740000e+02
    endloop
  endfacet
  facet normal -1.001503e-03 8.619692e-01 -5.069596e-01
    outer loop
      vertex   4.299000e+01 4.348762e+01 2.741682e+02
      vertex   4.610000e+01 4.339230e+01 2.740000e+02
      vertex   4.299000e+01 4.319362e+01 2.736683e+02
    endloop
  endfacet
  facet normal 9.558659e-04 8.538809e-01 -5.204676e-01
    outer loop
      vertex   4.299000e+01 4.319362e+01 2.736683e+02
      vertex   4.610000e+01 4.339230e+01 2.740000e+02
      vertex   4.610000e+01 4.309504e+01 2.735123e+02
    endloop
  endfacet
  facet normal -9.777124e-04 8.364697e-01 -5.480123e-01
    outer loop
      vertex   4.299000e+01 4.319362e+01 2.736683e+02
      vertex   4.610000e+01 4.309504e+01 2.735123e+02
      vertex   4.299000e+01 4.287581e+01 2.731832e+02
    endloop
  endfacet
  facet normal 9.310310e-04 8.281489e-01 -5.605073e-01
    outer loop
      vertex   4.299000e+01 4.287581e+01 2.731832e+02
      vertex   4.610000e+01 4.309504e+01 2.735123e+02
      vertex   4.610000e+01 4.277491e+01 2.730393e+02
    endloop
  endfacet
  facet normal -9.518520e-04 8.090166e-01 -5.877850e-01
    outer loop
      vertex   4.299000e+01 4.287581e+01 2.731832e+02
      vertex   4.610000e+01 4.277491e+01 2.730393e+02
      vertex   4.299000e+01 4.253493e+01 2.727141e+02
    endloop
  endfacet
  facet normal 9.041270e-04 8.005409e-01 -5.992774e-01
    outer loop
      vertex   4.299000e+01 4.253493e+01 2.727141e+02
      vertex   4.610000e+01 4.277491e+01 2.730393e+02
      vertex   4.610000e+01 4.243264e+01 2.725821e+02
    endloop
  endfacet
  facet normal -9.239224e-04 7.796740e-01 -6.261849e-01
    outer loop
      vertex   4.299000e+01 4.253493e+01 2.727141e+02
      vertex   4.610000e+01 4.243264e+01 2.725821e+02
      vertex   4.299000e+01 4.217179e+01 2.722619e+02
    endloop
  endfacet
  facet normal 8.751541e-04 7.711194e-01 -6.366899e-01
    outer loop
      vertex   4.299000e+01 4.217179e+01 2.722619e+02
      vertex   4.610000e+01 4.243264e+01 2.725821e+02
      vertex   4.610000e+01 4.206900e+01 2.721417e+02
    endloop
  endfacet
  facet normal -8.939235e-04 7.485104e-01 -6.631224e-01
    outer loop
      vertex   4.299000e+01 4.217179e+01 2.722619e+02
      vertex   4.610000e+01 4.206900e+01 2.721417e+02
      vertex   4.299000e+01 4.178722e+01 2.718278e+02
    endloop
  endfacet
  facet normal 8.441123e-04 7.399511e-01 -6.726601e-01
    outer loop
      vertex   4.299000e+01 4.178722e+01 2.718278e+02
      vertex   4.610000e+01 4.206900e+01 2.721417e+02
      vertex   4.610000e+01 4.168481e+01 2.717191e+02
    endloop
  endfacet
  facet normal -8.618554e-04 7.155987e-01 -6.985111e-01
    outer loop
      vertex   4.299000e+01 4.178722e+01 2.718278e+02
      vertex   4.610000e+01 4.168481e+01 2.717191e+02
      vertex   4.299000e+01 4.138214e+01 2.714128e+02
    endloop
  endfacet
  facet normal 8.110016e-04 7.071066e-01 -7.071065e-01
    outer loop
      vertex   4.299000e+01 4.138214e+01 2.714128e+02
      vertex   4.610000e+01 4.168481e+01 2.717191e+02
      vertex   4.610000e+01 4.128095e+01 2.713152e+02
    endloop
  endfacet
  facet normal -8.277180e-04 6.810156e-01 -7.322684e-01
    outer loop
      vertex   4.299000e+01 4.138214e+01 2.714128e+02
      vertex   4.610000e+01 4.128095e+01 2.713152e+02
      vertex   4.299000e+01 4.095747e+01 2.710179e+02
    endloop
  endfacet
  facet normal 7.758220e-04 6.726602e-01 -7.399511e-01
    outer loop
      vertex   4.299000e+01 4.095747e+01 2.710179e+02
      vertex   4.610000e+01 4.128095e+01 2.713152e+02
      vertex   4.610000e+01 4.085833e+01 2.709310e+02
    endloop
  endfacet
  facet normal -7.915113e-04 6.448420e-01 -7.643155e-01
    outer loop
      vertex   4.299000e+01 4.095747e+01 2.710179e+02
      vertex   4.610000e+01 4.085833e+01 2.709310e+02
      vertex   4.299000e+01 4.051422e+01 2.706439e+02
    endloop
  endfacet
  facet normal 7.385735e-04 6.366900e-01 -7.711195e-01
    outer loop
      vertex   4.299000e+01 4.051422e+01 2.706439e+02
      vertex   4.610000e+01 4.085833e+01 2.709310e+02
      vertex   4.610000e+01 4.041791e+01 2.705674e+02
    endloop
  endfacet
  facet normal -7.532354e-04 6.071623e-01 -7.945775e-01
    outer loop
      vertex   4.299000e+01 4.051422e+01 2.706439e+02
      vertex   4.610000e+01 4.041791e+01 2.705674e+02
      vertex   4.299000e+01 4.005342e+01 2.702918e+02
    endloop
  endfacet
  facet normal 6.992562e-04 5.992775e-01 -8.005410e-01
    outer loop
      vertex   4.299000e+01 4.005342e+01 2.702918e+02
      vertex   4.610000e+01 4.041791e+01 2.705674e+02
      vertex   4.610000e+01 3.996068e+01 2.702251e+02
    endloop
  endfacet
  facet normal -7.128902e-04 5.680646e-01 -8.229837e-01
    outer loop
      vertex   4.299000e+01 4.005342e+01 2.702918e+02
      vertex   4.610000e+01 3.996068e+01 2.702251e+02
      vertex   4.299000e+01 3.957615e+01 2.699624e+02
    endloop
  endfacet
  facet normal 6.578702e-04 5.605075e-01 -8.281491e-01
    outer loop
      vertex   4.299000e+01 3.957615e+01 2.699624e+02
      vertex   4.610000e+01 3.996068e+01 2.702251e+02
      vertex   4.610000e+01 3.948769e+01 2.699050e+02
    endloop
  endfacet
  facet normal -6.704759e-04 5.276401e-01 -8.494678e-01
    outer loop
      vertex   4.299000e+01 3.957615e+01 2.699624e+02
      vertex   4.610000e+01 3.948769e+01 2.699050e+02
      vertex   4.299000e+01 3.908352e+01 2.696564e+02
    endloop
  endfacet
  facet normal 6.144153e-04 5.204677e-01 -8.538811e-01
    outer loop
      vertex   4.299000e+01 3.908352e+01 2.696564e+02
      vertex   4.610000e+01 3.948769e+01 2.699050e+02
      vertex   4.610000e+01 3.900000e+01 2.696077e+02
    endloop
  endfacet
  facet normal -6.259923e-04 4.859833e-01 -8.739679e-01
    outer loop
      vertex   4.299000e+01 3.908352e+01 2.696564e+02
      vertex   4.610000e+01 3.900000e+01 2.696077e+02
      vertex   4.299000e+01 3.857668e+01 2.693745e+02
    endloop
  endfacet
  facet normal 5.688917e-04 4.792489e-01 -8.776788e-01
    outer loop
      vertex   4.299000e+01 3.857668e+01 2.693745e+02
      vertex   4.610000e+01 3.900000e+01 2.696077e+02
      vertex   4.610000e+01 3.849872e+01 2.693340e+02
    endloop
  endfacet
  facet normal -5.794396e-04 4.431914e-01 -8.964268e-01
    outer loop
      vertex   4.299000e+01 3.857668e+01 2.693745e+02
      vertex   4.610000e+01 3.849872e+01 2.693340e+02
      vertex   4.299000e+01 3.805681e+01 2.691175e+02
    endloop
  endfacet
  facet normal 5.212994e-04 4.369445e-01 -8.994883e-01
    outer loop
      vertex   4.299000e+01 3.805681e+01 2.691175e+02
      vertex   4.610000e+01 3.849872e+01 2.693340e+02
      vertex   4.610000e+01 3.798498e+01 2.690844e+02
    endloop
  endfacet
  facet normal -5.308177e-04 3.993645e-01 -9.167921e-01
    outer loop
      vertex   4.299000e+01 3.805681e+01 2.691175e+02
      vertex   4.610000e+01 3.798498e+01 2.690844e+02
      vertex   4.299000e+01 3.752514e+01 2.688859e+02
    endloop
  endfacet
  facet normal 4.716385e-04 3.936502e-01 -9.192602e-01
    outer loop
      vertex   4.299000e+01 3.752514e+01 2.688859e+02
      vertex   4.610000e+01 3.798498e+01 2.690844e+02
      vertex   4.610000e+01 3.745995e+01 2.688596e+02
    endloop
  endfacet
  facet normal -4.801267e-04 3.546048e-01 -9.350161e-01
    outer loop
      vertex   4.299000e+01 3.752514e+01 2.688859e+02
      vertex   4.610000e+01 3.745995e+01 2.688596e+02
      vertex   4.299000e+01 3.698289e+01 2.686803e+02
    endloop
  endfacet
  facet normal 4.199089e-04 3.494642e-01 -9.369496e-01
    outer loop
      vertex   4.299000e+01 3.698289e+01 2.686803e+02
      vertex   4.610000e+01 3.745995e+01 2.688596e+02
      vertex   4.610000e+01 3.692482e+01 2.686600e+02
    endloop
  endfacet
  facet normal -4.273665e-04 3.090169e-01 -9.510564e-01
    outer loop
      vertex   4.299000e+01 3.698289e+01 2.686803e+02
      vertex   4.610000e+01 3.692482e+01 2.686600e+02
      vertex   4.299000e+01 3.643135e+01 2.685011e+02
    endloop
  endfacet
  facet normal 3.661106e-04 3.044865e-01 -9.525166e-01
    outer loop
      vertex   4.299000e+01 3.643135e+01 2.685011e+02
      vertex   4.610000e+01 3.692482e+01 2.686600e+02
      vertex   4.610000e+01 3.638079e+01 2.684861e+02
    endloop
  endfacet
  facet normal -3.725372e-04 2.627073e-01 -9.648755e-01
    outer loop
      vertex   4.299000e+01 3.643135e+01 2.685011e+02
      vertex   4.610000e+01 3.638079e+01 2.684861e+02
      vertex   4.299000e+01 3.587179e+01 2.683487e+02
    endloop
  endfacet
  facet normal 3.102438e-04 2.588190e-01 -9.659258e-01
    outer loop
      vertex   4.299000e+01 3.587179e+01 2.683487e+02
      vertex   4.610000e+01 3.638079e+01 2.684861e+02
      vertex   4.610000e+01 3.582911e+01 2.683383e+02
    endloop
  endfacet
  facet normal -3.156389e-04 2.157842e-01 -9.764410e-01
    outer loop
      vertex   4.299000e+01 3.587179e+01 2.683487e+02
      vertex   4.610000e+01 3.582911e+01 2.683383e+02
      vertex   4.299000e+01 3.530552e+01 2.682236e+02
    endloop
  endfacet
  facet normal 2.523085e-04 2.125653e-01 -9.771468e-01
    outer loop
      vertex   4.299000e+01 3.530552e+01 2.682236e+02
      vertex   4.610000e+01 3.582911e+01 2.683383e+02
      vertex   4.610000e+01 3.527101e+01 2.682169e+02
    endloop
  endfacet
  facet normal -2.566715e-04 1.683570e-01 -9.857261e-01
    outer loop
      vertex   4.299000e+01 3.530552e+01 2.682236e+02
      vertex   4.610000e+01 3.527101e+01 2.682169e+02
      vertex   4.299000e+01 3.473387e+01 2.681259e+02
    endloop
  endfacet
  facet normal 1.923046e-04 1.658300e-01 -9.861543e-01
    outer loop
      vertex   4.299000e+01 3.473387e+01 2.681259e+02
      vertex   4.610000e+01 3.527101e+01 2.682169e+02
      vertex   4.610000e+01 3.470778e+01 2.681221e+02
    endloop
  endfacet
  facet normal -1.956351e-04 1.205366e-01 -9.927089e-01
    outer loop
      vertex   4.299000e+01 3.473387e+01 2.681259e+02
      vertex   4.610000e+01 3.470778e+01 2.681221e+02
      vertex   4.299000e+01 3.415817e+01 2.680560e+02
    endloop
  endfacet
  facet normal 1.302323e-04 1.187191e-01 -9.929279e-01
    outer loop
      vertex   4.299000e+01 3.415817e+01 2.680560e+02
      vertex   4.610000e+01 3.470778e+01 2.681221e+02
      vertex   4.610000e+01 3.414067e+01 2.680543e+02
    endloop
  endfacet
  facet normal -1.325298e-04 7.243477e-02 -9.973731e-01
    outer loop
      vertex   4.299000e+01 3.415817e+01 2.680560e+02
      vertex   4.610000e+01 3.414067e+01 2.680543e+02
      vertex   4.299000e+01 3.357976e+01 2.680140e+02
    endloop
  endfacet
  facet normal 6.609149e-05 7.133918e-02 -9.974521e-01
    outer loop
      vertex   4.299000e+01 3.357976e+01 2.680140e+02
      vertex   4.610000e+01 3.414067e+01 2.680543e+02
      vertex   4.610000e+01 3.357098e+01 2.680136e+02
    endloop
  endfacet
  facet normal -6.735364e-05 2.416435e-02 -9.997080e-01
    outer loop
      vertex   4.299000e+01 3.357976e+01 2.680140e+02
      vertex   4.610000e+01 3.357098e+01 2.680136e+02
      vertex   4.299000e+01 3.300000e+01 2.680000e+02
    endloop
  endfacet
  facet normal 0.000000e+00 2.379770e-02 -9.997168e-01
    outer loop
      vertex   4.299000e+01 3.300000e+01 2.680000e+02
      vertex   4.610000e+01 3.357098e+01 2.680136e+02
      vertex   4.610000e+01 3.300000e+01 2.680000e+02
    endloop
  endfacet
  facet normal -0.000000e+00 -0.000000e+00 -1.000000e+00
    outer loop
      vertex   4.910000e+01 3.300000e+01 2.680000e+02
      vertex   4.910000e+01 3.000000e+01 2.680000e+02
      vertex   4.610000e+01 3.300000e+01 2.680000e+02
    endloop
  endfacet
  facet normal 0.000000e+00 -0.000000e+00 -1.000000e+00
    outer loop
      vertex   4.610000e+01 3.300000e+01 2.680000e+02
      vertex   4.910000e+01 3.000000e+01 2.680000e+02
      vertex   4.299000e+01 3.000000e+01 2.680000e+02
    endloop
  endfacet
  facet normal -0.000000e+00 0.000000e+00 -1.000000e+00
    outer loop
      vertex   4.610000e+01 3.300000e+01 2.680000e+02
      vertex   4.299000e+01 3.000000e+01 2.680000e+02
      vertex   4.299000e+01 3.300000e+01 2.680000e+02
    endloop
  endfacet
  facet normal 0.000000e+00 0.000000e+00 1.000000e+00
    outer loop
      vertex   4.910000e+01 3.300000e+01 2.920000e+02
      vertex   4.299000e+01 3.300000e+01 2.920000e+02
      vertex   4.910000e+01 3.000000e+01 2.920000e+02
    endloop
  endfacet
  facet normal 0.000000e+00 0.000000e+00 1.000000e+00
    outer loop
      vertex   4.910000e+01 3.000000e+01 2.920000e+02
      vertex   4.299000e+01 3.300000e+01 2.920000e+02
      vertex   4.299000e+01 3.000000e+01 2.920000e+02
    endloop
  endfacet
endsolid
